regime,MAE,RMSE,QLIKE
high,0.32472134149542026,0.4866459168227063,3.741988348098765
low,0.2320252475907597,0.25377778780545196,2.5120843192692415
medium,0.11296277347302155,0.1503024357029523,0.3426344871620391
