Model,MAE,RMSE,Correlation,QLIKE,MSE_var,Log_vol
naive,0.27871824139509205,0.42400034548890464,0.16832716861104893,521213590.7342815,0.8387549497503708,9.880648523211441
roll_mean,0.21438402265968215,0.31666683233189374,,2.1710858330632323,0.445461774867842,5.3096300428064325
har_rv,0.22914011614454388,0.3456834183061014,,2.6997994691470177,0.5954602909508139,2.7097394407748436
ewma,0.2105888791550324,0.31718837737934935,,2.2639315016110944,0.4508479365872239,5.272642916286637
garch,0.22771981036272443,0.34263881592799184,,2.2804248528631543,0.597058925557861,2.7328152451439243
gjr,0.22629796001776634,0.3423540733995827,,2.400928456379405,0.5972207551089642,2.6914632789221145
garch_t,0.22672645680235615,0.3405189164175049,,2.2456483547545805,0.5939512783265356,2.7280926101773026
ridge,0.22568183353632562,0.3349739519426891,,2.231763642710953,0.581610830006082,2.7276727771042517
