Date,Close,Simple,naive,roll_mean,har_rv,ewma,garch,gjr,garch_t,ridge
2010-01-28,106.4800033569336,-0.0004693083914030227,,,,,,,,
2010-01-29,105.95999908447266,-0.004883586176437471,0.007450039751088969,,,,,,,
2010-02-01,108.3499984741211,0.02255567582388429,0.0775245271740381,,,,,,,
2010-02-02,109.12999725341797,0.007198881313165595,0.35806025329793856,,,,,,,
2010-02-03,108.69999694824219,-0.003940257637661704,0.11427869803503753,,,,,,,
2010-02-04,104.37000274658203,-0.03983435439949368,0.06254965086465432,,,,,,,
2010-02-05,104.68000030517578,0.002970178695371306,0.6323507722672317,,,,,,,
2010-02-08,104.04000091552734,-0.006113864996012963,0.04715012506424849,,,,,,,
2010-02-09,105.41000366210938,0.01316803858637372,0.09705459797323923,,,,,,,
2010-02-10,105.12000274658203,-0.002751170718643947,0.20903613212428435,,,,,,,
2010-02-11,107.12999725341797,0.019120951810489784,0.04367348121488841,,,,,,,
2010-02-12,107.04000091552734,-0.0008400666498453724,0.3035356999284372,,,,,,,
2010-02-16,109.62000274658203,0.02410315591356116,0.013335644641260195,,,,,,,
2010-02-17,109.25,-0.0033753214496573536,0.38262573815459205,,,,,,,
2010-02-18,109.9800033569336,0.006681952923877299,0.05358156690417227,,,,,,,
2010-02-19,109.47000122070312,-0.004637226047132237,0.10607271425292143,,,,,,,
2010-02-22,109.06999969482422,-0.0036539830220012615,0.07361368136341791,,,,,,,
2010-02-23,107.88999938964844,-0.010818743086801086,0.058005182226405556,,,,,,,
2010-02-24,107.36000061035156,-0.004912399502225995,0.1717422222358497,,,,,,,
2010-02-25,108.30999755859375,0.008848704758209536,0.07798192454092481,,,0.22016894052675529,,,,
2010-02-26,109.43000030517578,0.010340714355349556,0.14046883329153817,,,0.21621699798556687,,,,
2010-03-01,109.43000030517578,0.0,0.16415375137806312,,,0.2134516105591772,,,,
2010-03-02,111.0199966430664,0.01452980291927708,0.0,0.14519296530382872,,0.20694901460815956,,,,
2010-03-03,111.62999725341797,0.005494511158316229,0.2306534707391247,0.1553385758032849,,0.2084473132047789,,,,
2010-03-04,110.83000183105469,-0.007166491463286184,0.0872226606046451,0.15577940005013066,,0.20322335739459407,,,,
2010-03-05,110.80999755859375,-0.0001804951017815304,0.11376452510833572,0.1446750487687851,,0.198993193455642,,,,
2010-03-08,109.87999725341797,-0.008392747276111279,0.0028652709130753246,0.13961080208142318,,0.1929323357185581,,,,
2010-03-09,109.72000122070312,-0.0014560978951050352,0.13323073265523114,0.14282357852644936,,0.1898803272677301,,,,
2010-03-10,108.47000122070312,-0.011392635673468599,0.023114837490075226,0.11513103603657865,,0.18418285507895088,,,,
2010-03-11,108.5999984741211,0.0011984627266063974,0.18085248461736464,0.12120841601626574,,0.1839847328727801,,,,
2010-03-12,107.94999694824219,-0.0059852811695370045,0.01902500598108552,0.11766161638025875,,0.1784406794024473,,,,
2010-03-15,108.36000061035156,0.003798088686431056,0.09501339300835641,0.11247876460226203,,0.1745630665196054,,,,
2010-03-16,110.4000015258789,0.01882614344810607,0.060292788729987334,0.11323418767113017,,0.16988832085677585,,,,
2010-03-17,109.58999633789062,-0.0073370034129791595,0.29885576226070015,0.11302146323168757,,0.1802476215319031,,,,
2010-03-18,110.33999633789062,0.006843690346403308,0.11647131839504993,0.11770944840231437,,0.1770700054903556,,,,
2010-03-19,108.27999877929688,-0.018669545286964517,0.10864021623909982,0.10525556104251926,,0.1737259952590918,,,,
2010-03-22,107.75,-0.004894706180937014,0.2963698435197967,0.11629139179777491,,0.1834120584692108,,,,
2010-03-23,108.31999969482422,0.005290020369598247,0.07770105177294036,0.11500177077595759,,0.17884023989917835,,,,
2010-03-24,106.30000305175781,-0.018648418101527398,0.08397646997053772,0.11547280662173579,,0.17460791612434612,,,,
2010-03-25,106.77999877929688,0.004515481785126063,0.29603445984838056,0.12629231924091647,,0.18416523286427555,,,,
2010-03-26,108.58999633789062,0.016950717168810137,0.07168105111851336,0.12174408419012846,,0.1794160344048518,,,,
2010-03-29,108.75,0.0014734659499526792,0.2690842930371869,0.13043055548541307,,0.1860190527957514,,,,
2010-03-30,107.97000122070312,-0.007172402568247138,0.023390546813378002,0.12510881519095127,,0.18044314834224257,,,,
2010-03-31,108.94999694824219,0.009076555677125953,0.11385836099053742,0.12282266108242736,,0.17715521324163175,,,,
2010-04-01,110.26000213623047,0.012023912112733903,0.14408585449624045,0.12937201810498375,,0.17534701426577368,,,,
2010-04-05,110.88999938964844,0.0057137424379838375,0.19087368741834682,0.1275638461358575,,0.17631717658846163,,,,
2010-04-06,111.02999877929688,0.0012625069025071767,0.09070284927828677,0.1277220365301139,,0.17238359076939758,,,,
2010-04-07,112.48999786376953,0.013149591106227154,0.020041675755218747,0.12346190701406315,,0.1672041756374006,,,,
2010-04-08,112.6500015258789,0.0014223812352023302,0.20874328745558265,0.1328199986750862,,0.16998302201400461,,,,
2010-04-09,113.63999938964844,0.008788263207809122,0.022579602107221423,0.12779040183199486,,0.16489743603983656,,,,
2010-04-12,113.01000213623047,-0.0055437984583037725,0.13950935342425014,0.13308106164718464,,0.16348536977152545,,,,
2010-04-13,112.69000244140625,-0.002831605068359111,0.08800507223601038,0.12886072472075943,,0.15996409511489879,,,,
2010-04-14,113.02999877929688,0.0030170940680156466,0.04495033693216955,0.13003914885489964,,0.15548129466206415,,,,
2010-04-15,113.6500015258789,0.005485293756329668,0.04789488351634558,0.12789739842344458,,0.15120053638273503,,,,
2010-04-16,111.23999786376953,-0.021205487283346813,0.08707633888430179,0.129114832521368,,0.14813792018889288,,,,
2010-04-19,111.1500015258789,-0.0008090285834133626,0.33662667469007,0.13083169217724844,,0.16561160551359622,,,,
2010-04-20,111.45999908447266,0.002789001838399141,0.012842930611527796,0.12612131091436105,,0.16059722320122816,,,,
2010-04-21,112.30999755859375,0.00762604056256011,0.04427403162303649,0.12319557524999453,,0.15608200218640791,,,,
2010-04-22,111.83999633789062,-0.004184856476894816,0.12105964089975096,0.11522692967635609,,0.1542051300100401,,,,
2010-04-23,113.19000244140625,0.012070870419532032,0.06643253706216962,0.11471472446223015,,0.15039037772729863,,,,
2010-04-26,112.75,-0.0038872906786446837,0.19161912742900594,0.11960757252852415,,0.15317735854225067,,,,
2010-04-27,114.62999725341797,0.016674033289738155,0.06170882645708001,0.10895640737437412,,0.14927820917851653,,,,
2010-04-28,114.30999755859375,-0.0027915877387381105,0.2646920726223561,0.11772963562454879,,0.1585895907995205,,,,
2010-04-29,114.27999877929688,-0.0002624335573229164,0.04431508151830915,0.10751285328278161,,0.15414100167820455,,,,
2010-04-30,115.36000061035156,0.009450488647102961,0.0041660035701267025,0.1066390104080884,,0.1494487297691199,,,,
2010-05-03,115.7300033569336,0.003207374693346088,0.15002185636964213,0.10828280565259316,,0.14948317933179917,,,,
2010-05-04,114.87000274658203,-0.007431094663491455,0.05091549479997481,0.10404778930276289,,0.1454649473433302,,,,
2010-05-05,115.08999633789062,0.0019151526599501256,0.11796497069146561,0.10073375672426828,,0.14396316164170705,,,,
2010-05-06,118.48999786376953,0.02954211168707399,0.030402105965711298,0.09799281384642394,,0.13977598391037252,,,,
2010-05-07,118.2699966430664,-0.0018567071032954408,0.46896648436615546,0.1183984869651029,,0.17765376422961335,,,,
2010-05-10,117.56999969482422,-0.00591863505631729,0.029474311516841104,0.11024989714970555,,0.17239295939978957,,,,
2010-05-11,120.66000366210938,0.026282248662974128,0.0939554187597859,0.11349425245209485,,0.16871819625173823,,,,
2010-05-12,121.4000015258789,0.006132917630615964,0.4172177631467363,0.12611736198493514,,0.1928785101424304,,,,
2010-05-13,120.55999755859375,-0.0069193077160389915,0.09735704917111998,0.12654245184562193,,0.18851709788683962,,,,
2010-05-14,120.37000274658203,-0.0015759357652556094,0.109840604768217,0.12949200947453315,,0.1847438007925748,,,,
2010-05-17,119.36000061035156,-0.008390812604340048,0.025017204702471645,0.12845211498299344,,0.17922055475663745,,,,
2010-05-18,119.48999786376953,0.0010891190746751267,0.13320002069297984,0.130548645974297,,0.17679745909711736,,,,
2010-05-19,116.62999725341797,-0.023935062862853518,0.017289229318363023,0.1160333075483103,,0.1714638040451408,,,,
2010-05-20,115.83999633789062,-0.006773565413114135,0.37995734369884854,0.13272032632500672,,0.19052008007980084,,,,
2010-05-21,115.22000122070312,-0.005352167962601184,0.10752701743397095,0.13559546204368556,,0.18658443243607337,,,,
2010-05-24,116.83999633789062,0.014060016490404337,0.0849630324245399,0.13395470711299415,,0.18209351557529044,,,,
2010-05-25,117.36000061035156,0.0044505673464516615,0.22319584237846224,0.14108031190009834,,0.18481760888236895,,,,
2010-05-26,118.47000122070312,0.009458082861100836,0.07065056635113444,0.13558174094201328,,0.18002107040944038,,,,
2010-05-27,118.69000244140625,0.0018570204983223704,0.15014241077949042,0.13960144932030466,,0.17836954688163473,,,,
2010-05-28,118.87999725341797,0.0016007650863898437,0.029479286508661388,0.12890995904240946,,0.17308638086070693,,,,
2010-06-01,119.91000366210938,0.00866425330155196,0.025411357956134112,0.1280506988804924,,0.16792887110881413,,,,
2010-06-02,119.77999877929688,-0.0010841871306987994,0.13754075719186085,0.1341131876814803,,0.16626228375702798,,,,
2010-06-03,117.95999908447266,-0.015194520899751374,0.01721093713491423,0.12807632771626543,,0.16125238342895917,,,,
2010-06-04,119.19000244140625,0.01042729201831194,0.24120554154909313,0.1367258752957708,,0.1671316788890375,,,,
2010-06-07,121.48999786376953,0.01929688208114566,0.16552812916981294,0.13888783704478658,,0.1670359000208031,,,,
2010-06-08,121.0,-0.0040332362530698385,0.30632850639389964,0.15142994615515878,,0.17848574624262073,,,,
2010-06-09,120.55999755859375,-0.0036363838132748016,0.06402564062635657,0.13302354416698609,,0.17375755774795815,,,,
2010-06-10,118.97000122070312,-0.013188423773133118,0.057725803449035176,0.13430770289117674,,0.16905656936390584,,,,
2010-06-11,120.01000213623047,0.008741707193883563,0.20935973693185417,0.13955335371717983,,0.17174168449528504,,,,
2010-06-14,119.5999984741211,-0.00341641242239088,0.1387702996149612,0.12689665082937188,,0.1699438895194379,,,,
2010-06-15,120.98999786376953,0.011622068623597936,0.05423386587406815,0.12493650613405136,,0.16530138772059355,,,,
2010-06-16,120.33000183105469,-0.0054549635868080815,0.1844946197890013,0.1283298704531779,,0.1665153798880994,,,,
2010-06-17,121.9000015258789,0.013047450103329306,0.0865948623696425,0.13112885489259477,,0.16283012511894232,,,,
2010-06-18,122.83000183105469,0.007629206673786193,0.20712184930160005,0.1344889380111684,,0.16582158573286612,,,,
2010-06-21,120.38999938964844,-0.019864873443235176,0.12110990135731527,0.1392080594674844,,0.1634840875732903,,,,
2010-06-22,121.44999694824219,0.008804697765326885,0.3153450897394298,0.13627113883296538,,0.17632349705486536,,,,
2010-06-23,120.94999694824219,-0.004116920646882183,0.13977024393684648,0.13773674003764155,,0.1743465524243242,,,,
2010-06-24,121.30000305175781,0.0028938082872824733,0.06535408919422452,0.13684542443626357,,0.1697915973780127,,,,
2010-06-25,122.76000213623047,0.012036265851120165,0.04593778242028309,0.12878823989271,,0.16500318826916083,,,,
2010-06-28,121.08999633789062,-0.013603826729219115,0.19106979693553883,0.13426184128291016,,0.16668217975748975,,,,
2010-06-29,121.2699966430664,0.0014865002115740378,0.21595405442596197,0.13725327963047707,,0.17004158704024827,,,,
2010-06-30,121.68000030517578,0.0033809159186846127,0.02359745930201881,0.13698592384835695,,0.1649627329093058,,,,
2010-07-01,117.04000091552734,-0.0381328022519003,0.053670376346753756,0.1382704246842942,,0.16047670114943377,,,,
2010-07-02,118.48999786376953,0.01238890069121501,0.605339469315192,0.159534002508082,,0.21492733121160812,,,,
2010-07-06,116.51000213623047,-0.016710235152637143,0.19666770147858675,0.16769112816006707,,0.2138757193510565,,,,
2010-07-07,117.7300033569336,0.01047121447372934,0.265266759379724,0.16878481987964122,,0.2173021885443522,,,,
2010-07-08,117.20999908447266,-0.004416922259692702,0.16622537653384753,0.1688165129416428,,0.2145807056229065,,,,
2010-07-09,118.36000061035156,0.009811462629993661,0.07011646715671403,0.15807960206722527,,0.20875144457004194,,,,
2010-07-12,117.33999633789062,-0.00861781232849812,0.1557521407006018,0.16224898843423644,,0.20595645033220913,,,,
2010-07-13,118.36000061035156,0.008692724597704427,0.13680352959979497,0.1658434305319982,,0.20247441371712827,,,,
2010-07-14,118.30000305175781,-0.000506907386653932,0.13799272500659943,0.16259947544448664,,0.19919501611931448,,,,
2010-07-15,118.2300033569336,-0.0005917133813900799,0.008046905296967796,0.15665750297548695,,0.19313679178514645,,,,
2010-07-16,116.66999816894531,-0.013194664160489422,0.009393158727523596,0.15461928901428038,,0.1872672021643093,,,,
2010-07-19,115.7300033569336,-0.008056868318884747,0.20945880001003114,0.15575402447887265,,0.18867231922081185,,,,
2010-07-20,116.6500015258789,0.00794952166473073,0.1278988195065845,0.15763147707600636,,0.18558797342398295,,,,
2010-07-21,115.8499984741211,-0.006858148660892516,0.1261947442007862,0.15395297229869664,,0.18257006582317337,,,,
2010-07-22,116.86000061035156,0.008718188601928079,0.10886973486619345,0.15339660109455477,,0.17900579976298894,,,,
2010-07-23,116.08999633789062,-0.006589117477659223,0.13839695354195752,0.14535350399466965,,0.17683244830302425,,,,
2010-07-26,115.5199966430664,-0.004909981159489263,0.10459899723165299,0.1437548109626154,,0.1733493262166983,,,,
2010-07-27,113.51000213623047,-0.01739953744152556,0.07794353454012694,0.14432705847833824,,0.16914934596501624,,,,
2010-07-28,113.77999877929688,0.0023786154346325805,0.2762090939870021,0.15479393627682544,,0.1774043375513587,,,,
2010-07-29,114.29000091552734,0.004482353152593488,0.03775934942818573,0.14782527957194577,,0.172248387949695,,,,
2010-07-30,115.48999786376953,0.010499579478777887,0.07115515038077233,0.14124351120625533,,0.16790807022813148,,,,
2010-08-02,115.54000091552734,0.0004329643491447488,0.1666756570296208,0.14774706564841908,,0.16783438063652623,,,,
2010-08-03,115.98999786376953,0.00389472861932183,0.006873095966363678,0.1456199165402195,,0.16273017830481643,,,,
2010-08-04,116.72000122070312,0.006293675061456394,0.06182690010486909,0.12091479975793211,,0.15849794386630053,,,,
2010-08-05,116.9800033569336,0.0022275713974577727,0.09990899427157664,0.11651667670306803,,0.15560594701178915,,,,
2010-08-06,117.83999633789062,0.007351623835511356,0.035361599671883306,0.10606644217089345,,0.15111401213848719,,,,
2010-08-09,117.4000015258789,-0.0037338325329719924,0.1167034104075472,0.10381544371060708,,0.14927323653207414,,,,
2010-08-10,117.7300033569336,0.0028109184562654654,0.059272753916437625,0.10332254765423085,,0.14545220781234375,,,,
2010-08-11,117.33999633789062,-0.0033127240968519045,0.044621947145760066,0.09827117521991986,,0.14144409200125985,,,,
2010-08-12,118.7699966430664,0.012186810548876936,0.05258786473464713,0.09444319045332224,,0.13773879011875406,,,,
2010-08-13,118.73999786376953,-0.00025257876690043535,0.19345961992432162,0.09696441294958234,,0.14170128199014737,,,,
2010-08-16,119.7300033569336,0.008337590626369185,0.004009563622043427,0.09678089741890396,,0.13738800062093684,,,,
2010-08-17,119.75,0.00016701447010558645,0.13235514798501669,0.10237007874879,,0.13709123992301467,,,,
2010-08-18,120.22000122070312,0.003924853617562674,0.0026512725194916794,0.09296973659012914,,0.13291647503063775,,,,
2010-08-19,120.38999938964844,0.001414058952080799,0.06230511962641827,0.08998820477739429,,0.12976786062194165,,,,
2010-08-20,119.97000122070312,-0.00348864665731885,0.02244748995834237,0.08527242049364685,,0.12593470204712334,,,,
2010-08-23,119.77999877929688,-0.0015837495996745554,0.0553805488046547,0.082841093854486,,0.12284948734150318,,,,
2010-08-24,120.36000061035156,0.004842226055815635,0.025141245478421854,0.07769310712432528,,0.11926609610915549,,,,
2010-08-25,121.36000061035156,0.008308408066874051,0.07686795561387202,0.07643260523260796,,0.11715570210735193,,,,
2010-08-26,120.95999908447266,-0.0032959914623202913,0.13189188921474987,0.07888480317236356,,0.11809174082267034,,,,
2010-08-27,121.01000213623047,0.00041338502096799346,0.052322242396149646,0.06870812810005208,,0.11520927357838302,,,,
2010-08-30,120.91000366210938,-0.0008263653611749744,0.006562283767203192,0.0672900796609165,,0.11171110029645961,,,,
2010-08-31,122.08000183105469,0.009676603535758277,0.013118143426482315,0.06465203389026697,,0.10835558534241041,,,,
2010-09-01,121.69000244140625,-0.0031946214269242823,0.1536113189483083,0.0640582003411164,,0.11158970893834672,,,,
2010-09-02,122.29000091552734,0.004930548624238806,0.05071304297183972,0.06605092520500168,,0.10890103817749423,,,,
2010-09-03,121.86000061035156,-0.0035162343769447046,0.07827003292108521,0.06679834033301148,,0.10731002670941779,,,,
2010-09-07,122.69999694824219,0.00689312599444758,0.05581849027687102,0.06479422651507033,,0.10493549234572996,,,,
2010-09-08,122.70999908447266,8.151700472081025e-05,0.10942498282285856,0.06816074393102375,,0.10521026429278314,,,,
2010-09-09,121.55999755859375,-0.009371701853630121,0.0012940423326848528,0.06291486356398455,,0.1020056282885281,,,,
2010-09-10,121.7300033569336,0.0013985340716866634,0.1487711547968901,0.06698297269491421,,0.10539834296781492,,,,
2010-09-13,121.62000274658203,-0.0009036441905699855,0.022201040122400942,0.06596384055748879,,0.10233208308878725,,,,
2010-09-14,124.0199966430664,0.019733545817173015,0.01434490681161864,0.06422552428826023,,0.09927683766427631,,,,
2010-09-15,123.94000244140625,-0.0006450105130254569,0.313260328306432,0.06967101103290162,,0.1230953251113183,,,,
2010-09-16,124.62999725341797,0.0055671679717606,0.010239224462925281,0.06995417743475987,,0.11937169691120926,,,,
2010-09-17,124.54000091552734,-0.0007221081591426426,0.08837605176121444,0.06795512760640522,,0.11774228422086927,,,,
2010-09-20,124.87000274658203,0.0026497657670527808,0.01146311165269251,0.06835566574882344,,0.11418990734588065,,,,
2010-09-21,126.01000213623047,0.009129489585757655,0.04206372751316379,0.06743560247094825,,0.11118964103557158,,,,
2010-09-22,126.19999694824219,0.0015077756431296496,0.14492615424521307,0.07300281448398782,,0.11349697576702449,,,,
2010-09-23,126.30000305175781,0.0007924414099362842,0.023935196307609163,0.07157348027957666,,0.1101954777434262,,,,
2010-09-24,126.69000244140625,0.0030878810785825994,0.01257961739568478,0.0710024971849068,,0.10688290566140654,,,,
2010-09-27,126.72000122070312,0.00023678884457156713,0.04901859247242873,0.06973661704211392,,0.10432012047417462,,,,
2010-09-28,127.8499984741211,0.008917276219480907,0.0037589063758241598,0.06391239054943548,,0.10114630021028975,,,,
2010-09-29,127.94999694824219,0.0007821546759059217,0.14155737149290024,0.06796853278110594,,0.10401465747141118,,,,
2010-09-30,127.91000366210938,-0.0003125696528855082,0.012416320555400354,0.06823462536238765,,0.10089180309484691,,,,
2010-10-01,128.91000366210938,0.00781799680532913,0.004961889413525024,0.06786388654361686,,0.09782578288272843,,,,
2010-10-04,128.4600067138672,-0.0034907837674234,0.12410685178558997,0.06652277439985693,,0.09959840063188476,,,,
2010-10-05,130.99000549316406,0.01969483611294076,0.05541447437582071,0.06673647582731061,,0.09751357219456462,,,,
2010-10-06,131.80999755859375,0.0062599590124643445,0.3126458308020916,0.07738992118553817,,0.121668434227994,,,,
2010-10-07,130.3699951171875,-0.01092483474757766,0.09937376858662884,0.07936970656325446,,0.12044718413989068,,,,
2010-10-08,131.66000366210938,0.009894980388411412,0.17342637513940556,0.08227886075946113,,0.1242645370684438,,,,
2010-10-11,132.2899932861328,0.004784973465747688,0.15707794401358743,0.08935994719950215,,0.12647364742189063,,,,
2010-10-12,131.9600067138672,-0.0024944182403267012,0.07595909892246736,0.0860503082961193,,0.12402433456871152,,,,
2010-10-13,134.07000732421875,0.01598969765837266,0.039597661978126794,0.08684106383501594,,0.12063661103225268,,,,
2010-10-14,134.75,0.00507192241838883,0.25382858125899527,0.09772668540080577,,0.13246032359126816,,,,
2010-10-15,133.67999267578125,-0.007940685151901716,0.08051427232842082,0.08714731921998708,,0.12993054286527003,,,,
2010-10-18,134.27999877929688,0.004488376244684789,0.12605446890837058,0.09241164851296188,,0.12970124501720956,,,,
2010-10-19,130.11000061035156,-0.03105449960421236,0.07125076400355566,0.09163322634215919,,0.12695537981408583,,,,
2010-10-20,131.32000732421875,0.00929987478434402,0.492974898253798,0.11352012573311855,,0.17242987958708034,,,,
2010-10-21,129.47000122070312,-0.014087770334554661,0.1476309354204883,0.11831863518345145,,0.17104336630672887,,,,
2010-10-22,129.72999572753906,0.002008144777821741,0.22363642099574907,0.12189637458120312,,0.17464615110512124,,,,
2010-10-25,130.85000610351562,0.008633395612906769,0.03187831007237629,0.12225742520687434,,0.16950567839829764,,,,
2010-10-26,130.8800048828125,0.00022926081694740752,0.13705090657072422,0.12791521107846704,,0.1677355703726032,,,,
2010-10-27,129.52000427246094,-0.010391202319783521,0.0036394026420860557,0.12585252063163327,,0.16262811254277235,,,,
2010-10-28,131.24000549316406,0.013279811333891667,0.164955222966628,0.13317962593121527,,0.16276867740726209,,,,
2010-10-29,132.6199951171875,0.010515007362563056,0.21081046948400572,0.13632749402172006,,0.16604362994965755,,,,
2010-11-01,131.9199981689453,-0.0052782157594233325,0.16692056709213018,0.14335041431884415,,0.16609637674298855,,,,
2010-11-02,132.49000549316406,0.004320856065270329,0.0837890775934564,0.14693346832702286,,0.16233903583721812,,,,
2010-11-03,131.57000732421875,-0.00694390618764662,0.06859146359766216,0.14441004159120793,,0.15828775106075738,,,,
2010-11-04,136.02999877929688,0.03389823825188132,0.11023109339925341,0.14690170609227307,,0.15582286431984124,,,,
2010-11-05,136.3800048828125,0.00257300673863492,0.5381178497861692,0.15715043422791297,,0.20049480880476359,,,,
2010-11-08,137.77999877929688,0.010265389693213,0.04084521571272819,0.15449004546091746,,0.19464423483626825,,,,
2010-11-09,135.58999633789062,-0.015894922781312437,0.1629580094364434,0.1540142106562374,,0.1928899018509415,,,,
2010-11-10,137.24000549316406,0.012169106865093537,0.25232407672756685,0.15834358032505463,,0.1969623562097261,,,,
2010-11-11,137.66000366210938,0.003060318800163886,0.19317858265683802,0.16367173867661694,,0.1967373819732897,,,,
2010-11-12,133.69000244140625,-0.0288391770673464,0.0485810548668553,0.16408007471701366,,0.1911148051598317,,,,
2010-11-15,132.4199981689453,-0.009499620384983976,0.4578077432157337,0.17335185480595633,,0.2165840539169507,,,,
2010-11-16,130.97000122070312,-0.010949984657092626,0.1508017985291236,0.17654674236053375,,0.21321023477500248,,,,
2010-11-17,130.3800048828125,-0.004504820435149881,0.1738256175758398,0.1787181582090551,,0.21105451589478083,,,,
2010-11-18,132.08999633789062,0.013115442483800255,0.07151180743445015,0.17873002381955028,,0.20537332951227624,,,,
2010-11-19,132.1999969482422,0.0008327701824608624,0.20820119488024053,0.16578576457529764,,0.20554409857603334,,,,
2010-11-22,133.47999572753906,0.009682290535891758,0.013219816812367951,0.15967616827492856,,0.19930870448944576,,,,
2010-11-23,134.41000366210938,0.006967395597379689,0.15370159727666338,0.15649731265133374,,0.19687044715870738,,,,
2010-11-24,134.17999267578125,-0.0017112638945114833,0.11060397621883782,0.16007575202162747,,0.1927861223219303,,,,
2010-11-26,133.11000061035156,-0.007974304097743579,0.027165472154887526,0.15508095954818032,,0.18703148770988956,,,,
2010-11-29,133.50999450683594,0.0030049875640467683,0.12658815312859686,0.160669539115749,,0.18396576959322253,,,,
2010-11-30,135.4199981689453,0.014306072509137735,0.04770269872385717,0.1553398789228958,,0.17874376343536405,,,,
2010-12-01,135.3800048828125,-0.00029532777044438685,0.22710186058341758,0.15608039670014176,,0.18200793470022714,,,,
2010-12-02,135.1999969482422,-0.0013296493431664835,0.004688183015082114,0.14870619742391233,,0.17646697634348074,,,,
2010-12-03,138.07000732421875,0.021227887875435947,0.021107528957633376,0.14585703612228398,,0.17116918467453127,,,,
2010-12-06,139.11000061035156,0.007532362069704757,0.33698227306540074,0.15805661837081758,,0.185349344581616,,,,
2010-12-07,136.5,-0.018762134993171364,0.11957254092800733,0.15848122962212458,,0.18207408469428962,,,,
2010-12-08,134.7899932861328,-0.012527521713312728,0.29783965953932384,0.14755949370181343,,0.19100895723996184,,,,
2010-12-09,135.3699951171875,0.004303003634872571,0.19886824198432368,0.1547423585323405,,0.19148961094884454,,,,
2010-12-10,135.41000366210938,0.0002955495779344286,0.06830806505087882,0.15044008833299666,,0.18640851466689806,,,,
2010-12-13,136.0500030517578,0.004726381894541776,0.004691704099827605,0.13918407139537214,,0.18073341419101674,,,,
2010-12-14,136.17999267578125,0.0009554547674208713,0.07502898656445509,0.13381363520935474,,0.1761886883835806,,,,
2010-12-15,134.6999969482422,-0.010867938075622141,0.015167374221400104,0.13229483154365224,,0.1708616681234068,,,,
2010-12-16,133.80999755859375,-0.006607271045376617,0.17252316847287638,0.11932735087352234,,0.17096181350077463,,,,
2010-12-17,134.1999969482422,0.002914575867006164,0.10488717618518575,0.11724032258516154,,0.1677329554936398,,,,
2010-12-20,135.11000061035156,0.006780951436685445,0.04626745752797264,0.11144222440116755,,0.16301755842448273,,,,
2010-12-21,135.32000732421875,0.0015543387826104649,0.10764426692325502,0.11308460892338595,,0.160235695728154,,,,
2010-12-22,135.0500030517578,-0.0019953019350200663,0.024674363231581065,0.10474248021208328,,0.15547179469733236,,,,
2010-12-23,134.66000366210938,-0.0028878147414700406,0.03167443626329433,0.10558132655076173,,0.1509350403464376,,,,
2010-12-27,135.02000427246094,0.0026734041330853664,0.04584263783013607,0.1006786465759196,,0.14676714914009673,,,,
2010-12-28,137.22000122070312,0.01629385926993998,0.04243897494069662,0.09758023742691316,,0.14267524066336715,,,,
2010-12-29,137.7100067138672,0.0035709480309356056,0.2586569971544738,0.10810257947234891,,0.15214814284462008,,,,
2010-12-30,137.02999877929688,-0.004937970382814849,0.05668704260754839,0.1049252562668467,,0.14816517531720572,,,,
2010-12-31,138.72000122070312,0.012333083678473855,0.07838784968598303,0.10632003585603424,,0.1449290285790778,,,,
2011-01-03,138.0,-0.005190320172774543,0.19578163387074904,0.10489638918727659,,0.14847216848638212,,,,
2011-01-04,134.75,-0.023550724637681153,0.08239377841177944,0.10842846170530827,,0.14535704251739537,,,,
2011-01-05,134.3699951171875,-0.0028200733418367596,0.3738561635199964,0.12446249054905206,,0.1680686034955758,,,,
2011-01-06,133.8300018310547,-0.004018704366714254,0.04476727644877745,0.11117999070284192,,0.16331711084431527,,,,
2011-01-07,133.5800018310547,-0.0018680415196855593,0.0637949540820914,0.10864464584620936,,0.15911102332284358,,,,
2011-01-10,134.1199951171875,0.004042471019095828,0.029654239798986955,0.09645439949437586,,0.15443477948491807,,,,
2011-01-11,134.91000366210938,0.0058903114649804245,0.06417223799228039,0.0903318538583739,,0.15055291300874332,,,,
2011-01-12,135.4600067138672,0.004076814445393762,0.09350579568630449,0.09147720525089326,,0.1477525257588136,,,,
2011-01-13,134.0500030517578,-0.010409003338437195,0.06471742298320564,0.09420564701831952,,0.14412585134623684,,,,
2011-01-14,132.69000244140625,-0.010145472431108082,0.16523780537727545,0.09830604787344774,,0.1454789926561729,,,,
2011-01-18,133.42999267578125,0.00557683488401306,0.1610543819158432,0.10493727549592241,,0.14646023317630344,,,,
2011-01-19,133.72000122070312,0.0021734884271975563,0.0885295092358098,0.10111938189423757,,0.14364474354554624,,,,
2011-01-20,131.1999969482422,-0.01884538026814475,0.0345030591350499,0.09792010384650413,,0.13952494856745298,,,,
2011-01-21,131.02999877929688,-0.001295717781246375,0.29916113731172844,0.10941527110940209,,0.1538473976414427,,,,
2011-01-24,130.36000061035156,-0.005113318897864261,0.020568882111013796,0.10545729907248204,,0.1492456538397663,,,,
2011-01-25,130.10000610351562,-0.0019944346856293205,0.0811714210674943,0.10802534715593266,,0.14605867743664794,,,,
2011-01-26,131.16000366210938,0.00814755963770164,0.031660669106018814,0.10802472137605648,,0.141821341473576,,,,
2011-01-27,127.93000030517578,-0.024626435397597568,0.12933849956055635,0.11181998781834833,,0.14110351580183014,,,,
2011-01-28,130.27999877929688,0.01836940880571558,0.3909325424402473,0.12766060452287337,,0.16698887749088814,,,,
2011-01-31,129.8699951171875,-0.003147095992869553,0.2916053245872206,0.12915825576981638,,0.17695815328202297,,,,
2011-02-01,130.8000030517578,0.007161068526499337,0.04995860009508444,0.1288524174737953,,0.17200316402791124,,,,
2011-02-02,130.4499969482422,-0.002675887579124292,0.11367843865565398,0.1304565351542349,,0.16907202717891276,,,,
2011-02-03,132.1999969482422,0.013415101885317249,0.0424783984243773,0.12348820627030889,,0.1642513141861757,,,,
2011-02-04,131.66000366210938,-0.004084669429638699,0.21295814040685904,0.12942294999735798,,0.1675734308686956,,,,
2011-02-07,131.67999267578125,0.00015182297672700074,0.06484211699239224,0.11537685697337596,,0.1632429889988617,,,,
2011-02-08,133.13999938964844,0.011087536414601473,0.002410115038351146,0.11345153145472021,,0.15827105095094116,,,,
2011-02-09,133.07000732421875,-0.0005257027621342614,0.17600918403244944,0.11855217827064561,,0.15939101607930922,,,,
2011-02-10,132.85000610351562,-0.0016532742811616874,0.008345272632881992,0.11758358885400445,,0.15454884296204213,,,,
2011-02-11,132.32000732421875,-0.003989452427152318,0.02624491558159742,0.11585961965351887,,0.14997850480947164,,,,
2011-02-14,132.9499969482422,0.004761106326723441,0.06333059393740835,0.11448801957402358,,0.1462346902697835,,,,
2011-02-15,133.97000122070312,0.007672089476301602,0.07558021983627877,0.1149817830673451,,0.14298339672084853,,,,
2011-02-16,134.10000610351562,0.0009704029381796264,0.12179064474317888,0.1130069121294316,,0.14180117877640938,,,,
2011-02-17,135.0399932861328,0.007009598358195257,0.015404669075698065,0.10638647063669775,,0.13753311628112108,,,,
2011-02-18,135.41000366210938,0.002740005882498453,0.11127392427738782,0.10742030768404219,,0.13610051345605564,,,,
2011-02-22,136.2899932861328,0.006498704676349387,0.04349624493566984,0.10782908885679765,,0.13238377610807184,,,,
2011-02-23,137.50999450683594,0.008951509874549624,0.10316373850603787,0.09892011618381172,,0.13081476118002391,,,,
2011-02-24,136.47999572753906,-0.0074903557591639025,0.1421008139195838,0.10444429490238308,,0.13151923858138773,,,,
2011-02-25,137.3800048828125,0.006594440089741527,0.11890571142088861,0.10615948991844645,,0.13079673391379756,,,,
2011-02-28,137.66000366210938,0.0020381334207675295,0.10468349107902325,0.10947870909903758,,0.1293786553672408,,,,
2011-03-01,140.02999877929688,0.01721629416053716,0.032354365020721504,0.1050703393472269,,0.12568736839042657,,,,
2011-03-02,139.9199981689453,-0.0007855503200063785,0.2733001970814891,0.09972341455819243,,0.139036166381352,,,,
2011-03-03,138.08999633789062,-0.013078915487442111,0.012470224734384508,0.08703545547397261,,0.13483516833006579,,,,
2011-03-04,139.35000610351562,0.009124554993410916,0.20762134678921768,0.09420194396006959,,0.14027148206258983,,,,
2011-03-07,139.72000122070312,0.0026551496302960054,0.14484782002018734,0.09561873402209381,,0.14055026437936488,,,,
2011-03-08,139.36000061035156,-0.0025765860807780427,0.04214919369256992,0.09560377017064803,,0.13665909219594147,,,,
2011-03-09,139.41000366210938,0.0003588049048421915,0.04090203600773569,0.08778303815250604,,0.13287416462203777,,,,
2011-03-10,137.77000427246094,-0.011763857302689251,0.0056958512844158034,0.08509457152941623,,0.12883383705329657,,,,
2011-03-11,138.22000122070312,0.0032662911685206186,0.18674544529060108,0.09347345017724576,,0.1330214260782448,,,,
2011-03-14,138.86000061035156,0.0046302950658096975,0.051850764848592724,0.08782988566888864,,0.1295929315860228,,,,
2011-03-15,136.27000427246094,-0.01865185313629869,0.07350365544589148,0.09079163034220725,,0.12692846601086186,,,,
2011-03-16,136.24000549316406,-0.00022014220559418707,0.29608898933487876,0.1030572700582655,,0.14284364434989497,,,,
2011-03-17,136.97000122070312,0.005358159851040822,0.0034946491744288267,0.10033745438722098,,0.1384946969441822,,,,
2011-03-18,138.3699951171875,0.010221171672682772,0.08505815070470944,0.10076826942669509,,0.13588240341133032,,,,
2011-03-21,139.13999938964844,0.005564821129095288,0.16225607012170018,0.1026076069439006,,0.13760744108117637,,,,
2011-03-22,139.0500030517578,-0.0006468042136366092,0.08833879678886276,0.10592279456722627,,0.13515873612734436,,,,
2011-03-23,140.33999633789062,0.009277189916009121,0.010267698577386963,0.10133160248995353,,0.1310653899871862,,,,
2011-03-24,139.22000122070312,-0.007980583913447803,0.147270824299658,0.10604862882468023,,0.13209379246102995,,,,
2011-03-25,139.25999450683594,0.00028726681354784844,0.12668784211239303,0.10711790626133276,,0.13177568958908573,,,,
2011-03-28,138.5399932861328,-0.005170194234553005,0.004560219291417404,0.10086606105096156,,0.12776615420633697,,,,
2011-03-29,138.2100067138672,-0.0023818867349306716,0.08207428904716321,0.09919190548851949,,0.12549466158523503,,,,
2011-03-30,138.6699981689453,0.0033282065894868484,0.03781127971050109,0.09615225951722302,,0.12202359220089305,,,,
2011-03-31,139.86000061035156,0.008581542201770542,0.052833641685771836,0.09708313572927076,,0.11901199625256308,,,,
2011-04-01,139.1999969482422,-0.004719030882519015,0.13622775918774316,0.09085257037046413,,0.12011454566078876,,,,
2011-04-04,139.83999633789062,0.004597696865513701,0.07491229286627386,0.09369084619464091,,0.11789217502399718,,,,
2011-04-05,142.0500030517578,0.015803824168639347,0.0729861750588626,0.08757106566144296,,0.11569040557003349,,,,
2011-04-06,142.3800048828125,0.002323138500281763,0.2508779310840709,0.09239061616434675,,0.1278968253038469,,,,
2011-04-07,142.50999450683594,0.0009129766790669791,0.036878680397430606,0.09215104737820407,,0.12432917707242304,,,,
2011-04-08,143.66000366210938,0.008069673704311775,0.014493055473677137,0.09095063917211049,,0.12059387436612752,,,,
2011-04-11,142.63999938964844,-0.007100127011412383,0.128102098698278,0.09651455950910423,,0.12105750056898394,,,,
2011-04-12,141.61000061035156,-0.007220967356311059,0.11271102209501656,0.09314935845475948,,0.12057300613102079,,,,
2011-04-13,141.89999389648438,0.0020478305549249676,0.11462930310068757,0.09600292837530923,,0.12022467070773729,,,,
2011-04-14,143.80999755859375,0.013460209614263308,0.03250830225318517,0.09413950323018624,,0.11683381592201761,,,,
2011-04-15,145.0500030517578,0.008622526348759818,0.21367420340484813,0.09039337659700303,,0.124781937885127,,,,
2011-04-18,145.92999267578125,0.006066801830465485,0.1368783623515216,0.09645627265050724,,0.12554059608679455,,,,
2011-04-19,145.92999267578125,0.0,0.09630749338153868,0.09696760640854492,,0.12398113883476043,,,,
2011-04-20,146.5,0.0039060327062796496,0.0,0.08959233049392219,,0.12020417388576111,,,,
2011-04-21,146.74000549316406,0.0016382627519730963,0.062006346922203325,0.08839540095452858,,0.11752781814490983,,,,
2011-04-25,146.8699951171875,0.0008858499329242875,0.026006614943406624,0.08911080624389311,,0.11412537577978743,,,,
2011-04-26,146.3800048828125,-0.0033362174076743134,0.014062431728645481,0.0830558793088471,,0.1107022602851107,,,,
2011-04-27,149.1999969482422,0.0192648720546722,0.05296080948210495,0.0797046505529249,,0.1081109700574296,,,,
2011-04-28,149.82000732421875,0.00415556560762953,0.3058203629768434,0.09339829344771701,,0.12883426795938352,,,,
2011-04-29,152.3699951171875,0.01702034219935955,0.0659675589276045,0.09266616935137342,,0.12595029025152918,,,,
2011-05-02,150.41000366210938,-0.012863368890775995,0.2701895561323411,0.10322881827963887,,0.13889496337937265,,,,
2011-05-03,149.8800048828125,-0.003523693679893136,0.20419965064486834,0.11010909141414325,,0.14365288733762718,,,,
2011-05-04,147.72999572753906,-0.01434486979737204,0.05593690304020366,0.10645950704380057,,0.1399489876537681,,,,
2011-05-05,143.47000122070312,-0.028836354362946848,0.22771774844068754,0.11340520956991028,,0.14670343681689751,,,,
2011-05-06,145.3000030517578,0.012755292503549676,0.4577629341725385,0.13089506225689554,,0.1811170856258216,,,,
2011-05-09,147.3800048828125,0.01431522221175574,0.2024839911856734,0.1286953377160593,,0.18246967086188465,,,,
2011-05-10,147.89999389648438,0.00352821954433602,0.2272471076096022,0.13734844804388527,,0.185461437534582,,,,
2011-05-11,146.5399932861328,-0.009195406805110662,0.056008748910904425,0.1392355250183047,,0.18033415350654997,,,,
2011-05-12,146.58999633789062,0.00034122460794838716,0.14597255766236275,0.14004781860758128,,0.1784591319072745,,,,
2011-05-13,145.6300048828125,-0.006548819694799257,0.005416772723081678,0.13517080727249334,,0.1730276351946016,,,,
2011-05-16,145.3699951171875,-0.0017854134237942354,0.10395928976064449,0.13468580666612773,,0.1696782273134247,,,,
2011-05-17,144.74000549316406,-0.004333697772470724,0.02834255944077551,0.1344964547201091,,0.16465557025291272,,,,
2011-05-18,145.60000610351562,0.0059416925363608986,0.06879531937963268,0.12791105090078114,,0.16052643758741394,,,,
2011-05-19,145.64999389648438,0.0003433227395142069,0.09432144490811724,0.12597664556244456,,0.1573416824392343,,,,
2011-05-20,147.49000549316406,0.012633104523076089,0.005450079529127999,0.12184676311460771,,0.1525542622572465,,,,
2011-05-23,147.8300018310547,0.002305216117890696,0.20054431712846743,0.1309624138931744,,0.1558509420723307,,,,
2011-05-24,148.58999633789062,0.005141003161891922,0.03659417139717921,0.12980731500567333,,0.15136873250099495,,,,
2011-05-25,148.5800018310547,-6.726231295683949e-05,0.08161089513457655,0.13233478228709014,,0.14811267292335356,,,,
2011-05-26,148.22000122070312,-0.0024229412162809494,0.0010677561161447694,0.13174411521379464,,0.14360080241369721,,,,
2011-05-27,149.6999969482422,0.009985128291392531,0.03846299939764654,0.1310851238463193,,0.13954455620333617,,,,
2011-05-31,149.63999938964844,-0.0004007853027178099,0.15850899760859954,0.12438915269321728,,0.1407544966081008,,,,
2011-06-01,149.91000366210938,0.001804358951899454,0.006362269440726386,0.12167982135290463,,0.13647544586782656,,,,
2011-06-02,149.5,-0.002734998679831291,0.02864331037571467,0.11070044654578526,,0.13250373896267795,,,,
2011-06-03,150.22000122070312,0.004816061676943928,0.043416758057541374,0.1033921332463613,,0.12890658354621673,,,,
2011-06-06,150.47999572753906,0.0017307582527172904,0.07645260897565397,0.10432466533433632,,0.1263748112948753,,,,
2011-06-07,150.4199981689453,-0.0003987078701302993,0.02747493549757579,0.0952227192914676,,0.12270961526653963,,,,
2011-06-08,149.80999755859375,-0.0040553159006586625,0.0063292912207740595,0.07470300824820558,,0.11898148718927616,,,,
2011-06-09,150.55999755859375,0.005006341447316709,0.06437614416569243,0.06842537883820644,,0.11642961784874198,,,,
2011-06-10,149.24000549316406,-0.008767216304689351,0.0794732066872511,0.06170838334173594,,0.11454895893254168,,,,
2011-06-13,147.77000427246094,-0.009849914008281502,0.13917524419511224,0.06548867858192721,,0.11617383986416013,,,,
2011-06-14,148.6699981689453,0.0060905046387151884,0.15636253740770556,0.06596095038853368,,0.11896862607818534,,,,
2011-06-15,149.1199951171875,0.0030268174734946474,0.09668376379755408,0.07010944998282788,,0.11775052850156931,,,,
2011-06-16,148.97000122070312,-0.0010058603902615149,0.04804923779311005,0.0675680839843036,,0.1147684603878822,,,,
2011-06-17,149.94000244140625,0.006511386270756869,0.015967538677694064,0.06700558304052717,,0.1113408697078571,,,,
2011-06-20,150.02999877929688,0.000600215662433401,0.10336505257621778,0.06857693454946286,,0.11087850087780293,,,,
2011-06-21,150.75999450683594,0.004865665090172611,0.009528128254828034,0.06472269288340425,,0.1075260273290929,,,,
2011-06-22,150.99000549316406,0.0015256765369389136,0.07724003874915236,0.06798587284795082,,0.10595327826520734,,,,
2011-06-23,148.33999633789062,-0.017550891177319783,0.02421936418719969,0.05997110225971137,,0.10289667633472775,,,,
2011-06-24,146.25999450683594,-0.014021854404774547,0.27861176005647464,0.0709719017442248,,0.12087155666738018,,,,
2011-06-27,145.72999572753906,-0.003623675640655799,0.22259003804993438,0.07738004460401379,,0.129252143970103,,,,
2011-06-28,146.24000549316406,0.0034996897040917574,0.057524067462827407,0.07994624057431755,,0.12610428548572097,,,,
2011-06-29,147.17999267578125,0.006427702046695627,0.0555558517375201,0.08072318840794818,,0.12301764315954536,,,,
2011-06-30,146.0,-0.008017344302908236,0.10203660670306505,0.0781562615486057,,0.12186069195300855,,,,
2011-07-01,144.92999267578125,-0.007328817289169565,0.12727139520405414,0.08365213090148423,,0.12219209070517319,,,,
2011-07-05,147.6300048828125,0.018629768463946483,0.11634136770823929,0.0876384062347808,,0.12184896979236476,,,,
2011-07-06,148.91000366210938,0.008670315904364623,0.29573840602989704,0.09910757205170606,,0.1385785461071058,,,,
2011-07-07,149.14999389648438,0.001611646151856716,0.13763699802790125,0.10188868064499003,,0.13852223369646346,,,,
2011-07-08,150.25,0.007375166936172128,0.025584089515482654,0.10180273310034943,,0.13444841915300584,,,,
2011-07-11,151.58999633789062,0.00891844484452986,0.11707714554418577,0.1068367264786863,,0.1334699151438416,,,,
2011-07-12,152.77000427246094,0.007784207157971679,0.14157592284043272,0.11034580732753817,,0.13397010737205978,,,,
2011-07-13,154.13999938964844,0.008967697053566592,0.12357045776281164,0.11235022783097272,,0.13336899853799233,,,,
2011-07-14,154.5399932861328,0.0025950038800326425,0.14235777742022326,0.11249488843211414,,0.1339253396198305,,,,
2011-07-15,155.1999969482422,0.004270762849635679,0.04119440950688438,0.10725997352753135,,0.13023692087586752,,,,
2011-07-18,156.57000732421875,0.008827386616724331,0.06779625845201727,0.10594690510273423,,0.12735672807228882,,,,
2011-07-19,154.66000366210938,-0.012199039233320219,0.14013041828683453,0.11013241330699444,,0.1281590576663108,,,,
2011-07-20,156.02000427246094,0.008793486215885604,0.19365374427171209,0.11820905901581344,,0.13300137509976728,,,,
2011-07-21,154.8300018310547,-0.007627242717723082,0.13959226610704648,0.11985575053994202,,0.13340601139805236,,,,
2011-07-22,156.1199951171875,0.008331675197810862,0.12107872452134218,0.12492623218841992,,0.13269867179596015,,,,
2011-07-25,157.33999633789062,0.007814509728797825,0.13226124346783452,0.1274271960392691,,0.13267246676702255,,,,
2011-07-26,157.77000427246094,0.0027329855381899026,0.12405149616176307,0.1319650202199311,,0.13217106662867717,,,,
2011-07-27,157.19000244140625,-0.0036762490673009074,0.043384800424719004,0.12127288569121492,,0.12858450084287004,,,,
2011-07-28,157.32000732421875,0.0008270556701654996,0.05835864473766813,0.11380782235883918,,0.12548417952286448,,,,
2011-07-29,158.2899932861328,0.006165687241006967,0.013129101741982646,0.11178986937152803,,0.12170392331657995,,,,
2011-08-01,157.72000122070312,-0.003600935558821683,0.09787725060905042,0.11371356932023396,,0.12040735702114012,,,,
2011-08-02,161.52000427246094,0.024093349114550966,0.05716307985486943,0.11167386355440691,,0.1175759872985848,,,,
2011-08-03,161.49000549316406,-0.00018572795011984056,0.3824700600465607,0.12327380286542992,,0.14755225119192167,,,,
2011-08-04,160.63999938964844,-0.00526352142301223,0.0029483398051854425,0.11811957432438204,,0.1430590381078809,,,,
2011-08-05,161.75,0.006909864383522146,0.083555812234507,0.10847491097004612,,0.14020281561645287,,,,
2011-08-08,167.1199951171875,0.03319935157457499,0.10969069651189343,0.10720462453750032,,0.1385616926515048,,,,
2011-08-09,168.61000061035156,0.008915782292353791,0.5270233677295564,0.12999731900177638,,0.18631317698489092,,,,
2011-08-10,174.5800018310547,0.035407159712308234,0.14153365613496902,0.1311089785740847,,0.18393409274043512,,,,
2011-08-11,170.75,-0.021938376623234723,0.5620712353794772,0.150222401871314,,0.22529378567189304,,,,
2011-08-12,169.97000122070312,-0.004568074842148606,0.3482609322813122,0.16043560525851858,,0.23449732000139667,,,,
2011-08-15,171.8000030517578,0.010766616567110976,0.07251594001593509,0.1572609762855964,,0.22804641456499786,,,,
2011-08-16,173.9199981689453,0.012339901510646678,0.17091473938898163,0.16315735491660083,,0.22502792727263438,,,,
2011-08-17,174.4199981689453,0.002874885034866992,0.19588986360120822,0.16897979151429132,,0.22338684896198108,,,,
2011-08-18,177.72000122070312,0.01891986633643583,0.04563738510095589,0.1646846536422059,,0.2168698906878139,,,,
2011-08-19,179.9499969482422,0.012547803917521527,0.3003435669887515,0.16953419103843498,,0.22276214223161728,,,,
2011-08-22,184.58999633789062,0.025784937306684297,0.19919021199458392,0.1722431885787776,,0.22141860383488324,,,,
2011-08-23,177.6699981689453,-0.03748847882459627,0.40932319010926954,0.1853452097418652,,0.23693322830369615,,,,
2011-08-24,171.64999389648438,-0.033883065990334194,0.5951111519999563,0.20638384194787074,,0.2720635043294665,,,,
2011-08-25,172.36000061035156,0.004136363175726965,0.5378769976008885,0.22519409201328555,,0.29484934668002344,,,,
2011-08-26,177.47000122070312,0.02964725337814067,0.06566272977131346,0.22620672516540347,,0.2863191657019133,,,,
2011-08-29,173.88999938964844,-0.020172433686990066,0.47063555696807874,0.24494658481224027,,0.30058245860047206,,,,
2011-08-30,179.10000610351562,0.029961508609777754,0.32022745724830487,0.2589056009716186,,0.3017972216832838,,,,
2011-08-31,177.72000122070312,-0.007705219630282367,0.4756242041147551,0.27607591704005974,,0.3149440779681241,,,,
2011-09-01,177.8699951171875,0.0008439899586658584,0.12231656963316116,0.27903743930270936,,0.3068160140943914,,,,
2011-09-02,183.24000549316406,0.030190647795535153,0.013397925237993267,0.2622614331750472,,0.29748726490141486,,,,
2011-09-06,182.89999389648438,-0.0018555532988803192,0.47926167592155855,0.28391203936215503,,0.31140047792551884,,,,
2011-09-07,177.0800018310547,-0.031820624711029866,0.029455995439576985,0.2814529567805673,,0.30200016810119035,,,,
2011-09-08,181.80999755859375,0.026711066628809732,0.5051367572886095,0.2994277777249635,,0.31787048314526073,,,,
2011-09-09,180.6999969482422,-0.006105278176431583,0.42402503731864194,0.2947460354335583,,0.32521835641317354,,,,
2011-09-12,176.6699981689453,-0.022302151894618927,0.09691828643824738,0.2927180640837073,,0.3162033362283965,,,,
2011-09-13,178.5399932861328,0.010584678420606952,0.354035685688498,0.28326190273411733,,0.31859998878830137,,,,
2011-09-14,177.2100067138672,-0.007449236150323779,0.16802656085110754,0.2750694313054717,,0.31162408635026667,,,,
2011-09-15,174.39999389648438,-0.015856964679878405,0.1182529578668933,0.27714838666233343,,0.30351609948185004,,,,
2011-09-16,176.02999877929688,0.009346358600104132,0.2517215105477592,0.2808214217150051,,0.30066014770558214,,,,
2011-09-19,173.30999755859375,-0.015451918647760743,0.1483688431194319,0.27866137532946983,,0.2937576071691725,,,,
2011-09-20,175.77999877929688,0.014251925771726182,0.2452916041246583,0.2877365671032745,,0.2910773061006564,,,,
2011-09-21,173.58999633789062,-0.01245876923776712,0.22624230777443866,0.28436832804807843,,0.2875996751542543,,,,
2011-09-22,169.0500030517578,-0.026153542150526787,0.1977768302704413,0.2843040834242538,,0.2830153692565334,,,,
2011-09-23,159.8000030517578,-0.05471753820180614,0.4151746106024357,0.28457005708303407,,0.29263293512286054,,,,
2011-09-26,157.5800018310547,-0.013892372830456634,0.8686139906139325,0.2970020042927603,,0.3546341897179667,,,,
2011-09-27,160.6300048828125,0.01935526726943304,0.22053458177987242,0.2825773490281686,,0.34804829278643656,,,,
2011-09-28,156.22000122070312,-0.027454420270526025,0.30725534252464815,0.2935588314260475,,0.34573647189073964,,,,
2011-09-29,157.6999969482422,0.009473791550213662,0.43582541055157503,0.29197655204347917,,0.3517929971228475,,,,
2011-09-30,158.05999755859375,0.0022828193869255387,0.15039177848838262,0.28425674846348264,,0.3430595797779289,,,,
2011-10-03,160.9600067138672,0.018347521194908234,0.03623863431529145,0.2642846771089616,,0.33272703087934835,,,,
2011-10-04,157.63999938964844,-0.02062628718772741,0.29125786953728294,0.2719638271046035,,0.3303856977037043,,,,
2011-10-05,159.4600067138672,0.011545339579202452,0.3274321582159474,0.2862381104217832,,0.3302092303167355,,,,
2011-10-06,160.49000549316406,0.006459292210774237,0.18327658397016477,0.27278424260581075,,0.323282022409374,,,,
2011-10-07,159.17999267578125,-0.00816258192126873,0.10253808501123142,0.2761061557681587,,0.3144382826326583,,,,
2011-10-10,163.27000427246094,0.025694256721133568,0.12957697091921322,0.2590352563877316,,0.30650702937034396,,,,
2011-10-11,162.10000610351562,-0.007166032573826864,0.40788368044061585,0.2583015583478213,,0.3135154084194489,,,,
2011-10-12,163.25999450683594,0.007156004686264872,0.11375724046400393,0.25906696534899204,,0.30523898706244607,,,,
2011-10-13,162.3000030517578,-0.005880138964710846,0.11359805268401783,0.24813798203060664,,0.29724545400047697,,,,
2011-10-14,163.39999389648438,0.00677751585978581,0.09334431225075424,0.2447433343669542,,0.2890957591634417,,,,
2011-10-17,162.6199951171875,-0.00477355451916972,0.10758972883073618,0.24425864213803797,,0.28152497131391696,,,,
2011-10-18,161.83999633789062,-0.004796450637787775,0.07577782876518954,0.2362612020570121,,0.27357899711937983,,,,
2011-10-19,159.8699951171875,-0.012172523883343,0.07614129338030158,0.2329781316143243,,0.2658995851790905,,,,
2011-10-20,157.77000427246094,-0.013135615868301143,0.1932328261399187,0.23061182352410892,,0.2621083164273672,,,,
2011-10-21,159.52000427246094,0.011092095788866496,0.20852143743119153,0.22980632941759763,,0.25920569970598206,,,,
2011-10-24,161.02000427246094,0.009403209377038424,0.17608156185508533,0.2288201808532633,,0.25498357213746775,,,,
2011-10-25,165.58999633789062,0.028381517477150453,0.14927132122508557,0.2167336676997474,,0.249905062727431,,,,
2011-10-26,167.39999389648438,0.010930597249971585,0.45054262245104043,0.1977304236923432,,0.26624182096901455,,,,
2011-10-27,169.5500030517578,0.0128435438092247,0.17351785202898798,0.19559329961275757,,0.261606826167224,,,,
2011-10-28,169.6199951171875,0.0004128107588905472,0.20388493723183054,0.1908946448267204,,0.25850722942550863,,,,
2011-10-31,167.33999633789062,-0.01344180429743358,0.006553167639337404,0.17138227014889137,,0.2506371980487014,,,,
2011-11-01,167.3800048828125,0.00023908536989014628,0.21338202805805126,0.17424546331114904,,0.24855940564953827,,,,
2011-11-02,169.05999755859375,0.010036997411712711,0.0037953625850593027,0.17277076914159306,,0.24098907804145345,,,,
2011-11-03,171.72000122070312,0.015734080802807693,0.15933239436714486,0.1667741566338595,,0.23688478276335015,,,,
2011-11-04,170.85000610351562,-0.005066358671109827,0.24977078947454798,0.16324409441834134,,0.23767764540030592,,,,
2011-11-07,174.97999572753906,0.024173189795036576,0.0804259505784737,0.15856906562780992,,0.23127758937527562,,,,
2011-11-08,173.52999877929688,-0.008286644094448237,0.3837374915569872,0.17135085683443518,,0.24313624100900963,,,,
2011-11-09,172.07000732421875,-0.00841348161901967,0.13154639686327244,0.1714403761955288,,0.23792138420523348,,,,
2011-11-10,171.13999938964844,-0.005404823007986281,0.13355988014483475,0.15897111254572055,,0.2329817255783475,,,,
2011-11-11,173.9600067138672,0.01647778038025005,0.08579890535671061,0.15770027913175266,,0.22685974194616623,,,,
2011-11-14,173.1999969482422,-0.004368876387059961,0.26157665426688576,0.1644265792037012,,0.2290911668493042,,,,
2011-11-15,173.36000061035156,0.000923808688964245,0.06935376257365815,0.16333609967292415,,0.2227608440181097,,,,
2011-11-16,171.50999450683594,-0.010671470333423416,0.01466500830000007,0.15911224873970886,,0.21600452254086555,,,,
2011-11-17,167.10000610351562,-0.025712719634799708,0.16940433975385133,0.16336799923919346,,0.21349554176204047,,,,
2011-11-18,167.6199951171875,0.0031118431758150322,0.4081767701088454,0.17846052090867273,,0.2298739265565377,,,,
2011-11-21,163.5,-0.024579377384584156,0.04939897897344013,0.1719226187647419,,0.22319927493454444,,,,
2011-11-22,165.30999755859375,0.0110703214592891,0.39018551964248926,0.18018007704707362,,0.2365661128220793,,,,
2011-11-23,164.8300018310547,-0.0029036097914703074,0.17573590508892367,0.18016436537588446,,0.23336388043536044,,,,
2011-11-25,163.39999389648438,-0.00867565321048791,0.04609337647561529,0.17547445879636306,,0.22653621037625227,,,,
2011-11-28,166.6300048828125,0.01976750983463549,0.1377217251359407,0.16125532710022217,,0.22221064724580772,,,,
2011-11-29,166.8800048828125,0.0015003300286513532,0.3137994903688142,0.16763176520657794,,0.2287424854586056,,,,
2011-11-30,170.1300048828125,0.019475071338128425,0.023817000842003357,0.1594468590070403,,0.22185078802271596,,,,
2011-12-01,169.6300048828125,-0.0029389289699039978,0.3091571731555783,0.1732015865305058,,0.2280337590803935,,,,
2011-12-02,169.82000732421875,0.0011200992509403651,0.046654051051495254,0.1656230421211169,,0.2213820850752964,,,,
2011-12-05,167.32000732421875,-0.014721469156617206,0.017781024370187623,0.1662587540204409,,0.21468208082280138,,,,
2011-12-06,168.17999267578125,0.00513976400859284,0.23369607793150146,0.1696389214551844,,0.21587015422993827,,,,
2011-12-07,169.39999389648438,0.007254140051337954,0.08159122418578262,0.16199439576024052,,0.21024594110201028,,,,
2011-12-08,165.97999572753906,-0.02018889192543405,0.11515590330884129,0.16357302997525724,,0.20578339906049342,,,,
2011-12-09,166.39999389648438,0.002530414385808033,0.3204887236839508,0.16069808598102828,,0.21440331203055363,,,,
2011-12-12,161.99000549316406,-0.026502335126668997,0.04016908307272982,0.15654457171782182,,0.20810446105546346,,,,
2011-12-13,158.4499969482422,-0.021853252823497593,0.4207115274459459,0.1695969193224178,,0.22655884460348902,,,,
2011-12-14,152.88999938964844,-0.03508991900081848,0.34690963385276835,0.18146558879951133,,0.23552060017666293,,,,
2011-12-15,152.3300018310547,-0.0036627481249873473,0.5570351952093947,0.19489552247871628,,0.2660057300947465,,,,
2011-12-16,155.22999572753906,0.019037575406193996,0.05814432392270787,0.1943860025400367,,0.258295085669299,,,,
2011-12-19,154.8699951171875,-0.0023191433373703774,0.3022121405425726,0.20745632673288086,,0.2611384706961716,,,,
2011-12-20,156.97999572753906,0.013624334453907316,0.03681525915236632,0.20142955034190432,,0.25334368873779056,,,,
2011-12-21,157.16000366210938,0.001146693460756243,0.21627960446284655,0.19270695190344983,,0.2512740638909448,,,,
2011-12-22,156.0399932861328,-0.00712656114710053,0.018203194363110135,0.19128896169388937,,0.24366004442730374,,,,
2011-12-23,156.30999755859375,0.0017303530125498678,0.1131306509899392,0.1786955585733189,,0.23785692520273852,,,,
2011-12-27,154.91000366210938,-0.008956521773084813,0.027468502509350262,0.1719561311833383,,0.23070897895984335,,,,
2011-12-28,151.02999877929688,-0.02504683229674176,0.14218037534230618,0.17632372204091518,,0.22637568452084378,,,,
2011-12-29,150.33999633789062,-0.004568644951223,0.3976061363227167,0.18813664982213227,,0.2401179541147069,,,,
2011-12-30,151.99000549316406,0.010975184218875667,0.07252499021692126,0.17716962708795528,,0.23347982017145807,,,,
2012-01-03,155.9199981689453,0.025856915150634707,0.1742256482175942,0.1840063837868458,,0.23035479467870662,,,,
2012-01-04,156.7100067138672,0.005066755734988382,0.41046580295926594,0.18861132150519525,,0.2449254214439992,,,,
2012-01-05,157.77999877929688,0.006827847741614601,0.08043225377213727,0.1901466943561335,,0.2382799093338784,,,,
2012-01-06,157.1999969482422,-0.0036760161968690808,0.10838872268475741,0.19426522609770489,,0.23254153003914296,,,,
2012-01-09,156.5,-0.0044529068818790485,0.05835494803416624,0.18629517473873503,,0.22591004271384907,,,,
2012-01-10,158.63999938964844,0.01367411750574088,0.07068770532468019,0.1857995602450486,,0.21971124608467096,,,,
2012-01-11,159.6699981689453,0.006492680176876542,0.2170698859107912,0.19043201399968268,,0.21955366059092146,,,,
2012-01-12,160.3800048828125,0.004446713358861265,0.10306810254176514,0.1805492584932197,,0.21435709298232872,,,,
2012-01-13,159.25999450683594,-0.006983478874407978,0.07058938619481372,0.18193199954422348,,0.2085449524676305,,,,
2012-01-17,160.5,0.007786045057981195,0.11085929032654068,0.16784780694788692,,0.20400716728302695,,,,
2012-01-18,161.60000610351562,0.006853620582651931,0.12359963352097034,0.15769735238735064,,0.20009597949250588,,,,
2012-01-19,161.22000122070312,-0.0023515152751236723,0.10879785385254367,0.13732292778022104,,0.19582215229308603,,,,
2012-01-20,162.07000732421875,0.005272336540625755,0.03732914773288121,0.1363767834079562,,0.19007668011937337,,,,
2012-01-23,163.16000366210938,0.006725466086455523,0.08369574788840604,0.12644422010549408,,0.1854230146410267,,,,
2012-01-24,162.00999450683594,-0.007048352105060052,0.10676346429456085,0.12962368397559382,,0.18166644966956055,,,,
2012-01-25,166.4199981689453,0.02722056546902296,0.111889120936845,0.1248786619971392,,0.17825175321003606,,,,
2012-01-26,167.27000427246094,0.005107595919167762,0.4321130806655222,0.14369274773815796,,0.2026587504650105,,,,
2012-01-27,168.97000122070312,0.010163190678665446,0.08108057159715756,0.14223592594757697,,0.1974861477093225,,,,
2012-01-30,168.02999877929688,-0.0055631321217690655,0.16133565037607117,0.14832079630515518,,0.19550571180858228,,,,
2012-01-31,169.30999755859375,0.0076176801082890044,0.08831198462877626,0.1458722330909038,,0.19078017388224067,,,,
2012-02-01,169.55999755859375,0.001476581439991298,0.12092692280265772,0.1332959052036284,,0.18732498365476216,,,,
2012-02-02,171.0500030517578,0.00878748239335847,0.023440003684503708,0.1310647694521549,,0.1817090436867281,,,,
2012-02-03,167.63999938964844,-0.019935712372232683,0.13949695837911108,0.12948619264131475,,0.17945654083346738,,,,
2012-02-06,167.17999267578125,-0.0027440152442257393,0.3164696228750472,0.12521363900112298,,0.19047717022572438,,,,
2012-02-07,169.6999969482422,0.015073599610379684,0.043559891579948835,0.12353762253784172,,0.18498245074556408,,,,
2012-02-08,168.5,-0.0070712844420862675,0.2392859755897485,0.12948749766988674,,0.18868191048863478,,,,
2012-02-09,168.02000427246094,-0.002848639332576064,0.11225316050136232,0.13193741641839565,,0.18498880470843473,,,,
2012-02-10,167.13999938964844,-0.005237500657275795,0.04522074749347969,0.13077982742606836,,0.1796950231799429,,,,
2012-02-13,167.50999450683594,0.0022136838491002564,0.08314274538413455,0.12469223012940217,,0.17540708720260553,,,,
2012-02-14,167.1199951171875,-0.0023282156434702994,0.03514114167623708,0.12160464099915087,,0.1702811835075939,,,,
2012-02-15,168.11000061035156,0.0059239200699465755,0.0369592775469158,0.12007599969697372,,0.1653417668381146,,,,
2012-02-16,168.0,-0.0006543371004235077,0.09403931575021797,0.11931145539804994,,0.16195131812951274,,,,
2012-02-17,167.35000610351562,-0.0038690112885975125,0.01038727944794219,0.11416543930382138,,0.15703824187666268,,,,
2012-02-21,171.02000427246094,0.021930074903464325,0.061418650135983424,0.11201183913488683,,0.15299569890059656,,,,
2012-02-22,172.94000244140625,0.01122674611729324,0.34812914656551247,0.12613911180909734,,0.17109896846697534,,,,
2012-02-23,173.02000427246094,0.00046259876214471696,0.17821906955290737,0.13043562643021106,,0.17153450904985118,,,,
2012-02-24,172.22999572753906,-0.004565995407547319,0.00734352768864745,0.12591653840266953,,0.16631860440494894,,,,
2012-02-27,171.6999969482422,-0.003077273369589517,0.07248293001499931,0.124125347906222,,0.16222636034119384,,,,
2012-02-28,173.49000549316406,0.010425210114951122,0.04885020031257369,0.10670430789017887,,0.15773879990164918,,,,
2012-02-29,164.2899932861328,-0.053029061708074865,0.16549507997853458,0.1105413309984233,,0.15821489988169213,,,,
2012-03-01,166.61000061035156,0.014121415904973178,0.841810257231985,0.14147199494641938,,0.25699943156115795,,,,
2012-03-02,166.33999633789062,-0.001620576624883352,0.2241705278680269,0.14764738327547622,,0.25514884065437293,,,,
2012-03-05,165.64999389648438,-0.004148145103987089,0.02572585637979455,0.143320062074437,,0.24745622686694063,,,,
2012-03-06,162.6999969482422,-0.0178086148924681,0.06584976208416002,0.14524777836533045,,0.2404593118020216,,,,
2012-03-07,163.6300048828125,0.005716090670033314,0.28270299719995123,0.15175714376627775,,0.2432009434025984,,,,
2012-03-08,165.27999877929688,0.010083687876597303,0.09074012630642829,0.1414967121040678,,0.23683733483326785,,,,
2012-03-09,166.3800048828125,0.006655409678363311,0.1600735825192406,0.1467927889649447,,0.23294596130841708,,,,
2012-03-12,165.07000732421875,-0.007873527588344698,0.10565135329321018,0.1407184879514657,,0.22732735018837835,,,,
2012-03-13,162.3000030517578,-0.016780784815864758,0.12498837563739726,0.14129736136673998,,0.22251828315380723,,,,
2012-03-14,159.57000732421875,-0.01682067576220847,0.26638670056360175,0.15135035923356369,,0.22539129444520384,,,,
2012-03-15,161.0800018310547,0.00946289676961598,0.26701994970513265,0.15970841397542726,,0.22810335527434794,,,,
2012-03-16,161.3000030517578,0.001365788541111801,0.15021882920808216,0.16493921795414748,,0.22419458968737244,,,,
2012-03-19,161.58999633789062,0.0017978504689784014,0.021681220939701252,0.16424476083563772,,0.21742958796555287,,,,
2012-03-20,160.1300048828125,-0.009035159899535072,0.028539991412386168,0.16126751882028173,,0.21092169173910735,,,,
2012-03-21,160.2100067138672,0.0004996054993768873,0.1434287168992388,0.16731485688624978,,0.20749214503976657,,,,
2012-03-22,159.57000732421875,-0.0039947529044891406,0.007930991429948873,0.16488359967233912,,0.20118047836585692,,,,
2012-03-23,161.52999877929688,0.012282956477502438,0.06341473640658735,0.15194203557420616,,0.19566925029394663,,,,
2012-03-26,164.39999389648438,0.0177675672560913,0.1949858892246083,0.15270416374110163,,0.19562831594572933,,,,
2012-03-27,163.24000549316406,-0.007055890793102537,0.2820513861733911,0.16519088458131728,,0.2018598295508947,,,,
2012-03-28,161.50999450683594,-0.010597959618425579,0.11200879389947768,0.16698751475788448,,0.19762415220257423,,,,
2012-03-29,161.27999877929688,-0.0014240340248994343,0.1682373933303544,0.17241420534960178,,0.19598524544626975,,,,
2012-03-30,162.1199951171875,0.0052083106662228484,0.022605839330269585,0.16591923986558973,,0.19009540995243962,,,,
2012-04-02,162.94000244140625,0.005058027072021742,0.08267936864154476,0.1314132903842061,,0.1854137041100921,,,,
2012-04-03,159.88999938964844,-0.01871856515317416,0.08029369054321031,0.12487343414216898,,0.1808379710569056,,,,
2012-04-04,157.2100067138672,-0.01676147780356274,0.297148009771551,0.13721080475088515,,0.18983689275820748,,,,
2012-04-05,158.30999755859375,0.006996951833534437,0.26608021124493697,0.14631218880364777,,0.19525287150240506,,,,
2012-04-09,159.3699951171875,0.006695708261895694,0.11107316692217717,0.13851083288193078,,0.19124983060056794,,,,
2012-04-10,161.10000610351562,0.010855311785985977,0.10629107347449927,0.13921769411684307,,0.18724255761039707,,,,
2012-04-11,161.07000732421875,-0.00018621215493686005,0.1723227323387238,0.1397744736540923,,0.18638105135043878,,,,
2012-04-12,162.6999969482422,0.010119758799926215,0.002956026318362161,0.13510650424614468,,0.18070458436310044,,,,
2012-04-13,160.85000610351562,-0.011370564716820963,0.16064619067537328,0.13672731402059812,,0.17956427795071309,,,,
2012-04-16,160.4600067138672,-0.0024246153239028123,0.18050211904244304,0.132823469406,,0.1796206865027857,,,,
2012-04-17,160.25,-0.0013087791666472892,0.03848957503225898,0.12243572510268756,,0.17440373390990782,,,,
2012-04-18,159.30999755859375,-0.005865849868369688,0.020776225176306527,0.11655197037397048,,0.16916725968570115,,,,
2012-04-19,159.42999267578125,0.0007532177454423472,0.09311747987848296,0.11979907305300604,,0.1655921494157572,,,,
2012-04-20,159.5399932861328,0.0006899618353195525,0.011956961025127232,0.11904529894449425,,0.16057425847955833,,,,
2012-04-23,159.07000732421875,-0.0029458817957397354,0.010952804582287423,0.11302366656645102,,0.15570563500650023,,,,
2012-04-24,159.3000030517578,0.0014458773932806146,0.04676442373991829,0.11478882258054052,,0.15139618478044425,,,,
2012-04-25,159.6199951171875,0.0020087386020055664,0.022952592053465032,0.11294963420085315,,0.14689168039418818,,,,
2012-04-26,161.02999877929688,0.008833502726736775,0.031887736739053686,0.10553608181514612,,0.14263080133038228,,,,
2012-04-27,161.3800048828125,0.0021735459614287134,0.14022750852333876,0.09908954192196191,,0.1424877468684867,,,,
2012-04-30,161.8800048828125,0.003098277264045768,0.03450397246265499,0.09556659549301542,,0.13840528882286499,,,,
2012-05-01,161.32000732421875,-0.003459337420944286,0.04918362680034422,0.09015506065074225,,0.1347286320141579,,,,
2012-05-02,160.58999633789062,-0.004525235266453653,0.05491527910126887,0.09162367154942404,,0.13131503074693393,,,,
2012-05-03,158.97000122070312,-0.010087771057537998,0.07183588283457286,0.09113078583092532,,0.12852487193466275,,,,
2012-05-04,159.47000122070312,0.0031452475068289854,0.16013840100720353,0.09476009085201591,,0.13063760022329257,,,,
2012-05-07,159.0800018310547,-0.0024455972073937904,0.04992925628889254,0.08352287478462234,,0.12724695467707067,,,,
2012-05-08,156.0,-0.019361338921316418,0.03882265210678813,0.07319298573288831,,0.12373646239128322,,,,
2012-05-09,154.47000122070312,-0.00980768448267233,0.3073517270102328,0.08211473846416356,,0.14163323918972284,,,,
2012-05-10,154.77000427246094,0.0019421444253708842,0.15569216447122894,0.08436024260037855,,0.14251589027696182,,,,
2012-05-11,153.55999755859375,-0.007818095757993637,0.030830586958210816,0.07792878144671887,,0.138380503496989,,,,
2012-05-14,151.3300018310547,-0.014521983348483536,0.12410842261044108,0.08343570855090426,,0.137565940395748,,,,
2012-05-15,149.74000549316406,-0.010506815031071648,0.23052933890105082,0.08661221528843507,,0.14483629118835456,,,,
2012-05-16,149.4600067138672,-0.0018698996195085638,0.16679051786142576,0.08598896068929793,,0.14624651374099457,,,,
2012-05-17,152.8000030517578,0.022347090779173184,0.02968373621924377,0.08558869528870633,,0.14197756043215856,,,,
2012-05-18,154.5500030517578,0.011452879352412237,0.35474906836486125,0.10076927907000427,,0.16278508560871122,,,,
2012-05-21,154.64999389648438,0.000646980541909592,0.18180882337265555,0.10480070377428484,,0.16398875554807493,,,,
2012-05-22,152.0800018310547,-0.016618119410660492,0.010270497701943495,0.10472404635050375,,0.15901289952961878,,,,
2012-05-23,151.6199951171875,-0.0030247679400885463,0.2638044673090975,0.11621730374717694,,0.16716328515000486,,,,
2012-05-24,151.41000366210938,-0.001384985238363945,0.04801670245893248,0.11627422550713212,,0.1624970347142221,,,,
2012-05-25,152.67999267578125,0.00838774838488221,0.021985959061239072,0.11623028764384914,,0.15763873907517387,,,,
2012-05-29,151.02000427246094,-0.010872337457110914,0.13315137771709207,0.12083318041557817,,0.1562777370486778,,,,
2012-05-30,151.91000366210938,0.005893254962718419,0.17259300648892717,0.12230433941401399,,0.1573043800552469,,,,
2012-05-31,151.6199951171875,-0.0019090812845146132,0.09355252226430098,0.12498836440499791,,0.15422422757405002,,,,
2012-06-01,157.5,0.038781196888100666,0.030305725868600464,0.12413027799900954,,0.14971009267844637,,,,
2012-06-04,157.32000732421875,-0.0011428106398809756,0.6156324150680782,0.14961742054295543,,0.2093048527095226,,,,
2012-06-05,157.13999938964844,-0.0011442151423203262,0.01814155649258193,0.1471767693455922,,0.20297723283661168,,,,
2012-06-06,157.2100067138672,0.0004455092560180507,0.01816385227760376,0.14072338076697402,,0.19684401733042672,,,,
2012-06-07,154.5,-0.01723813115026185,0.007072240189207008,0.1387753345806247,,0.19085521770214217,,,,
2012-06-08,154.72999572753906,0.0014886454856897213,0.2736468485466519,0.14944916169152758,,0.1968073350763508,,,,
2012-06-11,155.36000061035156,0.004071640277957922,0.023631514472843788,0.13655278839437354,,0.1908995715554137,,,,
2012-06-12,156.4600067138672,0.007080368815616023,0.0646352856215434,0.1324138393557515,,0.18575992798146967,,,,
2012-06-13,157.1199951171875,0.004218256263578635,0.11239737046042161,0.13612142042403377,,0.1821931280983039,,,,
2012-06-14,157.75,0.004009705335992431,0.06696274223861756,0.13352388949804178,,0.1774026953052214,,,,
2012-06-15,157.83999633789062,0.0005704997647584253,0.06365209889810795,0.12593856040699894,,0.17270352835165775,,,,
2012-06-18,157.92999267578125,0.0005701744803514597,0.009056403003429867,0.11876882791345368,,0.1674569774268208,,,,
2012-06-19,157.16000366210938,-0.004875508449193711,0.009051239273552676,0.11783098714319498,,0.16237070064372572,,,,
2012-06-20,155.97000122070312,-0.0075719166052243825,0.0773962972293645,0.1052240430006724,,0.1585616629938375,,,,
2012-06-21,152.02000427246094,-0.025325363321968553,0.12020044971326493,0.102423662379791,,0.15652533916195577,,,,
2012-06-22,152.63999938964844,0.004078378501268132,0.40202767927371236,0.12023080699668959,,0.1809081153124751,,,,
2012-06-25,153.75999450683594,0.00733749424571517,0.0647422516004868,0.11118252446448001,,0.1761123929861131,,,,
2012-06-26,152.6199951171875,-0.007414148220444616,0.11647911012317881,0.11429445208558212,,0.17311465406256826,,,,
2012-06-27,152.8300018310547,0.001376010487393442,0.11769595424801127,0.11864490641225359,,0.1702988628937713,,,,
2012-06-28,151.0500030517578,-0.011646919832302038,0.021843489306358953,0.11358545693903843,,0.16519754484326166,,,,
2012-06-29,155.19000244140625,0.027408138404537707,0.1848891204970638,0.11414437121213555,,0.1664447485071176,,,,
2012-07-02,155.08999633789062,-0.0006444107348563266,0.4350907087058724,0.129668834232207,,0.19339043030975572,,,,
2012-07-03,157.4600067138672,0.015281516744723334,0.010229703279661335,0.1287562877508916,,0.18751572156227414,,,,
2012-07-05,155.67999267578125,-0.011304546946454441,0.24258655777444355,0.11179965787390818,,0.19126764327457563,,,,
2012-07-06,153.7100067138672,-0.012654072807009586,0.17945411942743833,0.11913204709821984,,0.19057948352524817,,,,
2012-07-09,154.0399932861328,0.002146812555150701,0.2008771783167144,0.12743719828181577,,0.19121298495242003,,,,
2012-07-10,152.14999389648438,-0.012269536951600046,0.03407959279439935,0.12866480521841542,,0.18557571607365947,,,,
2012-07-11,152.99000549316406,0.005520944005105832,0.1947728608551076,0.12507962395970887,,0.18614036008350623,,,,
2012-07-12,152.58999633789062,-0.00261460971900751,0.0876422690389377,0.12798920371271313,,0.18174215161110516,,,,
2012-07-13,154.13999938964844,0.010157959820154439,0.04150564255191805,0.12693785630045742,,0.17649861244134116,,,,
2012-07-16,154.2100067138672,0.00045418012518472217,0.16125261307149025,0.1291585491464151,,0.1756211800878204,,,,
2012-07-17,153.47000122070312,-0.0047986866023365105,0.007209885970001752,0.12644251022511438,,0.1702802099747776,,,,
2012-07-18,153.0500030517578,-0.002736679257213992,0.07617678821711946,0.12701181428506947,,0.1661439228449107,,,,
2012-07-19,153.3800048828125,0.0021561700390366756,0.04344343639642314,0.12857486125747822,,0.16143362364251665,,,,
2012-07-20,153.6699981689453,0.0018906850756352789,0.03422813824595684,0.1297192657562239,,0.15674010296883037,,,,
2012-07-23,153.02999877929688,-0.0041647647379081665,0.030013695106033765,0.1275655111142543,,0.15214289861703648,,,,
2012-07-24,153.52000427246094,0.003202022460124132,0.06611359059357665,0.12510701751790484,,0.1483943203606146,,,,
2012-07-25,155.6699981689453,0.014004649795792412,0.050830530731590134,0.1091435107659902,,0.1444113791487316,,,,
2012-07-26,156.77000427246094,0.007066269136341896,0.22231692334930936,0.11630599584548212,,0.15022934635559906,,,,
2012-07-27,157.5399932861328,0.004911583802304831,0.11217354499087095,0.11611028833946814,,0.14822179113677533,,,,
2012-07-30,157.42999267578125,-0.0006982392728160924,0.07796897570610968,0.11430451658756352,,0.14496988334163,,,,
2012-07-31,156.49000549316406,-0.00597082656640302,0.011084204828939778,0.11381545820222629,,0.14057973761293643,,,,
2012-08-01,155.13999938964844,-0.008626788012826792,0.09478393329720047,0.10971976787495978,,0.13826041555832247,,,,
2012-08-02,154.1300048828125,-0.006510213425354183,0.13694601417127666,0.09616773630520542,,0.13818190405252923,,,,
2012-08-03,155.5500030517578,0.009212989839486152,0.10334643423264678,0.10040031498488657,,0.1363429991574324,,,,
2012-08-06,156.3000030517578,0.004821600676860438,0.14625167967987143,0.09602145688967875,,0.136957737432538,,,,
2012-08-07,156.27999877929688,-0.0001279863856068486,0.07654053787340054,0.09134356681904067,,0.13410251216274283,,,,
2012-08-08,156.47999572753906,0.0012797347696722472,0.0020317208851064277,0.08230513693578577,,0.13001816186841886,,,,
2012-08-09,156.99000549316406,0.003259264951112506,0.02031515966805174,0.08167948088458815,,0.12615546525396404,,,,
2012-08-10,157.17999267578125,0.0012101864830207365,0.05173922710507669,0.07517795207776856,,0.12296709391509308,,,,
2012-08-13,155.99000549316406,-0.0075708565852385945,0.019211114844508558,0.07206744506893087,,0.119313854311987,,,,
2012-08-14,155.1300048828125,-0.00551317764002035,0.120183622417662,0.07564371688101014,,0.11936621911906653,,,,
2012-08-15,155.6300048828125,0.003223103102315328,0.08751898181529497,0.07229218818754672,,0.11769864460329736,,,,
2012-08-16,156.55999755859375,0.0059756643744985904,0.05116517555188277,0.07429015589581403,,0.11479923865741183,,,,
2012-08-17,156.72000122070312,0.001021995813774046,0.09486073111986967,0.07513942602775724,,0.1137015689560082,,,,
2012-08-20,157.25999450683594,0.003445592661605268,0.01622368058517123,0.07390216439997305,,0.11030936698566535,,,,
2012-08-21,158.8300018310547,0.009983513792826137,0.05469708781102002,0.07483257119838502,,0.10778484746471505,,,,
2012-08-22,160.5399932861328,0.010766174119276384,0.15848336823840706,0.08067210179531106,,0.11147886626129551,,,,
2012-08-23,161.88999938964844,0.008409157592958794,0.17090771574735095,0.08543547112048264,,0.11590708435487548,,,,
2012-08-24,161.97000122070312,0.000494174015419846,0.13349123835911691,0.08919277601264294,,0.11703665970348077,,,,
2012-08-27,161.36000061035156,-0.003766133270076133,0.007844769295146664,0.07944404173745373,,0.11348752070599263,,,,
2012-08-28,161.63999938964844,0.0017352428001844444,0.05978551222168742,0.07706276752067266,,0.11100049893099621,,,,
2012-08-29,160.58999633789062,-0.006495935756759552,0.027546125481620314,0.07477081978319587,,0.10783029008074324,,,,
2012-08-30,160.52000427246094,-0.0004358432469381279,0.10311978327022764,0.07895425516689077,,0.10755347764468298,,,,
2012-08-31,164.22000122070312,0.02305006759133854,0.0069187970520312005,0.0749603853375649,,0.10429073643145989,,,,
2012-09-04,164.47999572753906,0.001583208530649749,0.3659084792994683,0.08536777011611905,,0.13511959575311877,,,,
2012-09-05,164.30999755859375,-0.0010335492057460538,0.025132656273931304,0.0818125983907229,,0.1311478778775321,,,,
2012-09-06,164.88999938964844,0.0035299241657396063,0.01640708499691433,0.0759105713596794,,0.127216081789053,,,,
2012-09-07,168.44000244140625,0.021529523105697113,0.05603580893678487,0.07497853822619686,,0.12410195925449959,,,,
2012-09-10,167.2899932861328,-0.006827411176709486,0.3417705839009612,0.09042121381782663,,0.14657982956245172,,,,
2012-09-11,167.89999389648438,0.003646366398665668,0.10838179243173697,0.09442424257981231,,0.14457283432348872,,,,
2012-09-12,167.9199981689453,0.00011914397372314589,0.05788427207934937,0.09470356280591563,,0.1408838581815414,,,,
2012-09-13,171.30999755859375,0.02018818143529133,0.0018913519481007504,0.09391630085607891,,0.1365927539772193,,,,
2012-09-14,171.8000030517578,0.002860343822002953,0.32047744500259123,0.10302056551903024,,0.15394957998662945,,,,
2012-09-17,170.39999389648438,-0.008149063622843289,0.045406550502958894,0.10110636409574224,,0.1496734782020205,,,,
2012-09-18,171.72000122070312,0.007746522133214695,0.12936237458451838,0.1046607822335893,,0.14853315626470065,,,,
2012-09-19,171.74000549316406,0.00011649354949172519,0.1229722265408619,0.10593857747999803,,0.14712478618296024,,,,
2012-09-20,171.47000122070312,-0.0015721687657199723,0.0018492777677897982,0.10528519553375344,,0.14264349174257693,,,,
2012-09-21,171.9600067138672,0.0028576747517099488,0.024957405438710497,0.10393339178955753,,0.1384330456123019,,,,
2012-09-24,171.0500030517578,-0.005291949445103139,0.04536418032559666,0.09879161052079345,,0.13467501684367666,,,,
2012-09-25,170.77000427246094,-0.0016369410950092256,0.08400709309481498,0.09484158221840544,,0.13218377379069027,,,,
2012-09-26,169.80999755859375,-0.005621635473730624,0.025985634289536992,0.08995496385160634,,0.12831489485520084,,,,
2012-09-27,172.33999633789062,0.014898997795603108,0.08924069654970006,0.09365477872681333,,0.12631177151176257,,,,
2012-09-28,171.88999938964844,-0.0026110999060248163,0.2365142577075922,0.10168790352162717,,0.13547591465287004,,,,
2012-10-01,172.2899932861328,0.0023270341375569714,0.04144992599811472,0.1023198944541951,,0.13174060052195288,,,,
2012-10-02,172.10000610351562,-0.0011027174532514117,0.0369405217220005,0.09931174620200295,,0.12804736156999605,,,,
2012-10-03,172.41000366210938,0.0018012640766977839,0.017505096886042373,0.09979294164900346,,0.12422054943428017,,,,
2012-10-04,173.61000061035156,0.006960135274945767,0.028594180754980266,0.08446047353334492,,0.1206397854691067,,,,
2012-10-05,172.6199951171875,-0.005702468116373205,0.11048872217324801,0.08834029471058659,,0.12005492839279358,,,,
2012-10-08,172.0500030517578,-0.0033020048751752906,0.0905238749711906,0.09170923970941733,,0.11849079710214988,,,,
2012-10-09,170.99000549316406,-0.006160985410008202,0.05241770236582017,0.09154478031982803,,0.11559637446437229,,,,
2012-10-10,170.83999633789062,-0.0008772977978495078,0.09780261135587409,0.08045532702232407,,0.11460668186990942,,,,
2012-10-11,171.32000732421875,0.0028097108207538746,0.013926670793126482,0.07616191240238722,,0.11116765342058631,,,,
2012-10-12,170.05999755859375,-0.007354714637855864,0.044602776526331586,0.07555820805906824,,0.10833335957796514,,,,
2012-10-15,168.35000610351562,-0.010055224506803517,0.11675247537367853,0.08077916821477632,,0.10885687033878318,,,,
2012-10-16,169.4199981689453,0.006355758993983995,0.15962174053154526,0.07346754528427422,,0.11255032265514202,,,,
2012-10-17,169.5399932861328,0.000708270089035512,0.10089454614686232,0.07598972690445166,,0.11188522328047104,,,,
2012-10-18,168.7899932861328,-0.004423734987025862,0.011243439099921242,0.07062068438242451,,0.10851170394283385,,,,
2012-10-19,166.97000122070312,-0.010782582723043554,0.07022461585035586,0.06822306571467424,,0.1066029657153233,,,,
2012-10-22,167.5800018310547,0.003653354530106512,0.17116819425692933,0.07591938010054422,,0.11153588572676923,,,,
2012-10-23,165.42999267578125,-0.012829747772893363,0.05799520522687839,0.07742109827273368,,0.10906715915582516,,,,
2012-10-24,164.86000061035156,-0.0034455182897020764,0.20366593194456376,0.08461663243723218,,0.11692174820807988,,,,
2012-10-25,166.02000427246094,0.007036295388904268,0.05469590719365777,0.08328430580536139,,0.11414881527031215,,,,
2012-10-26,165.92999267578125,-0.0005421731981886113,0.1116977265013872,0.08718030999680913,,0.11400323606062075,,,,
2012-10-31,166.8300018310547,0.005424029379860196,0.008606732699589604,0.0835151298218041,,0.1105503419860008,,,,
2012-11-01,166.07000732421875,-0.0045555025984209685,0.08610379705810783,0.076678290701373,,0.10923793873237382,,,,
2012-11-02,162.60000610351562,-0.020894809825163896,0.07231636183398256,0.07808131051209426,,0.10738124135211977,,,,
2012-11-05,163.22999572753906,0.0038744747870573804,0.33169482293623603,0.09147923329455952,,0.13206125271412855,,,,
2012-11-06,166.3000030517578,0.018807862553296584,0.06150538048526259,0.09347924618543316,,0.12892144394955266,,,,
2012-11-07,166.49000549316406,0.0011425281895340866,0.29856556205224233,0.10575067260803599,,0.1448170503706303,,,,
2012-11-08,167.99000549316406,0.009009549825869767,0.01813707273232838,0.10155287036072144,,0.14047560855110952,,,,
2012-11-09,167.82000732421875,-0.0010119540650425085,0.14302216958338015,0.10393915647945735,,0.14062970262884195,,,,
2012-11-12,167.4499969482422,-0.0022048049089982147,0.016064272765940153,0.10228672786128098,,0.1364023244573121,,,,
2012-11-13,167.10000610351562,-0.0020901215354142133,0.03500019287174203,0.09943207247563861,,0.13252456104579224,,,,
2012-11-14,167.13999938964844,0.00023933743071213875,0.03317965075563894,0.1003072079284801,,0.12874411472767633,,,,
2012-11-15,166.08999633789062,-0.006282176951012075,0.0037993639265608307,0.09845250735576325,,0.1248255196759344,,,,
2012-11-16,165.8800048828125,-0.0012643233169258306,0.0997264674268797,0.097678597903636,,0.1234635486244897,,,,
2012-11-19,167.8699951171875,0.011996564840836887,0.02007051044019629,0.09133536017221106,,0.1198032657817575,,,,
2012-11-20,167.38999938964844,-0.0028593300857844284,0.1904395629354934,0.09540558820805792,,0.12517063062204198,,,,
2012-11-21,167.55999755859375,0.0010155813941403746,0.04539045793938348,0.09695772542803348,,0.12186567681023769,,,,
2012-11-23,169.61000061035156,0.012234441881278757,0.016121854830238206,0.09449850901802814,,0.11821913316186303,,,,
2012-11-26,169.42999267578125,-0.0010613049579774048,0.19421574388522087,0.0955461249102232,,0.12409835997781415,,,,
2012-11-27,168.7100067138672,-0.004249459912872733,0.016847693904048413,0.0936757834864582,,0.12038857694825214,,,,
2012-11-28,166.5500030517578,-0.012803055990465051,0.06745808481479673,0.08748451770783243,,0.11788486113348283,,,,
2012-11-29,167.17999267578125,0.003782585484718659,0.20324221303443762,0.09423662251877697,,0.1246654478391709,,,,
2012-11-30,166.0500030517578,-0.00675911995172096,0.06004668303244969,0.09188884781564345,,0.12175927767704829,,,,
2012-12-03,166.1300048828125,0.000481793613877457,0.10729770284345137,0.09637480100400078,,0.12094035811315945,,,,
2012-12-04,164.4199981689453,-0.010293184034235181,0.007648236513472974,0.09280863916106287,,0.11727099274165312,,,,
2012-12-05,164.1199951171875,-0.0018246141290523266,0.16339923092164105,0.09694876957413824,,0.12053752575129088,,,,
2012-12-06,164.5,0.00231540881134662,0.028964851344763017,0.08318831631998037,,0.11708063530829503,,,,
2012-12-07,165.16000366210938,0.004012180316774305,0.03675597538962495,0.08206334336108775,,0.11387037699925694,,,,
2012-12-10,165.8000030517578,0.0038750264922358113,0.06369138799999897,0.07138724454053123,,0.11149829849283671,,,,
2012-12-11,165.64999389648438,-0.0009047596653337653,0.06151413853345752,0.07335892934967346,,0.10914667968912593,,,,
2012-12-12,165.77000427246094,0.0007244816202742754,0.014362614424531019,0.06751076775154397,,0.10588009684316255,,,,
2012-12-13,164.3699951171875,-0.008445491459192933,0.01150078918009718,0.0673033366794602,,0.10269320962056026,,,,
2012-12-14,164.1300048828125,-0.0014600610908572786,0.13406802060446704,0.07180641975822043,,0.1048408109133556,,,,
2012-12-17,164.44000244140625,0.001888731794135401,0.02317775127222025,0.07135178796351958,,0.10180536520357852,,,,
2012-12-18,162.0800018310547,-0.014351742734815875,0.029982687723498682,0.07254193904519857,,0.09897681614887119,,,,
2012-12-19,161.69000244140625,-0.002406215358110364,0.2278268529402049,0.0783646838412588,,0.1110086934528448,,,,
2012-12-20,159.72999572753906,-0.012122003118760882,0.038197484630545495,0.07918863721354741,,0.10803285190490555,,,,
2012-12-21,160.3300018310547,0.003756377133691924,0.19243083386514398,0.07927914952853152,,0.11485908242096876,,,,
2012-12-24,160.6199951171875,0.0018087275171267958,0.05963063835791074,0.0799264304566464,,0.1123138507378765,,,,
2012-12-26,160.77999877929688,0.0009961627877814738,0.02871265919878093,0.0804987397461256,,0.10911921009341903,,,,
2012-12-27,161.16000366210938,0.002363508432004169,0.015813594010839552,0.0723895511154719,,0.10586588721613491,,,,
2012-12-28,160.5399932861328,-0.0038471727592938043,0.037519533196123465,0.07332918017420259,,0.10305141354572063,,,,
2012-12-31,162.02000427246094,0.009218955078005298,0.06107197423076137,0.07303890242038281,,0.10102576585174415,,,,
2013-01-02,163.1699981689453,0.007097851290946089,0.14634637490566849,0.07045272795998421,,0.10430181556836571,,,,
2013-01-03,161.1999969482422,-0.012073305404241008,0.11267489615257267,0.07284491946544434,,0.1048230630175703,,,,
2013-01-04,160.44000244140625,-0.004714606211065564,0.19165778161292313,0.07667946850042033,,0.1119489364984304,,,,
2013-01-07,159.42999267578125,-0.006295249004336423,0.07484205338447987,0.07973373290364792,,0.11007583975346337,,,,
2013-01-08,160.55999755859375,0.007087781062064646,0.0999339798402069,0.07684894876358274,,0.10949382214164646,,,,
2013-01-09,160.49000549316406,-0.0004359246792099425,0.1125150362249779,0.08064668443995614,,0.10967744191290114,,,,
2013-01-10,161.97999572753906,0.00928400637657445,0.006920089749270699,0.07929050781994003,,0.10634973458929088,,,,
2013-01-11,161.05999755859375,-0.0056797023904903154,0.1473790322565232,0.08309449164978205,,0.10924689850660299,,,,
2013-01-14,161.5399932861328,0.002980229323326755,0.09016248027657865,0.0843966890017421,,0.10819680269902046,,,,
2013-01-15,162.55999755859375,0.006314252289550515,0.047309673836789405,0.0858942826113902,,0.10553884375785967,,,,
2013-01-16,162.64999389648438,0.0005536192128581252,0.10023564764082521,0.08992768526869602,,0.10522818915442621,,,,
2013-01-17,163.35000610351562,0.00430379485582244,0.008788432549499589,0.08423315853892478,,0.10204522369007352,,,,
2013-01-18,163.08999633789062,-0.0015917340429129068,0.06832062529407158,0.08628510735809983,,0.10034189796746963,,,,
2013-01-22,163.6699981689453,0.003556329904214506,0.02526799458541779,0.08607080312455072,,0.09748176748230084,,,,
2013-01-23,163.2100067138672,-0.00281048121356553,0.05645498703992243,0.07828117285635604,,0.09551839208071727,,,,
2013-01-24,161.4199981689453,-0.01096751713306432,0.04461500613308041,0.07857287837919855,,0.09325109843041945,,,,
2013-01-25,160.64999389648438,-0.004770191309598659,0.17410393700356971,0.07773983761276336,,0.09996375428013682,,,,
2013-01-28,160.2899932861328,-0.0022409002429438774,0.07572443946839742,0.07847137402687637,,0.09867744668140221,,,,
2013-01-29,160.99000549316406,0.004367160997889918,0.03557318853440234,0.07878321626940464,,0.09606732680312056,,,,
2013-01-30,162.19000244140625,0.0074538599123976645,0.06932653161478439,0.0812156225241294,,0.09467610829293657,,,,
2013-01-31,161.1999969482422,-0.006103985931695921,0.1183263578143075,0.08488866000677413,,0.09625912512495671,,,,
2013-02-01,161.4499969482422,0.0015508685157126223,0.0968977726890258,0.08651710539124068,,0.09629756342067226,,,,
2013-02-04,162.0,0.0034066464054138823,0.024619274452412798,0.08098405537063816,,0.09355850574900546,,,,
2013-02-05,161.9600067138672,-0.00024687213662233365,0.05407883516074353,0.07832059805282775,,0.09167046188848432,,,,
2013-02-06,162.38999938964844,0.0026549312049666263,0.003918973674803136,0.06978701587382229,,0.08888299426300288,,,,
2013-02-07,161.83999633789062,-0.003386926866340456,0.04214572629796047,0.0683008191880714,,0.0867914235608481,,,,
2013-02-08,161.57000732421875,-0.0016682465384403322,0.05376579718260088,0.0662022654309075,,0.08517177812101999,,,,
2013-02-11,159.6999969482422,-0.011573994499016527,0.026482592797544845,0.06229169982056963,,0.08283150091767816,,,,
2013-02-12,159.88999938964844,0.0011897460553353945,0.18373146672016402,0.07032858059197387,,0.09205883555317959,,,,
2013-02-13,159.0500030517578,-0.005253588974277079,0.01888663311442527,0.06448801699460578,,0.08937416710563996,,,,
2013-02-14,158.35000610351562,-0.004401112447727451,0.08339813949892837,0.06418054695925804,,0.08902691852125519,,,,
2013-02-15,155.75999450683594,-0.016356245638453393,0.06986549417230556,0.06520581151996332,,0.08799497670130507,,,,
2013-02-19,155.3300018310547,-0.0027606104965699485,0.25964735005219536,0.07245179799320742,,0.10641209401440735,,,,
2013-02-20,151.44000244140625,-0.025043451643549264,0.04382333304383167,0.07404429347022251,,0.10372729051953222,,,,
2013-02-21,152.6199951171875,0.0077918162754770925,0.3975524701170189,0.08900937732581103,,0.13998809856691616,,,,
2013-02-22,152.97000122070312,0.002293317486000923,0.12369124875850761,0.09348316160640602,,0.1390641548966668,,,,
2013-02-25,154.33999633789062,0.008955972453781325,0.03640528647164576,0.09257181158057527,,0.13512227617784434,,,,
2013-02-26,156.22000122070312,0.012180931238955583,0.14217165516870178,0.09700620471855805,,0.13555557723796255,,,,
2013-02-27,154.57000732421875,-0.01056198875682579,0.19336628877272619,0.09788176616261061,,0.13970049014632138,,,,
2013-02-28,153.0,-0.010157257228600503,0.1676663736049278,0.10206094498699837,,0.1415343566084388,,,,
2013-03-01,152.44000244140625,-0.003660114762050637,0.1612414597763404,0.10777313913435918,,0.1427935017974528,,,,
2013-03-04,152.3000030517578,-0.0009183901036885489,0.058102520582054014,0.10726295681468963,,0.139173055151217,,,,
2013-03-05,152.3800048828125,0.0005252910666555533,0.014578990925416343,0.1025471674106491,,0.1349805309735462,,,,
2013-03-06,153.22999572753906,0.0055780996028989005,0.008338737169766684,0.09852175670522824,,0.1308844192012236,,,,
2013-03-07,152.69000244140625,-0.0035240703595200706,0.08854958602571184,0.10142767995856002,,0.1287375200529458,,,,
2013-03-08,152.7100067138672,0.00013101232655099437,0.05594288264390454,0.1015124093896128,,0.1255656182731971,,,,
2013-03-11,152.99000549316406,0.0018335326238412275,0.002079756208427494,0.10142880859568665,,0.12174144958042689,,,,
2013-03-12,154.19000244140625,0.00784362968269714,0.02910642806044576,0.10083611322125416,,0.11824784464189306,,,,
2013-03-13,153.66000366210938,-0.0034373096238732304,0.12451376109900658,0.10405192976290895,,0.11863313280398234,,,,
2013-03-14,153.67999267578125,0.0001300859898183404,0.05456559866338521,0.10532843002953805,,0.11579307086524518,,,,
2013-03-15,154.0,0.0020822965868685372,0.0020650510686780546,0.09707086568174325,,0.1122666870043578,,,,
2013-03-18,155.3800048828125,0.008961070667613535,0.03305543354839653,0.09771490206510557,,0.10914733240671859,,,,
2013-03-19,156.0800018310547,0.00450506452725441,0.14225258680428576,0.10039010421534908,,0.11141139828744279,,,,
2013-03-20,155.3699951171875,-0.004548992218975756,0.07151568227648361,0.10046511276553899,,0.10942860346796753,,,,
2013-03-21,156.25,0.005663930684613572,0.07221301276426637,0.09194537016154224,,0.10755940337451775,,,,
2013-03-22,155.5500030517578,-0.004479980468749978,0.08991211220757193,0.09404031466898495,,0.10658299589673254,,,,
2013-03-25,155.24000549316406,-0.0019929125844543316,0.07111748519243408,0.07920236080877657,,0.10479408721616547,,,,
2013-03-26,154.72000122070312,-0.003349679554628948,0.03163650649894302,0.07501805434243271,,0.10189673589055047,,,,
2013-03-27,155.36000061035156,0.004136500676053423,0.053174514439834765,0.0757802919773504,,0.09964747782655824,,,,
2013-03-28,154.4499969482422,-0.0058573870914927495,0.06566491252132746,0.0723027127661061,,0.09794159224327917,,,,
2013-04-01,154.6699981689453,0.001424417125607702,0.0929831374603785,0.06773984225190849,,0.09765118531179422,,,,
2013-04-02,152.42999267578125,-0.014482482185829704,0.0226119208654766,0.06114645803647889,,0.09483821324310189,,,,
2013-04-03,150.72999572753906,-0.011152640752650878,0.22990227738377111,0.0642674042913621,,0.10782361948316377,,,,
2013-04-04,150.2899932861328,-0.0029191431956356872,0.17704268335895065,0.06967377532667558,,0.11317695722716417,,,,
2013-04-05,152.80999755859375,0.016767611850665,0.04633996162223039,0.0711174558128944,,0.11031466698021787,,,,
2013-04-08,152.16000366210938,-0.004253608447543744,0.2661775862239145,0.08283740349717385,,0.12526051512898373,,,,
2013-04-09,153.33999633789062,0.007754946420753139,0.06752394076106567,0.08188169234878084,,0.12256571219517265,,,,
2013-04-10,150.75,-0.016890546496319603,0.12310595795965965,0.08493455940858789,,0.12259819407587222,,,,
2013-04-11,151.0500030517578,0.001990069995076782,0.2681291132234101,0.09702771200017803,,0.1358016621426397,,,,
2013-04-12,143.9499969482422,-0.04700434266845255,0.031591381791508194,0.09714066444249904,,0.13189179989093805,,,,
2013-04-15,131.30999755859375,-0.0878082643808128,0.7461708074447256,0.12539780291275898,,0.22306495130057039,,,,
2013-04-16,132.8000030517578,0.011347235708379255,1.3939129836470499,0.18627722950292558,,0.4041684036482709,,,,
2013-04-17,132.8699951171875,0.0005270486733528479,0.18013178251442014,0.19437117184136837,,0.3943321190842124,,,,
2013-04-18,134.3000030517578,0.010762459449999096,0.008366638311108903,0.19324895387603716,,0.3823246669666456,,,,
2013-04-19,135.47000122070312,0.008711825334020373,0.1708487472006876,0.19454877934860085,,0.3730324108949378,,,,
2013-04-22,137.89999389648438,0.01793749652236576,0.1382959397955007,0.19758424559946527,,0.36325133836125034,,,,
2013-04-23,136.8800048828125,-0.007396584908027859,0.28474892964759446,0.207244969094162,,0.35902556999201635,,,,
2013-04-24,138.3699951171875,0.010885375374223738,0.11741714530689164,0.2084951978714038,,0.34927439853835246,,,,
2013-04-25,141.6300048828125,0.023560091643163306,0.172799977006696,0.21311712931750665,,0.3412691592703318,,,,
2013-04-26,140.91000366210938,-0.005083677157950217,0.37400486012220735,0.2286793272094732,,0.3433213346831744,,,,
2013-04-29,142.3000030517578,0.009864447899536888,0.08070087303405539,0.2299305253273923,,0.3334488332146712,,,,
2013-04-30,142.77000427246094,0.003302889744367654,0.15659325577876843,0.23406363183909418,,0.3255581726438698,,,,
2013-05-01,141.11000061035156,-0.011627117828906464,0.05243174922877507,0.2322203869194758,,0.3159015379011855,,,,
2013-05-02,141.9199981689453,0.005740185352492544,0.18457477343839052,0.2395823347636992,,0.3095968759028813,,,,
2013-05-03,142.08999633789062,0.0011978450615743874,0.09112261753266544,0.23327416840683074,,0.3009940396756303,,,,
2013-05-06,142.14999389648438,0.0004222504056590193,0.019015200852676085,0.2260911010201819,,0.2918617170456716,,,,
2013-05-07,140.3800048828125,-0.012451558843968757,0.0067030173862194335,0.22428942173672686,,0.2829751967766108,,,,
2013-05-08,142.4600067138672,0.014816938016144476,0.19766236881736943,0.221175093672793,,0.2785941295040252,,,,
2013-05-09,140.80999755859375,-0.011582262231585427,0.23521159909306213,0.22879725996061098,,0.2761834126723292,,,,
2013-05-10,139.60000610351562,-0.008593079156717032,0.18386271290586623,0.231558930639984,,0.27153079129454244,,,,
2013-05-13,138.42999267578125,-0.00838118464598625,0.13641090266979536,0.22557173925118337,,0.26537088846708345,,,,
2013-05-14,137.80999755859375,-0.004478762912597967,0.13304718159235523,0.23018336651485824,,0.25934243596226375,,,,
2013-05-15,134.6300048828125,-0.02307519579215711,0.07109815708772121,0.1994982460440853,,0.2520442144185551,,,,
2013-05-16,134.08999633789062,-0.004011056416375558,0.3663073771210308,0.15278890029290262,,0.2603182178268589,,,,
2013-05-17,131.07000732421875,-0.02252210527369891,0.06367354663427803,0.1474953441165325,,0.2528693324487137,,,,
2013-05-20,135.1199951171875,0.030899424480465454,0.35752733733494174,0.1633662849812522,,0.2603379979026946,,,,
2013-05-21,132.8800048828125,-0.01657778504530205,0.4905131569819967,0.17789648542585715,,0.2795451845287468,,,,
2013-05-22,131.94000244140625,-0.007074069889109635,0.2631641791089292,0.18357231448555844,,0.27858948776216064,,,,
2013-05-23,134.61000061035156,0.02023645687084974,0.11229737810204617,0.17573360759712442,,0.2714995738446079,,,,
2013-05-24,133.75999450683594,-0.006314583609401292,0.32124379378411644,0.1849984552551801,,0.2747383336642781,,,,
2013-05-28,133.49000549316406,-0.002018458618119001,0.10024090718040266,0.18170031571762132,,0.2674979948221813,,,,
2013-05-29,134.8300018310547,0.010038177262336356,0.032042037211307814,0.16615655103985316,,0.2594676629731989,,,,
2013-05-30,136.6999969482422,0.013869280514663629,0.15935112391515108,0.16973156244353935,,0.25457342139867706,,,,
2013-05-31,133.9199981689453,-0.020336494816085793,0.22016800263116326,0.17262132366410274,,0.25264125995693276,,,,
2013-06-03,136.50999450683594,0.01933987733947884,0.32283184693270345,0.18491223719609948,,0.2573930339817061,,,,
2013-06-04,135.22999572753906,-0.009376593881796569,0.30701103496052706,0.19047752181074207,,0.26063662451969655,,,,
2013-06-05,135.52000427246094,0.002144557820634496,0.14884881333650096,0.19310143980182548,,0.25531337840477747,,,,
2013-06-06,136.52999877929688,0.007452733729297778,0.034043799993585235,0.19378455794459407,,0.2476759268479551,,,,
2013-06-07,133.27999877929688,-0.023804292309807185,0.11830848021182935,0.19885753352757635,,0.24187305894827552,,,,
2013-06-10,133.94000244140625,0.0049520083144831695,0.37788142552582266,0.20704930883250608,,0.2521112539172773,,,,
2013-06-11,133.25,-0.005151578533889478,0.0786106949426796,0.19993108591657952,,0.2451882088767721,,,,
2013-06-12,134.25,0.007504690431519689,0.08177877396054173,0.19529090687361023,,0.2385612885153352,,,,
2013-06-13,133.74000549316406,-0.0037988417641410255,0.11913326728996264,0.19450555981089063,,0.2331273540319155,,,,
2013-06-14,134.42999267578125,0.005159168194085684,0.06030474346801824,0.19119908535069347,,0.2265075299656313,,,,
2013-06-17,133.77000427246094,-0.004909532390677707,0.0818992560810296,0.19169004439584383,,0.22052158795016202,,,,
2013-06-18,132.1300048828125,-0.012259844040283574,0.07793641055609771,0.17858227318834688,,0.21465420925842446,,,,
2013-06-19,130.58999633789062,-0.011655252312203657,0.19461899065816604,0.18453433882579634,,0.21350512141563752,,,,
2013-06-20,123.5999984741211,-0.053526288841325154,0.18502139451480856,0.17669315960669937,,0.21190409539259975,,,,
2013-06-21,125.05000305175781,0.011731428766484253,0.8497034932701479,0.19301999307434262,,0.29245325522899596,,,,
2013-06-24,123.93000030517578,-0.008956439178321896,0.18623065823751941,0.1895230148529149,,0.28718997821729236,,,,
2013-06-25,123.47000122070312,-0.003711765378358045,0.14217906419109252,0.1908812733115079,,0.28061056956358077,,,,
2013-06-26,118.27999877929688,-0.04203452166594779,0.058922448696929725,0.17895757580754487,,0.27244461004647513,,,,
2013-06-27,115.94000244140625,-0.019783533666219544,0.6672773448459258,0.20473195933779592,,0.31062524834187427,,,,
2013-06-28,119.11000061035156,0.02734171211137726,0.31405386080934494,0.2175506785922522,,0.31083203158998807,,,,
2013-07-01,121.12999725341797,0.016959085154188536,0.43403622399256186,0.23003636495940719,,0.3195665898914983,,,,
2013-07-02,120.05000305175781,-0.00891599295095069,0.2692171306869021,0.2322658707801226,,0.3167713826400761,,,,
2013-07-03,120.73999786376953,0.005747561803178369,0.14153700023652263,0.22402519593029616,,0.30907187784442697,,,,
2013-07-05,118.08999633789062,-0.021948000437012505,0.0912397150571036,0.21421740866195876,,0.30048857094745823,,,,
2013-07-08,119.51000213623047,0.01202477637713506,0.3484137055888323,0.22328854012797386,,0.30357751070916206,,,,
2013-07-09,120.62000274658203,0.009287930637690511,0.19088740719038164,0.23041779500055545,,0.2980201785807483,,,,
2013-07-10,120.94999694824219,0.0027358165656277134,0.1474413279704799,0.2317420153532214,,0.29118963227155764,,,,
2013-07-11,124.23999786376953,0.027201331116488037,0.04342974159205049,0.21653966608350447,,0.28251917877054544,,,,
2013-07-12,124.12999725341797,-0.0008853880573321815,0.43180774478490164,0.23259407743996918,,0.29362482336847096,,,,
2013-07-15,124.18000030517578,0.0004028281065351358,0.014055099680925302,0.22951572860907749,,0.28470064529940614,,,,
2013-07-16,124.88999938964844,0.0057174994582687155,0.006394697945994013,0.2243912481843516,,0.2760319610435965,,,,
2013-07-17,123.31999969482422,-0.01257106015291043,0.09076249012635325,0.22577569121427593,,0.26854477221378814,,,,
2013-07-18,124.01000213623047,0.0055952192921973065,0.19955939328620761,0.23112387926905678,,0.2649127291945021,,,,
2013-07-19,125.11000061035156,0.008870239941716207,0.08882135266814949,0.23161864936505913,,0.2577622602424777,,,,
2013-07-22,128.83999633789062,0.029813729592696125,0.14081069373151892,0.22917281768657516,,0.2522787326057059,,,,
2013-07-23,129.7100067138672,0.006752642042110235,0.47327828494560575,0.24227540361524777,,0.27067586794854104,,,,
2013-07-24,127.4800033569336,-0.017192222970528803,0.10719486921637818,0.20852501161280365,,0.263740297185495,,,,
2013-07-25,128.6699981689453,0.009334756673011979,0.2729180787863481,0.21246534891047772,,0.2642999514975921,,,,
2013-07-26,128.77999877929688,0.0008549048878288001,0.14818466823654228,0.21273833091254363,,0.2588063334888739,,,,
2013-07-29,128.47000122070312,-0.002407187152758228,0.013571194366851448,0.2106769102611764,,0.250944069062629,,,,
2013-07-30,128.1199951171875,-0.0027244189319679535,0.03821291139232752,0.18208307237692195,,0.24347928832997606,,,,
2013-07-31,127.95999908447266,-0.0012487983048118378,0.04324880976686043,0.16977375187499083,,0.23629951668953184,,,,
2013-08-01,126.61000061035156,-0.010550160079556559,0.019824058513266952,0.15094592617138652,,0.2291523368639303,,,,
2013-08-02,126.36000061035156,-0.001974567560183438,0.16747859917456842,0.14632144746628042,,0.22592718019679864,,,,
2013-08-05,125.69999694824219,-0.005223200846164788,0.03134528826684564,0.14131273328584057,,0.2191790522207084,,,,
2013-08-06,123.97000122070312,-0.013762893950199584,0.08291574292016501,0.1409343709159797,,0.21347035096674694,,,,
2013-08-07,124.1500015258789,0.0014519666322767577,0.21847916827670083,0.13502825558361012,,0.2137741895449656,,,,
2013-08-08,126.86000061035156,0.02182842570410881,0.023049255725809622,0.12739924869885685,,0.20733865042495403,,,,
2013-08-09,126.86000061035156,0.0,0.3465155155507314,0.1364480754070501,,0.218207096936562,,,,
2013-08-12,129.1300048828125,0.017893774724416334,0.0,0.1344739962437751,,0.2115596297129328,,,,
2013-08-13,127.73999786376953,-0.010764399957271187,0.2840548676221137,0.12775795637273926,,0.2165946868646732,,,,
2013-08-14,129.0,0.009863802703161229,0.1708795517986432,0.13488634055990825,,0.21412718685094567,,,,
2013-08-15,131.69000244140625,0.020852732103924465,0.15658301360382765,0.14171308218071887,,0.21111731200622372,,,,
2013-08-16,132.5800018310547,0.006758291238125214,0.331026859819421,0.15263418989404015,,0.22016133897286236,,,,
2013-08-19,132.00999450683594,-0.004299346178506691,0.10728454742295672,0.1484398787184378,,0.21506592643784628,,,,
2013-08-20,132.4499969482422,0.0033330994600069275,0.0682500047310277,0.14750481744856866,,0.2091832577919229,,,,
2013-08-21,132.07000732421875,-0.002868928899801504,0.052911313597332046,0.1435093910788329,,0.20322439235094608,,,,
2013-08-22,132.80999755859375,0.0056030150173187465,0.045542834388005535,0.12406687059894198,,0.19734891287633732,,,,
2013-08-23,134.89999389648438,0.01573673952496346,0.08894510596791398,0.12323733590582996,,0.19257328922050032,,,,
2013-08-26,135.4499969482422,0.004077116950649051,0.24981299538032425,0.1221871048419198,,0.1964784857880977,,,,
2013-08-27,136.75,0.009597660251366102,0.06472222510526036,0.11839335742686151,,0.19115152534124136,,,,
2013-08-28,136.7100067138672,-0.0002924554744629937,0.15235813315922625,0.12470185464469674,,0.18904854230131507,,,,
2013-08-29,135.8699951171875,-0.0061444777662679195,0.004642586729930895,0.12317593079640599,,0.18329288988438608,,,,
2013-08-30,134.6199951171875,-0.009199970890717113,0.09754056063546346,0.12564373765406975,,0.17930799238010647,,,,
2013-09-03,136.4199981689453,0.013370993292570743,0.14604501027522523,0.13138105364324967,,0.17748809386851475,,,,
2013-09-04,134.66000366210938,-0.012901294021836374,0.21225793820432937,0.13341647814460245,,0.17976403421435322,,,,
2013-09-05,132.1999969482422,-0.01826828046165707,0.20480169343622012,0.14130086019775584,,0.1813637933416111,,,,
2013-09-06,134.14999389648438,0.014750355470928067,0.28999996189394905,0.15071377924201876,,0.18964507554126636,,,,
2013-09-09,133.91000366210938,-0.0017889694021170355,0.23415463395526015,0.15142630040922597,,0.19260592657702094,,,,
2013-09-10,131.74000549316406,-0.016204899631104497,0.028399008846633503,0.15166947100562708,,0.18686789611285687,,,,
2013-09-11,131.6999969482422,-0.00030369320824075174,0.25724480666798893,0.14761171151095695,,0.19182003908675915,,,,
2013-09-12,127.66999816894531,-0.030599839579955712,0.0048209802231862844,0.14783084697564725,,0.18598017706882042,,,,
2013-09-13,127.81999969482422,0.0011749160180953844,0.48575739412220387,0.15699914363474224,,0.21603454224605026,,,,
2013-09-16,126.44999694824219,-0.010718218978665095,0.01865121357159991,0.15007967371533118,,0.20950307898194345,,,,
2013-09-17,126.5,0.00039543735045155515,0.17014645149048332,0.15069619361927009,,0.20735244535338324,,,,
2013-09-18,132.00999450683594,0.04355726882874267,0.0062773733304066605,0.13593485332431487,,0.20104153482139422,,,,
2013-09-19,131.75,-0.0019695062317609535,0.6914502066602325,0.16248783783510015,,0.2582224624182995,,,,
2013-09-20,127.95999908447266,-0.028766610364533873,0.03126494216898855,0.16080669862773472,,0.2504730713830484,,,,
2013-09-23,127.55000305175781,-0.0032040953082860257,0.45665578252109845,0.1791587199424514,,0.26736608637104975,,,,
2013-09-24,127.66000366210938,0.000862411663815621,0.050863436176041936,0.1794005654782712,,0.25952027289070767,,,,
2013-09-25,128.7899932861328,0.0088515556290778,0.013690360741305444,0.1759798952406981,,0.2516365857291522,,,,
2013-09-26,127.79000091552734,-0.007764519160924133,0.1405140894635625,0.17101176315357258,,0.2463866180640619,,,,
2013-09-27,128.97000122070312,0.009233901688096902,0.12325792049880696,0.17367247658055196,,0.24078109254118057,,,,
2013-09-30,128.17999267578125,-0.006125521729428818,0.14658364498514348,0.1734099998453664,,0.23619104206644445,,,,
2013-10-01,124.58999633789062,-0.028007462498232272,0.0972396428795456,0.17761895694307614,,0.23023112026858453,,,,
2013-10-02,127.05999755859375,0.019825036466045276,0.44460468374574236,0.19339459890263425,,0.2483674417153724,,,,
2013-10-03,127.18000030517578,0.0009444573342345386,0.31471269733165563,0.20106131195065383,,0.2528395693907315,,,,
2013-10-04,126.52999877929688,-0.005110878473967517,0.014992795381773593,0.1920947145496286,,0.24516456516697246,,,,
2013-10-07,127.63999938964844,0.008772628001741278,0.08113268053914813,0.18647339578157984,,0.2385252080678017,,,,
2013-10-08,127.4000015258789,-0.0018802715834939088,0.13926115222253357,0.1796216317056064,,0.23376107139954178,,,,
2013-10-09,126.11000061035156,-0.010125595761985129,0.02984838604311902,0.17033498407323636,,0.22675766747943213,,,,
2013-10-10,124.2699966430664,-0.014590468308459559,0.1607388495754933,0.17635043137909362,,0.2233475230237424,,,,
2013-10-11,122.5999984741211,-0.013438466355977674,0.23161650393691943,0.1751855085276814,,0.22385227578058775,,,,
2013-10-14,122.83000183105469,0.0018760469803933422,0.21332903988015195,0.184663147602998,,0.22323487103315798,,,,
2013-10-15,123.7300033569336,0.007327212508852821,0.02978132254796671,0.16393696253144177,,0.21655713984267894,,,,
2013-10-16,123.54000091552734,-0.0015356214034694116,0.11631589261047731,0.16837626612411805,,0.21188425694292962,,,,
2013-10-17,127.41999816894531,0.031406809330291274,0.024377234049168254,0.16175039260405824,,0.2055161721428152,,,,
2013-10-18,126.8499984741211,-0.004473392740662718,0.49856764177184254,0.18412722298775988,,0.23370251345849347,,,,
2013-10-21,126.9800033569336,0.0010248709844409287,0.07101290825109126,0.1559255276055262,,0.22724969284314767,,,,
2013-10-22,129.33999633789062,0.01858554826403047,0.01626932250453987,0.15524390852986944,,0.2203627894512866,,,,
2013-10-23,128.69000244140625,-0.00502546710134677,0.2950364321184771,0.14789757442065937,,0.22554148889483502,,,,
2013-10-24,129.89999389648438,0.009402373394382657,0.07977681703260112,0.1492118190050484,,0.21954199109117198,,,,
2013-10-25,130.4600067138672,0.004311107341768539,0.14925805041184045,0.15537398671734548,,0.21597093007602727,,,,
2013-10-28,130.55999755859375,0.0007664482567892872,0.06843670740974576,0.1520977420785356,,0.21006154111330147,,,,
2013-10-29,129.77000427246094,-0.006050806532669206,0.01216698888158056,0.1470481542777526,,0.20368402521726683,,,,
2013-10-30,129.60000610351562,-0.0013099958645943488,0.09605357590084646,0.14475133295573908,,0.1988756610739134,,,,
2013-10-31,127.73999786376953,-0.014351914754235806,0.020795539657438144,0.14127660099109784,,0.19288438019111231,,,,
2013-11-01,126.94999694824219,-0.0061844444084760974,0.22782958366383976,0.13142318735101136,,0.1951576291769125,,,,
2013-11-04,126.80999755859375,-0.0011027915952256384,0.09817501141159027,0.12158056526373566,,0.19073439696168085,,,,
2013-11-05,126.55999755859375,-0.001971453393369016,0.017506273853395465,0.12169481428517302,,0.184973570411369,,,,
2013-11-06,127.19999694824219,0.005056885287565871,0.03129585240125286,0.11942950391526869,,0.17950229599739712,,,,
2013-11-07,126.16000366210938,-0.008176048043114226,0.08027556527688386,0.11674834087228461,,0.17514125669033076,,,,
2013-11-08,124.27999877929688,-0.014901750382376844,0.12979073897637927,0.12129117509652372,,0.17275627445278596,,,,
2013-11-11,123.87000274658203,-0.0032989703632274603,0.2365579536679848,0.12473749800981877,,0.1772332544068776,,,,
2013-11-12,122.44999694824219,-0.01146367778198043,0.052369530982033695,0.11658990833005124,,0.1723121671447217,,,,
2013-11-13,122.8499984741211,0.003266651987325009,0.18198024312778047,0.11516496302312527,,0.1729074969533555,,,,
2013-11-14,124.2699966430664,0.01155879679757943,0.05185649266954136,0.11616837984683323,,0.16812057608286182,,,,
2013-11-15,124.31999969482422,0.000402374290726204,0.1834902106891498,0.11922175794131831,,0.16908215713496277,,,,
2013-11-18,122.9000015258789,-0.011422121721614165,0.006387493843365235,0.1184040424774182,,0.16393869986791845,,,,
2013-11-19,122.94999694824219,0.00040679757316963716,0.1813205611206001,0.10398372062963443,,0.16503324582830517,,,,
2013-11-20,120.12000274658203,-0.02301744019441898,0.006457711275308768,0.1010493934943716,,0.16001348698470128,,,,
2013-11-21,119.94000244140625,-0.001498504004828649,0.36539053543040895,0.11691853953645656,,0.1791051971856491,,,,
2013-11-22,119.91999816894531,-0.00016678565994454608,0.023788013612465627,0.1045890659680015,,0.17374666481654616,,,,
2013-11-25,120.45999908447266,0.004503009704574623,0.0026476402707903347,0.10108319429701008,,0.1684548898747705,,,,
2013-11-26,119.81999969482422,-0.005312961933526483,0.0714830629776893,0.09754796759545777,,0.1642589925237523,,,,
2013-11-27,119.45999908447266,-0.0030045118616964794,0.08434065600758374,0.09827087434990495,,0.16058940314594364,,,,
2013-11-29,120.69999694824219,0.010380025726374864,0.04769514718315545,0.09988579063634016,,0.1561349052662266,,,,
2013-12-02,117.58000183105469,-0.02584917312405066,0.16477780004664286,0.10300961900660364,,0.15666692544132163,,,,
2013-12-03,117.95999908447266,0.0032318187404347665,0.41034290209735574,0.12071631729932716,,0.18213931984528559,,,,
2013-12-04,119.95999908447266,0.016954900097682968,0.05130353201777039,0.11269240586086947,,0.17703720249577756,,,,
2013-12-05,118.30000305175781,-0.013837913015870562,0.26915069497448324,0.12046402784100096,,0.18386997199051816,,,,
2013-12-06,118.55000305175781,0.0021132712895250982,0.21967005902482384,0.12965329080333862,,0.18621217117504554,,,,
2013-12-09,119.72000122070312,0.009869237780065765,0.03354714170937712,0.12975562213552608,,0.1807263095819564,,,,
2013-12-10,121.81999969482422,0.01754091590969642,0.15666929277490313,0.13322806429452697,,0.17937389741688073,,,,
2013-12-11,120.86000061035156,-0.007880471900160724,0.27845340759211823,0.1399854583225151,,0.1868065132216489,,,,
2013-12-12,118.29000091552734,-0.02126427007980758,0.12509861316994741,0.1349191246635134,,0.18368955539205523,,,,
2013-12-13,119.37999725341797,0.009214610951512325,0.3375598226548947,0.14788231973955251,,0.19635208078034547,,,,
2013-12-16,119.69000244140625,0.002596793391862917,0.14627741403548322,0.14625946387172084,,0.19371297365065543,,,,
2013-12-17,118.6500015258789,-0.008689121015236556,0.041222817126511074,0.14577611498340126,,0.18808294029511421,,,,
2013-12-18,117.61000061035156,-0.00876528362539053,0.13793551990836603,0.14370544722063838,,0.18545687731490476,,,,
2013-12-19,114.81999969482422,-0.023722480240186083,0.1391445638623799,0.14973985949422997,,0.18300893618055655,,,,
2013-12-20,115.94000244140625,0.00975442213515798,0.3765826991830571,0.15861541122434167,,0.1999790144941776,,,,
2013-12-23,115.56999969482422,-0.0031913294703355133,0.15484665091663016,0.1653603630262199,,0.1975620383114746,,,,
2013-12-24,116.0999984741211,0.004585954665539571,0.0506607847810755,0.151054465269432,,0.19194505554912203,,,,
2013-12-26,116.73999786376953,0.005512484048749489,0.07279977341300459,0.15328227253309287,,0.18695004281708336,,,,
2013-12-27,117.12000274658203,0.0032551386822530226,0.08750797139520962,0.15713956031147555,,0.18251782954608306,,,,
2013-12-30,115.38999938964844,-0.014771203179331227,0.05167372461760799,0.1562391358405628,,0.17740970392013966,,,,
2013-12-31,116.12000274658203,0.006326400561529777,0.23448558106630227,0.16306390516141359,,0.18134155653354753,,,,
2014-01-02,118.0,0.0161901240867246,0.10042849547992302,0.16546087553853941,,0.17752979321992937,,,,
2014-01-03,119.29000091552734,0.010932211148536819,0.2570102521725001,0.16965325972607836,,0.1832732223080463,,,,
2014-01-06,119.5,0.0017604081051298959,0.17354347187445734,0.15888964926140117,,0.1827040496871334,,,,
2014-01-07,118.81999969482422,-0.0056903791228098966,0.027945612312936925,0.15782792563845421,,0.1772703613710044,,,,
2014-01-08,118.12000274658203,-0.005891238428211154,0.09033196814777315,0.14969980169178557,,0.17328844747281083,,,,
2014-01-09,118.45999908447266,0.0028783976463331307,0.09352051077140255,0.14396573131663004,,0.16956390542206068,,,,
2014-01-10,120.26000213623047,0.015195028411862932,0.045693146079306676,0.14451782242435413,,0.1647788662316261,,,,
2014-01-13,121.0199966430664,0.0063195949886565295,0.24121359805410034,0.14836074539159033,,0.1703349355368934,,,,
2014-01-14,119.88999938964844,-0.009337277183627424,0.10032046035981138,0.1402637932446673,,0.1669640755806603,,,,
2014-01-15,119.66000366210938,-0.0019183895963796882,0.14822468010213447,0.14131497810522128,,0.16589941449540135,,,,
2014-01-16,119.79000091552734,0.0010863885127820883,0.030453490738525386,0.12735559938174992,,0.16101833340340982,,,,
2014-01-17,120.93000030517578,0.009516648976840125,0.017245882992112327,0.12149052978886944,,0.15617021066548387,,,,
2014-01-21,119.69999694824219,-0.0101712011397469,0.15107211904449755,0.12648367987605066,,0.15586902747659395,,,,
2014-01-22,119.19000244140625,-0.00426060584660215,0.1614628125035221,0.12755310226673955,,0.15621030341242573,,,,
2014-01-23,121.79000091552734,0.021813897314074238,0.06763502102746259,0.12430266850151604,,0.15235494453030754,,,,
2014-01-24,122.29000091552734,0.00410542734412811,0.3462848845088416,0.12292549510723355,,0.17033525956131695,,,,
2014-01-27,120.95999908447266,-0.010875801955168796,0.0651716386692442,0.1188493581868978,,0.1659159279877674,,,,
2014-01-28,120.94999694824219,-8.268961893331817e-05,0.17264800369060007,0.12439423177369437,,0.1663275366292078,,,,
2014-01-29,122.47000122070312,0.012567212160504493,0.0013126570062255477,0.12114481739156804,,0.16126085035983467,,,,
2014-01-30,119.7699966430664,-0.02204625255756343,0.19949830830048979,0.12623528725089897,,0.1638069981659386,,,,
2014-01-31,120.08999633789062,0.002671785119756409,0.34997340964940715,0.13979436384325347,,0.18047618107923707,,,,
2014-02-03,121.31999969482422,0.010242346527122859,0.0424132739008703,0.13106380442664295,,0.1752862971509988,,,,
2014-02-04,120.98999786376953,-0.002720094229185621,0.16259221051507897,0.13388942783733182,,0.17455068726872586,,,,
2014-02-05,121.29000091552734,0.0024795690309509233,0.043180157238522504,0.12416987806760559,,0.16956337292933896,,,,
2014-02-06,121.23999786376953,-0.0004122602966475375,0.03936193808708137,0.11807071744090668,,0.16468028091736395,,,,
2014-02-07,122.16999816894531,0.007670738383060538,0.0065444293221305965,0.11709793639587002,,0.15967150340918612,,,,
2014-02-10,122.91999816894531,0.0061389867499452855,0.12176919680289539,0.11852690133473921,,0.15765453973258772,,,,
2014-02-11,124.36000061035156,0.011714956580352931,0.09745339345365533,0.11870566872938705,,0.15470451350278833,,,,
2014-02-12,124.43000030517578,0.0005628794988796759,0.18596917038920113,0.12508185165256408,,0.15675633718724488,,,,
2014-02-13,125.48999786376953,0.008518826295861315,0.008935435032793695,0.11452375333341379,,0.1519966671128451,,,,
2014-02-14,127.1500015258789,0.01322817507664209,0.13523217504603952,0.11611064945551508,,0.15104327881328988,,,,
2014-02-18,127.4000015258789,0.0019661816515914587,0.20999076931210653,0.11891819896505926,,0.15521274155805154,,,,
2014-02-19,126.2699966430664,-0.00886973994723983,0.031212166094935465,0.11895268420853244,,0.1506784237778879,,,,
2014-02-20,127.5999984741211,0.010532999654813135,0.14080275656527053,0.12456890573458508,,0.15010420754942272,,,,
2014-02-21,127.58000183105469,-0.0001567135055292601,0.1672061858769884,0.12530227240878922,,0.1511848909525339,,,,
2014-02-24,128.99000549316406,0.011051917556613278,0.0024877497762934076,0.1180761331939152,,0.14658045678441162,,,,
2014-02-25,129.2100067138672,0.001705567961347132,0.1754437521911241,0.12297653006499072,,0.14847057319022242,,,,
2014-02-26,128.11000061035156,-0.008513319761305871,0.027075052019063614,0.10846699222454625,,0.14410025657068518,,,,
2014-02-27,128.1999969482422,0.0007024926817724708,0.13514476151992258,0.1116475887177589,,0.14357867982778522,,,,
2014-02-28,127.62000274658203,-0.004524135846074251,0.01115172560287677,0.10430684880468057,,0.13923149328388168,,,,
2014-03-03,130.2899932861328,0.02092141108046075,0.07181843007711157,0.10751165667153904,,0.13613139760048182,,,,
2014-03-04,128.67999267578125,-0.012357054979777349,0.33211710477270173,0.11353978378391232,,0.1550417951549096,,,,
2014-03-05,128.88999938964844,0.0016320075055982208,0.1961621664818589,0.10654836363993284,,0.15781145865778226,,,,
2014-03-06,130.1699981689453,0.009930939447266862,0.02590731598562247,0.10579809282560339,,0.1531354316804894,,,,
2014-03-07,129.08999633789062,-0.008296856773808758,0.15764877637625618,0.10557339127383872,,0.15340997689650923,,,,
2014-03-10,129.1300048828125,0.0003099275393667611,0.13170851812211792,0.1095974076776385,,0.15219517658408135,,,,
2014-03-11,129.86000061035156,0.005653184387327759,0.004919947161687785,0.10803186263557517,,0.14756361957385208,,,,
2014-03-12,131.75999450683594,0.014631094159512248,0.08974152002677376,0.1118135485766953,,0.14474713447054938,,,,
2014-03-13,132.2100067138672,0.003415393334794903,0.23226141932903405,0.11683592232788342,,0.15143101061444922,,,,
2014-03-14,133.10000610351562,0.006731709737936908,0.05421768836000927,0.11487066300544498,,0.14741724248213575,,,,
2014-03-17,131.63999938964844,-0.010969246032428437,0.10686257918911708,0.11127490885998662,,0.1453035079687742,,,,
2014-03-18,130.6199951171875,-0.007748437231769989,0.17413138243012558,0.11878381555986532,,0.14719248337864038,,,,
2014-03-19,128.08999633789062,-0.019369153834579822,0.12300262778794281,0.11822792704813366,,0.14585427083203767,,,,
2014-03-20,127.86000061035156,-0.0017955791561766743,0.30747578491230787,0.12265906412087008,,0.16021717048804435,,,,
2014-03-21,128.47000122070312,0.0047708478604697735,0.028503935439448125,0.12253596272743884,,0.15549314350213497,,,,
2014-03-24,126.18000030517578,-0.01782518014920287,0.0757348618903656,0.1195783311513068,,0.15189330720587452,,,,
2014-03-25,126.41000366210938,0.001822819435546963,0.28296596249829603,0.12484013917954805,,0.16276199287136142,,,,
2014-03-26,125.41000366210938,-0.007910766324103369,0.028936361468594365,0.12604234880192536,,0.15796270801981127,,,,
2014-03-27,124.58999633789062,-0.006538611755630641,0.1255795222411326,0.12377579289510755,,0.15620914532073238,,,,
2014-03-28,124.55999755859375,-0.00024077999982852205,0.10379724375001269,0.12726316524651435,,0.15356969533579742,,,,
2014-03-31,123.61000061035156,-0.0076268221488628996,0.0038222640013466647,0.12129396081385181,,0.14889428742609173,,,,
2014-04-01,123.38999938964844,-0.0017798011456744423,0.12107204819766286,0.1262903391136148,,0.14737314799420834,,,,
2014-04-02,124.31999969482422,0.007537080069503599,0.028253467287614496,0.12431011353227404,,0.14305107329050626,,,,
2014-04-03,123.91999816894531,-0.003217515499202128,0.11964743685292765,0.1146524013541025,,0.14175585894106943,,,,
2014-04-04,125.56999969482422,0.0133150544727203,0.05107647510230803,0.10805759720048655,,0.13800568289025544,,,,
2014-04-07,124.91000366210938,-0.00525600091039935,0.21136993696857706,0.11648771633607537,,0.14346940236388878,,,,
2014-04-08,126.08999633789062,0.009446742784294582,0.08343642779787458,0.11311442776433077,,0.1405921743867436,,,,
2014-04-09,126.31999969482422,0.0018241205774742753,0.14996239264102412,0.11394414933337195,,0.14117192738381884,,,,
2014-04-10,127.01000213623047,0.0054623372630875355,0.028957016456354772,0.11503674339222046,,0.13705492630514857,,,,
2014-04-11,126.93000030517578,-0.0006298860696725139,0.0867119158517449,0.11489903411153733,,0.13456651528548969,,,,
2014-04-14,127.8499984741211,0.0072480750550174555,0.009999131367944255,0.10479620284057871,,0.13049006541343264,,,,
2014-04-15,125.48999786376953,-0.01845913678934663,0.11505962447704193,0.1075617453913529,,0.12961605136862367,,,,
2014-04-16,125.54000091552734,0.0003984624480757315,0.2930297121692068,0.1160238877995388,,0.14472140912417955,,,,
2014-04-17,124.75,-0.006292822285853816,0.006325395266438238,0.1083963429284621,,0.14032116633235156,,,,
2014-04-21,124.23999786376953,-0.004088193476797342,0.09989545687856526,0.10734601697803585,,0.13822942550671988,,,,
2014-04-22,123.77999877929688,-0.003702503963152415,0.06489805950673365,0.09631975673232794,,0.13495790869388544,,,,
2014-04-23,123.76000213623047,-0.0001615498728680942,0.05877542828839407,0.0976957336800073,,0.13163621063413572,,,,
2014-04-24,124.55999755859375,0.006464087011591069,0.002564524727658469,0.09436980926352061,,0.1276275873012273,,,,
2014-04-25,125.43000030517578,0.0069846079289843654,0.10261420011451597,0.08617200188243969,,0.1262665966192998,,,,
2014-04-28,124.87999725341797,-0.004384940209038013,0.11087721351229513,0.08989658606624429,,0.12539650555373055,,,,
2014-04-29,124.86000061035156,-0.00016012686984467894,0.06960876784201298,0.0873524608662843,,0.12276623893567223,,,,
2014-04-30,124.22000122070312,-0.005125735916385876,0.00254193525496937,0.08274994684378234,,0.11902791329413599,,,,
2014-05-01,123.80000305175781,-0.003381083278200081,0.08136853512569275,0.08627477734943444,,0.11711035737746274,,,,
2014-05-02,125.05999755859375,0.01017766135521958,0.053673033096698575,0.08321118575393606,,0.11430132687628948,,,,
2014-05-05,126.22000122070312,0.009275577200982044,0.16156536524486176,0.08927081747926548,,0.11767373437153207,,,,
2014-05-06,125.9800033569336,-0.001901424983746236,0.1472452232422744,0.09052526231514486,,0.11965429637645866,,,,
2014-05-07,124.16999816894531,-0.014367400696601584,0.030184185861825433,0.08957561280421383,,0.11624451259063008,,,,
2014-05-08,124.16999816894531,0.0,0.22807541537774373,0.09033495273190323,,0.1257899964662174,,,,
2014-05-09,124.0999984741211,-0.0005637408058022375,0.0,0.08654238783199984,,0.12195792642675066,,,,
2014-05-12,124.94000244140625,0.006768766942896631,0.008949107856311273,0.08013269306905836,,0.11826291414090638,,,,
2014-05-13,124.5999984741211,-0.002721337927335199,0.10745084408075654,0.08370059432471298,,0.117642215565049,,,,
2014-05-14,125.80999755859375,0.009711068212604923,0.04319990033458139,0.08172277543756919,,0.11454817027523974,,,,
2014-05-15,124.7699966430664,-0.008266440948327514,0.15415842873202287,0.08827547077230002,,0.11730258131664693,,,,
2014-05-16,124.5,-0.0021639548796237307,0.13122568186125322,0.08901029156249145,,0.11818423170344132,,,,
2014-05-19,124.58000183105469,0.0006425849883910928,0.034351718759094624,0.0772522009529409,,0.11489240314674845,,,,
2014-05-20,124.69000244140625,0.0008829716546379096,0.010200720453036952,0.0774283520977863,,0.11142033802071566,,,,
2014-05-21,124.38999938964844,-0.0024059912253092675,0.014016740477346723,0.07352477407954908,,0.10808057347177642,,,,
2014-05-22,124.66999816894531,0.0022509750033825604,0.038193926632631374,0.07231094985799898,,0.10520481121206343,,,,
2014-05-23,124.51000213623047,-0.0012833563412588678,0.035733120398238186,0.07126357222662826,,0.10237470643493758,,,,
2014-05-27,121.8499984741211,-0.02136377492949504,0.020372650334692235,0.07207303248149342,,0.09938132812294696,,,,
2014-05-28,121.19999694824219,-0.005334440164288967,0.339139413174002,0.08282417852965189,,0.1272202105437355,,,,
2014-05-29,120.94000244140625,-0.0021451692523306587,0.08468161235077887,0.08163346938594661,,0.12507654288780332,,,,
2014-05-30,120.43000030517578,-0.004216984669547674,0.03405350617085573,0.08001732112816672,,0.12155275218138971,,,,
2014-06-02,119.69999694824219,-0.006061640414213421,0.06694255630917023,0.08294462208517585,,0.11898506469221465,,,,
2014-06-03,120.01000213623047,0.002589851260583753,0.0962255584386436,0.08361994132667362,,0.11774362134923319,,,,
2014-06-04,119.76000213623047,-0.002083159699607484,0.041112614208910485,0.08304901319541053,,0.11460000684620901,,,,
2014-06-05,120.66000366210938,0.007515042667209704,0.03306913503836052,0.07720827545875138,,0.11140370701432335,,,,
2014-06-06,120.61000061035156,-0.00041441281485321557,0.11929760393685847,0.07593792912668701,,0.11189304660543363,,,,
2014-06-09,120.6500015258789,0.0003316550478809077,0.0065785994893191755,0.07486494792793674,,0.10849630097013191,,,,
2014-06-10,121.38999938964844,0.006133426062251646,0.005264860666512607,0.06473719544106259,,0.10519897152643473,,,,
2014-06-11,121.41000366210938,0.00016479341429698202,0.09736512027312012,0.06916288272620442,,0.1047454638271004,,,,
2014-06-12,122.63999938964844,0.010130925709896266,0.002616014351586303,0.068875014839626,,0.10155651664309089,,,,
2014-06-13,122.95999908447266,0.0026092604078342685,0.1608234598755361,0.07130104283029781,,0.10605071250631928,,,,
2014-06-16,122.41999816894531,-0.00439167956691644,0.04142072486961867,0.07122017121825404,,0.10331935439517412,,,,
2014-06-17,122.27999877929688,-0.001143599017664032,0.06971575183166846,0.06738186772278339,,0.10161699078542297,,,,
2014-06-18,122.66999816894531,0.0031893964143092646,0.018154071601900745,0.06224224907463101,,0.09862163183729657,,,,
2014-06-19,126.94000244140625,0.034808872064872265,0.050630098467980646,0.06298217542503491,,0.09641813679245641,,,,
2014-06-20,126.5,-0.0034662236721584305,0.5525737134138924,0.08763549328689198,,0.16449599448539237,,,,
2014-06-23,126.8499984741211,0.0027667863566884776,0.05502459495033773,0.08949948667202794,,0.16005329934931317,,,,
2014-06-24,126.9800033569336,0.0010248709844409287,0.043921371783864974,0.0897598250879931,,0.15554992873224788,,,,
2014-06-25,126.98999786376953,7.870929730446896e-05,0.01626932250453987,0.0888751070019159,,0.15086389548257184,,,,
2014-06-26,126.7300033569336,-0.002047362085279003,0.0012494713592176286,0.08800587159393979,,0.14626829367052321,,,,
2014-06-27,126.66000366210938,-0.0005523529785370629,0.03250086552810514,0.07406775579185357,,0.14203565497752244,,,,
2014-06-30,128.0399932861328,0.010895228044559557,0.008768331702809195,0.07061715212603677,,0.1377254249085883,,,,
2014-07-01,127.69999694824219,-0.0026553917191390886,0.17295638329944688,0.07693091926824545,,0.14008936339964442,,,,
2014-07-02,127.69999694824219,0.0,0.042153036733813806,0.07580412292391106,,0.1362135847256341,,,,
2014-07-03,127.16000366210938,-0.0042286084497846765,0.0,0.07143023390397273,,0.13206397019618582,,,,
2014-07-07,127.0199966430664,-0.001101030316222662,0.06712707809997968,0.07261270953538496,,0.129092220398422,,,,
2014-07-08,127.06999969482422,0.0003936628332492642,0.017478314416007813,0.07190403587073256,,0.12523275439692508,,,,
2014-07-09,127.83999633789062,0.0060596257567928635,0.006249203743119853,0.06676547222556263,,0.12142730895583377,,,,
2014-07-10,128.5399932861328,0.005475570778272321,0.09619357674357289,0.07083888028257415,,0.12006293404312371,,,,
2014-07-11,128.77999877929688,0.0018671659071103353,0.08692199139264573,0.07455056804285294,,0.11833650154724304,,,,
2014-07-14,125.72000122070312,-0.02376143490914273,0.02964033988027365,0.07147216893408719,,0.11496098871977095,,,,
2014-07-15,124.52999877929688,-0.009465498169358044,0.3772010853818419,0.08849876307182608,,0.14477536641492586,,,,
2014-07-16,124.97000122070312,0.0035333047917720517,0.15026012514875117,0.08801861149333585,,0.14511029815255908,,,,
2014-07-17,127.08999633789062,0.016964032139549223,0.05608947471133024,0.08868537284977729,,0.1413589065553801,,,,
2014-07-18,126.12999725341797,-0.007553695114762116,0.26929566164492524,0.09775718693219805,,0.15210065495463,,,,
2014-07-21,126.33999633789062,0.0016649416399394656,0.11991119251958438,0.10238251061027458,,0.15036374007338968,,,,
2014-07-22,125.73999786376953,-0.004749077817894021,0.026430129160295225,0.10128251200537979,,0.14592673563392083,,,,
2014-07-23,125.62000274658203,-0.0009543114301425737,0.07538927317824523,0.07959231017648673,,0.1426812811584846,,,,
2014-07-24,124.3499984741211,-0.010109888908559905,0.015149224304781833,0.07777979332896147,,0.13838439598909674,,,,
2014-07-25,125.79000091552734,0.011580236904513708,0.1604895110072384,0.08307834511184208,,0.13980929718252522,,,,
2014-07-28,125.58000183105469,-0.0016694417914320248,0.1838305618353342,0.09069476508142364,,0.14283368556413095,,,,
2014-07-29,125.19999694824219,-0.003025998385664419,0.02650156685056379,0.09184258760375755,,0.13863446184356595,,,,
2014-07-30,124.83000183105469,-0.0029552326374293614,0.04803623517690583,0.09254874076961213,,0.13492513466146364,,,,
2014-07-31,123.38999938964844,-0.011535707925047989,0.046912863749877604,0.09428258313538797,,0.1313185190775548,,,,
2014-08-01,124.37999725341797,0.008023323354133804,0.18312368620052344,0.09474473326725509,,0.13498865623606623,,,,
2014-08-04,123.98999786376953,-0.003135547501692204,0.12736630969976798,0.09861806385661663,,0.13454349365341292,,,,
2014-08-05,123.87000274658203,-0.0009677806214606344,0.049775273481044706,0.1008805762875732,,0.13101331708801503,,,,
2014-08-06,125.66999816894531,0.014531326248904408,0.015363041088314267,0.09852766551431569,,0.12707785519526743,,,,
2014-08-07,126.18000030517578,0.0040582648496965135,0.23067765284727684,0.10821854453391883,,0.1355455096104453,,,,
2014-08-08,126.19000244140625,7.92687922512858e-05,0.06442295728039137,0.11086280605834027,,0.13236030035666688,,,,
2014-08-11,125.95999908447266,-0.0018226749543046594,0.0012583530661520765,0.1065475686184575,,0.128328442564472,,,,
2014-08-12,125.98999786376953,0.00023816115842256735,0.028934067899976875,0.10391175391424529,,0.1246207391964758,,,,
2014-08-13,126.19999694824219,0.0016667917138923904,0.003780691182847016,0.10273631533708953,,0.12082783841959881,,,,
2014-08-14,126.30999755859375,0.0008716371870964856,0.02645949817381433,0.08679351591854281,,0.11732608766825953,,,,
2014-08-15,125.4800033569336,-0.006571088731714414,0.013836811383199072,0.0805924562019268,,0.11380234460520999,,,,
2014-08-18,124.95999908447266,-0.004144120645117932,0.10431279976233102,0.08278442552242685,,0.11325539647645828,,,,
2014-08-19,124.68000030517578,-0.002240707277115117,0.06578587578018365,0.07353398071039313,,0.11098128053103064,,,,
2014-08-20,124.22000122070312,-0.003689437627099168,0.035570125296835745,0.06970029583663183,,0.10795252650784434,,,,
2014-08-21,122.87999725341797,-0.010787344663637177,0.05856800663393194,0.07116110844906988,,0.1056424904322383,,,,
2014-08-22,123.19000244140625,0.002522828734679683,0.17124378772034207,0.075518131837347,,0.11068053906451038,,,,
2014-08-25,122.73999786376953,-0.003652930990489689,0.04004866459422116,0.07664992457777606,,0.10775622745855941,,,,
2014-08-26,123.3499984741211,0.004969860037219664,0.05798848174389941,0.07199078688398793,,0.10543471972567908,,,,
2014-08-27,123.31999969482422,-0.00024320048372894476,0.07889408225568866,0.06722094690309494,,0.10403339795043029,,,,
2014-08-28,124.0,0.0055141121217852085,0.0038606879920643896,0.06619181604589043,,0.10086855461674941,,,,
2014-08-29,123.86000061035156,-0.0011290273358744995,0.0875338162534222,0.06798716064027753,,0.10011856736448592,,,,
2014-09-02,121.6500015258789,-0.01784271817844607,0.017922753324706314,0.0666694283482243,,0.09716777955914385,,,,
2014-09-03,122.1500015258789,0.004110152024072278,0.2832443700814782,0.07122036852463133,,0.116998825346062,,,,
2014-09-04,121.4800033569336,-0.005485044294521457,0.06524664063818406,0.06839674720365024,,0.11455491727241969,,,,
2014-09-05,122.05999755859375,0.004774400606131213,0.08707237880086499,0.07009207017273299,,0.11309445289675325,,,,
2014-09-08,120.7300033569336,-0.010896233231708075,0.07579125997931539,0.0728388073950512,,0.11120967972622758,,,,
2014-09-09,120.87000274658203,0.0011596072704027627,0.1729723401507432,0.07021583863611787,,0.11584775837432063,,,,
2014-09-10,120.26000213623047,-0.0050467493711445766,0.018408194735928845,0.06812425852046049,,0.11240904158981085,,,,
2014-09-11,119.47000122070312,-0.006569107778930827,0.08011466259192097,0.07170863622617725,,0.11073728650732091,,,,
2014-09-12,118.37999725341797,-0.009123662477173111,0.10428135311178502,0.07513351282671397,,0.110360581105908,,,,
2014-09-15,118.63999938964844,0.002196335041923403,0.14483365176414942,0.081545011034955,,0.11272664987176728,,,,
2014-09-16,118.83000183105469,0.0016015040659451696,0.03486573790023568,0.08192711284070142,,0.10962571284417248,,,,
2014-09-17,117.54000091552734,-0.010855852020951628,0.02542308889289823,0.08245376181841503,,0.10646834791865965,,,,
2014-09-18,117.77999877929688,0.002041839900460918,0.17233130830293575,0.08554551220662433,,0.11152247912999928,,,,
2014-09-19,117.08999633789062,-0.00585840081981337,0.0324132035617708,0.08402857256033283,,0.1084161634449922,,,,
2014-09-22,116.8499984741211,-0.002049687174615289,0.09299922989857858,0.08663898640586659,,0.1075534845184809,,,,
2014-09-23,117.5999984741211,0.006418485321299405,0.03253777517706406,0.08545579406691807,,0.10458111358630426,,,,
2014-09-24,117.05000305175781,-0.004676831883499655,0.10189029572326039,0.08230336261250526,,0.10442161989534922,,,,
2014-09-25,117.38999938964844,0.0029047102009922554,0.07424240452438735,0.08385762351842191,,0.10286086863938312,,,,
2014-09-26,117.05999755859375,-0.0028111579586888036,0.046110844935227706,0.08331773093620955,,0.10036488131140275,,,,
2014-09-29,117.02999877929688,-0.0002562684087009659,0.044625749128863364,0.08176007943044478,,0.09791940709446509,,,,
2014-09-30,116.20999908447266,-0.007006747871292629,0.004068134869830101,0.08176950883397958,,0.09494161707000168,,,,
2014-10-01,116.7699966430664,0.004818841433659182,0.11122867420062901,0.08284654783157988,,0.09599679729355871,,,,
2014-10-02,116.73999786376953,-0.00025690485706331145,0.07649673624549692,0.08550900160070672,,0.0949398073758113,,,,
2014-10-03,114.61000061035156,-0.018245650954213488,0.0040782381743647055,0.07281963196856521,,0.09205297890171286,,,,
2014-10-06,116.02999877929688,0.012389827775788786,0.2896407296000234,0.08301936328501246,,0.11401241600717213,,,,
2014-10-07,116.36000061035156,0.0028441078559553468,0.19668241848994597,0.08800163781633431,,0.12058167177539125,,,,
2014-10-08,117.47000122070312,0.009539365800353972,0.045148812532217766,0.0866087992960117,,0.11743018398369072,,,,
2014-10-09,117.63999938964844,0.0014471624004321892,0.15143273743806743,0.08562972644543553,,0.11974293157383464,,,,
2014-10-10,117.58999633789062,-0.0004250514452333043,0.02297299090960107,0.08583721718060243,,0.11623137692061572,,,,
2014-10-13,118.5199966430664,0.007908838626913939,0.006747482510975483,0.08250234535874129,,0.11270262070255802,,,,
2014-10-14,118.58999633789062,0.0005906150591197257,0.125548920996935,0.08346905298988447,,0.11351440333385387,,,,
2014-10-15,118.98999786376953,0.0033729786510761084,0.00937572340200303,0.0773118744279687,,0.11008025631213372,,,,
2014-10-16,119.22000122070312,0.001932963787401043,0.05354437612966493,0.07816090343839732,,0.10752963811371845,,,,
2014-10-17,118.98999786376953,-0.001929234646691591,0.030684848848540117,0.07840007434547194,,0.10452444348298001,,,,
2014-10-20,119.80000305175781,0.006807338453066025,0.030625650575013055,0.07195890808511184,,0.10161748647102845,,,,
2014-10-21,120.0199966430664,0.0018363404482848456,0.10806314782235904,0.07539754191513857,,0.10201571142880342,,,,
2014-10-22,119.33999633789062,-0.005665725080780226,0.02915100089166341,0.07249534968755152,,0.09916531604752009,,,,
2014-10-23,118.5199966430664,-0.006871122171836941,0.08994059736363491,0.07510456887785018,,0.09863616464382587,,,,
2014-10-24,118.3499984741211,-0.0014343416618317617,0.10907568296773539,0.07543117738896268,,0.0992934926065045,,,,
2014-10-27,118.05999755859375,-0.0024503668717051896,0.022769467993835685,0.0730914984557558,,0.09643004061972298,,,,
2014-10-28,118.0999984741211,0.00033881853595230105,0.038898368180419474,0.07276365860326452,,0.09397665961669474,,,,
2014-10-29,116.41000366210938,-0.0143098631147065,0.005378577514252714,0.07097969625714584,,0.09112327663837591,,,,
2014-10-30,115.19000244140625,-0.010480209452138567,0.2271620345813373,0.08112032806221435,,0.10440976893903707,,,,
2014-10-31,112.66000366210938,-0.021963701064975805,0.16636816738936278,0.08362666866170225,,0.1091238648790384,,,,
2014-11-03,112.1500015258789,-0.004526913897145546,0.3486629453309429,0.09599785998376799,,0.13596870147126214,,,,
2014-11-04,112.22000122070312,0.0006241613363515697,0.07186253027069606,0.09907896416996485,,0.13299658607802206,,,,
2014-11-05,109.79000091552734,-0.021653896620413504,0.009908254043807956,0.08636385164468233,,0.12896781305347474,,,,
2014-11-06,109.87999725341797,0.0008197134269072315,0.34374495223869683,0.09304851226962557,,0.15074604647201625,,,,
2014-11-07,112.97000122070312,0.02812162399457141,0.013012547243622337,0.09158777293832578,,0.14618846698174498,,,,
2014-11-10,110.45999908447266,-0.02221830671070646,0.44641694131741655,0.10499614584193254,,0.17901421433918663,,,,
2014-11-11,112.04000091552734,0.014303837082656479,0.35270468465692084,0.11998395010317435,,0.1938745967734916,,,,
2014-11-12,111.5,-0.004819715379460576,0.22706637428815613,0.12999844518395529,,0.19602465665722021,,,,
2014-11-13,111.66999816894531,0.0015246472551149193,0.07651060970499594,0.1277694310343217,,0.1909747586996041,,,,
2014-11-14,114.47000122070312,0.025073906131185764,0.024203024844787962,0.128443399281721,,0.1852517857874734,,,,
2014-11-17,114.05000305175781,-0.0036690675676288587,0.39803592012057126,0.14410210582676222,,0.2043650809496937,,,,
2014-11-18,115.05000305175781,0.008768083938990978,0.05824464196463173,0.14535482369567546,,0.1986522776912856,,,,
2014-11-19,113.68000030517578,-0.011907889702234109,0.13918901746265858,0.15028952219056843,,0.19559493536631445,,,,
2014-11-20,114.86000061035156,0.010380016731246,0.18903188875019059,0.15396991950546987,,0.19520737515361306,,,,
2014-11-21,115.38999938964844,0.0046143024245213216,0.16477765725339896,0.1601347675219124,,0.19351657483351842,,,,
2014-11-24,115.11000061035156,-0.0024265428614084206,0.07324978013595483,0.1593760940115633,,0.188477257695927,,,,
2014-11-25,115.37999725341797,0.002345553311048576,0.03852017374155451,0.15616902541037325,,0.18297891762595775,,,,
2014-11-26,115.16000366210938,-0.0019066874375581744,0.03723450448727197,0.15682652706916583,,0.17763893643370465,,,,
2014-11-28,112.11000061035156,-0.02648491624493876,0.03026772472625955,0.15643422509397673,,0.1723868450394814,,,,
2014-12-01,116.58000183105469,0.03987156539441128,0.4204350112708956,0.1753004266283696,,0.19631639463948927,,,,
2014-12-02,115.13999938964844,-0.012352053686644049,0.6329414784987673,0.19374494680643461,,0.24548852133703764,,,,
2014-12-03,116.33000183105469,0.010335265309313835,0.19608277341467223,0.19509561071667594,,0.24280783451847235,,,,
2014-12-04,115.87999725341797,-0.003868344971663107,0.16406725045390477,0.18670489731317422,,0.23881664429772712,,,,
2014-12-05,114.43000030517578,-0.012512918386347494,0.06140807268256669,0.18622969469553194,,0.23202940180383333,,,,
2014-12-08,115.77999877929688,0.011797592156958414,0.19863642135553863,0.19480824775515607,,0.23016248690152388,,,,
2014-12-09,118.19000244140625,0.020815371286221795,0.18728096950006834,0.18769624853976385,,0.2278173256060777,,,,
2014-12-10,117.95999908447266,-0.00194604748441074,0.3304337752249053,0.20212448617527673,,0.23524004464395573,,,,
2014-12-11,117.69000244140625,-0.0022888830549503414,0.030892546099641986,0.1832370136653779,,0.22819918240895604,,,,
2014-12-12,117.41000366210938,-0.002379121195415723,0.036334892061050346,0.16885656854738376,,0.22142625929156262,,,,
2014-12-15,114.38999938964844,-0.025721865073372374,0.03776737813171624,0.16025206872209105,,0.21487995601423532,,,,
2014-12-16,114.94999694824219,0.004895511509587669,0.4083219494454088,0.1753344023466553,,0.23109868158605507,,,,
2014-12-17,114.2699966430664,-0.005915618296901348,0.07771383596894021,0.17776671194320764,,0.22486567326078147,,,,
2014-12-18,115.1500015258789,0.007701101852319869,0.09390752918870654,0.16394269417357743,,0.21922548709642026,,,,
2014-12-19,114.7699966430664,-0.003300085781823392,0.12225120193450345,0.16685208326311707,,0.21464609645546504,,,,
2014-12-22,112.55000305175781,-0.019342978620211615,0.05238723770330912,0.16290654781951028,,0.20850236276983924,,,,
2014-12-23,112.73999786376953,0.0016880924643276618,0.30706026626591537,0.16827147407022502,,0.21568959546284794,,,,
2014-12-24,112.7699966430664,0.00026608816627016196,0.026797637104159003,0.16199965497253233,,0.209221816015284,,,,
2014-12-26,114.83000183105469,0.018267316212737805,0.004224018688608323,0.1588621203612893,,0.20285071540165256,,,,
2014-12-29,113.66999816894531,-0.010101921480555665,0.289984654916895,0.1702923240510775,,0.20910517444544685,,,,
2014-12-30,115.19999694824219,0.013460005313124634,0.16036303200871022,0.17588907530205194,,0.20650533567724275,,,,
2014-12-31,113.58000183105469,-0.014062457987002785,0.21367096022481516,0.18422558600653174,,0.20694227020593,,,,
2015-01-02,114.08000183105469,0.004402183412038685,0.22323459993542008,0.17526193094582834,,0.20795580829254254,,,,
2015-01-05,115.80000305175781,0.015077149308345472,0.06988249520368886,0.149668340796052,,0.20234597821207626,,,,
2015-01-06,117.12000274658203,0.011398960794795743,0.23934232529802973,0.15163468406347738,,0.20475435557132843,,,,
2015-01-07,116.43000030517578,-0.005891414149803653,0.18095289280562823,0.15240221326128298,,0.20340482374513075,,,,
2015-01-08,115.94000244140625,-0.00420851895976293,0.09352330026520497,0.1538619963332211,,0.1985343986440893,,,,
2015-01-09,117.26000213623047,0.011385196369055883,0.06680816733259776,0.14786980296854196,,0.19318062240196968,,,,
2015-01-12,118.55999755859375,0.011086435260788896,0.18073438932094452,0.14757223114221815,,0.19245654800060333,,,,
2015-01-13,118.16000366210938,-0.003373767752371082,0.17599170375758957,0.14055213698461289,,0.19150858018297762,,,,
2015-01-14,117.97000122070312,-0.0016080097792615655,0.053556902724379365,0.14158233501301007,,0.18613732730552376,,,,
2015-01-15,120.94000244140625,0.025175902263040006,0.02552636389011582,0.14109103827796757,,0.18057512025377168,,,,
2015-01-16,122.5199966430664,0.013064281211881523,0.39965505851803257,0.1575404782955274,,0.2005850980490011,,,,
2015-01-20,124.19999694824219,0.013712049879254229,0.20738903486671223,0.14840716399649573,,0.20099982928536164,,,,
2015-01-21,124.2300033569336,0.00024159749942587183,0.21767204367251963,0.1547689007102948,,0.20203896308923716,,,,
2015-01-22,125.2300033569336,0.008049585228834255,0.0038352414051355628,0.15067470581104156,,0.19588629506527971,,,,
2015-01-23,124.2300033569336,-0.007985306821000182,0.12778320403628637,0.15092616045203172,,0.19248082240255643,,,,
2015-01-26,122.98999786376953,-0.00998152990144674,0.1267628159454855,0.1543068685539488,,0.1891826198771556,,,,
2015-01-27,124.4000015258789,0.011464376669647391,0.15845187493909876,0.14755194167545715,,0.187480878075798,,,,
2015-01-28,123.41999816894531,-0.00787784039319106,0.18199133762554734,0.1546062007900657,,0.1871560463454816,,,,
2015-01-29,120.76000213623047,-0.021552390797103027,0.12505683929185704,0.160098601726577,,0.18402199685328896,,,,
2015-01-30,123.44999694824219,0.022275544587827323,0.3421335972480705,0.1624690081961759,,0.19711817143093097,0.1366448138076165,0.13660490599395445,0.14176637378505508,0.14059914129431117
2015-02-02,122.41999816894531,-0.008343449208254805,0.3536133077875313,0.17125311164066775,,0.2098255975433975,0.1366448138076165,0.13660490599395445,0.14176637378505508,0.14059914129431117
2015-02-03,121.05000305175781,-0.011190942147351168,0.13244815008924582,0.1675611657254146,,0.20600418745525778,0.14372562543327788,0.14115790561333916,0.1463891146693407,0.14843858806036783
2015-02-04,121.58000183105469,0.0043783458565487265,0.17765069915041404,0.16548917023518706,,0.20441391339307796,0.14372562543327788,0.14115790561333916,0.1463891146693407,0.14843858806036783
2015-02-05,121.79000091552734,0.0017272502164005221,0.06950408574154807,0.16547196980508977,,0.19891655080821835,0.13676856643357138,0.13451579800863256,0.14282338954641569,0.16263577411764477
2015-02-06,118.63999938964844,-0.025864204796777424,0.027419247147469676,0.15583910261642794,,0.19297366514931577,0.13676856643357138,0.13451579800863256,0.14282338954641569,0.16263577411764477
2015-02-09,119.16999816894531,0.004467285755423989,0.4105815225043017,0.16627676760273127,,0.21241265619545285,0.14900004547392878,0.15300054833546742,0.1502510220218352,0.17721541417885744
2015-02-10,118.47000122070312,-0.005873936049321848,0.07091596286587913,0.16524916135730738,,0.20667300924077844,0.14900004547392878,0.15300054833546742,0.1502510220218352,0.17721541417885744
2015-02-11,117.06999969482422,-0.011817350480741395,0.09324584402161706,0.16645087393408098,,0.20167448036218855,0.13894462215283643,0.14129874405112422,0.14408159984623442,0.17471579996669223
2015-02-12,117.33999633789062,0.0023062837940568404,0.18759462316638792,0.1667627027452375,,0.2008575236979028,0.13894462215283643,0.14129874405112422,0.14408159984623442,0.17471579996669223
2015-02-13,117.9800033569336,0.005454295543013465,0.036611120230877425,0.1604272216758415,,0.1949449732205577,0.13300695469109394,0.13519560123058322,0.14044307398209668,0.1338622510917816
2015-02-17,116.01000213623047,-0.01669775525216033,0.08658425750316978,0.1619284650748774,,0.19019237641863732,0.13300695469109394,0.13519560123058322,0.14044307398209668,0.1338622510917816
2015-02-18,116.33999633789062,0.002844532329830063,0.2650686471014331,0.17281675067539184,,0.1954953577593943,0.13413409330378437,0.13772246857795759,0.14075103853675056,0.1463504840276602
2015-02-19,115.94000244140625,-0.0034381460295276334,0.04515555084608102,0.15670313669030314,,0.18986224015711478,0.13413409330378437,0.13772246857795759,0.14075103853675056,0.1463504840276602
2015-02-20,115.27999877929688,-0.005692631086866906,0.054578876191525516,0.14975722038688555,,0.18456310911666243,0.12520254087537955,0.1272589001437018,0.13410321808252332,0.15581920273441294
2015-02-23,115.43000030517578,0.0013011929863573357,0.09036771696891098,0.14397066008217607,,0.18030448754318593,0.12520254087537955,0.1272589001437018,0.13410321808252332,0.15581920273441294
2015-02-24,115.26000213623047,-0.0014727381832787545,0.020655798297617826,0.14473523085001616,,0.17488489201390997,0.11778111823691381,0.11921840320558738,0.12875245583382527,0.13620865932429574
2015-02-25,115.69999694824219,0.0038174111040851777,0.023378993875587888,0.1399895849336208,,0.16965387283735087,0.11778111823691381,0.11921840320558738,0.12875245583382527,0.13620865932429574
2015-02-26,116.06999969482422,0.0031979494930112207,0.060599522601035315,0.13698216250887307,,0.16515395394285204,0.1107904722011177,0.11154360045813136,0.123324995823422,0.11432749192816224
2015-02-27,116.16000366210938,0.0007754283408443197,0.05076587438311668,0.13208734430178296,,0.16060482319311953,0.1107904722011177,0.11154360045813136,0.123324995823422,0.11432749192816224
2015-03-02,115.68000030517578,-0.004132260173905,0.012309543296552995,0.12437453546864684,,0.15574134380532925,0.10446875725944574,0.10480983971933475,0.11802977765383496,0.1323386195269133
2015-03-03,115.47000122070312,-0.0018153447779967191,0.0655975966366149,0.12167184262068131,,0.15184935587990614,0.10446875725944574,0.10480983971933475,0.11802977765383496,0.1323386195269133
2015-03-04,115.11000061035156,-0.0031176981600916642,0.02881770495851447,0.10743021115297421,0.09816202207161265,0.14739254009419336,0.09947145660659885,0.09992750687321945,0.11313280269794465,0.10192167387890624
2015-03-05,115.0,-0.0009556129768769628,0.0494919239673971,0.09360651188842263,0.09816202207161265,0.14341566948967943,0.09947145660659885,0.09992750687321945,0.11313280269794465,0.10192167387890624
2015-03-06,111.86000061035156,-0.02730434251868208,0.015169885718655364,0.08827568168975945,0.08334024342821722,0.1390962922792179,0.09478079242430118,0.0953816886255241,0.10804958197961036,0.13476559136582578
2015-03-09,111.97000122070312,0.000983377523255502,0.43344300009935854,0.09990260446016602,0.08334024342821722,0.1716370643957302,0.09478079242430118,0.0953816886255241,0.10804958197961036,0.13476559136582578
2015-03-10,111.41999816894531,-0.004912057209624399,0.015610634228548166,0.09745290211866603,0.1190538286118294,0.16645223481822657,0.12013234139198645,0.1262310673281813,0.12413985472619772,0.1470076790187785
2015-03-11,110.75,-0.006013266738071565,0.07797649081432817,0.09975095864897777,0.1190538286118294,0.16250780188842054,0.12013234139198645,0.1262310673281813,0.12413985472619772,0.1470076790187785
2015-03-12,110.72000122070312,-0.0002708693390236494,0.09545765013620364,0.08542714626860969,0.10269958928303936,0.15928273074097307,0.11474455868523765,0.11964270876053217,0.12005323565429835,0.1240707844493539
2015-03-13,110.87999725341797,0.001445050857576513,0.004299917453094117,0.08239914420439218,0.10269958928303936,0.1544339288206107,0.11474455868523765,0.11964270876053217,0.12005323565429835,0.1240707844493539
2015-03-16,110.80999755859375,-0.0006313103946443688,0.022939471205928423,0.07920339998549725,0.08458124578158147,0.1498346462907152,0.10799646935927235,0.1116492303797268,0.11480131398203339,0.10076855504032603
2015-03-17,110.20999908447266,-0.005414660114975933,0.010021741825914258,0.07113190537911207,0.08458124578158147,0.14529081895933213,0.10799646935927235,0.1116492303797268,0.11480131398203339,0.10076855504032603
2015-03-18,112.37000274658203,0.019598980855210835,0.08595506458900033,0.07337481194084493,0.08025753435414781,0.14242946723607083,0.10330594554824922,0.1064133124078176,0.11044293527278735,0.1113947364625279
2015-03-19,112.29000091552734,-0.0007119500676271429,0.3111241757592233,0.08358117186157464,0.08025753435414781,0.15772406003344347,0.10330594554824922,0.1064133124078176,0.11044293527278735,0.1113947364625279
2015-03-20,113.56999969482422,0.011399045051747603,0.011301856949022223,0.07204631776373778,0.09420199272201027,0.15294420644423593,0.11259453590543317,0.11289728767044434,0.11656971841462375,0.07742316135968233
2015-03-23,114.29000091552734,0.006339713151693793,0.18095423034327332,0.07821898501361016,0.09420199272201027,0.15476782765327302,0.11259453590543317,0.11289728767044434,0.11656971841462375,0.07742316135968233
2015-03-24,114.56999969482422,0.002449897428068226,0.1006398262972037,0.08031266456386826,0.10006981319438922,0.15206445385477274,0.11239700535198723,0.11150491155685607,0.11618470401530596,0.09197552061856057
2015-03-25,114.7300033569336,0.001396558108890389,0.03889091599371167,0.07797280997408647,0.10006981319438922,0.147739407198591,0.11239700535198723,0.11150491155685607,0.11618470401530596,0.09197552061856057
2015-03-26,115.4800033569336,0.00653708688272836,0.02216967268544779,0.07804162244626056,0.09138928640651708,0.1433415716261211,0.10620313645836704,0.10518247231259831,0.11129519206279333,0.08696339981665777
2015-03-27,115.05999755859375,-0.0036370435238182175,0.10377303714313019,0.08169589714023975,0.09138928640651708,0.14128031844933742,0.10620313645836704,0.10518247231259831,0.11129519206279333,0.08696339981665777
2015-03-30,113.75,-0.01138534318086215,0.057736276029246164,0.0815657495687948,0.08929087528514965,0.13770450004433749,0.10287359297549814,0.10180705744051204,0.10822074008421137,0.10994121709411495
2015-03-31,113.66000366210938,-0.0007911765968406925,0.180736719886118,0.08747351527347667,0.08929087528514965,0.14065817888564058,0.10287359297549814,0.10180705744051204,0.10822074008421137,0.10994121709411495
2015-04-01,115.5999984741211,0.017068403567705115,0.0125595391102493,0.08748487871955378,0.09602695811435293,0.1364078605196163,0.1029392451693162,0.10326355551764302,0.10748253597345137,0.08204821608643453
2015-04-02,115.27999877929688,-0.0027681634865752702,0.27095250670221205,0.09681919281344455,0.09602695811435293,0.14797159795088882,0.1029392451693162,0.10326355551764302,0.10748253597345137,0.08204821608643453
2015-04-06,116.69000244140625,0.012231121417765056,0.0439432330430859,0.09750671681728872,0.10864668688611676,0.14386701719278067,0.10926672960009215,0.10789000989788536,0.11180651511520916,0.09492251219224698
2015-04-07,116.11000061035156,-0.004970450072155241,0.19416303316105255,0.10408267632609122,0.10864668688611676,0.14736964587244206,0.10926672960009215,0.10789000989788536,0.11180651511520916,0.09492251219224698
2015-04-08,115.47000122070312,-0.00551200918339656,0.07890344876991491,0.10697965646478486,0.11271012288216292,0.14418144480744405,0.10978497551758615,0.10795082513871922,0.11213617566505917,0.10446829496641577
2015-04-09,114.66999816894531,-0.006928232816320268,0.08750043314142908,0.09125499433033352,0.11271012288216292,0.14142266873861692,0.10978497551758615,0.10795082513871922,0.11213617566505917,0.10446829496641577
2015-04-10,115.97000122070312,0.011336906536289382,0.10998228634284042,0.09554461488098318,0.09050291364951298,0.13973587641588445,0.10681809861383909,0.10592544435612194,0.10974040307802509,0.09905053096894878
2015-04-13,115.13999938964844,-0.007157039081814864,0.17996781199082615,0.10018058402536943,0.09050291364951298,0.1424705339690223,0.10681809861383909,0.10592544435612194,0.10974040307802509,0.09905053096894878
2015-04-14,114.44000244140625,-0.006079528851422933,0.11361447320431316,0.10100589416482895,0.094375115556996,0.14090591463009225,0.10805543053748347,0.10702967203251096,0.11021334984992916,0.10828871038025398
2015-04-15,115.43000030517578,0.008650802539753588,0.09650952857584338,0.10519724012495392,0.094375115556996,0.13864362054358711,0.10805543053748347,0.10702967203251096,0.11021334984992916,0.10828871038025398
2015-04-16,115.02999877929688,-0.0034653168571547877,0.13732723296788368,0.11039668384140643,0.09833799937545576,0.13856498995512917,0.10662543303590519,0.10553556821131489,0.10866323019799701,0.11056454241548641
2015-04-17,115.5999984741211,0.004955226470251928,0.05501019970842904,0.11244161374515711,0.09833799937545576,0.13501780763701807,0.10662543303590519,0.10553556821131489,0.10866323019799701,0.11056454241548641
2015-04-20,114.72000122070312,-0.007612433088526105,0.07866178158174601,0.11211010088119099,0.09574680699077744,0.13231508012791765,0.10239586412766288,0.10132602072218377,0.10510507789301221,0.10390864407619876
2015-04-21,115.37999725341797,0.005753103431764384,0.12084362894615648,0.1034609851169607,0.09574680699077744,0.13165498305386855,0.10239586412766288,0.10132602072218377,0.10510507789301221,0.10390864407619876
2015-04-22,113.83000183105469,-0.013433831333510171,0.09132768568368488,0.10709852278671807,0.0876633522880661,0.1295897266741458,0.1011529972876254,0.10063497080266604,0.10363499993667369,0.1122002581578738
2015-04-23,114.66000366210938,0.007291591124513719,0.21325546117953068,0.10856676055200251,0.0876633522880661,0.1360682215922759,0.1011529972876254,0.10063497080266604,0.10363499993667369,0.1122002581578738
2015-04-24,113.05000305175781,-0.01404151891618688,0.11575042066457462,0.10925360575051936,0.0928520706903961,0.13493545443911015,0.1055349251993646,0.10639964233811616,0.10623924037501474,0.10926743511676826
2015-04-27,115.33000183105469,0.02016805588455428,0.22290220249103812,0.11761775513676148,0.0928520706903961,0.14176122800444826,0.1055349251993646,0.10639964233811616,0.10623924037501474,0.10926743511676826
2015-04-28,116.33000183105469,0.008670770693864016,0.32015796178910055,0.13116267736874568,0.11474709486640848,0.15824202428314196,0.12301267999402095,0.12288942423851108,0.11868115374183888,0.09161856057890244
2015-04-29,115.51000213623047,-0.007048909841977813,0.1376442175873869,0.13270227647984825,0.11474709486640848,0.15708234080375658,0.12301267999402095,0.12288942423851108,0.11868115374183888,0.09161856057890244
2015-04-30,113.47000122070312,-0.017660816187341055,0.11189797473593337,0.13516417187560678,0.11756136788181323,0.15474378659527657,0.11926796440528938,0.1187391972528564,0.11695478279369516,0.12760323868156534
2015-05-01,113.08000183105469,-0.0034370263986326366,0.28035676549277005,0.13969235576681824,0.11756136788181323,0.1649996850842689,0.11926796440528938,0.1187391972528564,0.11695478279369516,0.12760323868156534
2015-05-04,114.0999984741211,0.009020132884241638,0.05456110260207544,0.14160151774371943,0.12388470190627049,0.16053042436953405,0.1226514366119702,0.12463485838134795,0.11974544555910865,0.1330527559407522
2015-05-05,114.41999816894531,0.0028045547686559313,0.14319017042675486,0.13579413882210772,0.12388470190627049,0.15954316536215993,0.1226514366119702,0.12463485838134795,0.11974544555910865,0.1330527559407522
2015-05-06,114.36000061035156,-0.0005243625201353241,0.04452092673674328,0.13582039762636489,0.1128267561225711,0.15506678268410928,0.11761400317026958,0.11820025329479761,0.11666654541624509,0.12410272404492917
2015-05-07,113.41999816894531,-0.00821967852736405,0.008323996950727,0.12737316870771373,0.1128267561225711,0.150356649344134,0.11761400317026958,0.11820025329479761,0.11666654541624509,0.12410272404492917
2015-05-08,113.97000122070312,0.004849259924502469,0.13048335144181739,0.12971770973825475,0.1020680242892683,0.14923889902463267,0.11286289179574803,0.11374873752258338,0.11332825580226849,0.11815702305869355
2015-05-11,113.52999877929688,-0.0038606864674344266,0.07697961481767232,0.12923949072353855,0.1020680242892683,0.14591595426480294,0.11286289179574803,0.11374873752258338,0.11332825580226849,0.11815702305869355
2015-05-12,114.5,0.00854400802548061,0.06128649769694374,0.12702604578508866,0.09978906966307256,0.14226503384340447,0.10767639394598685,0.1080402920475755,0.10965183108490127,0.09755923163090557
2015-05-13,116.55000305175781,0.01790395678391099,0.13563192261097023,0.12501077808600433,0.09978906966307256,0.14187579275220286,0.10767639394598685,0.1080402920475755,0.10965183108490127,0.09755923163090557
2015-05-14,117.18000030517578,0.005405381698172951,0.28421650280565763,0.13276541579515636,0.11299526294916556,0.1541679518023988,0.11754981113396971,0.11505672263361527,0.11619084742252887,0.08185998193925129
2015-05-15,117.52999877929688,0.002986844796122101,0.08580777428847378,0.13227897241845774,0.11299526294916556,0.15094194370310213,0.11754981113396971,0.11505672263361527,0.11619084742252887,0.08185998193925129
2015-05-18,117.5199966430664,-8.510283616403047e-05,0.047414691211719,0.12819203870226842,0.11179645388392369,0.14680378511230693,0.11147456970242547,0.10872780786086195,0.11211684498373425,0.08558734902417203
2015-05-19,115.88999938964844,-0.013869956602948319,0.0013509656421377921,0.12575298260834608,0.11179645388392369,0.14233193510380002,0.11147456970242547,0.10872780786086195,0.11211684498373425,0.08558734902417203
2015-05-20,116.08000183105469,0.0016395067944336983,0.22017873519995695,0.13218557140917386,0.11615852224347083,0.14816071507462417,0.11277952250629139,0.11272663289202704,0.11267583159046309,0.12017986771123745
2015-05-21,115.69000244140625,-0.003359746584222556,0.02602636350523357,0.12787569570731372,0.11615852224347083,0.14378853896530458,0.11277952250629139,0.11272663289202704,0.11267583159046309,0.12017986771123745
2015-05-22,115.5999984741211,-0.0007779753253159827,0.05333432358030965,0.12614872470261485,0.1080568881245663,0.1400189569516087,0.10664098402593065,0.10641889751135716,0.10831927317388228,0.1184286916454837
2015-05-26,113.91000366210938,-0.014619332476808355,0.012349975421583975,0.11701665716816274,0.1080568881245663,0.13578711691851436,0.10664098402593065,0.10641889751135716,0.10831927317388228,0.1184286916454837
2015-05-27,113.88999938964844,-0.00017561471177085508,0.23207470840442915,0.12230412479270157,0.11135913876545343,0.14339934752515368,0.1099405467558709,0.11242364729123933,0.11003566269546558,0.12119320963293767
2015-05-28,114.0199966430664,0.0011414281685366845,0.0027877971234598203,0.11229892454872074,0.11135913876545343,0.13903250270051787,0.1099405467558709,0.11242364729123933,0.11003566269546558,0.12119320963293767
2015-05-29,114.0999984741211,0.0007016473724792416,0.018119610440351926,0.09856990857832307,0.09318904366993333,0.13487006271107738,0.10360328473377135,0.10525042037148459,0.10566080638881915,0.09992726081267464
2015-06-01,114.0,-0.0008764108278561666,0.011138306733851872,0.0928196399031624,0.09318904366993333,0.13078983714097356,0.10360328473377135,0.10525042037148459,0.10566080638881915,0.09992726081267464
2015-06-02,114.45999908447266,0.004035079688356591,0.013912590580989937,0.08836575880521043,0.08954527137980053,0.12685123657261324,0.09816329240719911,0.09937717255635824,0.10140081588101721,0.08365806312939211
2015-06-03,113.63999938964844,-0.007164072177032299,0.0640549042543173,0.07853385602164441,0.08954527137980053,0.12398364364843781,0.09816329240719911,0.09937717255635824,0.10140081588101721,0.08365806312939211
2015-06-04,112.83999633789062,-0.007039801619628361,0.11372612012966737,0.0812231750001713,0.07637734151446905,0.12339224077221021,0.09662026469688495,0.09817249251796636,0.09941524023702401,0.08477583844156494
2015-06-05,112.23999786376953,-0.005317250031845466,0.11175338618859819,0.07979423026207327,0.07637734151446905,0.12272504038417321,0.09662026469688495,0.09817249251796636,0.09941524023702401,0.08477583844156494
2015-06-08,112.56999969482422,0.002940144666210953,0.08440872745808027,0.08160731211304313,0.0790541076238425,0.12076936449830594,0.09569234296946645,0.09787489316465794,0.09800467038312419,0.07815274065102548
2015-06-09,112.81999969482422,0.002220840372015198,0.04667334963208316,0.08335046450765024,0.0790541076238425,0.11764705321935573,0.09569234296946645,0.09787489316465794,0.09800467038312419,0.07815274065102548
2015-06-10,113.77999877929688,0.008509121495031247,0.035254747955546305,0.07902189162191063,0.07732644970804405,0.11438948036655551,0.09201818745752575,0.0937807723484399,0.09493354418514963,0.06576767971863484
2015-06-11,113.26000213623047,-0.004570193783136389,0.13507811610892087,0.08166273258969466,0.07732644970804405,0.11573513672394767,0.09201818745752575,0.0937807723484399,0.09493354418514963,0.06576767971863484
2015-06-12,113.2300033569336,-0.0002648664906503839,0.07254957716131406,0.08217469074716603,0.0786614611446825,0.11360788277640481,0.09256677047916316,0.09380104540652724,0.09425719602474668,0.09620106824839644
2015-06-15,113.7300033569336,0.004415790737229308,0.0042046251893719825,0.07620072268254795,0.0786614611446825,0.11015174396976238,0.09256677047916316,0.09380104540652724,0.09425719602474668,0.09620106824839644
2015-06-16,113.31999969482422,-0.003605061549348698,0.0700985047944679,0.06646808640931204,0.06510324119692855,0.10816760291358257,0.0896480673760066,0.0906416667390976,0.09155382023546266,0.09274330884247114
2015-06-17,113.8499984741211,0.004677010066397758,0.05722857792394718,0.06516903202910627,0.06510324119692855,0.1058051185375173,0.0896480673760066,0.0906416667390976,0.09155382023546266,0.09274330884247114
2015-06-18,115.31999969482422,0.012911736850284239,0.07424523309020493,0.06638860211449202,0.06314612884557265,0.1041814810818647,0.0878818414691751,0.08885261386039467,0.08937394889732794,0.08093202313304665
2015-06-19,115.12000274658203,-0.0017342780850801987,0.2049674681985631,0.0756438976852386,0.06314612884557265,0.11279740210470282,0.0878818414691751,0.08885261386039467,0.08937394889732794,0.08093202313304665
2015-06-22,113.63999938964844,-0.01285617895780966,0.02753081110410914,0.06688717386270007,0.06762540185620855,0.10956886154322688,0.09272235351392534,0.09247039289297554,0.09235396489458554,0.08579724289777593
2015-06-23,112.88999938964844,-0.006599788842205134,0.2040855139974355,0.07498077161234562,0.06762540185620855,0.1174055753194964,0.09272235351392534,0.09247039289297554,0.09235396489458554,0.08579724289777593
2015-06-24,112.58999633789062,-0.0026574812063053788,0.10476839989208214,0.07731868417197164,0.07863745377186093,0.11668594613788183,0.09827853447026531,0.10045606149291715,0.0962671636856833,0.08998924730335789
2015-06-25,112.44000244140625,-0.0013322133525454083,0.04218620631427179,0.07867487648527563,0.07863745377186093,0.11360217420770835,0.09827853447026531,0.10045606149291715,0.0962671636856833,0.08998924730335789
2015-06-26,112.55999755859375,0.001067192410014739,0.021148231344688607,0.06908730934619652,0.0672009198709162,0.11026314709355939,0.09377088096248573,0.09561673611926659,0.09291547294249564,0.09314043371549777
2015-06-29,113.06999969482422,0.0045309359212182265,0.016941154307728055,0.06973064376366325,0.0672009198709162,0.10698459736389185,0.09377088096248573,0.09561673611926659,0.09291547294249564,0.09314043371549777
2015-06-30,112.37000274658203,-0.006190828249150737,0.07192637792347663,0.07217640592198711,0.06248555591475881,0.1052110548335994,0.09065666798926912,0.09214712650607654,0.09026821091026296,0.0941917768317338
2015-07-01,111.9800033569336,-0.0034706717105629226,0.09827635174059761,0.07613722614956646,0.06248555591475881,0.10480791274676372,0.09065666798926912,0.09214712650607654,0.09026821091026296,0.0941917768317338
2015-07-02,111.76000213623047,-0.0019646473844252554,0.05509520537097983,0.07800916318547509,0.06450134360608235,0.10250729515095729,0.08939217032772712,0.09132466193515813,0.08887987752262587,0.08424256006016329
2015-07-06,112.05999755859375,0.002684282539629823,0.031187810358736433,0.0765152043720396,0.06450134360608235,0.09967768855924525,0.08939217032772712,0.09132466193515813,0.08887987752262587,0.08424256006016329
2015-07-07,110.76000213623047,-0.011600887477117294,0.04261166429096036,0.07328272910664381,0.06252177699646773,0.09720312925385576,0.08579179141368863,0.08736396429981157,0.08549776250439324,0.08700369856372285
2015-07-08,111.08999633789062,0.002979362543296782,0.18415837951257524,0.0765738651668246,0.06252177699646773,0.10448157713788181,0.08579179141368863,0.08736396429981157,0.08549776250439324,0.08700369856372285
2015-07-09,111.36000061035156,0.0024305003273175085,0.04729591413038516,0.07488691910647481,0.06813868617155766,0.10195896318201614,0.0895456454994397,0.09215876121144084,0.08811090234421429,0.08044058205492656
2015-07-10,111.48999786376953,0.0011673603870820948,0.03858299656525929,0.07451917578525555,0.06813868617155766,0.09930363145524894,0.0895456454994397,0.09215876121144084,0.08811090234421429,0.08044058205492656
2015-07-13,110.98999786376953,-0.00448470723455352,0.018531271647643923,0.07375901777125998,0.06778429986779212,0.09638538804570243,0.0862074144611456,0.08835519913258366,0.08535168724969232,0.08363068952375885
2015-07-14,110.73999786376953,-0.002252455219495131,0.07119252027336498,0.070855127051462,0.06778429986779212,0.09506227928873685,0.0862074144611456,0.08835519913258366,0.08535168724969232,0.08363068952375885
2015-07-15,110.16000366210938,-0.005237440968471563,0.03575661810056114,0.06918271982142778,0.0600554791536655,0.09258152553957502,0.084242640371549,0.08637085864804098,0.08362675927909434,0.08219169008893357
2015-07-16,109.76000213623047,-0.0036310957932229604,0.08314179785374222,0.07277077312435369,0.0600554791536655,0.09204244701213693,0.084242640371549,0.08637085864804098,0.08362675927909434,0.08219169008893357
2015-07-17,108.6500015258789,-0.010112979124889843,0.05764185873312461,0.07220456193974717,0.062449832886536355,0.09034853823696144,0.08333161161183864,0.08561233200487448,0.08230298236791998,0.11039468017539454
2015-07-20,105.69999694824219,-0.027151445340146352,0.16053856667067684,0.07690047051914398,0.062449832886536355,0.09601793969453241,0.08333161161183864,0.08561233200487448,0.08230298236791998,0.11039468017539454
2015-07-21,105.37000274658203,-0.003121988752958438,0.4310158326359447,0.09311731595304124,0.10459535356330554,0.1407577952994551,0.11868356661866622,0.12915016087164974,0.10703754239486864,0.13185029795534697
2015-07-22,104.80000305175781,-0.005409506310776968,0.049560035017612164,0.08605334171754347,0.10459535356330554,0.13700862507727868,0.11868356661866622,0.12915016087164974,0.10703754239486864,0.13185029795534697
2015-07-23,104.33000183105469,-0.004484744341763047,0.08587325048370205,0.08870527078025224,0.10152509906779844,0.13448990465365993,0.11218158532340691,0.12017577015183682,0.10406257926260308,0.1325519470967707
2015-07-24,105.3499984741211,0.009776637833459612,0.07119310933205453,0.08266470693182583,0.10152509906779844,0.13155375295105592,0.11218158532340691,0.12017577015183682,0.10406257926260308,0.1325519470967707
2015-07-27,104.86000061035156,-0.00465114258060384,0.15519931419407668,0.08495702121828012,0.09878230903249678,0.13309100701458274,0.10997689447081699,0.11552114097547102,0.10372073431424017,0.11999521589683143
2015-07-28,105.0199966430664,0.0015258061394580746,0.07383459948348571,0.08639558454415348,0.09878230903249678,0.13029779761807017,0.10997689447081699,0.11552114097547102,0.10372073431424017,0.11999521589683143
2015-07-29,105.16999816894531,0.0014283139466164663,0.024221421563409617,0.0865352750086408,0.08607436659031331,0.12646764699331423,0.1045227517729334,0.10890929762740448,0.1006045551969753,0.11237736998444306
2015-07-30,104.2699966430664,-0.008557588110186587,0.022673780981234133,0.08679584894834563,0.08607436659031331,0.12274065264818788,0.1045227517729334,0.10890929762740448,0.1006045551969753,0.11237736998444306
2015-07-31,104.93000030517578,0.006329756242044127,0.1358474997724615,0.08970135448693585,0.08826679007248428,0.12356627507300953,0.10209551367469609,0.10639478481374309,0.09943864968246861,0.10847552313892879
2015-08-03,104.0999984741211,-0.007910052688847147,0.10048176525664515,0.0898016005558471,0.08826679007248428,0.12230413723271602,0.10209551367469609,0.10639478481374309,0.09943864968246861,0.10847552313892879
2015-08-04,104.30999755859375,0.0020172823011603835,0.125568193632644,0.09300491820410456,0.08945304913061441,0.1225024332016087,0.10124636456850389,0.10481966970640962,0.09930474084730115,0.10480033282384009
2015-08-05,103.93000030517578,-0.0036429610038530846,0.03202336375849488,0.09304289790409359,0.08945304913061441,0.11902926161864677,0.10124636456850389,0.10481966970640962,0.09930474084730115,0.10480033282384009
2015-08-06,104.38999938964844,0.004426047177157111,0.05783021311260886,0.09373465012325943,0.09008172755181057,0.11626928754882102,0.09709234005467128,0.10008907578902819,0.09608535506232381,0.09553561489979881
2015-08-07,104.6500015258789,0.002490680503407061,0.07026132073078294,0.0885575110877234,0.09008172755181057,0.11403347572065774,0.09709234005467128,0.10008907578902819,0.09608535506232381,0.09553561489979881
2015-08-10,105.72000122070312,0.010224554985406531,0.03953832724399348,0.08820489350197834,0.08392639016902215,0.11098293710797617,0.09381902963065199,0.09607876836846022,0.09354233309231222,0.08316440049870866
2015-08-11,106.26000213623047,0.005107840610028225,0.16230977854614795,0.09382883813747327,0.08392639016902215,0.11471201960591658,0.09381902963065199,0.09607876836846022,0.09354233309231222,0.08316440049870866
2015-08-12,107.75,0.014022189288677822,0.0810844559441468,0.09667216469640523,0.08958708093003523,0.1129769796697079,0.09549512200380589,0.09648175892802685,0.09464535175688538,0.08360292316578719
2015-08-13,106.86000061035156,-0.00825985512434746,0.22259535416709125,0.1035541116915746,0.08958708093003523,0.1223555947269212,0.09549512200380589,0.09648175892802685,0.09464535175688538,0.08360292316578719
2015-08-14,106.8499984741211,-9.360037594363657e-05,0.1311211351466752,0.10788886246639796,0.10138902355250018,0.12289915863116814,0.10228221465246264,0.10250297512021038,0.09930437487573786,0.08732793443607752
2015-08-17,107.12999725341797,0.0026204846354274114,0.0014858599042140903,0.10417722892323761,0.10138902355250018,0.1191557110150134,0.10228221465246264,0.10250297512021038,0.09930437487573786,0.08732793443607752
2015-08-18,107.11000061035156,-0.00018665773900006233,0.04159890395884014,0.10344800370622466,0.09833693679644333,0.11597424967672086,0.09748589370571066,0.09752894944116466,0.096224052082924,0.10632323877134685
2015-08-19,108.55000305175781,0.013444145581183786,0.0029630997460786024,0.09628548248237928,0.09833693679644333,0.1124435493498849,0.09748589370571066,0.09752894944116466,0.096224052082924,0.10632323877134685
2015-08-20,110.44000244140625,0.017411325071518213,0.21341919478536137,0.08639472621644367,0.07813039318803909,0.12090411012511496,0.10116925603969049,0.10006019813806147,0.09877965410035258,0.10144856715866866
2015-08-21,111.12999725341797,0.006247689213677798,0.27639621681204657,0.09670546175255433,0.07813039318803909,0.13536774997952017,0.10116925603969049,0.10006019813806147,0.09877965410035258,0.10144856715866866
2015-08-24,110.52999877929688,-0.005399068558895714,0.09917899156927282,0.09731026816553484,0.09309117193359095,0.1334734071362857,0.10946394074973011,0.10667189452443893,0.10496039776717422,0.09357602506642038
2015-08-25,109.16000366210938,-0.01239478089494117,0.08570755630935568,0.09797001575541216,0.09309117193359095,0.13109915522354004,0.10946394074973011,0.10667189452443893,0.10496039776717422,0.09357602506642038
2015-08-26,107.66999816894531,-0.013649738394807875,0.19676104681889367,0.09985918542017656,0.09796912497931615,0.13593624889271552,0.11064296189876437,0.10989509858568666,0.10600884435326319,0.09893363088152342
2015-08-27,107.7300033569336,0.0005573064828525709,0.2166828795225097,0.10635228905831401,0.09796912497931615,0.14208107598808137,0.11064296189876437,0.10989509858568666,0.10600884435326319,0.09893363088152342
2015-08-28,108.69999694824219,0.009003931691107248,0.008846966146031912,0.10565345017570595,0.09740949170372931,0.13776975848601333,0.11114956104481483,0.11176968830300701,0.10732191834018553,0.11113666546309894
2015-08-31,108.81999969482422,0.001103981140304633,0.1429329844588981,0.11111977760650885,0.09740949170372931,0.13808499648722317,0.11114956104481483,0.11176968830300701,0.10732191834018553,0.11113666546309894
2015-09-01,109.19999694824219,0.0034919799162251852,0.017525157296109387,0.1057414893121292,0.09794914338376078,0.1339471767073836,0.10775749463480484,0.10762268418166983,0.10506445466367448,0.1149709004275225
2015-09-02,108.62000274658203,-0.005311302361437398,0.05543346264938402,0.10369383919361734,0.09794914338376078,0.13057452854934742,0.10775749463480484,0.10762268418166983,0.10506445466367448,0.1149709004275225
2015-09-03,107.83999633789062,-0.00718105679403469,0.08431431111740072,0.10181866271565174,0.08889427391697259,0.12827025859131724,0.10352118723216389,0.10345243419835058,0.10231688656821898,0.1026580215701658
2015-09-04,107.48999786376953,-0.0032455349221680585,0.11399574256587941,0.10554467993416923,0.08889427391697259,0.12745887746299653,0.10352118723216389,0.10345243419835058,0.10231688656821898,0.1026580215701658
2015-09-08,107.5199966430664,0.000279084378947525,0.05152126965259233,0.10525790977689574,0.08936848904051337,0.12421870225966956,0.10067314111996001,0.1010657183741021,0.1001349522593918,0.09644585173645803
2015-09-09,106.12999725341797,-0.012927822107945297,0.004430327168988368,0.10226559188772325,0.08936848904051337,0.1204393893190318,0.10067314111996001,0.1010657183741021,0.1001349522593918,0.09644585173645803
2015-09-10,106.37999725341797,0.0023556016816155267,0.20522281374783644,0.10979670491062521,0.09778883004421703,0.12713100293210772,0.10304181227048817,0.10486770182214794,0.10141080607380104,0.09259480177172122
2015-09-11,106.16000366210938,-0.002067997715628156,0.03739401742488141,0.10411871576874945,0.09778883004421703,0.12359794959659527,0.10304181227048817,0.10486770182214794,0.10141080607380104,0.09259480177172122
2015-09-14,106.22000122070312,0.0005651616100608159,0.032828446004410636,0.10192526077148871,0.09255585900665625,0.12010215804821088,0.09817120746854083,0.0995954518190461,0.09798446844627838,0.08898324056333991
2015-09-15,105.9000015258789,-0.0030126124190049675,0.008971662424690672,0.09221509296501597,0.09255585900665625,0.11646409794167013,0.09817120746854083,0.0995954518190461,0.09798446844627838,0.08898324056333991
2015-09-16,107.30999755859375,0.013314409937664529,0.04782373954387117,0.08842884771034307,0.08522148975869989,0.11352215443094146,0.09394489130224683,0.0951894989697424,0.09440503070780087,0.08161938208350286
2015-09-17,108.41000366210938,0.010250732723341871,0.21135970529176407,0.09796856795523169,0.08522148975869989,0.12163230769456466,0.09394489130224683,0.0951894989697424,0.09440503070780087,0.08161938208350286
2015-09-18,109.20999908447266,0.007379350570420495,0.16272533725292673,0.10347431492314473,0.09611242720051939,0.12448102386164593,0.10224700469898368,0.1016028194340272,0.0999203428230037,0.0778460543112092
2015-09-21,108.52999877929688,-0.0062265388780913256,0.11714355867897157,0.10866433578373078,0.09611242720051939,0.12405301521504208,0.10224700469898368,0.1016028194340272,0.0999203428230037,0.0778460543112092
2015-09-22,107.79000091552734,-0.00681837162160448,0.09884324040062863,0.10345633785715198,0.09541744027284961,0.12268659551589425,0.10082121230386641,0.10028737997490905,0.09865872386016337,0.0855311568094533
2015-09-23,108.22000122070312,0.003989241131120869,0.1082382939431139,0.09581279590856416,0.09541744027284961,0.12186801209778865,0.10082121230386641,0.10028737997490905,0.09865872386016337,0.0855311568094533
2015-09-24,110.48999786376953,0.020975758801157207,0.06332723971689497,0.09418317082436517,0.08450698746046041,0.11916930807769432,0.09835157464604996,0.09811574580011694,0.09685663193815974,0.08553004765342166
2015-09-25,109.80999755859375,-0.006154405994415857,0.3329798480924179,0.10542282045086798,0.08450698746046041,0.14142764688204504,0.09835157464604996,0.09811574580011694,0.09685663193815974,0.08553004765342166
2015-09-28,108.41999816894531,-0.012658222571280353,0.09769816637129718,0.10091996224870452,0.09934158399204657,0.13919184044754812,0.1117344108262233,0.10963808718483561,0.1058449310284159,0.10609800898580976
2015-09-29,107.9800033569336,-0.004058244045771819,0.20094305378227434,0.10020451562414837,0.09934158399204657,0.14364746079254556,0.1117344108262233,0.10963808718483561,0.1058449310284159,0.10609800898580976
2015-09-30,106.86000061035156,-0.010372316278596583,0.06442262702832516,0.10273068202788896,0.10044042244861777,0.14016252675023735,0.11133606927710046,0.11055885438221343,0.10599952376908742,0.10889560043162685
2015-10-01,106.7300033569336,-0.001216519302596475,0.16465541635724104,0.10371806529599546,0.10044042244861777,0.14175149466180922,0.11133606927710046,0.11055885438221343,0.10599952376908742,0.10889560043162685
2015-10-02,108.98999786376953,0.021174875253005654,0.01931164523868003,0.10379926929338502,0.09497871778806019,0.1375145572040829,0.1087423562545774,0.10859846356300108,0.10469823076593905,0.09816404298622217
2015-10-05,108.7699966430664,-0.002018545050144094,0.3361407237736132,0.11655869025357726,0.09497871778806019,0.15670058521650712,0.1087423562545774,0.10859846356300108,0.10469823076593905,0.09816404298622217
2015-10-06,109.86000061035156,0.010021182319808863,0.03204340927717006,0.11418274016993041,0.11046276827277768,0.1521294705422007,0.11810675431877983,0.11571106241342348,0.11177961857399997,0.09718253763089107
2015-10-07,109.69999694824219,-0.0014564323795780432,0.15908133756630957,0.11623208539722268,0.11046276827277768,0.15255551637589662,0.11810675431877983,0.11571106241342348,0.11177961857399997,0.09718253763089107
2015-10-08,109.13999938964844,-0.005104809244962594,0.023120147266473177,0.11494112528876274,0.11098323852028787,0.14801644136612285,0.11441227016163345,0.11164504626217027,0.110072467672345,0.11644452434216102
2015-10-09,110.87000274658203,0.015851231139897504,0.08103633451556655,0.11842321653178901,0.11098323852028787,0.1448735591835603,0.11441227016163345,0.11164504626217027,0.110072467672345,0.11644452434216102
2015-10-12,111.30999755859375,0.00396856499604703,0.2516304934222301,0.12053265651698873,0.11049038614747472,0.15338879220685162,0.11775135450949718,0.1142382992745186,0.11291176040305728,0.10178753286867875
2015-10-13,111.86000061035156,0.00494118285707712,0.06299901624801883,0.12169652009985862,0.11049038614747472,0.14951443690523397,0.11775135450949718,0.1142382992745186,0.11291176040305728,0.10178753286867875
2015-10-14,113.80999755859375,0.017432477539802038,0.07843884613393003,0.12376972010574586,0.10986435018796872,0.1462273982107087,0.11203090551858996,0.10846853230307857,0.10956372062176525,0.09514107371811395
2015-10-15,113.29000091552734,-0.004568989141737645,0.27673200183621166,0.13594064462445135,0.10986435018796872,0.15714433148746224,0.11203090551858996,0.10846853230307857,0.10956372062176525,0.09514107371811395
2015-10-16,112.48999786376953,-0.0070615504042084165,0.07253045407195352,0.13706367710300055,0.12228564005196203,0.1533894405413748,0.11661032475736582,0.11220105765286936,0.11328217797225153,0.10514093125273627
2015-10-19,112.0199966430664,-0.004178160099818973,0.11209863744049865,0.1325518103824885,0.12228564005196203,0.15123024668491808,0.11661032475736582,0.11220105765286936,0.11328217797225153,0.10514093125273627
2015-10-20,112.7300033569336,0.006338214025568112,0.06632623537160286,0.12817003302424648,0.11407838241396925,0.14752051529042481,0.11195538176723471,0.10843605543738997,0.11053916071260766,0.10721070925025061
2015-10-21,111.7300033569336,-0.008870752862782494,0.10061602840772886,0.1274187816482809,0.11407838241396925,0.14513434946976544,0.11195538176723471,0.10843605543738997,0.11053916071260766,0.10721070925025061
2015-10-22,111.69000244140625,-0.0003580140904458906,0.14081883610102053,0.12932676327102602,0.10989742359750868,0.14487904371682625,0.11013487952293491,0.10757620209384977,0.10912157342244519,0.11976630812772106
2015-10-23,111.5,-0.0017011588974217284,0.005683297495060872,0.12466517252338724,0.10989742359750868,0.14047234269431463,0.11013487952293491,0.10757620209384977,0.10912157342244519,0.11976630812772106
2015-10-26,111.43000030517578,-0.0006277999535804213,0.02700506029909639,0.12301416436803275,0.10631370575258343,0.13635353576351697,0.10407467904541913,0.10171721443979567,0.10543994515738425,0.10755546926882043
2015-10-27,111.68000030517578,0.0022435609738429285,0.009966015301630132,0.10833171742299695,0.10631370575258343,0.132222194808434,0.10407467904541913,0.10171721443979567,0.10543994515738425,0.10755546926882043
2015-10-28,110.77999877929688,-0.008058752895948817,0.03561542632798967,0.10550977469375568,0.09281140085275612,0.12849067587772028,0.0988118322295331,0.0966271464552917,0.1017821739467393,0.10969941243762613
2015-10-29,109.72000122070312,-0.009568492239339532,0.1279287362400129,0.10219094207819834,0.09281140085275612,0.1284570288213945,0.0988118322295331,0.0966271464552917,0.1017821739467393,0.10969941243762613
2015-10-30,109.30000305175781,-0.0038279088978543374,0.15189510532286357,0.10616696381885919,0.0951842668816059,0.12998254936592826,0.10055311094465579,0.10035291923262431,0.10225851471707731,0.10837060416043252
2015-11-02,108.58999633789062,-0.00649594413580179,0.06076616991080355,0.10144472534402112,0.0951842668816059,0.12689872732074084,0.10055311094465579,0.10035291923262431,0.10225851471707731,0.10837060416043252
2015-11-03,106.9800033569336,-0.014826347133739204,0.10311991628339956,0.1052541922096902,0.0952985171617767,0.12559901593541262,0.09797899145377272,0.09839924372742391,0.1004012772689309,0.11486129502647979
2015-11-04,105.97000122070312,-0.009441036684777915,0.23536096420433542,0.1006732940474503,0.0952985171617767,0.1347304458687013,0.09797899145377272,0.09839924372742391,0.1004012772689309,0.11486129502647979
2015-11-05,105.63999938964844,-0.0031141061362016664,0.1498718111193604,0.1060291304948226,0.09689300711750931,0.13568658388887292,0.105772018158905,0.10928950099186353,0.10481068401471472,0.11179840323804385
2015-11-06,104.0999984741211,-0.014577820185771806,0.04943490235589908,0.10104520162162212,0.09689300711750931,0.1321091468401884,0.105772018158905,0.10928950099186353,0.10481068401471472,0.11179840323804385
2015-11-09,104.4000015258789,0.0028818737382825255,0.23141572121381768,0.11051318225559231,0.10246059536756288,0.14006730967505085,0.10909071307933979,0.11365165983223724,0.10651216965592927,0.13166637233269313
2015-11-10,104.18000030517578,-0.0021072913552456773,0.04574832732830163,0.10890918192889845,0.10246059536756288,0.13626186088715522,0.10909071307933979,0.11365165983223724,0.10651216965592927,0.13166637233269313
2015-11-11,103.83000183105469,-0.0033595553186392957,0.033452213195617975,0.09899198737314335,0.08963942960437675,0.13236464816009494,0.1033483200872872,0.10683357874999316,0.10303680039430875,0.1538326482738909
2015-11-12,103.8499984741211,0.00019259022164841433,0.05333128733330361,0.09855254514974719,0.08963942960437675,0.12899546368035825,0.1033483200872872,0.10683357874999316,0.10303680039430875,0.1538326482738909
2015-11-13,103.55999755859375,-0.0027924980239610875,0.003057274988547074,0.09512611009768435,0.08663259445240237,0.12506798426026272,0.09840151504870541,0.10110707774812498,0.10007469873940253,0.12637307291407654
2015-11-16,103.70999908447266,0.001448450457852024,0.044329531848241954,0.08456236146186755,0.08663259445240237,0.12174311926898727,0.09840151504870541,0.10110707774812498,0.10007469873940253,0.12637307291407654
2015-11-17,102.33999633789062,-0.013209938855231806,0.022993438187244596,0.0823106789216535,0.06836892524277995,0.11816863270751052,0.0941661393576194,0.09648678333211702,0.09683520388411754,0.1383776461206765
2015-11-18,102.43000030517578,0.0008794603332600293,0.2097012782718758,0.086747162595807,0.06836892524277995,0.12555665564651003,0.0941661393576194,0.09648678333211702,0.09683520388411754,0.1383776461206765
2015-11-19,103.55999755859375,0.011031897393842582,0.013960999978512146,0.08436692462339379,0.07878988694067453,0.12177971884403462,0.09738879746650575,0.1007636601447919,0.09856231447301586,0.10068763322364661
2015-11-20,103.08999633789062,-0.004538443721352925,0.17512594195973433,0.08775373887575767,0.07878988694067453,0.12562096823088592,0.09738879746650575,0.1007636601447919,0.09856231447301586,0.10068763322364661
2015-11-23,102.26000213623047,-0.008051161423458963,0.07204556055577417,0.0846276808964283,0.08335911828057155,0.12306593260304444,0.0987069325174333,0.10076301484841808,0.099154326378912,0.10522446547896029
2015-11-24,102.94000244140625,0.0066497192545516,0.12780822535025527,0.09017881398075532,0.08335911828057155,0.12335561150365455,0.0987069325174333,0.10076301484841808,0.099154326378912,0.10522446547896029
2015-11-25,102.45999908447266,-0.004662942933256753,0.1055610206156481,0.09374953944968949,0.08515696423046118,0.12236093420891797,0.09849935263508414,0.10034964347123711,0.09866612654488774,0.09851746004989534
2015-11-27,101.25,-0.011809477798990442,0.07402192427450054,0.09666117167572906,0.08515696423046118,0.1200109205182945,0.09849935263508414,0.10034964347123711,0.09866612654488774,0.09851746004989534
2015-11-30,101.91999816894531,0.006617265866126543,0.18746964821800283,0.1035636363070933,0.09110795262657531,0.12508859229045788,0.10073661320030979,0.10374052002803072,0.09959157077981516,0.10414000419328896
2015-12-01,102.27999877929688,0.003532188155604299,0.10504583904580359,0.10252350461644742,0.09110795262657531,0.12397743449509717,0.10073661320030979,0.10374052002803072,0.09959157077981516,0.10414000419328896
2015-12-02,100.69000244140625,-0.015545525585325515,0.05607174866170135,0.09816789749548548,0.08684875526669181,0.1209827362396214,0.09792350421923071,0.09991756769308714,0.0976386026219523,0.11692954210779183
2015-12-03,101.76000213623047,0.010626672647533919,0.24677756819137872,0.10662296105369345,0.08684875526669181,0.13195667171345027,0.09792350421923071,0.09991756769308714,0.0976386026219523,0.11692954210779183
2015-12-04,104.0199966430664,0.022209065049059173,0.16869319853680256,0.1096035647924845,0.10169222857978173,0.13444423799874966,0.10748270472103655,0.11024741398844744,0.10364171329507924,0.09425999548573107
2015-12-07,102.66999816894531,-0.012978259158702654,0.3525579778264025,0.1149307017753057,0.10169222857978173,0.1563603709606213,0.10748270472103655,0.11024741398844744,0.10364171329507924,0.09425999548573107
2015-12-08,102.83999633789062,0.0016557725915762322,0.20602347710684146,0.11748305022928213,0.11812989419566391,0.15977606847609596,0.1253451731774039,0.1258842581015221,0.11595124330506401,0.10002192540925872
2015-12-09,102.63999938964844,-0.00194473896697811,0.02628457502992579,0.11643076262355607,0.11812989419566391,0.15504238538956905,0.1253451731774039,0.1258842581015221,0.11595124330506401,0.10002192540925872
2015-12-10,102.55000305175781,-0.0008768154562138752,0.030871774029364394,0.10731512866062638,0.10734004301843256,0.15050925811109958,0.1169577578429338,0.11691282282912334,0.11206670092671393,0.12561916142205998
2015-12-11,103.11000061035156,0.005460726883753653,0.013919013857037347,0.10586834168465983,0.10734004301843256,0.14596396441358234,0.1169577578429338,0.11691282282912334,0.11206670092671393,0.12561916142205998
2015-12-14,101.79000091552734,-0.012801859053540698,0.0866863518723413,0.10828807526087453,0.0978685995144916,0.14310143810928622,0.1108455577344333,0.1102043516614107,0.10897119542371946,0.12792105082064248
2015-12-15,101.5199966430664,-0.002652561843328849,0.20322321224981643,0.11510134457526147,0.0978685995144916,0.14740190206858647,0.1108455577344333,0.1102043516614107,0.10897119542371946,0.12792105082064248
2015-12-16,102.75,0.012115872710852793,0.04210811384800326,0.11687638270523676,0.10150039930340499,0.14328317097461624,0.11054401964402437,0.11137081910831578,0.10884748825668034,0.10961316043003973
2015-12-17,100.5,-0.021897810218978075,0.19233351665658285,0.12360383656016133,0.10150039930340499,0.14668944732746772,0.11054401964402437,0.11137081910831578,0.10884748825668034,0.10961316043003973
2015-12-18,102.04000091552734,0.0153233921943019,0.34761696057782904,0.1383594512142788,0.12967127541586912,0.16576181525515982,0.12733959523521252,0.131521804719593,0.11991758031864369,0.09785539429410427
2015-12-21,103.1500015258789,0.010878092908588544,0.243251309928187,0.13988445265320204,0.12967127541586912,0.1714019621235163,0.12733959523521252,0.131521804719593,0.11991758031864369,0.09785539429410427
2015-12-22,102.61000061035156,-0.005235103320787249,0.1726843714486834,0.14709915135639165,0.13379558157480767,0.17147917713577196,0.13016202687849435,0.13079841280171642,0.12306116331535129,0.09275638070750737
2015-12-23,102.30999755859375,-0.0029237213719258692,0.08310468884718873,0.1429163671240032,0.13379558157480767,0.1674968210390724,0.13016202687849435,0.13079841280171642,0.12306116331535129,0.09275638070750737
2015-12-24,103.05000305175781,0.007232973422174549,0.046412637917762595,0.14175123427682088,0.1284335695610828,0.16279165191192227,0.12200897436108887,0.12217425326293074,0.11865616305259577,0.12105085270288729
2015-12-28,102.2699966430664,-0.0075692031595538944,0.11481989348768191,0.1411608555557948,0.1284335695610828,0.16031865484936889,0.12200897436108887,0.12217425326293074,0.11865616305259577,0.12105085270288729
2015-12-29,102.19999694824219,-0.000684459735229348,0.12015737509862376,0.14182432621411187,0.11946451625184011,0.15819675886244916,0.11781569858036624,0.11771898043920709,0.1162232292182839,0.1210992102691871
2015-12-30,101.41999816894531,-0.007632082217105096,0.01086546145112382,0.13895357790395838,0.11946451625184011,0.15340053826131642,0.11781569858036624,0.11771898043920709,0.1162232292182839,0.1210992102691871
2015-12-31,101.45999908447266,0.0003944085609299819,0.12115554919235134,0.13593930067551968,0.11483508962309451,0.15165929465923256,0.11262210799517064,0.11272276723371462,0.1132630841547555,0.11548788724763132
2016-01-04,102.88999938964844,0.014094227459880093,0.006261041803053588,0.13144908261903104,0.11483508962309451,0.1470471393662976,0.11262210799517064,0.11272276723371462,0.1132630841547555,0.11548788724763132
2016-01-05,103.18000030517578,0.0028185529910356166,0.22373892468252188,0.13907031789270471,0.12235452764321263,0.1527384558948667,0.11367343123992948,0.11201617750726925,0.11365218642563917,0.09984712170787535
2016-01-06,104.66999816894531,0.014440762350867997,0.044743141628025035,0.1298869348670977,0.12235452764321263,0.14849043968540188,0.11367343123992948,0.11201617750726925,0.11365218642563917,0.09984712170787535
2016-01-07,106.1500015258789,0.014139709399294764,0.2292399955354871,0.13263906200340156,0.12252620574084284,0.15452994716388388,0.11518578575756852,0.11201602325897783,0.11468166894988331,0.09143819117839656
2016-01-08,105.68000030517578,-0.004427708091822691,0.22446092808753865,0.1268164688334532,0.12252620574084284,0.15959228299175224,0.11518578575756852,0.11201602325897783,0.11468166894988331,0.09143819117839656
2016-01-11,104.73999786376953,-0.008894799760520211,0.07028768693370709,0.12064666018921982,0.11359697781134488,0.15568537670300897,0.11598538006724717,0.11154927083709389,0.11547023871618955,0.09579502482035943
2016-01-12,104.20999908447266,-0.005060137388834152,0.14120056876832013,0.12587011445005594,0.11359697781134488,0.15485450062958508,0.11598538006724717,0.11154927083709389,0.11547023871618955,0.09579502482035943
2016-01-13,104.72000122070312,0.004893984653210337,0.08032719078404947,0.12811808793890525,0.11450369931444007,0.1514208335668487,0.11246734739926866,0.1096615431596692,0.11319968485092544,0.10999856894204957
2016-01-14,103.0199966430664,-0.016233809757639994,0.07768959787536742,0.13101675084882936,0.11450369931444007,0.1480361885650827,0.11246734739926866,0.1096615431596692,0.11319968485092544,0.10999856894204957
2016-01-15,104.08000183105469,0.010289314914859515,0.25770374069909496,0.13879026852277268,0.12021064045000698,0.15679446232441532,0.11688621231491579,0.11757256907351198,0.11570342577022401,0.11994122269028189
2016-01-19,103.9800033569336,-0.000960784707550344,0.16333781055567606,0.1369772957184936,0.12021064045000698,0.15719474428903044,0.11688621231491579,0.11757256907351198,0.11570342577022401,0.11994122269028189
2016-01-20,105.37000274658203,0.013367949074563512,0.015251984397912791,0.1357565625616713,0.1159454820878585,0.1524517423837868,0.11321255962980677,0.11250485025008337,0.11371647446317142,0.12161086448171132
2016-01-21,105.48999786376953,0.001138797703897687,0.21220961274162656,0.13666002147462783,0.1159454820878585,0.15668125897789567,0.11321255962980677,0.11250485025008337,0.11371647446317142,0.12161086448171132
2016-01-22,105.0,-0.004644969889963546,0.018077853108747908,0.12168097113512415,0.10833036937201121,0.1519726436776889,0.11275348037481829,0.11048868505228678,0.11362562608180456,0.1110877361726299
2016-01-25,106.08000183105469,0.010285731724330338,0.0737366110573596,0.11397575755008654,0.10833036937201121,0.14844584409614203,0.11275348037481829,0.11048868505228678,0.11362562608180456,0.1110877361726299
2016-01-26,107.29000091552734,0.011406476843766722,0.16328092916943387,0.1135483283555752,0.09974878974113699,0.1493775023940257,0.1109958530738031,0.10820876293742573,0.11245026714318583,0.10745320465189422
2016-01-27,107.69000244140625,0.0037282274439893737,0.1810722063841422,0.11800139733452762,0.09974878974113699,0.15146632815143377,0.1109958530738031,0.10820876293742573,0.11245026714318583,0.10745320465189422
2016-01-28,106.54000091552734,-0.010678814187088714,0.05918377588729124,0.11858190360586983,0.10041009411357862,0.14756587955741587,0.10968462701143752,0.10597976768892421,0.11137324338538591,0.10555267698313336
2016-01-29,106.94999694824219,0.0038482826092700595,0.1695209198166307,0.12106831389354931,0.10041009411357862,0.14897445424068226,0.10968462701143752,0.10597976768892421,0.11137324338538591,0.10555267698313336
2016-02-01,108.05000305175781,0.01028523735300313,0.06108959255293994,0.11838341468692733,0.10306027335254231,0.14520916305256923,0.10804377342145656,0.10594814465625756,0.1101447075094035,0.10499913333561278
2016-02-02,108.08999633789062,0.00037013683482878257,0.16327308126791118,0.12531103376950858,0.10306027335254231,0.14635588446101186,0.10804377342145656,0.10594814465625756,0.1101447075094035,0.10499913333561278
2016-02-03,109.25,0.010731831819877025,0.005875740096129296,0.12007104244695302,0.1008639310237949,0.14190459358556293,0.10614483530955433,0.1033932993482459,0.1087632809646148,0.09765621059975917
2016-02-04,110.56999969482422,0.012082377069329242,0.17036254864538597,0.12753020184887723,0.1008639310237949,0.1437710079908319,0.10614483530955433,0.1033932993482459,0.1087632809646148,0.09765621059975917
2016-02-05,112.31999969482422,0.015827077912906162,0.19180178983172755,0.12607851390111383,0.10716510458760686,0.1470957924936574,0.11051420876897743,0.10630292189887328,0.1111509145475903,0.1267571247187262
2016-02-08,113.83000183105469,0.013443751249405,0.2512470728303574,0.1354650562284926,0.10716510458760686,0.15532690473812405,0.11051420876897743,0.10630292189887328,0.1111509145475903,0.1267571247187262
2016-02-09,113.58000183105469,-0.002196257541759894,0.21341293496243705,0.13474564438426306,0.11804400790481162,0.15941005408678455,0.11986831298949287,0.11398518805701739,0.11738149557129074,0.11879440722458465
2016-02-10,114.45999908447266,0.007747818623272451,0.03486450762328041,0.1261276252722513,0.11804400790481162,0.15478954569615902,0.11986831298949287,0.11398518805701739,0.11738149557129074,0.11879440722458465
2016-02-11,119.05999755859375,0.0401886992042193,0.12299280768248244,0.12852331257901384,0.11262857775580501,0.15306811912972312,0.11460848945106863,0.10868108673382047,0.11402443944684981,0.15818350935641318
2016-02-12,118.36000061035156,-0.005879363032051943,0.6379758216572622,0.15110400589214754,0.11262857775580501,0.2155106658368258,0.11460848945106863,0.10868108673382047,0.11402443944684981,0.15818350935641318
2016-02-16,114.7699966430664,-0.030331226332987904,0.09333199470165669,0.1516951333429479,0.15866519845209562,0.21019231179604422,0.15759940217175267,0.14977916692364657,0.144412102795584,0.17472409877666475
2016-02-17,115.4800033569336,0.00618634429410414,0.4814932910201975,0.1700498466677129,0.15866519845209562,0.2354572292789567,0.15759940217175267,0.14977916692364657,0.144412102795584,0.17472409877666475
2016-02-18,118.29000091552734,0.02433319602449635,0.09820517116093787,0.16279991168870575,0.17847155359487096,0.229548155621222,0.1705680340832383,0.168722600651864,0.1560353676417236,0.17165551973804402
2016-02-19,117.58000183105469,-0.006002190201855551,0.38627751170521746,0.17293353446823034,0.17847155359487096,0.241833482725426,0.1705680340832383,0.168722600651864,0.1560353676417236,0.17165551973804402
2016-02-22,115.48999786376953,-0.01777516528948675,0.09528181557491018,0.17657125406718477,0.17752428905331002,0.23562500891848778,0.17207973102473645,0.16857201365028934,0.16053789482411499,0.17769944037734514
2016-02-23,117.22000122070312,0.014979681261872324,0.28217200121429625,0.1797513626341243,0.17752428905331002,0.2386739584335167,0.17207973102473645,0.16857201365028934,0.16053789482411499,0.17769944037734514
2016-02-24,117.61000061035156,0.003327072049028157,0.2377950680275703,0.18973850876679804,0.17833474671809146,0.23862131629625802,0.17151637829953265,0.1686084213595543,0.16310374810029601,0.18369150146534124
2016-02-25,117.91999816894531,0.0026358095143692584,0.0528156314143356,0.1887875551466606,0.17833474671809146,0.23171338781089665,0.17151637829953265,0.1686084213595543,0.16310374810029601,0.18369150146534124
2016-02-26,117.11000061035156,-0.006869043174790868,0.04184217887015392,0.18326761195123878,0.1668494565688899,0.22488813779590713,0.15687198189308185,0.1532873588742875,0.15476212723279462,0.16412998887976799
2016-02-29,118.63999938964844,0.013064629590324062,0.1090426799127733,0.17999354256617656,0.1668494565688899,0.21966704899139022,0.15687198189308185,0.1532873588742875,0.15476212723279462,0.16412998887976799
2016-03-01,117.7699966430664,-0.0073331317520045625,0.2073945652030388,0.18673039662598326,0.16540031571982872,0.21895009935685375,0.15044719489985744,0.14639398420362598,0.1517696348207439,0.16513757539271212
2016-03-02,118.68000030517578,0.007726956678680841,0.1164098576824527,0.1843162574380661,0.16540031571982872,0.21418653679868047,0.15044719489985744,0.14639398420362598,0.1517696348207439,0.16513757539271212
2016-03-03,120.7300033569336,0.017273365743903035,0.12266163457895478,0.18711498662106676,0.16194032020639285,0.209823909002093,0.1415589206707523,0.1372792170792128,0.14662536503013748,0.1366929734834282
2016-03-04,120.54000091552734,-0.0015737798071993048,0.27420618038057787,0.19215740021709707,0.16194032020639285,0.21423316779415333,0.1415589206707523,0.1372792170792128,0.14662536503013748,0.1366929734834282
2016-03-07,121.13999938964844,0.004977588099916774,0.024982979929347237,0.19302591111860695,0.1697827517911935,0.2077968915294447,0.13983096601926415,0.1350166269724532,0.14563023361161523,0.13076858223993326
2016-03-08,120.58000183105469,-0.0046227304062674834,0.07901676144776586,0.18887382988235152,0.1697827517911935,0.202394155441612,0.13983096601926415,0.1350166269724532,0.14563023361161523,0.13076858223993326
2016-03-09,119.58000183105469,-0.00829324916913754,0.07338357019848206,0.18349118353538582,0.1626671147809148,0.19704999215938204,0.1303068340021152,0.12524105182826542,0.1400601758039859,0.14111926281002174
2016-03-10,121.5,0.016056181130168712,0.13165124917338583,0.1780550097327962,0.1626671147809148,0.1937495820123144,0.1303068340021152,0.12524105182826542,0.1400601758039859,0.14111926281002174
2016-03-11,119.41000366210938,-0.01720161594971703,0.2548839736550065,0.1799400569460948,0.16106752195172908,0.19795079413763342,0.13243452715161738,0.1275743516337224,0.1403716904158567,0.15647901343414866
2016-03-14,117.87000274658203,-0.012896749587957723,0.27306718770836047,0.19076745149541663,0.16106752195172908,0.2032421885975294,0.13243452715161738,0.1275743516337224,0.1403716904158567,0.15647901343414866
2016-03-15,117.95999908447266,0.000763521980092996,0.2047295527848652,0.19448275809097948,0.17530141582104394,0.20333173726540663,0.13800000221259479,0.1367434265013225,0.14346696801532877,0.148231096856655
2016-03-16,120.58999633789062,0.02229567034444102,0.012120535679146059,0.16603479054651965,0.17530141582104394,0.19715978824221536,0.13800000221259479,0.1367434265013225,0.14346696801532877,0.148231096856655
2016-03-17,120.12999725341797,-0.003814570847019083,0.3539327942692125,0.17788028143595402,0.16393287575555243,0.2098946605926055,0.14442968960995758,0.14131070529912135,0.14715966208008113,0.13253367491610812
2016-03-18,119.80000305175781,-0.002746975852867317,0.06055443491789703,0.1587466970676676,0.16393287575555243,0.20404027251467174,0.14442968960995758,0.14131070529912135,0.14715966208008113,0.13253367491610812
2016-03-21,118.95999908447266,-0.007011719080860512,0.04360688978511886,0.1562649570051304,0.13918411665093114,0.1981125450081183,0.13373140686372229,0.13021332529123852,0.1404028477401931,0.1524521131202773
2016-03-22,119.30999755859375,0.0029421526295789757,0.11130758970601984,0.14376632418698507,0.13918411665093114,0.19400265057928434,0.13373140686372229,0.13021332529123852,0.1404028477401931,0.1524521131202773
2016-03-23,116.61000061035156,-0.02263009809313088,0.04670522506236425,0.1415582973455057,0.12618260863122974,0.18844014808094423,0.1254863643369447,0.1222121894724666,0.13519525759273304,0.16410180535675542
2016-03-24,116.33000183105469,-0.0024011557999427113,0.3592416701965279,0.14506146411742532,0.12618260863122974,0.20278654467340176,0.1254863643369447,0.1222121894724666,0.13519525759273304,0.16410180535675542
2016-03-28,116.5999984741211,0.0023209545157449885,0.03811716663461265,0.13598519587229088,0.12624776750765299,0.19683042153609778,0.13394553434511047,0.13431352054365173,0.139943540555611,0.13115542196198637
2016-03-29,118.76000213623047,0.01852490300494103,0.03684401071772151,0.13525921311335387,0.12624776750765299,0.19104745698150324,0.13394553434511047,0.13431352054365173,0.139943540555611,0.13115542196198637
2016-03-30,117.0999984741211,-0.013977800877817192,0.2940737184760026,0.1467242830954379,0.13787401211132067,0.19874089685782234,0.13633025556336356,0.13482256026344122,0.14135257693973644,0.13090315881477704
2016-03-31,117.63999938964844,0.004611451089358232,0.22189070998970775,0.15185373900802582,0.13787401211132067,0.20020538621526812,0.13633025556336356,0.13482256026344122,0.14135257693973644,0.13090315881477704
2016-04-01,116.93000030517578,-0.006035354370591106,0.07320451659347865,0.1457541913439549,0.13261039016566528,0.19493280622924783,0.13296894796474748,0.13225303201873534,0.13914781388157554,0.13130503836976823
2016-04-04,116.1500015258789,-0.006670647201412416,0.09580828043238496,0.14481775601440638,0.13261039016566528,0.19044585740758327,0.13296894796474748,0.13225303201873534,0.13914781388157554,0.13130503836976823
2016-04-05,117.66000366210938,0.013000448699038714,0.10589324147271746,0.14405555632775924,0.13324480443803427,0.1864570992021031,0.12589550303830244,0.1253233294786302,0.13434870333896126,0.11871897054057573
2016-04-06,116.94000244140625,-0.006119337058417829,0.2063757251394578,0.14097235381679923,0.13324480443803427,0.1877118303354942,0.12589550303830244,0.1253233294786302,0.13434870333896126,0.11871897054057573
2016-04-07,118.61000061035156,0.01428081181871077,0.09714146427093064,0.14425228492323486,0.1243392427103757,0.1835422981709375,0.12419829578717882,0.12291880569707794,0.13282660334627427,0.12034578462388185
2016-04-08,118.43000030517578,-0.0015175811841288134,0.22670085955452435,0.15096519847354203,0.1243392427103757,0.1864138017641472,0.12419829578717882,0.12291880569707794,0.13282660334627427,0.12034578462388185
2016-04-11,120.02999877929688,0.013510077429689682,0.024090854445334573,0.14872462048476262,0.13085519773758436,0.18083119563545275,0.12264503855899907,0.12043074866526729,0.13141705845171503,0.13878466343983376
2016-04-12,120.05000305175781,0.0001666606070513943,0.21446583043311368,0.15248891963293204,0.13085519773758436,0.18302366399308162,0.12264503855899907,0.12043074866526729,0.13141705845171503,0.13878466343983376
2016-04-13,118.7699966430664,-0.010662277185778612,0.002645655117654282,0.14102354151759788,0.1275654118622792,0.1774492092290788,0.1206380685458678,0.11773032898203321,0.12935914307503735,0.13899434765520774
2016-04-14,117.11000061035156,-0.01397656040779005,0.16925840305924703,0.13630496039718362,0.1275654118622792,0.1769684518919512,0.1206380685458678,0.11773032898203321,0.12935914307503735,0.13899434765520774
2016-04-15,117.91999816894531,0.006916553277877435,0.22187101813850385,0.13708411791325809,0.12579787477586774,0.17997879849726967,0.12413054253461486,0.12378579815549831,0.13077427375793202,0.12873772095418418
2016-04-18,117.73999786376953,-0.0015264612277036127,0.1097968794179539,0.14152395171956755,0.12579787477586774,0.176556356775407,0.12413054253461486,0.12378579815549831,0.13077427375793202,0.12873772095418418
2016-04-19,119.58000183105469,0.015627688132066497,0.024231820766916587,0.12653754383309954,0.113548274938463,0.17128061524585117,0.11720772183625264,0.11635611077982873,0.12599399305766948,0.10176394136839129
2016-04-20,118.97000122070312,-0.005101192515562847,0.2480818581859409,0.13506151761801063,0.113548274938463,0.1768318486899824,0.11720772183625264,0.11635611077982873,0.12599399305766948,0.10176394136839129
2016-04-21,119.41999816894531,0.0037824404776409803,0.08097892071625967,0.13676024629669883,0.12236728630241148,0.17258849232921653,0.11945003866296187,0.1176747191845144,0.12695320019034534,0.12438891342021327
2016-04-22,117.88999938964844,-0.012811914275298819,0.0600443811164544,0.1344301004517186,0.12236728630241148,0.16797589138213612,0.11945003866296187,0.1176747191845144,0.12695320019034534,0.12438891342021327
2016-04-25,118.2300033569336,0.0028840781155776707,0.20338283394671397,0.14155180994646177,0.1232059631448296,0.17030801716048952,0.11854880064561683,0.1180424979152865,0.12545265216295745,0.12173547898000392
2016-04-26,118.69999694824219,0.003975248058563308,0.0457833207330139,0.12730370315266568,0.1232059631448296,0.16550014566165752,0.11854880064561683,0.1180424979152865,0.12545265216295745,0.12173547898000392
2016-04-27,119.04000091552734,0.002864397439145794,0.06310510657650505,0.1284395186045699,0.10732200099220564,0.16120116497640452,0.11149287922139153,0.11067016241803448,0.12025243061554781,0.12480318361714783
2016-04-28,121.29000091552734,0.018901209532051544,0.04547089968018024,0.1288316499210453,0.10732200099220564,0.1566867027460483,0.11149287922139153,0.11067016241803448,0.12025243061554781,0.12480318361714783
2016-04-29,123.6500015258789,0.01945750344247421,0.30004739940079145,0.12910318087217207,0.11472219746616026,0.16875836560483,0.11973939763897422,0.11715231317346271,0.12381902074893499,0.11857063687731978
2016-05-02,123.23999786376953,-0.0033158403319838436,0.3088782914578196,0.13305716184799532,0.11472219746616026,0.1802636145758505,0.11973939763897422,0.11715231317346271,0.12381902074893499,0.11857063687731978
2016-05-03,122.95999908447266,-0.002271979748055375,0.05263733343376261,0.13212228988619004,0.12325328065082657,0.17524700804240498,0.1253673973302305,0.12162631706261001,0.12740895380477155,0.1144217507464977
2016-05-04,122.20999908447266,-0.006099544612754526,0.03606656038277824,0.12940675715666244,0.12325328065082657,0.1701377994591929,0.1253673973302305,0.12162631706261001,0.12740895380477155,0.1144217507464977
2016-05-05,122.06999969482422,-0.0011455641166617792,0.0968272689365535,0.12899466749592772,0.12248544011979712,0.16665110187787613,0.11817482691722359,0.11490157735069209,0.12330971272756133,0.1402198956105622
2016-05-06,123.18000030517578,0.009093148301192455,0.018185266581398712,0.12044055574328869,0.12248544011979712,0.16163562913826218,0.11817482691722359,0.11490157735069209,0.12330971272756133,0.1402198956105622
2016-05-09,120.6500015258789,-0.020539038586043668,0.14434925423750816,0.1225863643781331,0.10460627231792223,0.16065090862625708,0.1138598197620153,0.11051479262368052,0.12023300035956812,0.1432891245459304
2016-05-10,120.9800033569336,0.0027351995597273415,0.3260471296021875,0.12710210392575416,0.10460627231792223,0.17503883974479786,0.1138598197620153,0.11051479262368052,0.12023300035956812,0.1432891245459304
2016-05-11,122.12000274658203,0.009423039824896007,0.04341994692703143,0.12798069903855858,0.12009018217711047,0.17003939896836115,0.1221306904557428,0.12178698253306725,0.12487438459991708,0.13003314374781144
2016-05-12,121.16000366210938,-0.0078611125358784,0.14958611982559478,0.12503162128367135,0.12009018217711047,0.16888207070053007,0.1221306904557428,0.12178698253306725,0.12487438459991708,0.13003314374781144
2016-05-13,121.70999908447266,0.0045394140453900444,0.12479129278935941,0.1305836957232943,0.12120620126904814,0.1665660727195526,0.11969281051984612,0.11922986018777344,0.12297357595096885,0.11043950343146837
2016-05-16,121.80000305175781,0.0007394952589121484,0.07206096397233437,0.12616563031025282,0.12120620126904814,0.16245358764293172,0.11969281051984612,0.11922986018777344,0.12297357595096885,0.11043950343146837
2016-05-17,122.22000122070312,0.0034482607423813594,0.011739123304757194,0.11661418054508252,0.10445520235865131,0.15753084291888353,0.11312733480822171,0.1125145831848434,0.11824487155042933,0.11186149512620644
2016-05-18,120.0999984741211,-0.01734579222228738,0.05473944228028824,0.11411156976609772,0.10445520235865131,0.15331925148186493,0.11312733480822171,0.1125145831848434,0.11824487155042933,0.11186149512620644
2016-05-19,119.87000274658203,-0.0019150352244893254,0.27535591508142493,0.1255263013258481,0.11528613818249686,0.16323491691633113,0.11829417288801816,0.11943232852233272,0.12126227202208138,0.13572331993976572
2016-05-20,119.70999908447266,-0.0013348098643798378,0.030400241735565034,0.11563168239628556,0.11528613818249686,0.15843721247388656,0.11829417288801816,0.11943232852233272,0.12126227202208138,0.13572331993976572
2016-05-23,119.37000274658203,-0.002840166573309433,0.021189449692229426,0.11291397916792055,0.10850735086894774,0.15369823956506892,0.11134951653206128,0.11225240328786194,0.11637626481620816,0.11779695742809265
2016-05-24,117.30000305175781,-0.017341037506874768,0.04508624660985155,0.11223406396307496,0.10850735086894774,0.14942465021769033,0.11134951653206128,0.11225240328786194,0.11637626481620816,0.11779695742809265
2016-05-25,116.9800033569336,-0.002728045068191687,0.27528043631420496,0.11550213679796094,0.11654563402612307,0.15979618782736557,0.11686952092902438,0.11916612045256923,0.11955369310216754,0.12288486772533841
2016-05-26,116.58000183105469,-0.003419400875365075,0.043306372894868675,0.11538954825986342,0.11654563402612307,0.15529088466973115,0.11686952092902438,0.11916612045256923,0.11955369310216754,0.12288486772533841
2016-05-27,115.62000274658203,-0.008234680643287917,0.05428130609431534,0.11498846641976387,0.11163064632534646,0.1511460583055197,0.11061450631874,0.11253514042727732,0.11502802347091973,0.14023603557863837
2016-05-31,116.05999755859375,0.003805525009163979,0.1307215026490633,0.1188634938274404,0.11163064632534646,0.1499990325305719,0.11061450631874,0.11253514042727732,0.11502802347091973,0.14023603557863837
2016-06-01,115.94000244140625,-0.0010339059082515867,0.06041083669370812,0.10797092279530021,0.10654935707383842,0.14618035205150912,0.10747625159617882,0.10928059405518113,0.11230489622956548,0.11618249293509153
2016-06-02,115.66999816894531,-0.0023288275554194104,0.016412747473644372,0.09467703443238319,0.10654935707383842,0.1417841186562408,0.10747625159617882,0.10928059405518113,0.11230489622956548,0.11618249293509153
2016-06-03,118.87999725341797,0.027751354156539287,0.0369689913479655,0.09396483706484694,0.08854799306978062,0.137762747156902,0.10195396420056667,0.10340674518747806,0.10802779808371514,0.08926694212638442
2016-06-06,118.91999816894531,0.0003364814640942626,0.4405390898608896,0.11234995204112473,0.08854799306978062,0.1717100504213169,0.10195396420056667,0.10340674518747806,0.10802779808371514,0.08926694212638442
2016-06-07,118.81999969482422,-0.0008408886281601191,0.00534147764865797,0.10819150698258402,0.12167827886702354,0.16648421190538754,0.12359553890740754,0.1214827442005604,0.12265266609743561,0.10846059934168048
2016-06-08,120.58000183105469,0.014812339174809175,0.013348693142483641,0.10797166273536062,0.12167827886702354,0.1614455465519233,0.12359553890740754,0.1214827442005604,0.12265266609743561,0.10846059934168048
2016-06-09,121.25,0.005556461757929343,0.23513859475010862,0.11209845094047882,0.12585875499311527,0.16678787172880893,0.12347523525456684,0.12065319193050458,0.12259199099322851,0.10120198895767128
2016-06-10,121.73999786376953,0.004041219495006354,0.08820609588553091,0.10128749486244897,0.12585875499311527,0.1631438672692239,0.12347523525456684,0.12065319193050458,0.12259199099322851,0.10120198895767128
2016-06-13,122.63999938964844,0.007392817000752894,0.06415237066327707,0.10222987775955104,0.10640614335301923,0.15895250152673834,0.11739515322362389,0.11453851795749373,0.11851638459409233,0.0828607226234715
2016-06-14,122.7699966430664,0.0010599906561068462,0.11735733163321538,0.10076493284171563,0.10640614335301923,0.15676832739554056,0.11739515322362389,0.11453851795749373,0.11851638459409233,0.0828607226234715
2016-06-15,123.68000030517578,0.007412264290884263,0.016826830008665423,0.09585745726077498,0.10555914582308722,0.15204840840475806,0.11247441005472011,0.10955719300847448,0.11522256439159734,0.09924692310604354
2016-06-16,122.37999725341797,-0.010511020767707824,0.11766604779338573,0.09793041561627733,0.10555914582308722,0.15020756744157004,0.11247441005472011,0.10955719300847448,0.11522256439159734,0.09924692310604354
2016-06-17,123.94999694824219,0.01282889140431287,0.1668572818607407,0.10498124100518566,0.10611525269007524,0.15125824165416002,0.11228310550630788,0.11025031080799133,0.11478938403156945,0.10758040841504
2016-06-20,123.20999908447266,-0.005970132166106756,0.2036523375147962,0.11175000897039057,0.10611525269007524,0.1549024493115722,0.11228310550630788,0.11025031080799133,0.11478938403156945,0.10758040841504
2016-06-21,120.83999633789062,-0.019235474102691663,0.09477291003423502,0.10354169055915467,0.10678364315045437,0.15196709164533675,0.11296086558588046,0.11066757733589519,0.11476171132070362,0.12144319668201489
2016-06-22,120.9000015258789,0.0004965672774475127,0.3053536849568727,0.11603957434194138,0.10678364315045437,0.1652356181383364,0.11296086558588046,0.11066757733589519,0.11476171132070362,0.12144319668201489
2016-06-23,120.11000061035156,-0.0065343333792947655,0.007882761152031187,0.11543472486284147,0.12143458041316559,0.16021351131183484,0.1186984657029595,0.11874084800595948,0.11836941465862962,0.12104638566367146
2016-06-24,126.0,0.049038376152841456,0.10372932663121347,0.118100319409267,0.12143458041316559,0.15739712019810684,0.1186984657029595,0.11874084800595948,0.11836941465862962,0.12104638566367146
2016-06-27,126.68000030517578,0.005396827818855421,0.778460087993153,0.1409721217583101,0.17693627198452772,0.24422823087382084,0.18078512806223104,0.17360136740458293,0.15942895768181053,0.11531236713757159
2016-06-28,125.31999969482422,-0.010735716822507735,0.0856719856639595,0.1428978314296324,0.17693627198452772,0.2377161424431822,0.18078512806223104,0.17360136740458293,0.15942895768181053,0.11531236713757159
2016-06-29,125.83999633789062,0.004149350816571085,0.17042422115020814,0.1481770548412639,0.18212853146090804,0.2342244466845051,0.1698278519337343,0.16300930335722646,0.15599433697496692,0.1326842739145492
2016-06-30,126.47000122070312,0.00500639622652943,0.06586890217805927,0.14522920936530917,0.18212853146090804,0.2276614782426561,0.1698278519337343,0.16300930335722646,0.15599433697496692,0.1326842739145492
2016-07-01,128.41000366210938,0.015339625386899147,0.07947407628029436,0.14609572025560855,0.18103727456706256,0.22158278697392053,0.1572681798437728,0.1498823660558932,0.14906970687237614,0.1384885277973649
2016-07-05,129.47000122070312,0.008254789567508913,0.2435090038717686,0.15641827736461417,0.18103727456706256,0.22295917494496456,0.1572681798437728,0.1498823660558932,0.14906970687237614,0.1384885277973649
2016-07-06,130.22999572753906,0.005870043250717272,0.13104072192479407,0.1606942651181064,0.1638367636951312,0.21853705937155196,0.15337307613068404,0.14524444992741747,0.1478302219751636,0.13300801633342893
2016-07-07,129.74000549316406,-0.003762499043616141,0.09318404775954645,0.14490539956804535,0.1638367636951312,0.2131054563943648,0.15337307613068404,0.14524444992741747,0.1478302219751636,0.13300801633342893
2016-07-08,130.52000427246094,0.0060120143847071095,0.05972782066516004,0.14737750606879543,0.15098226911848248,0.20713074172133902,0.14419337526342602,0.1361795984571497,0.1431104317505185,0.14187099337562403
2016-07-11,129.2899932861328,-0.009423926954219786,0.09543776964286808,0.15110882772790382,0.15098226911848248,0.202176797849146,0.14419337526342602,0.1361795984571497,0.1431104317505185,0.14187099337562403
2016-07-12,127.1500015258789,-0.016551874633622066,0.1496002025670236,0.14722071899230904,0.14513887877020018,0.1994134984641412,0.13824105686802377,0.1311796098247456,0.13921575786284587,0.14020429904644724
2016-07-13,128.32000732421875,0.00920177573180525,0.26275286407489395,0.15515466300091646,0.14513887877020018,0.20376982804698823,0.13824105686802377,0.1311796098247456,0.13921575786284587,0.14020429904644724
2016-07-14,127.33000183105469,-0.007715129649756625,0.14607366123927645,0.15887835802709824,0.15578078372966786,0.20077615676028865,0.1390438388536914,0.1337796870974778,0.13967832337619923,0.13385865854666223
2016-07-15,126.83999633789062,-0.003848311365095336,0.12247388631526132,0.15911092869446397,0.15578078372966786,0.19695784418442416,0.1390438388536914,0.1337796870974778,0.13967832337619923,0.13385865854666223
2016-07-18,127.04000091552734,0.001576825791636871,0.0610900490375145,0.1611228931957753,0.15732353019821482,0.1915431243561452,0.13272365165416297,0.12801402457027722,0.1353872586636505,0.13073073381018602
2016-07-19,127.20999908447266,0.0013381467862105811,0.025031333433262276,0.1569122243612242,0.15732353019821482,0.18580913981296426,0.13272365165416297,0.12801402457027722,0.1353872586636505,0.13073073381018602
2016-07-20,125.38999938964844,-0.014307049036417885,0.02124242168408108,0.15029336708046698,0.14685938895141248,0.18022377390480965,0.12565528586890412,0.12102896468710504,0.13003945872104208,0.14048595701655298
2016-07-21,127.30000305175781,0.015232503958900745,0.22711736247340805,0.15135995912404024,0.14685938895141248,0.18337587065880578,0.12565528586890412,0.12102896468710504,0.13003945872104208,0.14048595701655298
2016-07-22,126.3499984741211,-0.007462722347700734,0.24180850392034928,0.1580433952097727,0.15518639942643897,0.18739634067284885,0.13042295502397583,0.12490005370517795,0.13243982563767165,0.13292910310981837
2016-07-25,125.47000122070312,-0.006964758718206121,0.11846704461324142,0.14954854792142583,0.15518639942643897,0.18399024872879458,0.13042295502397583,0.12490005370517795,0.13243982563767165,0.13292910310981837
2016-07-26,126.0,0.0042241075487405855,0.1105621170596543,0.15421579137177233,0.1534919347266226,0.18042922666067557,0.1262210187756328,0.12159994693909462,0.1291761037090739,0.13844951909094597
2016-07-27,128.02999877929688,0.016111101422991103,0.06705562851094943,0.1525488050935785,0.1534919347266226,0.17570205155964225,0.1262210187756328,0.12159994693909462,0.1291761037090739,0.13844951909094597
2016-07-28,127.66000366210938,-0.002889909558035031,0.2557558062754398,0.1287895195609552,0.10975555975645851,0.18150371955843542,0.1269131971930664,0.11953287354281993,0.12884013636816713,0.10416076477559973
2016-07-29,128.97999572753906,0.010339903082906332,0.04587589201217565,0.12698060621314683,0.10975555975645851,0.17633281047158839,0.1269131971930664,0.11953287354281993,0.12884013636816713,0.10416076477559973
2016-08-01,129.22000122070312,0.0018607962561190128,0.16414087282728138,0.1266949994711956,0.10725374264339854,0.1756251633844953,0.12347984470102706,0.11558585382881464,0.1258824355237018,0.11857462303233986
2016-08-02,130.27000427246094,0.00812570067976126,0.02953922480550576,0.1250436504997159,0.10725374264339854,0.1704285776538883,0.12347984470102706,0.11558585382881464,0.1258824355237018,0.11857462303233986
2016-08-03,129.64999389648438,-0.004759425467430023,0.12899149936078075,0.12729444245791985,0.10839147051033703,0.16823042082423834,0.11929199078284201,0.11154992262500142,0.12260887455751077,0.11331631358609162
2016-08-04,129.8699951171875,0.0016968857004249216,0.07555353702220312,0.11966010305566685,0.10839147051033703,0.16415202173184537,0.11929199078284201,0.11154992262500142,0.12260887455751077,0.11331631358609162
2016-08-05,127.55000305175781,-0.01786395743940894,0.026937225399755956,0.11492812594089238,0.09710903166911668,0.15928800931353038,0.1143881352205208,0.10818957153865377,0.11937056769073079,0.12305620041193413
2016-08-08,127.44000244140625,-0.000862411663815732,0.2835815328967095,0.12358255708349071,0.09710903166911668,0.16933817899223477,0.1143881352205208,0.10818957153865377,0.11937056769073079,0.12305620041193413
2016-08-09,127.95999908447266,0.004080325118523742,0.013690360741307207,0.12148994526877012,0.10907093914917428,0.16421370007150865,0.11712741099819131,0.11376317082772153,0.12016726322956045,0.1247210222121972
2016-08-10,128.55999755859375,0.004688953410549868,0.06477315319142384,0.12009609906643176,0.10907093914917428,0.15999970192524254,0.11712741099819131,0.11376317082772153,0.12016726322956045,0.1247210222121972
2016-08-11,127.66999816894531,-0.006922832969429749,0.07443482780089858,0.11667949112251699,0.10486773474950224,0.15619328716235353,0.11288518996943979,0.11031670997902224,0.11740988514507221,0.11485353454863341
2016-08-12,127.4000015258789,-0.002114801025602908,0.10989656643089958,0.10973147759324452,0.10486773474950224,0.15380896494061916,0.11288518996943979,0.11031670997902224,0.11740988514507221,0.11485353454863341
2016-08-15,127.83999633789062,0.0034536484045673,0.03357142551677781,0.1046177396058582,0.09075726194274877,0.149349885406759,0.10931114352119906,0.10836261055032712,0.11501974592154975,0.10467959032824359
2016-08-16,128.47000122070312,0.0049280733796905896,0.05482496876604039,0.10154278880816635,0.09075726194274877,0.14542149637093948,0.10931114352119906,0.10836261055032712,0.11501974592154975,0.10467959032824359
2016-08-17,128.5,0.0002335080486637331,0.07823073963203332,0.1023219111079172,0.08954205008450006,0.14228763062107638,0.10559583810248918,0.10533655308427908,0.11232960633746035,0.1014165819292902
2016-08-18,129.11000061035156,0.004747086461879935,0.0037068253553772363,0.10135261528619516,0.08954205008450006,0.13795596424710024,0.10559583810248918,0.10533655308427908,0.11232960633746035,0.1014165819292902
2016-08-19,127.97000122070312,-0.008829675348611454,0.07535766138153484,0.10381239890880668,0.08818069122627781,0.13502097546233327,0.10174922503575527,0.10222371144921354,0.1094484194438292,0.10381978981631784
2016-08-22,127.77999877929688,-0.00148474204574367,0.14016675077918073,0.09986009837725089,0.08818069122627781,0.13533523956217605,0.10174922503575527,0.10222371144921354,0.1094484194438292,0.10381978981631784
2016-08-23,127.76000213623047,-0.00015649274735829444,0.023569549284714223,0.08994014589381294,0.08045678523027748,0.1313393347878676,0.09997844864094728,0.10162151670296203,0.10760131720202834,0.10435418249158696
2016-08-24,126.33999633789062,-0.011114635054762179,0.0024842453489718436,0.08466820047270979,0.08045678523027748,0.1273396634959651,0.09997844864094728,0.10162151670296203,0.10760131720202834,0.10435418249158696
2016-08-25,126.2300033569336,-0.0008706109240564919,0.17643936160884896,0.08766262067949136,0.08061573526781243,0.13080641194072246,0.10019124047785095,0.10291654755769938,0.10688198595866087,0.11077750516666726
2016-08-26,126.05000305175781,-0.0014259708499476664,0.01382051996249771,0.0852428430181981,0.08061573526781243,0.12686669683900362,0.10019124047785095,0.10291654755769938,0.10688198595866087,0.11077750516666726
2016-08-29,126.30000305175781,0.0019833398964483884,0.022636585474733562,0.07464651479998417,0.07188026085856739,0.12312674015398346,0.09660118015962911,0.10029849712790835,0.10457054100246697,0.11002860396823008
2016-08-30,125.02999877929688,-0.010055457179525829,0.0314845447878902,0.07399236265342575,0.07188026085856739,0.11962465918914798,0.09660118015962911,0.10029849712790835,0.10457054100246697,0.11002860396823008
2016-08-31,124.77999877929688,-0.001999520134694288,0.15962543409650587,0.0737871154383905,0.07074593235981262,0.1223939226170258,0.09673751189600685,0.10098477273406312,0.10373330301371754,0.11774351983167411
2016-09-01,125.29000091552734,0.0040872106204499214,0.031741398107204756,0.07388721422483137,0.07074593235981262,0.11891974998794587,0.09673751189600685,0.10098477273406312,0.10373330301371754,0.11774351983167411
2016-09-02,126.56999969482422,0.010216288370529014,0.06488245714591499,0.07097316685142838,0.06841960429162965,0.11638718364012984,0.0939568281479561,0.09840261196157858,0.10161226154253589,0.09044703331372421
2016-09-06,128.7100067138672,0.016907695537669243,0.16217855010324642,0.07491066744602125,0.06841960429162965,0.11962997472020087,0.0939568281479561,0.09840261196157858,0.10161226154253589,0.09044703331372421
2016-09-07,128.27000427246094,-0.003418556588101307,0.26840134581521596,0.08588630928308762,0.08424198620926214,0.13332294606176276,0.10378032672351156,0.10001950923841849,0.10581229973136974,0.0887826346862095
2016-09-08,127.58999633789062,-0.0053013792150961025,0.05426790344950516,0.07546296249003287,0.08424198620926214,0.12994309443168084,0.10378032672351156,0.10001950923841849,0.10581229973136974,0.0887826346862095
2016-09-09,126.75,-0.00658355954228651,0.0841567860527465,0.07866598182237101,0.07689741917278771,0.1276598496058003,0.10087701127064254,0.09858540624356106,0.10378236270928631,0.10637825953683355
2016-09-12,126.58999633789062,-0.0012623563085552014,0.10451076774285799,0.08047223702925439,0.07689741917278771,0.12639052576734186,0.10087701127064254,0.09858540624356106,0.10378236270928631,0.10637825953683355
2016-09-13,125.75,-0.0066355664917512325,0.020039285150343488,0.07799971236332007,0.0769099237309912,0.12263843394499381,0.09838818734781117,0.09741941574644856,0.10218876916796807,0.12234072793816872
2016-09-14,126.18000030517578,0.0034194855282367875,0.10533635247124254,0.07779242991060839,0.0769099237309912,0.1216697134901226,0.09838818734781117,0.09741941574644856,0.10218876916796807,0.12234072793816872
2016-09-15,125.37000274658203,-0.006419381491795106,0.05428264991699325,0.07873384920152728,0.07197304912829197,0.11871016971954451,0.09658938479706752,0.09645698866434944,0.10060881786964306,0.11755316816930318
2016-09-16,125.05999755859375,-0.00247272219188599,0.10190452198884403,0.08087382889347289,0.07197304912829197,0.11776947833483413,0.09658938479706752,0.09645698866434944,0.10060881786964306,0.11755316816930318
2016-09-19,125.31999969482422,0.00207901920123299,0.039253247886485196,0.0791021247232207,0.07197370048988445,0.11458586332441581,0.09473143897635337,0.09548708336530078,0.0988086021873229,0.10864398519343582
2016-09-20,125.44000244140625,0.0009575705942728163,0.03300340666434385,0.08043378750999192,0.07197370048988445,0.11138886102506265,0.09473143897635337,0.09548708336530078,0.0988086021873229,0.10864398519343582
2016-09-21,127.2699966430664,0.014588601451239303,0.015200961931405218,0.07769939208044058,0.07037910795397243,0.10805967709303725,0.0916515777809251,0.09277893411899851,0.09631744184772849,0.09040027193551378
2016-09-22,127.56999969482422,0.00235721740921524,0.23158686849729104,0.08185485197671831,0.07037910795397243,0.11913953518571108,0.0916515777809251,0.09277893411899851,0.09631744184772849,0.09040027193551378
2016-09-23,127.6500015258789,0.0006271210413582029,0.03741966630537299,0.08248440275038461,0.07913490208030496,0.11587315909733185,0.09643801928358553,0.09382827336420645,0.09831857187838197,0.08491902905997799
2016-09-26,127.55000305175781,-0.0007833801247610905,0.00995523790421794,0.08282399332107761,0.07913490208030496,0.11236965811529204,0.09643801928358553,0.09382827336420645,0.09831857187838197,0.08491902905997799
2016-09-27,126.62000274658203,-0.007291260548213385,0.012435773952891587,0.07536928479126138,0.07493122030490852,0.10898900205745167,0.0930089711685596,0.09116222623147435,0.09597171793283195,0.09105924335906013
2016-09-28,126.22000122070312,-0.003159070582864132,0.11574517292849454,0.08000222356244305,0.07493122030490852,0.10940613839581982,0.0930089711685596,0.09116222623147435,0.09597171793283195,0.09105924335906013
2016-09-29,126.06999969482422,-0.0011884132817953086,0.05014869081815015,0.08125277380532561,0.07186517597410948,0.10678208839974347,0.09176878143214803,0.09083638509808872,0.09441328340487894,0.09208426842178916
2016-09-30,125.63999938964844,-0.003410805950794571,0.018865475990379063,0.08067917976907511,0.07186517597410948,0.10363215673665488,0.09176878143214803,0.09083638509808872,0.09441328340487894,0.09208426842178916
2016-10-03,125.31999969482422,-0.0025469571504198596,0.05414486589660986,0.07588460848726165,0.06880911340036455,0.10134666479699704,0.0891847542894398,0.08887899511145538,0.0920919683262103,0.08885566518661955
2016-10-04,120.97000122070312,-0.03471112739159021,0.04043169131969206,0.07627962181510199,0.06880911340036455,0.09875708064399552,0.0891847542894398,0.08887899511145538,0.0920919683262103,0.08885566518661955
2016-10-05,120.77999877929688,-0.0015706575141682944,0.551022064828979,0.09837687670978673,0.11055287743095342,0.16548505151338797,0.1250511130002971,0.12767812434451625,0.11323958897669899,0.14174494087009692
2016-10-06,119.66000366210938,-0.009273018119780652,0.024933415064065295,0.09213846148073303,0.11055287743095342,0.16055990984405405,0.1250511130002971,0.12767812434451625,0.11323958897669899,0.14174494087009692
2016-10-07,119.73999786376953,0.000668512445361813,0.1472045990876122,0.08662951844766013,0.11239645227818738,0.15979007231281797,0.12074726829511605,0.12587346520063794,0.11201412978668453,0.1367280470617225
2016-10-10,120.16000366210938,0.0035076482865623593,0.010612306072674074,0.08464517311234963,0.11239645227818738,0.15494403002233503,0.12074726829511605,0.12587346520063794,0.11201412978668453,0.1367280470617225
2016-10-11,119.55000305175781,-0.005076569505331308,0.05568219031755496,0.08335087330620457,0.11296016930589582,0.15084171728106968,0.1147727607618432,0.11999296847044744,0.10901318076524305,0.11507941455718516
2016-10-12,119.73999786376953,0.0015892497462293154,0.08058804254664496,0.0822634767063767,0.11296016930589582,0.14757268110342786,0.1147727607618432,0.11999296847044744,0.10901318076524305,0.11507941455718516
2016-10-13,120.02999877929688,0.002421921836488483,0.025228557598171674,0.08249935272673253,0.09665301961553913,0.14321041597132458,0.11064501229320452,0.11689639979088555,0.10672322178291184,0.10725132382379769
2016-10-14,119.36000061035156,-0.0055819226506638175,0.038446817245112196,0.07945891930736296,0.09665301961553913,0.1391666602081683,0.11064501229320452,0.11689639979088555,0.10672322178291184,0.10725132382379769
2016-10-17,119.68000030517578,0.0026809625769763645,0.08861027502752958,0.08101926590329643,0.09360967062610068,0.1366617159452979,0.10678725280609572,0.11341931002798897,0.1043706166567695,0.1029326190272398
2016-10-18,120.41999816894531,0.006183137214928136,0.04255896151770192,0.07832174042733542,0.09360967062610068,0.13290791940713848,0.10678725280609572,0.11341931002798897,0.1043706166567695,0.1029326190272398
2016-10-19,121.11000061035156,0.0057299655530487215,0.09815426035733027,0.0809990591760102,0.0939777811233711,0.1310827969958073,0.10377841242833935,0.11006147256465551,0.10229608594124824,0.08605354228062023
2016-10-20,120.73999786376953,-0.0030550965627722526,0.09096038324600159,0.08363346720244919,0.0939777811233711,0.12902776897770862,0.10377841242833935,0.11006147256465551,0.10229608594124824,0.08605354228062023
2016-10-21,120.83000183105469,0.0007454362173064943,0.04849815441830167,0.08514697595185357,0.09744643316516366,0.125659856422972,0.10104650695563082,0.10727680116645302,0.10022707373404419,0.08679061779784128
2016-10-24,120.55999755859375,-0.0022345797266349887,0.011833433095522119,0.07515818343359135,0.09744643316516366,0.12186622728876526,0.10104650695563082,0.10727680116645302,0.10022707373404419,0.08679061779784128
2016-10-25,121.47000122070312,0.007548139354159433,0.035472853448537255,0.07506969194009881,0.09087199931754274,0.11847275683585681,0.09763468323463866,0.10425105296616187,0.09789982753344491,0.08181040603120955
2016-10-26,120.79000091552734,-0.00559809251948773,0.11982299755419332,0.0800636810150977,0.09087199931754274,0.11855420494492427,0.09763468323463866,0.10425105296616187,0.09789982753344491,0.08181040603120955
2016-10-27,121.01000213623047,0.0018213529185828747,0.08886696373737323,0.08353782600530141,0.09220031969672193,0.11698561353495436,0.09707903780872061,0.1028738603451788,0.0972173832474306,0.08697869545572183
2016-10-28,121.58000183105469,0.0047103519110967,0.02891308123351176,0.07959091274643856,0.09220031969672193,0.11364265802807347,0.09707903780872061,0.1028738603451788,0.0972173832474306,0.08697869545572183
2016-10-31,121.94000244140625,0.0029610183001298473,0.07477451846615817,0.08071026854862075,0.09186829204699883,0.1116926506847038,0.09469187883825665,0.10015842219400453,0.09534012834090762,0.07463961722789408
2016-11-01,122.7300033569336,0.006478603409139305,0.047004708297928736,0.08198932456260026,0.09186829204699883,0.10890041267179454,0.09469187883825665,0.10015842219400453,0.09534012834090762,0.07463961722789408
2016-11-02,123.63999938964844,0.007414617516698918,0.10284464078158706,0.0842029506937356,0.09193675876854414,0.10854659412220884,0.09340281749544552,0.09800079212574125,0.0939703995395353,0.09645377611386764
2016-11-03,124.30000305175781,0.005338107937297831,0.11770340409509185,0.0877153012744356,0.09193675876854414,0.10911767404932164,0.09340281749544552,0.09800079212574125,0.0939703995395353,0.09645377611386764
2016-11-04,124.38999938964844,0.0007240252267182168,0.08473983644226021,0.06652065452958472,0.05504930883522184,0.10781056152044484,0.09327173484806336,0.09630913182563536,0.09339437631929622,0.0878317739386507
2016-11-07,122.1500015258789,-0.018007861361529542,0.011493544157001358,0.06590975130653637,0.05504930883522184,0.10456412500599686,0.09327173484806336,0.09630913182563536,0.09339437631929622,0.0878317739386507
2016-11-08,121.63999938964844,-0.004175211869501427,0.28586593684041706,0.07221253938620932,0.06657016595364969,0.12321037657077637,0.10111859397488772,0.1045091365002343,0.09819983103461274,0.09691352541509482
2016-11-09,121.55999755859375,-0.0006576934516286936,0.06627943366623505,0.07474286336773482,0.06657016595364969,0.12055507820351981,0.10111859397488772,0.1045091365002343,0.09819983103461274,0.09691352541509482
2016-11-10,119.75,-0.01488974658560116,0.010440559871551272,0.07268642562018919,0.07141884338101594,0.11691045969135205,0.09802446415183615,0.10211642761773336,0.09612314506601724,0.11281698351933075
2016-11-11,117.0999984741211,-0.02212944906788228,0.2363673993016427,0.07976730547268909,0.07141884338101594,0.12727979060827366,0.09802446415183615,0.10211642761773336,0.09612314506601724,0.11281698351933075
2016-11-14,116.11000061035156,-0.008454294420749409,0.35129411330691973,0.094588467095814,0.09649765154223743,0.15044131624688256,0.11572290290759167,0.11978709717411021,0.1075463093790807,0.1382364322404187
2016-11-15,117.12000274658203,0.00869866618655779,0.1342077632869428,0.09894123737044266,0.09649765154223743,0.1495170146827374,0.11572290290759167,0.11978709717411021,0.1075463093790807,0.1382364322404187
2016-11-16,116.7699966430664,-0.002988440021410743,0.138087044805591,0.10119018145126364,0.10180198860901099,0.14885596842400411,0.11410971555856243,0.1180309354781275,0.10732301485787106,0.11413383976589703
2016-11-17,116.16999816894531,-0.005138293152093909,0.047440014628112204,0.10141204750173682,0.10180198860901099,0.1447882822420245,0.11410971555856243,0.1180309354781275,0.10732301485787106,0.11413383976589703
2016-11-18,115.1500015258789,-0.008780207102896176,0.08156787506272001,0.10065812089743638,0.10013401258923621,0.14179219643074592,0.10969884704568832,0.114830868212985,0.10483090323633441,0.12375766608864852
2016-11-21,115.58000183105469,0.0037342622620732957,0.13938146672343713,0.10285907923731981,0.10013401258923621,0.1416487096534752,0.10969884704568832,0.114830868212985,0.10483090323633441,0.12375766608864852
2016-11-22,115.54000091552734,-0.00034608855246265335,0.05927957565443668,0.10334914383896229,0.09359254879023847,0.13809902105044425,0.1075592339847227,0.11334934298745708,0.10385920020422139,0.12012348150104168
2016-11-23,113.25,-0.019819983532816443,0.005493985448535069,0.10306098712773562,0.09359254879023847,0.13389873140083183,0.1075592339847227,0.11334934298745708,0.10385920020422139,0.12012348150104168
2016-11-25,112.61000061035156,-0.005651208738617575,0.3146324845033662,0.1157500612665915,0.10458699290679496,0.1509726931361849,0.11459754300236294,0.1207199016739228,0.10851799328513156,0.13654654009517603
2016-11-28,113.80000305175781,0.010567466787642088,0.08971015757578273,0.11438129581302735,0.10458699290679496,0.14801372764295004,0.11459754300236294,0.1207199016739228,0.10851799328513156,0.13654654009517603
2016-11-29,113.2699966430664,-0.004657349687858581,0.16775333464821343,0.11796703994533826,0.10927898717377538,0.14927173420862852,0.11310461239522286,0.11810257016003449,0.10808349596465826,0.11630881154822403
2016-11-30,111.75,-0.013419234467324848,0.07393313425642861,0.12001340599183451,0.10927898717377538,0.14585298795736443,0.11310461239522286,0.11810257016003449,0.10808349596465826,0.11630881154822403
2016-12-01,111.54000091552734,-0.0018791864382340373,0.21302374311244715,0.1262974616575749,0.11527055387721587,0.15072974277860327,0.11364531717840926,0.11956870977285823,0.10898474751823022,0.1299202816294352
2016-12-02,112.13999938964844,0.005379222424209074,0.029831159896155018,0.12551684582113065,0.11527055387721587,0.14632047677158064,0.11364531717840926,0.11956870977285823,0.10898474751823022,0.1299202816294352
2016-12-05,111.54000091552734,-0.005350441210868029,0.08539250868815522,0.12472356708961102,0.11081376562337604,0.14339670093731693,0.10936981149783997,0.11576301593262076,0.10664868674628085,0.13108026386387883
2016-12-06,111.43000030517578,-0.0009861987578327902,0.08493562109056862,0.12323412240758724,0.11081376562337604,0.1405763159039472,0.10936981149783997,0.11576301593262076,0.10664868674628085,0.13108026386387883
2016-12-07,111.83000183105469,0.003589711251758221,0.015655419939038254,0.1200939216574408,0.1084713056948732,0.13634773224350613,0.10548923633612531,0.11252101529378876,0.1041363023837543,0.12423911805085745
2016-12-08,111.56999969482422,-0.0023249765892274787,0.05698489950409576,0.12216171053685417,0.1084713056948732,0.13292892299631237,0.10548923633612531,0.11252101529378876,0.1041363023837543,0.12423911805085745
2016-12-09,110.4000015258789,-0.010486673587394413,0.036907859154858495,0.1108454342784197,0.09591169680409563,0.12919606827943975,0.10179303602747543,0.10900422113859501,0.10183088210336241,0.11873639453781153
2016-12-12,110.81999969482422,0.003804331187865717,0.16647078235533108,0.11539958649156042,0.09591169680409563,0.13173032262168605,0.10179303602747543,0.10900422113859501,0.10183088210336241,0.11873639453781153
2016-12-13,110.44999694824219,-0.0033387723118656343,0.0603918853681178,0.1176701012868589,0.10030821385432213,0.1285711321146066,0.10164096255299705,0.10871634353743055,0.10169938591578469,0.109062488124802
2016-12-14,108.83000183105469,-0.014667226454941784,0.05300136732878794,0.10933528165172914,0.10030821385432213,0.12532857834014155,0.10164096255299705,0.10871634353743055,0.10169938591578469,0.109062488124802
2016-12-15,107.33999633789062,-0.01369112807217554,0.23283500173706084,0.10395077658037191,0.08985549709999745,0.13422945160384575,0.10489829221322511,0.11186389519954296,0.10351159182212459,0.11976692677541374
2016-12-16,108.05000305175781,0.006614558767378709,0.21733992028146995,0.10772951098921406,0.08985549709999745,0.14060829063065364,0.10489829221322511,0.11186389519954296,0.10351159182212459,0.11976692677541374
2016-12-19,108.58999633789062,0.004997623978540311,0.10500286518543601,0.10622568464284336,0.09596067832757178,0.1387299030932371,0.10741598935723956,0.114001971811815,0.10495482458120634,0.1023777273713234
2016-12-20,107.79000091552734,-0.007367118973593101,0.07933482116058518,0.10767544857613762,0.09596067832757178,0.13590021222366924,0.10741598935723956,0.114001971811815,0.10495482458120634,0.1023777273713234
2016-12-21,107.8499984741211,0.0005566152526592649,0.11694938809891661,0.10928369916869199,0.09788976042770449,0.13483829272166975,0.10534248776054883,0.11145660263520374,0.10376345141017769,0.11336172806695317
2016-12-22,107.58999633789062,-0.0024107755207141146,0.008835993206890791,0.10334981400884899,0.09788976042770449,0.13074849046779144,0.10534248776054883,0.11145660263520374,0.10376345141017769,0.11336172806695317
2016-12-23,107.93000030517578,0.0031601819765598727,0.03826987496767074,0.10239482761399597,0.08854612808984869,0.12711149709539354,0.10130162630138217,0.10695636588557605,0.10128054358033192,0.1151511720648034
2016-12-27,108.55999755859375,0.005837091185366683,0.050166333646115835,0.1044253888957042,0.08854612808984869,0.12385028217203188,0.10130162630138217,0.10695636588557605,0.10128054358033192,0.1151511720648034
2016-12-28,108.86000061035156,0.0027634769574851337,0.0926609499389248,0.09433577368822958,0.0770538838882097,0.12220360857626683,0.09890121666828278,0.10376268712873071,0.09943696192369489,0.11065959901209593
2016-12-29,110.29000091552734,0.01313614088883086,0.04386883670017847,0.09225207728479302,0.0770538838882097,0.11896708419610595,0.09890121666828278,0.10376268712873071,0.09943696192369489,0.11065959901209593
2016-12-30,109.61000061035156,-0.006165566230220687,0.20852977187372057,0.09410555170413426,0.0798476293419762,0.12614696603667613,0.1011827395465009,0.10336933875792441,0.1004666468296513,0.09620886256785544
2017-01-03,110.47000122070312,0.00784600497730814,0.09787532962237169,0.09519383331167712,0.0798476293419762,0.12463165098306325,0.1011827395465009,0.10336933875792441,0.1004666468296513,0.09620886256785544
2017-01-04,110.86000061035156,0.0035303646722089077,0.12455146773199391,0.09117236624892926,0.07982293619127646,0.1246268414428043,0.1006483928033076,0.1016511917504383,0.0998419964044807,0.08570706713502926
2017-01-05,112.58000183105469,0.015515074970534615,0.05604280176019699,0.09236380451547661,0.07982293619127646,0.12160750951021591,0.1006483928033076,0.1016511917504383,0.0998419964044807,0.08570706713502926
2017-01-06,111.75,-0.00737255123072611,0.24629417966734424,0.09967751683271248,0.08889574266264093,0.13244143069070652,0.10564810013325905,0.10325650767444547,0.10247164776674934,0.08739557559689319
2017-01-09,112.66999816894531,0.008232645807116912,0.1170356225075068,0.10113660780620969,0.08889574266264093,0.1315679627635099,0.10564810013325905,0.10325650767444547,0.10247164776674934,0.08739557559689319
2017-01-10,113.1500015258789,0.0042602588509306205,0.13068920062625985,0.1063654160192652,0.09163887551127234,0.1315154026181563,0.10483071602006036,0.10286346455026629,0.1020864890502333,0.10083778556894417
2017-01-11,113.5,0.0030932255360247574,0.06762951264194529,0.10684926207098563,0.09163887551127234,0.12858051219791447,0.10483071602006036,0.10286346455026629,0.1020864890502333,0.10083778556894417
2017-01-12,113.91000366210938,0.003612367067042932,0.04910343310413584,0.10740360634140735,0.09213109150673654,0.12524232534814295,0.10115734679422322,0.09936681537891749,0.09985658231453677,0.1020281687385429
2017-01-13,114.20999908447266,0.0026336178800692167,0.057344549422052325,0.10244332302625829,0.09213109150673654,0.12223667819438883,0.10115734679422322,0.09936681537891749,0.09985658231453677,0.1020281687385429
2017-01-17,115.8499984741211,0.01435950794847174,0.04180738775421767,0.10159857313471737,0.08281380051566431,0.11895448132159019,0.09797132718497452,0.09641888850953503,0.09792120941468123,0.12044278179304124
2017-01-18,114.87000274658203,-0.008459177733679324,0.2279501218854691,0.10955078925093016,0.08281380051566431,0.12813599803706704,0.09797132718497452,0.09641888850953503,0.09792120941468123,0.12044278179304124
2017-01-19,114.7699966430664,-0.0008706024299159898,0.1342852834764628,0.10507125660272115,0.08809285603865426,0.12851325299314142,0.10292440274542128,0.09999560776683565,0.10084608476750084,0.11327384245346729
2017-01-20,115.05000305175781,0.0024397178433508415,0.013820385122197491,0.09582036864093606,0.08809285603865426,0.1246442016536749,0.10292440274542128,0.09999560776683565,0.10084608476750084,0.11327384245346729
2017-01-23,115.79000091552734,0.006431967354547874,0.03872932009603899,0.09280793477323619,0.08212854662011182,0.12121882691906873,0.09898939789825968,0.09671627061791598,0.0984968269243491,0.1002580947206666
2017-01-24,115.2699966430664,-0.004490925540628465,0.10210431636611811,0.09384291182803314,0.08212854662011182,0.12015773485253695,0.09898939789825968,0.09671627061791598,0.0984968269243491,0.1002580947206666
2017-01-25,114.31999969482422,-0.008241493674922662,0.07129123282206731,0.09176754113363089,0.07766183128735339,0.11779878930972267,0.09720731196457622,0.09520877536936398,0.09711545303256534,0.10408300378297698
2017-01-26,113.26000213623047,-0.009272197003353688,0.130829656173343,0.09731270763210599,0.07766183128735339,0.11862101589993382,0.09720731196457622,0.09520877536936398,0.09711545303256534,0.10408300378297698
2017-01-27,113.48999786376953,0.0020306880028346797,0.14719156426843313,0.10226369350941339,0.08321122518465973,0.12052638750021387,0.09852859043196262,0.0978625713767468,0.09782445009743307,0.10094588213087868
2017-01-30,113.97000122070312,0.004229477187141839,0.032236172675177935,0.10144868619255255,0.08321122518465973,0.11712114979176579,0.09852859043196262,0.0978625713767468,0.09782445009743307,0.10094588213087868
2017-01-31,115.55000305175781,0.01386331327657886,0.06714086887798978,0.1002886825079646,0.08292118795976229,0.11473794351152547,0.09614592199299155,0.0956973011426953,0.09582475269467147,0.08674766846582194
2017-02-01,115.19999694824219,-0.0030290445198764004,0.22007327566324597,0.10829797518810404,0.08292118795976229,0.12361570587934137,0.09614592199299155,0.0956973011426953,0.09582475269467147,0.08674766846582194
2017-02-02,115.83999633789062,0.005555550404536813,0.048084591058416004,0.10100501242377201,0.0863808026568835,0.12042723881863382,0.09894447282696887,0.0958233856462564,0.09761234959229655,0.10170174561055195
2017-02-03,116.12999725341797,0.0025034610211955854,0.08819162859893215,0.10056484419543386,0.0863808026568835,0.11874014679040687,0.09894447282696887,0.0958233856462564,0.09761234959229655,0.10170174561055195
2017-02-06,117.69999694824219,0.013519329475210284,0.03974121167416392,0.09670983255644156,0.08353360622777195,0.11553367884101488,0.09628074907337796,0.09344675604224398,0.09586616537999076,0.10712219648204596
2017-02-07,117.45999908447266,-0.0020390643159919897,0.21461270210251066,0.10391755529927402,0.08353360622777195,0.12373627521455018,0.09628074907337796,0.09344675604224398,0.09586616537999076,0.10712219648204596
2017-02-08,118.19000244140625,0.00621491028966048,0.03236914252428498,0.09419368997458952,0.081031123331147,0.12022849720011515,0.098827455553524,0.09394939745227647,0.09754145860624273,0.10209056563248559
2017-02-09,117.29000091552734,-0.00761487018603868,0.09865864228210819,0.09335837269161683,0.081031123331147,0.11904457026036572,0.098827455553524,0.09394939745227647,0.09754145860624273,0.10209056563248559
2017-02-10,117.5999984741211,0.0026430007347089113,0.12088231666979102,0.09291260523905008,0.08029497064719203,0.11915563434002599,0.09821188635119305,0.09399770553778099,0.09719083859228304,0.10370685684214771
2017-02-13,116.80000305175781,-0.006802682251218939,0.04195633595400467,0.0917456426623255,0.08029497064719203,0.1159819008762861,0.09821188635119305,0.09399770553778099,0.09719083859228304,0.10370685684214771
2017-02-14,116.93000030517578,0.0011129901542927811,0.10798923290950997,0.09442226992620614,0.07795985787040612,0.11551793677384962,0.09622243420195858,0.09319107295695768,0.09582606491331445,0.09759738769232912
2017-02-15,117.44999694824219,0.004447076385095894,0.01766817095953264,0.0926187981779098,0.07795985787040612,0.11208238019154129,0.09622243420195858,0.09319107295695768,0.09582606491331445,0.09759738769232912
2017-02-16,118.08000183105469,0.0053640263872474225,0.07059514905763105,0.09392733278261041,0.07787063531303005,0.11003514373446914,0.09350366672699953,0.09091698305855618,0.09380432278092858,0.09113407053289432
2017-02-17,117.68000030517578,-0.0033875467452245678,0.08515127907986957,0.08743647629144678,0.07787063531303005,0.1087028670505136,0.09350366672699953,0.09091698305855618,0.09380432278092858,0.09113407053289432
2017-02-21,117.75,0.000594830851824435,0.053775637454822924,0.0837769469268268,0.06941923669667427,0.10621131605305478,0.09170737485053126,0.08954524836376535,0.09230090543525629,0.0908371319173501
2017-02-22,117.91000366210938,0.0013588421410561935,0.009442647036456997,0.0835779588320204,0.06941923669667427,0.1030016643226792,0.09170737485053126,0.08954524836376535,0.09230090543525629,0.0908371319173501
2017-02-23,118.94000244140625,0.008735465586520608,0.021570950257375435,0.08279803293026297,0.06763057483189848,0.10000350311737954,0.08878965890063797,0.08745835769758008,0.08992472891864535,0.08858827204821196
2017-02-24,119.69999694824219,0.00638973004234078,0.13867121716977907,0.08446016478497484,0.06763057483189848,0.10273480902733874,0.08878965890063797,0.08745835769758008,0.08992472891864535,0.08858827204821196
2017-02-27,119.12000274658203,-0.004845398633643638,0.10143381982123152,0.08583028237584595,0.07117388706847996,0.10265721462684588,0.09060115953528906,0.08781393437610673,0.09078049430480317,0.08765317431576064
2017-02-28,119.2300033569336,0.0009234436519076628,0.07691831872555939,0.08337976703731032,0.07117388706847996,0.10129747853416572,0.09060115953528906,0.08781393437610673,0.09078049430480317,0.08765317431576064
2017-03-01,119.05999755859375,-0.0014258642418293332,0.014659213516373833,0.07735556927585308,0.06829808004151905,0.0982771690698918,0.08874880008877428,0.08784804693049118,0.08901572081411534,0.0897329234758773
2017-03-02,117.58000183105469,-0.01243067157641009,0.02263489312332046,0.07691914747804138,0.06829808004151905,0.09544442438388331,0.08874880008877428,0.08784804693049118,0.08901572081411534,0.0897329234758773
2017-03-03,117.51000213623047,-0.0005953367386810626,0.19733079372420204,0.08283687133468738,0.07175392229535667,0.10440031794167098,0.09316288842612826,0.09886079340547217,0.09090923565000884,0.09998688250822049
2017-03-06,116.72000122070312,-0.006722839768239397,0.009450677741342034,0.07326311688369175,0.07175392229535667,0.10124633189271061,0.09316288842612826,0.09886079340547217,0.09090923565000884,0.09998688250822049
2017-03-07,115.77999877929688,-0.008053482107396648,0.10672177278537932,0.07592844332582645,0.06744791773071904,0.10158318141115892,0.09048165219275904,0.09253534608951527,0.08855459669725421,0.10733539881106086
2017-03-08,115.05999755859375,-0.0062187012290060295,0.12784506506567941,0.07773087225613314,0.06744791773071904,0.10334725840860291,0.09048165219275904,0.09253534608951527,0.08855459669725421,0.10733539881106086
2017-03-09,114.47000122070312,-0.005127727710842134,0.0987188215785701,0.08041167270633341,0.07282443453725156,0.10307541324375939,0.09135880871563255,0.09515125745533932,0.08862941813036203,0.10577870897545852
2017-03-10,114.72000122070312,0.002183978311645074,0.08140015388245685,0.07435655687814915,0.07282443453725156,0.101904992368258,0.09135880871563255,0.09515125745533932,0.08862941813036203,0.10577870897545852
2017-03-13,114.73999786376953,0.0001743082536056484,0.034669580888229516,0.07446112225832846,0.06521759253485322,0.09916485572892328,0.08932449154418108,0.0925934684190284,0.08731531086784744,0.0915956340664234
2017-03-14,114.12000274658203,-0.005403478549159679,0.0027670577430391405,0.07010241387018895,0.06521759253485322,0.09614628381558527,0.08932449154418108,0.0925934684190284,0.08731531086784744,0.0915956340664234
2017-03-15,116.25,0.018664539100545774,0.08577756273449168,0.06850674323676625,0.058229909232621384,0.09555589376995241,0.08758231051516638,0.09098226141074994,0.08596121211198329,0.09356633702153289
2017-03-16,116.7300033569336,0.004129061134912737,0.2962903727741118,0.08006738127404385,0.058229909232621384,0.11768751932146967,0.08758231051516638,0.09098226141074994,0.08596121211198329,0.09356633702153289
2017-03-17,116.98999786376953,0.0022273151662723922,0.06554681346696732,0.07813818039029191,0.07917629836883623,0.11522636051329235,0.09805223630968048,0.09398657465302492,0.09235869957672742,0.0949073530813214
2017-03-20,117.51000213623047,0.004444860945005402,0.03535753212791537,0.07894224226158203,0.07917629836883623,0.11205131240820636,0.09805223630968048,0.09398657465302492,0.09235869957672742,0.0949073530813214
2017-03-21,118.54000091552734,0.008765200923941618,0.07055998003648703,0.07894064366971186,0.07963606281310201,0.11000404293762271,0.09498869094873554,0.09112176993738952,0.09102384258256879,0.09369886140037112
2017-03-22,118.83000183105469,0.0024464392887426634,0.1391432510175786,0.081394824212335,0.07963606281310201,0.11196645369524505,0.09498869094873554,0.09112176993738952,0.09102384258256879,0.09369886140037112
2017-03-23,118.66999816894531,-0.001346492128619703,0.038836019733784956,0.08071575067956054,0.0737767596946556,0.10897151799268404,0.09417617805568745,0.08943069457225276,0.0902992219849007,0.08525395863630952
2017-03-24,118.86000061035156,0.001601099219161961,0.021374899887802383,0.08125812580916715,0.0737767596946556,0.1057814606172787,0.09417617805568745,0.08943069457225276,0.0902992219849007,0.08525395863630952
2017-03-27,119.52999877929688,0.005636868294673025,0.025416662149453505,0.08143293089517069,0.07375561763743159,0.10274772390955703,0.09079707192016402,0.08684171116534824,0.08807815171956122,0.09267089640860458
2017-03-28,119.04000091552734,-0.004099371444605038,0.08948251008557748,0.07919708057316154,0.07375561763743159,0.10200047185749589,0.09079707192016402,0.08684171116534824,0.08807815171956122,0.09267089640860458
2017-03-29,119.33000183105469,0.002436163586164053,0.06507550424462714,0.07754442986513406,0.06776689675753064,0.10016955504924763,0.08950458529234999,0.08597324695927157,0.08714601946085065,0.08104832709277329
2017-03-30,118.47000122070312,-0.007206910225050822,0.038672898012368145,0.0758060016508981,0.06776689675753064,0.09757888580875936,0.08950458529234999,0.08597324695927157,0.08714601946085065,0.08104832709277329
2017-03-31,118.72000122070312,0.0021102388572973307,0.11440615305991811,0.08033995344833192,0.07007427194928813,0.09866948205912672,0.08887059560597918,0.08664668859254505,0.0867095635225536,0.08307951520103271
2017-04-03,119.3499984741211,0.005306580584065079,0.03349900334012314,0.08083377664000478,0.07007427194928813,0.096014882606366,0.08887059560597918,0.08664668859254505,0.0867095635225536,0.08307951520103271
2017-04-04,119.62000274658203,0.002262289701825848,0.08423935522536051,0.07569325670823925,0.06667796637668266,0.09534936999858183,0.08726899255228884,0.08472821020277736,0.08539384412308011,0.07570394942788798
2017-04-05,119.62000274658203,0.0,0.03591273566768196,0.07689607752307288,0.06667796637668266,0.0928622404024751,0.08726899255228884,0.08472821020277736,0.08539384412308011,0.07570394942788798
2017-04-06,119.18000030517578,-0.003678334988324705,0.0,0.07204508785101019,0.0666496928715561,0.09003328246272625,0.08469843618192902,0.08254726742880814,0.08322960723295136,0.08246594456703793
2017-04-07,119.45999908447266,0.0023493772325884343,0.05839175770736907,0.06888811933472336,0.0666496928715561,0.08845455486317046,0.08469843618192902,0.08254726742880814,0.08322960723295136,0.08246594456703793
2017-04-10,119.45999908447266,0.0,0.0372952073598369,0.06609613687023548,0.060328221514861356,0.08624506785318178,0.08306143765026965,0.08147467957229568,0.08221088197867862,0.08239310257053875
2017-04-11,121.19000244140625,0.014481863135711759,0.0,0.06239612987557835,0.060328221514861356,0.08361769564667478,0.08306143765026965,0.08147467957229568,0.08221088197867862,0.08239310257053875
2017-04-12,122.0199966430664,0.006848701913851674,0.2298924502678041,0.07126989666555901,0.06817954961115127,0.09870884562769654,0.08983960167294844,0.0836381542680601,0.08597843510034081,0.0873316787485853
2017-04-13,122.5999984741211,0.004753334264967268,0.10871977240598182,0.07608592915023824,0.06817954961115127,0.09933795532204089,0.08983960167294844,0.0836381542680601,0.08597843510034081,0.0873316787485853
2017-04-17,122.23999786376953,-0.0029363834815018253,0.07545684218079235,0.07561680548870643,0.0759047398360429,0.09806921895999672,0.08942418005933127,0.08268385598333898,0.08571234496929538,0.07730299037103654
2017-04-18,122.81999969482422,0.004744779460001958,0.04661364267583117,0.06426786321151187,0.0759047398360429,0.09576474980904486,0.08942418005933127,0.08268385598333898,0.08571234496929538,0.07730299037103654
2017-04-19,121.7300033569336,-0.008874746300268521,0.07532103886207513,0.06471214618401677,0.06384109568919119,0.09466271494810062,0.08780330039398634,0.08190009221466826,0.08495896193003756,0.08025988828285131
2017-04-20,121.95999908447266,0.0018893922713916211,0.1408822299558064,0.06950872335801182,0.06384109568919119,0.09805221052227163,0.08780330039398634,0.08190009221466826,0.08495896193003756,0.08025988828285131
2017-04-21,122.30999755859375,0.002869780885113693,0.02999317247489812,0.06766477755975776,0.062327877446115454,0.09534860907591773,0.08796725419253976,0.08425435108650188,0.08464426356480023,0.08476763070532564
2017-04-24,121.4800033569336,-0.006785988212145488,0.04555635923554593,0.06341082793330174,0.062327877446115454,0.09311497586079984,0.08796725419253976,0.08425435108650188,0.08464426356480023,0.08476763070532564
2017-04-25,120.25,-0.010125150830952667,0.1077242232549167,0.066542109911535,0.05969925803781819,0.09405554370868527,0.0870851251467409,0.08432211779330039,0.08378997200095366,0.0967728265490837
2017-04-26,120.83999633789062,0.0049064144523129904,0.1607317865143185,0.07287651384910392,0.05969925803781819,0.09932643664181903,0.0870851251467409,0.08432211779330039,0.08378997200095366,0.0967728265490837
2017-04-27,120.38999938964844,-0.003723907331012466,0.0778869148190001,0.07526152533408331,0.06644257242479328,0.09817218977391175,0.088748880266191,0.08710990152618725,0.08475832288735208,0.0859173791582028
2017-04-28,120.7699966430664,0.0031563855415273068,0.059115196219855635,0.0738811928856414,0.06644257242479328,0.09627662488761934,0.088748880266191,0.08710990152618725,0.08475832288735208,0.0859173791582028
2017-05-01,119.66999816894531,-0.009108209859209682,0.05010606710832714,0.07320076392490049,0.06671130933329711,0.09414708847027684,0.08628934452915625,0.08459242818042326,0.08295994240654515,0.08857119814929484
2017-05-02,119.6500015258789,-0.00016709821486060594,0.1445883490587327,0.07801510260882616,0.06671130933329711,0.09790914795051646,0.08628934452915625,0.08459242818042326,0.08295994240654515,0.08857119814929484
2017-05-03,117.9800033569336,-0.013957360197643709,0.0026526019262640053,0.07293539573911462,0.06691242164441154,0.0949286645596108,0.08640691977440444,0.0859933651474691,0.08306852135949035,0.09483753273113862
2017-05-04,116.79000091552734,-0.010086475737808298,0.22156622425149947,0.08148390578054081,0.06691242164441154,0.10684689877348237,0.08640691977440444,0.0859933651474691,0.08306852135949035,0.09483753273113862
2017-05-05,117.01000213623047,0.0018837333588364036,0.16011783844396493,0.08493292774502283,0.07886111374735662,0.11076798960953566,0.09399978526080485,0.09725704227795261,0.08844204200929213,0.10618643281532422
2017-05-08,116.75,-0.002222050521183294,0.02990334002302512,0.08465977339753843,0.07886111374735662,0.107643054840904,0.09399978526080485,0.09725704227795261,0.08844204200929213,0.10618643281532422
2017-05-09,116.05000305175781,-0.005995691205500586,0.035273958478034745,0.08626313514654,0.08073228210130516,0.1047208706464741,0.09059297804544342,0.09372086705049591,0.0864548163406093,0.09440371450983706
2017-05-10,116.04000091552734,-8.618815999517082e-05,0.09517864720614967,0.08793526648739367,0.08073228210130516,0.1041729888073573,0.09059297804544342,0.09372086705049591,0.0864548163406093,0.09440371450983706
2017-05-11,116.5,0.003964142371969848,0.0013681946238328076,0.08630222045393894,0.07752165569609863,0.10100001593379104,0.08857482463097917,0.09212315739742256,0.08515672850163274,0.09092122822107218
2017-05-12,116.83000183105469,0.0028326337429587234,0.06292880926731552,0.08916262087518055,0.07752165569609863,0.09912893183958259,0.08857482463097917,0.09212315739742256,0.08515672850163274,0.09092122822107218
2017-05-15,117.13999938964844,0.0026534071191921527,0.044966666635193046,0.0807569034373346,0.06627174350368532,0.09673816458096592,0.08645559930251259,0.08924098744072535,0.08368325013649075,0.07497228026602017
2017-05-16,117.6500015258789,0.0043537829852127174,0.04212153218634454,0.07772971070007835,0.06627174350368532,0.09435692632619994,0.08645559930251259,0.08924098744072535,0.08368325013649075,0.07497228026602017
2017-05-17,119.79000091552734,0.018189539837597968,0.06911416224730353,0.07744140706673795,0.06310145849335405,0.09303570184812411,0.084638004366486,0.08687878651283186,0.08231074538600046,0.07184005121774187
2017-05-18,118.80999755859375,-0.008181011348557088,0.28874999323791856,0.0884476048195601,0.06310145849335405,0.11462502704455317,0.084638004366486,0.08687878651283186,0.08231074538600046,0.07184005121774187
2017-05-19,119.4000015258789,0.0049659454541624015,0.12986952900767526,0.0909270816443601,0.08536482396102209,0.11559640430976734,0.09581137384095627,0.0919173017266149,0.09046267580569746,0.07208704167143204
2017-05-22,119.9000015258789,0.004187604636601616,0.07883194017615251,0.08810661392710312,0.08536482396102209,0.11372618632268716,0.09581137384095627,0.0919173017266149,0.09046267580569746,0.07208704167143204
2017-05-23,119.13999938964844,-0.006338633249028169,0.06647616274505332,0.08976493166665563,0.08616227130128988,0.1114574875949158,0.0933752164668555,0.08948291733427392,0.08896874119741414,0.08152196678787188
2017-05-24,119.61000061035156,0.003944948993712671,0.10062268337384331,0.0922679464002146,0.08616227130128988,0.11083727131734038,0.0933752164668555,0.08948291733427392,0.08896874119741414,0.08152196678787188
2017-05-25,119.4800033569336,-0.0010868426783263718,0.06262412383318942,0.09021794188104518,0.07939383630641353,0.10855005077585998,0.09179832838383918,0.08890674453321126,0.08816746051847968,0.08754620973079216
2017-05-26,120.54000091552734,0.00887175702052101,0.017253092646617698,0.08369618306887695,0.07939383630641353,0.10532799658394552,0.09179832838383918,0.08890674453321126,0.08816746051847968,0.08754620973079216
2017-05-30,120.13999938964844,-0.003318413164433487,0.14083477661093968,0.08655744951396512,0.07540200051286715,0.10778874575162092,0.09132973667805766,0.0873065006186308,0.08802865306412938,0.08852667327893005
2017-05-31,120.62000274658203,0.003995366733579031,0.052678175882723374,0.0862648576804591,0.07540200051286715,0.10529866238905883,0.09132973667805766,0.0873065006186308,0.08802865306412938,0.08852667327893005
2017-06-01,120.72000122070312,0.0008290372396291268,0.06342448064130343,0.08687024011377621,0.076535368959882,0.10326615944997003,0.0891129409897032,0.085761393795207,0.08654227949301813,0.08661929686968482
2017-06-02,121.61000061035156,0.0073724269437449585,0.013160558182020788,0.08089624961938022,0.076535368959882,0.10017214045728272,0.0891129409897032,0.085761393795207,0.08654227949301813,0.08661929686968482
2017-06-05,121.7300033569336,0.0009867835373715828,0.11703364951284682,0.08609538814604306,0.07548484436253107,0.10126303751845349,0.0882062424719474,0.0843433880154313,0.08596458836516382,0.07987293891508346
2017-06-06,123.0999984741211,0.011254375087548674,0.015664703026426918,0.07673622809035795,0.07548484436253107,0.09825310975572359,0.0882062424719474,0.0843433880154313,0.08596458836516382,0.07987293891508346
2017-06-07,122.44999694824219,-0.005280272412152454,0.17865766585856743,0.07757894751829443,0.06962419298671055,0.10483113495651919,0.090103674303538,0.08382365391235042,0.08625653280768901,0.08054416868219119
2017-06-08,121.6500015258789,-0.006533241668445489,0.08382172594338326,0.08002978324194708,0.06962419298671055,0.10369068304000743,0.090103674303538,0.08382365391235042,0.08625653280768901,0.08054416868219119
2017-06-09,120.54000091552734,-0.00912454251071615,0.10371199625874879,0.08314060314107044,0.07515934473086278,0.10369196195667034,0.0892785370138217,0.08490728307002582,0.08564996151057311,0.08588429913279688
2017-06-12,120.36000061035156,-0.0014932827593217013,0.14484762186355107,0.08539828380731596,0.07515934473086278,0.10661027909882674,0.0892785370138217,0.08490728307002582,0.08564996151057311,0.08588429913279688
2017-06-13,120.4800033569336,0.0009970317877492363,0.023705128909593247,0.08641359900212325,0.07966998371541203,0.10352546788667596,0.08926231476297171,0.08661779509825786,0.085686422075363,0.09414506896534272
2017-06-14,119.81999969482422,-0.00547811789275976,0.01582738895766369,0.08427262535168453,0.07966998371541203,0.10044651076846273,0.08926231476297171,0.08661779509825786,0.085686422075363,0.09414506896534272
2017-06-15,119.31999969482422,-0.004172926066378535,0.08696242558161316,0.08618152348561271,0.07466066267471357,0.09968891233135016,0.08712767510823087,0.08537836660870911,0.0841839206156019,0.105202859918503
2017-06-16,119.33999633789062,0.00016758836001962152,0.06624314766657968,0.08727796055289613,0.07466066267471357,0.09800457011826406,0.08712767510823087,0.08537836660870911,0.0841839206156019,0.105202859918503
2017-06-19,118.43000030517578,-0.007625239321596311,0.0026603827394464695,0.0842573342116299,0.07174322690997101,0.09502119067029739,0.08474309977259235,0.08366235532726407,0.08248471540442956,0.09801382895013946
2017-06-20,118.18000030517578,-0.0021109516115493943,0.12104692159376826,0.07663446731871398,0.07174322690997101,0.09678030021371409,0.08474309977259235,0.08366235532726407,0.08248471540442956,0.09801382895013946
2017-06-21,118.5199966430664,0.0028769363429739236,0.03351031796310432,0.07225450318032439,0.06185788845377227,0.09419032542405047,0.08434945246269678,0.08438464867813303,0.08200906945683795,0.08003401492115028
2017-06-22,118.91999816894531,0.0033749707830614817,0.04566994860763576,0.07074713992720999,0.06185788845377227,0.09200354890779301,0.08434945246269678,0.08438464867813303,0.08200906945683795,0.08003401492115028
2017-06-23,119.43000030517578,0.004288615406013774,0.05357600024453762,0.07016076890445928,0.05923841387114634,0.09016095107674443,0.08246129637118044,0.08239445502055437,0.0804149282428515,0.062483362551249824
2017-06-26,118.36000061035156,-0.008959220397639522,0.06807965899867646,0.06868154052376987,0.05923841387114634,0.08899071677024453,0.08246129637118044,0.08239445502055437,0.0804149282428515,0.062483362551249824
2017-06-27,118.80999755859375,0.0038019343183648413,0.14222321467902835,0.07229968101676255,0.060276506265861174,0.09304747916318416,0.08375500309937331,0.0840136329932841,0.08105390156268527,0.07624619969845828
2017-06-28,118.9000015258789,0.0007575454013519778,0.06035383624437144,0.07425880572575137,0.060276506265861174,0.09141618297036111,0.08375500309937331,0.0840136329932841,0.08105390156268527,0.07624619969845828
2017-06-29,118.31999969482422,-0.00487806411784153,0.01202566043290768,0.06840384589947718,0.0611001594503719,0.0886802141904786,0.08163601272170812,0.08178070949533825,0.07938535143628969,0.07524358473382714
2017-06-30,118.0199966430664,-0.00253552275635216,0.07743686721141818,0.0695292409598724,0.0611001594503719,0.0880461110427266,0.08163601272170812,0.08178070949533825,0.07938535143628969,0.07524358473382714
2017-07-03,116.08999633789062,-0.016353163532217163,0.04025017594111699,0.06847586347350029,0.060545304610242885,0.08593134008823967,0.08040326069743554,0.08101338027510999,0.07822292279764796,0.09138918195000005
2017-07-05,116.5199966430664,0.003704025486608087,0.25959842313250325,0.07967758460761314,0.060545304610242885,0.10480755685718468,0.08040326069743554,0.08101338027510999,0.07822292279764796,0.09138918195000005
2017-07-06,116.47000122070312,-0.00042907160833882685,0.05879958172446002,0.07703058152632282,0.07466622166735264,0.1026303560578836,0.08802280819606814,0.09077738371062,0.0836011846609576,0.10055485715398821
2017-07-07,115.27999877929688,-0.010217244173899132,0.006811300621818262,0.07662815414429515,0.07466622166735264,0.09951780852924533,0.08802280819606814,0.09077738371062,0.0836011846609576,0.10055485715398821
2017-07-10,115.47000122070312,0.0016481821948142183,0.16219372301136406,0.07587979310578591,0.07296264875692271,0.1043454588789227,0.08868090930913944,0.09235263256176629,0.08429016185995147,0.10084170418342045
2017-07-11,115.62000274658203,0.0012990519121256483,0.026164081216818198,0.07325899107276022,0.07296264875692271,0.1013694719828854,0.08868090930913944,0.09235263256176629,0.08429016185995147,0.10084170418342045
2017-07-12,116.02999877929688,0.0035460648934033667,0.020621809797884385,0.0694821644154482,0.0662468657906093,0.0984110725550944,0.0857104242096631,0.089745868264508,0.08294306978996269,0.085538815427687
2017-07-13,115.81999969482422,-0.0018098688846157618,0.05629203504505245,0.06545691046915282,0.0662468657906093,0.09640426568325809,0.0857104242096631,0.089745868264508,0.08294306978996269,0.085538815427687
2017-07-14,116.7699966430664,0.008202356680584888,0.028730777845962962,0.06568534905716962,0.06336400677404512,0.09373197400647533,0.08357089743549873,0.08757495640372859,0.08161567729166908,0.08179325440967129
2017-07-17,117.29000091552734,0.004453235312239068,0.13020837564886123,0.07088448481586042,0.06336400677404512,0.0963109300101937,0.08357089743549873,0.08757495640372859,0.08161567729166908,0.08179325440967129
2017-07-18,118.11000061035156,0.006991215691223296,0.07069291899501387,0.07014496178919681,0.06371285400049419,0.09496892572217958,0.08413332579735922,0.08618466992588072,0.0818214447029262,0.06934199525667868
2017-07-19,118.08000183105469,-0.0002539901713813908,0.11098210848593625,0.07217855091734938,0.06371285400049419,0.09600506625118498,0.08413332579735922,0.08618466992588072,0.0818214447029262,0.06934199525667868
2017-07-20,118.23999786376953,0.001354979930841882,0.004031968973579009,0.0722408957461736,0.06804387918799452,0.09308560462052651,0.0833351256856739,0.08446206161459417,0.08129299435585544,0.07863566395544926
2017-07-21,119.26000213623047,0.008626558617128355,0.021509639570946707,0.06771647383604534,0.06804387918799452,0.09040350588325194,0.0833351256856739,0.08446206161459417,0.08129299435585544,0.07863566395544926
2017-07-24,119.30999755859375,0.00041921366315400554,0.13694237262745731,0.07241793086624321,0.06554896283746402,0.0938489160761829,0.08365371854243724,0.0832560605867075,0.08119976526580672,0.0818350318973825
2017-07-25,118.91999816894531,-0.0032687905257637873,0.0066548105934353995,0.07064451550196137,0.06554896283746402,0.09100450041616638,0.08365371854243724,0.0832560605867075,0.08119976526580672,0.0818350318973825
2017-07-26,119.87999725341797,0.008072646310579579,0.05189044091481032,0.07056789916879194,0.06509663479271324,0.0891429583407252,0.08133451205492515,0.08119945793184787,0.07908294995175197,0.07771727308808357
2017-07-27,119.79000091552734,-0.0007507202198243634,0.12814928735985992,0.07329833682157302,0.06509663479271324,0.09195114676545633,0.08133451205492515,0.08119945793184787,0.07908294995175197,0.07771727308808357
2017-07-28,120.69000244140625,0.00751316068954333,0.011917314035058043,0.06737534133775619,0.067373081692273,0.08919772379619421,0.08125926003169939,0.07989955209262108,0.07873689336337966,0.07402902965199215
2017-07-31,120.75,0.0004971211979458712,0.11926772846758926,0.07005324552972063,0.067373081692273,0.0912816923475126,0.08125926003169939,0.07989955209262108,0.07873689336337966,0.07402902965199215
2017-08-01,120.6500015258789,-0.0008281447132181263,0.007891554367339732,0.06986533161764935,0.06845594161008363,0.08852199226280633,0.08113368231615165,0.0791039903895783,0.07890484425782596,0.08744604147117876
2017-08-02,120.4000015258789,-0.002072109381170417,0.013146389764488403,0.06694303718824346,0.06845594161008363,0.08588564595528261,0.08113368231615165,0.0791039903895783,0.07890484425782596,0.08744604147117876
2017-08-03,120.58999633789062,0.0015780299800982611,0.03289371667140521,0.06660865267598383,0.06372203931110389,0.0836581336516319,0.0787786872774807,0.07701157127273885,0.07674615248422907,0.07894137793297132
2017-08-04,119.6500015258789,-0.007794965092940864,0.025050449332465224,0.05594738113961846,0.06372203931110389,0.08134134143973377,0.0787786872774807,0.07701157127273885,0.07674615248422907,0.07894137793297132
2017-08-07,119.51000213623047,-0.0011700742821817434,0.12374123468610607,0.05889927445605692,0.05260719074604424,0.08448752918200975,0.07920149583998295,0.07846918435948262,0.07694831847345883,0.08535935120387
2017-08-08,119.86000061035156,0.0029286123995055924,0.018574353396751845,0.059433958673099356,0.05260719074604424,0.08203995629137388,0.07920149583998295,0.07846918435948262,0.07694831847345883,0.08535935120387
2017-08-09,121.30999755859375,0.012097421498902916,0.046490280573551625,0.05417471128956242,0.05059555806331566,0.08035173883533298,0.07740026061414793,0.07674988602126885,0.0755359109481831,0.06551674440531463
2017-08-10,122.20999908447266,0.007419021877765664,0.19204061274734013,0.061714553631858876,0.05059555806331566,0.09100436052460506,0.07740026061414793,0.07674988602126885,0.0755359109481831,0.06551674440531463
2017-08-11,122.79000091552734,0.004745944156777204,0.11777332115949232,0.06613053142102288,0.06437412879080724,0.09282844029196533,0.08311444495745149,0.07828104623913842,0.07939614630114092,0.07038920640119432
2017-08-14,121.91999816894531,-0.007085289845225606,0.07533952785019574,0.0669963265485294,0.06437412879080724,0.09187303649503516,0.08311444495745149,0.07828104623913842,0.07939614630114092,0.07038920640119432
2017-08-15,120.9800033569336,-0.007709931316675078,0.11247548938366968,0.07080290434569789,0.06714036632823067,0.09323765166205517,0.08295274003813159,0.07855092082397115,0.07924720140028028,0.07440652772464133
2017-08-16,121.87000274658203,0.007356582616572016,0.12239136533586621,0.0704475856951072,0.06714036632823067,0.0952388727607278,0.08295274003813159,0.07855092082397115,0.07924720140028028,0.07440652772464133
2017-08-17,122.48999786376953,0.00508734802014188,0.11678212861650233,0.07254254976881122,0.06699939562079946,0.09666695529239623,0.08438329863851124,0.0799741804808278,0.08043394736763156,0.07449153834508385
2017-08-18,122.30000305175781,-0.0015511047050799087,0.08075914616479336,0.0711687787542138,0.06699939562079946,0.09578701692885103,0.08438329863851124,0.0799741804808278,0.08043394736763156,0.07449153834508385
2017-08-21,122.76000213623047,0.0037612352656932746,0.02462302384238174,0.07210473579370484,0.06715221453063144,0.0930646068792474,0.08235231730399258,0.07781653922930712,0.07907802511667675,0.08001929229400878
2017-08-22,122.20999908447266,-0.00448031151993189,0.05970775881258213,0.07384101394105191,0.06715221453063144,0.09140711557706445,0.08235231730399258,0.07781653922930712,0.07907802511667675,0.08001929229400878
2017-08-23,122.66999816894531,0.003764005301683193,0.07112274046702552,0.07084921247921411,0.06153244353688861,0.09031861261182039,0.08082093024063579,0.07652474201409273,0.07796133096085558,0.0847847820125583
2017-08-24,122.29000091552734,-0.003097719565419932,0.059751731770694275,0.07326270889636223,0.06153244353688861,0.0887818722716099,0.08082093024063579,0.07652474201409273,0.07796133096085558,0.0847847820125583
2017-08-25,122.73999786376953,0.003679752595251218,0.049174773609121314,0.07313926947337636,0.059887939232166655,0.08691591968667078,0.07906603937085893,0.074925119085788,0.07670453229220624,0.07858350496331558
2017-08-28,124.69000244140625,0.015887278895027057,0.05841426151967544,0.0699694955715498,0.059887939232166655,0.08547425358676354,0.07906603937085893,0.074925119085788,0.07670453229220624,0.07858350496331558
2017-08-29,124.41999816894531,-0.0021654043401579948,0.25220273379459984,0.08089156010607443,0.07066786716857244,0.1033628089820013,0.08705340904308576,0.07785551986477608,0.08243782172271695,0.0825718145886898
2017-08-30,124.36000061035156,-0.00048221796718150856,0.034374728231747816,0.07703278736808163,0.07066786716857244,0.1005670690647346,0.08705340904308576,0.07785551986477608,0.08243782172271695,0.0825718145886898
2017-08-31,125.81999969482422,0.011740101940391323,0.007654972913336268,0.07702203366562693,0.07475720915990548,0.09752141905280637,0.08405179843381928,0.07565729983020024,0.0802487558570745,0.07751399840400362
2017-09-01,126.05999755859375,0.0019074699121892635,0.18636834060493374,0.084895758703829,0.07475720915990548,0.10499424292035672,0.08405179843381928,0.07565729983020024,0.0802487558570745,0.07751399840400362
2017-09-05,127.45999908447266,0.011105834943620163,0.030280146125946022,0.08477696004267175,0.08187095921736834,0.10206555157641713,0.0863509853785459,0.07618529972099286,0.08197994894153755,0.08347543253837408
2017-09-06,126.80999755859375,-0.005099651110527015,0.17629966417529994,0.09165192435370971,0.08187095921736834,0.10796864593381626,0.0863509853785459,0.07618529972099286,0.08197994894153755,0.08347543253837408
2017-09-07,128.1300048828125,0.010409331674411826,0.08095445166989307,0.08970707058024548,0.08070054061800011,0.1065411290967261,0.08812311259106823,0.0776470815545287,0.08374390251000867,0.08260285463128071
2017-09-08,127.97000122070312,-0.0012487602904230899,0.16524301754928755,0.09637382804172435,0.08070054061800011,0.11094262818583572,0.08812311259106823,0.0776470815545287,0.08374390251000867,0.08260285463128071
2017-09-11,126.19000244140625,-0.01390950036975469,0.019823455053553735,0.09516169960899719,0.08488863682036596,0.10767241478702598,0.08872541189022179,0.07752931050813425,0.08418785603968951,0.08564526956613706
2017-09-12,126.55999755859375,0.0029320477853171933,0.22080647303719128,0.09646923871308134,0.08488863682036596,0.11757158620947768,0.08872541189022179,0.07752931050813425,0.08418785603968951,0.08564526956613706
2017-09-13,125.61000061035156,-0.007506297144185381,0.04654481563264196,0.09323157937095176,0.08599074017581447,0.11455862430441664,0.09188065467129,0.08489992263896434,0.08701576226718306,0.0912748704541547
2017-09-14,126.16000366210938,0.004378656548724491,0.1191587730628132,0.09522336324425255,0.08599074017581447,0.11483982972052577,0.09188065467129,0.08489992263896434,0.08701576226718306,0.0912748704541547
2017-09-15,125.52999877929688,-0.004993697404288455,0.06950901782693628,0.09327034180985559,0.08403592763203474,0.1126356316375103,0.09081437279927959,0.08503198749856052,0.0865960704280407,0.09222468467031433
2017-09-18,124.36000061035156,-0.009320466663927607,0.07927248872673615,0.09131039287307695,0.08403592763203474,0.11091720349726586,0.09081437279927959,0.08503198749856052,0.0865960704280407,0.09222468467031433
2017-09-19,124.62000274658203,0.0020907215740946228,0.14795782137492167,0.09272746981664147,0.07939996427415466,0.1134810974749339,0.0913592389750997,0.08767687576600681,0.08761233167671616,0.08914074523152327
2017-09-20,123.62000274658203,-0.008024393981386213,0.03318917607439124,0.09056519844889592,0.07939996427415466,0.11032394662800248,0.0913592389750997,0.08767687576600681,0.08761233167671616,0.08914074523152327
2017-09-21,122.68000030517578,-0.007603967161635139,0.1273833053805083,0.09523612033699257,0.08125788938873865,0.11142118827666249,0.09032110305641017,0.08787321944472788,0.08713415689332554,0.0985179261917932
2017-09-22,123.23999786376953,0.004564701313993336,0.12070923652312958,0.0980089147783811,0.08125788938873865,0.11200019425020774,0.09032110305641017,0.08787321944472788,0.08713415689332554,0.0985179261917932
2017-09-25,124.52999877929688,0.010467388330802407,0.07246238691669676,0.09806980779882069,0.085214805469311,0.11002930860647592,0.08961980886737007,0.08780310828725268,0.08681399779445777,0.07921432720911847
2017-09-26,123.13999938964844,-0.01116196421162674,0.166164638397856,0.10290675810005533,0.085214805469311,0.11417838258841902,0.08961980886737007,0.08780310828725268,0.08681399779445777,0.07921432720911847
2017-09-27,121.9800033569336,-0.009420139990778287,0.17719068868180493,0.10872566333063184,0.09224434568006501,0.11890455532404501,0.09402638594491027,0.09201982189334845,0.08976253806406967,0.0938985424904148
2017-09-28,122.20999908447266,0.001885519931214219,0.1495400863860818,0.11286774627910487,0.09224434568006501,0.12096168784529157,0.09402638594491027,0.09201982189334845,0.08976253806406967,0.0938985424904148
2017-09-29,121.58000183105469,-0.005155038524977895,0.02993170098029062,0.10276451751481809,0.09054893697784465,0.11750566171131187,0.09319746475200949,0.09246533181130627,0.08934701974565849,0.0989996245808909
2017-10-02,120.7699966430664,-0.006662322551317712,0.08183369961629244,0.10492174348684284,0.09054893697784465,0.11567597402111575,0.09319746475200949,0.09246533181130627,0.08934701974565849,0.0989996245808909
2017-10-03,120.83000183105469,0.0004968550936175209,0.10576109174930415,0.10938111252484138,0.08893828143594874,0.11510516764885102,0.0922247578866314,0.09243695648881255,0.08926799298887492,0.10647281317671103
2017-10-04,121.16999816894531,0.002813840376879373,0.007887330092086055,0.10126833931971194,0.08893828143594874,0.11161532260787846,0.0922247578866314,0.09243695648881255,0.08926799298887492,0.10647281317671103
2017-10-05,120.5199966430664,-0.0053643767904709705,0.0446683311975305,0.10192234773205669,0.07958850975931671,0.10876680107058159,0.08891210642235306,0.08928981926987625,0.08687782547248114,0.09838713052450908
2017-10-06,121.08999633789062,0.004729503075844965,0.08515684155859819,0.09777949215857024,0.07958850975931671,0.10749653600965008,0.08891210642235306,0.08928981926987625,0.08687782547248114,0.09838713052450908
2017-10-09,122.08000183105469,0.0081757826666502,0.07507853378160499,0.09751240498182988,0.07676393243137515,0.10583185774102849,0.08734407890857741,0.08780402189126506,0.0855721215254655,0.08758987006600673
2017-10-10,122.4000015258789,0.002621229439913275,0.12978652625561354,0.09590074628666287,0.07676393243137515,0.10741988517026164,0.08734407890857741,0.08780402189126506,0.0855721215254655,0.08758987006600673
2017-10-11,122.79000091552734,0.0031862694835504968,0.0416107273635099,0.09689107684620635,0.07776959886811713,0.10464500458261677,0.0867508839236,0.08612497219339212,0.08524364954503494,0.07239271682185935
2017-10-12,122.88999938964844,0.000814386133850542,0.05058045998105294,0.08915353079820006,0.07776959886811713,0.10221078876989367,0.0867508839236,0.08612497219339212,0.08524364954503494,0.07239271682185935
2017-10-13,123.81999969482422,0.0075677460313676725,0.01292797908808737,0.08762549277344757,0.07101915468842289,0.09914762013837808,0.08401351757783672,0.08357168239940857,0.0832790797130068,0.07963827171034873
2017-10-16,122.97000122070312,-0.006864791440930884,0.12013424390576924,0.0876698323572183,0.07101915468842289,0.10053044184666911,0.08401351757783672,0.08357168239940857,0.0832790797130068,0.07963827171034873
2017-10-17,122.12999725341797,-0.006830966568647456,0.1089751857301672,0.08946374908009244,0.07008642205042312,0.10105702855273746,0.08483811472689055,0.08407832016144551,0.08359266666491431,0.08708421224083569
2017-10-18,121.66999816894531,-0.003766470931119148,0.10843823252902438,0.09078946470746917,0.07008642205042312,0.10151503659633579,0.08483811472689055,0.08407832016144551,0.08359266666491431,0.08708421224083569
2017-10-19,122.38999938964844,0.005917656213846323,0.059790872424570936,0.08678187611881688,0.07124052056247475,0.09950618775414696,0.084091296494916,0.08417891443889192,0.08320627638283415,0.07655959745130655
2017-10-20,121.61000061035156,-0.006373059753138954,0.09393988011728059,0.08954327175713002,0.07124052056247475,0.09918101926209812,0.084091296494916,0.08417891443889192,0.08320627638283415,0.07655959745130655
2017-10-23,121.80000305175781,0.0015623915833617996,0.1011691871841622,0.08835172093002337,0.07097685090250172,0.09930143187833095,0.08392195201070242,0.08398075389194423,0.08296615734146258,0.08434321597712781
2017-10-24,121.33000183105469,-0.003858794818776823,0.02480219748045458,0.08399231006444724,0.07097685090250172,0.09646780214503262,0.08392195201070242,0.08398075389194423,0.08296615734146258,0.08434321597712781
2017-10-25,121.3499984741211,0.0001648120231156902,0.061256468705448174,0.08348295014575412,0.06692907797333478,0.09472494886326022,0.08167800287295408,0.08209490504769994,0.08143421991162698,0.09161368522324519
2017-10-26,120.33000183105469,-0.00840541125580585,0.00261630975742527,0.07604893520755272,0.06692907797333478,0.09184148128990101,0.08167800287295408,0.08209490504769994,0.08143421991162698,0.09161368522324519
2017-10-27,120.9000015258789,0.004736970715121469,0.13343176710051238,0.07405989331749398,0.05939486331116074,0.09485256144504356,0.08173138172098288,0.08291279208605343,0.081441834910924,0.08788027018083232
2017-10-30,121.12999725341797,0.0019023633137824625,0.07519707888004319,0.07068066570358313,0.05939486331116074,0.09378946608361785,0.08173138172098288,0.08291279208605343,0.081441834910924,0.08788027018083232
2017-10-31,120.66999816894531,-0.003797565383496959,0.030199081389366778,0.07069281935854113,0.05870606544662425,0.0912326431841191,0.07992640982488126,0.08077381763231271,0.08006957958685323,0.08445613755133456
2017-11-01,121.11000061035156,0.003646328400454868,0.06028448155344351,0.06971330944659346,0.05870606544662425,0.0896774475238295,0.07992640982488126,0.08077381763231271,0.08006957958685323,0.08445613755133456
2017-11-02,121.19000244140625,0.0006605716344769696,0.05788366887645311,0.06753706295237295,0.05654169109680496,0.08809400130588786,0.07836780499388618,0.07923420212968367,0.07868970875349414,0.08022869480795985
2017-11-03,120.62000274658203,-0.004703355749991034,0.010486249607817133,0.06765519565763346,0.05654169109680496,0.08544891788646077,0.07836780499388618,0.07923420212968367,0.07868970875349414,0.08022869480795985
2017-11-06,121.6500015258789,0.008539203746006141,0.07466345785165175,0.06901861050554806,0.05324059355913425,0.0848404645802403,0.07675930140357091,0.07805548340096324,0.07766825413505318,0.07755785592580723
2017-11-07,121.20999908447266,-0.003616953850285376,0.13555565703866046,0.0713094657546418,0.05324059355913425,0.08870484955001347,0.07675930140357091,0.07805548340096324,0.07766825413505318,0.07755785592580723
2017-11-08,121.62999725341797,0.0034650455582678763,0.05741736234871592,0.07050668523496503,0.05855686133507032,0.0871449512227422,0.07799484367573298,0.07802299340341365,0.07883639555503057,0.07978269228336626
2017-11-09,122.12999725341797,0.004110828013571766,0.055005892972114626,0.06710756554026052,0.05855686133507032,0.08555773996487316,0.07799484367573298,0.07802299340341365,0.07883639555503057,0.07978269228336626
2017-11-10,121.12999725341797,-0.008187996581421442,0.06525737163881128,0.06818241300731968,0.05698815564699951,0.08447739774055187,0.07678938233482015,0.0763644168234899,0.07786329510931107,0.07881352828676849
2017-11-13,121.30999755859375,0.0014860093226882753,0.129980416141729,0.07179150192371404,0.05698815564699951,0.08787456628682214,0.07678938233482015,0.0763644168234899,0.07786329510931107,0.07881352828676849
2017-11-14,121.55999755859375,0.0020608359165059653,0.023589666682540252,0.07227612408709827,0.05965632428775485,0.08539327478521287,0.07705269958932003,0.077301006898582,0.0776204556986487,0.0816717686412282
2017-11-15,121.41000366210938,-0.0012339083538733808,0.03271475596790793,0.06830251099901366,0.05965632428775485,0.08317875937589286,0.07705269958932003,0.077301006898582,0.0776204556986487,0.0816717686412282
2017-11-16,121.4000015258789,-8.23831309511025e-05,0.01958768786996429,0.06423944291445899,0.05446595370609827,0.0807874018742984,0.07473653460834957,0.07505638271508351,0.07545101458469401,0.08800447425643913
2017-11-17,122.86000061035156,0.012026351450757033,0.001307791660340912,0.05936987742042792,0.05446595370609827,0.07832694723174803,0.07473653460834957,0.07505638271508351,0.07545101458469401,0.08800447425643913
2017-11-20,121.30999755859375,-0.012616010451388715,0.1909124107089838,0.06532994734244668,0.056364698389418745,0.08918439850472325,0.07861090326413635,0.07589365968776794,0.07775760933738925,0.09011557785743848
2017-11-21,121.51000213623047,0.0016487064682373376,0.20027295715299764,0.07016326902588838,0.056364698389418745,0.09941418893929936,0.07861090326413635,0.07589365968776794,0.07775760933738925,0.09011557785743848
2017-11-22,122.62999725341797,0.009217308019892956,0.026172403799397642,0.06675432432658089,0.0688221668126417,0.09659860137677724,0.08222710682594274,0.08127624043673748,0.08045644978855661,0.07659169832015386
2017-11-24,122.31999969482422,-0.002527909692056296,0.14632022866870772,0.07227787119877421,0.0688221668126417,0.10027955404633748,0.08222710682594274,0.08127624043673748,0.08045644978855661,0.07659169832015386
2017-11-27,122.83000183105469,0.004169409233999888,0.040129322292064985,0.07131754636180225,0.07355947954687156,0.09772027104242806,0.082804828682289,0.08064668963274407,0.08110010481650218,0.071691143845908
2017-11-28,122.80999755859375,-0.0001628614521104188,0.06618731968332009,0.0742071377220702,0.07355947954687156,0.09612045551005774,0.082804828682289,0.08064668963274407,0.08110010481650218,0.071691143845908
2017-11-29,122.04000091552734,-0.0062698205225436565,0.002585345402658142,0.06825957309944047,0.06394295802631275,0.09319439087232873,0.08049755116564321,0.07848605631903909,0.07927099956103245,0.08074728777691184
2017-11-30,121.0999984741211,-0.007702412605330111,0.09953031520595734,0.06936562929607291,0.06394295802631275,0.09358664348805529,0.08049755116564321,0.07848605631903909,0.07927099956103245,0.08074728777691184
2017-12-01,121.58999633789062,0.004046225185331043,0.12227200949347543,0.07355076239171422,0.06445841919999278,0.09555092311083704,0.08178196636837483,0.08103608449093272,0.08048359337073209,0.09025824181298239
2017-12-04,121.18000030517578,-0.00337195530112111,0.06423183353371303,0.07373018748172648,0.06445841919999278,0.09396661044881455,0.08178196636837483,0.08103608449093272,0.08048359337073209,0.09025824181298239
2017-12-05,120.31999969482422,-0.007096885692240984,0.053528130952754244,0.07353220848519472,0.06621367445816159,0.09204268626394288,0.0800319772828969,0.07941515142829554,0.07917794144605439,0.08517226198653538
2017-12-06,120.06999969482422,-0.002077792558461522,0.11265956774833272,0.0781764502188545,0.06621367445816159,0.09340811218152378,0.0800319772828969,0.07941515142829554,0.07917794144605439,0.08517226198653538
2017-12-07,118.48999786376953,-0.01315900587216201,0.032983934314018935,0.07628192642168939,0.06852339537208306,0.09092220461145373,0.07961697284726652,0.0798047040594295,0.07898968032847996,0.08952226291394018
2017-12-08,118.4800033569336,-8.434894941455884e-05,0.20889274223147572,0.07961543029409007,0.06852339537208306,0.10192647899021029,0.07961697284726652,0.0798047040594295,0.07898968032847996,0.08952226291394018
2017-12-11,118.01000213623047,-0.003966924437765251,0.0013389980610029393,0.07706641373555767,0.07567720051553233,0.09882193211595144,0.08337148992205273,0.08503751453456569,0.08143236658484802,0.09603519158933735
2017-12-12,118.1500015258789,0.0011863349471583629,0.06297297319266947,0.07742855374558288,0.07567720051553233,0.09704516233313958,0.08337148992205273,0.08503751453456569,0.08143236658484802,0.09603519158933735
2017-12-13,119.16999816894531,0.008633065001213636,0.018832483450835883,0.07531833155522037,0.07350007388516346,0.09420179120539612,0.08094712826994975,0.08284733468637981,0.079529108279853,0.08139093968398563
2017-12-14,118.93000030517578,-0.002013911785324396,0.13704565827280085,0.07563947892481454,0.07350007388516346,0.09730585576116305,0.08094712826994975,0.08284733468637981,0.079529108279853,0.08139093968398563
2017-12-15,119.18000030517578,0.0021020768465358497,0.03196985847834271,0.07602039673371466,0.06984979956128409,0.09466598175984361,0.08110214508483281,0.08171840496445072,0.07964031896335842,0.07557346254795635
2017-12-18,119.7300033569336,0.004614893860962033,0.03336943543608447,0.07605015489135904,0.06984979956128409,0.09214532201734997,0.08110214508483281,0.08171840496445072,0.07964031896335842,0.07557346254795635
2017-12-19,119.81999969482422,0.0007516606979649509,0.07325916889838538,0.07848976766537819,0.06994234136718196,0.09112260475404105,0.07923853769255686,0.07952949862368223,0.07800891405267979,0.08200141904945181
2017-12-20,120.13999938964844,0.002670670135530351,0.011932243662698966,0.078972697301849,0.06994234136718196,0.08839497755902806,0.07923853769255686,0.07952949862368223,0.07800891405267979,0.08200141904945181
2017-12-21,120.30999755859375,0.0014150005810633637,0.04239557407500284,0.07222193200030441,0.061921421803777445,0.08632899174825542,0.07703321406406025,0.07751264045860287,0.07652583463072393,0.06826084994466394
2017-12-22,120.94000244140625,0.005236513137702126,0.022462437855033313,0.06413963566857876,0.061921421803777445,0.08387971622601977,0.07703321406406025,0.07751264045860287,0.07652583463072393,0.06826084994466394
2017-12-26,121.7699966430664,0.006862859144246114,0.08312706899689412,0.06672848408664679,0.05704738862444132,0.08383474794206167,0.07596001168100097,0.0760447259036849,0.07579657269131937,0.06438751631391992
2017-12-27,122.2300033569336,0.0037776687734956127,0.10894451147124462,0.06502958785039846,0.05704738862444132,0.08554942115257683,0.07596001168100097,0.0760447259036849,0.07579657269131937,0.06438751631391992
2017-12-28,122.8499984741211,0.005072364396301321,0.05996863266146269,0.0659313746853711,0.05833969274147796,0.08423393298526212,0.07586678843158497,0.07476082624414415,0.07526317008173712,0.06013208343290838
2017-12-29,123.6500015258789,0.006512031434223742,0.08052128851026942,0.06658291872295968,0.05833969274147796,0.08401580096860908,0.07586678843158497,0.07476082624414415,0.07526317008173712,0.06013208343290838
2018-01-02,125.1500015258789,0.012131014811884722,0.10337529422874775,0.0711642800332365,0.061826666010601224,0.08530136347717972,0.07618397233017503,0.07388054348085182,0.07527242924265293,0.06680522624752806
2018-01-03,124.81999969482422,-0.002636850395774437,0.19257389005852782,0.07539353343562606,0.061826666010601224,0.0952093768614122,0.07618397233017503,0.07388054348085182,0.07527242924265293,0.06680522624752806
2018-01-04,125.45999908447266,0.00512737855482448,0.04185870235020841,0.07173838311093211,0.06807664920688146,0.09287661155288078,0.07991420220787034,0.07516871798451345,0.07797418093988485,0.0724290543141049
2018-01-05,125.33000183105469,-0.0010361649479244672,0.081394611202508,0.0725185093686046,0.06807664920688146,0.09222801114141231,0.07991420220787034,0.07516871798451345,0.07797418093988485,0.0724290543141049
2018-01-08,125.30999755859375,-0.00015961279955856167,0.016448608616701995,0.07083307653514768,0.0682629954438369,0.08950910054446962,0.07838540690587872,0.07374658992083581,0.0770181712621967,0.09855741379068443
2018-01-09,124.7300033569336,-0.0046284750854691525,0.0025337746421685257,0.06582735866668567,0.0682629954438369,0.08678451207617295,0.07838540690587872,0.07374658992083581,0.0770181712621967,0.09855741379068443
2018-01-10,125.02999877929688,0.002405158456580736,0.07347476415365882,0.06766785093212385,0.05881735004935177,0.08604400561438079,0.0766476086436911,0.07278764110910933,0.07579654778451557,0.08452122705585655
2018-01-11,125.44000244140625,0.003279242310744168,0.03818070683889942,0.059908212959734024,0.05881735004935177,0.08394535502647311,0.0766476086436911,0.07278764110910933,0.07579654778451557,0.08452122705585655
2018-01-12,126.95999908447266,0.012117319941670202,0.052056357857699166,0.06221354749594748,0.05143587075993217,0.08238085418526508,0.07480909637536236,0.07097721971315712,0.07435866676307187,0.07867831067576775
2018-01-16,127.16999816894531,0.0016540570729914883,0.19235649073357827,0.0680946164750797,0.05143587075993217,0.09273332734112642,0.07480909637536236,0.07097721971315712,0.07435866676307187,0.07867831067576775
2018-01-17,126.13999938964844,-0.008099385028916384,0.026257342016657338,0.0684321100462534,0.06449346020855587,0.090138053453344,0.07837624405045217,0.07216358221179667,0.07680001480899655,0.07487321186254209
2018-01-18,125.86000061035156,-0.002219746160232239,0.12857375135443463,0.06804702336814585,0.06449346020855587,0.09289375184466146,0.07837624405045217,0.07216358221179667,0.07680001480899655,0.07487321186254209
2018-01-19,126.41999816894531,0.004449368789751107,0.035237377881990224,0.06819554697740254,0.06532725398053334,0.09047648618216106,0.07819517604043782,0.0735582471499165,0.07675645586811773,0.07679078343122725
2018-01-22,126.6500015258789,0.0018193589642852004,0.07063153985336318,0.06988927899636978,0.06532725398053334,0.089410087485037,0.07819517604043782,0.0735582471499165,0.07675645586811773,0.07679078343122725
2018-01-23,127.27999877929688,0.004974316982453653,0.028881428190328108,0.06787210896418534,0.060596386826318904,0.08697449127816635,0.07596280414888987,0.07148199746984699,0.0752188989642376,0.0737083683161903
2018-01-24,128.8300018310547,0.012177899643490031,0.07896483406786566,0.07091904489169293,0.060596386826318904,0.0865148259333163,0.07596280414888987,0.07148199746984699,0.0752188989642376,0.0737083683161903
2018-01-25,127.97000122070312,-0.006675468432262743,0.19331816368666058,0.07777916260131373,0.06715332606804593,0.09632258792498595,0.0798070741661546,0.07286221207048575,0.07813987390765491,0.08657664390545455
2018-01-26,128.07000732421875,0.0007814808358339587,0.10596977613977665,0.0815749507051657,0.06715332606804593,0.09692849991204606,0.0798070741661546,0.07286221207048575,0.07813987390765491,0.08657664390545455
2018-01-29,127.3499984741211,-0.005621994291566623,0.01240562367587729,0.07836033955421039,0.0725588078904032,0.0940247840700248,0.07862094639782607,0.07298609332621127,0.07750506210918684,0.08595539556320644
2018-01-30,126.80000305175781,-0.004318770545372663,0.08924639260626023,0.07746497051489291,0.0725588078904032,0.09374494937778648,0.07862094639782607,0.07298609332621127,0.07750506210918684,0.08595539556320644
2018-01-31,127.6500015258789,0.006703457836465088,0.06855835699564117,0.07785541253008284,0.07149006526739618,0.09242750402693795,0.0770093183387577,0.07279752615851173,0.07675909510978857,0.08703827174799775
2018-02-01,128.07000732421875,0.003290292152912322,0.10641409415696226,0.07903235824129616,0.07149006526739618,0.09332582952605062,0.0770093183387577,0.07279752615851173,0.07675909510978857,0.08703827174799775
2018-02-02,126.38999938964844,-0.013117887393550687,0.05223176866411986,0.07670765253381308,0.06672038289070943,0.09138280630834698,0.07591514702914498,0.07144984083595393,0.07639024400343226,0.08582363117792233
2018-02-05,126.70999908447266,0.002531843471552664,0.2082400066193064,0.07741974874112119,0.06672038289070943,0.102233078173701,0.07591514702914498,0.07144984083595393,0.07639024400343226,0.08582363117792233
2018-02-06,125.37999725341797,-0.010496423649786535,0.04019176910562471,0.07734397904818556,0.07292262944371242,0.0996063694485862,0.07838128126564665,0.07663737754917875,0.07901216440133556,0.0908948041055159
2018-02-07,124.79000091552734,-0.004705665583148222,0.1666255597974726,0.08121811307522941,0.07292262944371242,0.10484268088576244,0.07838128126564665,0.07663737754917875,0.07901216440133556,0.0908948041055159
2018-02-08,124.9800033569336,0.0015225774502147793,0.07470012531627558,0.0838659092888464,0.07771577551828272,0.10328250091148561,0.07839654526043616,0.07882071644392294,0.08025964271420388,0.09479886120617434
2018-02-09,124.7699966430664,-0.0016803225174144565,0.024170167710618803,0.08484938170104868,0.07771577551828272,0.10031096807073854,0.07839654526043616,0.07882071644392294,0.08025964271420388,0.09479886120617434
2018-02-12,125.37000274658203,0.004808897328354433,0.02667429302076391,0.08272208755864437,0.072926841751408,0.09747432467506949,0.07473309523536643,0.07586156208797845,0.0782224124757095,0.09159107889705943
2018-02-13,126.08000183105469,0.0056632293923437604,0.0763388784676125,0.08445654990540405,0.072926841751408,0.09633704788164718,0.07473309523536643,0.07586156208797845,0.0782224124757095,0.09159107889705943
2018-02-14,128.22999572753906,0.017052616317100977,0.08990097953791817,0.08617675998177764,0.07021221346810096,0.09596305723657601,0.07360731454888997,0.07439498669249513,0.07778664907396265,0.08770720869913547
2018-02-15,128.3800048828125,0.001169844500285011,0.27070189186830806,0.08973791457881082,0.07021221346810096,0.11425035977450493,0.07360731454888997,0.07439498669249513,0.07778664907396265,0.08770720869913547
2018-02-16,127.95999908447266,-0.003271582663696204,0.018570705722224613,0.08938852201997295,0.08501639697137779,0.11086319629502334,0.07799181618869559,0.07663986573257824,0.08285915123782454,0.08455914837481868
2018-02-20,126.23999786376953,-0.013441710167313103,0.05193476473038251,0.08590493171887968,0.08501639697137779,0.10823605029027969,0.07799181618869559,0.07663986573257824,0.08285915123782454,0.08455914837481868
2018-02-21,125.66000366210938,-0.004594377467322608,0.2133805337887133,0.094002347896458,0.08767797028715608,0.1172348717723994,0.08032886863810132,0.08096860324798455,0.08539773154167246,0.09357358264310012
2018-02-22,126.30000305175781,0.005093103382117992,0.07293348124616642,0.09410698159613089,0.08767797028715608,0.11505881891937952,0.08032886863810132,0.08096860324798455,0.08539773154167246,0.09357358264310012
2018-02-23,126.13999938964844,-0.0012668539845070992,0.08085050970375707,0.096469212574014,0.08520525868130267,0.11329796201881416,0.08189303524276384,0.08202595311464275,0.08450648049503004,0.0959078859890461
2018-02-26,126.44999694824219,0.0024575674654647717,0.02011068354262235,0.09379402391377568,0.08520525868130267,0.10995685008817206,0.08189303524276384,0.08202595311464275,0.08450648049503004,0.0959078859890461
2018-02-27,125.12999725341797,-0.01043890649807222,0.039012674062698614,0.0867801380217774,0.08071037070234383,0.10703456298170848,0.07846542658981805,0.07886461860381132,0.0824125778528272,0.09381743253599543
2018-02-28,125.0,-0.0010388975966705294,0.16571250332013152,0.08949571652997536,0.08071037070234383,0.11143003113039895,0.07846542658981805,0.07886461860381132,0.0824125778528272,0.09381743253599543
2018-03-01,124.72000122070312,-0.0022399902343750444,0.016491988070717434,0.08968146036610446,0.08052546428489199,0.10811092390544935,0.07890343949342848,0.08031594872472989,0.08309813626713476,0.09548565440769008
2018-03-02,125.38999938964844,0.005372018620811936,0.03555874259621792,0.08724111263837526,0.08052546428489199,0.10517870034436587,0.07890343949342848,0.08031594872472989,0.08309813626713476,0.09548565440769008
2018-03-05,125.18000030517578,-0.0016747674096407872,0.08527815185445944,0.0880011033137761,0.07867008018656146,0.1040920134149823,0.0770318540411308,0.0781979914875214,0.0817617951690946,0.09233398301999463
2018-03-06,126.52999877929688,0.010784458146907872,0.026586108418712166,0.08437255850749201,0.07867008018656146,0.10113084440974895,0.0770318540411308,0.0781979914875214,0.0817617951690946,0.09233398301999463
2018-03-07,125.72000122070312,-0.006401624645603676,0.17119796568781626,0.08978011291766001,0.07874135845991753,0.10664110575620418,0.07712792066977092,0.07742548584872537,0.0823519788632968,0.0800336003814114
2018-03-08,125.41999816894531,-0.0023862794212923255,0.10162264079429593,0.08493386901652318,0.07874135845991753,0.10634667638441721,0.07712792066977092,0.07742548584872537,0.0823519788632968,0.0800336003814114
2018-03-09,125.54000091552734,0.0009568071147663115,0.03788101144470374,0.0848288345773904,0.07915782496106144,0.10352360554489816,0.07611829030055824,0.0766001102708309,0.08127112292841361,0.08262869647406913
2018-03-12,125.54000091552734,0.0,0.015188842069973382,0.07794534740795862,0.07915782496106144,0.10043879104270582,0.07611829030055824,0.0766001102708309,0.08127112292841361,0.08262869647406913
2018-03-13,125.77999877929688,0.0019117242474055995,0.0,0.07454988716630974,0.07459002484111009,0.09737902084819453,0.07453345397474835,0.07480802790393315,0.07920273636809633,0.07982616427624267
2018-03-14,125.69999694824219,-0.0006360457292980959,0.030347681603803998,0.07483068325236361,0.07459002484111009,0.09470465767846621,0.07453345397474835,0.07480802790393315,0.07920273636809633,0.07982616427624267
2018-03-15,124.9000015258789,-0.006364323323672649,0.010096912933124825,0.07407716597565274,0.06660416617505338,0.0918528753707933,0.07324983697065446,0.07337000970278168,0.07741248038487002,0.092637998644086
2018-03-16,124.5999984741211,-0.0024019459414951205,0.1010305006658752,0.07519951243921014,0.06660416617505338,0.0924292345253242,0.07324983697065446,0.07337000970278168,0.07741248038487002,0.092637998644086
2018-03-19,124.87000274658203,0.0021669685053569143,0.038129709742901925,0.07284627290307304,0.06875308676819226,0.09009886834553371,0.07295317879698228,0.07310799546850924,0.07671945164883866,0.07744631664315207
2018-03-20,124.30999755859375,-0.004484705499084418,0.034399558584502395,0.062105257753809144,0.06875308676819226,0.08775954358567267,0.07295317879698228,0.07310799546850924,0.07671945164883866,0.07744631664315207
2018-03-21,126.4800033569336,0.01745640608927701,0.07119249272364707,0.06449715716296471,0.05874431517794472,0.08685468036989163,0.07227428938064236,0.07237375733906579,0.07563433367567118,0.06303630457093182
2018-03-22,125.9800033569336,-0.003953194075975608,0.27711185578308334,0.07473247948354202,0.05874431517794472,0.10815992885056527,0.07227428938064236,0.07237375733906579,0.07563433367567118,0.06303630457093182
2018-03-23,127.61000061035156,0.012938539529958382,0.06275501045643142,0.06788586478662012,0.07242366537037442,0.10598560032695475,0.07726789676617252,0.07704400990232714,0.08102562428398227,0.06434313421237099
2018-03-26,128.27999877929688,0.005250357853935794,0.20539294754789053,0.07390674961851666,0.07242366537037442,0.1144121776831895,0.07726789676617252,0.07704400990232714,0.08102562428398227,0.06434313421237099
2018-03-27,127.48999786376953,-0.0061584106879087885,0.08334684705365339,0.0740202194980574,0.08111346864800015,0.1127898019898264,0.07956350143713475,0.0793820920338202,0.08328670932912459,0.08316351643515854
2018-03-28,125.7300033569336,-0.01380496145836152,0.09776173890965319,0.07754981292383153,0.08111346864800015,0.11194502455494992,0.07956350143713475,0.0793820920338202,0.08328670932912459,0.08316351643515854
2018-03-29,125.79000091552734,0.0004771936450476133,0.21914696926593683,0.08573773543306963,0.08364279174765277,0.12108390008402674,0.08237718829159109,0.08238685975796733,0.08615036942978266,0.0933385187543452
2018-04-02,127.26000213623047,0.011686153191860393,0.007575214272098483,0.07854967683997721,0.08364279174765277,0.11740986006405574,0.08237718829159109,0.08238685975796733,0.08615036942978266,0.0933385187543452
2018-04-03,126.30000305175781,-0.007543604183229413,0.18551193077199774,0.08623240150821723,0.0842687528452119,0.122567741732361,0.08353215256346856,0.08363493424059716,0.08706189975699745,0.10290842571142289
2018-04-04,126.44999694824219,0.0011876001018218396,0.11975100394758931,0.0900593224787341,0.0842687528452119,0.12240056540455946,0.08353215256346856,0.08363493424059716,0.08706189975699745,0.10290842571142289
2018-04-05,125.80000305175781,-0.005140323544257752,0.01885256715849344,0.08703997771982658,0.08910500859435733,0.1187615664429466,0.08314984026990331,0.08326317913962496,0.08635007138000443,0.10529357179872728
2018-04-06,126.38999938964844,0.004689954877408642,0.08160010653909679,0.08954061399802588,0.08910500859435733,0.11686558829430924,0.08314984026990331,0.08326317913962496,0.08635007138000443,0.10529357179872728
2018-04-09,126.81999969482422,0.0034021703240154633,0.07445072559442611,0.08514301217559904,0.08193698538290628,0.11476361102816816,0.08265119162183365,0.08279423244336667,0.08550127905395591,0.08698092830864404
2018-04-10,127.12000274658203,0.0023655815524343815,0.05400777957137373,0.08297870030182986,0.08193698538290628,0.11205112960833999,0.08265119162183365,0.08279423244336667,0.08550127905395591,0.08698092830864404
2018-04-11,128.11000061035156,0.007787899955785216,0.03755244296270085,0.08296376537082972,0.07589952124150645,0.1090263246471361,0.08166930870911118,0.08186874752003205,0.08403582072778844,0.08020488755876384
2018-04-12,126.62000274658203,-0.011630613197024187,0.12362907911075162,0.08789286705450146,0.07589952124150645,0.10995719189850796,0.08166930870911118,0.08186874752003205,0.08403582072778844,0.08020488755876384
2018-04-13,127.44999694824219,0.006555000660688037,0.18463026068707122,0.0962851516311865,0.08450983020503806,0.11580349302536404,0.0839478664161392,0.08403927096748186,0.08649257572874573,0.08679972081224813
2018-04-16,127.62999725341797,0.0014123209845888773,0.1040574095522678,0.09963559381066213,0.08450983020503806,0.1151325267942414,0.0839478664161392,0.08403927096748186,0.08649257572874573,0.08679972081224813
2018-04-17,127.75,0.0009402393572395251,0.022419900579720334,0.1001957296127801,0.09138579411848081,0.11176013564319517,0.08035407174280358,0.07992361435981095,0.08305799201423014,0.07957016835799076
2018-04-18,127.8499984741211,0.0007827669207129961,0.01492583707278601,0.09628188126763969,0.09138579411848081,0.10841713462633874,0.08035407174280358,0.07992361435981095,0.08305799201423014,0.07957016835799076
2018-04-19,127.5999984741211,-0.001955416527053,0.012426039640406412,0.09511353262661718,0.0902267785713759,0.10515837086708417,0.0785316934951846,0.07808317082281975,0.08087482236794853,0.08849419355695731
2018-04-20,126.62999725341797,-0.007601890535287481,0.03104127504076706,0.09496088337462921,0.0902267785713759,0.10223795592138693,0.0785316934951846,0.07808317082281975,0.08087482236794853,0.08849419355695731
2018-04-23,125.62000274658203,-0.007975949843974872,0.12067627110183814,0.09721014602818334,0.07571847567283264,0.10343698273609449,0.07803201286223783,0.07782601872686468,0.08030294249295887,0.08441571453468664
2018-04-24,126.2300033569336,0.004855919415812648,0.1266142785400916,0.09036934706259282,0.07571847567283264,0.1049720313488691,0.07803201286223783,0.07782601872686468,0.08030294249295887,0.08441571453468664
2018-04-25,125.41000366210938,-0.006496075996334616,0.07708533096486189,0.09102072526752147,0.07768281679498332,0.1035109106257655,0.07803433805620572,0.07798207460025595,0.080363198998814,0.07883406202479246
2018-04-26,124.97000122070312,-0.0035085115107064135,0.10312200950446516,0.0863720462655476,0.07768281679498332,0.1034876177719588,0.07803433805620572,0.07798207460025595,0.080363198998814,0.07883406202479246
2018-04-27,125.5,0.004241008034887361,0.05569589357602021,0.085115184743837,0.07678990332145041,0.1012582231913143,0.07742385544203355,0.07758760098863234,0.07973973416725111,0.0726424405681258
2018-04-30,124.58999633789062,-0.007251025196090666,0.0673239154112322,0.08373164731209058,0.07678990332145041,0.09954890593677172,0.07742385544203355,0.07758760098863234,0.07973973416725111,0.0726424405681258
2018-05-01,123.70999908447266,-0.007063145351023148,0.11510645651471556,0.07900253309612598,0.06406263482842096,0.1005502629171012,0.07715141168650554,0.0840783969648807,0.07940668024181406,0.08507326997510145
2018-05-02,123.6500015258789,-0.0004849855228984401,0.11212395643625557,0.08375474864904221,0.06406263482842096,0.10128198727686699,0.07715141168650554,0.0840783969648807,0.07940668024181406,0.08507326997510145
2018-05-03,124.27999877929688,0.005095004008440096,0.007698906498335364,0.07567233845478484,0.06959586520542287,0.09821463678913936,0.07652970709963255,0.07689500777910935,0.07862185648600581,0.0760219618973206
2018-05-04,124.54000091552734,0.002092067418605348,0.08088068121125837,0.07390550560313343,0.06959586520542287,0.09726175539458995,0.07652970709963255,0.07689500777910935,0.07862185648600581,0.0760219618973206
2018-05-07,124.56999969482422,0.0002408766587147504,0.03321054069366368,0.07455814076382299,0.06672301241374548,0.09464900696510638,0.0756568011718739,0.07583269132147379,0.07744280330341342,0.07915355547018113
2018-05-08,124.58999633789062,0.00016052535213439967,0.003823798413596453,0.0710228540308457,0.06672301241374548,0.09177039683018907,0.0756568011718739,0.07583269132147379,0.07744280330341342,0.07915355547018113
2018-05-09,124.33000183105469,-0.0020868008225221057,0.002548260965212158,0.06775456018406324,0.06370175071429346,0.08897689030498293,0.07425190167399852,0.07434640238491744,0.07566644836686832,0.08039537713487616
2018-05-10,125.18000030517578,0.0068366320405601755,0.033126936072711166,0.06680543093412404,0.06370175071429346,0.08664708547584388,0.07425190167399852,0.07434640238491744,0.07566644836686832,0.08039537713487616
2018-05-11,125.0,-0.0014379318160805399,0.10852816910746964,0.0700316003043408,0.05758902207223646,0.08811331446245724,0.07384569658485388,0.0738161884942313,0.07526764136391158,0.08069385106962065
2018-05-14,124.48999786376953,-0.004080017089843735,0.02282645992569946,0.06544966306865661,0.05758902207223646,0.0856118078934831,0.07384569658485388,0.0738161884942313,0.07526764136391158,0.08069385106962065
2018-05-15,122.4800033569336,-0.01614583132241265,0.06476826338771999,0.06000139046414065,0.05305478599823895,0.084506298157468,0.07290883612499706,0.07288619861945883,0.0740621852280244,0.060250099787747785
2018-05-16,122.29000091552734,-0.0015512935679184991,0.25630712633700603,0.0669218321361742,0.05305478599823895,0.10322032814930492,0.07290883612499706,0.07288619861945883,0.0740621852280244,0.060250099787747785
2018-05-17,122.36000061035156,0.0005724073456552237,0.024626021946998616,0.0670221103801414,0.07175516484784765,0.10025745075589754,0.0766519876196883,0.07714343139727273,0.07854675975474222,0.08596103978778882
2018-05-18,122.41000366210938,0.0004086552101045804,0.009086684911381862,0.06675669437280485,0.07175516484784765,0.09722868463939884,0.0766519876196883,0.07714343139727273,0.07854675975474222,0.08596103978778882
2018-05-21,122.4800033569336,0.0005718461950008358,0.0064872003474454164,0.06648674713221571,0.07232688124649082,0.0942800992564501,0.07515140554022764,0.07553163237072139,0.07676528470009417,0.07978582908797263
2018-05-22,122.41000366210938,-0.0005715193738216051,0.009077776920904553,0.0654884063085856,0.07232688124649082,0.09143498920482934,0.07515140554022764,0.07553163237072139,0.07676528470009417,0.07978582908797263
2018-05-23,122.54000091552734,0.001061982268841355,0.009072588795523953,0.06041551165829859,0.06477797779989304,0.08867736198084143,0.07330294933990081,0.07377802037093721,0.07486405476036101,0.06748152567082394
2018-05-24,123.58999633789062,0.00856859323093273,0.01685844588068618,0.055426610173780165,0.06477797779989304,0.08607500501341275,0.07330294933990081,0.07377802037093721,0.07486405476036101,0.06748152567082394
2018-05-25,123.20999908447266,-0.003074660285441455,0.1360222006483167,0.05810555879575538,0.05433361991372883,0.08985819073923171,0.07336154526917187,0.07366635764057387,0.07507174069214685,0.06476693061810401
2018-05-29,123.19000244140625,-0.000162297242228715,0.048808718887709754,0.05563677285863012,0.05433361991372883,0.08793726308408754,0.07336154526917187,0.07366635764057387,0.07507174069214685,0.06476693061810401
2018-05-30,123.37000274658203,0.001461160009810003,0.002576388848452741,0.05322224991646798,0.0643506453531586,0.08526067540881159,0.07229391190720368,0.072491703210501,0.07357600971350069,0.05646280858582385
2018-05-31,123.0999984741211,-0.00218857312515075,0.023195196069779794,0.05121639903731105,0.0643506453531586,0.08285831782108334,0.07229391190720368,0.072491703210501,0.07357600971350069,0.05646280858582385
2018-06-01,122.48999786376953,-0.004955325896935703,0.034742521291369954,0.04756349289079533,0.0577259017091577,0.08078362055114982,0.07108298114105896,0.07122959117775286,0.07207971876799951,0.05624928308209699
2018-06-04,122.37000274658203,-0.000979631964080463,0.07866335993141972,0.04604255668603007,0.0577259017091577,0.08065797666773593,0.07108298114105896,0.07122959117775286,0.07207971876799951,0.05624928308209699
2018-06-05,122.8499984741211,0.003922495029546447,0.01555117531995999,0.046399477996103916,0.05690189988004426,0.07829353096747506,0.07005689275444191,0.07024629943747264,0.07109029877990809,0.05274784457003829
2018-06-06,122.91999816894531,0.0005697980927446,0.06226767820240111,0.04555343240479222,0.05690189988004426,0.07742557844018182,0.07005689275444191,0.07024629943747264,0.07109029877990809,0.05274784457003829
2018-06-07,122.86000061035156,-0.00048810250152531154,0.009045264305526773,0.044455010750786,0.0571442129367271,0.07509957385611686,0.06914644666730575,0.06923330105137167,0.06985240588457531,0.05721309461309018
2018-06-08,123.01000213623047,0.0012209142530825723,0.0077483870000669966,0.044633401141080116,0.0571442129367271,0.07283647083593699,0.06914644666730575,0.06923330105137167,0.06985240588457531,0.05721309461309018
2018-06-11,123.2300033569336,0.0017884823744616085,0.019381412914743965,0.04539854441151338,0.05521729568274832,0.07077697891827928,0.06768750812397104,0.06774927589175914,0.06809461928430953,0.05243813042809904
2018-06-12,122.81999969482422,-0.0033271415316106223,0.02839127752228628,0.04518328720467588,0.05521729568274832,0.06897232617848613,0.06768750812397104,0.06774927589175914,0.06809461928430953,0.05243813042809904
2018-06-13,123.19000244140625,0.003012561044629436,0.052816734416137524,0.04265094926416079,0.049807188197729016,0.06811113945476381,0.06676265454346955,0.06679511196707318,0.06684508508959153,0.07213462160125203
2018-06-14,123.37999725341797,0.0015422908372948463,0.04782292400094266,0.04378715217667184,0.049807188197729016,0.06706714249434445,0.06676265454346955,0.06679511196707318,0.06684508508959153,0.07213462160125203
2018-06-15,121.33999633789062,-0.01653429211330959,0.02448310802889447,0.04195600875127068,0.052680404076927353,0.06529997596431848,0.06574464509829488,0.06575345436215,0.06546624530932597,0.035516046483397734
2018-06-18,121.11000061035156,-0.0018954650937899054,0.2624737502178826,0.042236309836765074,0.052680404076927353,0.09023186700102413,0.06574464509829488,0.06575345436215,0.06546624530932597,0.035516046483397734
2018-06-19,120.80000305175781,-0.0025596363391253707,0.03008957554183086,0.04248465318198472,0.05668278857509674,0.0877929688899876,0.07173600604364112,0.07174106143805944,0.07241547966945955,0.05953149679484893
2018-06-20,120.26000213623047,-0.004470206141435118,0.040632967200537114,0.04391857510421905,0.05668278857509674,0.08569837422459323,0.07173600604364112,0.07174106143805944,0.07241547966945955,0.05953149679484893
2018-06-21,120.05000305175781,-0.001746208886931222,0.07096232255658569,0.04684926247736179,0.05506983213841126,0.08488638134242509,0.07105748427183958,0.07099374491399235,0.07154812046456377,0.06826082975390088
2018-06-22,120.33999633789062,0.0024156041546103957,0.02772020671194552,0.04769664564968184,0.05506983213841126,0.08258002461113761,0.07105748427183958,0.07099374491399235,0.07154812046456377,0.06826082975390088
2018-06-25,119.88999938964844,-0.0037393797734436296,0.03834652715444116,0.04902727921145079,0.05393616038680262,0.08061339966517915,0.06850649474803103,0.0687896014105656,0.06898619701016445,0.05173507462363644
2018-06-26,119.26000213623047,-0.0052547940330739396,0.05936081362894137,0.050959205018189666,0.05393616038680262,0.07949862492474084,0.06850649474803103,0.0687896014105656,0.06898619701016445,0.05173507462363644
2018-06-27,118.58000183105469,-0.005701830395735019,0.08341726921427858,0.04856807177118794,0.04840428244101446,0.07973917438260315,0.06828700244046523,0.06853293789879339,0.06869952979441313,0.05705117485786613
2018-06-28,118.22000122070312,-0.00303593021413906,0.09051375146990316,0.05046375507037855,0.04840428244101446,0.08042636463035842,0.06828700244046523,0.06853293789879339,0.06869952979441313,0.05705117485786613
2018-06-29,118.6500015258789,0.003637288959023266,0.04819389806615413,0.0525372782166377,0.0538635433386679,0.07886479080454532,0.0667324155388927,0.0671068384979497,0.06757034896752508,0.05578464631246807
2018-07-02,117.45999908447266,-0.010029518972628937,0.0577401721923394,0.05410750440402678,0.0538635433386679,0.0777593181812577,0.0667324155388927,0.0671068384979497,0.06757034896752508,0.05578464631246807
2018-07-03,118.6500015258789,0.01013112932642235,0.15921367782708118,0.05976528424655911,0.04916082228089838,0.08488027204602237,0.06759575107333157,0.06800316223820863,0.06927157358241473,0.0569890934752921
2018-07-05,119.05000305175781,0.003371272825408722,0.16082669218768114,0.06349998116729826,0.04916082228089838,0.09123757144319565,0.06759575107333157,0.06800316223820863,0.06927157358241473,0.0569890934752921
2018-07-06,118.86000061035156,-0.0015959885471287238,0.05351729698668932,0.06522571397033142,0.0654472561080614,0.0894241736941795,0.06890669057044543,0.0692300150670833,0.07088202723691733,0.07115015554153535
2018-07-09,119.1500015258789,0.0024398528860691826,0.025335532746059354,0.06354698008595223,0.0654472561080614,0.08692177646369854,0.06890669057044543,0.0692300150670833,0.07088202723691733,0.07115015554153535
2018-07-10,118.93000030517578,-0.001846422307055895,0.03873146383273359,0.06489635279173436,0.06650759597569136,0.08480612647460352,0.06738863598504856,0.06759368437062846,0.06930913162950283,0.07588744345121813
2018-07-11,117.63999938964844,-0.010846724226159843,0.029311045438032243,0.0658764736298237,0.06650759597569136,0.08253546259305199,0.06738863598504856,0.06759368437062846,0.06930913162950283,0.07588744345121813
2018-07-12,118.12999725341797,0.004165231777556899,0.17218640905271076,0.07282215527245856,0.05813266394783379,0.09045587873693,0.06893556780197685,0.0693279158701967,0.0711541846286351,0.07625649242017388
2018-07-13,117.61000061035156,-0.004401901762097649,0.06612100461815437,0.07453714286772528,0.05813266394783379,0.08918323426120411,0.06893556780197685,0.0693279158701967,0.0711541846286351,0.07625649242017388
2018-07-16,117.55000305175781,-0.0005101399394812356,0.06987802414948431,0.07531265603742286,0.07024378504186451,0.08814423754525101,0.06801958231659738,0.06833536439460884,0.07033242129662455,0.08894097264398214
2018-07-17,116.27999877929688,-0.01080394929383155,0.00809822048225334,0.07350698769566426,0.07024378504186451,0.08548202785490276,0.06801958231659738,0.06833536439460884,0.07033242129662455,0.08894097264398214
2018-07-18,116.30999755859375,0.00025798744076199753,0.17150737805298108,0.08018990906039547,0.06503354166556359,0.09291734662920417,0.06941297008010473,0.06989794935607115,0.07189864858921667,0.08324555858045554
2018-07-19,115.80999755859375,-0.004298856594405098,0.00409542365780552,0.06844543967130107,0.06503354166556359,0.09009229520903103,0.06941297008010473,0.06989794935607115,0.07189864858921667,0.08324555858045554
2018-07-20,116.55999755859375,0.006476124823511453,0.0682422328243557,0.07017965136596128,0.06306937195343759,0.08893280889031077,0.06837825591319073,0.06876995124759494,0.07062362973595686,0.07485234341587299
2018-07-23,116.0,-0.004804371742649027,0.10280529445454022,0.07300566624114323,0.06306937195343759,0.08982559513505262,0.06837825591319073,0.06876995124759494,0.07062362973595686,0.07485234341587299
2018-07-24,116.04000091552734,0.0003448354786839136,0.07626703702173201,0.07324678962592261,0.06441412024845072,0.08907030338473569,0.06812548215054566,0.06858890434011196,0.0707273203706798,0.08685266253493756
2018-07-25,116.68000030517578,0.005515334234738045,0.005474093518977301,0.07223560266260588,0.06441412024845072,0.08636727244933232,0.06812548215054566,0.06858890434011196,0.0707273203706798,0.08685266253493756
2018-07-26,115.7699966430664,-0.0077991400388178755,0.08755321669510563,0.07447227036899971,0.06396503645408955,0.08643888795291488,0.06730195226677359,0.06760339447649685,0.06988930433570277,0.07026913841281524
2018-07-27,115.83000183105469,0.0005183138095208317,0.12380750989727242,0.07740166565392385,0.06396503645408955,0.08912394986714947,0.06730195226677359,0.06760339447649685,0.06988930433570277,0.07026913841281524
2018-07-30,115.6500015258789,-0.0015540041641225466,0.008227976646495739,0.07398397053720646,0.0737295205111871,0.08643237651197934,0.0672371558309155,0.06756787802619417,0.06981388486693695,0.08141984025685138
2018-07-31,115.98999786376953,0.002939873181190933,0.024669051327762367,0.07099102962165459,0.0737295205111871,0.0840168798072313,0.0672371558309155,0.06756787802619417,0.06981388486693695,0.08141984025685138
2018-08-01,115.13999938964844,-0.007328204929526905,0.04666903994099724,0.07092171788869292,0.06827985897068926,0.08225561308707782,0.06604709932121706,0.0662621661488065,0.06820542638648142,0.07721738055767538
2018-08-02,114.5199966430664,-0.005384772884042377,0.11633164680027483,0.07358496673450816,0.06827985897068926,0.08468771961805925,0.06604709932121706,0.0662621661488065,0.06820542638648142,0.07721738055767538
2018-08-03,114.91999816894531,0.003492853105171001,0.08548061950644106,0.07023346408356998,0.06251964213117063,0.08473550283991294,0.06669181474606795,0.06691946097350769,0.06904614689124139,0.0749358721088036
2018-08-06,114.33000183105469,-0.0051339744804317355,0.05544732409417322,0.06544349280659235,0.06251964213117063,0.08326922276563639,0.06669181474606795,0.06691946097350769,0.06904614689124139,0.0749358721088036
2018-08-07,114.58999633789062,0.0022740706959851753,0.08149931827544649,0.0667154028651722,0.058878562924509714,0.0831640907192241,0.06634095136102004,0.06649622929506507,0.06849861944534161,0.07805721568155549
2018-08-08,114.91000366210938,0.002792628802213759,0.036099753152138064,0.06720468561090308,0.058878562924509714,0.08111400345627588,0.06634095136102004,0.06649622929506507,0.06849861944534161,0.07805721568155549
2018-08-09,114.73999786376953,-0.0014794690881722028,0.044331607888642745,0.0674592376134444,0.06295696810472873,0.0793891059956087,0.0652745243264786,0.06533062548959379,0.06718644798335648,0.07851904722289735
2018-08-10,114.69000244140625,-0.0004357279352805721,0.02348584367826684,0.06719445571527324,0.06295696810472873,0.07718527989799527,0.0652745243264786,0.06533062548959379,0.06718644798335648,0.07851904722289735
2018-08-13,112.95999908447266,-0.01508416880379293,0.006916966536216244,0.059682208328159854,0.059530138354446656,0.07485308311966682,0.06368762722142277,0.0636966265034532,0.06540466503316882,0.06506839326948603
2018-08-14,113.06999969482422,0.0009738014451408095,0.23945375633372845,0.06756096976977685,0.059530138354446656,0.09331179504600971,0.06368762722142277,0.0636966265034532,0.06540466503316882,0.06506839326948603
2018-08-15,111.19000244140625,-0.016626844065553037,0.015458618701187338,0.06508736043121789,0.06997059905956242,0.09054835041321808,0.06796169201968973,0.06825758094514828,0.07052717883610833,0.0698555171245348
2018-08-16,111.0999984741211,-0.0008094609704913935,0.26394296691182073,0.07671666708710734,0.06997059905956242,0.10902759707401842,0.06796169201968973,0.06825758094514828,0.07052717883610833,0.0698555171245348
2018-08-17,112.12999725341797,0.009270916232611892,0.012849794543599323,0.0695049587457718,0.07827714183739934,0.10575302804884218,0.07258980680993558,0.0738083968088662,0.0760836398021362,0.0677313073386542
2018-08-20,112.69000244140625,0.0049942495470025605,0.14717123266321747,0.07600840460965416,0.07827714183739934,0.10868414359245741,0.07258980680993558,0.0738083968088662,0.0760836398021362,0.0677313073386542
2018-08-21,113.0199966430664,0.002928336094692563,0.07928125372059458,0.07651017828675592,0.07610139793614419,0.10714774620033268,0.07350940427900296,0.07435708619222761,0.07692617262503908,0.07239309736947919
2018-08-22,113.2699966430664,0.002211997942183075,0.04648589437062367,0.07395020555566881,0.07610139793614419,0.10450577710054337,0.07350940427900296,0.07435708619222761,0.07692617262503908,0.07239309736947919
2018-08-23,112.19999694824219,-0.009446452957847074,0.035114378733618286,0.07207963017893637,0.07826910229526726,0.10168653389793572,0.07246413016792198,0.07292697810236728,0.07522985940474035,0.06966357058913017
2018-08-24,114.16000366210938,0.01746886601762876,0.14995779178880325,0.07864707100938301,0.07826910229526726,0.10520923184158278,0.07246413016792198,0.07292697810236728,0.07522985940474035,0.06966357058913017
2018-08-27,114.58999633789062,0.00376657902932398,0.2773096510137178,0.08727236347841082,0.06850335544424697,0.1225515486215297,0.07922493325166881,0.07969016895939088,0.08311487187506203,0.0819282960416684
2018-08-28,113.68000030517578,-0.007941321771505638,0.059792588430373876,0.08436259432082453,0.06850335544424697,0.11971741044324044,0.07922493325166881,0.07969016895939088,0.08311487187506203,0.0819282960416684
2018-08-29,114.19999694824219,0.004574213948543848,0.12606457493128093,0.0897188033337693,0.08533922814482511,0.1201076995225429,0.07927786134629762,0.07967492011438355,0.08275844576119697,0.07817151402037861
2018-08-30,113.63999938964844,-0.004903656511020316,0.07261339530869895,0.09189809169653916,0.08533922814482511,0.11779927939600074,0.07927786134629762,0.07967492011438355,0.08275844576119697,0.07817151402037861
2018-08-31,113.51000213623047,-0.0011439392301669793,0.0778431338582545,0.0933150959655054,0.09170171492666121,0.115791378012253,0.07881291737612929,0.07905084518987997,0.08167839171385625,0.09275991856657409
2018-09-04,112.93000030517578,-0.005109698001402485,0.018159472307955025,0.08885272439767268,0.09170171492666121,0.11235199426235426,0.07881291737612929,0.07905084518987997,0.08167839171385625,0.09275991856657409
2018-09-05,113.31999969482422,0.0034534613352918964,0.08111394111812846,0.08865423901638575,0.08852787323284785,0.11072651292471605,0.07780776659009798,0.0779793618002754,0.08027093588186779,0.08638207034642906
2018-09-06,113.54000091552734,0.0019414156485668688,0.05482199913335644,0.08862581515453044,0.08852787323284785,0.10818995387714118,0.07780776659009798,0.0779793618002754,0.08027093588186779,0.08638207034642906
2018-09-07,113.2300033569336,-0.0027302937827557994,0.030819017985102636,0.086322165141333,0.09252969600677872,0.10516535011549966,0.07636597615148431,0.07649201042122471,0.07860716800751356,0.0903653618545277
2018-09-10,113.1500015258789,-0.000706542689065337,0.04334207013190594,0.08665136136768607,0.09252969600677872,0.10251281829907824,0.07636597615148431,0.07649201042122471,0.07860716800751356,0.0903653618545277
2018-09-11,113.22000122070312,0.0006186451072049959,0.011216017475506301,0.08514610725799804,0.09403473892637042,0.09942782901966275,0.07508430696883216,0.07514635147185734,0.07685238707523655,0.0962005990907425
2018-09-12,114.16999816894531,0.008390716640166218,0.009820686620827872,0.08452496375538719,0.09403473892637042,0.09642886676556851,0.07508430696883216,0.07514635147185734,0.07685238707523655,0.0962005990907425
2018-09-13,113.76000213623047,-0.003591101333891067,0.1331984973089475,0.09026503333596587,0.08411524071786239,0.09902083187931698,0.0751887208189499,0.07520307162446674,0.07682018614051746,0.09723174449019514
2018-09-14,113.0199966430664,-0.006504970809317334,0.05700696637384854,0.08197199742869861,0.08411524071786239,0.0970144591811787,0.0751887208189499,0.07520307162446674,0.07682018614051746,0.09723174449019514
2018-09-17,113.61000061035156,0.005220350246058381,0.10326321028312938,0.08596311522787779,0.08046077638497902,0.09740068998052458,0.07431861801797052,0.07439335309406704,0.07612477196206023,0.08230807126815799
2018-09-18,113.44000244140625,-0.0014963310274801467,0.08287049104635191,0.07773254814308375,0.08046077638497902,0.09659053701754192,0.07431861801797052,0.07439335309406704,0.07612477196206023,0.08230807126815799
2018-09-19,113.87999725341797,0.0038786565809445506,0.023753518666453345,0.07822817196684985,0.07672054622828305,0.09382857618976832,0.07363733895478483,0.0736620520518644,0.07502796252211481,0.08028728066541022
2018-09-20,114.2699966430664,0.0034246522572403126,0.06157176440522009,0.07433728704603178,0.07672054622828305,0.09221192188393823,0.07363733895478483,0.0736620520518644,0.07502796252211481,0.08028728066541022
2018-09-21,113.48999786376953,-0.006825928084458366,0.0543646691972032,0.07320471502224127,0.0700428900684309,0.09038908817270497,0.07127857892878282,0.07133297309645117,0.07313775405615502,0.08136239733860155
2018-09-24,113.47000122070312,-0.00017619740455376842,0.10835824907212999,0.07601709478140065,0.0700428900684309,0.09156673322539205,0.07127857892878282,0.07133297309645117,0.07313775405615502,0.08136239733860155
2018-09-25,113.6500015258789,0.0015863250483771907,0.0027970470846258653,0.07454812516099191,0.0757361549621893,0.08877988535642253,0.07026581463071255,0.07045679937217399,0.07236684449598504,0.09242558590364805
2018-09-26,113.05000305175781,-0.005279352979018381,0.025182129459111316,0.06887650414600589,0.0757361549621893,0.08629602737039105,0.07026581463071255,0.07045679937217399,0.07236684449598504,0.09242558590364805
2018-09-27,112.05000305175781,-0.008845643281780058,0.08380713039486382,0.06008093502696709,0.049278492132374126,0.08614872132433485,0.06959284984273963,0.06975121316306676,0.07138087462161806,0.07897646360677878
2018-09-28,112.76000213623047,0.006336448595585464,0.14042023385987565,0.06374582800103534,0.049278492132374126,0.09032926756763039,0.06959284984273963,0.06975121316306676,0.07138087462161806,0.07897646360677878
2018-10-01,112.56999969482422,-0.001685016298391906,0.10058800307558176,0.06258780200759448,0.0506258916242903,0.09097741899125457,0.07080037902867188,0.07095809754027076,0.07287854315215364,0.07710275148965663
2018-10-02,113.87000274658203,0.011548397044346626,0.026748804483813532,0.060503047879190586,0.0506258916242903,0.08844889616501986,0.07080037902867188,0.07095809754027076,0.07287854315215364,0.07710275148965663
2018-10-03,113.41999816894531,-0.003951915050342092,0.18332511972464718,0.06529768360039026,0.049210874761611414,0.09680031389497253,0.0717683823701995,0.0718037027565087,0.07459495159692936,0.07696300476104664
2018-10-04,113.4800033569336,0.0005290529796950771,0.06273470655395087,0.06732383061157189,0.049210874761611414,0.09510111107836709,0.0717683823701995,0.0718037027565087,0.07459495159692936,0.07696300476104664
2018-10-05,113.80000305175781,0.002819877382429281,0.008398455687905272,0.06401858127383447,0.06344911839544104,0.09222689462470274,0.07046524001304323,0.07052523368045634,0.07310194932101065,0.07956671065179516
2018-10-08,112.54000091552734,-0.011072074713894375,0.04476416568962194,0.063561407026392,0.06344911839544104,0.09008707964176849,0.07046524001304323,0.07052523368045634,0.07310194932101065,0.07956671065179516
2018-10-09,112.5999984741211,0.0005331220730910857,0.17576373714294688,0.07014980335174854,0.055717129454444445,0.0973771763861876,0.0718095419269175,0.07203923333885569,0.07473576492531712,0.08984446718164252
2018-10-10,112.87999725341797,0.00248666770063255,0.008463050543029276,0.06856439337043597,0.055717129454444445,0.094433431609571,0.0718095419269175,0.07203923333885569,0.07473576492531712,0.08984446718164252
2018-10-11,115.77999877929688,0.025691013434101517,0.03947462597478324,0.06984887557494857,0.06698376401915677,0.09206577752333868,0.07052861493564473,0.0706826137060266,0.07296486873485353,0.06318223378100402
2018-10-12,115.2300033569336,-0.004750349180877911,0.40783219485511263,0.08794030776741606,0.06698376401915677,0.13396703660654213,0.07052861493564473,0.0706826137060266,0.07296486873485353,0.06318223378100402
2018-10-15,116.0,0.006682258271583086,0.07540945543993402,0.08531353313700635,0.09269788561521568,0.13119272861517567,0.08215520039264265,0.08128212872942471,0.08707033883514072,0.09473454144372952
2018-10-16,115.80000305175781,-0.0017241116227775244,0.10607756149747893,0.087544014733535,0.09269788561521568,0.1298229065388713,0.08215520039264265,0.08128212872942471,0.08707033883514072,0.09473454144372952
2018-10-17,115.79000091552734,-8.63742311474347e-05,0.027369423518312005,0.08409429715331604,0.09630380271578928,0.12604639209073765,0.0813806337244717,0.08046390756631543,0.0854603666935428,0.09568725467097494
2018-10-18,115.91999816894531,0.001122698440194414,0.0013711484118031283,0.08038978157901835,0.09630380271578928,0.12220697273242832,0.0813806337244717,0.08046390756631543,0.0854603666935428,0.09568725467097494
2018-10-19,116.01000213623047,0.0007764317521294917,0.01782228522044725,0.08012018005874535,0.09386004246642357,0.11856445320747591,0.07955692814370828,0.07813088333791302,0.08363013126113682,0.09086725124054357
2018-10-22,115.70999908447266,-0.002586010225269386,0.012325471956892679,0.07788171222018501,0.09386004246642357,0.1149921424535698,0.07955692814370828,0.07813088333791302,0.08363013126113682,0.09086725124054357
2018-10-23,116.38999938964844,0.005876763551604158,0.0410516396635975,0.07727657451411203,0.09066593870112538,0.11194157174009374,0.07785392733548777,0.07658705405405689,0.08111990147611581,0.08042897535612234
2018-10-24,116.66000366210938,0.0023198236435848507,0.09329072922883981,0.07659168724850794,0.09066593870112538,0.11091100109649595,0.07785392733548777,0.07658705405405689,0.08111990147611581,0.08042897535612234
2018-10-25,116.4000015258789,-0.002228717024418514,0.03682605867871953,0.07813846050278492,0.09079950239496794,0.1079098914383747,0.07708960179577189,0.07538343337469554,0.08015269116084235,0.09017740616351852
2018-10-26,116.7699966430664,0.0031786521678458524,0.03537978593608354,0.0786019903426473,0.09079950239496794,0.10498083513289601,0.07708960179577189,0.07538343337469554,0.08015269116084235,0.09017740616351852
2018-10-29,116.30999755859375,-0.003939360261170033,0.0504595388429788,0.07708619072665251,0.08942923100814006,0.10253042038391845,0.07568540833506641,0.07401556013025105,0.07827691810748705,0.08678954178409479
2018-10-30,115.80000305175781,-0.0043847864976440665,0.06253540545447818,0.07354597125367991,0.08942923100814006,0.10058020925598742,0.07568540833506641,0.07401556013025105,0.07827691810748705,0.08678954178409479
2018-10-31,115.1500015258789,-0.005613139108367582,0.06960632774928062,0.07213771328430257,0.0850130385628612,0.09899544553212507,0.07472115579870989,0.07337532609112381,0.07688092497980491,0.08651177936776913
2018-11-01,116.62999725341797,0.01285276342099273,0.08910582093090874,0.07497212312280692,0.0850130385628612,0.09843009286475338,0.07472115579870989,0.07337532609112381,0.07688092497980491,0.08651177936776913
2018-11-02,116.6500015258789,0.00017151910256396619,0.2040312940313672,0.07591331286402146,0.07725613666517336,0.10772604293822821,0.07690716356208976,0.07541364460205777,0.0797470086331178,0.0893288175065089
2018-11-05,116.37000274658203,-0.0024003324100665413,0.0027227813428874134,0.07318549808170038,0.07725613666517336,0.10444640309649596,0.07690716356208976,0.07541364460205777,0.0797470086331178,0.0893288175065089
2018-11-06,116.04000091552734,-0.002835798085983776,0.03810409572554628,0.07453575444704771,0.09007530372385736,0.10169377256878454,0.07543930970737028,0.07407770756881575,0.07762081452094949,0.09011265349292943
2018-11-07,116.02999877929688,-8.619558903444346e-05,0.0450168990234362,0.07454724232585745,0.09007530372385736,0.09921046944943132,0.07543930970737028,0.07407770756881575,0.07762081452094949,0.09011265349292943
2018-11-08,115.77999877929688,-0.0021546152083956605,0.0013683125561751808,0.06662017757191328,0.08793024807566484,0.09618870282018069,0.07414171364723286,0.0728881226134189,0.07572927108047035,0.10318265463437695
2018-11-09,114.4800033569336,-0.011228151978489587,0.03420345607471515,0.06779019600517172,0.08793024807566484,0.09363398497160413,0.07414171364723286,0.0728881226134189,0.07572927108047035,0.10318265463437695
2018-11-12,113.66000366210938,-0.007162820324765118,0.1782413869075278,0.0740977760475692,0.0789068547127821,0.10073471732012741,0.07510809113772977,0.0742699838677713,0.0771320260491876,0.08139143174887356
2018-11-13,113.69999694824219,0.0003518677181439944,0.11370624759100445,0.06072841480829156,0.0789068547127821,0.10155974065359576,0.07510809113772977,0.0742699838677713,0.0771320260491876,0.08139143174887356
2018-11-14,114.63999938964844,0.008267391966898296,0.005585726859604675,0.05755460896373113,0.06267764098549475,0.09847532730080717,0.07459796175852616,0.07391391978347779,0.0764035195482363,0.07032750651737762
2018-11-15,114.7699966430664,0.0011339606953078007,0.1312407788130362,0.05869839156898374,0.06267764098549475,0.1007422215517812,0.07459796175852616,0.07391391978347779,0.0764035195482363,0.07032750651737762
2018-11-16,115.62000274658203,0.00740616997802257,0.018001067977837973,0.05827255722623492,0.0630247310351925,0.09777268431365399,0.07446182505744377,0.0736774659271974,0.07616084406684492,0.07182489810613008
2018-11-19,115.66999816894531,0.0004324115306661991,0.11756930357592255,0.06355429155187671,0.0630247310351925,0.09907209697297842,0.07446182505744377,0.0736774659271974,0.07616084406684492,0.07182489810613008
2018-11-20,115.66999816894531,0.0,0.006864320245077256,0.06305620223481444,0.06684075588005702,0.0960686770401855,0.07408789702063628,0.07322129974322923,0.07559227516764785,0.0864755430472092
2018-11-21,115.86000061035156,0.0016426250921932617,0.0,0.06249595350950114,0.06684075588005702,0.09314203812326836,0.07408789702063628,0.07322129974322923,0.07559227516764785,0.0864755430472092
2018-11-23,115.7699966430664,-0.0007768338236752159,0.0260758649475475,0.06181523647695341,0.06474787129366957,0.09053016046476865,0.0724559196490863,0.07135231268312177,0.07372798176922976,0.0757422355569777
2018-11-26,115.63999938964844,-0.0011228924348919422,0.01233185464480813,0.05813528763222469,0.06474787129366957,0.08782420984494535,0.0724559196490863,0.07135231268312177,0.07372798176922976,0.0757422355569777
2018-11-27,114.94999694824219,-0.00596681464067883,0.0178253647907992,0.05727161972822832,0.06294860241299141,0.08526060604166005,0.07117349570218263,0.07004244573493089,0.07188047632399344,0.07022700844478894
2018-11-28,115.37999725341797,0.0037407596049732206,0.09472024595073246,0.05996891336525781,0.06294860241299141,0.08585758082786706,0.07117349570218263,0.07004244573493089,0.07188047632399344,0.07022700844478894
2018-11-29,115.73999786376953,0.0031201301691909933,0.05938271777541215,0.060374512407641155,0.06209163661749853,0.0845033204359483,0.07087096811859325,0.06983705531699103,0.07144681204769945,0.07409973028270792
2018-11-30,115.54000091552734,-0.0017279847238081958,0.04953053091497552,0.05978338174675466,0.06209163661749853,0.08282245410745617,0.07087096811859325,0.06983705531699103,0.07144681204769945,0.07409973028270792
2018-12-03,116.41000366210938,0.007529883500850154,0.027430907091090712,0.057866317171382395,0.06297961720903249,0.08057997673088015,0.06976855192655522,0.06868602005731231,0.07002684143478399,0.06721862111790208
2018-12-04,117.12000274658203,0.00609912432039339,0.11953319486722755,0.05924937962303325,0.06297961720903249,0.08343162332989949,0.06976855192655522,0.06868602005731231,0.07002684143478399,0.06721862111790208
2018-12-06,117.13999938964844,0.0001707363609755319,0.09682059700216045,0.05437616612170568,0.052180081829088114,0.08429495421082915,0.07008675390043483,0.06858206231093933,0.07081168220269475,0.07082316873262065
2018-12-07,118.08999633789062,0.00810992789134457,0.0027103557053844646,0.054375601320000994,0.052180081829088114,0.08172968682654069,0.07008675390043483,0.06858206231093933,0.07081168220269475,0.07082316873262065
2018-12-10,117.68000030517578,-0.003471894702593792,0.12874111410698513,0.05849546579188458,0.053419080812655236,0.08528431083106094,0.0699024635694394,0.06821112640222025,0.07093864241638231,0.069317108761697
2018-12-11,117.54000091552734,-0.001189661703648759,0.055114619767594394,0.058954453098437214,0.053419080812655236,0.08378106070121617,0.0699024635694394,0.06821112640222025,0.07093864241638231,0.069317108761697
2018-12-12,117.79000091552734,0.0021269354947484054,0.018885294072912232,0.05975067953101618,0.0616852992899662,0.08136036765047734,0.06882214078884516,0.06708965964383105,0.06956589004859058,0.08343101920950613
2018-12-13,117.52999877929688,-0.002207336227265433,0.033764054242682445,0.059730706720469234,0.0616852992899662,0.07931418246632665,0.06882214078884516,0.06708965964383105,0.06956589004859058,0.08343101920950613
2018-12-14,117.05999755859375,-0.0039989894119348834,0.03504037630348732,0.05322156987483104,0.05288215525752097,0.07737547961837168,0.06753025067973172,0.06569334036640437,0.06810491724535417,0.07192741397997464
2018-12-17,117.87000274658203,0.0069195729103175285,0.06348198887736081,0.050938649024210865,0.05288215525752097,0.07661295406203959,0.06753025067973172,0.06569334036640437,0.06810491724535417,0.07192741397997464
2018-12-18,118.1500015258789,0.0023754880187698557,0.10984481459687775,0.05567769846681419,0.04807606926802524,0.0790020572133081,0.06741745221287408,0.0653549842554236,0.0683282952190403,0.06757101922722517
2018-12-19,117.43000030517578,-0.006093958623821227,0.03770970324047144,0.051426285940788526,0.04807606926802524,0.07715028739031231,0.06741745221287408,0.0653549842554236,0.0683282952190403,0.06757101922722517
2018-12-20,119.23999786376953,0.015413416962360094,0.0967385941112903,0.05500526440139999,0.04749445661987229,0.07846361047760327,0.06699711849236813,0.06507021434785881,0.06791974578492266,0.06146894561832296
2018-12-21,118.72000122070312,-0.004360924625816387,0.2446804088168965,0.060783041912353356,0.04749445661987229,0.0968465591880187,0.06699711849236813,0.06507021434785881,0.06791974578492266,0.06146894561832296
2018-12-24,120.0199966430664,0.010950096100037499,0.06922753227724539,0.06361773336836099,0.06202847928119456,0.09541513369731622,0.07090445712370393,0.06898204644561773,0.07309191824515836,0.06954095700233329
2018-12-26,119.66000366210938,-0.002999441684935489,0.17382738667774483,0.0715189782173494,0.06202847928119456,0.10183694072251472,0.07090445712370393,0.06898204644561773,0.07309191824515836,0.06954095700233329
2018-12-27,120.56999969482422,0.007604847107346435,0.04761466062227913,0.07249801438438265,0.07074813632092114,0.09942105461293502,0.07197040527109604,0.06990265958364382,0.07451575440750254,0.08364871371372332
2018-12-28,121.05999755859375,0.004064011487183938,0.12072320522824555,0.07742489395635709,0.07074813632092114,0.10082618147664911,0.07197040527109604,0.06990265958364382,0.07451575440750254,0.08364871371372332
2018-12-31,121.25,0.0015694898830167503,0.06451418232239077,0.07954711293506579,0.07243785555407815,0.09902367657351474,0.07196645124470473,0.06961441081504685,0.07448986294432997,0.09133421624745239
2019-01-02,121.33000183105469,0.0006598089159148834,0.02491487949416507,0.07637414173249454,0.07243785555407815,0.09620079149373155,0.07196645124470473,0.06961441081504685,0.07448986294432997,0.09133421624745239
2019-01-03,122.43000030517578,0.009066170423806419,0.010474141826003454,0.07415102464388505,0.07344000148694146,0.09330540823445693,0.07056076579592113,0.06802135678653096,0.0727099125055779,0.0838532879043491
2019-01-04,121.44000244140625,-0.00808623590052937,0.1439209937107251,0.07844150022551004,0.07344000148694146,0.09708934235688127,0.07056076579592113,0.06802135678653096,0.0727099125055779,0.0838532879043491
2019-01-07,121.86000061035156,0.003458482876331992,0.12836501541241885,0.08302941424011587,0.07104549285865772,0.09924421699144,0.07204038767419031,0.07001882684858525,0.07476365127446193,0.08473049118287289
2019-01-08,121.52999877929688,-0.00270804061547536,0.05490171362609882,0.08009161963824638,0.07104549285865772,0.09715606836124191,0.07204038767419031,0.07001882684858525,0.07476365127446193,0.08473049118287289
2019-01-09,122.30999755859375,0.006418158373500793,0.04298881205286057,0.0776447203223691,0.0743886259438996,0.0947830459520711,0.07095725000903215,0.06871681777809115,0.07337973628335626,0.07490528116817274
2019-01-10,121.58999633789062,-0.005886691481276518,0.10188510558785943,0.08215266349884524,0.0743886259438996,0.09522410795798632,0.07095725000903215,0.06871681777809115,0.07337973628335626,0.07490528116817274
2019-01-11,121.80000305175781,0.001727170986037363,0.09344833022652063,0.08054844604973321,0.07101426919608102,0.09511849619047849,0.07102618449599052,0.06879727287117796,0.07352288531627983,0.07860584321894269
2019-01-14,122.08999633789062,0.002380897199235621,0.02741798940444645,0.07928950830595377,0.07101426919608102,0.09246502791361026,0.07102618449599052,0.06879727287117796,0.07352288531627983,0.07860584321894269
2019-01-15,121.87999725341797,-0.0017200351443329431,0.037795571318325935,0.08014906636256348,0.07439355530559831,0.09012494003613851,0.06976168145875528,0.06734299580532147,0.07193509936135972,0.07604777677674907
2019-01-16,122.2699966430664,0.003199863787636481,0.02730471142917634,0.07985545987104048,0.07439355530559831,0.08763496655730715,0.06976168145875528,0.06734299580532147,0.07193509936135972,0.07604777677674907
2019-01-17,122.11000061035156,-0.001308546962521917,0.05079626286820396,0.08057163653307306,0.07318877705944243,0.08587147221850143,0.06862750890156366,0.0659959273303949,0.07055603653744426,0.0754544631866001
2019-01-18,121.0199966430664,-0.008926410300850951,0.020772539050091698,0.07863029790456082,0.07318877705944243,0.08341082099601795,0.06862750890156366,0.0659959273303949,0.07055603653744426,0.0754544631866001
2019-01-22,121.44999694824219,0.0035531343340227117,0.14170237053946122,0.0800783686292237,0.06753885046791148,0.08800395936925866,0.06898580906091945,0.06681855338220109,0.07106791398434562,0.0758042646173858
2019-01-23,121.27999877929688,-0.0013997379433262624,0.056404258935775206,0.08092812116082841,0.06753885046791148,0.08643437671639566,0.06898580906091945,0.06681855338220109,0.07106791398434562,0.0758042646173858
2019-01-24,121.08999633789062,-0.0015666428373899421,0.022220150992213875,0.0775409192008704,0.07546739361705247,0.08397780359272145,0.06787828682076649,0.06554586938933253,0.06976742134974126,0.07065157187469484
2019-01-25,122.86000061035156,0.01461726258147622,0.024869684045966338,0.06754952262037357,0.07546739361705247,0.08164707758122766,0.06787828682076649,0.06554586938933253,0.06976742134974126,0.07065157187469484
2019-01-28,123.29000091552734,0.0034999210730881636,0.23204184983469656,0.07495017341843954,0.05900365486434005,0.09745191514477375,0.0709410571452867,0.06856717333519448,0.07374286153627703,0.067849206418598
2019-01-29,123.9800033569336,0.005596580714432919,0.055559524606473586,0.06957436150610902,0.05900365486434005,0.0954582362393679,0.0709410571452867,0.06856717333519448,0.07374286153627703,0.067849206418598
2019-01-30,124.69000244140625,0.005726722578225818,0.0888429645761382,0.07144837532219352,0.06560309676584074,0.09507430102428169,0.0703760047881725,0.0678127824454183,0.07309090711994552,0.06973943737230759
2019-01-31,124.75,0.00048117377030232333,0.09090890261666491,0.07009317974893986,0.06560309676584074,0.09482953689035059,0.0703760047881725,0.0678127824454183,0.07309090711994552,0.06973943737230759
2019-02-01,124.5,-0.002004008016032066,0.007638396801763585,0.06750791677072954,0.06935171273236278,0.09195968306366727,0.06961294193017883,0.06683746653373113,0.07215347545450419,0.07407699780469534
2019-02-04,123.95999908447266,-0.004337356751223598,0.03181264101480473,0.06782145138530407,0.06935171273236278,0.08949810589236028,0.06961294193017883,0.06683746653373113,0.07215347545450419,0.07407699780469534
2019-02-05,124.27999877929688,0.002581475453272253,0.06885340386662812,0.07047505420533245,0.06447825660967184,0.08839549634603669,0.06887077851410163,0.06628047193074801,0.0709055487978355,0.0691014247879447
2019-02-06,123.44000244140625,-0.006758902044908588,0.04097965238985673,0.06579590232711117,0.06447825660967184,0.08628845729531885,0.06887077851410163,0.06628047193074801,0.0709055487978355,0.0691014247879447
2019-02-07,123.73999786376953,0.002430293392984062,0.10729424368004424,0.0648381399756396,0.056595477251293866,0.08769081636222839,0.06853943928391573,0.06606322574859794,0.0706126359439001,0.06611404572684981
2019-02-08,124.20999908447266,0.0037982966608789415,0.03857971158455517,0.06409623079193306,0.056595477251293866,0.08554298432118478,0.06853943928391573,0.06606322574859794,0.0706126359439001,0.06611404572684981
2019-02-11,123.5999984741211,-0.004911042708701019,0.0602960902219963,0.06488292525416652,0.0603220197788203,0.08424181352715257,0.06745513380190032,0.06460656170292636,0.06933003680182241,0.062068903678077346
2019-02-12,123.86000061035156,0.002103577179937588,0.07796038611143952,0.06379543800523833,0.0603220197788203,0.08387819422067702,0.06745513380190032,0.06460656170292636,0.06933003680182241,0.062068903678077346
2019-02-13,123.37000274658203,-0.003956062177902009,0.033393252490472564,0.06106566174450887,0.05973926561911198,0.08173325477730509,0.06665262923950778,0.06377788550768587,0.06845742675617941,0.06573420814585583
2019-02-14,124.05999755859375,0.005592889654295163,0.06280054016302368,0.0626739595062624,0.05973926561911198,0.08072261090294594,0.06665262923950778,0.06377788550768587,0.06845742675617941,0.06573420814585583
2019-02-15,124.80000305175781,0.005964900110646543,0.08878437081294609,0.06499163221056331,0.057727046082987434,0.08122888271032752,0.06629183794108787,0.06335825436548737,0.06816620154685882,0.06612061616523374
2019-02-19,126.69999694824219,0.015224309695700766,0.09468985372867447,0.06805459322417685,0.057727046082987434,0.08209880393242963,0.06629183794108787,0.06335825436548737,0.06816620154685882,0.06612061616523374
2019-02-20,126.4800033569336,-0.0017363346220005127,0.24167842402472198,0.07673105509492767,0.06089909122030992,0.09919832876138485,0.07059694912467007,0.06763722980392503,0.07382622663633714,0.08092124718263734
2019-02-21,125.05000305175781,-0.011306137470128319,0.027563457615628183,0.07703973321154296,0.06089909122030992,0.09641304151955998,0.07059694912467007,0.06763722980392503,0.07382622663633714,0.08092124718263734
2019-02-22,125.5,0.0035985360836492397,0.17947936820801097,0.07875686946920432,0.06816335489902654,0.10329819319470239,0.0717400860418754,0.06971962390432995,0.07541811658239693,0.07363667633240004
2019-02-25,125.37000274658203,-0.0010358346885893654,0.05712498936736928,0.07878962994336769,0.06816335489902654,0.1011240900026595,0.0717400860418754,0.06971962390432995,0.07541811658239693,0.07363667633240004
2019-02-26,125.58000183105469,0.001675034536747555,0.016443365912288975,0.0785270488033711,0.07978739311495062,0.09812614198614733,0.07054355134175466,0.06838883831359632,0.07389626505767938,0.0799815712052757
2019-02-27,124.69000244140625,-0.0070871108191714605,0.02659034893006988,0.07860526084355762,0.07978739311495062,0.09535952053148015,0.07054355134175466,0.06838883831359632,0.07389626505767938,0.0799815712052757
2019-02-28,123.98999786376953,-0.005613959130088775,0.11250439644889762,0.0731717402351122,0.06423849728825426,0.09647417384903591,0.07017641315386666,0.0682649968471172,0.07350119188952603,0.07247461330536067
2019-03-01,121.87999725341797,-0.017017506627186707,0.08911883837217242,0.07469716358809854,0.06423849728825426,0.09604873912671154,0.07017641315386666,0.0682649968471172,0.07350119188952603,0.07247461330536067
2019-03-04,121.55999755859375,-0.0026255308667169075,0.27014454281957756,0.08293814441734577,0.0667017477021205,0.11423888616173189,0.07509712360641248,0.07485701323277123,0.07993438962931375,0.09232862006220187
2019-03-05,121.72000122070312,0.0013162525939691694,0.04167901039714086,0.08070042204373105,0.0667017477021205,0.11122823436181054,0.07509712360641248,0.07485701323277123,0.07993438962931375,0.09232862006220187
2019-03-06,121.61000061035156,-0.0009037184460104486,0.02089486215711659,0.08130298865079254,0.08311718270467135,0.10796116259083631,0.0737243126638995,0.07335366356992994,0.07744016719790728,0.09016702591787776
2019-03-07,121.51000213623047,-0.0008222882461903502,0.014346085580192394,0.08050905431285561,0.08311718270467135,0.10473120108437382,0.0737243126638995,0.07335366356992994,0.07744016719790728,0.09016702591787776
2019-03-08,122.83999633789062,0.010945553273622899,0.013053421232586732,0.07797269146585374,0.08208684000250782,0.10159099625504975,0.07225580300769925,0.07183606286198774,0.07551926745342863,0.06289498278067199
2019-03-11,122.23999786376953,-0.004884390198699684,0.17375527154409065,0.08400794688195527,0.08208684000250782,0.10729837068776749,0.07225580300769925,0.07183606286198774,0.07551926745342863,0.06289498278067199
2019-03-12,122.9800033569336,0.006053709964792153,0.07753729063176436,0.08265535810703346,0.08072800156769182,0.10574916461809743,0.07352467490814242,0.07287619983538304,0.07715967787152832,0.0687698599399959
2019-03-13,123.83999633789062,0.006992949727453013,0.0960996664569217,0.08526990151032286,0.08072800156769182,0.10519515873826056,0.07352467490814242,0.07287619983538304,0.07715967787152832,0.0687698599399959
2019-03-14,122.41000366210938,-0.011547098821608426,0.11100963545770548,0.08757506265740055,0.08141333524275737,0.1055530600528328,0.0735803737746709,0.07277245407184452,0.07743219399283753,0.058065207287434736
2019-03-15,122.97000122070312,0.004574769560006908,0.1833045110775773,0.09236343197404318,0.08141333524275737,0.11175416862117177,0.0735803737746709,0.07277245407184452,0.07743219399283753,0.058065207287434736
2019-03-18,123.04000091552734,0.0005692420438265788,0.07262221536723995,0.09414656665025987,0.08922424908918389,0.10980024463473421,0.07498073628426183,0.07457528615956584,0.07902964157707527,0.0735809169326597
2019-03-19,123.37999725341797,0.002763299214570525,0.00903643730260355,0.09170274379296804,0.08922424908918389,0.10647829605362806,0.07498073628426183,0.07457528615956584,0.07902964157707527,0.0735809169326597
2019-03-20,124.18000030517578,0.006484057947534483,0.04386601511888232,0.08966100035232878,0.08930688257791722,0.10379221317420503,0.07360811683664165,0.07312893751452078,0.07725535389427744,0.08071673874279028
2019-03-21,123.68000030517578,-0.004026413261163153,0.10293122889424883,0.09003560831440034,0.08930688257791722,0.10374075562460715,0.07360811683664165,0.07312893751452078,0.07725535389427744,0.08071673874279028
2019-03-22,123.97000122070312,0.002344768069306058,0.0639173289876616,0.08195555853998851,0.07864702877273981,0.10179165590364275,0.07372150757467719,0.07301789183976243,0.07648118777150309,0.08814720724046722
2019-03-25,124.91999816894531,0.007663119616744263,0.03722203916105335,0.08239458497387148,0.07864702877273981,0.09911093557659362,0.07372150757467719,0.07301789183976243,0.07648118777150309,0.08814720724046722
2019-03-26,124.30000305175781,-0.004963137418149799,0.1216482526370755,0.07976589790246531,0.0721941258209194,0.10060564964252681,0.07323903181006955,0.0723699955818708,0.07617367404209455,0.07765015169059822
2019-03-27,123.6500015258789,-0.005229296137734152,0.07878736398638135,0.0807505512942386,0.0721941258209194,0.09943165421047019,0.07323903181006955,0.0723699955818708,0.07617367404209455,0.07765015169059822
2019-03-28,121.9000015258789,-0.014152850613865509,0.0830125026741308,0.08377642114704958,0.0765051222212962,0.09852369848671962,0.0734019323327366,0.07270439149082301,0.07546226963888146,0.061991865891835515
2019-03-29,122.01000213623047,0.0009023839948698598,0.2246695384016158,0.0927800206684835,0.0765051222212962,0.11024104545416659,0.0734019323327366,0.07270439149082301,0.07546226963888146,0.061991865891835515
2019-04-01,121.52999877929688,-0.003934131206699276,0.014324901825063806,0.08831731636740013,0.08821890128145154,0.10694024025312375,0.07569804085013473,0.07584017230321535,0.07823596176179869,0.08703065027562039
2019-04-02,121.9800033569336,0.0037028271386223555,0.06245239678814838,0.08710520538630812,0.08821890128145154,0.10480486724454709,0.07569804085013473,0.07584017230321535,0.07823596176179869,0.08703065027562039
2019-04-03,121.80000305175781,-0.0014756542074283452,0.058780558539933865,0.07749775155541523,0.07254365837735388,0.102627120343476,0.07450967221992504,0.07462243874284787,0.07702115074932697,0.07593527714284197
2019-04-04,122.11000061035156,0.00254513588527594,0.023425284323889142,0.07666803673390378,0.07254365837735388,0.09966599679396153,0.07450967221992504,0.07462243874284787,0.07702115074932697,0.07593527714284197
2019-04-05,121.9800033569336,-0.0010645913747292512,0.04040277963183813,0.07755476025548204,0.07265228116887482,0.09713524251288326,0.07300844219274201,0.07305290436064624,0.07541874024637989,0.07560667165143731
2019-04-08,122.51000213623047,0.004344964459018774,0.016899864152627828,0.07767084109968365,0.07265228116887482,0.09426704801921551,0.07300844219274201,0.07305290436064624,0.07541874024637989,0.07560667165143731
2019-04-09,123.1500015258789,0.0052240582686200465,0.06897417248386783,0.08021269342928734,0.07142549964154948,0.09294377843573887,0.07219879118885003,0.07211234499685037,0.07418190385331665,0.06515109986868634
2019-04-10,123.52999877929688,0.003085645543724258,0.08292935407967582,0.07608424263545031,0.07142549964154948,0.09237353440786679,0.07219879118885003,0.07211234499685037,0.07418190385331665,0.06515109986868634
2019-04-11,121.94999694824219,-0.012790430232882732,0.04898310445673441,0.07478632508203985,0.06788371646463169,0.09035960568082638,0.0715168804341613,0.07126017173986078,0.07344864953814191,0.05623502106465686
2019-04-12,121.83000183105469,-0.0009839698252590567,0.203041785346378,0.07964733048610605,0.06788371646463169,0.10073988700740856,0.0715168804341613,0.07126017173986078,0.07344864953814191,0.05623502106465686
2019-04-15,121.5999984741211,-0.0018879040751599296,0.015620036731362873,0.07531143963490866,0.07482980297897926,0.09774585657233183,0.07297795977832584,0.07335532658181092,0.07551645200695348,0.0659316196849325
2019-04-16,120.51000213623047,-0.008963785785923273,0.029969548092111404,0.06834166859011476,0.07482980297897926,0.09505202658126786,0.07297795977832584,0.07335532658181092,0.07551645200695348,0.0659316196849325
2019-04-17,120.27999877929688,-0.0019085831288392363,0.14229568797125186,0.07150864461756984,0.06322382466726886,0.09852755076975377,0.07293618278025309,0.07358430455632238,0.0757429172092424,0.07855949289698713
2019-04-18,120.37000274658203,0.0007482870651696061,0.03029781789241301,0.07247507100801572,0.06322382466726886,0.09581385615446092,0.07293618278025309,0.07358430455632238,0.0757429172092424,0.07855949289698713
2019-04-22,120.37000274658203,0.0,0.011878688902350961,0.07102110163453702,0.07072489416036373,0.09294053757278788,0.07258798768908237,0.07324649770800308,0.07407281217345772,0.07202778197327771
2019-04-23,120.12000274658203,-0.002076929420084306,0.0,0.06634240941207116,0.07072489416036373,0.09010919438580986,0.07258798768908237,0.07324649770800308,0.07407281217345772,0.07202778197327771
2019-04-24,120.47000122070312,0.0029137401441747812,0.032970232417060034,0.06493572320431655,0.06665531463994685,0.08773658912692119,0.0710258535380669,0.07161968276985081,0.07250483861803463,0.06359417645234325
2019-04-25,120.56999969482422,0.0008300695036758121,0.04625419083931174,0.0653462755533283,0.06665531463994685,0.0858149959945264,0.0710258535380669,0.07161968276985081,0.07250483861803463,0.06359417645234325
2019-04-26,121.37000274658203,0.006635175033447016,0.013176944865750084,0.060415761563722595,0.06417555797342223,0.08326330907337186,0.06942278088532633,0.0699142979875912,0.07094262316404376,0.05973458427595587
2019-04-29,120.83000183105469,-0.004449212353194509,0.10533013826331289,0.06162225130358312,0.06417555797342223,0.08474950266031708,0.06942278088532633,0.0699142979875912,0.07094262316404376,0.05973458427595587
2019-04-30,121.19999694824219,0.0030621129817147708,0.07062905650001487,0.06105936738657785,0.06190886893832052,0.08396926417699374,0.06929171172039358,0.06966796278150614,0.07101761897953499,0.055431470193972904
2019-05-01,120.4000015258789,-0.0066006224629272525,0.048609536615998546,0.053056640032686155,0.06190886893832052,0.08227733776588513,0.06929171172039358,0.06966796278150614,0.07101761897953499,0.055431470193972904
2019-05-02,119.94000244140625,-0.0038205903541769226,0.104781633210793,0.057168309641128394,0.05181271350295097,0.08379819885146889,0.06870227729954685,0.06916578052471486,0.07065998123984973,0.06156712908415655
2019-05-03,120.6500015258789,0.005919618726200282,0.06064999163162593,0.05708638213401374,0.05181271350295097,0.08259246413565997,0.06870227729954685,0.06916578052471486,0.07065998123984973,0.06156712908415655
2019-05-06,120.80999755859375,0.001326117121353887,0.09397103403508139,0.058685949201974986,0.05376346740946866,0.0833190106658595,0.06814713631712543,0.0684938782770296,0.07029208411301147,0.0698633018654652
2019-05-07,121.20999908447266,0.003310996887363693,0.021051456674683482,0.05857804794519292,0.05376346740946866,0.08094519081282665,0.06814713631712543,0.0684938782770296,0.07029208411301147,0.0698633018654652
2019-05-08,120.91000366210938,-0.0024750055657883907,0.052560446134039616,0.05913066914983844,0.056557029938023994,0.07952831263550095,0.06723515477793816,0.06749637925278237,0.06917779655745365,0.0673995445416437
2019-05-09,121.19999694824219,0.002398422606480155,0.039289495323460766,0.06014837965760358,0.056557029938023994,0.07770384306182876,0.06723515477793816,0.06749637925278237,0.06917779655745365,0.0673995445416437
2019-05-10,121.43000030517578,0.001897717514232511,0.03807377853349094,0.0587438162962228,0.05653662785268321,0.07591172998747765,0.06645932255233736,0.06668708275816705,0.067961529825851,0.07369183752868715
2019-05-13,122.66999816894531,0.010211626950944463,0.03012533160786541,0.05634363345659505,0.05653662785268321,0.07396815153144794,0.06645932255233736,0.06668708275816705,0.067961529825851,0.07369183752868715
2019-05-14,122.45999908447266,-0.001711902564663248,0.16210455236138294,0.0614855174522609,0.05325385222243326,0.08197367472730223,0.06709823322872398,0.06694630461597087,0.06924080926795746,0.0674469878691379
2019-05-15,122.38999938964844,-0.0005716127335255727,0.02717561072923574,0.053491600424208974,0.05325385222243326,0.07975470629693343,0.06709823322872398,0.06694630461597087,0.06924080926795746,0.0674469878691379
2019-05-16,121.51000213623047,-0.007190107507202059,0.009074070834878992,0.05319405651982334,0.05336927449754285,0.07735699523385388,0.06564742373774819,0.06548236519707816,0.0676657074101044,0.06312976925163535
2019-05-17,120.6500015258789,-0.007077611679961793,0.11413941818325123,0.05701995970578424,0.05336927449754285,0.08004203168277607,0.06564742373774819,0.06548236519707816,0.0676657074101044,0.06312976925163535
2019-05-20,120.63999938964844,-8.290208125960596e-05,0.11235360228878984,0.05565895581112688,0.04857177715600445,0.08233907421502983,0.06662068259129784,0.06681568560858313,0.06914979227110307,0.0737334429239114
2019-05-21,120.36000061035156,-0.002320944800343727,0.0013160297410955142,0.05434160180424881,0.04857177715600445,0.07983134516021677,0.06662068259129784,0.06681568560858313,0.06914979227110307,0.0737334429239114
2019-05-22,120.23999786376953,-0.0009970317877491253,0.03684385649050777,0.05547638214916503,0.05283858834944048,0.07792373987142732,0.06511547044090617,0.06529745197452644,0.06750651617568687,0.07041913734123538
2019-05-23,121.16999816894531,0.007734533613593886,0.015827388957661927,0.056195808919967845,0.05283858834944048,0.07564927663824624,0.06511547044090617,0.06529745197452644,0.06750651617568687,0.07041913734123538
2019-05-24,121.30000305175781,0.0010729131367257505,0.12278191469183503,0.06027815811427581,0.05075329334546233,0.07927148407252192,0.06493890778655449,0.06491836101887331,0.06757001160012381,0.06760134010820044
2019-05-28,120.83000183105469,-0.0038747008151563955,0.01703196802890346,0.05894987525925725,0.05075329334546233,0.07696970424740338,0.06493890778655449,0.06491836101887331,0.06757001160012381,0.06760134010820044
2019-05-29,120.87000274658203,0.00033105118696652447,0.06150896857009843,0.06114678542763671,0.05478513920672295,0.07613065376371217,0.06383655233463283,0.06384601739903573,0.06629204724214702,0.0650068544073806
2019-05-30,121.69000244140625,0.0067841455794739325,0.005255274671677026,0.056597927991653266,0.05478513920672295,0.07382263156142088,0.06383655233463283,0.06384601739903573,0.06629204724214702,0.0650068544073806
2019-05-31,123.33000183105469,0.013476862164072179,0.10769497236807722,0.058282742349292455,0.051106929619950225,0.07628031527999705,0.06406136910731461,0.06392492043691202,0.06613507235115741,0.05690309240773727
2019-06-03,125.11000061035156,0.014432812396575123,0.21393855443778445,0.06579769770482818,0.051106929619950225,0.09064076132600907,0.06406136910731461,0.06392492043691202,0.06613507235115741,0.05690309240773727
2019-06-04,125.1500015258789,0.0003197259638094696,0.22911379392352746,0.07144915955540704,0.06343727537839057,0.10427075616343724,0.07079375247294882,0.06981551248114937,0.07500470462348806,0.08085040224398289
2019-06-05,125.47000122070312,0.00255692921232642,0.005075492327581765,0.06892304595067775,0.06343727537839057,0.10110189312165885,0.07079375247294882,0.06981551248114937,0.07500470462348806,0.08085040224398289
2019-06-06,125.87999725341797,0.003267681746441209,0.040589992894871856,0.06649663498975913,0.07327007929185281,0.09852487034555628,0.0693337591355296,0.0682763052180737,0.07327587292740631,0.08262359119233048
2019-06-07,126.58999633789062,0.0056402851919619135,0.05187283958873196,0.06789760694039769,0.07327007929185281,0.09636476825703494,0.0693337591355296,0.0682763052180737,0.07327587292740631,0.08262359119233048
2019-06-10,125.33000183105469,-0.00995334973762696,0.08953675164846858,0.06957834810014446,0.07040423506289478,0.09596878784950709,0.06868922213210145,0.06748780528149008,0.07259969214057535,0.07230206962032668
2019-06-11,125.18000030517578,-0.0011968524989021123,0.15800452870686557,0.07497448598120832,0.07040423506289478,0.10077367519515304,0.06868922213210145,0.06748780528149008,0.07259969214057535,0.07230206962032668
2019-06-12,125.83000183105469,0.00519253494403471,0.01899944440872717,0.07410747079371906,0.07808939573535621,0.09781447913713147,0.06918425267123113,0.06842777557154772,0.07334502239137473,0.07282377614169357
2019-06-13,126.5999984741211,0.006119340633088832,0.08242893681557122,0.07648490739406932,0.07808939573535621,0.09696021744307794,0.06918425267123113,0.06842777557154772,0.07334502239137473,0.07282377614169357
2019-06-14,126.55999755859375,-0.00031596300165459557,0.0971415210170736,0.07353204233296434,0.07157712357525527,0.09697110521667292,0.0690211358090424,0.06816779794330206,0.07324914907213147,0.07410922174593756
2019-06-17,126.4800033569336,-0.0006320654488249922,0.005015757155253298,0.0725247762614197,0.07157712357525527,0.09402500200115338,0.0690211358090424,0.06816779794330206,0.07324914907213147,0.07410922174593756
2019-06-18,127.12000274658203,0.005060083591572395,0.010033727939444112,0.07256839703889993,0.07561381068203382,0.09119374695131048,0.06760748811453345,0.06673219187502863,0.07143802412838576,0.07970785660178145
2019-06-19,127.88999938964844,0.006057242183997058,0.08032633677899452,0.0710314387932519,0.07561381068203382,0.09057847833154638,0.06760748811453345,0.06673219187502863,0.07143802412838576,0.07970785660178145
2019-06-20,131.11000061035156,0.025177896911959374,0.09615573869847577,0.07029517226641945,0.06889473405262128,0.0909227620440882,0.06749900461432302,0.06658941644193117,0.07140694147444603,0.07599117199085242
2019-06-21,131.97999572753906,0.006635612181659978,0.39968672258799376,0.08840293103218755,0.06889473405262128,0.13174179409378883,0.06749900461432302,0.06658941644193117,0.07140694147444603,0.07599117199085242
2019-06-24,133.94000244140625,0.014850786310930397,0.10533707777605833,0.09151625927243985,0.0978471213022751,0.13030848126523156,0.081842715438515,0.079973267414627,0.08620258729512041,0.09302323399660616
2019-06-25,134.1999969482422,0.0019411266395166216,0.23574892411490506,0.10151269268867819,0.0978471213022751,0.13891053086628186,0.081842715438515,0.079973267414627,0.08620258729512041,0.09302323399660616
2019-06-26,132.97000122070312,-0.009165393111099984,0.03081443010866103,0.09733235248035209,0.1100334958075789,0.13489010043955932,0.08385064155415388,0.08238084566585818,0.08857603023020343,0.0982629313004284
2019-06-27,132.83999633789062,-0.000977700846950591,0.1454961050406909,0.10317163143543334,0.1100334958075789,0.13554986477204412,0.08385064155415388,0.08238084566585818,0.08857603023020343,0.0982629313004284
2019-06-28,133.1999969482422,0.0027100317696175935,0.015520519785890922,0.10108124739978752,0.11037663415739181,0.13147544668645067,0.08296887838060346,0.0818104351517756,0.08740170822811826,0.10570868912667207
2019-07-01,130.6199951171875,-0.019369383559800002,0.04302042064495464,0.10279784494402743,0.11037663415739181,0.12790500729864235,0.08296887838060346,0.0818104351517756,0.08740170822811826,0.10570868912667207
2019-07-02,133.41000366210938,0.021359735486276676,0.3074794316871227,0.11187895673125677,0.10140575583345152,0.14508868147853562,0.08808699137155562,0.08802647016307,0.09339925903656572,0.09163677250427456
2019-07-03,133.6300048828125,0.001649060899963084,0.33907528900085626,0.11756699012048731,0.10140575583345152,0.16335851695044867,0.08808699137155562,0.08802647016307,0.09339925903656572,0.09163677250427456
2019-07-05,132.13999938964844,-0.011150231525253074,0.0261780302286161,0.10834263722526405,0.12493535234360387,0.1585117097019461,0.09456394025564156,0.09474535483313987,0.10051924466340614,0.09115366270120351
2019-07-08,131.2899932861328,-0.006432617734537516,0.1770044380596723,0.11615758930399545,0.12493535234360387,0.15968167913522585,0.09456394025564156,0.09474535483313987,0.10051924466340614,0.09115366270120351
2019-07-09,131.75,0.0035037454291328984,0.10211464082837982,0.118954164210064,0.1253678796563548,0.15682470572154458,0.09475444635059055,0.09505145036236119,0.1006675668469486,0.10388773712149449
2019-07-10,133.8300018310547,0.015787490178783115,0.0556202343765896,0.11912450033678477,0.1253678796563548,0.15265636460199264,0.09475444635059055,0.09505145036236119,0.1006675668469486,0.10388773712149449
2019-07-11,132.6999969482422,-0.008443584154164463,0.25061863703360865,0.12644640421792752,0.1179377931555947,0.16023204981526556,0.0968705327085313,0.09751781712446345,0.10308344514698722,0.09440959733986222
2019-07-12,133.52999877929688,0.006254723814186791,0.13403774307578897,0.1253570048710604,0.1179377931555947,0.15878229811554154,0.0968705327085313,0.09751781712446345,0.10308344514698722,0.09440959733986222
2019-07-15,133.52999877929688,0.0,0.09929066239038972,0.1290066056884087,0.12839506255038055,0.15585450664461678,0.09596128539991533,0.09660429614759095,0.10192191219278632,0.1129523359401799
2019-07-16,132.39999389648438,-0.008462554430785363,0.0,0.12525983583315548,0.12839506255038055,0.15110655050973362,0.09596128539991533,0.09660429614759095,0.10192191219278632,0.1129523359401799
2019-07-17,134.5800018310547,0.01646531748539748,0.13433888688123502,0.12695062519061737,0.12569443001493183,0.1501533030680411,0.0957363429849047,0.0956426303958961,0.09955978399394143,0.08952556358066188
2019-07-18,136.47999572753906,0.014117951186161548,0.2613788119445107,0.13860349131740177,0.12569443001493183,0.15903580275183274,0.0957363429849047,0.0956426303958961,0.09955978399394143,0.08952556358066188
2019-07-19,134.47000122070312,-0.014727392803034478,0.22411552716199687,0.14833448219115417,0.13287851039643517,0.1636719570800406,0.1017577469886256,0.10195246651526231,0.10650944004128834,0.11707280606431211
2019-07-22,134.4499969482422,-0.00014876383044060137,0.23379011290315013,0.1553101083786158,0.13287851039643517,0.16870289854007273,0.1017577469886256,0.10195246651526231,0.10650944004128834,0.11707280606431211
2019-07-23,133.69000244140625,-0.005652618252780628,0.0023615525965632695,0.15104673628307433,0.1518233879893629,0.16356455151747498,0.10366406276811757,0.10361532859023107,0.1075002828946299,0.11904209227729254
2019-07-24,134.3699951171875,0.005086339018351538,0.0897325329194519,0.13695790947995878,0.1518233879893629,0.16009770894730002,0.10366406276811757,0.10361532859023107,0.1075002828946299,0.11904209227729254
2019-07-25,133.4199981689453,-0.007070008058076338,0.08074312875793539,0.13584000270640773,0.12990126455337744,0.15647545173624253,0.1012048624538269,0.10117910418572779,0.10455025594835157,0.11083898035610895
2019-07-26,133.63999938964844,0.001648937368628589,0.11223289853335615,0.1302256379072464,0.12990126455337744,0.15417933190635316,0.1012048624538269,0.10117910418572779,0.10455025594835157,0.11083898035610895
2019-07-29,134.52999877929688,0.006659678193005059,0.026176069229474914,0.13001480332182885,0.12493457411669262,0.14961985697053187,0.09911544672352617,0.09904439905063685,0.10189563413083065,0.09718580073974953
2019-07-30,134.97999572753906,0.003344956160896251,0.10571911386246839,0.1282067582682733,0.12493457411669262,0.14735510634532287,0.09911544672352617,0.09904439905063685,0.10189563413083065,0.09718580073974953
2019-07-31,133.2100067138672,-0.013112972808538625,0.05309953288886901,0.12991489522749958,0.12263145371533363,0.14345692505996316,0.09737409831732033,0.09718160298673637,0.09958394798991889,0.11213970225592385
2019-08-01,136.41000366210938,0.02402219643390402,0.20816199000087238,0.1374213301982231,0.12263145371533363,0.14813838405918872,0.09737409831732033,0.09718160298673637,0.09958394798991889,0.11213970225592385
2019-08-02,135.88999938964844,-0.0038120684590625675,0.3813405462579162,0.14077865358780461,0.11785854362861857,0.1713286861999029,0.10813514674678619,0.10830237246205579,0.11209750530454424,0.11352773874801599
2019-08-05,137.7899932861328,0.013981852270352535,0.06051471074059657,0.1281168091214292,0.11785854362861857,0.16676938989229045,0.10813514674678619,0.10830237246205579,0.11209750530454424,0.11352773874801599
2019-08-06,138.91000366210938,0.008128386897085838,0.22195502385237986,0.13701576337705482,0.12174656091547165,0.17058472850036316,0.10900468194305193,0.10899962791752964,0.11273959337198769,0.10967612584567768
2019-08-07,141.02000427246094,0.015189695160357397,0.12903414173883057,0.1348352953624711,0.12174656091547165,0.1683810832776255,0.10900468194305193,0.10899962791752964,0.11273959337198769,0.10967612584567768
2019-08-08,141.72999572753906,0.005034686098196239,0.2411289353111223,0.14115412692986848,0.12487998395744114,0.17360774078380947,0.11055922253550735,0.11083402991689548,0.11448458766842863,0.1214997221560513
2019-08-09,141.25999450683594,-0.0033161732510501585,0.07992316407060822,0.14225880555232387,0.12487998395744114,0.1694536264874798,0.11055922253550735,0.11083402991689548,0.11448458766842863,0.1214997221560513
2019-08-12,142.6300048828125,0.009698502260031328,0.052642618360099695,0.13325989561261892,0.12767957475605396,0.16479664545748873,0.10829794609605141,0.1080146946794599,0.11117504052511702,0.11646140883614448
2019-08-13,141.77999877929688,-0.005959518154781018,0.1539589504190447,0.13416540503731234,0.12767957475605396,0.1641665611433912,0.10829794609605141,0.1080146946794599,0.11117504052511702,0.11646140883614448
2019-08-14,142.75,0.0068415942238304606,0.09460441782795066,0.13395239392083785,0.12489914924995028,0.16084346415736614,0.10683851897769599,0.10667583496792406,0.10933427064940739,0.14357666555897314
2019-08-15,143.6999969482422,0.0066549698650941735,0.10860694132482823,0.1388890730719664,0.12489914924995028,0.15819643114384563,0.10683851897769599,0.10667583496792406,0.10933427064940739,0.14357666555897314
2019-08-16,142.77999877929688,-0.006402214255277094,0.10564437147400951,0.13758477691709253,0.12352804597199037,0.15554481081186486,0.10481135724018141,0.10479636349210526,0.10688890683781702,0.13837532883358897
2019-08-19,141.11000061035156,-0.011696303286335752,0.10163200055769471,0.13032355821769182,0.12352804597199037,0.15284724627061638,0.10481135724018141,0.10479636349210526,0.10688890683781702,0.13837532883358897
2019-08-20,142.2100067138672,0.007795380191040424,0.18567305852659138,0.12857617327971882,0.11088262946756447,0.15501294439728885,0.10460885932266764,0.10476969321233519,0.10670058417670056,0.09914423672302966
2019-08-21,141.75999450683594,-0.003164420123660472,0.12374782416415285,0.12357425106430986,0.11088262946756447,0.15331693837927912,0.10460885932266764,0.10476969321233519,0.10670058417670056,0.09914423672302966
2019-08-22,141.39999389648438,-0.0025395077899371676,0.05023361214560321,0.1257502537710844,0.11548158046849617,0.14915469662638056,0.10245941234150016,0.10275573553124859,0.10412458896039499,0.09991257150447636
2019-08-23,144.1699981689453,0.019589847185487175,0.04031343638811002,0.12350393120147794,0.11548158046849617,0.14494759916387115,0.10245941234150016,0.10275573553124859,0.10412458896039499,0.09991257150447636
2019-08-26,144.19000244140625,0.00013875475282665306,0.310979183247346,0.13396920640554205,0.10975136226041769,0.15984899517344248,0.10643229644481467,0.10701471916427333,0.10891846154971205,0.12149493073722667
2019-08-27,145.57000732421875,0.00957073902105865,0.0022026634152453634,0.12896783208199158,0.10975136226041769,0.1549802899921436,0.10643229644481467,0.10701471916427333,0.10891846154971205,0.12149493073722667
2019-08-28,145.16000366210938,-0.002816539407023644,0.15193077187693776,0.13468395492960353,0.12059668030264678,0.1547990130313282,0.10452341771550776,0.1053407821996421,0.1066556279651886,0.1256823412226904
2019-08-29,144.1199951171875,-0.007164566813753437,0.04471117697278734,0.13191086688916348,0.12059668030264678,0.15048227712964218,0.10452341771550776,0.1053407821996421,0.1066556279651886,0.1256823412226904
2019-08-30,143.75,-0.0025672712303844714,0.11373397224418808,0.1346669777689507,0.12354671580436012,0.1485339886115686,0.10222284994794485,0.1031425296586011,0.10390038388164602,0.1291694839294808
2019-09-03,145.75,0.013913043478260834,0.04075416734188872,0.12705753128445146,0.12354671580436012,0.14435462983858097,0.10222284994794485,0.1031425296586011,0.10390038388164602,0.1291694839294808
2019-09-04,146.66000366210938,0.006243592878966586,0.22086271814104352,0.11976308455186634,0.09898260948182966,0.15004927198211496,0.10242695608118489,0.10386159404882363,0.10437326837687157,0.105715822023464
2019-09-05,143.13999938964844,-0.024001119491110168,0.09911396427167633,0.12151759607600633,0.09898260948182966,0.14749003917498896,0.10242695608118489,0.10386159404882363,0.10437326837687157,0.105715822023464
2019-09-06,141.9199981689453,-0.008523132778435305,0.3810059601637358,0.12874718409015887,0.10303908475293369,0.1707572705840276,0.11083004007554335,0.11118010156906567,0.11380213959182302,0.11841803724755878
2019-09-09,141.38999938964844,-0.0037344897557421985,0.13530053833753677,0.12903202029919095,0.10303908475293369,0.16883997414810875,0.11083004007554335,0.11118010156906567,0.11380213959182302,0.11841803724755878
2019-09-10,140.17999267578125,-0.008557937047107611,0.05928318700447323,0.12076630446707055,0.11867064090459443,0.16433925408677755,0.10855922161798776,0.10886862310961162,0.1111188225865255,0.11907356968303617
2019-09-11,141.02999877929688,0.006063676329913781,0.13585303897435916,0.12330857150815012,0.11867064090459443,0.16277072801853731,0.10855922161798776,0.10886862310961162,0.1111188225865255,0.11907356968303617
2019-09-12,141.32000732421875,0.002056360685188219,0.09625787759844427,0.12529108329171126,0.11798133081518161,0.1595637366248641,0.10717057157139713,0.1074178687037166,0.10927029466561516,0.11238914564010027
2019-09-13,140.14999389648438,-0.008279177519783909,0.03264371387315046,0.11977675435780698,0.11798133081518161,0.1549092883150445,0.10717057157139713,0.1074178687037166,0.10927029466561516,0.11238914564010027
2019-09-16,141.32000732421875,0.008348294532203537,0.1314278686650286,0.12145054757767415,0.11061726697362977,0.15360166480089688,0.10505142325518432,0.1052522619422427,0.10675282634142465,0.10438679575438377
2019-09-17,141.60000610351562,0.0019813102518067005,0.1325250672223852,0.1225377351184722,0.11061726697362977,0.15241927945758213,0.10505142325518432,0.1052522619422427,0.10675282634142465,0.10438679575438377
2019-09-18,140.7100067138672,-0.006285306153149484,0.03145232517805975,0.1191653693777472,0.1166033520862922,0.14797666529183848,0.10313961951351046,0.10350329300089532,0.10440391294110446,0.11732486632138933
2019-09-19,141.27999877929688,0.004050828215713009,0.09977614197082552,0.11908101216925314,0.1166033520862922,0.14553550966356688,0.10313961951351046,0.10350329300089532,0.10440391294110446,0.11732486632138933
2019-09-20,142.9499969482422,0.011820485442912032,0.06430490437572078,0.11356427788966812,0.11067148474910835,0.14197836716295323,0.1011482488744721,0.10151367022543693,0.10189456266754945,0.09498470715770073
2019-09-23,143.75,0.005596383832365381,0.1876443891480265,0.11646866720711695,0.11067148474910835,0.14512412047777246,0.1011482488744721,0.10151367022543693,0.10189456266754945,0.09498470715770073
2019-09-24,144.50999450683594,0.005286918308423871,0.08883983917020832,0.11822349570823533,0.11248867752282216,0.14237591350087098,0.10093842250756674,0.10173235306573876,0.10185760810989664,0.10481464856558273
2019-09-25,141.8300018310547,-0.018545379403875573,0.08392722627602307,0.12020594070314047,0.11248867752282216,0.13956100264442878,0.10093842250756674,0.10173235306573876,0.10185760810989664,0.10481464856558273
2019-09-26,141.7899932861328,-0.0002820880237280887,0.29439877123196434,0.11945228561153223,0.1004147457041142,0.15332604228161828,0.10385910156361264,0.10358649639069746,0.10596491762545521,0.11139699799855633
2019-09-27,141.05999755859375,-0.005148429100112373,0.00447800855168526,0.1195557103904613,0.1004147457041142,0.14865916009743646,0.10385910156361264,0.10358649639069746,0.10596491762545521,0.11139699799855633
2019-09-30,138.8699951171875,-0.015525325955691782,0.08172877824927241,0.11636471068011288,0.11177966485925488,0.14551408426564713,0.10115931095590625,0.10088117744416578,0.10264464705577012,0.1122242625775858
2019-10-01,139.6300048828125,0.005472814807717441,0.2464569090118599,0.12553497122734344,0.11177966485925488,0.15345471083179715,0.10115931095590625,0.10088117744416578,0.10264464705577012,0.1122242625775858
2019-10-02,141.25999450683594,0.011673634369571584,0.08687824171639276,0.12431425620335275,0.11887459701270772,0.15029410205628885,0.10210679557426015,0.10067930185054184,0.1041121706011543,0.1144720058218828
2019-10-03,141.89999389648438,0.004530648552570016,0.18531320062909612,0.13088512135277128,0.11887459701270772,0.15262200701660222,0.10210679557426015,0.10067930185054184,0.1041121706011543,0.1144720058218828
2019-10-04,141.89999389648438,0.0,0.07192181608761006,0.12411508035034248,0.11791368440936772,0.14901756024707166,0.10150775518062166,0.10059151758160055,0.10345053000177737,0.1266205772692143
2019-10-07,140.69000244140625,-0.008527071931805796,0.0,0.11960990015617537,0.11791368440936772,0.1444778850422107,0.10150775518062166,0.10059151758160055,0.10345053000177737,0.1266205772692143
2019-10-08,141.9199981689453,0.00874259511120079,0.13536307045870355,0.1084443142604921,0.09491248805297585,0.14394727284993805,0.10036380572643586,0.09925523825242014,0.10173293795998489,0.09655839127458742
2019-10-09,142.0500030517578,0.0009160434363713055,0.13878439486539823,0.10860267137539488,0.09491248805297585,0.14364273324734436,0.10036380572643586,0.09925523825242014,0.10173293795998489,0.09655839127458742
2019-10-10,140.80999755859375,-0.008729359144837523,0.014541738736628966,0.10656896918140196,0.10233367954999445,0.1393123413621734,0.0989638479681802,0.0983771094478212,0.09993867909073224,0.09247725310117086
2019-10-11,140.02999877929688,-0.005539370732339566,0.1385742804132453,0.10669266197407862,0.10233367954999445,0.1392681680068529,0.0989638479681802,0.0983771094478212,0.09993867909073224,0.09247725310117086
2019-10-14,140.58999633789062,0.003999125640758994,0.08793478426536137,0.10631433954984755,0.09782573195470116,0.13673272044325618,0.09793082856722668,0.09688360911298084,0.09872219461429832,0.08802427661863248
2019-10-15,139.61000061035156,-0.006970593591764218,0.06348415144290077,0.10771617762119985,0.09782573195470116,0.13347621840047139,0.09793082856722668,0.09688360911298084,0.09872219461429832,0.08802427661863248
2019-10-16,140.41000366210938,0.0057302703836425994,0.11065474280585169,0.1067719446276009,0.0953130167693746,0.1322180590997564,0.09631821600870635,0.09520120408286331,0.096749051751052,0.0775271207571406
2019-10-17,140.61000061035156,0.0014243781997433924,0.09096522228166201,0.10488286076665894,0.0953130167693746,0.13011225362303663,0.09631821600870635,0.09520120408286331,0.096749051751052,0.0775271207571406
2019-10-18,140.4600067138672,-0.0010667370445437419,0.022611302936537413,0.10448099611931702,0.09973638764440489,0.12627003956411334,0.09433612316427938,0.09359961445812312,0.09425520858169507,0.08450229492876804
2019-10-21,139.7899932861328,-0.004770136663166058,0.01693392560497663,0.10071544082996026,0.09973638764440489,0.12249359570285738,0.09433612316427938,0.09359961445812312,0.09425520858169507,0.08450229492876804
2019-10-22,140.1999969482422,0.002932997222985456,0.07572357198317321,0.10123447117575356,0.09452451302804914,0.1202016792318461,0.0923115222086877,0.0916850830540495,0.09171407086443253,0.07928114386089742
2019-10-23,140.52999877929688,0.0023537934253772264,0.046559887488375445,0.09482153928213305,0.09452451302804914,0.11709656893403024,0.0923115222086877,0.0916850830540495,0.09171407086443253,0.07928114386089742
2019-10-24,141.52999877929688,0.007115918371069618,0.03736531224700206,0.09248178805835093,0.09036365871054683,0.11389767364750576,0.09023481402072751,0.08998093501069439,0.08912097239203204,0.07849290389625059
2019-10-25,141.86000061035156,0.0023316740895991117,0.1129617021581163,0.09380153696208243,0.09036365871054683,0.11384173236490405,0.09023481402072751,0.08998093501069439,0.08912097239203204,0.07849290389625059
2019-10-28,140.63999938964844,-0.008600036764796815,0.037014178677193116,0.08210223730050194,0.07847048448133598,0.11074541341094322,0.08880724018539643,0.08901898598955758,0.0874482632629444,0.07699960134879213
2019-10-29,140.25,-0.0027730332148816483,0.13652135127398912,0.08810420742424302,0.07847048448133598,0.11245869711715337,0.08880724018539643,0.08901898598955758,0.0874482632629444,0.07699960134879213
2019-10-30,141.02000427246094,0.005490226541611021,0.044020537583392666,0.08639019648488486,0.08103563234985527,0.10956463620894395,0.08768575040286533,0.087296773369856,0.08623248812213263,0.07455629994259215
2019-10-31,142.42999267578125,0.009998499224238566,0.08715464442305383,0.07914918445812094,0.08103563234985527,0.10835082306938362,0.08768575040286533,0.087296773369856,0.08623248812213263,0.07455629994259215
2019-11-01,142.55999755859375,0.000912763389017579,0.15872125458724487,0.08241477595225058,0.06735731941678402,0.11201362866941256,0.08752041814604938,0.0878632895691299,0.08628473245649675,0.07362059971829965
2019-11-04,142.14999389648438,-0.002876007780098777,0.014489669599110112,0.07465006999634212,0.06735731941678402,0.10865922353271802,0.08752041814604938,0.0878632895691299,0.08628473245649675,0.07362059971829965
2019-11-05,139.85000610351562,-0.016180006273117664,0.04565520812896982,0.07345613327094938,0.06750995323077608,0.10594093226400815,0.08581213258988035,0.08627007405615691,0.08416388768787138,0.06796658491079352
2019-11-06,140.4499969482422,0.004290245395359271,0.2568496368608062,0.08513111676462239,0.06750995323077608,0.12045072195118141,0.08581213258988035,0.08627007405615691,0.08416388768787138,0.06796658491079352
2019-11-07,138.27000427246094,-0.015521486102876958,0.0681055342773637,0.08207395602910696,0.07712156929282704,0.11796684136400142,0.08788699719834182,0.08600723508375048,0.0871206193639539,0.0830792798734199
2019-11-08,137.38999938964844,-0.006364394703267995,0.24639595323814523,0.08696539050059544,0.07712156929282704,0.12932077585617696,0.08788699719834182,0.08600723508375048,0.0871206193639539,0.0830792798734199
2019-11-11,137.05999755859375,-0.002401934875323586,0.101031633781823,0.09089674936628608,0.08340011659622276,0.12780013593669773,0.09019668771867922,0.08604359906598522,0.09009747272701173,0.09234451140151423
2019-11-12,137.42999267578125,0.0026995120660886496,0.03812953407287485,0.08633107907808743,0.08340011659622276,0.12425833550643182,0.09019668771867922,0.08604359906598522,0.09009747272701173,0.09234451140151423
2019-11-13,137.97999572753906,0.004002059820052306,0.04285342552853236,0.08428192640823157,0.0821972279152185,0.12092936314655349,0.08895558287543039,0.08534177858332334,0.08843859183867528,0.09453689524663593
2019-11-14,138.55999755859375,0.004203521155341949,0.06353073009517385,0.08428404361969852,0.0821972279152185,0.11827360415052335,0.08895558287543039,0.08534177858332334,0.08843859183867528,0.09453689524663593
2019-11-15,138.2100067138672,-0.0025259154943226836,0.06672882964700223,0.08228741120338719,0.07906045951567352,0.11582957702932759,0.08738242215228824,0.0842990017901598,0.08656225072548239,0.08407107644312446
2019-11-18,138.6199951171875,0.0029664162029099383,0.040097665384455625,0.07997524952624144,0.07906045951567352,0.11272963597059284,0.08738242215228824,0.0842990017901598,0.08656225072548239,0.08407107644312446
2019-11-19,138.69000244140625,0.0005050304911609071,0.047090397348073285,0.08108793563585671,0.07972343709504316,0.10990242448573463,0.08594692727255315,0.08338197871349112,0.08466721420637947,0.07317428327372758
2019-11-20,138.75999450683594,0.0005046655432805469,0.008017110504699386,0.08068262585857137,0.07972343709504316,0.10657244848938548,0.08594692727255315,0.08338197871349112,0.08466721420637947,0.07317428327372758
2019-11-21,138.0,-0.005477043362080103,0.008011317136701786,0.07760479609282268,0.08097013056745622,0.10334445530621005,0.08375498052076594,0.08143475376602172,0.08205928932648793,0.07069052263977707
2019-11-22,137.74000549316406,-0.0018840181654777854,0.08694536793588628,0.07944049974952772,0.08097013056745622,0.10243457266135984,0.08375498052076594,0.08143475376602172,0.08205928932648793,0.07069052263977707
2019-11-25,137.0800018310547,-0.004791662812458131,0.029907861188294135,0.07910152470140462,0.08038064373808335,0.09958383395605924,0.08226046813002397,0.07983154269424185,0.0804019314087847,0.072674414872505
2019-11-26,137.74000549316406,0.004814733391401704,0.07606528900944326,0.07742441501282858,0.08038064373808335,0.09833147653620436,0.08226046813002397,0.07983154269424185,0.0804019314087847,0.072674414872505
2019-11-27,137.00999450683594,-0.005299919828770094,0.07643152309636514,0.0792161124864273,0.07740397888988956,0.0971567866105735,0.08069431732656744,0.07829823020216074,0.07881111670347385,0.06386097064647765
2019-11-29,137.86000061035156,0.006203971517371398,0.08413361901303419,0.07683485192911117,0.07740397888988956,0.09642501057462625,0.08069431732656744,0.07829823020216074,0.07881111670347385,0.06386097064647765
2019-12-02,137.7899932861328,-0.0005078146228696401,0.09848499465535653,0.07931050906874589,0.07491864501336602,0.09654984906665424,0.0794989708409307,0.07719984700451735,0.07776072194496834,0.07009126210953594
2019-12-03,139.11000061035156,0.00957984896245434,0.008061307225410725,0.07571535737794394,0.07491864501336602,0.09362937591352963,0.0794989708409307,0.07719984700451735,0.07776072194496834,0.07009126210953594
2019-12-04,138.9199981689453,-0.0013658431498282386,0.152075387713286,0.07541327252003673,0.06762898158839745,0.0981228202041115,0.08167486190788005,0.08108017215772569,0.07921331185499463,0.07498271351093355
2019-12-05,139.0,0.0005758841931267078,0.021682087826199917,0.07574020062126807,0.06762898158839745,0.09528173670788159,0.08167486190788005,0.08108017215772569,0.07921331185499463,0.07498271351093355
2019-12-06,137.6199951171875,-0.009928092682104261,0.009141878153918167,0.07408050380422027,0.07956161169387994,0.09240620772024319,0.07995472561156104,0.07966542199036997,0.0770623022601685,0.06605584623894221
2019-12-09,137.5800018310547,-0.00029060665275248976,0.1576035853802887,0.06956931964601493,0.07956161169387994,0.09755463186956242,0.07995472561156104,0.07966542199036997,0.0770623022601685,0.06605584623894221
2019-12-10,137.97000122070312,0.0028347098739491816,0.004613237595143952,0.06668330616045948,0.0719953406159684,0.09458947481046741,0.07974624433718792,0.07849453701260557,0.07723326377842468,0.06243630055366982
2019-12-11,138.9199981689453,0.00688553265084435,0.04499962419293273,0.05752892756749528,0.0719953406159684,0.09236794135886735,0.07974624433718792,0.07849453701260557,0.07723326377842468,0.06243630055366982
2019-12-12,138.42999267578125,-0.003527249493396556,0.10930444223009692,0.057904964315144095,0.049745941978678,0.09347071231619349,0.07942823845067842,0.07906944156143934,0.07673384828115319,0.07248616502010248
2019-12-13,139.0500030517578,0.004478873140076667,0.05599334982963511,0.058716955940451385,0.049745941978678,0.0916552395160879,0.07942823845067842,0.07906944156143934,0.07673384828115319,0.07248616502010248
2019-12-16,139.0399932861328,-7.198680622300113e-05,0.07109990689469893,0.060000886911640766,0.05374549563645679,0.0905535960662659,0.0779023027503101,0.07770414821023461,0.07521156051801703,0.08298235334115037
2019-12-17,139.00999450683594,-0.00021575647831872935,0.0011427551216631473,0.05716506986739029,0.05374549563645679,0.08779541496146927,0.0779023027503101,0.07770414821023461,0.07521156051801703,0.08298235334115037
2019-12-18,139.02000427246094,7.200752478642158e-05,0.0034250279122947425,0.054287624333994484,0.0574046154555077,0.08512494724775567,0.07675976518218977,0.07683531314311283,0.07323410964844562,0.075704035416853
2019-12-19,139.3800048828125,0.002589559770448613,0.0011430840186611455,0.05251696154464019,0.0574046154555077,0.08253217338566589,0.07675976518218977,0.07683531314311283,0.07323410964844562,0.075704035416853
2019-12-20,139.52000427246094,0.0010044438566789715,0.04110798694646723,0.05224503379911263,0.052832161591643056,0.08064898053034134,0.07489514536774407,0.07519965579033874,0.07117903396916177,0.059153583977249874
2019-12-23,139.9499969482422,0.003081942822633188,0.015945051904194978,0.052605394771816985,0.052832161591643056,0.0782895731101021,0.07489514536774407,0.07519965579033874,0.07117903396916177,0.059153583977249874
2019-12-24,141.27000427246094,0.009431992518777577,0.04892432558164717,0.05446507697385996,0.0525282608360129,0.0768447603959661,0.07305946248920434,0.07357660816588027,0.06925166256268894,0.04955419052117817
2019-12-26,142.3800048828125,0.007857298625196796,0.1497282394350431,0.057318843860185265,0.0525282608360129,0.08304169380108821,0.07305946248920434,0.07357660816588027,0.06925166256268894,0.04955419052117817
2019-12-27,142.3300018310547,-0.0003511943393945671,0.12473074883424257,0.061628975116819286,0.0551486292410455,0.08611407037806032,0.07468590691299107,0.07617810993255925,0.07190734289001127,0.05972596244360101
2019-12-30,142.6300048828125,0.0021077991140190377,0.005575037303349833,0.05842487276654231,0.0551486292410455,0.08350185622193615,0.07468590691299107,0.07617810993255925,0.07190734289001127,0.05972596244360101
2019-12-31,142.89999389648438,0.0018929327941459295,0.03346027361625991,0.05647163415381026,0.06031318244371092,0.08137187344277422,0.07319899701588317,0.07505264811990373,0.07006670995070576,0.05541497770898772
2020-01-02,143.9499969482422,0.0073478173310379535,0.03004937653121251,0.05401325949554565,0.06031318244371092,0.07923557775473418,0.07319899701588317,0.07505264811990373,0.07006670995070576,0.05541497770898772
2020-01-03,145.86000061035156,0.013268521727000326,0.11664298402234072,0.05483862264859038,0.052561073806957175,0.08196288988619847,0.07280869205741199,0.07516784719936424,0.06994510794868969,0.06466582631614333
2020-01-06,147.38999938964844,0.010489502076611812,0.21063125253060072,0.06404634743518992,0.052561073806957175,0.09474582772842219,0.07280869205741199,0.07516784719936424,0.06994510794868969,0.06466582631614333
2020-01-07,147.97000122070312,0.003935150508558971,0.16651568322966268,0.06470272450411613,0.06065264773148678,0.10050778042178479,0.07674203798703101,0.08050860099798474,0.07565887021286319,0.10779256840015775
2020-01-08,146.86000061035156,-0.007501524641443713,0.06246857770353833,0.06655665586217697,0.06065264773148678,0.09863997405622663,0.07674203798703101,0.08050860099798474,0.07565887021286319,0.10779256840015775
2020-01-09,146.02999877929688,-0.005651653463197515,0.11908301193049822,0.0715539801247488,0.0680876108655406,0.0999844969819353,0.07655611886252597,0.0799210948192853,0.07553470057732455,0.08462390468863334
2020-01-10,146.91000366210938,0.006026192495848015,0.08971721735962536,0.06846823612380953,0.0680876108655406,0.09939837224005253,0.07655611886252597,0.0799210948192853,0.07553470057732455,0.08462390468863334
2020-01-13,145.82000732421875,-0.007419483430124996,0.0956628401797049,0.07260685442310778,0.06788732611505749,0.09917820808629581,0.075969368215439,0.07918276627377606,0.0751551695399213,0.08832555444402773
2020-01-14,145.69000244140625,-0.0008915435213457945,0.11778064807605128,0.07591508278143135,0.06788732611505749,0.10039160724547123,0.075969368215439,0.07918276627377606,0.0751551695399213,0.08832555444402773
2020-01-15,146.5399932861328,0.005834242779070742,0.014152814642830667,0.07159000880019196,0.07397572762584,0.09739499189767448,0.07536978760256695,0.07808169107094946,0.07459710625666345,0.08065380970619489
2020-01-16,146.30999755859375,-0.0015695082440052577,0.09261573289077323,0.07325466257569824,0.07397572762584,0.09711486919456204,0.07536978760256695,0.07808169107094946,0.07459710625666345,0.08065380970619489
2020-01-17,146.5800018310547,0.0018454259925253513,0.024915170965821565,0.0711553563971129,0.07274773330876888,0.09435393947372653,0.07418242366952207,0.0770838140681637,0.07346063140908535,0.07762536216888805
2020-01-21,146.74000549316406,0.0010915790702048511,0.02929522943517973,0.07243501432045457,0.07274773330876888,0.09176055017608896,0.07418242366952207,0.0770838140681637,0.07346063140908535,0.07762536216888805
2020-01-22,146.7899932861328,0.0003406555206315609,0.01732828053675091,0.07306698034883895,0.07264971637005815,0.08906635062066395,0.07325999469352978,0.07664247540926067,0.07182888565621366,0.07757303930679182
2020-01-23,147.1199951171875,0.002248122121045526,0.005407738741994058,0.07326082829080861,0.07264971637005815,0.08636318974197377,0.07325999469352978,0.07664247540926067,0.07182888565621366,0.07757303930679182
2020-01-24,147.97999572753906,0.005845572586286041,0.035687832295137056,0.07301445762483906,0.07028023200045504,0.08418730184712671,0.07173851501501066,0.07530853194013058,0.07008512222419949,0.07703151850448157
2020-01-27,148.99000549316406,0.006825312844883635,0.09279558800453713,0.07650766381121826,0.07028023200045504,0.08472846601908793,0.07173851501501066,0.07530853194013058,0.07008512222419949,0.07703151850448157
2020-01-28,147.66000366210938,-0.008926785569624784,0.10834848244666122,0.07920876185053707,0.06916235534205582,0.0863281054791575,0.07171440528868608,0.07575989446578667,0.07052270253615643,0.05752210867188243
2020-01-29,148.4600067138672,0.005417872354848807,0.14170832774656344,0.07884422041015163,0.06916235534205582,0.09061050875614238,0.07171440528868608,0.07575989446578667,0.07052270253615643,0.05752210867188243
2020-01-30,148.47000122070312,6.732120695107646e-05,0.086006057316131,0.07708400715932838,0.06995802925707661,0.09034085981950844,0.07237103157044822,0.0756083250087801,0.07171648822425652,0.0667432099078896
2020-01-31,149.3300018310547,0.005792420039608892,0.001068691029319567,0.07687917323778155,0.06995802925707661,0.08758910446958204,0.07237103157044822,0.0756083250087801,0.07171648822425652,0.0667432099078896
2020-02-03,148.36000061035156,-0.006495688802043542,0.0919518174841922,0.07953787977723302,0.07030554735850451,0.08785697668822397,0.07181305146498572,0.07521442716533872,0.07090025641998382,0.06697413965821541
2020-02-04,146.42999267578125,-0.01300895070524588,0.10311586298564569,0.08285908370697997,0.07030554735850451,0.08884644238000691,0.07181305146498572,0.07521442716533872,0.07090025641998382,0.06697413965821541
2020-02-05,146.61000061035156,0.0012293105482077404,0.20651069030387353,0.08694397944704967,0.06817506511493548,0.09989428820886508,0.0747807437931715,0.07566465601863231,0.07470833660653191,0.07793590397978904
2020-02-06,147.39999389648438,0.005388399719282511,0.01951469996775696,0.07825686342146586,0.06817506511493548,0.09696899555342597,0.0747807437931715,0.07566465601863231,0.07470833660653191,0.07793590397978904
2020-02-07,147.7899932861328,0.002645857569860688,0.08553819373099066,0.07457606844425348,0.06707319092869236,0.0963214092916396,0.073812312912595,0.07504964969214308,0.073602971570707,0.06608202057082388
2020-02-10,148.1699981689453,0.0025712490701368385,0.04200168680609452,0.07364575522164239,0.06707319092869236,0.09395208117080396,0.073812312912595,0.07504964969214308,0.073602971570707,0.06608202057082388
2020-02-11,147.66000366210938,-0.0034419552752806837,0.0408173135903289,0.07008822347890743,0.06694536491097162,0.0916369855913522,0.07296950799833062,0.0739822935981475,0.07214835107173498,0.05986505677339618
2020-02-12,147.5399932861328,-0.0008127480224853212,0.054639346093197316,0.06849377478497888,0.06694536491097162,0.08984778455289279,0.07296950799833062,0.0739822935981475,0.07214835107173498,0.05986505677339618
2020-02-13,148.3800048828125,0.00569345014846645,0.012901974876334151,0.06473191727118931,0.06457330832147161,0.08716796764329103,0.0716731996663334,0.07277485176140396,0.07059804013595702,0.053845495627253506
2020-02-14,149.0,0.004178427664004669,0.090380719168716,0.06348646595721952,0.06457330832147161,0.08736406453414,0.0716731996663334,0.07277485176140396,0.07059804013595702,0.053845495627253506
2020-02-18,150.91000366210938,0.012818816524224008,0.06633048282137345,0.06585817814715328,0.060264783010672965,0.08624682581225146,0.07120010289323184,0.07267900850017642,0.07019941342774993,0.05528323984700361
2020-02-19,151.7899932861328,0.005831221275388376,0.20349240375157265,0.07089802682264418,0.060264783010672965,0.09734861872673438,0.07120010289323184,0.07267900850017642,0.07019941342774993,0.05528323984700361
2020-02-20,152.41000366210938,0.004084659090851872,0.0925677680067992,0.07397314486996133,0.06839469693374933,0.09706840811689739,0.07369643652965692,0.07610089022464299,0.07384367059545799,0.0713689496788221
2020-02-21,154.6999969482422,0.015025216397275942,0.06484195286923944,0.07558890502605496,0.06839469693374933,0.09544217115196739,0.07369643652965692,0.07610089022464299,0.07384367059545799,0.0713689496788221
2020-02-24,156.08999633789062,0.008985128746405113,0.23851791589273205,0.08564297936041773,0.06885402426850114,0.10943538424229203,0.07651262179764869,0.08025361314598703,0.07791868039258382,0.10091683458891013
2020-02-25,153.3000030517578,-0.017874260693127697,0.14263449696531283,0.09188055927965949,0.06885402426850114,0.11170592244046636,0.07651262179764869,0.08025361314598703,0.07791868039258382,0.10091683458891013
2020-02-26,153.97000122070312,0.004370503298157802,0.2837450919789173,0.10315588926528588,0.08219881617131117,0.12868642879148684,0.08154696447171599,0.08254654032545213,0.08502616540075139,0.10779630111112301
2020-02-27,154.0,0.00019483522153040944,0.06937958898667873,0.10209152567356504,0.08219881617131117,0.12591821464695907,0.08154696447171599,0.08254654032545213,0.08502616540075139,0.10779630111112301
2020-02-28,148.3800048828125,-0.03649347478693177,0.0030929132568338446,0.09730718161948197,0.10187477420361611,0.12208458928066987,0.08011897740845236,0.0813900427050302,0.08262665302868953,0.09791662497811732
2020-03-02,149.1999969482422,0.005526297603759334,0.5793159525769639,0.11719843729359108,0.10187477420361611,0.18478849124891242,0.08011897740845236,0.0813900427050302,0.08262665302868953,0.09791662497811732
2020-03-03,153.88999938964844,0.031434333360162325,0.08772725478287619,0.1172766735420795,0.13952838080929245,0.1804431865770243,0.0992893989466348,0.08624001087178625,0.10676138291068622,0.13846319997473613
2020-03-04,154.16000366210938,0.0017545277375516921,0.4990045722005452,0.1399101226862261,0.13952838080929245,0.21341624294268116,0.0992893989466348,0.08624001087178625,0.10676138291068622,0.13846319997473613
2020-03-05,157.49000549316406,0.021600945458936538,0.027852264371559476,0.1369965066356519,0.17491704463031377,0.20702716755175088,0.11542370522821015,0.11215058876561983,0.12168584107226094,0.15162680516191115
2020-03-06,157.5500030517578,0.00038096105467699815,0.3429043786092964,0.1478959846185451,0.17491704463031377,0.21758593242761892,0.11542370522821015,0.11215058876561983,0.12168584107226094,0.15162680516191115
2020-03-09,157.80999755859375,0.0016502348575044845,0.006047569259257302,0.13878402457106256,0.18060940904125095,0.2109625893295048,0.1211259562591223,0.12080270330139688,0.12602831456625427,0.18667634125639984
2020-03-10,154.47999572753906,-0.02110133630677158,0.02619666622684187,0.1390877503101119,0.18060940904125095,0.20463645122532975,0.1211259562591223,0.12080270330139688,0.12602831456625427,0.18667634125639984
2020-03-11,153.92999267578125,-0.0035603512879937016,0.3349733291931345,0.15042571101293659,0.1499044379125961,0.21469965164418617,0.1244657881926529,0.12163007115187272,0.1308662845939713,0.15943252582252804
2020-03-12,147.7899932861328,-0.0398882588306293,0.05651882452835904,0.15108558090940316,0.1499044379125961,0.2086189028892896,0.1244657881926529,0.12163007115187272,0.1308662845939713,0.15943252582252804
2020-03-13,143.27999877929688,-0.03051623730778741,0.6332064785833272,0.17801236113635766,0.15277646686238208,0.25488735259985124,0.15051871965614091,0.1400674462648812,0.15436339249308278,0.2435348526274581
2020-03-16,141.63999938964844,-0.011446115323986206,0.48443024919502026,0.1975483112773496,0.15277646686238208,0.2741347638380586,0.15051871965614091,0.1400674462648812,0.15436339249308278,0.2435348526274581
2020-03-17,143.55999755859375,0.0135554799295321,0.18170144775019803,0.20522101458979797,0.2309346527589044,0.26948432530807126,0.1624377324794479,0.14995789472362622,0.16563762420036798,0.295077449097508
2020-03-18,140.6999969482422,-0.019921988429849713,0.2151865727740158,0.2108940079354934,0.2309346527589044,0.2665385697374307,0.1624377324794479,0.14995789472362622,0.16563762420036798,0.295077449097508
2020-03-19,138.0399932861328,-0.018905499074657994,0.3162517620437309,0.22225406608196419,0.2270714279787401,0.2697798199049747,0.16460566063195206,0.1528760347755784,0.16778111847829502,0.30317622242250714
2020-03-20,140.11000061035156,0.014995707221804766,0.3001154937786408,0.2266460247195582,0.2270714279787401,0.27169549265794374,0.16460566063195206,0.1528760347755784,0.16778111847829502,0.30317622242250714
2020-03-23,146.3000030517578,0.044179590424960224,0.23804947225458425,0.23325882945809387,0.22661221848971064,0.2697950840197897,0.16631880987038047,0.15547089864399452,0.17003401089524703,0.23416199538721447
2020-03-24,153.39999389648438,0.048530353360380474,0.7013292557348109,0.26219007049743803,0.22661221848971064,0.3129437451308834,0.16631880987038047,0.15547089864399452,0.17003401089524703,0.23416199538721447
2020-03-25,151.3000030517578,-0.01368964099270864,0.770395476177927,0.28636632323767414,0.27041894981505366,0.35730702727832775,0.22633572303565297,0.23119378030489113,0.23004923631627822,0.2719702957198302
2020-03-26,153.24000549316406,0.012822223412266576,0.2173163136267747,0.2897609512677406,0.27041894981505366,0.35048793966130554,0.22633572303565297,0.23119378030489113,0.23004923631627822,0.2719702957198302
2020-03-27,152.25,-0.006460489804721581,0.20354648642260428,0.28611556010609,0.30642205054431937,0.3434489167623688,0.2180287822917357,0.22217250525920498,0.22078762861326595,0.24352607209337893
2020-03-30,152.9199981689453,0.004400644787818209,0.10255709622576926,0.2876236286169578,0.30642205054431937,0.3339323380550401,0.2180287822917357,0.22217250525920498,0.22078762861326595,0.24352607209337893
2020-03-31,148.0500030517578,-0.03184668568859872,0.0698580703013975,0.29065840848261976,0.2996054454869978,0.3242112999482673,0.20645587986534256,0.2100137367622222,0.20795394375846354,0.2351526488516211
2020-04-01,149.4499969482422,0.009456223354449733,0.505550462482032,0.2873054316601229,0.2996054454869978,0.33784769527147057,0.20645587986534256,0.2100137367622222,0.20795394375846354,0.2351526488516211
2020-04-02,151.89999389648438,0.0163934225377782,0.1501128920265299,0.2901411424439253,0.2872498862086777,0.3296128548909825,0.21086046081958723,0.21165488692461432,0.21265479711286325,0.22188600273523615
2020-04-03,152.64999389648438,0.0049374590529023266,0.26023751503297493,0.27928809439085395,0.2872498862086777,0.3258671046863324,0.21086046081958723,0.21165488692461432,0.21265479711286325,0.22188600273523615
2020-04-06,156.8800048828125,0.027710521817620126,0.07837973257526437,0.28158479749102233,0.28154143134054566,0.31652268587001486,0.20357070353048642,0.20490761989765469,0.20469750608443216,0.180520303659072
2020-04-07,156.0399932861328,-0.005354484768834378,0.4398908965755144,0.28599327558039583,0.28154143134054566,0.3252470662182007,0.20357070353048642,0.20490761989765469,0.20469750608443216,0.180520303659072
2020-04-08,154.64999389648438,-0.008907968786563414,0.08499981058331361,0.2895820138223984,0.2849843598678001,0.316025335861677,0.20397956919909024,0.20681970257620316,0.2051633881182482,0.17848608893243983
2020-04-09,158.69000244140625,0.026123560972308058,0.14140962057583562,0.2948189662928073,0.2849843598678001,0.30834962782461844,0.20397956919909024,0.20681970257620316,0.2051633881182482,0.17848608893243983
2020-04-13,161.41000366210938,0.017140343933811808,0.4146986741529589,0.2984428456091629,0.26786458750354536,0.3157423361246623,0.20418679572208934,0.2081791137764547,0.20558048179318042,0.2307274122915356
2020-04-14,162.67999267578125,0.007868093580683189,0.2720945246098836,0.30824174106741403,0.26786458750354536,0.313294997201571,0.20418679572208934,0.2081791137764547,0.20558048179318042,0.2307274122915356
2020-04-15,161.85000610351562,-0.005101958505246418,0.12490211344002862,0.2851369971972641,0.26860870979282764,0.3052876712737473,0.198260369908418,0.2025958679596474,0.19934142608224176,0.20911407317771039
2020-04-16,161.7100067138672,-0.0008649946516461338,0.0809910804255171,0.26679885316228663,0.26860870979282764,0.2966514820531869,0.198260369908418,0.2025958679596474,0.19934142608224176,0.20911407317771039
2020-04-17,158.57000732421875,-0.019417471147623044,0.013731364401939703,0.25916384937372944,0.25770029593691984,0.28763394917532153,0.18765413245454515,0.1914648163744881,0.18792163318757013,0.21643678463893926
2020-04-20,159.6999969482422,0.007126124562213176,0.3082427984782952,0.263393677814833,0.25770029593691984,0.2889119394623971,0.18765413245454515,0.1914648163744881,0.18792163318757013,0.21643678463893926
2020-04-21,158.61000061035156,-0.006825274631933054,0.11312372041971057,0.2541605850137412,0.24260624795660468,0.2814777447781337,0.18358621165529032,0.1861417237888887,0.18381879691263386,0.2076854782308886
2020-04-22,161.72999572753906,0.019670860003665247,0.10834787583487661,0.24544387510720647,0.24260624795660468,0.2741902501711848,0.18358621165529032,0.1861417237888887,0.18381879691263386,0.2076854782308886
2020-04-23,163.33999633789062,0.00995486708021609,0.31226522186679206,0.24881731827139777,0.23032686779615427,0.27662257648075605,0.18027114897727578,0.18352010525850357,0.18066958183191,0.1623070548033492
2020-04-24,162.63999938964844,-0.004285520778353313,0.15802861577373273,0.2241218346368033,0.23032686779615427,0.2709745918604221,0.18027114897727578,0.18352010525850357,0.18066958183191,0.1623070548033492
2020-04-27,161.55999755859375,-0.006640444141094992,0.06803053330753694,0.19219615541542193,0.1795710108646816,0.2632475733518041,0.1720811265283599,0.175070773812181,0.17214070965698755,0.12927217116101183
2020-04-28,160.83999633789062,-0.004456556273727319,0.10541378275411953,0.18710967673939216,0.1795710108646816,0.2565308007213727,0.1720811265283599,0.175070773812181,0.17214070965698755,0.12927217116101183
2020-04-29,161.72999572753906,0.005533445721913166,0.07074563762428308,0.18107327452128666,0.17313400885757277,0.2493188026005975,0.1654759675248777,0.1676152715739872,0.16496000779504474,0.15721220791678303
2020-04-30,158.8000030517578,-0.018116569301821484,0.08784072764073905,0.18040434867651253,0.17313400885757277,0.24267928015455134,0.1654759675248777,0.1676152715739872,0.16496000779504474,0.15721220791678303
2020-05-01,159.77999877929688,0.00617125761149806,0.28759162189372023,0.1903013282943454,0.16162289731355897,0.24560573180273904,0.16308397150819431,0.1639108920419488,0.1630583664578691,0.1504076377446129
2020-05-04,160.33999633789062,0.003504803873276119,0.09796567749922996,0.1717747471587635,0.16162289731355897,0.23932965007029616,0.16308397150819431,0.1639108920419488,0.1630583664578691,0.1504076377446129
2020-05-05,161.02000427246094,0.004241037483481591,0.055637036656467284,0.1674803900964879,0.15720808415907714,0.2324385710450806,0.15481963712041757,0.1553395239207369,0.15468526766033605,0.14598542002617407
2020-05-06,158.9499969482422,-0.012855591040204617,0.06732438289317295,0.15871161136286058,0.15720808415907714,0.22596013432202378,0.15481963712041757,0.1553395239207369,0.15468526766033605,0.14598542002617407
2020-05-07,161.38999938964844,0.015350754880484763,0.20407618109478942,0.16442508629556624,0.146880033650428,0.22470720644000586,0.149497458398883,0.14931151766530015,0.1497313531131185,0.11193136007245605
2020-05-08,160.4199981689453,-0.006010293229887331,0.24368567910524236,0.15550666731964477,0.146880033650428,0.22589088410240488,0.149497458398883,0.14931151766530015,0.1497313531131185,0.11193136007245605
2020-05-11,159.4199981689453,-0.006233636774804485,0.09541044715714224,0.15597987807300062,0.14215427209843542,0.2202527621505249,0.1464171922737476,0.14675937887586393,0.1470798146532901,0.13160593318086805
2020-05-12,160.0399932861328,0.0038890673962401756,0.09895591601783649,0.15405016422945522,0.14215427209843542,0.21491425936809147,0.1464171922737476,0.14675937887586393,0.1470798146532901,0.13160593318086805
2020-05-13,161.5800018310547,0.00962264814750724,0.06173703097452599,0.13800645317589008,0.1282011471561615,0.20891514594821542,0.13800605097726693,0.1381636762754834,0.13874707607047157,0.09850779866208365
2020-05-14,163.00999450683594,0.008850059782004704,0.15275480371308323,0.1325819204078537,0.1282011471561615,0.20597778452448617,0.13800605097726693,0.1381636762754834,0.13874707607047157,0.09850779866208365
2020-05-15,163.92999267578125,0.0056438144895878395,0.1404903436274337,0.133290476325463,0.11352252202703662,0.20264621648013068,0.13319901430500533,0.13341302768377583,0.13530273292694153,0.1011864547212745
2020-05-18,162.69000244140625,-0.007564144999551381,0.08959277751139416,0.13368146255663926,0.11352252202703662,0.197694642460087,0.13319901430500533,0.13341302768377583,0.13530273292694153,0.1011864547212745
2020-05-19,164.25999450683594,0.00965020617044443,0.12007707929787441,0.13851535868827264,0.11699126791156078,0.1939156818216072,0.1267815473631608,0.12681023884113282,0.12921300447541456,0.09053915940928571
2020-05-20,164.64999389648438,0.0023742810342795018,0.15319227376498173,0.13146760756494022,0.11699126791156078,0.19171636998815617,0.1267815473631608,0.12681023884113282,0.12921300447541456,0.09053915940928571
2020-05-21,162.25,-0.0145763375976391,0.037690542955684705,0.12803882677112086,0.11381715799568709,0.18610505407389427,0.12011802160910164,0.12048029780461235,0.12332512874718038,0.09940800534402047
2020-05-22,163.2100067138672,0.005916836449104457,0.2313921858568424,0.13363174995393748,0.11381715799568709,0.18912833289402395,0.12011802160910164,0.12048029780461235,0.12332512874718038,0.09940800534402047
2020-05-26,160.88999938964844,-0.014214859559966153,0.09392686675543724,0.12370727926705771,0.10772711718704461,0.18480446451042787,0.12013602182199416,0.1196645149043885,0.12334946558852433,0.07815176398329096
2020-05-27,161.17999267578125,0.0018024320171106112,0.2256538999042769,0.12678115581844607,0.10772711718704461,0.18750655895015353,0.12013602182199416,0.1196645149043885,0.12334946558852433,0.07815176398329096
2020-05-28,161.72000122070312,0.003350344766475555,0.028612721234251168,0.1249894370878422,0.11583038676123975,0.18192940482328163,0.1169277330925301,0.11579609552222662,0.12067966218701774,0.10137064690354018
2020-05-29,162.91000366210938,0.0073584122707384125,0.05318507435052654,0.12261540488767887,0.11583038676123975,0.17686754639280927,0.1169277330925301,0.11579609552222662,0.12067966218701774,0.10137064690354018
2020-06-01,163.66000366210938,0.004603768848692402,0.11681117347595957,0.12470929288093689,0.10693946453349043,0.17385020058637157,0.11182159396232517,0.11100030615772678,0.11550328001679895,0.1076061549890507
2020-06-02,162.60000610351562,-0.0064768271714218395,0.07308256480359747,0.12403846729743048,0.10693946453349043,0.16950198342787218,0.11182159396232517,0.11100030615772678,0.11550328001679895,0.1076061549890507
2020-06-03,159.60000610351562,-0.01845018380928054,0.10281644388196857,0.11563959556962357,0.09483646797056736,0.16625685041758648,0.10704287266799171,0.10615690423117356,0.11056838884628423,0.09068331434038376
2020-06-04,161.27999877929688,0.010526269495827023,0.29288758801672005,0.12449968241132767,0.09483646797056736,0.17643652752472858,0.10704287266799171,0.10615690423117356,0.11056838884628423,0.09068331434038376
2020-06-05,158.00999450683594,-0.02027532426346157,0.16709934791522132,0.1295661511049074,0.11107859255654193,0.17589027509986668,0.11540251118086656,0.11381440046069324,0.11841082376223316,0.10095414194163307
2020-06-08,159.72000122070312,0.010822142733466267,0.32186079451387895,0.14113598799675764,0.11107859255654193,0.1878744469184958,0.11540251118086656,0.11381440046069324,0.11841082376223316,0.10095414194163307
2020-06-09,161.25999450683594,0.00964183116931494,0.17179618995357906,0.1396687156721572,0.12624498674583903,0.1869487501685658,0.12340371957008678,0.12120195821109986,0.1261561622652879,0.07798500663068739
2020-06-10,163.57000732421875,0.014324773012967418,0.15305932474367065,0.1355493359284494,0.12624498674583903,0.1850904494880079,0.12340371957008678,0.12120195821109986,0.1261561622652879,0.07798500663068739
2020-06-11,162.38999938964844,-0.007214084989501601,0.22739872187856727,0.14154880296124145,0.12255889435942857,0.1878977827035029,0.12454141824863575,0.12370211875086919,0.1270773811209079,0.12200626398407448
2020-06-12,162.6199951171875,0.0014163170663434865,0.11452004891463148,0.14225626354745938,0.12255889435942857,0.18432073306170363,0.12454141824863575,0.12370211875086919,0.1270773811209079,0.12200626398407448
2020-06-15,162.3300018310547,-0.0017832572551969017,0.022483336410968606,0.1404720047036613,0.12987698508275564,0.17879042117291882,0.11876634636466413,0.11773035780699279,0.121515111527437,0.15827965857658988
2020-06-16,162.25,-0.0004928345355281749,0.028308331325415877,0.13481534686785826,0.12987698508275564,0.17348237812049988,0.11876634636466413,0.11773035780699279,0.121515111527437,0.15827965857658988
2020-06-17,162.55999755859375,0.0019106166939522051,0.007823505711069465,0.12878503605347807,0.12212882438414015,0.168208322688683,0.11231353234466221,0.11131130921938834,0.11475938639732253,0.13779471274541794
2020-06-18,162.24000549316406,-0.001968455156468263,0.030330099737795643,0.12609127797285996,0.12212882438414015,0.16325315411789745,0.11231353234466221,0.11131130921938834,0.11475938639732253,0.13779471274541794
2020-06-19,164.02999877929688,0.011032995719469696,0.031248256865986562,0.12205360422595596,0.10842420534530205,0.15846477212019464,0.10618778150949429,0.10524803967635267,0.1084021032237794,0.10830757543990589
2020-06-22,165.08999633789062,0.006462217682632332,0.1751433773385418,0.12305138166111779,0.10842420534530205,0.15951467368380867,0.10618778150949429,0.10524803967635267,0.1084021032237794,0.10830757543990589
2020-06-23,166.47999572753906,0.008419646377624934,0.10258452543725564,0.12600110813755283,0.11291782836435606,0.15668328036129464,0.10499815669563448,0.10482212784806101,0.10756564896860941,0.0797617167503167
2020-06-24,165.89999389648438,-0.0034839130582626776,0.13365774265380842,0.12155863344650583,0.11291782836435606,0.15539798857890083,0.10499815669563448,0.10482212784806101,0.10756564896860941,0.0797617167503167
2020-06-25,165.8000030517578,-0.0006027175913517757,0.05530540524920116,0.11980311246894965,0.11341745084716134,0.1512717555728524,0.10087435013565971,0.1010103823854957,0.1041148105266416,0.07782911277297619
2020-06-26,166.5399932861328,0.004463149702982783,0.009567845145123917,0.10998101907080633,0.11341745084716134,0.14668213255775392,0.10087435013565971,0.1010103823854957,0.1041148105266416,0.07782911277297619
2020-06-29,166.6300048828125,0.0005404803669293301,0.07085030506886542,0.11190090924510697,0.1042782350331584,0.14326861161709548,0.09637669223745984,0.09667374105010028,0.09911661117189403,0.09767767019522719
2020-06-30,167.3699951171875,0.004440918278166173,0.008579859836447677,0.109873399494467,0.1042782350331584,0.13891997052223096,0.09637669223745984,0.09667374105010028,0.09911661117189403,0.09767767019522719
2020-07-01,166.6199951171875,-0.004481089931769877,0.07049739214073314,0.10776822761559308,0.09902494146903205,0.1357903739416838,0.09201150120845102,0.09246403986978559,0.09440726367113746,0.1152876580461962
2020-07-02,166.97999572753906,0.0021606086958432247,0.07113509737187095,0.10767970636869642,0.09902494146903205,0.13280171776221616,0.09201150120845102,0.09246403986978559,0.09440726367113746,0.1152876580461962
2020-07-06,167.97999572753906,0.005988741319838731,0.034298599738348604,0.10456525890762279,0.10059578730021884,0.12902984965813252,0.08793911416846015,0.08833548833280148,0.09020002214923005,0.11072102541124235
2020-07-07,169.0399932861328,0.006310260659329048,0.09506832119154006,0.09557347405193281,0.10059578730021884,0.12724802206039562,0.08793911416846015,0.08833548833280148,0.09020002214923005,0.11072102541124235
2020-07-08,170.08999633789062,0.006211565862881185,0.10017228247547483,0.0925313347137625,0.08694562912440738,0.12578793559704657,0.08626940056844475,0.08711054085542164,0.08846267974191482,0.08392259775104824
2020-07-09,169.6300048828125,-0.0027044004055614135,0.09860555115289171,0.0823833691064449,0.08694562912440738,0.12432470285647444,0.08626940056844475,0.08711054085542164,0.08846267974191482,0.08392259775104824
2020-07-10,169.19000244140625,-0.0025938951172596036,0.04293102551194632,0.07652586163182523,0.07297405869463686,0.1209951164841791,0.0835267646602559,0.0844900292709375,0.08569069252276132,0.09478681526281474
2020-07-13,169.39999389648438,0.0012411575864292868,0.04117680844352182,0.07144029270909119,0.07297405869463686,0.11774192496071453,0.0835267646602559,0.0844900292709375,0.08569069252276132,0.09478681526281474
2020-07-14,170.19000244140625,0.004663568910189042,0.01970276586919829,0.06199956743593806,0.05969455751978404,0.1142570049442092,0.0793530742806909,0.08024601812280113,0.08143964022695374,0.08525518072478547
2020-07-15,170.33999633789062,0.0008813320073604025,0.07403186135023633,0.0601591952739201,0.05969455751978404,0.11225072996551345,0.0793530742806909,0.08024601812280113,0.08143964022695374,0.08525518072478547
2020-07-16,168.72999572753906,-0.009451688651900159,0.013990711883741834,0.05977316688631888,0.05558078637738434,0.10888506415603572,0.07612080577598575,0.07711520015417948,0.07814556304988644,0.07282492255984516
2020-07-17,170.1199951171875,0.008238009985450212,0.15004090585523494,0.0653064657285834,0.05558078637738434,0.11178253964855041,0.07612080577598575,0.07711520015417948,0.07814556304988644,0.07282492255984516
2020-07-20,170.94000244140625,0.004820170160796611,0.13077435431740853,0.07089514066523515,0.061699933061512745,0.11301208742825285,0.079444806900534,0.08005375642843804,0.08127575929410968,0.06331642779212271
2020-07-21,173.0,0.012050997596656066,0.07651782913489232,0.07299458291055773,0.061699933061512745,0.11116081450371168,0.079444806900534,0.08005375642843804,0.08127575929410968,0.06331642779212271
2020-07-22,175.6300048828125,0.015202340363078104,0.19130365614593411,0.08026982833237353,0.068442478358219,0.11752084245591923,0.08299625263554589,0.08460418457933884,0.08393818877589475,0.051925170259407794
2020-07-23,177.17999267578125,0.008825301770064575,0.24132967168118424,0.0832782962570391,0.068442478358219,0.1283623002788628,0.08299625263554589,0.08460418457933884,0.08393818877589475,0.051925170259407794
2020-07-24,178.6999969482422,0.008578870839228259,0.14009732237213401,0.08498342339044267,0.08270371357655297,0.129096486819195,0.09071819144302706,0.0938503600204425,0.09120050321375477,0.09125441423371858
2020-07-27,182.22999572753906,0.019753770786684832,0.1361853526220517,0.08509831475263555,0.08270371357655297,0.12953275937245615,0.09071819144302706,0.0938503600204425,0.09120050321375477,0.09125441423371858
2020-07-28,183.75,0.00834113103275036,0.3135813897440448,0.0968381322296739,0.09188861752422879,0.14721415993454048,0.10251390072954665,0.10813718978933151,0.10231016242002022,0.1326455933984463
2020-07-29,185.1300048828125,0.0075102306547618625,0.13241135019396486,0.10242192791371213,0.09188861752422879,0.1463682147589764,0.10251390072954665,0.10813718978933151,0.10231016242002022,0.1326455933984463
2020-07-30,183.75999450683594,-0.007400261112960993,0.11922121560740206,0.10462060566546377,0.10363185154635988,0.14488290765055917,0.1007326479724843,0.10619639467788161,0.10073590539286235,0.15080879825859644
2020-07-31,185.42999267578125,0.00908793109962347,0.11747550325102113,0.10957040763885349,0.10363185154635988,0.14338627251368405,0.1007326479724843,0.10619639467788161,0.10073590539286235,0.15080879825859644
2020-08-03,185.63999938964844,0.0011325390830079218,0.14426643373016076,0.11292354589291836,0.10544471056327256,0.14343923448875306,0.09968249369801985,0.10445923931177603,0.09982321091901993,0.16656562788266094
2020-08-04,189.58999633789062,0.021277725496816835,0.01797850058220059,0.11050733694793334,0.10544471056327256,0.13913920633763646,0.09968249369801985,0.10445923931177603,0.09982321091901993,0.16656562788266094
2020-08-05,191.35000610351562,0.009283241730161151,0.33777342077805367,0.1243016469951927,0.10457296429087985,0.15825166237009272,0.10922892667645681,0.11608547735688828,0.10890770100832266,0.16280301111699408
2020-08-06,193.88999938964844,0.013274069532868138,0.1473668938710203,0.12667885484425997,0.10457296429087985,0.15761977480276865,0.10922892667645681,0.11608547735688828,0.10890770100832266,0.16280301111699408
2020-08-07,190.80999755859375,-0.01588530528005727,0.2107193212184905,0.1317037202416698,0.12058668936781948,0.16129944743993968,0.11088371777561074,0.11810656908596695,0.11059770855788296,0.16227302023786655
2020-08-10,190.14999389648438,-0.003458957447482258,0.25217140362823676,0.13868398626327635,0.12058668936781948,0.16814245760138685,0.11088371777561074,0.11810656908596695,0.11059770855788296,0.16227302023786655
2020-08-11,179.94000244140625,-0.05369440853432972,0.05490924720955689,0.139228450885895,0.13893934194682825,0.16357406399269822,0.11201614535829496,0.11654357776192903,0.11181073429485501,0.12125352886043081
2020-08-12,179.10000610351562,-0.004668202325739945,0.8523723106592436,0.17610097371388236,0.13893934194682825,0.2621896247091727,0.11201614535829496,0.11654357776192903,0.11181073429485501,0.12125352886043081
2020-08-13,183.3300018310547,0.023618065792215592,0.0741054145418474,0.17857382138082098,0.22618786796377563,0.25484954795858233,0.17942740918280825,0.16157664232668698,0.17031538921594205,0.190241795465448
2020-08-14,182.5399932861328,-0.0043092158240957135,0.374925171207385,0.19225079001069137,0.22618786796377563,0.26360107664671123,0.17942740918280825,0.16157664232668698,0.17031538921594205,0.190241795465448
2020-08-17,186.5,0.02169391289315903,0.0684066804975691,0.19472424312950168,0.23825818919457864,0.2561194338369285,0.17840753247702348,0.166940417949953,0.17174520950439237,0.18274218394667852
2020-08-18,188.17999267578125,0.009008003623491856,0.3443801908751792,0.20355784699404464,0.23825818919457864,0.26225407046916427,0.17840753247702348,0.166940417949953,0.17174520950439237,0.18274218394667852
2020-08-19,182.24000549316406,-0.03156545548841261,0.14299762438156896,0.20411345017877916,0.2084554831858296,0.25666605709308926,0.17694529981661655,0.17071547524622746,0.17179739398934063,0.19092267088250386
2020-08-20,183.5,0.006913929262821528,0.5010860714569119,0.22341200664796187,0.2084554831858296,0.277470812937825,0.17694529981661655,0.17071547524622746,0.17179739398934063,0.19092267088250386
2020-08-21,182.02999877929688,-0.008010905834894388,0.10975522447030737,0.2197052597536152,0.2324589242128669,0.27035795062906226,0.18623982230595634,0.1751788715391781,0.18163500710629207,0.2144364275339774
2020-08-24,181.0,-0.005658401286623649,0.12716918769292085,0.21451614684505776,0.2324589242128669,0.2639661651010491,0.18623982230595634,0.1751788715391781,0.18163500710629207,0.2144364275339774
2020-08-25,181.22000122070312,0.0012154763574758753,0.08982433573568452,0.21223101108885556,0.2239509069463083,0.25686874628199996,0.1739335595347119,0.16347887705152062,0.17155406461539197,0.21120676550976983
2020-08-26,183.36000061035156,0.011808847672626355,0.019295088998158863,0.2069178172877695,0.2239509069463083,0.24908833307697106,0.1739335595347119,0.16347887705152062,0.17155406461539197,0.21120676550976983
2020-08-27,181.24000549316406,-0.011561927956646234,0.1874596452720793,0.20118501072086198,0.18802761768176668,0.24582669694500692,0.16401968919790824,0.15579973581811515,0.16342813177633353,0.19311631931380158
2020-08-28,184.38999938964844,0.0173802350530341,0.1835399162983867,0.20350903645288113,0.18802761768176668,0.2425409925920315,0.16401968919790824,0.15579973581811515,0.16342813177633353,0.19311631931380158
2020-08-31,184.8300018310547,0.002386259791001155,0.27590267806905433,0.210630921110229,0.19388299658269934,0.24467100843421716,0.16255041095598508,0.1569065019561047,0.16275858553810052,0.197880172319991
2020-09-01,185.0500030517578,0.0011902895553947967,0.03788069982349213,0.20701297549988676,0.19388299658269934,0.23739874698757535,0.16255041095598508,0.1569065019561047,0.16275858553810052,0.197880172319991
2020-09-02,182.6199951171875,-0.013131628719242117,0.018895260910393633,0.20131428582626096,0.2126486932978547,0.2302131556190629,0.15017981266161923,0.14547684151712703,0.1521316316899677,0.17515439615230785
2020-09-03,181.13999938964844,-0.00810423703378893,0.20845814340208957,0.20997245140898316,0.2126486932978547,0.2289661526337909,0.15017981266161923,0.14547684151712703,0.1521316316899677,0.17515439615230785
2020-09-04,181.63999938964844,0.0027602959130217375,0.12865077454395163,0.20046687658016038,0.1981700893140213,0.22421648114322623,0.14528504560437594,0.13932249573560754,0.14791953160894772,0.15372495908879033
2020-09-08,181.2899932861328,-0.0019269219593246456,0.04381833918482096,0.19576012409442403,0.1981700893140213,0.21765075557463762,0.14528504560437594,0.13932249573560754,0.14791953160894772,0.15372495908879033
2020-09-09,183.0500030517578,0.00970825655471863,0.030588937801213988,0.18757237939363874,0.19149186045153535,0.21115321760519398,0.1344090452537305,0.1294449164447189,0.1386331080176718,0.18608593656319528
2020-09-10,182.4600067138672,-0.0032231430104036063,0.15411379504678935,0.18311521536720932,0.19149186045153535,0.20817205416709572,0.1344090452537305,0.1294449164447189,0.1386331080176718,0.18608593656319528
2020-09-11,182.4499969482422,-5.486005292487661e-05,0.05116580907314408,0.1829450590882815,0.18208050765340714,0.20221905026249606,0.12712079614794328,0.12389569643024172,0.13241055669684001,0.14241687251500168
2020-09-14,183.88999938964844,0.007892586821005798,0.0008708763417063908,0.14424044843748432,0.18208050765340714,0.19605875939946704,0.12712079614794328,0.12389569643024172,0.13241055669684001,0.14241687251500168
2020-09-15,183.4499969482422,-0.0023927480714920346,0.1252909315762032,0.14656706284813686,0.12865576953397073,0.1925475628543155,0.11925301969394772,0.11759488910871224,0.12556490508801016,0.10298353903846763
2020-09-16,183.97000122070312,0.0028345831622316187,0.03798369808318393,0.13125154134249137,0.12865576953397073,0.18691349818210792,0.11925301969394772,0.11759488910871224,0.12556490508801016,0.10298353903846763
2020-09-17,182.9600067138672,-0.005489995652194879,0.04499761270677551,0.13018749280654618,0.11856329522590366,0.18155424413510976,0.10961679306630331,0.1091490007844147,0.11731175523621538,0.1120391714799238
2020-09-18,183.1999969482422,0.0013117087099276947,0.08715097916720102,0.11849525591072901,0.11856329522590366,0.17731312568405894,0.10961679306630331,0.1091490007844147,0.11731175523621538,0.1120391714799238
2020-09-21,179.52000427246094,-0.020087296599797022,0.020822730234156248,0.11294185163130116,0.1109309996276198,0.17198710135682876,0.1019606808348055,0.10212064288350227,0.11042786887140685,0.10177034421194107
2020-09-22,178.64999389648438,-0.004846314367596194,0.3188759478879376,0.10465957328725688,0.1109309996276198,0.18413500878329056,0.1019606808348055,0.10212064288350227,0.11042786887140685,0.10177034421194107
2020-09-23,174.7899932861328,-0.021606497297661065,0.07693285555139276,0.1031676474273062,0.10859890906314458,0.1795173507710122,0.11232447120240095,0.10676379323661911,0.11739559256820241,0.11112666857920966
2020-09-24,175.44000244140625,0.003718800733685912,0.3429925113168018,0.11297779850111897,0.10859890906314458,0.19326541916063636,0.11232447120240095,0.10676379323661911,0.11739559256820241,0.11112666857920966
2020-09-25,174.94000244140625,-0.0028499771605223767,0.05903413150042478,0.11157824376315263,0.13313197283070957,0.1879349159407502,0.12071444948044081,0.11170821327198817,0.12377526199064345,0.15080543202904612
2020-09-28,176.6999969482422,0.01006056066236427,0.04524198485373731,0.11275764812022437,0.13313197283070957,0.18254635275317824,0.12071444948044081,0.11170821327198817,0.12377526199064345,0.15080543202904612
2020-09-29,178.19000244140625,0.008432402483858015,0.1597064493749707,0.11149613921581035,0.11432279820002887,0.18125713681837777,0.11621190246395222,0.1094903660886691,0.11958369901084233,0.12285518370902565
2020-09-30,177.1199951171875,-0.006004867330144381,0.13386023956254992,0.10923797209145412,0.11432279820002887,0.17876804662155077,0.11621190246395222,0.1094903660886691,0.11958369901084233,0.12285518370902565
2020-10-01,178.6999969482422,0.008920516455577454,0.09532431366899055,0.10102986461872397,0.09764333071898199,0.17488778433584118,0.11160281374615036,0.10615516464826248,0.11548036250939081,0.10206376791585019
2020-10-02,178.5399932861328,-0.0008953758525005462,0.14160880864630382,0.10574477865612449,0.09764333071898199,0.17307159259820556,0.11160281374615036,0.10615516464826248,0.11548036250939081,0.10206376791585019
2020-10-05,179.41000366210938,0.004872915921881216,0.014213651013893373,0.10553197820628357,0.10944273846798333,0.16783525037106825,0.10633817092772724,0.10269248503547902,0.11077200167270279,0.09457730988951493
2020-10-06,177.3000030517578,-0.011760774579356315,0.07735514213414847,0.0995727508759226,0.10944273846798333,0.16382179364165098,0.10633817092772724,0.10269248503547902,0.11077200167270279,0.09457730988951493
2020-10-07,177.22000122070312,-0.0004512229536247636,0.18669650857480247,0.10221119333187038,0.091689403693613,0.16528357585220285,0.10570114461082285,0.10101257837575199,0.10937622305943308,0.11533778653090401
2020-10-08,177.85000610351562,0.0035549310375408982,0.007162942326810932,0.10054503892923355,0.091689403693613,0.16025797728746008,0.10570114461082285,0.10101257837575199,0.10937622305943308,0.11533778653090401
2020-10-09,181.0800018310547,0.018161347296547614,0.056432780719908225,0.10171975906190146,0.09803771075733692,0.15598955622604632,0.09871381331380195,0.09507326937593402,0.10304484179692504,0.09258213585240924
2020-10-12,180.55999755859375,-0.002871682500567352,0.28830245052324127,0.1078192434017402,0.09803771075733692,0.1669127776150325,0.09871381331380195,0.09507326937593402,0.10304484179692504,0.09258213585240924
2020-10-13,177.72000122070312,-0.015728823528417535,0.04558654644502388,0.10756564055500745,0.11824961282763861,0.16221273317561244,0.10552865831650478,0.10570566707265251,0.10816795073055417,0.08014357806085996
2020-10-14,178.27000427246094,0.003094772946095059,0.24968733283088565,0.1188754794863338,0.11824961282763861,0.16874483223677214,0.10552865831650478,0.10570566707265251,0.10816795073055417,0.08014357806085996
2020-10-15,178.9199981689453,0.003646120384284801,0.04912799747746937,0.11541352793639134,0.12651249307005277,0.16404616091328736,0.1077468580434195,0.10515108001315403,0.10991131434460437,0.08105146500380692
2020-10-16,178.3000030517578,-0.0034652086045857677,0.05788036672212505,0.11631792196543413,0.12651249307005277,0.15967931158067453,0.1077468580434195,0.10515108001315403,0.10991131434460437,0.08105146500380692
2020-10-19,178.38999938964844,0.0005047466985432791,0.055008481252170574,0.11677296144477026,0.11465690679407399,0.15540009515648848,0.10126546397406412,0.09927426369381925,0.10385541476748597,0.10395449174045945
2020-10-20,179.25,0.0048209014703402,0.008012605436558427,0.11317576263883197,0.11465690679407399,0.1506787652953124,0.10126546397406412,0.09927426369381925,0.10385541476748597,0.10395449174045945
2020-10-21,180.60000610351562,0.007531414803434444,0.07652943831399478,0.11570788573337008,0.09843512601405882,0.14728628648989692,0.09548538078239587,0.09430752317948995,0.09864683796072406,0.09778740294219537
2020-10-22,178.8300018310547,-0.009800687777642758,0.11955750354214768,0.10664795644492507,0.09843512601405882,0.14577137913835755,0.09548538078239587,0.09430752317948995,0.09864683796072406,0.09778740294219537
2020-10-23,178.63999938964844,-0.001062475196895396,0.15558109522219823,0.1102228764299617,0.09433471243383859,0.14637850220840895,0.09595906261805125,0.09427752637140402,0.09877881596352554,0.09168837969095973
2020-10-26,178.5500030517578,-0.0005037860400700644,0.01686627087095762,0.09539895640969603,0.09433471243383859,0.14197934434218276,0.09595906261805125,0.09427752637140402,0.09877881596352554,0.09168837969095973
2020-10-27,179.02000427246094,0.0026323226696718383,0.007997355456068469,0.09307910295313439,0.09373868278978173,0.13766801962802902,0.08984618781978852,0.08861592652149514,0.09322564236766451,0.08059425135997736
2020-10-28,176.1300048828125,-0.01614344386479838,0.04178682692657586,0.0929220503200816,0.09373868278978173,0.13386598875323288,0.08984618781978852,0.08861592652149514,0.09322564236766451,0.08059425135997736
2020-10-29,175.39999389648438,-0.004144728133141373,0.2562692266223276,0.09731126746768873,0.08473567244402762,0.14417118907397616,0.09661227067147495,0.09143705991060362,0.09843330296785396,0.09327785358137974
2020-10-30,176.1999969482422,0.004561020978312902,0.06579551935359049,0.09421741654909967,0.08473567244402762,0.14070520557351265,0.09661227067147495,0.09143705991060362,0.09843330296785396,0.09327785358137974
2020-11-02,177.91000366210938,0.009704919089013941,0.07240396339898678,0.09317558244591768,0.09674346982815023,0.13756677512360424,0.09210131000131702,0.0876861039030221,0.09442482393814125,0.07059327703094206
2020-11-03,178.9199981689453,0.005676996717700833,0.15406081442120645,0.09374158270841325,0.09674346982815023,0.13861177667587024,0.09210131000131702,0.0876861039030221,0.09442482393814125,0.07059327703094206
2020-11-04,178.82000732421875,-0.0005588578456844351,0.09011952905259814,0.09719184989199076,0.10097841860469191,0.13619002506148006,0.09181467806327429,0.08979585329552679,0.09394272338011248,0.09032105809599451
2020-11-05,182.92999267578125,0.022983923404670703,0.008871593267509961,0.09407896130714354,0.10097841860469191,0.13205900900998016,0.09181467806327429,0.08979585329552679,0.09394272338011248,0.09032105809599451
2020-11-06,183.19000244140625,0.0014213621387162423,0.36485847288789386,0.10217723241228406,0.09321097966805045,0.15614259272646047,0.10797680707340558,0.11181396207572818,0.10737739912378703,0.11388952017430277
2020-11-09,175.0800018310547,-0.04427097823171633,0.02256342445203641,0.10287725432706703,0.09321097966805045,0.15148671623254956,0.10797680707340558,0.11181396207572818,0.10737739912378703,0.11388952017430277
2020-11-10,175.66000366210938,0.0033127817282887495,0.7027799921920526,0.13225667303034633,0.13531229790075483,0.2262859136772624,0.16375085824768315,0.1437067123414586,0.15461895425291555,0.14172910540902345
2020-11-11,174.89999389648438,-0.004326595410341194,0.05258877960534468,0.12154241526135103,0.13531229790075483,0.21977017684265307,0.16375085824768315,0.1437067123414586,0.15461895425291555,0.14172910540902345
2020-11-12,175.9600067138672,0.006060679556170845,0.06868257287613753,0.12259223464458345,0.19253622131580223,0.21373823368947611,0.1501608061421105,0.13229691336893254,0.14375407467263696,0.12446894091962402
2020-11-13,177.16000366210938,0.006819714153532219,0.09621030529008824,0.11561600612000177,0.19253622131580223,0.2085626427692553,0.1501608061421105,0.13229691336893254,0.14375407467263696,0.12446894091962402
2020-11-16,177.14999389648438,-5.650127239831271e-05,0.10825960597676168,0.11830380650633324,0.17634750306475597,0.2039403881984558,0.1406289757971397,0.1256768234355138,0.13617202440402154,0.08438113750408009
2020-11-17,176.5,-0.0036691725592956637,0.0008969298931479205,0.11571365028683428,0.17634750306475597,0.1977276644559851,0.1406289757971397,0.1256768234355138,0.13617202440402154,0.08438113750408009
2020-11-18,175.49000549316406,-0.005722348480656891,0.05824630865567233,0.11586082425972072,0.13222028025609703,0.19223426718997375,0.13067126633291865,0.1167311438342888,0.1280025102073691,0.08526104383373158
2020-11-19,175.16000366210938,-0.0018804594035273237,0.09083946597039863,0.11962568155671346,0.13222028025609703,0.1877015748144098,0.13067126633291865,0.1167311438342888,0.1280025102073691,0.08526104383373158
2020-11-20,175.69000244140625,0.0030257979459697992,0.02985136759371693,0.1175039510694281,0.13304258607369293,0.18213026811975494,0.12270149136689153,0.10937970614213716,0.12164168236562106,0.07471052874833359
2020-11-23,172.22999572753906,-0.0196938167555728,0.04803305329539685,0.1142528396945758,0.13304258607369293,0.17697338484637767,0.12270149136689153,0.10937970614213716,0.12164168236562106,0.07471052874833359
2020-11-24,169.58999633789062,-0.015328336846880064,0.31262964900553525,0.12139141032109109,0.1267392073820589,0.1878952954535704,0.12703051399211274,0.11084022331008848,0.12517220364829093,0.09000119915405055
2020-11-25,169.50999450683594,-0.0004717367343725076,0.24332980385443562,0.13168520727488556,0.1267392073820589,0.19167401268038328,0.12703051399211274,0.11084022331008848,0.12517220364829093,0.09000119915405055
2020-11-27,167.7899932861328,-0.010146901518740647,0.007488588500660344,0.13166208150418518,0.1652231389753892,0.18584390290306455,0.12515712658618353,0.1080762831602954,0.12381990203669369,0.09528428772272207
2020-11-30,166.6699981689453,-0.006674981596057172,0.16107706797870813,0.13708436518837303,0.1652231389753892,0.18445169606481285,0.12515712658618353,0.1080762831602954,0.12381990203669369,0.09528428772272207
2020-12-01,170.17999267578125,0.0210595460814611,0.10596204785460167,0.13025222069893092,0.15701532907594826,0.1807062805368075,0.1211290055697062,0.10384591945493109,0.12065931868274553,0.06532512125280934
2020-12-02,171.4600067138672,0.00752153069206285,0.3343099299327052,0.1424574211797998,0.15701532907594826,0.1933940588307127,0.1211290055697062,0.10384591945493109,0.12065931868274553,0.06532512125280934
2020-12-03,172.80999755859375,0.007873502810363364,0.11940059813842706,0.14459363184977433,0.16094729315195488,0.18976979854999315,0.12769952928416733,0.1208262370540883,0.1259779568872816,0.09800809118986034
2020-12-04,172.32000732421875,-0.002835427586930339,0.12498798229913766,0.1432721394805894,0.16094729315195488,0.18651847521989678,0.12769952928416733,0.1208262370540883,0.1259779568872816,0.09800809118986034
2020-12-07,174.88999938964844,0.014914066598165077,0.04501101753329792,0.14122175259334846,0.16572838386037891,0.1811721628849667,0.12115392181953379,0.11560369169034056,0.12092333836438884,0.1315892595428434
2020-12-08,175.5,0.003487910186290799,0.23675346753239923,0.1515800196053889,0.16572838386037891,0.1849786033882535,0.12115392181953379,0.11560369169034056,0.12092333836438884,0.1315892595428434
2020-12-09,172.5,-0.017094017094017144,0.055368857689526534,0.13751230982364493,0.1521042862232384,0.17985550120274674,0.12039023576492669,0.11854347538883084,0.12054139015428131,0.15609805416626923
2020-12-10,172.1699981689453,-0.001913054093070632,0.2713591088271383,0.14882120456796774,0.1521042862232384,0.1866152919530586,0.12039023576492669,0.11854347538883084,0.12054139015428131,0.15609805416626923
2020-12-11,172.49000549316406,0.0018586706605219216,0.030368792249274634,0.11825705911602329,0.1270838507431398,0.18108309410831963,0.12129208586696225,0.11596277970174843,0.12109034697261277,0.143365916667965
2020-12-14,171.5399932861328,-0.005507636250083436,0.029505482021478978,0.11720781831675665,0.1270838507431398,0.1757152701437504,0.12129208586696225,0.11596277970174843,0.12109034697261277,0.143365916667965
2020-12-15,173.94000244140625,0.013990959829817351,0.08743101497715071,0.1180600202304391,0.11426660617224628,0.17170310345123585,0.11418082563203132,0.10907198340075212,0.11519914564619975,0.10928414132551931
2020-12-16,174.89999389648438,0.005519095329445722,0.22209960187674768,0.12378226098437815,0.11426660617224628,0.17513632512967503,0.11418082563203132,0.10907198340075212,0.11519914564619975,0.10928414132551931
2020-12-17,176.74000549316406,0.010520363984510617,0.08761292222262887,0.1228437753591903,0.11447953982079645,0.17115177441544366,0.11399183066537406,0.11250013772229811,0.1148952994830931,0.10093773461013839
2020-12-18,176.44000244140625,-0.0016974258370123785,0.167005600829374,0.13039416949265512,0.11447953982079645,0.170905840552406,0.11399183066537406,0.11250013772229811,0.1148952994830931,0.10093773461013839
2020-12-21,175.8800048828125,-0.003173869592184575,0.026945799802262464,0.12897141909022738,0.12740379658365497,0.16583076470440572,0.11010828317795672,0.11048636221353249,0.11179437764532717,0.10079519875855825
2020-12-22,174.49000549316406,-0.007903112071065643,0.050383617808022266,0.12713251690102848,0.12740379658365497,0.16125186047827972,0.11010828317795672,0.11048636221353249,0.11179437764532717,0.10079519875855825
2020-12-23,175.64999389648438,0.00664787877129025,0.1254580147410739,0.1314782735895447,0.11081387345059475,0.1593311506423351,0.10531879745649317,0.10500606678104975,0.10790984165775469,0.10557804548212059
2020-12-24,176.35000610351562,0.003985267471422693,0.10553180384963784,0.134091853160192,0.11081387345059475,0.1566251842091027,0.10531879745649317,0.10500606678104975,0.10790984165775469,0.10557804548212059
2020-12-28,175.7100067138672,-0.003629142996869339,0.06326415982475794,0.12275705819742941,0.10533971984007764,0.15264240126492767,0.10079359475107101,0.10145187829147166,0.10396434029940516,0.11319668195022986
2020-12-29,176.35000610351562,0.003642361648136694,0.05761085905204759,0.11431528797913905,0.10533971984007764,0.14866358386952297,0.10079359475107101,0.10145187829147166,0.10396434029940516,0.11319668195022986
2020-12-30,177.6999969482422,0.007655178894261816,0.05782069863557425,0.11660311116708967,0.1016634672390914,0.14482887657589974,0.09537737748849472,0.09620765322083465,0.09937250985494077,0.10811608676337524
2020-12-31,178.36000061035156,0.003714145601823482,0.1215221975755631,0.11480516251240126,0.1016634672390914,0.1435372354165936,0.09537737748849472,0.09620765322083465,0.09937250985494077,0.10811608676337524
2021-01-04,182.3300018310547,0.022258360658879317,0.05896023357305556,0.11266871640869462,0.09764681128582943,0.13991190164727108,0.09254145800779856,0.09433076347366971,0.09660597756704999,0.08838456681771213
2021-01-05,182.8699951171875,0.0029616260665272787,0.3533405213722708,0.11353374329231124,0.09764681128582943,0.16090926403355407,0.09254145800779856,0.09433076347366971,0.09660597756704999,0.08838456681771213
2021-01-06,179.89999389648438,-0.01624105266038789,0.04701435629038569,0.11024345957194571,0.11857650338418158,0.1564317894756522,0.10613857643229871,0.11294406765874349,0.10654094496336063,0.10126683981016343
2021-01-07,179.47999572753906,-0.00233462025122122,0.2578187182157419,0.11628122029542774,0.11857650338418158,0.1642890135121213,0.10613857643229871,0.11294406765874349,0.10654094496336063,0.10126683981016343
2021-01-08,173.33999633789062,-0.03420993723985433,0.03706094754303892,0.11591985347768868,0.13039374023613318,0.15954258990346773,0.10844666355120948,0.11078907576806979,0.10836661478991502,0.10534342123443569
2021-01-11,173.0,-0.0019614419353504164,0.5430659178226918,0.129843146672702,0.13039374023613318,0.20401432101584413,0.10844666355120948,0.11078907576806979,0.10836661478991502,0.10534342123443569
2021-01-12,174.1199951171875,0.006473960214956609,0.031136925432182595,0.1287416952064591,0.16883144151159069,0.19794621258388526,0.13484726016908763,0.12398190812471371,0.13062240435440406,0.18089818874755192
2021-01-13,173.3699951171875,-0.004307374345463466,0.10277093235900868,0.12107859627608955,0.16883144151159069,0.19355994617689581,0.13484726016908763,0.12398190812471371,0.13062240435440406,0.18089818874755192
2021-01-14,173.27999877929688,-0.0005190998467168306,0.0683774479305357,0.12280626244341959,0.1541694563766399,0.1884092729174767,0.12744814791600886,0.11775751779433521,0.12467309732188903,0.19067482579107764
2021-01-15,171.1300048828125,-0.012407628760563338,0.008240454600146897,0.1218396702879045,0.1541694563766399,0.18268071923313559,0.12744814791600886,0.11775751779433521,0.12467309732188903,0.19067482579107764
2021-01-19,172.5800018310547,0.00847307255811236,0.19696500036277906,0.12681848780543306,0.11117067601725938,0.1835691236315033,0.12398727535292989,0.11312400460677516,0.12193368997460298,0.10675330203075468
2021-01-20,175.38999938964844,0.016282289539807593,0.1345058569762271,0.1228369539463185,0.11117067601725938,0.18100076048304992,0.12398727535292989,0.11312400460677516,0.12193368997460298,0.10675330203075468
2021-01-21,175.27999877929688,-0.0006271772092728556,0.25847333338247525,0.13060333627176604,0.11796934087600713,0.18655858763912947,0.12568118864424485,0.12120855052244184,0.12355288565369743,0.11479977342659703
2021-01-22,173.89999389648438,-0.007873145210082533,0.009956129542220932,0.12346472394053182,0.11796934087600713,0.18089170156621348,0.12568118864424485,0.12120855052244184,0.12355288565369743,0.11479977342659703
2021-01-25,174.0500030517578,0.0008626173693986328,0.12498230557066659,0.12792092874818659,0.1338086253627439,0.1780329571628085,0.11976825865039582,0.11460696817328068,0.1185467774473314,0.11269989547767234
2021-01-26,173.6199951171875,-0.0024705999829396363,0.013693626216201125,0.12625320185764924,0.1338086253627439,0.17264194371560834,0.11976825865039582,0.11460696817328068,0.1185467774473314,0.11269989547767234
2021-01-27,172.52000427246094,-0.006335623059913753,0.03921955886387219,0.12233327204504917,0.13446971881254446,0.16765803504144286,0.11271907413628124,0.10760841893255121,0.1125548724361497,0.11277051460361157
2021-01-28,172.67999267578125,0.0009273614616172043,0.1005748981030672,0.12210795814747775,0.13446971881254446,0.16440675873827926,0.11271907413628124,0.10760841893255121,0.1125548724361497,0.11277051460361157
2021-01-29,172.61000061035156,-0.0004053281700162614,0.01472140681742696,0.11990146937441727,0.12507885607248698,0.1594390496986802,0.10707366098876533,0.10185641221311079,0.10785686311654887,0.14121834443005765
2021-02-01,174.22999572753906,0.009385291185094458,0.00643438522339161,0.11757526601856928,0.12507885607248698,0.15458992856418974,0.10707366098876533,0.10185641221311079,0.10785686311654887,0.14121834443005765
2021-02-02,172.11000061035156,-0.012167796413785958,0.14898687874611966,0.12171918329632132,0.11217339962291502,0.15425948481368357,0.10339443366413391,0.10019694577905815,0.10481683971665905,0.11750083529209329
2021-02-03,171.85000610351562,-0.0015106298641213156,0.19315777988724736,0.12497534612867062,0.11217339962291502,0.15686562724683284,0.10339443366413391,0.10019694577905815,0.10481683971665905,0.11750083529209329
2021-02-04,168.14999389648438,-0.021530474690833024,0.023980505661193773,0.12338535849631325,0.1337979267747843,0.1522002608077784,0.1017720633245267,0.09723851165823993,0.10342206125087995,0.07335273405750642
2021-02-05,169.80999755859375,0.009872160109213546,0.3417856898466868,0.122860138881514,0.1337979267747843,0.16965869177144138,0.1017720633245267,0.09723851165823993,0.10342206125087995,0.07335273405750642
2021-02-08,171.52000427246094,0.010070118005137685,0.15671568331194774,0.12784656283703955,0.13862124168139212,0.1689100817468779,0.11329817836879177,0.10610858638247812,0.11241978467768364,0.09564300189175097
2021-02-09,172.0800018310547,0.0032649110578624185,0.15985816748800902,0.12339381053123351,0.13862124168139212,0.1683806900910856,0.11329817836879177,0.10610858638247812,0.11241978467768364,0.09564300189175097
2021-02-10,172.7100067138672,0.0036611162023989507,0.05182885627109264,0.1240650791097814,0.14432147084567215,0.1637440295350013,0.10967511405970354,0.10473643468890986,0.10965578213247865,0.08878265722222488
2021-02-11,171.2100067138672,-0.008685078696598514,0.058118417954741035,0.10202201093396544,0.14432147084567215,0.15939274075751234,0.10967511405970354,0.10473643468890986,0.10965578213247865,0.08878265722222488
2021-02-12,170.69000244140625,-0.0030372306060941767,0.13787135008934798,0.10687357569110932,0.09610112987989397,0.15818404979120876,0.10554177525183947,0.10049834670901768,0.10621469457907035,0.11935488419737078
2021-02-16,168.24000549316406,-0.014353488272303538,0.04821454114847502,0.10439373972699416,0.09610112987989397,0.153819181217871,0.10554177525183947,0.10049834670901768,0.10621469457907035,0.11935488419737078
2021-02-17,166.3300018310547,-0.011352850687983307,0.22785456248878388,0.1116426994796418,0.09091961788012512,0.15923499043464462,0.10734316109138109,0.10005598767132064,0.10736614759564526,0.1258608031781528
2021-02-18,166.32000732421875,-6.0088418961767864e-05,0.18022091755231426,0.11945999325019488,0.09091961788012512,0.16057151053472085,0.10734316109138109,0.10005598767132064,0.10736614759564526,0.1258608031781528
2021-02-19,167.00999450683594,0.004148551901348441,0.0009538740794873744,0.11055039660095435,0.11771554119198539,0.15568003079465081,0.1054875486844106,0.09724653746905393,0.10573000455992607,0.13575738286756178
2021-02-22,169.50999450683594,0.014969164015496528,0.06585621979207283,0.10742995854712914,0.11771554119198539,0.15179696363909304,0.1054875486844106,0.09724653746905393,0.10573000455992607,0.13575738286756178
2021-02-23,169.1199951171875,-0.0023007456922117253,0.23762811191724498,0.10648244848052778,0.09521167233221425,0.15826498745536402,0.1076318946660592,0.10401316597570694,0.1072973981072291,0.11906536795377923
2021-02-24,169.0,-0.0007095264939214196,0.03652320558957229,0.10769004284631647,0.09521167233221425,0.15370417870631892,0.1076318946660592,0.10401316597570694,0.1072973981072291,0.11906536795377923
2021-02-25,165.82000732421875,-0.018816524708764826,0.011263383909165951,0.1025210009526119,0.10671862546525243,0.1490472673607339,0.1016426251003713,0.0981955606949791,0.10245319026241216,0.10210345353139481
2021-02-26,161.80999755859375,-0.024182906697045592,0.2987030695073628,0.1154759756476647,0.10671862546525243,0.16197405365436526,0.1016426251003713,0.0981955606949791,0.10245319026241216,0.10210345353139481
2021-03-01,161.52999877929688,-0.0017304170540851649,0.38389174259436626,0.13114289308995988,0.11442689750427176,0.18304051632281287,0.1244878583986767,0.11276236596120555,0.12123341124344345,0.17725316495540494
2021-03-02,162.41000366210938,0.005447934683729505,0.027469519137206112,0.1278199213187844,0.11442689750427176,0.17759187832689977,0.1244878583986767,0.11276236596120555,0.12123341124344345,0.17725316495540494
2021-03-03,160.6199951171875,-0.011021541189334294,0.08648328199242956,0.13108182473582997,0.14025403232015074,0.17347998217854044,0.11779935548789905,0.10711129293958199,0.11581118750818202,0.14462390595539265
2021-03-04,159.0399932861328,-0.009836893780889033,0.17496154230980157,0.1387421500579395,0.14025403232015074,0.17356923241436592,0.11779935548789905,0.10711129293958199,0.11581118750818202,0.14462390595539265
2021-03-05,159.13999938964844,0.0006288110395962221,0.15615584770554167,0.1390680122833678,0.1334911565096325,0.17257398604892807,0.11699149680027188,0.1053922542916389,0.11525071279075118,0.1716283854427798
2021-03-08,157.49000549316406,-0.010368190918767173,0.009982065794541558,0.13074184346097206,0.1334911565096325,0.1673345520788169,0.11699149680027188,0.1053922542916389,0.11525071279075118,0.1716283854427798
2021-03-09,160.83999633789062,0.02127113294736649,0.16458992830017738,0.13713318085365314,0.12033742909081686,0.16717114538736833,0.11338087869085589,0.10161529057170944,0.11230044303166373,0.12102639420688402
2021-03-10,161.66000366210938,0.005098279923459348,0.3376687672999446,0.13694604801061938,0.12033742909081686,0.18196327135910975,0.11338087869085589,0.10161529057170944,0.11230044303166373,0.12102639420688402
2021-03-11,161.52000427246094,-0.000866011298261804,0.08093268475000111,0.13350136625780362,0.135565292211573,0.17753027956925277,0.12006733531399533,0.11637866895151548,0.11790935941898871,0.1273696395932973
2021-03-12,161.49000549316406,-0.00018572795011984056,0.013747503166637498,0.126859972425014,0.135565292211573,0.1721549295974409,0.12006733531399533,0.11637866895151548,0.11790935941898871,0.1273696395932973
2021-03-15,162.1999969482422,0.004396503999798185,0.0029483398051854425,0.12463813076747278,0.13816597308145537,0.16691195930811623,0.11288307265465854,0.10937008249082762,0.11203850902622528,0.12333682828667179
2021-03-16,162.35000610351562,0.0009248406787658592,0.06979233732940059,0.12516876346632094,0.13816597308145537,0.16272763825319853,0.11288307265465854,0.10937008249082762,0.11203850902622528,0.12333682828667179
2021-03-17,163.50999450683594,0.00714498527693741,0.014681390630223827,0.1195692198545426,0.11618588876040578,0.15781127903361736,0.10700319342488583,0.10384363380888263,0.10734906309529882,0.1381873947073059
2021-03-18,162.55999755859375,-0.005810023730399405,0.1134231249839661,0.12253324639251945,0.11618588876040578,0.15550570446025566,0.10700319342488583,0.10384363380888263,0.10734906309529882,0.1381873947073059
2021-03-19,163.24000549316406,0.004183119739068708,0.09223126741212366,0.11636855116176216,0.10906714188210812,0.152451628636123,0.10361523771590042,0.10110548856861809,0.10449072307153959,0.12032297413052126
2021-03-22,163.0,-0.0014702614866924923,0.06640496720388722,0.1111950988731973,0.10906714188210812,0.14869965134303081,0.10361523771590042,0.10110548856861809,0.10449072307153959,0.12032297413052126
2021-03-23,161.80999755859375,-0.007300628474884996,0.023339677536146616,0.11221263539395453,0.11267524941778932,0.14428297045672464,0.09806476367486808,0.09607439344553757,0.09976842066360372,0.1047063561211096
2021-03-24,162.3699951171875,0.0034608341081703298,0.11589388415413476,0.11448707468313918,0.11267524941778932,0.14273893853131678,0.09806476367486808,0.09607439344553757,0.09976842066360372,0.1047063561211096
2021-03-25,161.77999877929688,-0.003633653726877295,0.054939038274412225,0.10618302588119222,0.10577949541500847,0.13904329604211502,0.09453082831706291,0.09242218705654344,0.09670712291243308,0.10486908547589906
2021-03-26,162.24000549316406,0.0028434090575977233,0.05768246467104204,0.10714481038489537,0.10577949541500847,0.1355459032491631,0.09453082831706291,0.09242218705654344,0.09670712291243308,0.10486908547589906
2021-03-29,160.30999755859375,-0.011896005111092234,0.04513771945219265,0.10868455290957843,0.1052800630631223,0.13188091293820456,0.08984670396707634,0.08811830363448943,0.09279301602675914,0.10903849847873531
2021-03-30,157.57000732421875,-0.017091823816998808,0.1888432267146201,0.10369092369172649,0.1052800630631223,0.13597325671663818,0.08984670396707634,0.08811830363448943,0.09279301602675914,0.10903849847873531
2021-03-31,159.9600067138672,0.015167857324082767,0.2713242916338576,0.09857422137533972,0.0847515908967676,0.14763609051799612,0.101472521823422,0.09460023202666419,0.1015873453872767,0.10065612070940272
2021-04-01,161.97999572753906,0.012628087827510459,0.24078227040739583,0.10827025552398471,0.0847515908967676,0.15481342452960623,0.101472521823422,0.09460023202666419,0.1015873453872767,0.10065612070940272
2021-04-05,161.9199981689453,-0.0003704010382533651,0.20046467955524758,0.11345122814047644,0.10959689960556315,0.15792507683917817,0.10850017487645731,0.10752422326215248,0.10727977047893729,0.10213162694001456
2021-04-06,163.22000122070312,0.00802867506459215,0.005879934195471158,0.10576570049891595,0.10959689960556315,0.1531208167381212,0.10850017487645731,0.10752422326215248,0.10727977047893729,0.10213162694001456
2021-04-07,162.75999450683594,-0.002818323186048577,0.1274512654695376,0.10446094676091576,0.10992199375167576,0.15170318042685696,0.10422439591376001,0.1041303386606159,0.10380496775241033,0.12462303122209285
2021-04-08,164.50999450683594,0.01075202788807239,0.04473949358695054,0.10604082984238893,0.10992199375167576,0.1474893928108429,0.10422439591376001,0.1041303386606159,0.10380496775241033,0.12462303122209285
2021-04-09,163.27000427246094,-0.00753747660190629,0.17068315128882341,0.106317794523691,0.09713098937593034,0.14898287827881918,0.10247752661973303,0.10371401653549442,0.10239768560908784,0.09040928864563573
2021-04-12,162.27999877929688,-0.006063609158189043,0.11965373160967346,0.09640802017413322,0.09713098937593034,0.14738780501898438,0.10247752661973303,0.10371401653549442,0.10239768560908784,0.09040928864563573
2021-04-13,163.42999267578125,0.007086479573175097,0.09625681128037152,0.09710457138005914,0.09060273112763106,0.14482989189834813,0.09978332228400599,0.09989006001693865,0.10017244079437634,0.08467297613395063
2021-04-14,162.72000122070312,-0.004344315528953313,0.11249437572936273,0.10159306558745575,0.09060273112763106,0.1430959636268414,0.09978332228400599,0.09989006001693865,0.10017244079437634,0.08467297613395063
2021-04-15,165.35000610351562,0.016162763416190717,0.06896387103843893,0.10459377155260365,0.09494224406542662,0.13976132672679178,0.09652203819218644,0.09702952401916677,0.09745119682325304,0.0765289168309598
2021-04-16,166.35000610351562,0.006047777218550321,0.25657591499288035,0.11308393417367091,0.09494224406542662,0.1493690287535977,0.09652203819218644,0.09702952401916677,0.09745119682325304,0.0765289168309598
2021-04-19,165.88999938964844,-0.0027652942409929215,0.09600548703003645,0.11678048401002603,0.1042967222116208,0.14671558730461454,0.10132472032203386,0.10499769379894767,0.10143406419508147,0.09760784233894561
2021-04-20,166.47999572753906,0.0035565515706876827,0.043897685181518306,0.1136202367462784,0.1042967222116208,0.14265187047672187,0.10132472032203386,0.10499769379894767,0.10143406419508147,0.09760784233894561
2021-04-21,168.1300048828125,0.009911155680072392,0.05645850588609459,0.11199420213145889,0.10382574252659932,0.1389958148819251,0.09626437770540845,0.09962208899703721,0.09716181538569627,0.09589748168700486
2021-04-22,167.0399932861328,-0.006483147356353358,0.15733471880830077,0.11612737265893223,0.10382574252659932,0.1401638298062599,0.09626437770540845,0.09962208899703721,0.09716181538569627,0.09589748168700486
2021-04-23,166.39999389648438,-0.003831414124593202,0.10291677370738099,0.11974451339398834,0.09882679351379396,0.13821236186904876,0.09590054197486302,0.09944058911848726,0.09686862574413341,0.10221353568354558
2021-04-26,166.83999633789062,0.002644245538133694,0.06082181366024313,0.11724123746244781,0.09882679351379396,0.13482750140839556,0.09590054197486302,0.09944058911848726,0.09686862574413341,0.10221353568354558
2021-04-27,166.4199981689453,-0.002517371003141977,0.041976096595763485,0.11665201284069106,0.10163367211432651,0.13112386277483615,0.09137886573903324,0.0945381222656637,0.09315249140026803,0.10275752620477621
2021-04-28,166.91000366210938,0.002944390689552989,0.03996202579199322,0.11584653834618884,0.10163367211432651,0.12750559656728175,0.09137886573903324,0.0945381222656637,0.09315249140026803,0.10275752620477621
2021-04-29,166.22000122070312,-0.004133978948338446,0.04674075316302717,0.11591940351486313,0.09638763016349931,0.12415030570640787,0.08702358405175786,0.08992580658832926,0.08921565031849342,0.12702527485723952
2021-04-30,165.66000366210938,-0.0033690142851713345,0.06562488133487916,0.11031856963396582,0.09638763016349931,0.12143680663451206,0.08702358405175786,0.08992580658832926,0.08921565031849342,0.12702527485723952
2021-05-03,167.80999755859375,0.012978352341882271,0.05348144377192436,0.10041662200387796,0.08159571767118395,0.11846391862051657,0.08347986709586278,0.08579858581518954,0.08633243637118566,0.09585160998048883
2021-05-04,166.5800018310547,-0.007329692780131181,0.20602495634395931,0.09883674409190356,0.08159571767118395,0.12545299905631788,0.08347986709586278,0.08579858581518954,0.08633243637118566,0.09585160998048883
2021-05-05,167.27000427246094,0.004142168530566259,0.11635526569639641,0.09501358891650123,0.08113691145061203,0.1249258201702425,0.08819908085658539,0.09120065599251823,0.08999526698962852,0.11970325278105146
2021-05-06,170.05999755859375,0.01667957921247054,0.06575488692237702,0.09773517767681515,0.08113691145061203,0.12218631356148597,0.08819908085658539,0.09120065599251823,0.08999526698962852,0.11970325278105146
2021-05-07,171.58999633789062,0.00899681760120985,0.2647801114163978,0.10397739794712697,0.08364960982183059,0.13505641766514404,0.09511986831225468,0.10092535985417106,0.0952128358812363,0.1251669712524166
2021-05-10,172.11000061035156,0.0030305045955998366,0.14282005178285967,0.10843560513785011,0.08364960982183059,0.1355347771860228,0.09511986831225468,0.10092535985417106,0.0952128358812363,0.1251669712524166
2021-05-11,172.13999938964844,0.000174300035968189,0.04810776904197321,0.10286399685390238,0.09911878309391453,0.13193315248179552,0.09305232790655328,0.09910807981502873,0.09347953546101036,0.13530884467258658
2021-05-12,170.42999267578125,-0.009933813872024522,0.002766927292088648,0.09755096029401215,0.09911878309391453,0.12791573270538698,0.09305232790655328,0.09910807981502873,0.09347953546101036,0.13530884467258658
2021-05-13,171.1300048828125,0.004107329913244362,0.15769440645468297,0.10034357825648085,0.09051583286689609,0.129895112081896,0.09190751565115364,0.09602132056897715,0.09258141479252087,0.1268717050497385
2021-05-14,172.69000244140625,0.009115862292308208,0.06520184101764649,0.09819391758776647,0.09051583286689609,0.12694665233289001,0.09190751565115364,0.09602132056897715,0.09258141479252087,0.1268717050497385
2021-05-17,174.6999969482422,0.011639321781340195,0.14470982766815224,0.1016369156163898,0.0841692967409258,0.1280819325261794,0.09082498426353632,0.09556954742024895,0.0917064687712863,0.10499675929417879
2021-05-18,175.0399932861328,0.001946172546249958,0.1847685051773008,0.09837294244295437,0.0841692967409258,0.13217052085692022,0.09082498426353632,0.09556954742024895,0.0917064687712863,0.10499675929417879
2021-05-19,175.16000366210938,0.000685616890880425,0.030894531394792434,0.09541335355044328,0.09395193024783711,0.12836733273220421,0.09100322438316967,0.09667040149664853,0.09165446112085428,0.1357279977182587
2021-05-20,175.9600067138672,0.004567270124640199,0.010883830727609477,0.09391272380253834,0.09395193024783711,0.12448529733382992,0.09100322438316967,0.09667040149664853,0.09165446112085428,0.1357279977182587
2021-05-21,176.0399932861328,0.0004545724551812125,0.07250316552151766,0.0946420265132394,0.08692972242050183,0.12199260812767695,0.08706337999307338,0.09241418337076882,0.08850180383019991,0.14019109065575586
2021-05-24,176.35000610351562,0.001761036294059215,0.007216114015617257,0.0878184535681174,0.08692972242050183,0.11828942890053429,0.08706337999307338,0.09241418337076882,0.08850180383019991,0.14019109065575586
2021-05-25,177.9499969482422,0.009072814229376336,0.02795558450303698,0.08441112678610176,0.07424446745700404,0.11489010633005817,0.08274906601592726,0.08748515529840259,0.08465235985952392,0.13171982383529351
2021-05-26,177.63999938964844,-0.0017420486873281904,0.1440264608545075,0.08819315620402289,0.07424446745700404,0.11684335507916847,0.08274906601592726,0.08748515529840259,0.08465235985952392,0.13171982383529351
2021-05-27,177.7100067138672,0.00039409662496781017,0.027654165590621452,0.08754215934015278,0.08229096676949982,0.11348617810578546,0.08210553728942738,0.08719382150625335,0.08405758095345002,0.12179937350067856
2021-05-28,178.3800048828125,0.003770176937892389,0.006256089973168284,0.086010071348388,0.08229096676949982,0.11003960279599212,0.08210553728942738,0.08719382150625335,0.08405758095345002,0.12179937350067856
2021-06-01,177.89999389648438,-0.0026909461441234628,0.05984970345824563,0.0866059327254434,0.07915546475212823,0.1076898813850778,0.07868030592674503,0.083211381139886,0.0809169455424945,0.1125432928229331
2021-06-02,178.77000427246094,0.004890446350902078,0.04271744573291314,0.08556468565262676,0.07915546475212823,0.10493221969330899,0.07868030592674503,0.083211381139886,0.0809169455424945,0.1125432928229331
2021-06-03,175.27000427246094,-0.019578228541437537,0.0776334290675413,0.08666250316606389,0.07408434829060985,0.103497543181015,0.07630076053764777,0.08035744948049413,0.07867893401192096,0.07232059449247032
2021-06-04,177.16000366210938,0.010783359066451448,0.3107947429909833,0.09142476619547409,0.07408434829060985,0.12595490976569984,0.07630076053764777,0.08035744948049413,0.07867893401192096,0.07232059449247032
2021-06-07,177.8699951171875,0.0040076283608136976,0.17118051832646494,0.09391682313320447,0.09432633755711639,0.1291159445138806,0.09234738459894884,0.09261005345450792,0.09189777381052876,0.09681407119676658
2021-06-08,177.32000732421875,-0.0030920774052216604,0.06361912793929486,0.09381974317942801,0.09432633755711639,0.12614878162881393,0.09234738459894884,0.09261005345450792,0.09189777381052876,0.09681407119676658
2021-06-09,176.97999572753906,-0.0019175027218333307,0.04908520709267043,0.0840154293465313,0.09607175031002288,0.12289534431119818,0.08844698498184113,0.08874278630874889,0.0886544012504117,0.08263072509928943
2021-06-10,177.74000549316406,0.004294325821970535,0.030439412041562735,0.07890721844919962,0.09607175031002288,0.11938451818595254,0.08844698498184113,0.08874278630874889,0.0886544012504117,0.08263072509928943
2021-06-11,175.74000549316406,-0.011252390785353672,0.06817030904170242,0.07981915208555096,0.07968757245167817,0.11694586291798861,0.0847689909509158,0.08515282399006796,0.08561720570115411,0.09258735877663735
2021-06-14,174.7100067138672,-0.005860923791407013,0.17862616603776357,0.087812753846718,0.07968757245167817,0.12153268364524848,0.0847689909509158,0.08515282399006796,0.08561720570115411,0.09258735877663735
2021-06-15,174.0500030517578,-0.0037777095572453234,0.09303928083098854,0.08487388450018643,0.08117814597738829,0.12001399947101145,0.08665609645811317,0.08494461053500833,0.08708952417277475,0.11788632366767832
2021-06-16,171.11000061035156,-0.016891711518855712,0.05996928008341829,0.08463604082135788,0.08117814597738829,0.11728144498644988,0.08665609645811317,0.08494461053500833,0.08708952417277475,0.11788632366767832
2021-06-17,165.85000610351562,-0.030740427140865334,0.2681476073828241,0.0902468489902066,0.08340168721859989,0.13131576241461296,0.09413172534913936,0.08885859812545688,0.093213929464741,0.10325636230384645
2021-06-18,164.92999267578125,-0.005547261946798776,0.4879891524637799,0.10402960568504657,0.08340168721859989,0.17463448819279176,0.09413172534913936,0.08885859812545688,0.093213929464741,0.10325636230384645
2021-06-21,166.9499969482422,0.012247646651096789,0.08806005341136945,0.10662803850398186,0.1362634520418563,0.17068288308669272,0.12174624302897875,0.10963706248574338,0.11620706414890425,0.11762792842908885
2021-06-22,166.25,-0.0041928539145718036,0.19442536310757103,0.11497083543034375,0.1362634520418563,0.17219977088611102,0.12174624302897875,0.10963706248574338,0.11620706414890425,0.11762792842908885
2021-06-23,166.13999938964844,-0.0006616578066259704,0.0665594924494839,0.11470066847252404,0.14283378372817665,0.16774804138869506,0.11843218219198766,0.10947555328409804,0.11439260136544682,0.1367927350982277
2021-06-24,166.0399932861328,-0.0006019387497473438,0.010503492056140696,0.1148500947470933,0.14283378372817665,0.16265810913410114,0.11843218219198766,0.10947555328409804,0.11439260136544682,0.1367927350982277
2021-06-25,166.58999633789062,0.0033124733437563947,0.009555481417947693,0.1140137264250438,0.11874852551079186,0.15772025637997172,0.1094615549684259,0.10151505793562596,0.10780479076171648,0.11646975015698297
2021-06-28,166.5800018310547,-5.999463986816611e-05,0.05258388415265994,0.1098572456658689,0.11874852551079186,0.15345697249902002,0.1094615549684259,0.10151505793562596,0.10780479076171648,0.11646975015698297
2021-06-29,164.8300018310547,-0.010505462725200698,0.0009523853825282907,0.10864352838368285,0.10683490441494754,0.14878223780521013,0.10293834977354002,0.09464741236480805,0.10197850084232642,0.11697698105298998
2021-06-30,165.6300048828125,0.004853503869870712,0.16676905067123962,0.11593957205177699,0.10683490441494754,0.14992231323206603,0.10293834977354002,0.09464741236480805,0.10197850084232642,0.11697698105298998
2021-07-01,166.1999969482422,0.0034413575356286863,0.07704698536180501,0.11672126668375694,0.11203487905388336,0.14657514210043607,0.10115126751359943,0.09309347520951324,0.10086469865150786,0.10844415583710111
2021-07-02,167.2899932861328,0.006558341503640763,0.05462985727038963,0.11726273993546044,0.11203487905388336,0.14273850644861127,0.10115126751359943,0.09309347520951324,0.10086469865150786,0.10844415583710111
2021-07-06,168.1199951171875,0.004961455343207799,0.10411044379000121,0.11846624060466318,0.11250762076270436,0.14072015996351936,0.09684561527034309,0.09073786667918148,0.09767685160225968,0.10225311822677928
2021-07-07,168.75999450683594,0.003806801143447114,0.07876066187448272,0.10791923691754951,0.11250762076270436,0.13779052262940064,0.09684561527034309,0.09073786667918148,0.09767685160225968,0.10225311822677928
2021-07-08,168.64999389648438,-0.0006518168637834609,0.06043109469742431,0.10288517220713857,0.10132322071506189,0.1344104514956858,0.09251960327927998,0.08793888208931593,0.09454916458664862,0.11475763550176495
2021-07-09,169.2100067138672,0.003320562334123478,0.010347271931574609,0.10046372420678766,0.10132322071506189,0.13034041301600674,0.09251960327927998,0.08793888208931593,0.09454916458664862,0.11475763550176495
2021-07-12,169.0,-0.001241101031467462,0.05271229289387334,0.10062859174320597,0.1001869732913298,0.12702763879801904,0.08737884652860096,0.08373269624575069,0.09063400349640643,0.11700549939436555
2021-07-13,169.22000122070312,0.001301782371024407,0.01970186808701192,0.10014052156345365,0.1001869732913298,0.12325238161533056,0.08737884652860096,0.08373269624575069,0.09063400349640643,0.11700549939436555
2021-07-14,171.0399932861328,0.010755182911599048,0.02066515448915158,0.09798119635651953,0.09565275133340014,0.11960478048984345,0.08233357234616719,0.07941108349139753,0.08680961142625963,0.09244140167967232
2021-07-15,171.07000732421875,0.00017547964957964624,0.170733235734616,0.09762242679728553,0.09565275133340014,0.12327195776869505,0.08233357234616719,0.07941108349139753,0.08680961142625963,0.09244140167967232
2021-07-16,169.41000366210938,-0.00970365108457183,0.002785653077643024,0.09351998917213346,0.10318572682180205,0.11951854512829153,0.08325267815211582,0.0825461886128052,0.08720483225510244,0.13345594111138245
2021-07-19,169.61000061035156,0.0011805498135817327,0.15404068547471553,0.09779596214446516,0.10318572682180205,0.12186596587521747,0.08325267815211582,0.0825461886128052,0.08720483225510244,0.13345594111138245
2021-07-20,169.38999938964844,-0.001297100524211059,0.018740647302365566,0.08645928214080795,0.10140597572584274,0.11824257918388108,0.08292997954919382,0.08085844554141683,0.08653946106367581,0.09808476097598273
2021-07-21,168.75999450683594,-0.0037192566567244567,0.02059083247508386,0.06521390395950359,0.10140597572584274,0.11475133124741525,0.08292997954919382,0.08085844554141683,0.08653946106367581,0.09808476097598273
2021-07-22,169.08999633789062,0.001955450591350383,0.05904136905428663,0.06389487285236345,0.06279900896099619,0.11219157248768308,0.0789727384107475,0.07714310528061882,0.08309892084870485,0.09586300697951672
2021-07-23,168.55999755859375,-0.0031344183025339145,0.031041815794723825,0.05646834797450677,0.06279900896099619,0.10903920240305097,0.0789727384107475,0.07714310528061882,0.08309892084870485,0.09586300697951672
2021-07-26,168.16000366210938,-0.0023730060647713103,0.04975734800012372,0.055704614135899486,0.050338157932920104,0.10641767908506665,0.07582417237890962,0.07410120483344669,0.08081351583663714,0.09076147399818785
2021-07-27,168.44000244140625,0.0016650735799190741,0.03767030344219752,0.056939469198902075,0.050338157932920104,0.10358755804741576,0.07582417237890962,0.07410120483344669,0.08081351583663714,0.09076147399818785
2021-07-28,169.2899932861328,0.005046252863966982,0.026432223642539412,0.05770659384547443,0.052987467421065505,0.10064034478326513,0.0725066527265006,0.07103759546549285,0.07795881732624754,0.08869519531022768
2021-07-29,171.1699981689453,0.011105233370970247,0.08010678078482454,0.058957634601481894,0.052987467421065505,0.09952786563506368,0.0725066527265006,0.07103759546549285,0.07795881732624754,0.08869519531022768
2021-07-30,169.82000732421875,-0.007886842666167015,0.17629011450553664,0.06692753137980047,0.057632141225097314,0.10571726700942247,0.0774075380040023,0.07865268753646412,0.08080388288151516,0.08255778237232365
2021-08-02,169.61000061035156,-0.0012366429443513294,0.1251997459450292,0.06503801752860909,0.057632141225097314,0.1069863107803378,0.0774075380040023,0.07865268753646412,0.08080388288151516,0.08255778237232365
2021-08-03,169.49000549316406,-0.0007074766626713469,0.019631098148017834,0.06242820447343693,0.06702795359850577,0.1038384767491975,0.07669893428462275,0.07658580410848513,0.07998264339497066,0.09715962307368908
2021-08-04,169.52999877929688,0.0002359625041987723,0.011230843846861904,0.060455522045094766,0.06702795359850577,0.10071271721877416,0.07669893428462275,0.07658580410848513,0.07998264339497066,0.09715962307368908
2021-08-05,168.86000061035156,-0.0039520921003340925,0.0037457886290759145,0.05589349226505271,0.0642587352983105,0.09764891285088977,0.07299805311848809,0.07297786053150734,0.0769746812486815,0.11347768270991576
2021-08-06,164.63999938964844,-0.024991124040327772,0.06273751713544162,0.05516516750418721,0.0642587352983105,0.09591324899867701,0.07299805311848809,0.07297786053150734,0.0769746812486815,0.11347768270991576
2021-08-09,161.72000122070312,-0.017735654639032372,0.3967217951680501,0.07045110843467019,0.0765446708745788,0.13450160303563266,0.0986728110808117,0.08762468273578462,0.09514423474759504,0.10170161675886082
2021-08-10,161.77000427246094,0.00030919522248562537,0.28154478908285213,0.08277826830518281,0.0765446708745788,0.14751707847428405,0.0986728110808117,0.08762468273578462,0.09514423474759504,0.10170161675886082
2021-08-11,164.0,0.01378497662510525,0.004908321991597507,0.08060536053689754,0.11561050695878339,0.14302816726987444,0.1047895831060026,0.0919369493073671,0.09984405309994432,0.08742677289140846
2021-08-12,164.0399932861328,0.0002438615008097944,0.2188297198732017,0.0896566265271789,0.11561050695878339,0.14867017189944817,0.1047895831060026,0.0919369493073671,0.09984405309994432,0.08742677289140846
2021-08-13,166.38999938964844,0.014325811995228088,0.003871181312914154,0.0888932641100772,0.12437948995664488,0.14414419854624821,0.10435226496512845,0.09669360642730727,0.10050018622622676,0.09041404697173122
2021-08-16,167.22000122070312,0.004988291568599701,0.22741521521063732,0.09146971772262362,0.12437948995664488,0.15044586329515958,0.10435226496512845,0.09669360642730727,0.10050018622622676,0.09041404697173122
2021-08-17,166.97000122070312,-0.0014950364679763295,0.07918667374557062,0.09494249138934761,0.10779623568070272,0.14714670255769083,0.10552725757807097,0.10232175336534496,0.10224398535952281,0.10903099423283397
2021-08-18,167.10000610351562,0.0007786122169375354,0.02373296817142649,0.0890194133301072,0.10779623568070272,0.142782415499525,0.10552725757807097,0.10232175336534496,0.10224398535952281,0.10903099423283397
2021-08-19,166.61000061035156,-0.002932408589264246,0.01236008576264035,0.08872938780557423,0.10291343380417464,0.13846579140181103,0.09829213819838595,0.09585600829380135,0.09748486447473188,0.108082849310966
2021-08-20,166.6999969482422,0.0005401616803368814,0.046550543217737675,0.08990937465751304,0.10291343380417464,0.13473093946696152,0.09829213819838595,0.09585600829380135,0.09748486447473188,0.108082849310966
2021-08-23,168.72999572753906,0.012177557387281546,0.008574800843628938,0.08761543973884678,0.0916292880545088,0.13064337763255174,0.09241349250805622,0.09040865738658174,0.09334002246736517,0.08152730482192323
2021-08-24,168.64999389648438,-0.00047414113127741686,0.19331273053778664,0.09499139040898599,0.0916292880545088,0.13522506904921708,0.09241349250805622,0.09040865738658174,0.09334002246736517,0.08152730482192323
2021-08-25,167.47999572753906,-0.006937433805443538,0.007526757118241243,0.09307181809617315,0.10335706515394999,0.1311185313590974,0.09271251026918564,0.09305186710702079,0.09362895762363363,0.07209299960913974
2021-08-26,167.6699981689453,0.0011344784228162208,0.11012834751705632,0.09636536555412129,0.10335706515394999,0.1299547624576755,0.09271251026918564,0.09305186710702079,0.09362895762363363,0.07209299960913974
2021-08-27,170.19000244140625,0.015029547921398434,0.018009286647243033,0.09598250478160782,0.10532524602684182,0.12607301825782377,0.08914823541355234,0.08907863555643203,0.09111371572849392,0.092339067378124
2021-08-30,169.35000610351562,-0.0049356385559711224,0.238586676706488,0.1031861364144107,0.10532524602684182,0.1354848984750333,0.08914823541355234,0.08907863555643203,0.09111371572849392,0.092339067378124
2021-08-31,169.69000244140625,0.0020076547129428413,0.07835083308240924,0.09873435089517764,0.10840818245377896,0.13275209766548,0.09392795478385145,0.09618773279680988,0.09440120264992932,0.10457215812792368
2021-09-01,169.6999969482422,5.8898619200498104e-05,0.03187053053360116,0.09449211383102182,0.10840818245377896,0.12894446910007276,0.09392795478385145,0.09618773279680988,0.09440120264992932,0.10457215812792368
2021-09-02,169.25,-0.0026517204262498373,0.0009349865938176716,0.09364229057855816,0.10965978165757474,0.12501651089678306,0.08860054946507476,0.09093177807062586,0.0904761631873212,0.10455280366209584
2021-09-03,171.05999755859375,0.01069422486613747,0.042094756765963574,0.0950451957112446,0.10965978165757474,0.12164579084303856,0.08860054946507476,0.09093177807062586,0.0904761631873212,0.10455280366209584
2021-09-07,167.7100067138672,-0.01958371853465668,0.16976555676241653,0.10259154880821462,0.09810250366378293,0.12505621607824932,0.08890660989068315,0.09231251975405363,0.09037338518325966,0.10674754764856377
2021-09-08,167.2899932861328,-0.0025044029033459703,0.31088189393152704,0.11387083866258217,0.09810250366378293,0.14317669806043298,0.08890660989068315,0.09231251975405363,0.09037338518325966,0.10674754764856377
2021-09-09,168.02999877929688,0.004423489287242344,0.03975616358976941,0.09764512813629667,0.11186805070051599,0.1391561209866159,0.0986872581036351,0.09642945597062737,0.09810145336799977,0.1016619413070288
2021-09-10,167.17999267578125,-0.005058656845151166,0.07022071548720962,0.08803948842740383,0.11186805070051599,0.13600888713819886,0.0986872581036351,0.09642945597062737,0.09810145336799977,0.1016619413070288
2021-09-13,167.74000549316406,0.0033497597913456634,0.08030368788170739,0.09146655051331791,0.10305764030976397,0.13332454115796238,0.09418238034556578,0.09238823325776237,0.0950468264566357,0.1026951775365622
2021-09-14,168.82000732421875,0.006438546534438316,0.053175788158225434,0.08393682634445535,0.10305764030976397,0.12991753979065812,0.09418238034556578,0.09238823325776237,0.0950468264566357,0.1026951775365622
2021-09-15,167.8300018310547,-0.005864266379652205,0.10220875760904331,0.08840671617609759,0.0825968151895946,0.1284237163629088,0.09080729781287399,0.09013727617010381,0.09248806360250023,0.09287171997487012
2021-09-16,164.02999877929688,-0.02264197706190263,0.09309234277438094,0.08230113106535866,0.0825968151895946,0.12658223779814676,0.09080729781287399,0.09013727617010381,0.09248806360250023,0.09287171997487012
2021-09-17,163.77000427246094,-0.0015850424237688898,0.35943024297973963,0.09503947512145726,0.09384905617757867,0.15104001166755734,0.10626883900062237,0.0985966297503196,0.10456546821698366,0.10338738746231946
2021-09-20,164.94000244140625,0.0071441542310690664,0.02516176842467722,0.09510442058751413,0.09384905617757867,0.1465683693450914,0.10626883900062237,0.0985966297503196,0.10456546821698366,0.10338738746231946
2021-09-21,166.0399932861328,0.006669036185550814,0.11340993253979176,0.09969759544102098,0.10951654559664907,0.14479315745866997,0.10150274100026388,0.09553274936076889,0.10112046600634989,0.0797135412873761
2021-09-22,165.4199981689453,-0.0037340107339023376,0.10586766738874957,0.10239382835788517,0.10951654559664907,0.14275725102403805,0.10150274100026388,0.09553274936076889,0.10112046600634989,0.0797135412873761
2021-09-23,163.50999450683594,-0.011546389089901132,0.05927558276850819,0.10469840935447058,0.11346427504601656,0.13916777802169789,0.0974611639131039,0.0926900134590688,0.0979353297880079,0.09841272895364461
2021-09-24,163.3000030517578,-0.00128427290155253,0.18329324443600684,0.10424297816802604,0.11346427504601656,0.14220195153541124,0.0974611639131039,0.0926900134590688,0.0979353297880079,0.09841272895364461
2021-09-27,163.63999938964844,0.00208203509820426,0.020387200278283994,0.10482754376620983,0.10496889871942358,0.13796031891584584,0.09641730071448934,0.09082149378935393,0.0974788129272819,0.11337330610939114
2021-09-28,162.0500030517578,-0.009716428402719801,0.03305128254453849,0.10132404081291355,0.10496889871942358,0.13400227556392658,0.09641730071448934,0.09082149378935393,0.0974788129272819,0.11337330610939114
2021-09-29,161.32000732421875,-0.004504756024632184,0.15424351911216685,0.10751650592495555,0.09840441088342741,0.13530216944387183,0.09453379682797323,0.08840735761378052,0.09583926171738442,0.10325147390203962
2021-09-30,164.22000122070312,0.01797665363761114,0.07151078494918028,0.0999221472087143,0.09840441088342741,0.1323446408990103,0.09453379682797323,0.08840735761378052,0.09583926171738442,0.10325147390203962
2021-10-01,164.58999633789062,0.0022530453929923144,0.2853705295815823,0.10933213341322215,0.09913184030544875,0.14611768573799366,0.102598112060981,0.10181421568684934,0.1016516852911727,0.11112711704502498
2021-10-04,165.36000061035156,0.0046783175745395145,0.03576598681438471,0.10950919960780324,0.09913184030544875,0.141936985134495,0.102598112060981,0.10181421568684934,0.1016516852911727,0.11112711704502498
2021-10-05,164.58999633789062,-0.004656532835140448,0.07426598913848662,0.11284242699619727,0.11292805493790996,0.1388101851907443,0.09682320093309271,0.0970038735496584,0.09750158250165292,0.13184180597712086
2021-10-06,165.02999877929688,0.0026733243283083574,0.07392016712152893,0.11428903655781388,0.11292805493790996,0.1357940459974733,0.09682320093309271,0.0970038735496584,0.09750158250165292,0.13184180597712086
2021-10-07,164.16000366210938,-0.005271739220885419,0.042437708079136216,0.10850140707221022,0.10952360936304835,0.13206694929725096,0.09161377720043155,0.09215345121252257,0.0936550337663696,0.09725883327065976
2021-10-08,164.22999572753906,0.00042636491147840516,0.08368626573148932,0.09817433306311761,0.10952360936304835,0.12967413703282002,0.09161377720043155,0.09215345121252257,0.0936550337663696,0.09725883327065976
2021-10-11,163.9199981689453,-0.0018875818465466931,0.006768333141215572,0.09667488622454695,0.08924029585770345,0.12573467113849235,0.08662085789648648,0.08709414658622906,0.09003894284495746,0.1047157305886022
2021-10-12,164.66000366210938,0.004514430828637339,0.029964432871455806,0.09484505519655816,0.08924029585770345,0.12212504701724788,0.08662085789648648,0.08709414658622906,0.09003894284495746,0.1047157305886022
2021-10-13,167.58999633789062,0.017794197805277356,0.07166436770146588,0.09445235882472901,0.08305974184649235,0.11969879856669473,0.08234128181862914,0.0832704705280549,0.08669655084675958,0.09973636210732888
2021-10-14,168.0,0.0024464685904206362,0.2824741330359314,0.10487501086462472,0.08305974184649235,0.13511340564753602,0.08234128181862914,0.0832704705280549,0.08669655084675958,0.09973636210732888
2021-10-15,165.3300018310547,-0.015892846243722114,0.038836484883502435,0.10199445301346377,0.10640043990238544,0.13134226584013795,0.09270760993061207,0.09650337145207188,0.09356136550600609,0.08752366592125879
2021-10-18,164.9199981689453,-0.0024799108302698825,0.25229111271525445,0.10923076073804894,0.10640043990238544,0.14154430995828216,0.09270760993061207,0.09650337145207188,0.09356136550600609,0.08752366592125879
2021-10-19,165.4499969482422,0.003213671993580469,0.039367363983058914,0.09468244805638162,0.10605327046983994,0.13757067834931527,0.09746891711467426,0.09751893015877007,0.09706359822341279,0.09001853477612172
2021-10-20,166.89999389648438,0.008763958748792211,0.0510154613420825,0.09585761591626367,0.10605327046983994,0.1339638185733672,0.09746891711467426,0.09751893015877007,0.09706359822341279,0.09001853477612172
2021-10-21,166.75,-0.0008987052245035265,0.1391235320983979,0.09702641589620033,0.09373910192774908,0.13427899253630332,0.09472407546420365,0.09605322112798712,0.09515931136405997,0.09013993238098626
2021-10-22,167.77000427246094,0.006116967151190034,0.014266503155944816,0.09286272661289102,0.09373910192774908,0.13023520627352897,0.09472407546420365,0.09605322112798712,0.09515931136405997,0.09013993238098626
2021-10-25,168.92999267578125,0.006914158513320778,0.0971038431600004,0.09458219299432248,0.08699926836164278,0.1284884656197148,0.09029603159346913,0.09220454984355621,0.09195673477159941,0.12249190079609032
2021-10-26,167.67999267578125,-0.00739951491266011,0.1097588637091611,0.0912397211431022,0.08699926836164278,0.1274423365261077,0.09029603159346913,0.09220454984355621,0.09195673477159941,0.12249190079609032
2021-10-27,168.1199951171875,0.002624060476058121,0.11746365768847486,0.09565228738901999,0.08883099959704902,0.12686575126302996,0.08933322809848791,0.0908875430701384,0.09094177842291973,0.12180054165347529
2021-10-28,168.0800018310547,-0.00023788536339730548,0.041655668669061285,0.09604339584922558,0.08883099959704902,0.12342339890335625,0.08933322809848791,0.0908875430701384,0.09094177842291973,0.12180054165347529
2021-10-29,166.64999389648438,-0.008507900517562339,0.0037763130725489854,0.08920397739287932,0.08996420180565826,0.11966700006881971,0.08417750206443587,0.08595436204357795,0.08721255192380127,0.09747270278773626
2021-11-01,167.52000427246094,0.005220584505493342,0.135058733692486,0.09209252051757502,0.08996420180565826,0.12064589153361051,0.08417750206443587,0.08595436204357795,0.08721255192380127,0.09747270278773626
2021-11-02,167.16000366210938,-0.0021490007233168074,0.08287420979959499,0.0828881423456665,0.07819922441410714,0.11871896796341251,0.08394237040686094,0.08489456573603466,0.08661562075085633,0.10157524430691683
2021-11-03,165.77000427246094,-0.008315382622616663,0.03411432888716518,0.08281306698533834,0.07819922441410714,0.1154052381790584,0.08394237040686094,0.08489456573603466,0.08661562075085633,0.10157524430691683
2021-11-04,167.64999389648438,0.011340951773961994,0.1320026068547505,0.08543745869971398,0.07721729021785763,0.11646779877804112,0.0827358769528429,0.08246877406350159,0.085368461299289,0.0737517073757778
2021-11-05,169.83999633789062,0.0130629437586407,0.18003202814808145,0.0902607251100118,0.07721729021785763,0.12122522481982385,0.0827358769528429,0.08246877406350159,0.085368461299289,0.0737517073757778
2021-11-08,170.4499969482422,0.003591619309376348,0.20736780345471986,0.09775754762708382,0.0893185807289052,0.12803869016526975,0.09181262328538005,0.09497386636292014,0.09134074183016307,0.09139214019403477
2021-11-09,171.2899932861328,0.0049281100201232775,0.057015188979764236,0.09654522595655085,0.0893185807289052,0.12492123804600866,0.09181262328538005,0.09497386636292014,0.09134074183016307,0.09139214019403477
2021-11-10,173.14999389648438,0.010858781500706183,0.07823132128087025,0.09979354359926242,0.09729256964356171,0.1226222049622814,0.08772948870541879,0.09125965746237046,0.08856181348258059,0.12050816633737854
2021-11-11,174.1199951171875,0.005602086369596027,0.17237781235234384,0.10626687903021188,0.09729256964356171,0.12616211575709183,0.08772948870541879,0.09125965746237046,0.08856181348258059,0.12050816633737854
2021-11-12,174.4499969482422,0.0018952552280546708,0.08893036414233456,0.10705169705025136,0.0987640761272302,0.12424324233195454,0.08898549224559742,0.09390696719088229,0.08922822744534574,0.13267233684840288
2021-11-15,174.17999267578125,-0.0015477459282561279,0.03008624402656599,0.09557952027709839,0.0987640761272302,0.12068351666248767,0.08898549224559742,0.09390696719088229,0.08922822744534574,0.13267233684840288
2021-11-16,172.9199981689453,-0.007233864736584827,0.024569704913271193,0.09493103027845153,0.0868902818312433,0.11716168634137594,0.08401653759813102,0.08839887100339366,0.08580330232799725,0.1158117461347205
2021-11-17,174.5,0.009137183945092442,0.1148340426652993,0.0886829816398172,0.0868902818312433,0.11702333332658493,0.08401653759813102,0.08839887100339366,0.08580330232799725,0.1158117461347205
2021-11-18,173.94000244140625,-0.0032091550635745536,0.14504829841299993,0.09348666047754178,0.0752666139908515,0.11889126731027602,0.08564476987889304,0.08962463710555536,0.08680537565280877,0.09870125805515356
2021-11-19,172.61000061035156,-0.007646325240812324,0.05094375730117167,0.09348340120295492,0.0752666139908515,0.11594283686611494,0.08564476987889304,0.08962463710555536,0.08680537565280877,0.09870125805515356
2021-11-22,168.74000549316406,-0.022420457120115533,0.12138165018423287,0.09267695202503833,0.07745288673685784,0.1162763399639653,0.08394843360141853,0.0864976901718021,0.08538746138017964,0.08139622103009748
2021-11-23,167.27999877929688,-0.008652404091134991,0.35591372292127865,0.1082063711052808,0.07745288673685784,0.14251123005262353,0.08394843360141853,0.0864976901718021,0.08538746138017964,0.08139622103009748
2021-11-24,167.1199951171875,-0.0009565020521100642,0.1373526568078862,0.11003586263473014,0.10716367100025637,0.14220699275906296,0.10278064356521205,0.09680144530733105,0.09907751310657381,0.10970843614620175
2021-11-26,166.85000610351562,-0.001615539860939763,0.015183999350437044,0.10573700516387906,0.10716367100025637,0.1379249516671224,0.10278064356521205,0.09680144530733105,0.09907751310657381,0.10970843614620175
2021-11-29,166.6199951171875,-0.0013785494630753625,0.025645900230950907,0.10156347073399158,0.10842456091783036,0.13387067448382683,0.0960025816102146,0.09114511895463594,0.09457524728723572,0.11528154864706747
2021-11-30,165.5,-0.006721853018899604,0.02188379429579417,0.10066474917157037,0.10842456091783036,0.12990307950436075,0.0960025816102146,0.09114511895463594,0.09457524728723572,0.11528154864706747
2021-12-01,166.16000366210938,0.003987937535404162,0.10670610862522263,0.10534337624214643,0.08986014825451773,0.12862928545984217,0.09193647189999081,0.08723098577496928,0.0918973179581568,0.1402004943652212
2021-12-02,165.24000549316406,-0.005536820827328315,0.06330654577643553,0.10208191315505322,0.08986014825451773,0.12567110494271794,0.09193647189999081,0.08723098577496928,0.0918973179581568,0.1402004943652212
2021-12-03,166.6300048828125,0.008412002804647267,0.08789430577820173,0.10231009933589898,0.08787347768022503,0.1237301804725352,0.08837168763675175,0.08419583239550138,0.08943878739159593,0.13070307251709895
2021-12-06,166.22000122070312,-0.002460563224478851,0.13353640469444714,0.10682928459986635,0.08787347768022503,0.12434036508271686,0.08837168763675175,0.08419583239550138,0.08943878739159593,0.13070307251709895
2021-12-07,166.80999755859375,0.003549490636251651,0.03906023026273342,0.10260463111841102,0.0940020011649169,0.12093153807365463,0.08644228764589038,0.08383449670663128,0.08793747949617713,0.0955889634235256
2021-12-08,166.89999389648438,0.0005395140531609943,0.056346417026845765,0.0969825578856276,0.0940020011649169,0.11805704472632705,0.08644228764589038,0.08383449670663128,0.08793747949617713,0.0955889634235256
2021-12-09,165.8800048828125,-0.006111378376110088,0.008564520080930832,0.08794604500500082,0.08500519265606969,0.11447977516223616,0.08194564987301778,0.07998278466251563,0.08459866157979992,0.08896060153897524
2021-12-10,166.5800018310547,0.004219899491422874,0.09701512410603033,0.08976422387437653,0.08500519265606969,0.1135076994932189,0.08194564987301778,0.07998278466251563,0.08459866157979992,0.08896060153897524
2021-12-13,167.0,0.00252130006200435,0.06698882767195721,0.08925320143760777,0.0799483048166875,0.11126638376239295,0.07999444541895333,0.07803632419450648,0.08287281866736368,0.07871405433409971
2021-12-14,165.44000244140625,-0.009341302746070368,0.04002439766781146,0.08323713713376538,0.0799483048166875,0.10832134051398534,0.07999444541895333,0.07803632419450648,0.08287281866736368,0.07871405433409971
2021-12-15,166.14999389648438,0.004291534360497673,0.14828858392480163,0.08593523803296844,0.07770948909390402,0.11112547992898539,0.08053511741005487,0.07734083128737146,0.08287931383990324,0.09826223366725702
2021-12-16,168.16000366210938,0.012097561477355745,0.06812599596459275,0.08766431766651511,0.07770948909390402,0.10902480924840253,0.08053511741005487,0.07734083128737146,0.08287931383990324,0.09826223366725702
2021-12-17,167.8000030517578,-0.002140821851282393,0.1920428348363907,0.09527673266302053,0.08461002968777195,0.11569810505998514,0.08444704426019461,0.0842269869964477,0.08525419116583895,0.10317494198069861
2021-12-20,167.08999633789062,-0.0042312675861405635,0.03398449331871669,0.09160175314726678,0.08461002968777195,0.11248193264151746,0.08444704426019461,0.0842269869964477,0.08525419116583895,0.10317494198069861
2021-12-21,167.02000427246094,-0.0004188884251822289,0.06716929058097901,0.0880617982458113,0.08797275176017204,0.11028942322976278,0.08079992234756425,0.08037671198911148,0.08266449624798576,0.1285949363119213
2021-12-22,168.58999633789062,0.009400024100517657,0.006649647600693983,0.0860484296230623,0.08797275176017204,0.10694196806009003,0.08079992234756425,0.08037671198911148,0.08266449624798576,0.1285949363119213
2021-12-23,168.97000122070312,0.0022540179789249937,0.14922075652790004,0.08731384354777444,0.08345464099746873,0.10993816221556973,0.08098938922289929,0.081962578315542,0.08258551613103315,0.0999277134672114
2021-12-27,169.3699951171875,0.002367247994286892,0.035781426137423765,0.07276237551214468,0.08345464099746873,0.10694874551878757,0.08098938922289929,0.081962578315542,0.08258551613103315,0.0999277134672114
2021-12-28,168.63999938964844,-0.004310065233419702,0.0375788969069974,0.06822720460755884,0.06357164480975255,0.10409842711359595,0.07707730301758109,0.07823363603906408,0.0795814613872046,0.08973146027375911
2021-12-29,168.58999633789062,-0.0002965076609273698,0.06842016445256453,0.07064703029401917,0.06357164480975255,0.10230920149280867,0.07707730301758109,0.07823363603906408,0.0795814613872046,0.08973146027375911
2021-12-30,169.8000030517578,0.0071772153754725565,0.004706913195835703,0.06969525815605938,0.0661488829454941,0.0991991514550419,0.07401487760704811,0.07479658764678411,0.07713232258387616,0.08502467210647986
2021-12-31,170.9600067138672,0.00683158799329231,0.11393476193669673,0.07387939304882768,0.0661488829454941,0.10014445141439754,0.07401487760704811,0.07479658764678411,0.07713232258387616,0.08502467210647986
2022-01-03,168.3300018310547,-0.015383743445999576,0.10844809733943747,0.07395857435401927,0.06249850609779815,0.10066198820377947,0.07572860648940008,0.07776154715410279,0.07793712825893823,0.06979749657161619
2022-01-04,169.57000732421875,0.007366515057776857,0.24420935634800808,0.08218142937999984,0.06249850609779815,0.11446902769161654,0.07572860648940008,0.07776154715410279,0.07793712825893823,0.06979749657161619
2022-01-05,169.05999755859375,-0.00300766493835114,0.11693980123254101,0.08350167917337889,0.08078846970243649,0.11461877607688281,0.08584173622730747,0.08424045351122939,0.08491681857169307,0.08454574680811291
2022-01-06,166.99000549316406,-0.012244126909514819,0.04774520072331318,0.0796020789928728,0.08078846970243649,0.11174073675758278,0.08584173622730747,0.08424045351122939,0.08491681857169307,0.08454574680811291
2022-01-07,167.75,0.004551137683908024,0.1943694889421404,0.08666159075102767,0.0819382568106903,0.1183368184884041,0.08844376199420667,0.08438926548370157,0.08682593782527774,0.08471022007940021
2022-01-10,168.25999450683594,0.0030402057039400354,0.07224707096421072,0.08738434774818062,0.0819382568106903,0.11608860757686135,0.08844376199420667,0.08438926548370157,0.08682593782527774,0.08471022007940021
2022-01-11,170.2899932861328,0.0120646549718888,0.04826176936263237,0.08918876817007614,0.08354917079563176,0.11317121022374531,0.08448728696220033,0.08160891175550072,0.08436673285790078,0.09279490193301339
2022-01-12,170.74000549316406,0.002642622730480104,0.19152046025650035,0.09348446526782479,0.08354917079563176,0.1193317420299747,0.08448728696220033,0.08160891175550072,0.08436673285790078,0.09279490193301339
2022-01-13,170.16000366210938,-0.0033969884760131075,0.04195033532290095,0.09234635197923131,0.09013966659674924,0.11615184292371841,0.08642358797304632,0.0862205492854357,0.08577400698918378,0.10432010612636844
2022-01-14,169.6699981689453,-0.0028796749096049457,0.05392552028449791,0.09297822118908071,0.09013966659674924,0.11338541917715352,0.08642358797304632,0.0862205492854357,0.08577400698918378,0.10432010612636844
2022-01-18,169.38999938964844,-0.001650255097062403,0.04571342200516255,0.0883157138290971,0.08223607068131047,0.11050005023594066,0.08228331061390227,0.08199716207297127,0.08288553697033248,0.09667527589281438
2022-01-19,172.0800018310547,0.015880526897095182,0.026196987519863258,0.08640984980888212,0.08223607068131047,0.10732577679813753,0.08228331061390227,0.08199716207297127,0.08288553697033248,0.09667527589281438
2022-01-20,171.64999389648438,-0.0024988838330701757,0.25209554915031646,0.0891395186413333,0.07681498260115449,0.12099926849980622,0.09005312813220347,0.09308769745020459,0.0883313952761094,0.09955621266151879
2022-01-21,171.08999633789062,-0.0032624385581478954,0.03966855106526116,0.08939788490253986,0.07681498260115449,0.11771486412282835,0.09005312813220347,0.09308769745020459,0.0883313952761094,0.09955621266151879
2022-01-24,172.02999877929688,0.005494198734739664,0.0517896065549248,0.08869880835590103,0.08834353207118337,0.1148316667220128,0.08531576252912718,0.08799535509634103,0.08510978322875061,0.09429557751930723
2022-01-25,172.5800018310547,0.0031971345443269072,0.08721770103412128,0.092360992602875,0.08834353207118337,0.11336467096784049,0.08531576252912718,0.08799535509634103,0.08510978322875061,0.09429557751930723
2022-01-26,169.7899932861328,-0.016166464916677392,0.050752937473816845,0.08788518264587122,0.08774832195998147,0.11061196746266291,0.08228722204734193,0.08535193723705736,0.08306227035443065,0.08677022788621386
2022-01-27,167.60000610351562,-0.012898211138547944,0.25663467449147354,0.0979239666619644,0.08774832195998147,0.12430844007662634,0.08228722204734193,0.08535193723705736,0.08306227035443065,0.08677022788621386
2022-01-28,167.10000610351562,-0.0029832934474428585,0.20475275418120678,0.10552277835624664,0.09619010415438231,0.13054062355647966,0.09639350912691207,0.09207301372154643,0.09328344150157007,0.10688804084038324
2022-01-31,168.08999633789062,0.005924537392067553,0.04735831529917407,0.10456542157654707,0.09619010415438231,0.12709434187359492,0.09639350912691207,0.09207301372154643,0.09328344150157007,0.10688804084038324
2022-02-01,168.22999572753906,0.0008328835308379912,0.09404911543508351,0.10862643076924015,0.10331257312774939,0.1253575191161367,0.09209216634638263,0.08899199057936102,0.09051867335982737,0.11355883805895903
2022-02-02,168.83999633789062,0.0036259919505645666,0.013221616162072323,0.10404856050675723,0.10331257312774939,0.12158176594807157,0.09209216634638263,0.08899199057936102,0.09051867335982737,0.11355883805895903
2022-02-03,168.60000610351562,-0.0014214062993387344,0.05756083774269513,0.10173550325235983,0.09525772210361567,0.11871812525847522,0.08709028690425093,0.0848348005210903,0.08722755198242772,0.10070544089876007
2022-02-04,168.86000061035156,0.0015420788696549614,0.02256412548018555,0.09166072003109518,0.09525772210361567,0.11523411844811815,0.08709028690425093,0.0848348005210903,0.08722755198242772,0.10070544089876007
2022-02-07,170.11000061035156,0.007402581993851909,0.024479743146927697,0.08745799011811277,0.0799709115215363,0.11188441983009252,0.08224514751502361,0.08045746593080294,0.083882171329323,0.10286336855015936
2022-02-08,170.6300048828125,0.003056870675416823,0.11751234609298092,0.09062922399855221,0.0799709115215363,0.11223005428908073,0.08224514751502361,0.08045746593080294,0.083882171329323,0.10286336855015936
2022-02-09,171.2100067138672,0.0033991784238243117,0.04852631758343376,0.08399998893679282,0.07749186013628084,0.109458385656279,0.08080020845361435,0.08038202492690046,0.08271190237507532,0.09543827666116644
2022-02-10,170.55999755859375,-0.0037965605384254753,0.05396028462825385,0.0831687713760675,0.07749186013628084,0.10694378260600151,0.08080020845361435,0.08038202492690046,0.08271190237507532,0.09543827666116644
2022-02-11,173.80999755859375,0.019054878321533186,0.06026853013245174,0.0837145332292411,0.07729968731822902,0.10473152354116932,0.07777543979950458,0.07743418577569226,0.08058348474547511,0.09168805957679294
2022-02-14,174.74000549316406,0.005350715998122091,0.30248681580823605,0.08875845848159274,0.07729968731822902,0.1256999082184533,0.07777543979950458,0.07743418577569226,0.08058348474547511,0.09168805957679294
2022-02-15,173.0800018310547,-0.009499848975192515,0.08493998320299481,0.09071253338523336,0.09558106642894708,0.1236338422736729,0.09124148674997168,0.09595078168842092,0.08999542557022544,0.10190189959763718
2022-02-16,174.86000061035156,0.010284254451501385,0.15080542728618723,0.09511616552167378,0.09558106642894708,0.12543023539788367,0.09124148674997168,0.09595078168842092,0.08999542557022544,0.10190189959763718
2022-02-17,177.25,0.013668073780773726,0.16325747819028985,0.10045907716645229,0.1007319444587628,0.12801546612012776,0.09402371529865713,0.09816558392421831,0.09215637120058917,0.1033111642326904
2022-02-18,177.1199951171875,-0.0007334549100845855,0.21697394475125786,0.1091307570406066,0.1007319444587628,0.13501608627882708,0.09402371529865713,0.09816558392421831,0.09215637120058917,0.1033111642326904
2022-02-22,177.49000549316406,0.0020890378623359407,0.011643235739778322,0.09820110643103667,0.10260578035210675,0.13093401711212446,0.09557163839802366,0.10150767825927456,0.09368130586402947,0.09180642666756134
2022-02-23,178.2899932861328,0.0045072272703239324,0.03316244797883331,0.09790537447256269,0.10260578035210675,0.12720486902728192,0.09557163839802366,0.10150767825927456,0.09368130586402947,0.09180642666756134
2022-02-24,177.13999938964844,-0.006450131470019049,0.07155001475835372,0.09880357484544583,0.09673564450432309,0.12456876919480385,0.09059805102459514,0.09647921245792443,0.09024731282729806,0.20137076526027714
2022-02-25,176.5500030517578,-0.003330678220184624,0.10239266276005125,0.09949334583298809,0.09673564450432309,0.12335068303990629,0.09059805102459514,0.09647921245792443,0.09024731282729806,0.20137076526027714
2022-02-28,178.3800048828125,0.010365345791119474,0.05287287760672648,0.09958970674812036,0.08841008842180292,0.12029214445345834,0.08745148186234498,0.0918936383050033,0.08823883286577759,0.19846779280496532
2022-03-01,181.6199951171875,0.018163415997793697,0.1645447632989531,0.09540380169391488,0.08841008842180292,0.12339565131691432,0.08745148186234498,0.0918936383050033,0.08823883286577759,0.19846779280496532
2022-03-02,179.72999572753906,-0.010406339832951472,0.2883352901374454,0.0992030078737439,0.09108174743464753,0.13892851374145146,0.1009143523182277,0.10964860309494602,0.09784799220474723,0.19194146935336193
2022-03-03,180.8000030517578,0.005953415398956663,0.16519552353849018,0.10455924461189464,0.09108174743464753,0.14064294391974838,0.1009143523182277,0.10964860309494602,0.09784799220474723,0.19194146935336193
2022-03-04,183.67999267578125,0.015929145881701023,0.09450753958261028,0.10458008207314586,0.10583165068691451,0.13830947876492847,0.09980185263421976,0.10646297537347366,0.09756581965114795,0.126163534769016
2022-03-07,186.41000366210938,0.014862865283030269,0.25286735160389767,0.11547307004777428,0.10583165068691451,0.1477100370715639,0.09980185263421976,0.10646297537347366,0.09756581965114795,0.126163534769016
2022-03-08,191.50999450683594,0.027358997610294145,0.23594067185252235,0.1235812443254937,0.11809970250011045,0.1544319908135455,0.11131012201710669,0.12191519238368534,0.10681807367244617,0.17369123923072632
2022-03-09,185.82000732421875,-0.029711176156992036,0.43431062278109245,0.14229699420280764,0.11809970250011045,0.18367315651195995,0.11131012201710669,0.12191519238368534,0.10681807367244617,0.17369123923072632
2022-03-10,186.39999389648438,0.0031212277978962533,0.4716502996237961,0.16262292858811986,0.16288025543530937,0.21227086240413667,0.15841862922140793,0.1595025350245955,0.1447897480515463,0.18528445654960746
2022-03-11,185.08999633789062,-0.007027884128157469,0.04954795523049155,0.15953363809437035,0.16288025543530937,0.20616179053427805,0.15841862922140793,0.1595025350245955,0.1447897480515463,0.18528445654960746
2022-03-14,182.3000030517578,-0.015073711931138378,0.1115642018764959,0.16239899647132772,0.17209132028363644,0.20174071753650014,0.1455077897382232,0.14811140282236626,0.13649928843069253,0.17435420850576375
2022-03-15,178.88999938964844,-0.01870545038411886,0.23928775862651597,0.1708229725621578,0.17209132028363644,0.2041883345618048,0.1455077897382232,0.14811140282236626,0.13649928843069253,0.17435420850576375
2022-03-16,180.00999450683594,0.006260803404375848,0.29693981926701674,0.18158075843191077,0.16981371990847718,0.21090684860581418,0.1512207955022936,0.14652366512495668,0.14337101994066256,0.177167318926035
2022-03-17,180.88999938964844,0.004888644573449508,0.09938717289267031,0.17234895648120324,0.16981371990847718,0.20592587372557516,0.1512207955022936,0.14652366512495668,0.14337101994066256,0.177167318926035
2022-03-18,179.3000030517578,-0.008789852082788041,0.07760482673719699,0.17201554027821242,0.15807700114988615,0.20055544891485164,0.13957448597246558,0.13799621083038197,0.1356863904145983,0.1554335147899852
2022-03-21,180.6699981689453,0.007640798069546317,0.1395345760326017,0.1715032288575949,0.15807700114988615,0.19742677801804717,0.13957448597246558,0.13799621083038197,0.1356863904145983,0.1554335147899852
2022-03-22,179.36000061035156,-0.007250775291250955,0.12129390906049178,0.16959579389714952,0.15182841892804408,0.1937044797117055,0.13186692359952143,0.13151055208415494,0.13054582584204832,0.1412289435851879
2022-03-23,181.80999755859375,0.013659661796972422,0.11510248939837173,0.16496527319929105,0.15182841892804408,0.18990801698901946,0.13186692359952143,0.13151055208415494,0.13054582584204832,0.1412289435851879
2022-03-24,183.1300048828125,0.007260367097212672,0.21684040864823215,0.1742924174224026,0.1451123037213956,0.1916307318544276,0.12909835055377378,0.1314559787135427,0.1290403989258874,0.12438393878050369
2022-03-25,182.3800048828125,-0.004095451209537915,0.11525475459756386,0.17802388590507215,0.1451123037213956,0.187925561473261,0.12909835055377378,0.1314559787135427,0.1290403989258874,0.12438393878050369
2022-03-28,179.05999755859375,-0.018203790082975457,0.06501327244221601,0.17772676125433864,0.15072921132977637,0.18289521369176595,0.12039032040431247,0.12428460772063704,0.12270545459843048,0.1151115735375183
2022-03-29,179.13999938964844,0.00044678784846130526,0.2889762088702615,0.18620783153207546,0.15072921132977637,0.19092944926714964,0.12039032040431247,0.12428460772063704,0.12270545459843048,0.1151115735375183
2022-03-30,180.5800018310547,0.008038419372069505,0.007092537215005357,0.18412690696881542,0.1641817230427932,0.18512112134129485,0.12230810063819422,0.12101766481243334,0.1242397373543345,0.1290564520351292
2022-03-31,180.64999389648438,0.000387595883929448,0.12760595155523938,0.1824478700713739,0.1641817230427932,0.182182975398356,0.12230810063819422,0.12101766481243334,0.1242397373543345,0.1290564520351292
2022-04-01,179.5,-0.006365867342034592,0.006152893908417455,0.16962139751550898,0.15274188748929765,0.1766393778852977,0.11420312424046815,0.11529741910148712,0.11842766187327852,0.12487488181947859
2022-04-04,180.3699951171875,0.004846769455083555,0.1010550111975077,0.16670591968182794,0.15274188748929765,0.17303788182883656,0.11420312424046815,0.11529741910148712,0.11842766187327852,0.12487488181947859
2022-04-05,179.24000549316406,-0.006264842571455875,0.07694007984129077,0.16590739878449526,0.1372121054532069,0.16882170650748923,0.1072555103557743,0.10901599986422886,0.11319870121342926,0.12971562771946518
2022-04-06,179.66000366210938,0.002343216670796844,0.09945129268225586,0.15893394156078425,0.1372121054532069,0.16548158825012857,0.1072555103557743,0.10901599986422886,0.11319870121342926,0.12971562771946518
2022-04-07,180.33999633789062,0.003784886240234764,0.03719741147321493,0.14990015699808848,0.12958446737057064,0.16069886599480546,0.10027333967730566,0.10229698224967558,0.10775824089160296,0.11806614659817095
2022-04-08,181.47000122070312,0.006265969312183373,0.06008320639398874,0.13288981988958376,0.12958446737057064,0.15649689294529273,0.10027333967730566,0.10229698224967558,0.10775824089160296,0.11806614659817095
2022-04-11,182.3699951171875,0.004959463770487282,0.0994691791367979,0.11597249623108383,0.09446954915027507,0.15367318538810695,0.09466852117570922,0.09829131215877517,0.10315871990874109,0.1085154569615722
2022-04-12,183.77000427246094,0.007676751619003053,0.07872904663766439,0.1172989094768644,0.09446954915027507,0.1502345393042371,0.09466852117570922,0.09829131215877517,0.10315871990874109,0.1085154569615722
2022-04-13,184.64999389648438,0.004788537865617837,0.12186465396416728,0.11776711184448584,0.09503418632487715,0.14868507465481315,0.09157381523747449,0.09659505228936881,0.09986718721489143,0.10759440446839255
2022-04-14,184.0399932861328,-0.003303550666205468,0.07601568201624496,0.11034565381674623,0.09503418632487715,0.14535308519032064,0.09157381523747449,0.09659505228936881,0.09986718721489143,0.10759440446839255
2022-04-18,184.61000061035156,0.0030971927027434454,0.05244224103768852,0.09923212753359496,0.0840128637295016,0.14150929132246842,0.08624566816746798,0.09142236062658475,0.09530427348729739,0.11046311267094355
2022-04-19,181.82000732421875,-0.015112904376299419,0.049166409923418926,0.09694936558044719,0.0840128637295016,0.1377259122701224,0.08624566816746798,0.09142236062658475,0.09530427348729739,0.11046311267094355
2022-04-20,182.7100067138672,0.004894947496407287,0.23990991940552786,0.10432686979264404,0.08833104040219907,0.1458894357441594,0.09412368478810973,0.09257823952545195,0.09933073428296944,0.10096802460680607
2022-04-21,182.05999755859375,-0.0035576001936850066,0.0777048825372715,0.10151642917921992,0.08833104040219907,0.14271995915166225,0.09412368478810973,0.09257823952545195,0.09933073428296944,0.10096802460680607
2022-04-22,180.2899932861328,-0.0097220932450649,0.056475152260114486,0.09857012205193007,0.09166464881288784,0.13906190745565514,0.08892015277907794,0.08829887894894932,0.09506516743316111,0.10674223399738694
2022-04-25,177.0500030517578,-0.017970993150090764,0.15433344569653595,0.10035334733821025,0.09166464881288784,0.14002517633099706,0.08892015277907794,0.08829887894894932,0.09506516743316111,0.10674223399738694
2022-04-26,177.32000732421875,0.001525017044941901,0.2852806721279125,0.10346426840546846,0.09881784242126923,0.15268834506772425,0.10386715789256674,0.0939359629233699,0.10481057272351299,0.10775537123249845
2022-04-27,175.97999572753906,-0.00755702425744631,0.024208895076305293,0.09932582024541126,0.09881784242126923,0.14815556389281548,0.10386715789256674,0.0939359629233699,0.10481057272351299,0.10775537123249845
2022-04-28,176.92999267578125,0.005398323510093839,0.11996404102131293,0.10182358245355201,0.10032592483925191,0.1466170150901458,0.09854301768422237,0.08941442712971051,0.10114690646701625,0.09307154503579936
2022-04-29,176.91000366210938,-0.00011297696546286318,0.08569572902628947,0.09258356064246237,0.10032592483925191,0.14369196792273475,0.09854301768422237,0.08941442712971051,0.10114690646701625,0.09307154503579936
2022-05-02,173.6300048828125,-0.018540493535693647,0.0017934537269608155,0.09234269321118761,0.09417982738034145,0.13931522434879104,0.09235614431746919,0.08558842136422236,0.09649927252048958,0.0987111728868241
2022-05-03,174.08999633789062,0.00264926246698316,0.2943212104790762,0.09992065952590747,0.09417982738034145,0.15310684611572686,0.09235614431746919,0.08558842136422236,0.09649927252048958,0.0987111728868241
2022-05-04,175.8000030517578,0.009822544372671826,0.04205573787224944,0.10155260697880894,0.10181194503101439,0.14879961375330694,0.10173952550381052,0.08964057278878076,0.10294739616847869,0.11223475101889793
2022-05-05,175.1300048828125,-0.003811138551277793,0.1559280579119196,0.10404683637491856,0.10181194503101439,0.14923692272556519,0.10173952550381052,0.08964057278878076,0.10294739616847869,0.11223475101889793
2022-05-06,175.4199981689453,0.0016558743678838361,0.06049994891215215,0.10329955769632136,0.10309674700085218,0.1454474963257289,0.0988313461835662,0.09077953396464332,0.10112028282456631,0.1252340342176943
2022-05-09,172.8800048828125,-0.014479496708730832,0.02628619067872146,0.09997387124161525,0.10309674700085218,0.14116349940902367,0.0988313461835662,0.09077953396464332,0.10112028282456631,0.1252340342176943
2022-05-10,171.4199981689453,-0.008445202872691127,0.22985488440408017,0.10873102910210912,0.0952408179894421,0.14799155930167818,0.10178767658457694,0.09085077567677853,0.10284952664601263,0.13503933860181827
2022-05-11,172.82000732421875,0.008167128516088473,0.13406343943577398,0.11209376696764482,0.0952408179894421,0.14719304288814253,0.10178767658457694,0.09085077567677853,0.10284952664601263,0.13503933860181827
2022-05-12,170.1699981689453,-0.015333925720196762,0.1296491458744445,0.11346558363753782,0.1034908925718512,0.14619978941075362,0.10029715582494059,0.09153277804460436,0.10176220885716296,0.1239635041945873
2022-05-13,168.7899932861328,-0.00810956630229509,0.24341852446786577,0.1209514689934561,0.1034908925718512,0.15377603975122578,0.10029715582494059,0.09153277804460436,0.10176220885716296,0.1239635041945873
2022-05-16,170.39999389648438,0.009538483763206873,0.12873537405877475,0.12126377445230188,0.11720689673687248,0.15238967802813774,0.10585803233031559,0.09333960749205578,0.10569980725075902,0.12987599686033796
2022-05-17,169.3300018310547,-0.006279296383541522,0.15141873553243737,0.12469118597576517,0.11720689673687248,0.1523315959988697,0.10585803233031559,0.09333960749205578,0.10569980725075902,0.12987599686033796
2022-05-18,169.4199981689453,0.0005314848929158789,0.09968073983590875,0.12683839046659337,0.1166670868117566,0.14969567537121148,0.10313434309802189,0.09404937081045787,0.1038970114390073,0.1365570684012993
2022-05-19,171.91000366210938,0.014697234801531733,0.00843706111345926,0.12498705642977702,0.1166670868117566,0.14515005529233008,0.10313434309802189,0.09404937081045787,0.1038970114390073,0.1365570684012993
2022-05-20,172.02999877929688,0.0006980112537449124,0.2333113694710603,0.12468712234184666,0.10684945269253494,0.15188969005746303,0.10551783618104535,0.101944035968263,0.10530903698039154,0.12687120148782205
2022-05-23,172.8300018310547,0.004650369455528214,0.011080585138400644,0.12165874518735253,0.10684945269253494,0.14728752843003245,0.10551783618104535,0.101944035968263,0.10530903698039154,0.12687120148782205
2022-05-24,174.1300048828125,0.007521859850632806,0.07382232650339099,0.12244725310750147,0.10952004062831726,0.14394090184026342,0.09826505158933942,0.09651779696519264,0.10035113903514427,0.10752840138410409
2022-05-25,173.0800018310547,-0.006029994959596108,0.11940582336873512,0.12085963391078325,0.10952004062831726,0.14258790014757558,0.09826505158933942,0.09651779696519264,0.10035113903514427,0.10752840138410409
2022-05-26,172.75999450683594,-0.0018488983177334939,0.09572320242038565,0.11224338528771384,0.10277008982724731,0.14021842461417874,0.09532149101446953,0.09461593578502085,0.09818647429067981,0.09673465963767716
2022-05-27,172.85000610351562,0.00052102106703944,0.029350350889011046,0.11247708782465503,0.10277008982724731,0.13613677236898078,0.09532149101446953,0.09461593578502085,0.09818647429067981,0.09673465963767716
2022-05-31,171.13999938964844,-0.009893009276743081,0.008270953027271221,0.1074001292794713,0.09566767004730163,0.13200504559834,0.08844104004907065,0.08871663668469094,0.09316341545100565,0.08915841468306696
2022-06-01,172.22999572753906,0.006369033199590923,0.157046653585903,0.11064335312309011,0.09566767004730163,0.13363993124723786,0.08844104004907065,0.08871663668469094,0.09316341545100565,0.08915841468306696
2022-06-02,174.35000610351562,0.012309182073779512,0.10110526762818954,0.11515752648223686,0.0972702633580009,0.13191432772398362,0.08953764887206048,0.08859668506117885,0.09338922725268681,0.08385004773432694
2022-06-03,172.5800018310547,-0.010152017266979896,0.1954022076590094,0.11066120817223384,0.0972702633580009,0.13655851431829213,0.08953764887206048,0.08859668506117885,0.09338922725268681,0.08385004773432694
2022-06-06,171.82000732421875,-0.0044037229040009285,0.16115827796437454,0.11607495999460316,0.10074067361969864,0.1381580746689697,0.09608194475228556,0.09536621857921834,0.09750681806948447,0.09089353815936692
2022-06-07,172.94000244140625,0.006518420844169315,0.06990693388095374,0.11216490890228652,0.10074067361969864,0.13503930222250324,0.09608194475228556,0.09536621857921834,0.09750681806948447,0.09089353815936692
2022-06-08,172.77999877929688,-0.0009251975242893229,0.10347672296719032,0.11411839863206098,0.10097991120043764,0.13335637325534108,0.09218668474189667,0.09262614786738056,0.09461721882114683,0.09098323253817182
2022-06-09,172.22999572753906,-0.0031832564859568535,0.014687055377293137,0.11359116520926879,0.10097991120043764,0.12934384224340995,0.09218668474189667,0.09262614786738056,0.09461721882114683,0.09098323253817182
2022-06-10,174.5399932861328,0.013412283666592417,0.05053263012705124,0.10544015365122203,0.09055460383101012,0.1260129063118706,0.08624512459116154,0.08710609019100071,0.09037276184379284,0.13093553318577492
2022-06-13,169.92999267578125,-0.026412288230091452,0.2129134025715425,0.10902424288466603,0.09055460383101012,0.13283984501424986,0.08624512459116154,0.08710609019100071,0.09037276184379284,0.13093553318577492
2022-06-14,168.57000732421875,-0.008003209616781914,0.4192820772778819,0.12218937613027685,0.11516767337656575,0.16472852387365305,0.12149915740645623,0.10934825436677226,0.11475692113431622,0.1342247590509571
2022-06-15,170.77000427246094,0.013050939388113303,0.12704701401795296,0.11689976201891715,0.11516767337656575,0.16271390232303384,0.12149915740645623,0.10934825436677226,0.11475692113431622,0.1342247590509571
2022-06-16,172.69000244140625,0.011243181594596585,0.20717723998035167,0.12046530137898884,0.12721852576045514,0.16571846515880778,0.1205070707523169,0.11294847629602711,0.11529194263441304,0.13897666251585575
2022-06-17,171.27000427246094,-0.008222816311715064,0.17847997466664714,0.1216953577032711,0.12721852576045514,0.1665117389085104,0.1205070707523169,0.11294847629602711,0.11529194263441304,0.13897666251585575
2022-06-21,170.6300048828125,-0.0037367862070599722,0.1305331622241806,0.12309774053910162,0.1323429067339666,0.16457497996077788,0.11772402651151928,0.11292647868795103,0.11433881989536328,0.13206028550959797
2022-06-22,171.30999755859375,0.003985188163408093,0.059319642038982004,0.1254105851266254,0.1323429067339666,0.16022158962899785,0.11772402651151928,0.11292647868795103,0.11433881989536328,0.13206028550959797
2022-06-23,170.25999450683594,-0.006129257292171064,0.06326290084905631,0.11768110928017066,0.11275599027282385,0.15611160108614175,0.10885832521700241,0.10599209700048604,0.10870124677028387,0.1297528992541571
2022-06-24,170.08999633789062,-0.0009984622015154487,0.09729894309968277,0.12160012555113804,0.11275599027282385,0.15322077905348497,0.10885832521700241,0.10599209700048604,0.10870124677028387,0.1297528992541571
2022-06-27,169.89999389648438,-0.0011170700540719114,0.015850096072247615,0.11896502416790425,0.10437008562834957,0.1486037827192209,0.1015988422101042,0.09946843585511883,0.10383423253617682,0.11579565992597948
2022-06-28,169.6199951171875,-0.0016480211262837052,0.01773293736067052,0.11434352934935585,0.10437008562834957,0.1441421749808153,0.1015988422101042,0.09946843585511883,0.10383423253617682,0.11579565992597948
2022-06-29,169.49000549316406,-0.0007663579045243951,0.02616152433316354,0.11118163489084577,0.09606227469775995,0.13989787036632853,0.09381277481955602,0.09294167574043066,0.09853472441210123,0.10292442365842194
2022-06-30,168.4600067138672,-0.006077047294322124,0.012165554583840785,0.11040050778606529,0.09606227469775995,0.135668748531679,0.09381277481955602,0.09294167574043066,0.09853472441210123,0.10292442365842194
2022-07-01,168.32000732421875,-0.0008310541616338707,0.0964701350781257,0.11440956151564957,0.09215937601285862,0.13364145309814,0.08876960994903306,0.08790229866087965,0.09463586551347135,0.10224254958535754
2022-07-05,164.75,-0.02120964335120412,0.013192575826250986,0.10787073979930177,0.09215937601285862,0.12961048703877048,0.08876960994903306,0.08790229866087965,0.09463586551347135,0.10224254958535754
2022-07-06,162.13999938964844,-0.015842188833696924,0.3366926502219641,0.11857925718992789,0.11001545604710294,0.150308556284102,0.10592749798249451,0.09432665462376812,0.10540402050296549,0.12356721234567411
2022-07-07,162.22999572753906,0.000555053276362516,0.25148695126131876,0.12112856371730558,0.11001545604710294,0.1582145491601868,0.10592749798249451,0.09432665462376812,0.10540402050296549,0.12356721234567411
2022-07-08,162.3000030517578,0.0004315313201161963,0.00881119760188094,0.11420369642810133,0.13019947633408335,0.15340987968248415,0.10802962782916234,0.09463285962770679,0.10734888434311782,0.12943606425468562
2022-07-11,161.42999267578125,-0.005360507452973451,0.00685034733577716,0.11133748794877513,0.13019947633408335,0.1487458616186005,0.10802962782916234,0.09463285962770679,0.10734888434311782,0.12943606425468562
2022-07-12,160.8300018310547,-0.0037167247224720867,0.0850954177300561,0.11050197407435992,0.1256105742476343,0.14571302369678363,0.10096268735328377,0.08937407291586151,0.10237479509205578,0.12697051938462683
2022-07-13,161.60000610351562,0.004787690503602615,0.059001175844080204,0.1125162522773957,0.1256105742476343,0.14201132519424955,0.10096268735328377,0.08937407291586151,0.10237479509205578,0.12697051938462683
2022-07-14,159.3300018310547,-0.014047055610919013,0.07600223056126866,0.11367396138804194,0.10261226897594124,0.13893798558147655,0.095097165544215,0.08579911449439677,0.0980276715192176,0.13320753521744166
2022-07-15,159.00999450683594,-0.0020084561635671516,0.22299009479511717,0.1141319928527499,0.10261226897594124,0.14535822284892036,0.095097165544215,0.08579911449439677,0.0980276715192176,0.13320753521744166
2022-07-18,159.16000366210938,0.0009433945063559435,0.0318832531678413,0.0965229553932026,0.0985566181401108,0.14114625281162263,0.09746145839124555,0.08602245723095366,0.09952618951474601,0.13951574458544422
2022-07-19,159.5399932861328,0.0023874693093759447,0.014975923512254219,0.09142881491567083,0.0985566181401108,0.13689552768041557,0.09746145839124555,0.08602245723095366,0.09952618951474601,0.13951574458544422
2022-07-20,158.0399932861328,-0.009402031234323593,0.03789990033244727,0.08373439038622063,0.09049833425595932,0.1330494138118542,0.09065483845871826,0.08117187630159058,0.09461126291528338,0.09641286016721767
2022-07-21,160.27000427246094,0.014110421925231709,0.14925261878929127,0.08240587420997719,0.09049833425595932,0.1340768375882465,0.09065483845871826,0.08117187630159058,0.09461126291528338,0.09641286016721767
2022-07-22,160.6699981689453,0.00249575020790771,0.22399600385013804,0.08665418519297524,0.0892981651459626,0.1410973247778107,0.09883141287551675,0.09361560872417526,0.09992449581951014,0.11611802564465298
2022-07-25,160.22999572753906,-0.0027385476219622396,0.03961880630796929,0.0857586926597474,0.0892981651459626,0.1371427239946903,0.09883141287551675,0.09361560872417526,0.09992449581951014,0.11611802564465298
2022-07-26,160.0399932861328,-0.0011858106875901608,0.04347309576731648,0.08485915606512286,0.09542089122180021,0.1333905309358143,0.09219390432935742,0.0883220509516703,0.09518667297681487,0.10838506251183971
2022-07-27,161.6699981689453,0.010184984698782484,0.018824161088196432,0.08129212051914621,0.09542089122180021,0.1294090903344065,0.09219390432935742,0.0883220509516703,0.09518667297681487,0.10838506251183971
2022-07-28,163.63999938964844,0.012185323455280006,0.1616816197198593,0.0879208261394922,0.09349236308405187,0.13156886664717493,0.09139917044603921,0.09046462237554447,0.09420354302478122,0.1029028771109946
2022-07-29,164.10000610351562,0.0028110896821249565,0.1934360130453191,0.09590732957970349,0.09349236308405187,0.13607642756607372,0.09139917044603921,0.09046462237554447,0.09420354302478122,0.1029028771109946
2022-08-01,165.02999877929688,0.0056672312077465925,0.04462466527201348,0.09674656325874213,0.09981123467034257,0.1323830356799336,0.09262071184770744,0.09484452699069788,0.09486488270806005,0.10383341730111183
2022-08-02,164.0500030517578,-0.005938288400823777,0.08996450638801026,0.10028287924984074,0.09981123467034257,0.13022814132230712,0.09262071184770744,0.09484452699069788,0.09486488270806005,0.10383341730111183
2022-08-03,164.4499969482422,0.002438243761313297,0.09426740593175495,0.100182755197733,0.10103705826223042,0.12835492703434945,0.08960734021979638,0.09176587710865344,0.09252214543766651,0.12420598963005365
2022-08-04,167.1699981689453,0.016539989487255546,0.038705919769138286,0.1013424526496824,0.10103705826223042,0.12480535625470596,0.08960734021979638,0.09176587710865344,0.09252214543766651,0.12420598963005365
2022-08-05,165.2899932861328,-0.011246066300201418,0.2625641932254055,0.09797297733165701,0.09164830872936493,0.1370335421227909,0.09810942991329114,0.10425467618582351,0.09796033254357192,0.10102714462910889
2022-08-08,166.69000244140625,0.008470017618367853,0.17852576794846328,0.0946565599083454,0.09164830872936493,0.13987060862100695,0.09810942991329114,0.10425467618582351,0.09796033254357192,0.10102714462910889
2022-08-09,167.1999969482422,0.0030595386607856767,0.13445736131122157,0.10036774916786087,0.09954113922580692,0.1395517353790229,0.10004579307269615,0.10425857395017736,0.09947569204540513,0.10144479777189912
2022-08-10,166.77999877929688,-0.0025119508170524663,0.04856867053815904,0.10226403658615095,0.09954113922580692,0.13582245978456461,0.10004579307269615,0.10425857395017736,0.09947569204540513,0.10144479777189912
2022-08-11,166.33999633789062,-0.0026382206776995876,0.039875983005278,0.1002086077350247,0.1013586682003865,0.1320465137300191,0.09330434013635999,0.0978166605287759,0.094847664622497,0.09957847191582853
2022-08-12,167.8699951171875,0.00919802099904432,0.04188045490140838,0.0994303931467214,0.1013586682003865,0.1284341980592472,0.09330434013635999,0.0978166605287759,0.094847664622497,0.09957847191582853
2022-08-15,165.7100067138672,-0.012867030834262327,0.14601405670452688,0.10261274888050588,0.08884761838390227,0.12955627704813605,0.09162492495852922,0.09731175410923207,0.09352369570354813,0.08940501719215399
2022-08-16,165.4199981689453,-0.001750096754401964,0.2042577821955484,0.10176128012598004,0.08884761838390227,0.13520729892452413,0.09162492495852922,0.09731175410923207,0.09352369570354813,0.08940501719215399
2022-08-17,164.35000610351562,-0.006468335614034371,0.02778192469469329,0.10157485610447331,0.09536306175211649,0.13126485813766833,0.09332605608095323,0.09480794608891631,0.09468098127509876,0.08966823207150673
2022-08-18,163.9199981689453,-0.0026164156896926194,0.10268164458742332,0.10556147978970826,0.09536306175211649,0.12972758538991902,0.09332605608095323,0.09480794608891631,0.09468098127509876,0.08966823207150673
2022-08-19,162.72000122070312,-0.007320625681104476,0.04153431144776528,0.10572668029495,0.09727220321466094,0.12618636046767973,0.08918455915912614,0.08996802049013103,0.09184482689152826,0.08494671759841946
2022-08-22,161.63999938964844,-0.006637179344595956,0.11621132996157167,0.10422480353005366,0.09727220321466094,0.125610199055175,0.08918455915912614,0.08996802049013103,0.09184482689152826,0.08494671759841946
2022-08-23,162.77000427246094,0.0069908740848763085,0.10536195571641342,0.09883234679670254,0.0837407082981809,0.12448821343011994,0.08831107343559742,0.086947329842074,0.09088250912306022,0.08483642758121857
2022-08-24,163.25,0.0029489200401788818,0.11097668565329379,0.10207588676694455,0.0837407082981809,0.12371914100719059,0.08831107343559742,0.086947329842074,0.09088250912306022,0.08483642758121857
2022-08-25,163.75,0.003062787136294043,0.04681265437516753,0.10222768488548323,0.08754297037726154,0.12049699488801624,0.08541741874414448,0.08571881056063925,0.08859163482287534,0.09442626953124102
2022-08-26,161.75999450683594,-0.012152705301765265,0.04862023848817036,0.10358205204002752,0.08754297037726154,0.1174316392028096,0.08541741874414448,0.08571881056063925,0.08859163482287534,0.09442626953124102
2022-08-29,161.86000061035156,0.0006182375550920494,0.19291821591076233,0.10500189732143218,0.08820924764715139,0.1232713461211437,0.08875864678631551,0.08540417920824252,0.09025125221559083,0.10193068694117471
2022-08-30,160.50999450683594,-0.008340578885610683,0.00981421693160494,0.09665545204353608,0.08820924764715139,0.11954017910011058,0.08875864678631551,0.08540417920824252,0.09025125221559083,0.10193068694117471
2022-08-31,159.27000427246094,-0.007725314789180926,0.13240258512985265,0.1006453574916197,0.08674949481395092,0.12035069516655646,0.08682248850943261,0.08248045537574455,0.088679492887102,0.09756898713463213
2022-09-01,157.8699951171875,-0.008790162100319021,0.12263557039117265,0.10213040585539979,0.08674949481395092,0.12048900956086861,0.08682248850943261,0.08248045537574455,0.088679492887102,0.09756898713463213
2022-09-02,159.25999450683594,0.008804709144487166,0.13953949740833596,0.10418822819524438,0.09273984799479108,0.12171615184386912,0.08849026665489755,0.081593038948089,0.08937826808013513,0.09682984954697209
2022-09-06,158.3300018310547,-0.0058394619355668365,0.13977042457541586,0.10878206932280246,0.09273984799479108,0.12287423903185947,0.08849026665489755,0.081593038948089,0.08937826808013513,0.09682984954697209
2022-09-07,159.94000244140625,0.010168638866495439,0.09269858443162637,0.1010609052867216,0.08817598477200822,0.12127561813463028,0.08837040737079686,0.08359391245844242,0.0891808080689919,0.09564995781605481
2022-09-08,158.97999572753906,-0.006002292729855863,0.16142213767663596,0.10028346754709308,0.08817598477200822,0.12405134184129633,0.08837040737079686,0.08359391245844242,0.0891808080689919,0.09564995781605481
2022-09-09,159.82000732421875,0.005283756568463582,0.09528344315645766,0.09850283490369471,0.08662641992522797,0.12251590656014257,0.0896098350244551,0.08700032430159414,0.0900031062328072,0.09837959848871
2022-09-12,160.6300048828125,0.005068186218703863,0.083877035210152,0.1001077605706035,0.08662641992522797,0.12054733485555402,0.0896098350244551,0.08700032430159414,0.0900031062328072,0.09837959848871
2022-09-13,158.5399932861328,-0.01301133993119441,0.08045496199713141,0.10195225961568771,0.08460328777853929,0.11852485139804242,0.08642044748433651,0.08572401721143533,0.0877608740897836,0.10385695355285127
2022-09-14,157.92999267578125,-0.003847613448870524,0.20654861808998803,0.10943717612425954,0.08460328777853929,0.12555871882543793,0.08642044748433651,0.08572401721143533,0.0877608740897836,0.10385695355285127
2022-09-15,154.97999572753906,-0.018679143196684067,0.06107896996091364,0.10557649036318621,0.08974238890078738,0.12264962615103818,0.09010266449392586,0.0854179526560071,0.09017225663896675,0.11263612389651945
2022-09-16,155.83999633789062,0.005549107201315628,0.2965222056131406,0.10977032779125859,0.08974238890078738,0.139340877177485,0.09010266449392586,0.0854179526560071,0.09017225663896675,0.11263612389651945
2022-09-19,155.9600067138672,0.0007700871329356929,0.08808934591871272,0.11251157421053218,0.10423620707226847,0.13680830099558544,0.10150083995642094,0.09124859662387799,0.0984427730426361,0.1270808836852831
2022-09-20,155.07000732421875,-0.005706587274526553,0.012224754249591487,0.10839989737699436,0.10423620707226847,0.13267436536501148,0.10150083995642094,0.09124859662387799,0.0984427730426361,0.1270808836852831
2022-09-21,155.7899932861328,0.004642973675810236,0.09058926457969883,0.11062966797390045,0.09928227101002467,0.13053245911624237,0.09547986694069134,0.08650584625623535,0.0947447785972192,0.14882071658079918
2022-09-22,155.6999969482422,-0.0005776772692025478,0.07370492214007988,0.108697558527469,0.09928227101002467,0.1278371794229597,0.09547986694069134,0.08650584625623535,0.0947447785972192,0.14882071658079918
2022-09-23,153.00999450683594,-0.01727683040546535,0.00917034235418912,0.10432521246554972,0.08618129874494011,0.12396309727891802,0.08978363998890335,0.0829327721940744,0.09100085688670559,0.12756612516504226
2022-09-26,151.22999572753906,-0.011633219026207842,0.2742611801778032,0.11174723494393651,0.08618129874494011,0.13768801768823177,0.08978363998890335,0.0829327721940744,0.09100085688670559,0.12756612516504226
2022-09-27,151.5399932861328,0.002049841746687875,0.18467162694294564,0.11801355187883553,0.10602231212282394,0.1409493788205014,0.10381796731323772,0.08980409731271997,0.10084752957604923,0.1437658495991481
2022-09-28,154.69000244140625,0.02078665233491006,0.032540228932646256,0.11728264235358443,0.10602231212282394,0.13688774867179107,0.10381796731323772,0.08980409731271997,0.10084752957604923,0.1437658495991481
2022-09-29,154.66000366210938,-0.00019392836526865853,0.3299778760063928,0.1235126269033858,0.11646357694332823,0.15539332132195055,0.11491141276465631,0.11177553007740608,0.10947698813936568,0.11096062993940406
2022-09-30,154.6699981689453,6.462244018679009e-05,0.003078517359972997,0.1232064587410389,0.11646357694332823,0.15066130189576582,0.11491141276465631,0.11177553007740608,0.10947698813936568,0.11096062993940406
2022-10-03,158.42999267578125,0.024309785681440932,0.0010258494350903577,0.1172347889367315,0.11849511434285763,0.14607176783216969,0.1057974456124727,0.10395016135994667,0.10371073263697676,0.12653279447658633
2022-10-04,160.6999969482422,0.014328122056449066,0.38590588403022935,0.12920162137487046,0.11849511434285763,0.1702707983064258,0.1057974456124727,0.10395016135994667,0.10371073263697676,0.12653279447658633
2022-10-05,159.80999755859375,-0.005538266375543777,0.22745188629566157,0.1331976390515671,0.13919707211403656,0.17423167824859048,0.1283168861453112,0.13620493450773802,0.12141426678195803,0.14959068109233029
2022-10-06,159.6300048828125,-0.00112629171222689,0.08791725314471932,0.13084067671380814,0.13919707211403656,0.17029105568711442,0.1283168861453112,0.13620493450773802,0.12141426678195803,0.14959068109233029
2022-10-07,157.8800048828125,-0.010962851258976669,0.01787932664559286,0.12743980135989752,0.1368198550666976,0.1651613794065912,0.11846867806012218,0.12610072646003564,0.1150596198967433,0.11377138166937488
2022-10-10,155.47999572753906,-0.015201476317757034,0.17402986854866173,0.1280128800358987,0.1368198550666976,0.1657068739716689,0.11846867806012218,0.12610072646003564,0.1150596198967433,0.11377138166937488
2022-10-11,155.16000366210938,-0.002058091550185215,0.241315955386938,0.13465072150092053,0.12880802607839845,0.17118774902437806,0.12254344899780442,0.12405117625370123,0.11896833268994268,0.12354349804614008
2022-10-12,155.99000549316406,0.00534932850905423,0.032671190503160925,0.13232318310514823,0.12880802607839845,0.16616550512186656,0.12254344899780442,0.12405117625370123,0.11896833268994268,0.12354349804614008
2022-10-13,154.91000366210938,-0.006923532232980256,0.08491795749687252,0.13252604653695463,0.12813625159748013,0.16244069735502617,0.11367678656715875,0.11649728687008577,0.11323528600184994,0.12897359583427376
2022-10-14,152.97999572753906,-0.012458897998479546,0.10990766689563279,0.1281332760281203,0.12813625159748013,0.15977654102621716,0.11367678656715875,0.11649728687008577,0.11323528600184994,0.12897359583427376
2022-10-17,153.4199981689453,0.0028762090057179446,0.1977788742833836,0.13434690804277802,0.12707637576058406,0.16230779237403375,0.11307004645039251,0.11268315303747177,0.11305523037801281,0.1379184590405113
2022-10-18,153.75,0.0021509701146735782,0.04565840248664421,0.12294400790066455,0.12707637576058406,0.15776017140099224,0.11307004645039251,0.11268315303747177,0.11305523037801281,0.1379184590405113
2022-10-19,151.69000244140625,-0.013398358104674823,0.034145592005750236,0.120492019086439,0.11779665124750886,0.15318267090910645,0.104616422933714,0.1054336780172316,0.10741785502015345,0.11551547793538576
2022-10-20,151.4499969482422,-0.0015822103586343728,0.2126923411293378,0.12960418212642746,0.11779665124750886,0.15738906170805347,0.104616422933714,0.1054336780172316,0.10741785502015345,0.11551547793538576
2022-10-21,154.14999389648438,0.017827646105301076,0.02511681078442121,0.12662816149936937,0.12500833705713463,0.15271833220559936,0.10428786292219083,0.10242808751453164,0.10720058710056109,0.11884475248107731
2022-10-24,153.64999389648438,-0.003243594030472474,0.2830051083377752,0.13614180632653736,0.12500833705713463,0.1634901499567383,0.10428786292219083,0.10242808751453164,0.10720058710056109,0.11884475248107731
2022-10-25,154.0,0.002277944142005106,0.05149045895210297,0.1380654479900789,0.1352797131507261,0.1590105764617249,0.10983003682149206,0.11267642371834521,0.11120820023519773,0.11327376589952814
2022-10-26,154.97999572753906,0.006363608620383543,0.036161242201451484,0.12724272353660837,0.1352797131507261,0.15442072317970076,0.10983003682149206,0.11267642371834521,0.11120820023519773,0.11327376589952814
2022-10-27,154.74000549316406,-0.001548523944967184,0.10101915510289014,0.12344033845296946,0.12142853109394641,0.1517475085276967,0.10323839711815423,0.1072591738116909,0.10669579686336611,0.11208128740229487
2022-10-28,153.16000366210938,-0.010210687443231947,0.024582055545671035,0.12307860329901604,0.12142853109394641,0.1472478339772528,0.10323839711815423,0.1072591738116909,0.10669579686336611,0.11208128740229487
2022-10-31,151.91000366210938,-0.008161399648159207,0.16208963813881005,0.11544731975958046,0.10392141771343939,0.14818026920562422,0.10051748412845418,0.10252071606415934,0.10455289247423076,0.09748127627275444
2022-11-01,153.4600067138672,0.010203429757038585,0.12955820291543585,0.12119639637573787,0.10392141771343939,0.14712942712965627,0.10051748412845418,0.10252071606415934,0.10455289247423076,0.09748127627275444
2022-11-02,152.38999938964844,-0.006972548399621914,0.16197442594224176,0.1285122407624266,0.11388961554358588,0.1480621055753629,0.10098805984613626,0.10347746732493965,0.10453888096622119,0.12241888814559021
2022-11-03,151.80999755859375,-0.003806036048150885,0.11068577441856596,0.11600223578007823,0.11388961554358588,0.14608943945571004,0.10098805984613626,0.10347746732493965,0.10453888096622119,0.12241888814559021
2022-11-04,156.47000122070312,0.030696289684813083,0.06041894918612578,0.10840982954782662,0.10069130776758538,0.14241005521556369,0.09629882916294921,0.0979929902110008,0.10118535401831759,0.10626484682422868
2022-11-07,155.85000610351562,-0.003962389674382338,0.48728849207047614,0.12656306768081554,0.10069130776758538,0.18251244030796646,0.09629882916294921,0.0979929902110008,0.10118535401831759,0.10626484682422868
2022-11-08,159.4499969482422,0.023099074133724695,0.0629009860556752,0.1286095067449102,0.14089485492242326,0.177621889016938,0.12636003540270832,0.1367901598683088,0.1226257466681641,0.1456355728455072
2022-11-09,158.64999389648438,-0.0050172660211307285,0.36668643404208173,0.13736662335824748,0.14089485492242326,0.19422692857865664,0.12636003540270832,0.1367901598683088,0.1226257466681641,0.1456355728455072
2022-11-10,163.47999572753906,0.030444387121793204,0.07964662892019868,0.1300180176097593,0.15240325399221774,0.18931790440392526,0.13473769198567434,0.1485942745456772,0.1302002231025357,0.12767036200615922
2022-11-11,164.55999755859375,0.006606324071935177,0.4832896628522539,0.150500675443809,0.15240325399221774,0.2184145752586372,0.13473769198567434,0.1485942745456772,0.1302002231025357,0.12767036200615922
2022-11-14,164.9199981689453,0.002187655661719301,0.10487214344784036,0.15140768389612572,0.17085392524484794,0.21331319948040464,0.15373377979565833,0.173160162284232,0.14605857581522294,0.16492300975610086
2022-11-15,165.5,0.0035168677995043307,0.03472795701091029,0.1479904243559111,0.17085392524484794,0.20698968976280432,0.15373377979565833,0.173160162284232,0.14605857581522294,0.16492300975610086
2022-11-16,165.1199951171875,-0.0022961020109516506,0.05582854554827655,0.1415381366861335,0.15890256892353538,0.2011493409332927,0.13997724631237918,0.1591491517273272,0.13741257729364106,0.13864984413248288
2022-11-17,163.9199981689453,-0.007267423593311895,0.03644948943488024,0.14111954972923513,0.15890256892353538,0.19522578680396693,0.13997724631237918,0.1591491517273272,0.13741257729364106,0.13864984413248288
2022-11-18,162.7899932861328,-0.006893636502166456,0.1153667730004001,0.14481142159262828,0.13030746300042878,0.19137630705493774,0.12965271117375268,0.14711986258702045,0.13076489198798574,0.11258357632613322
2022-11-21,161.8800048828125,-0.005589952950737276,0.10943308688165772,0.14011781912682464,0.13030746300042878,0.18747248725648671,0.12965271117375268,0.14711986258702045,0.13076489198798574,0.11258357632613322
2022-11-22,162.07000732421875,0.00117372396636517,0.08873775208921515,0.14300968009522438,0.13086621815379823,0.18305638690905154,0.12153367663360813,0.1370801133621743,0.12535256546311446,0.0926783258162227
2022-11-23,163.0800018310547,0.006231840940288613,0.01863229033703148,0.1309927338224633,0.13086621815379823,0.17753842422274901,0.12153367663360813,0.1370801133621743,0.12535256546311446,0.0926783258162227
2022-11-25,163.22000122070312,0.000858470616118101,0.09892740802868755,0.13314895878048988,0.12572124332371934,0.17382720291865555,0.11313225434214669,0.12802755356234308,0.1193894510556305,0.10118098238637482
2022-11-28,161.92999267578125,-0.007903495498554403,0.013627798548629357,0.13212471134172524,0.12572124332371934,0.16856478190787352,0.11313225434214669,0.12802755356234308,0.1193894510556305,0.10118098238637482
2022-11-29,162.72999572753906,0.004940425418036076,0.1254641014637604,0.13323584526721932,0.12235527107377343,0.16629406183937104,0.1065719545825175,0.11944882718409039,0.11467592389214122,0.1050033865201646
2022-11-30,164.80999755859375,0.012781920270785507,0.07842682216191467,0.13568333465886678,0.12235527107377343,0.16236852554888634,0.1065719545825175,0.11944882718409039,0.11467592389214122,0.1050033865201646
2022-12-01,167.83999633789062,0.01838479961277617,0.20290669388612295,0.1375386553746537,0.12746068348131856,0.16508177788299955,0.10686994088495844,0.12014415113962552,0.11410433033823772,0.11438679935309695
2022-12-02,167.25999450683594,-0.0034556830535615868,0.291849646074974,0.14491553915463273,0.12746068348131856,0.1752924605923385,0.10686994088495844,0.12014415113962552,0.11410433033823772,0.11438679935309695
2022-12-05,164.38999938964844,-0.017158885635801036,0.05485726781750554,0.14004657742169016,0.14754128018033758,0.1704827238344978,0.11301428156943671,0.12721840602415607,0.11780709759717353,0.12545985000514354
2022-12-06,164.83999633789062,0.0027373742314797944,0.27238886500396775,0.1473967179028448,0.14754128018033758,0.17824769060259057,0.11301428156943671,0.12721840602415607,0.11780709759717353,0.12545985000514354
2022-12-07,166.3300018310547,0.009039101712364994,0.043454468770872556,0.14662560515669693,0.15777369377101208,0.17314503257159003,0.11570141174900084,0.12408312611901967,0.1195946201220828,0.12466143065271827
2022-12-08,166.47000122070312,0.0008416965556858891,0.1434912912380152,0.13099845966431234,0.15777369377101208,0.17151045217604996,0.11570141174900084,0.12408312611901967,0.1195946201220828,0.12466143065271827
2022-12-09,167.05999755859375,0.003544160110315664,0.013361518594346948,0.12874666568879742,0.1316082336854586,0.16631775883544114,0.10959013676385515,0.11847006693987071,0.11546321460638202,0.13339491419800498
2022-12-12,165.67999267578125,-0.008260534556326027,0.05626179755094295,0.11463645493920019,0.1316082336854586,0.16183888433136553,0.10959013676385515,0.11847006693987071,0.11546321460638202,0.13339491419800498
2022-12-13,168.50999450683594,0.017081132038632596,0.13113192079496366,0.11697669547896225,0.10726297909555112,0.1601625731930105,0.10476453050640488,0.11175875046339746,0.11125384726189508,0.09931697242395811
2022-12-14,168.10000610351562,-0.0024330212847030186,0.27115456491407747,0.10733419102722695,0.10726297909555112,0.16889172491606158,0.10476453050640488,0.11175875046339746,0.11125384726189508,0.09931697242395811
2022-12-15,165.35000610351562,-0.01635930934057528,0.038623015523106395,0.10432286703064815,0.1040364754083007,0.1640196759541402,0.10914114848075483,0.11813597698631986,0.11389531683472116,0.08827949753489336
2022-12-16,166.7899932861328,0.008708721678036602,0.2596959848156295,0.1145486864763172,0.1040364754083007,0.17127412859464985,0.10914114848075483,0.11813597698631986,0.11389531683472116,0.08827949753489336
2022-12-19,166.32000732421875,-0.0028178306902848504,0.13824667078417177,0.11829496489613062,0.11687780370379541,0.16947408656570387,0.11450052136844507,0.11942280292376793,0.11738447166256498,0.09604274492260156
2022-12-20,169.0800018310547,0.016594482836064905,0.0447316754590751,0.11867142789723037,0.11687780370379541,0.16467614709971043,0.11450052136844507,0.11942280292376793,0.11738447166256498,0.09604274492260156
2022-12-21,168.8000030517578,-0.0016560135809358112,0.2634292483197454,0.1254015404117461,0.1142338481896685,0.17220579999061444,0.11729331008261432,0.12474526037010211,0.11924822396517666,0.089843321618977
2022-12-22,166.75999450683594,-0.012085358459954287,0.02628840061741014,0.12162223649064391,0.1142338481896685,0.16708384750718527,0.11729331008261432,0.12474526037010211,0.11924822396517666,0.089843321618977
2022-12-23,167.25999450683594,0.002998321039039853,0.1918491179406576,0.12630911675661857,0.1157439567797596,0.16867233446897148,0.11406805245893091,0.11875126669464155,0.117074093440191,0.10478951963799127
2022-12-27,168.6699981689453,0.008430011409881644,0.04759687092019342,0.12762568860130774,0.1157439567797596,0.16394896388078653,0.11406805245893091,0.11875126669464155,0.117074093440191,0.10478951963799127
2022-12-28,167.91000366210938,-0.004505807286929064,0.1338222824399029,0.12921181925636296,0.11934924329890581,0.16229914105987728,0.10843180614459233,0.11413086152184593,0.11323197168780907,0.12055706189007573
2022-12-29,168.85000610351562,0.005598251568726287,0.07152747322078175,0.13184362265055172,0.11934924329890581,0.15832726007535305,0.10843180614459233,0.11413086152184593,0.11323197168780907,0.12055706189007573
2022-12-30,169.63999938964844,0.0046786689817972515,0.08886948856576185,0.13018023115518818,0.11375963523429439,0.15503979220144348,0.10229620957421205,0.1079790153534867,0.10892733380573125,0.12048807725875368
2023-01-03,171.05999755859375,0.008370656531798915,0.07427156755576388,0.12999135594581768,0.11375963523429439,0.15141358222017667,0.10229620957421205,0.1079790153534867,0.10892733380573125,0.12048807725875368
2023-01-04,172.6699981689453,0.0094119059589024,0.13288005296087016,0.12680832681285165,0.10664572966192136,0.15036600352604457,0.09906473322591829,0.10550672388381109,0.10631153723434357,0.10832629244364661
2023-01-05,170.52000427246094,-0.012451461859522062,0.14940937518229597,0.12033376904500263,0.10664572966192136,0.15030877751799002,0.09906473322591829,0.10550672388381109,0.10631153723434357,0.10832629244364661
2023-01-06,173.7100067138672,0.01870749684189077,0.19766082923700745,0.12682484001861635,0.1070099494821767,0.1535622124348798,0.10336532036642808,0.107155102809773,0.10831090154445323,0.1071064833090844
2023-01-09,174.10000610351562,0.0022451175785793698,0.29697230577701517,0.12794226914466397,0.1070099494821767,0.16570463157839754,0.10336532036642808,0.107155102809773,0.10831090154445323,0.1071064833090844
2023-01-10,174.74000549316406,0.0036760446135073455,0.03564013666212316,0.1275870722306299,0.12521318722037023,0.16089361886482073,0.11033101661449807,0.11765344111998784,0.11295627737964167,0.11103075954165068
2023-01-11,174.6199951171875,-0.000686793935011365,0.058355399134313916,0.12371725895318895,0.12521318722037023,0.15664569050063465,0.11033101661449807,0.11765344111998784,0.11295627737964167,0.11103075954165068
2023-01-12,176.63999938964844,0.011568000967502767,0.01090251572392517,0.12360548609544249,0.12064764770274214,0.15189710959140074,0.10225866936662242,0.10957230750562352,0.1075461392430902,0.12252982951039385
2023-01-13,178.75999450683594,0.012001783992939385,0.1836363223570014,0.12939523722299062,0.12064764770274214,0.15398605755527658,0.10225866936662242,0.10957230750562352,0.1075461392430902,0.12252982951039385
2023-01-17,177.58999633789062,-0.00654507834469964,0.1905224144066004,0.13209480511442864,0.10919945805062581,0.15641908767669999,0.10710732618564327,0.11640477125376704,0.11029137618391811,0.12453068163142049
2023-01-18,177.0800018310547,-0.0028717524486322477,0.1038998976690572,0.12449232023965498,0.10919945805062581,0.15377459625820164,0.10710732618564327,0.11640477125376704,0.11029137618391811,0.12453068163142049
2023-01-19,179.88999938964844,0.015868520044824974,0.04558765683613031,0.12480889484479243,0.11178735112486025,0.14950760159423027,0.10109320417704125,0.10904954149134906,0.10616750764636769,0.11787823029697807
2023-01-20,179.2899932861328,-0.003335405556458948,0.2519049462795025,0.12445475672951395,0.11178735112486025,0.1575396384279089,0.10109320417704125,0.10904954149134906,0.10616750764636769,0.11787823029697807
2023-01-23,179.6300048828125,0.0018964337632443318,0.052947921743600294,0.12057754086403341,0.11384525224467272,0.15328999432596532,0.10502862082756202,0.11438322940060114,0.1085967149731066,0.12787258794258927
2023-01-24,180.27999877929688,0.003618515163479552,0.030104952692705078,0.11991268982919841,0.11384525224467272,0.14880299563323654,0.10502862082756202,0.11438322940060114,0.1085967149731066,0.12787258794258927
2023-01-25,181.11000061035156,0.004603959599926544,0.05744214742729876,0.11054963978863265,0.10118491101054639,0.1449543639802648,0.0978603170323529,0.10678426921356265,0.10361486636575695,0.13867290634095894
2023-01-26,179.47000122070312,-0.009055266877154966,0.07308559288556436,0.11267678489173058,0.10118491101054639,0.14167410423910845,0.0978603170323529,0.10678426921356265,0.10361486636575695,0.13867290634095894
2023-01-27,179.22000122070312,-0.0013929904624704337,0.14374790527363507,0.11049036613413864,0.0886273775353419,0.14179938758496108,0.09605176679482562,0.10261338108021367,0.10193837539362599,0.13669273477557106
2023-01-30,178.75999450683594,-0.002566715270248765,0.022113038054289724,0.1093320100947794,0.0886273775353419,0.13758626940004312,0.09605176679482562,0.10261338108021367,0.10193837539362599,0.13669273477557106
2023-01-31,179.41000366210938,0.0036362115419990015,0.04074534174834105,0.10510124006334477,0.09135470747802772,0.13376768521667448,0.0897051412168021,0.09563791269752762,0.09719123840803381,0.10839920650330517
2023-02-01,181.6699981689453,0.012596814339808304,0.05772306872731233,0.10447376713182342,0.09135470747802772,0.1304610407421754,0.0897051412168021,0.09563791269752762,0.09719123840803381,0.10839920650330517
2023-02-02,177.89999389648438,-0.02075193653580043,0.19996822832871033,0.10952370984832106,0.09313744926479342,0.1356396538733974,0.0932290730125054,0.10031853532632186,0.09850544711137671,0.11330555572531611
2023-02-03,173.4600067138672,-0.024957770292002968,0.329426779780339,0.12112167404034722,0.09313744926479342,0.15429046942344815,0.0932290730125054,0.10031853532632186,0.09850544711137671,0.11330555572531611
2023-02-06,173.82000732421875,0.0020754098721176284,0.39619232082789446,0.1330904134888483,0.131921428039727,0.17831241494240696,0.13208436782874028,0.11996917116483796,0.12422284250721417,0.13153416282943636
2023-02-07,173.97999572753906,0.000920425708082595,0.03294611034090966,0.12779662872333078,0.131921428039727,0.17306855593790932,0.13208436782874028,0.11996917116483796,0.12422284250721417,0.13153416282943636
2023-02-08,174.41000366210938,0.002471594120761589,0.014611305143382481,0.11947619580998418,0.14111479844112532,0.16783435573638325,0.12004835023668453,0.11111327502829257,0.1177476328585145,0.11799068621761437
2023-02-09,173.02999877929688,-0.007912418174625069,0.039235340312547044,0.10776087919796291,0.14111479844112532,0.16300501042387167,0.12004835023668453,0.11111327502829257,0.1177476328585145,0.11799068621761437
2023-02-10,173.36000061035156,0.0019071943211166342,0.12560574455523343,0.1118502250112861,0.11994068027681994,0.1610062222456194,0.11284987863799592,0.10511296913366622,0.11389130494118892,0.11345065851975944
2023-02-13,172.47999572753906,-0.005076170279846859,0.030275771253295662,0.11057387828942161,0.11994068027681994,0.15627738392101512,0.11284987863799592,0.10511296913366622,0.11389130494118892,0.11345065851975944
2023-02-14,172.61000061035156,0.0007537389032514774,0.08058170503855162,0.1137411141673592,0.10270435342694186,0.15279681983896057,0.10507327763709709,0.09873153865389431,0.10893984249461594,0.11543471149930203
2023-02-15,170.88999938964844,-0.00996466725346834,0.011965234148867899,0.10593788288517131,0.10270435342694186,0.14817100280898426,0.10507327763709709,0.09873153865389431,0.10893984249461594,0.11543471149930203
2023-02-16,170.75,-0.0008192368783922488,0.15818418870111753,0.10446796353492208,0.09977151106628733,0.14879079797593892,0.10181967345883562,0.0950964422847923,0.10664161649976252,0.10416059414080567
2023-02-17,171.25999450683594,0.002986790669610162,0.01300498227047253,0.10033637647135006,0.09977151106628733,0.1442931988778715,0.10181967345883562,0.0950964422847923,0.10664161649976252,0.10416059414080567
2023-02-21,170.6199951171875,-0.003737004613899475,0.04741383197997944,0.1004193844324341,0.10023523416246509,0.1403787017166279,0.09484196932218898,0.08959912837867655,0.10192689614230797,0.10981172404338212
2023-02-22,169.66000366210938,-0.005626488586046308,0.059323109140073764,0.09166566456246006,0.10023523416246509,0.13687572092445738,0.09484196932218898,0.08959912837867655,0.10192689614230797,0.10981172404338212
2023-02-23,169.57000732421875,-0.0005304511136865475,0.08931773731933185,0.0933188379977206,0.09412848857170107,0.13449730366020446,0.09055434820853356,0.08560584366867492,0.0985532968479334,0.11110612597839171
2023-02-24,168.35000610351562,-0.00719467575637045,0.008420650376951132,0.09233318789245906,0.09412848857170107,0.13041628599036081,0.09055434820853356,0.08560584366867492,0.0985532968479334,0.11110612597839171
2023-02-27,169.00999450683594,0.003920334893926292,0.11421193689061046,0.09491363286806412,0.0914854375549288,0.12950121692141234,0.08742033277694265,0.08234115269584945,0.09581426248728293,0.08196623707106476
2023-02-28,169.77999877929688,0.00455596886271592,0.0622333871125065,0.09442035078747057,0.0914854375549288,0.12647810459272701,0.08742033277694265,0.08234115269584945,0.09581426248728293,0.08196623707106476
2023-03-01,170.75999450683594,0.005772150633673867,0.07232376355020059,0.09117379889095084,0.0920423052235254,0.12389815128294122,0.08379145480531033,0.0805027304106613,0.09242882238767208,0.08237549667387653
2023-03-02,170.66000366210938,-0.0005855636445488699,0.09163005064022965,0.09433366309940266,0.0920423052235254,0.12220258077745583,0.08379145480531033,0.0805027304106613,0.09242882238767208,0.08237549667387653
2023-03-03,172.49000549316406,0.010723085619275707,0.009295534681661595,0.09290412641455359,0.09516355051055056,0.11850167476306593,0.08054727583417341,0.07872240925473502,0.08934048710871671,0.09759409450897323
2023-03-06,171.6199951171875,-0.005043830646819902,0.17022370701513936,0.098017791791273,0.09516355051055056,0.12222378955077005,0.08054727583417341,0.07872240925473502,0.08934048710871671,0.09759409450897323
2023-03-07,168.6199951171875,-0.017480480627863337,0.08006832927966911,0.09256779637995294,0.09535482745878665,0.12011241272008537,0.08425448795816468,0.08396564454720395,0.09050236876687241,0.09648550650072532
2023-03-08,168.5399932861328,-0.00047445044105887124,0.27749402723525163,0.09020721671881261,0.09535482745878665,0.13483897172979342,0.08425448795816468,0.08396564454720395,0.09050236876687241,0.09648550650072532
2023-03-09,170.1999969482422,0.009849316056938173,0.007531667258800091,0.07254082337476286,0.08452675985371162,0.13074425019870275,0.09497014327669427,0.08818385852235947,0.09686450769277616,0.08448571461269692
2023-03-10,173.8699951171875,0.021562856843419187,0.1563530452244022,0.07815022950583071,0.08452675985371162,0.13242051165690447,0.09497014327669427,0.08818385852235947,0.09686450769277616,0.08448571461269692
2023-03-13,177.86000061035156,0.022948211912439564,0.3422997405826464,0.09304515838943361,0.09994078500039427,0.15334023326317398,0.1160441332475879,0.11808858522899658,0.10990721816512031,0.095170976168973
2023-03-14,176.8300018310547,-0.005791064746217711,0.3642915705235502,0.10782044158084285,0.09994078500039427,0.17339242892999457,0.1160441332475879,0.11808858522899658,0.10990721816512031,0.095170976168973
2023-03-15,178.2100067138672,0.007804133170404848,0.09193030286859265,0.10628973968599555,0.12762038190453942,0.16961164223236358,0.12849176853287902,0.13545144437167733,0.11953893153140262,0.11806503307361159
2023-03-16,178.57000732421875,0.002020092008242713,0.12388677340392772,0.11054478523829701,0.12762038190453942,0.16722110688361058,0.12849176853287902,0.13545144437167733,0.11953893153140262,0.11806503307361159
2023-03-17,183.77000427246094,0.02912021467748982,0.032067966475675565,0.10833961530362081,0.12952860485741147,0.16231705375766964,0.1184832627122616,0.12682487334011097,0.11488679557048813,0.1580008492104856
2023-03-20,183.83999633789062,0.0003808677357699519,0.46226907696870617,0.12880797179543163,0.12952860485741147,0.19387516178052822,0.1184832627122616,0.12682487334011097,0.11488679557048813,0.1580008492104856
2023-03-21,180.3699951171875,-0.018875115806276432,0.006046087867533315,0.12189260357572328,0.14557495035598142,0.18797477746977265,0.14028835856874117,0.15478254381816062,0.13092507187678135,0.1669866671920278
2023-03-22,183.44000244140625,0.01702060989813825,0.29963317434571113,0.1349211577609614,0.14557495035598142,0.19647200385050068,0.14028835856874117,0.15478254381816062,0.13092507187678135,0.1669866671920278
2023-03-23,185.74000549316406,0.012538176085624908,0.2701938057187094,0.14504752020363093,0.1569875189052573,0.2016567751357114,0.1505581031826149,0.16083029513689376,0.14100673621634346,0.1848538753053629
2023-03-24,183.64999389648438,-0.011252350246951037,0.1990373749014048,0.1513981686473278,0.1569875189052573,0.20150057135677138,0.1505581031826149,0.16083029513689376,0.14100673621634346,0.1848538753053629
2023-03-27,181.9499969482422,-0.009256722051406152,0.17862552251057207,0.15545761342874778,0.15384157121037148,0.20020178840162614,0.14472862032131895,0.1548262762210034,0.13890555582857406,0.14346367970114135
2023-03-28,183.44000244140625,0.008189093257242153,0.14694590702201002,0.16175421600352322,0.15384157121037148,0.19741199733017287,0.14472862032131895,0.1548262762210034,0.13890555582857406,0.14346367970114135
2023-03-29,182.52999877929688,-0.00496077000653139,0.12999782533067175,0.16247175638716235,0.15273377993583206,0.19402879416194166,0.1356110719177709,0.14568886050663638,0.13431981489854053,0.12536060441271987
2023-03-30,184.17999267578125,0.009039576549164652,0.07874978249202194,0.16322250163168578,0.15273377993583206,0.18910429471763282,0.1356110719177709,0.14568886050663638,0.13431981489854053,0.12536060441271987
2023-03-31,183.22000122070312,-0.005212246135594234,0.14349882903852665,0.16645773188115515,0.1430578596949606,0.18668241229408794,0.12697154729046217,0.13763822643292653,0.12936042480375792,0.11621300674890028
2023-04-03,184.5399932861328,0.007204410308019105,0.08274184228103874,0.16605372241028282,0.1430578596949606,0.18212653959318248,0.12697154729046217,0.13763822643292653,0.12936042480375792,0.11621300674890028
2023-04-04,187.97999572753906,0.018640958960437715,0.1143664681073328,0.17082967392963153,0.13969883981654105,0.17878661353797315,0.11857653610649448,0.12957935459155145,0.12442631125263182,0.15436474295476366
2023-04-05,187.8300018310547,-0.0007979247786651378,0.2959160496544759,0.17654296223141955,0.13969883981654105,0.18788494483630294,0.11857653610649448,0.12957935459155145,0.12442631125263182,0.15436474295476366
2023-04-06,186.49000549316406,-0.007134091065472581,0.01266666317570527,0.17347925013578483,0.1570505910528649,0.18218763406919955,0.12212063218538906,0.13528285437264623,0.1265520399526985,0.15103029956182082
2023-04-10,185.11000061035156,-0.007399886547073353,0.11325018473836958,0.1660136209313811,0.1570505910528649,0.1788024894341941,0.12212063218538906,0.13528285437264623,0.1265520399526985,0.15103029956182082
2023-04-11,186.27999877929688,0.006320556237305208,0.11746955720189131,0.17101079774697617,0.14880926990810683,0.1757272210738726,0.11543036374565377,0.12612734446491566,0.1228805475157004,0.1493363739554756
2023-04-12,187.19000244140625,0.004885138866613126,0.10033571970904638,0.16846455567809634,0.14880926990810683,0.1721374109592011,0.11543036374565377,0.12612734446491566,0.1228805475157004,0.1493363739554756
2023-04-13,189.72000122070312,0.013515672558895409,0.0775491753664456,0.15643043907735996,0.12882821864755786,0.16797096008725323,0.10776157033694732,0.11889477199216958,0.11827091800602148,0.10366946189613988
2023-04-14,186.36000061035156,-0.017710313033589165,0.21455465035570342,0.1496242154333669,0.12882821864755786,0.17112396298014806,0.10776157033694732,0.11889477199216958,0.11827091800602148,0.10366946189613988
2023-04-17,185.52999877929688,-0.0044537552497120325,0.28114250356789705,0.15822477001060803,0.1352401838253615,0.17963538766739345,0.12197929903087994,0.12656463909166568,0.1252729602786486,0.14113086438227906
2023-04-18,186.25,0.003880780603893852,0.07070117274651848,0.1558072427079985,0.1352401838253615,0.17502188292306142,0.12197929903087994,0.12656463909166568,0.1252729602786486,0.14113086438227906
2023-04-19,185.36000061035156,-0.004778520212877502,0.06160548222423716,0.15714985706020587,0.1426371552259884,0.1703596608890222,0.1124283784280773,0.11745463542033116,0.12000471402723899,0.13329592303268745
2023-04-20,186.08999633789062,0.00393825919904689,0.07585665670901579,0.13958565613931084,0.1426371552259884,0.16621168176982462,0.1124283784280773,0.11745463542033116,0.12000471402723899,0.13329592303268745
2023-04-21,184.25,-0.00988766926809792,0.06251792663514295,0.14215255790147494,0.1217062917419837,0.1618741895312334,0.10424893487244018,0.10941336444509389,0.11495873275114121,0.1310976050117022
2023-04-24,184.80999755859375,0.003039335460481629,0.1569618835766588,0.13566749923015434,0.1217062917419837,0.161583662589898,0.10424893487244018,0.10941336444509389,0.11495873275114121,0.1310976050117022
2023-04-25,185.75,0.005086318131183543,0.04824795467600623,0.12557905145548603,0.10075008936211927,0.15710631789598126,0.10085313304984483,0.10405197042805975,0.11238829640954846,0.1251622002859484
2023-04-26,184.74000549316406,-0.0054373863086726315,0.08074279718442275,0.1202020251956232,0.10075008936211927,0.15359887816417483,0.10085313304984483,0.10405197042805975,0.11238829640954846,0.1251622002859484
2023-04-27,184.75,5.410039265330013e-05,0.08631583172961162,0.11600613016012501,0.09433526690560919,0.150413044046472,0.09571445798034812,0.09863832139450442,0.10896640288120855,0.13260852380568794
2023-04-28,184.8000030517578,0.0002706525128974846,0.0008588171087494679,0.10936580789134044,0.09433526690560919,0.1458310085138821,0.09571445798034812,0.09863832139450442,0.10896640288120855,0.13260852380568794
2023-05-01,183.97000122070312,-0.004491351825477108,0.004296475445048675,0.10365211016926668,0.08656489653754325,0.14139232526414008,0.08811811080628715,0.09108933158701848,0.10397273508368089,0.12229676939968696
2023-05-02,187.52000427246094,0.019296640909943763,0.07129799988425041,0.10331339277800433,0.08656489653754325,0.13819293235268595,0.08811811080628715,0.09108933158701848,0.10397273508368089,0.12229676939968696
2023-05-03,189.11000061035156,0.008479075840785555,0.306324677919758,0.11071456772715119,0.09770216976282892,0.15356281404447694,0.1047651527730562,0.11136682987540109,0.1112078222116709,0.14267582004637133
2023-05-04,190.44000244140625,0.00703295344911492,0.13460115613424686,0.11307180926593338,0.09770216976282892,0.15249161898210553,0.1047651527730562,0.11136682987540109,0.1112078222116709,0.14267582004637133
2023-05-05,187.4600067138672,-0.015647950479605433,0.11164467485191222,0.11294809139068698,0.11037815979219973,0.15035406291006564,0.10227223735358605,0.10978825583461008,0.10943792501396564,0.11357862955086581
2023-05-08,187.69000244140625,0.0012269055761324754,0.2484035129813392,0.11078843063281715,0.11037815979219973,0.15796272311921683,0.10227223735358605,0.10978825583461008,0.10943792501396564,0.11357862955086581
2023-05-09,189.02000427246094,0.007086162362163639,0.019476522219629724,0.11109796968026826,0.11834202587691905,0.15322483048315103,0.10552439675362411,0.10763931912939141,0.1109591781193547,0.11082751444624064
2023-05-10,188.75,-0.001428442843921074,0.11248934016066603,0.11106338583582719,0.11834202587691905,0.151090730539573,0.10552439675362411,0.10763931912939141,0.1109591781193547,0.11082751444624064
2023-05-11,187.1300048828125,-0.008582755587748347,0.022675827162510084,0.10675457992494622,0.10517106231392911,0.14659316461531618,0.09940009494804143,0.10260778244086664,0.10683588982800886,0.11477477023885072
2023-05-12,186.80999755859375,-0.0017100802429794726,0.1362470210929928,0.10838691180603469,0.10517106231392911,0.14599307381728788,0.09940009494804143,0.10260778244086664,0.10683588982800886,0.11477477023885072
2023-05-15,187.2100067138672,0.0021412620336231925,0.027146682269331562,0.10609588939252951,0.0953972470747659,0.14170164250267805,0.09562572758986437,0.09740053405311298,0.10421036745981745,0.12397186119625117
2023-05-16,184.8699951171875,-0.0124993937971285,0.03399148099674836,0.0978884726034861,0.0953972470747659,0.13763691149361246,0.09562572758986437,0.09740053405311298,0.10421036745981745,0.12397186119625117
2023-05-17,184.22999572753906,-0.0034618889303412725,0.19842172515759204,0.09412843722119951,0.08416793628042793,0.14201955887145046,0.09768418165652579,0.09585920127242958,0.10412572493082387,0.11000540227746408
2023-05-18,181.83999633789062,-0.012972911279784505,0.054955783057262494,0.09341273768986968,0.08416793628042793,0.13834952143540327,0.09768418165652579,0.09585920127242958,0.10412572493082387,0.11000540227746408
2023-05-19,183.63999938964844,0.0098988291245512,0.2059385821608868,0.09997333314153557,0.09204088378987028,0.14330665251085514,0.10032871798659228,0.09566773409252932,0.1050687257339538,0.10328782143071824
2023-05-22,183.2100067138672,-0.002341497915543389,0.15713904080571417,0.10366798696411278,0.09204088378987028,0.14417402520341643,0.10032871798659228,0.09566773409252932,0.1050687257339538,0.10328782143071824
2023-05-23,183.42999267578125,0.001200731149241463,0.03717012707942357,0.10251581425703461,0.10513566952425799,0.14007811274992274,0.09774609273981509,0.0955182045331632,0.1028744550819736,0.10875137108724288
2023-05-24,181.9499969482422,-0.008068450017086337,0.019061016074050162,0.09624759300691607,0.10513566952425799,0.1358910017304743,0.09774609273981509,0.0955182045331632,0.1028744550819736,0.10875137108724288
2023-05-25,180.1999969482422,-0.009618027091793824,0.12808267326579179,0.09987644385190629,0.09615788124000758,0.13543519764702144,0.09427635581240665,0.09142955071134128,0.0999665638704631,0.10601737808894969
2023-05-26,180.9199981689453,0.003995567330169925,0.15268144672780956,0.10314638246751481,0.09615788124000758,0.13653141999730434,0.09427635581240665,0.09142955071134128,0.0999665638704631,0.10601737808894969
2023-05-30,182.0399932861328,0.006190554546333882,0.06342766501346354,0.10210601125314443,0.0936505266395331,0.1332807677387668,0.09328067174841491,0.08966175592168259,0.09878494451159499,0.09921327738289926
2023-05-31,182.32000732421875,0.0015382006614657051,0.09827200684307838,0.10653388351379575,0.0936505266395331,0.13144344983996334,0.09328067174841491,0.08966175592168259,0.09878494451159499,0.09921327738289926
2023-06-01,183.75999450683594,0.00789813034647624,0.02441817850051986,0.10744850637995353,0.09824986550281059,0.12757943612494174,0.08894534391520512,0.08698116255500417,0.09542308247480333,0.10132360507637436
2023-06-02,181.0500030517578,-0.014747450675273721,0.12537893231489125,0.10990673058134628,0.09824986550281059,0.12744847731827139,0.08894534391520512,0.08698116255500417,0.09542308247480333,0.10132360507637436
2023-06-05,182.13999938964844,0.006020416015011243,0.23410852175379498,0.10662417802834798,0.0906421104602109,0.13622384338274268,0.09902838465459612,0.09353328059752597,0.10028549533167805,0.10981437848413741
2023-06-06,182.33999633789062,0.0010980396887689814,0.09557114138922153,0.10485008644902866,0.0906421104602109,0.13413258351196536,0.09902838465459612,0.09353328059752597,0.10028549533167805,0.10981437848413741
2023-06-07,180.14999389648438,-0.012010543410059138,0.017430839676968925,0.10056763939562213,0.09796687212671,0.13011643636500866,0.09346150530743537,0.09004069509558119,0.09689200051570292,0.11828985874429132
2023-06-08,182.52999877929688,0.013211240429905624,0.19066146584257287,0.09794300088931457,0.09796687212671,0.13451980324481558,0.09346150530743537,0.09004069509558119,0.09689200051570292,0.11828985874429132
2023-06-09,182.0399932861328,-0.0026845203333208945,0.209721940129274,0.1065905198852075,0.09949779119056365,0.14017432128395585,0.10382257969195823,0.10116918330913388,0.1025417106082499,0.11681339872786418
2023-06-12,181.8800048828125,-0.0008788640365902101,0.042615439148779855,0.1034144334755763,0.09949779119056365,0.1363043449997219,0.10382257969195823,0.10116918330913388,0.1025417106082499,0.11681339872786418
2023-06-13,180.5399932861328,-0.007367558613950331,0.0139515340623364,0.1030178746982957,0.09929272796300612,0.13219614486064477,0.09573848266603407,0.09417470024302052,0.09791935295707697,0.11077085779570103
2023-06-14,180.63999938964844,0.0005539277015322863,0.11695636717322584,0.10214102679285174,0.09929272796300612,0.13133163740088327,0.09573848266603407,0.09417470024302052,0.09791935295707697,0.11077085779570103
2023-06-15,181.91000366210938,0.007030581691497284,0.008793329655384251,0.10130678349221775,0.0951561923573614,0.12734896309840513,0.09155793581018948,0.08968855166964768,0.09515343525685263,0.11038162799054993
2023-06-16,181.6300048828125,-0.0015392159510752013,0.11160702436695388,0.10483476273631802,0.0951561923573614,0.12645971916538232,0.09155793581018948,0.08968855166964768,0.09515343525685263,0.11038162799054993
2023-06-20,179.75,-0.010350739592973501,0.024434295723412467,0.09692624321658258,0.08421444261692854,0.12275324446039736,0.0880533127317688,0.08762826008871846,0.09248831659692526,0.10299996169858769
2023-06-21,179.49000549316406,-0.0014464228474878604,0.16431289709158686,0.10189702112723369,0.08421444261692854,0.1256351112271512,0.0880533127317688,0.08762826008871846,0.09248831659692526,0.10299996169858769
2023-06-22,177.7100067138672,-0.009916979914319946,0.022961250870568713,0.0935798697049465,0.08559160630223595,0.12193753911395623,0.08858382532489827,0.08620395393135125,0.0920386592075052,0.08841702876128991
2023-06-23,178.1999969482422,0.0027572461643308177,0.15742717566067926,0.09359296674380854,0.08559160630223595,0.12435287120387473,0.08858382532489827,0.08620395393135125,0.0920386592075052,0.08841702876128991
2023-06-26,178.50999450683594,0.0017396047357047806,0.04376992592523645,0.09389295760043641,0.08759826373258818,0.1210403518128506,0.08882591300029921,0.0852675018142218,0.09171025456905814,0.09286310289255201
2023-06-27,177.69000244140625,-0.004593535884055422,0.027615369061350564,0.09428179182713187,0.08759826373258818,0.11754776593990887,0.08882591300029921,0.0852675018142218,0.09171025456905814,0.09286310289255201
2023-06-28,177.27999877929688,-0.002307409851291853,0.07292012152597126,0.09177440311168548,0.08027954400719113,0.11535800487273318,0.08464360305815052,0.08151543352951733,0.08855385861744157,0.09471591187852273
2023-06-29,177.08999633789062,-0.001071764681377263,0.03662899583531263,0.08649929170748108,0.08027954400719113,0.11220303975863881,0.08464360305815052,0.08151543352951733,0.08855385861744157,0.09471591187852273
2023-06-30,178.27000427246094,0.006663323502016594,0.0170137368654397,0.08438956770075273,0.07225889110286551,0.10886468131465568,0.08007516799809897,0.07752234848142384,0.08509367460345836,0.09515583359952767
2023-07-03,178.47000122070312,0.0011218766110339118,0.10577698134904742,0.0847307029055695,0.07225889110286551,0.10868189313071452,0.08007516799809897,0.07752234848142384,0.08509367460345836,0.09515583359952767
2023-07-05,177.83999633789062,-0.00353003237800964,0.017809239086974033,0.08443029656859015,0.07575797781403469,0.10546126682635151,0.07889376064321442,0.07758217080191553,0.08343579632235609,0.10439536832779711
2023-07-06,177.30999755859375,-0.002980200124891419,0.05603752675331676,0.08127841449760947,0.07575797781403469,0.10316572268374558,0.07889376064321442,0.07758217080191553,0.08343579632235609,0.10439536832779711
2023-07-07,178.63999938964844,0.007500997402107412,0.04730921032599797,0.07278753670543689,0.0652423234060403,0.10069193631839692,0.07651254190172208,0.07486030908927237,0.08114577070141309,0.09113368281964515
2023-07-10,178.77999877929688,0.0007836956455820054,0.11907464226550665,0.07385587765435894,0.0652423234060403,0.101888469921845,0.07651254190172208,0.07486030908927237,0.08114577070141309,0.09113368281964515
2023-07-11,179.4499969482422,0.0037476125602418087,0.01244078269064521,0.07362905688225331,0.0686493221475673,0.09883152872070321,0.07694789448187377,0.07647801455393555,0.08059212322134106,0.08631703684851605
2023-07-12,181.8800048828125,0.013541420874312982,0.059491505067731355,0.06766678593794234,0.0686493221475673,0.09692246981803726,0.07694789448187377,0.07647801455393555,0.08059212322134106,0.08631703684851605
2023-07-13,182.00999450683594,0.0007146999149643118,0.21496339219134591,0.06790503375894562,0.06447809804422872,0.10771667858430871,0.08746151425046608,0.08964748482945516,0.08594048717506717,0.081477924940846
2023-07-14,181.42999267578125,-0.0031866482531699436,0.011345509422207477,0.06648367331682868,0.06447809804422872,0.10447216428103763,0.08746151425046608,0.08964748482945516,0.08594048717506717,0.081477924940846
2023-07-17,181.55999755859375,0.0007165567329587841,0.050586472762356394,0.06814889780319323,0.07032245818614259,0.10204463041523776,0.08252080257014519,0.0843372700721436,0.08300848408579703,0.08453147269098646
2023-07-18,183.63999938964844,0.011456278139590825,0.011374985494067177,0.0633497440905042,0.07032245818614259,0.09897516667572191,0.08252080257014519,0.0843372700721436,0.08300848408579703,0.08453147269098646
2023-07-19,183.6699981689453,0.00016335645500209495,0.1818627774464582,0.07121653717191666,0.07166173459132677,0.10579585431674587,0.08704171043604983,0.09015484047156307,0.08540768171679958,0.11143390169272811
2023-07-20,182.74000549316406,-0.005063389149303599,0.002593203329955939,0.06626136348841674,0.07166173459132677,0.10257485318236698,0.08704171043604983,0.09015484047156307,0.08540768171679958,0.11143390169272811
2023-07-21,182.17999267578125,-0.0030645332195952113,0.08037881088120132,0.06880429599558896,0.06857766228473974,0.1013802232655938,0.08327655192833236,0.08535480857446429,0.08316474091851271,0.10496424728955422
2023-07-24,181.39999389648438,-0.00428147332668416,0.04864795670127013,0.06354679870512002,0.06857766228473974,0.09901146454169471,0.08327655192833236,0.08535480857446429,0.08316474091851271,0.10496424728955422
2023-07-25,182.41000366210938,0.005567859975791123,0.06796628200417615,0.06559248193846581,0.06702506496665073,0.0974281213686175,0.08051497170639191,0.0815662476800628,0.08107491064068931,0.08931216052575427
2023-07-26,183.3000030517578,0.0048791150253855164,0.08838703698464054,0.06245429381682768,0.06702506496665073,0.09690944536952233,0.08051497170639191,0.0815662476800628,0.08107491064068931,0.08931216052575427
2023-07-27,180.4199981689453,-0.01571197400361901,0.07745354985149204,0.06398536763165749,0.05996356737382879,0.09585352006470382,0.08010827067211758,0.08168857812057662,0.08053648481435711,0.07402845781307534
2023-07-28,181.86000061035156,0.007981390400291666,0.2494198549169266,0.07406738971600185,0.05996356737382879,0.11121708192482731,0.08010827067211758,0.08168857812057662,0.08053648481435711,0.07402845781307534
2023-07-31,182.35000610351562,0.0026944104889450315,0.12670064469414008,0.07651195895091863,0.08124327633768536,0.11220636414711944,0.09466691765568062,0.09141775819348173,0.08987250408677563,0.09088662717066467
2023-08-01,180.4600067138672,-0.010364679607279714,0.04277244050203501,0.07679120643576963,0.08124327633768536,0.10929144964634252,0.09466691765568062,0.09141775819348173,0.08987250408677563,0.09088662717066467
2023-08-02,179.60000610351562,-0.004765602229612864,0.1645341879583484,0.0834966814854473,0.08521816609539243,0.1133676922596463,0.09476521967899434,0.09015361278612546,0.09058861487246386,0.07990746174115892
2023-08-03,179.5399932861328,-0.0003341470787491252,0.07565159008206343,0.08212734551876621,0.08521816609539243,0.11146519373462672,0.09476521967899434,0.09015361278612546,0.09058861487246386,0.07990746174115892
2023-08-04,180.19000244140625,0.003620414278603157,0.005304420430133406,0.08155894467072801,0.08236625026530263,0.108077325383292,0.08892935276648971,0.0851022333826671,0.08735133690164364,0.0881263623442014
2023-08-07,179.77999877929688,-0.0022753962847783527,0.0574722949452676,0.08162416140672578,0.08236625026530263,0.10572629591290034,0.08892935276648971,0.0851022333826671,0.08735133690164364,0.0881263623442014
2023-08-08,178.63999938964844,-0.006341080194621318,0.036120796221862955,0.0811155971292651,0.07783528767919738,0.10288658505265164,0.08424612563952794,0.08142249022684296,0.08455113198721459,0.07895955276399386
2023-08-09,177.7899932861328,-0.00475820704444585,0.10066152743091038,0.08027863736405617,0.07783528767919738,0.10275444032766741,0.08424612563952794,0.08142249022684296,0.08455113198721459,0.07895955276399386
2023-08-10,177.60000610351562,-0.0010686044760203073,0.07553419515695628,0.0831465197488885,0.07154662696235994,0.10132764373511101,0.08334483606729393,0.07954617399526698,0.08373012981564608,0.08685163748280328
2023-08-11,177.60000610351562,0.0,0.016963570160641307,0.08121343179856622,0.07154662696235994,0.09832863095035294,0.08334483606729393,0.07954617399526698,0.08373012981564608,0.08685163748280328
2023-08-14,177.05999755859375,-0.003040588549344525,0.0,0.07144236851714139,0.06762714350633826,0.09533314473306995,0.07859364985750543,0.07540515377507562,0.08032367067861222,0.07910357348378881
2023-08-15,176.58999633789062,-0.002654474343068869,0.04826784684501755,0.07312065658181457,0.06762714350633826,0.09318203194799907,0.07859364985750543,0.07540515377507562,0.08032367067861222,0.07910357348378881
2023-08-16,175.57000732421875,-0.005776029417432049,0.042138473840170665,0.07273665663080614,0.06277333509769555,0.09093105449699332,0.0758048334334753,0.07253640099137072,0.07778965190677867,0.09193886077175581
2023-08-17,175.3000030517578,-0.0015378724223797935,0.09169162442351093,0.07638741294578087,0.06277333509769555,0.09097686799942273,0.0758048334334753,0.07253640099137072,0.07778965190677867,0.09193886077175581
2023-08-18,175.3300018310547,0.00017112823031739666,0.024412967866568498,0.06923060341942223,0.06135912015477814,0.08840782013107534,0.07496556810492812,0.0710745959305646,0.07662828818761612,0.09153520723014688
2023-08-21,175.80999755859375,0.002737670236275802,0.0027165764383344925,0.0692362112879849,0.06135912015477814,0.08571714465590635,0.07496556810492812,0.0710745959305646,0.07662828818761612,0.09153520723014688
2023-08-22,176.10000610351562,0.0016495566176504273,0.04345916770133527,0.06755804568890009,0.05955632495005911,0.08378487399358817,0.07234916157328065,0.06902901105011708,0.07428462875508875,0.08924447206540785
2023-08-23,177.88999938964844,0.01016464068195777,0.02618589950294334,0.06653704308897614,0.05955632495005911,0.08148529243661616,0.07234916157328065,0.06902901105011708,0.07428462875508875,0.08924447206540785
2023-08-24,177.85000610351562,-0.00022482031744353037,0.16135866846474148,0.07078215156445639,0.06234919377036181,0.08833832069829528,0.07813547348280406,0.07706159478003008,0.07717228485850984,0.09849235612251173
2023-08-25,177.6199951171875,-0.0012932863561120334,0.0035689118977810675,0.0669267822423264,0.06234919377036181,0.08565164095039407,0.07813547348280406,0.07706159478003008,0.07717228485850984,0.09849235612251173
2023-08-28,178.1300048828125,0.0028713533365909427,0.020530284433592158,0.06433936108696732,0.06672883511556116,0.0831944765977944,0.07425199954934668,0.07316727981828512,0.07428179905434618,0.10623076482281399
2023-08-29,179.8699951171875,0.009768091768254772,0.045581321128891045,0.05507397318751115,0.06672883511556116,0.0814291169689897,0.07425199954934668,0.07316727981828512,0.07428179905434618,0.10623076482281399
2023-08-30,180.32000732421875,0.0025018747942815445,0.1550636496147558,0.05636320068390277,0.057310934404031746,0.08761017721040923,0.07825062877931599,0.07919005343121256,0.07701688890057215,0.1103346049937138
2023-08-31,180.02000427246094,-0.0016637258183913595,0.039716031102539094,0.0562242729839257,0.057310934404031746,0.08549650489570448,0.07825062877931599,0.07919005343121256,0.07701688890057215,0.1103346049937138
2023-09-01,180.11000061035156,0.0004999240959600026,0.02641082859156569,0.049945938467253745,0.05294171050666763,0.08314400231184406,0.07484420767864891,0.07559382798612244,0.07483036412135335,0.10118210433870622
2023-09-05,178.63999938964844,-0.008161685723844458,0.007936048993913744,0.046867959326883306,0.05294171050666763,0.08063453643212716,0.07484420767864891,0.07559382798612244,0.07483036412135335,0.10118210433870622
2023-09-06,177.8300018310547,-0.004534245193468567,0.12956274422615177,0.05251606495397505,0.05373166761615642,0.0843741846726312,0.07673487120534156,0.07505531107920052,0.0758149479774758,0.08781884819477401
2023-09-07,178.02000427246094,0.0010684498647577367,0.07197891099184668,0.05317545659245592,0.05373166761615642,0.08368226021371153,0.07673487120534156,0.07505531107920052,0.0758149479774758,0.08781884819477401
2023-09-08,178.0800018310547,0.0003370270596214642,0.0169611157829374,0.05230456202705021,0.05414487211429537,0.08123926514268172,0.07466100624401419,0.07256138654705264,0.07423557218961233,0.09304435569718444
2023-09-11,178.41000366210938,0.001853109993606994,0.005350138709146397,0.047972226176060936,0.05414487211429537,0.07877529148102208,0.07466100624401419,0.07256138654705264,0.07423557218961233,0.09304435569718444
2023-09-12,177.49000549316406,-0.005156651253074851,0.029417209170795596,0.045875999540326354,0.05066643149566789,0.07671464062855728,0.07176362934045553,0.06978482758160467,0.07176910879378165,0.07494874214568305
2023-09-13,177.0800018310547,-0.0023100098564432514,0.08185930088115391,0.048825805482167854,0.05066643149566789,0.07703301000225583,0.07176362934045553,0.06978482758160467,0.07176910879378165,0.07494874214568305
2023-09-14,177.1699981689453,0.0005082241752882855,0.03667026963754116,0.050492635920237894,0.04688816473002807,0.07522447788269843,0.07140141369399898,0.06839356197936998,0.07087406067823937,0.07786649903825203
2023-09-15,178.33999633789062,0.006603816566220333,0.00806780866850221,0.04866536145766902,0.04688816473002807,0.07295960608832673,0.07140141369399898,0.06839356197936998,0.07087406067823937,0.07786649903825203
2023-09-18,179.38999938964844,0.005887647601878543,0.10483233802864506,0.051515082557145125,0.049029756003617225,0.07525361798028785,0.0723139681339778,0.07045603630059588,0.0710021862515461,0.06807918002781665
2023-09-19,179.22000122070312,-0.0009476457412548323,0.0934635081705387,0.05159562272746457,0.049029756003617225,0.07646859642721565,0.0723139681339778,0.07045603630059588,0.0710021862515461,0.06807918002781665
2023-09-20,179.35000610351562,0.0007253927124595272,0.01504340977409849,0.05116973372326138,0.05371490178960708,0.0742305713020812,0.07197133278336973,0.07066082892130397,0.07051241010727285,0.07830507744715641
2023-09-21,178.0500030517578,-0.007248413758109917,0.011515252320158962,0.051569673536071586,0.05371490178960708,0.07202446192123323,0.07197133278336973,0.07066082892130397,0.07051241010727285,0.07830507744715641
2023-09-22,178.6199951171875,0.0032013033173832195,0.11506500122194759,0.05482448415064487,0.05438105187528028,0.07530384451349739,0.07337682508388867,0.07011755821332111,0.07110149290513085,0.07299120476185914
2023-09-25,177.6999969482422,-0.005150588926742139,0.05081911469449246,0.055944175750260755,0.05438105187528028,0.0740633769396328,0.07337682508388867,0.07011755821332111,0.07110149290513085,0.07299120476185914
2023-09-26,176.27999877929688,-0.007990985893820302,0.08176306443409666,0.0523261937488678,0.04986661815126096,0.07454778801426142,0.07284346355558309,0.06907387332203192,0.07062242405364354,0.06366998132140325
2023-09-27,174.10000610351562,-0.012366647894697436,0.1268529684316423,0.05793001450040694,0.04986661815126096,0.07867293608316177,0.07284346355558309,0.06907387332203192,0.07062242405364354,0.06366998132140325
2023-09-28,173.22999572753906,-0.004997187509914736,0.1963144492852194,0.06592020381184455,0.06547898372578219,0.09016887932938994,0.08537664353048514,0.07625390824241055,0.0795974509855959,0.08966799600974246
2023-09-29,171.4499969482422,-0.01027534966921384,0.07932789243595506,0.06745413887125655,0.06547898372578219,0.08955543569570094,0.08537664353048514,0.07625390824241055,0.0795974509855959,0.08966799600974246
2023-10-02,169.64999389648438,-0.010498705650611395,0.16311611915381777,0.06782016021394119,0.07077013732913745,0.0955791692711135,0.08830543152452527,0.07781862834213835,0.0827515240801384,0.09788459577323808
2023-10-03,169.16000366210938,-0.0028882419805683623,0.16666178543751795,0.07359042177462204,0.07077013732913745,0.10126116721703377,0.08830543152452527,0.07781862834213835,0.0827515240801384,0.09788459577323808
2023-10-04,169.13999938964844,-0.00011825651470720455,0.04584942004056321,0.07447399411321284,0.08142272212249298,0.09881662160826014,0.0891257736104529,0.0783390383528486,0.0844227893278881,0.12101686980683364
2023-10-05,168.8300018310547,-0.0018327868021307259,0.001877263972971093,0.07419859479407907,0.08142272212249298,0.09580737273773515,0.0891257736104529,0.0783390383528486,0.0844227893278881,0.12101686980683364
2023-10-06,169.6999969482422,0.005153083621109555,0.02909458850783548,0.06963186044324653,0.07248993662332942,0.09316168319367836,0.08312344459453105,0.07421397040799152,0.08074750996947765,0.10140758892692245
2023-10-09,172.82000732421875,0.01838544744893622,0.08180266647945644,0.07007839478359242,0.07248993662332942,0.09251947814995222,0.08312344459453105,0.07421397040799152,0.08074750996947765,0.10140758892692245
2023-10-10,172.52999877929688,-0.0016780958953311886,0.29185993015519285,0.08257379543687676,0.07856384741933142,0.11470482002393258,0.10089439418313668,0.10052315481500768,0.09369005863222377,0.12052556580344306
2023-10-11,173.7899932861328,0.007303045938392039,0.026638946490987605,0.08354146851786955,0.07856384741933142,0.11140171453226551,0.10089439418313668,0.10052315481500768,0.09369005863222377,0.12052556580344306
2023-10-12,173.25999450683594,-0.0030496507265770356,0.11593226019759402,0.08747397083726947,0.08975268938913042,0.11167873037403332,0.0954706441378694,0.09652646549476826,0.0912242410798208,0.0980302713270411
2023-10-13,178.8300018310547,0.03214825984540237,0.048411704448781644,0.08595362554488892,0.08975268938913042,0.10892397383742865,0.0954706441378694,0.09652646549476826,0.0912242410798208,0.0980302713270411
2023-10-16,177.9600067138672,-0.004864928190345896,0.5103378038065107,0.10748396800711481,0.12201862930790161,0.16364365735214978,0.14243154564194194,0.15420399625972359,0.1251953395988387,0.12071693684510058
2023-10-17,178.2899932861328,0.001854273768354009,0.07722834082705646,0.11062762855977636,0.12201862930790161,0.1597821792119088,0.14243154564194194,0.15420399625972359,0.1251953395988387,0.12071693684510058
2023-10-18,180.8699951171875,0.014470816805260078,0.02943568352217179,0.1072005079003912,0.13754490926880006,0.1550822738869571,0.12570724065739497,0.13762983926136843,0.11527379492394584,0.12335554017970879
2023-10-19,183.08999633789062,0.012274016037125302,0.2297170952081542,0.11339385276573738,0.13754490926880006,0.16054182509042483,0.12570724065739497,0.13762983926136843,0.11527379492394584,0.12335554017970879
2023-10-20,183.58999633789062,0.0027308974274993236,0.19484396413351246,0.12156660523661983,0.14388158902122383,0.16280389174930182,0.1291123267752286,0.14347995999818364,0.1206291500757016,0.1433707790675215
2023-10-23,182.97000122070312,-0.0033770637265356784,0.04335165269513552,0.1230137143445733,0.14388158902122383,0.15820101986421975,0.1291123267752286,0.14347995999818364,0.1206291500757016,0.1433707790675215
2023-10-24,182.9499969482422,-0.0001093308866343401,0.05360922469218266,0.12022026995685672,0.12275444555514219,0.15394267070322093,0.11700225221541287,0.130246480590826,0.1135393341501934,0.13946692037933986
2023-10-25,183.72000122070312,0.004208823642007475,0.0017355740199159566,0.11798919992619415,0.12275444555514219,0.14925356225054265,0.11700225221541287,0.130246480590826,0.1135393341501934,0.13946692037933986
2023-10-26,184.00999450683594,0.0015784524505007003,0.06681300401328555,0.1173096517252482,0.11257238148364727,0.1456292104768984,0.10687511201914945,0.11927116982326334,0.10745846586299998,0.13538084246408139
2023-10-27,186.14999389648438,0.011629799758343662,0.025057155842192064,0.11268256933481863,0.11257238148364727,0.14132610017619276,0.10687511201914945,0.11927116982326334,0.10745846586299998,0.13538084246408139
2023-10-30,185.10000610351562,-0.00564054701797434,0.18461734774833843,0.11215088290132404,0.1041196501361453,0.1442903201913713,0.10509848828353702,0.11746790018909255,0.10635700597406096,0.16574066942764104
2023-10-31,184.08999633789062,-0.005456562573315948,0.08954090800756247,0.11261511088185165,0.1041196501361453,0.14160356338483104,0.10509848828353702,0.11746790018909255,0.10635700597406096,0.16574066942764104
2023-11-01,183.50999450683594,-0.003150642851826202,0.08662024549353989,0.10913802571547539,0.1102926701969329,0.13891961355131474,0.09928082588221024,0.10888258649785668,0.1026300528188128,0.16061180800810346
2023-11-02,184.1199951171875,0.0033240729584831374,0.05001490473549273,0.10383589477447425,0.1102926701969329,0.1352435910837695,0.09928082588221024,0.10888258649785668,0.1026300528188128,0.16061180800810346
2023-11-03,184.7899932861328,0.003638921283475316,0.05276802232788668,0.10415037669662532,0.10977293680111701,0.13175904919322848,0.09234513244092056,0.10075742948888033,0.09805588004812327,0.14170986089145254
2023-11-06,183.35000610351562,-0.007792560392528847,0.057766084539693965,0.10669077763147633,0.10977293680111701,0.12852639982909428,0.09234513244092056,0.10075742948888033,0.09805588004812327,0.14170986089145254
2023-11-07,182.58999633789062,-0.0041451308444239165,0.12370306125049918,0.11099116275614286,0.1021594605229666,0.1282421154208367,0.09048177783542415,0.09632918013831947,0.09613567436543297,0.1274865798262576
2023-11-08,180.77000427246094,-0.00996764391222027,0.0658019121970131,0.11026385574330454,0.1021594605229666,0.12537572036276215,0.09048177783542415,0.09632918013831947,0.09613567436543297,0.1274865798262576
2023-11-09,181.49000549316406,0.003982968433291267,0.15823144169389058,0.10418983354051807,0.09971539195296276,0.12758588609060276,0.09145683698280581,0.09324410059829448,0.09571726609118213,0.11571930702913583
2023-11-10,179.50999450683594,-0.010909752197912126,0.06322766372585549,0.1058529570511939,0.09971539195296276,0.1246648830961093,0.09145683698280581,0.09324410059829448,0.09571726609118213,0.11571930702913583
2023-11-13,180.50999450683594,0.005570720464602941,0.17318694708609483,0.10845544281885301,0.10599716530750762,0.12809557451834436,0.09339773879086166,0.09210952725162339,0.09604940956353941,0.1023017294285507
2023-11-14,182.1199951171875,0.008919177105678688,0.08843244583678546,0.11027456742739865,0.10599716530750762,0.12606817793207845,0.09339773879086166,0.09210952725162339,0.09604940956353941,0.1023017294285507
2023-11-15,181.63999938964844,-0.002635601473798599,0.14158754712580002,0.09351319212372998,0.08542621220884321,0.12705280936663063,0.09324925092078439,0.09434409833002781,0.09552014410083902,0.0927103264552243
2023-11-16,183.69000244140625,0.011286077178189302,0.041838876328478464,0.09190458010106733,0.08542621220884321,0.12360785120784991,0.09324925092078439,0.09434409833002781,0.09552014410083902,0.0927103264552243
2023-11-17,183.6699981689453,-0.00010890234740634774,0.179160920945823,0.09871027271123331,0.08737854579778818,0.12762478193148058,0.09476822170600746,0.09763512174164377,0.09605012584091081,0.09517695335104098
2023-11-20,183.3699951171875,-0.0016333808174913145,0.0017287711705701364,0.08834716707316131,0.08737854579778818,0.12373754153150168,0.09476822170600746,0.09763512174164377,0.09605012584091081,0.09517695335104098
2023-11-21,185.35000610351562,0.01079790063288577,0.025929116636072388,0.0806692194596413,0.07751488557424299,0.12013600450562736,0.08788814013720235,0.09060902980440835,0.09161490866459325,0.07811733163669612
2023-11-22,184.55999755859375,-0.004262252597287075,0.1714113585372162,0.08649011517973587,0.07751488557424299,0.12381280722928464,0.08788814013720235,0.09060902980440835,0.09161490866459325,0.07811733163669612
2023-11-24,185.52000427246094,0.005201596914642392,0.06766116238416442,0.0871288396202805,0.08164881227093788,0.12117968696801792,0.0900222241289731,0.09355864752280414,0.0925264146111859,0.07610536663713299
2023-11-27,186.77000427246094,0.006737817869841178,0.08257279113926784,0.09080325858025105,0.08164881227093788,0.11921636419484764,0.0900222241289731,0.09355864752280414,0.0925264146111859,0.07610536663713299
2023-11-28,189.25999450683594,0.013331852960406732,0.10695954277708035,0.09262810125133263,0.0785891052664464,0.1185167061210915,0.08848973311106706,0.09253442835832625,0.09098439671366788,0.06739174123006911
2023-11-29,189.5399932861328,0.0014794398574642376,0.21163660469349874,0.10110898529002839,0.0785891052664464,0.1260588759222337,0.08848973311106706,0.09253442835832625,0.09098439671366788,0.06739174123006911
2023-11-30,188.75,-0.004167950375202456,0.023485379655163306,0.0937848049221568,0.08736493527077896,0.12235392748213403,0.09285121036052046,0.09852792727415649,0.09343519945788933,0.07288894013043612
2023-12-01,192.00999450683594,0.017271494075951965,0.0661641610178643,0.09272222551353414,0.08736493527077896,0.11972851092482936,0.09285121036052046,0.09852792727415649,0.09343519945788933,0.07288894013043612
2023-12-04,187.86000061035156,-0.02161342646325959,0.27417646857296535,0.10124750838078075,0.09184634470132842,0.13410885691753882,0.10505043148586692,0.11286130339132812,0.10109128862077418,0.10321069719809003
2023-12-05,187.14999389648438,-0.0037794459254785195,0.3431025084106031,0.11456967218419485,0.09184634470132842,0.15482000597520998,0.10505043148586692,0.11286130339132812,0.10109128862077418,0.10321069719809003
2023-12-06,187.83999633789062,0.0036868953454944897,0.05999684407459511,0.11489825499086342,0.12267498645414329,0.1508212765928232,0.11865714377857448,0.11612592317961729,0.11142410018721711,0.12426967647568199
2023-12-07,188.14999389648438,0.0016503277504122948,0.0585276491645999,0.11493287156472279,0.12267498645414329,0.14692774812031803,0.11865714377857448,0.11612592317961729,0.11142410018721711,0.12426967647568199
2023-12-08,185.63999938964844,-0.01334039111485108,0.026198140856037635,0.11050082972861089,0.1223845925813929,0.14259620588467256,0.10736806170922984,0.10678225996537853,0.1055367528487112,0.10600618424810702
2023-12-11,183.58999633789062,-0.011042895165362276,0.21177214369338998,0.11713584025117348,0.1223845925813929,0.14766348129246892,0.10736806170922984,0.10678225996537853,0.1055367528487112,0.10600618424810702
2023-12-12,183.49000549316406,-0.0005446421195114404,0.17530052617023645,0.11791170772737103,0.1041153859725538,0.14946588223905932,0.11291218377437251,0.10680014509516542,0.10982370914831767,0.08898373732686314
2023-12-13,187.6300048828125,0.022562533466176538,0.008645925610550345,0.11543071963122077,0.1041153859725538,0.14492802378446382,0.11291218377437251,0.10680014509516542,0.10982370914831767,0.08898373732686314
2023-12-14,188.72999572753906,0.005862552982469849,0.3581691149944517,0.12383899999069156,0.11849069965505427,0.1656532252916931,0.1282557428111311,0.1311140969991025,0.12043713774507996,0.13469460986081436
2023-12-15,187.0,-0.009166511771857233,0.09306514343733137,0.12404957715435273,0.11849069965505427,0.16221651840040419,0.1282557428111311,0.1311140969991025,0.12043713774507996,0.13469460986081436
2023-12-18,187.85000610351562,0.004545487184575592,0.14551386322968168,0.12422804606816552,0.12814481533874686,0.16126315132401867,0.11996106328088413,0.12241975549387708,0.1164962898217545,0.1313871340123604
2023-12-19,189.1300048828125,0.00681394057869511,0.072157372068109,0.125606159510876,0.12814481533874686,0.15734629616575876,0.11996106328088413,0.12241975549387708,0.1164962898217545,0.1313871340123604
2023-12-20,188.10000610351562,-0.005445982936102989,0.10816795331759282,0.12237920643686556,0.12703160470900193,0.15483670065444022,0.11106313338606275,0.11520027852199292,0.11153774727315367,0.09514957658118202
2023-12-21,189.42999267578125,0.007070635455129759,0.08645229895937923,0.12623027588181143,0.12703160470900193,0.15160600132284102,0.11106313338606275,0.11520027852199292,0.11153774727315367,0.09514957658118202
2023-12-22,190.27000427246094,0.004434417088942322,0.11224285815281604,0.13015362776893613,0.11097484472287203,0.1495366992121131,0.10479831105045213,0.10920078919245386,0.10764608032919959,0.08613025636587109
2023-12-26,191.72000122070312,0.007620733251079592,0.07039418896125824,0.12556193824275622,0.11097484472287203,0.14600298441110562,0.10479831105045213,0.10920078919245386,0.10764608032919959,0.08613025636587109
2023-12-27,192.58999633789062,0.004537842226414179,0.12097538994190411,0.12798531222265347,0.10790976799344162,0.1446235176858464,0.1003052400963108,0.10581112618826694,0.10436989605859417,0.0961762475576139
2023-12-28,191.47000122070312,-0.005815437657636813,0.07203601211963746,0.1275063677217612,0.10790976799344162,0.14132358394225877,0.1003052400963108,0.10581112618826694,0.10436989605859417,0.0961762475576139
2023-12-29,191.1699981689453,-0.001566841018672216,0.09231721084264194,0.1268408071792867,0.10778810762394482,0.13887174694895094,0.0953157994139514,0.09987804604414276,0.10075530924008258,0.09810845069387705
2024-01-02,190.72000122070312,-0.002353909884146743,0.024872830076290764,0.11835154469668634,0.10778810762394482,0.13477892949261208,0.0953157994139514,0.09987804604414276,0.10075530924008258,0.09810845069387705
2024-01-03,189.1300048828125,-0.008336809604204354,0.03736716097265487,0.11898253475657232,0.10287299654875481,0.13099319267890758,0.08850888042870106,0.09251837267878182,0.09598810707096041,0.11640050915453728
2024-01-04,189.32000732421875,0.0010046128932528209,0.13234274964251724,0.12199065242132928,0.10287299654875481,0.13107455794126152,0.08850888042870106,0.09251837267878182,0.09598810707096041,0.11640050915453728
2024-01-05,189.35000610351562,0.00015845540955172766,0.015947735276616255,0.11025298272604069,0.09782786843429708,0.12714152417976776,0.08682278106596712,0.08837856894336303,0.0936635736630561,0.11844339457987078
2024-01-08,187.8699951171875,-0.007816271130823282,0.0025154016454005607,0.09477175060034967,0.09782786843429708,0.1232698210237829,0.08682278106596712,0.08837856894336303,0.0936635736630561,0.11844339457987078
2024-01-09,187.92999267578125,0.0003193567900841021,0.12407945755207206,0.09768459666750771,0.0833450333313425,0.12331854911531485,0.08582827024257378,0.08523278400009247,0.0919957784854617,0.12337490806063077
2024-01-10,187.5,-0.00228804710551489,0.005069631876374355,0.09525468679077019,0.0833450333313425,0.1195682179870289,0.08582827024257378,0.08523278400009247,0.0919957784854617,0.12337490806063077
2024-01-11,187.8699951171875,0.0019733072916665595,0.03632162177516137,0.09571484501436672,0.08209766233603207,0.11626659382617482,0.08100588544534264,0.08028933680485449,0.08785568350258953,0.12640779432115787
2024-01-12,189.7100067138672,0.009794068475553752,0.0313252821243607,0.0875127149430472,0.08209766233603207,0.11298549458914854,0.08100588544534264,0.08028933680485449,0.08785568350258953,0.12640779432115787
2024-01-16,187.91000366210938,-0.009488181898979597,0.1554760170591163,0.08661160089254175,0.07768587416743677,0.11597476527734489,0.08447729446658168,0.08560652691857203,0.08867824540863203,0.09214178375899801
2024-01-17,185.83999633789062,-0.01101595063528893,0.15062021819306753,0.0930649778281107,0.07768587416743677,0.11833986825232976,0.08447729446658168,0.08560652691857203,0.08867824540863203,0.09214178375899801
2024-01-18,187.3699951171875,0.008232882099906247,0.17487279501563097,0.08473332691998249,0.07545734155129884,0.12246997435736962,0.0935984256392076,0.08856464529438664,0.09337868848375942,0.08281373335637118
2024-01-19,187.92999267578125,0.00298872590696031,0.13069295165800293,0.08644368183910393,0.07545734155129884,0.12297885915365271,0.0935984256392076,0.08856464529438664,0.09337868848375942,0.08281373335637118
2024-01-22,187.22000122070312,-0.003777957126316789,0.04744455292051769,0.08198598591596011,0.0836483459196267,0.11979745801526667,0.09119236418111357,0.08895789580727362,0.09187143790136558,0.0777733941376598
2024-01-23,187.9499969482422,0.0038991332271092194,0.059973210120590745,0.0814321603728911,0.0836483459196267,0.11707327724991096,0.09119236418111357,0.08895789580727362,0.09187143790136558,0.0777733941376598
2024-01-24,186.39999389648438,-0.008246890539639895,0.061896821085838355,0.07932892708962953,0.0744586709780085,0.11451487282839894,0.08674643419720593,0.08513520896752465,0.08895471315295037,0.07540365720197925
2024-01-25,187.13999938964844,0.003969986681303217,0.13091532874475054,0.08134997389805551,0.0744586709780085,0.11556455395574754,0.08674643419720593,0.08513520896752465,0.08895471315295037,0.07540365720197925
2024-01-26,187.00999450683594,-0.0006946931881827156,0.0630215848018017,0.07911264329119122,0.06823521435769306,0.11310242867501684,0.08668016575819683,0.0840416185296617,0.08841676436049158,0.09334441601900656
2024-01-29,188.3300018310547,0.0070584854445867595,0.011027912480532361,0.07641417617843095,0.06823521435769306,0.10969013948881974,0.08668016575819683,0.0840416185296617,0.08841676436049158,0.09334441601900656
2024-01-30,188.58999633789062,0.0013805262268788976,0.1120499827148745,0.07600847584992959,0.06650306636730223,0.10983315991355411,0.0848270007469815,0.08381802436884193,0.08681334574451877,0.09367983242229523
2024-01-31,188.4499969482422,-0.0007423479101065222,0.021915174448343375,0.07373025595577988,0.06650306636730223,0.10662241850505288,0.0848270007469815,0.08381802436884193,0.08681334574451877,0.09367983242229523
2024-02-01,190.41000366210938,0.01040067256889099,0.011784407738582341,0.07006967399650443,0.0636031485240747,0.10341456404268982,0.08005153156943855,0.0792372372145909,0.08333087862954115,0.10255883757162304
2024-02-02,188.61000061035156,-0.009453300862028224,0.16510555851058117,0.07644388892533581,0.0636031485240747,0.10811331305550062,0.08005153156943855,0.0792372372145909,0.08333087862954115,0.10255883757162304
2024-02-05,187.57000732421875,-0.005513988032274764,0.1500664988975952,0.08156658610374219,0.07490163504041335,0.11107824448436965,0.08985430514830642,0.08820902825416864,0.08898493598674584,0.09884251028734539
2024-02-06,188.5500030517578,0.005224693124019186,0.08753184639351251,0.07952972686515107,0.07490163504041335,0.10980793806391721,0.08985430514830642,0.08820902825416864,0.08898493598674584,0.09884251028734539
2024-02-07,188.5,-0.0002651978305409086,0.08293943209670349,0.08257480399333685,0.07828423751483815,0.10838382365431458,0.08758772782291253,0.0861954514854394,0.08754403765184358,0.08032292208469374
2024-02-08,188.3300018310547,-0.0009018470501077624,0.0042098850470705645,0.08265182596614003,0.07828423751483815,0.10508707543775474,0.08758772782291253,0.0861954514854394,0.08754403765184358,0.08032292208469374
2024-02-09,187.60000610351562,-0.003876152075832917,0.014316378091214077,0.07766259508155558,0.0736891832496914,0.10194603150449638,0.08208864691136597,0.08098675685714293,0.08386766594621303,0.060531800527350896
2024-02-12,187.11000061035156,-0.0026119694947860372,0.06153200661912405,0.08022906666077147,0.0736891832496914,0.09998292358927788,0.08208864691136597,0.08098675685714293,0.08386766594621303,0.060531800527350896
2024-02-13,184.52999877929688,-0.013788690196348319,0.04146373029174525,0.08046279886607074,0.06483391677223058,0.09746765804447242,0.07933833200535002,0.07758421523643048,0.0814664763437429,0.0625055905305093
2024-02-14,184.4199981689453,-0.0005961123453055439,0.2188886709891122,0.08898840745083217,0.06483391677223058,0.10864935674009556,0.07933833200535002,0.07758421523643048,0.0814664763437429,0.0625055905305093
2024-02-15,185.66000366210938,0.0067238125229136525,0.009462990114803584,0.08235145168063615,0.08135095151260072,0.10536495929743021,0.08797939929539665,0.08136308016535294,0.08679085889941127,0.06779959166370944
2024-02-16,186.33999633789062,0.0036625695484677756,0.10673721478710786,0.08035676970763797,0.08135095151260072,0.1054477982231717,0.08797939929539665,0.08136308016535294,0.08679085889941127,0.06779959166370944
2024-02-20,187.47000122070312,0.006064210073093879,0.05814148910834318,0.0750508012573067,0.07590507952448228,0.10322262264858408,0.08598081595664138,0.08218466923798075,0.08557327095797007,0.06826244855048674
2024-02-21,187.47999572753906,5.331256612173263e-05,0.09626635050875536,0.07348595575052273,0.07590507952448228,0.10281851900937562,0.08598081595664138,0.08218466923798075,0.08557327095797007,0.06826244855048674
2024-02-22,187.55999755859375,0.00042672195902415666,0.0008463107502767507,0.07136785383369361,0.0677048727833654,0.09968646826283704,0.08307624898800904,0.08094851530069222,0.08374535110680772,0.07165333796554829
2024-02-23,188.6199951171875,0.005651511902278639,0.006774001095289278,0.06894970796890718,0.0677048727833654,0.09666385913507126,0.08307624898800904,0.08094851530069222,0.08374535110680772,0.07165333796554829
2024-02-26,188.1999969482422,-0.0022266895335479875,0.08971497014970509,0.07021416928999202,0.062043523885974144,0.09626107268906549,0.0810411546550071,0.07993474365521759,0.08209478928399636,0.06805692481381449
2024-02-27,188.0,-0.0010626830578386315,0.03534760051631034,0.06587018164324475,0.062043523885974144,0.09372934247112917,0.0810411546550071,0.07993474365521759,0.08209478928399636,0.06805692481381449
2024-02-28,188.33999633789062,0.00180849115899262,0.016869570561136124,0.06377236281412357,0.058364944904279084,0.09096786908750272,0.07727189570448881,0.07592784579876505,0.07908748502751838,0.06703804804526213
2024-02-29,189.30999755859375,0.005150266749304189,0.028708907129720674,0.06457604438908668,0.058364944904279084,0.08847652849686605,0.07727189570448881,0.07592784579876505,0.07908748502751838,0.06703804804526213
2024-03-01,192.88999938964844,0.018910791174389097,0.08175795002582355,0.06319913381231164,0.05742013584693255,0.08808786563829803,0.07632706056145717,0.07551093912449543,0.07773625526137043,0.11101093956898529
2024-03-04,196.00999450683594,0.016174996770490724,0.30019950325745187,0.07584842148545293,0.05742013584693255,0.11269910493748143,0.07632706056145717,0.07551093912449543,0.07773625526137043,0.11101093956898529
2024-03-05,197.19000244140625,0.006020141664404566,0.2567701134719481,0.08698413538242411,0.09597167887223663,0.12607488421105417,0.1115685749704787,0.11961157316666655,0.10192394919613068,0.12666222420600518
2024-03-06,198.80999755859375,0.008215401882095241,0.09556678620835768,0.0838232820959594,0.09597167887223663,0.12445547187919263,0.1115685749704787,0.11961157316666655,0.10192394919613068,0.12666222420600518
2024-03-07,199.94000244140625,0.005683843351386164,0.13041546180285593,0.0829300531371076,0.10267822121960972,0.12482109666425499,0.10622530012595802,0.11489011899179555,0.10021021789916912,0.12573158841183021
2024-03-08,201.6300048828125,0.008452547868211147,0.09022821599289421,0.08305261539162496,0.10267822121960972,0.1230201433091137,0.10622530012595802,0.11489011899179555,0.10021021789916912,0.12573158841183021
2024-03-11,202.0,0.00183502012710135,0.1341800376249351,0.0853817338247264,0.09468420148090156,0.12371812829989356,0.10238063898388113,0.11133656439186783,0.09871561452727376,0.12387374284160789
2024-03-12,199.7899932861328,-0.01094062729637224,0.029130041442649853,0.08651446820634365,0.09468420148090156,0.12016121800603644,0.10238063898388113,0.11133656439186783,0.09871561452727376,0.12387374284160789
2024-03-13,201.19000244140625,0.00700740378557585,0.1736770740794754,0.09375813620581007,0.08878448770375176,0.12402507318111537,0.10104589668994307,0.10552052124411591,0.09831703250377388,0.14707634499190994
2024-03-14,200.35000610351562,-0.004175139558116325,0.11123908651707769,0.09601754892844432,0.08878448770375176,0.1232953109938711,0.10104589668994307,0.10552052124411591,0.09831703250377388,0.14707634499190994
2024-03-15,199.7100067138672,-0.00319440663913817,0.06627828575858342,0.09714548326784606,0.093666619424884,0.1206366377187157,0.0961310453147329,0.10060486471557639,0.09562492972982971,0.11099661110050929
2024-03-18,200.02999877929688,0.0016022835845583838,0.050709633321439476,0.08950098155567911,0.093666619424884,0.11761927764260308,0.0961310453147329,0.10060486471557639,0.09562492972982971,0.11099661110050929
2024-03-19,199.8000030517578,-0.0011498061737871268,0.025435463367255697,0.0902270030671542,0.08764054860753963,0.11420619323215402,0.08940062563544188,0.09318742934686615,0.09152062644145442,0.09681850838226445
2024-03-20,202.17999267578125,0.011911859798154678,0.01825260715060471,0.08620497544731316,0.08764054860753963,0.11081724034775885,0.08940062563544188,0.09318742934686615,0.09152062644145442,0.09681850838226445
2024-03-21,201.97000122070312,-0.0010386361790747367,0.18909491206911197,0.09215740376371175,0.08031494036563928,0.11700019768795644,0.09337373113741092,0.09840484529207175,0.09331248193579296,0.14107713739545116
2024-03-22,200.35000610351562,-0.00802096899240623,0.01648783819503661,0.0885311077494518,0.08031494036563928,0.11350777247387236,0.09337373113741092,0.09840484529207175,0.09331248193579296,0.14107713739545116
2024-03-25,200.99000549316406,0.0031944066391380588,0.12732893536600326,0.09428031795925755,0.0863321236439797,0.11438414669064915,0.09102509280759233,0.09330445762454115,0.09171207628465636,0.1338958854839632
2024-03-26,201.63999938964844,0.003233961285236564,0.050709633321437714,0.0962773921513552,0.0863321236439797,0.11159299730715519,0.09102509280759233,0.09330445762454115,0.09171207628465636,0.1338958854839632
2024-03-27,203.10000610351562,0.007240660177973313,0.05133754386208061,0.09453296368373593,0.09074017162486532,0.10892176012947333,0.08608584232255047,0.08848244709879026,0.08842688680605162,0.1120970252661034
2024-03-28,205.72000122070312,0.012900024807739996,0.11494191695307639,0.09815088715813435,0.09074017162486532,0.10929232130525568,0.08608584232255047,0.08848244709879026,0.08842688680605162,0.1120970252661034
2024-04-01,207.82000732421875,0.010208079384865787,0.20478154528706302,0.10669234055476741,0.09213066047185395,0.117235880531189,0.09551684873013573,0.10051771610418031,0.093787426103124,0.09857590975124217
2024-04-02,210.88999938964844,0.014772360490971526,0.16204823649576047,0.11275321916231466,0.09213066047185395,0.12039590707316832,0.09551684873013573,0.10051771610418031,0.093787426103124,0.09857590975124217
2024-04-03,212.74000549316406,0.008772374739768773,0.23450395281904005,0.11969621928927907,0.10765342813267056,0.13009608067439235,0.10705612203165582,0.11498219448416704,0.10169880015927414,0.11046765648196621
2024-04-04,211.52000427246094,-0.005734705223284009,0.13925713181335878,0.11238065695091119,0.10765342813267056,0.13066385774222614,0.10705612203165582,0.11498219448416704,0.10169880015927414,0.11046765648196621
2024-04-05,215.13999938964844,0.017114197447370305,0.09103562317843573,0.10484727102847881,0.10374631961764182,0.1286309067764238,0.10311321808065727,0.1101878999126169,0.10039281808333896,0.1250711691444591
2024-04-08,216.47999572753906,0.00622848536623688,0.27167946200518955,0.11285239265560754,0.10374631961764182,0.14135678042443983,0.10311321808065727,0.1101878999126169,0.10039281808333896,0.1250711691444591
2024-04-09,217.6699981689453,0.005497054993034878,0.09887413994200706,0.1114186962073871,0.11149745194894817,0.13917399449107506,0.11103870518992373,0.12062358051332771,0.10679874282030662,0.14136290028880186
2024-04-10,215.61000061035156,-0.009463856185613961,0.0872630427288971,0.11128391560447817,0.11149745194894817,0.13661671572550707,0.11103870518992373,0.12062358051332771,0.10679874282030662,0.14136290028880186
2024-04-11,219.8000030517578,0.019433247203493043,0.15023405946488924,0.11201364386993064,0.10339373238936865,0.13747179984303892,0.10688564376612898,0.1134473898029155,0.10496029710812815,0.157974364814377
2024-04-12,216.88999938964844,-0.013239324939518515,0.30849323560130404,0.12471197087714217,0.10339373238936865,0.15321445947320111,0.10688564376612898,0.1134473898029155,0.10496029710812815,0.157974364814377
2024-04-15,220.9499969482422,0.01871915519396472,0.21016776789804748,0.12637063877798635,0.1183479358010524,0.15721456610619808,0.124372861148588,0.12984992496822795,0.11812567985908513,0.24002355579193124
2024-04-16,221.22000122070312,0.0012220152803359419,0.2971573763787222,0.13482147013533385,0.1183479358010524,0.1689129509196369,0.124372861148588,0.12984992496822795,0.11812567985908513,0.24002355579193124
2024-04-17,219.58999633789062,-0.007368252752093185,0.01939889118053869,0.13269058856360452,0.141577860324881,0.16383610379833544,0.12587234364024044,0.13492204665221855,0.12125310789643667,0.23039864334247895
2024-04-18,220.33999633789062,0.0034154561341945833,0.11696738627463493,0.1357023046069316,0.141577860324881,0.16140822451308046,0.12587234364024044,0.13492204665221855,0.12125310789643667,0.23039864334247895
2024-04-19,221.02999877929688,0.003131535140574959,0.054218685269573505,0.13701063287521878,0.12885650252840117,0.1570536150299596,0.11490386296400361,0.12262719377886055,0.11496027366817854,0.17652467697081287
2024-04-22,215.57000732421875,-0.02470249054532203,0.04971157922292621,0.1384405861512334,0.12885650252840117,0.15275523618151446,0.11490386296400361,0.12262719377886055,0.11496027366817854,0.17652467697081287
2024-04-23,215.0399932861328,-0.002458663172418052,0.3921398804810785,0.14766990289723186,0.12502980577416165,0.17652346473441125,0.1349488531113131,0.1288797293553165,0.12892618038717102,0.1349970881984142
2024-04-24,214.63999938964844,-0.0018600907225296837,0.03903006787134772,0.14869454970070056,0.12502980577416165,0.17141266685286996,0.1349488531113131,0.1288797293553165,0.12892618038717102,0.1349970881984142
2024-04-25,215.9199981689453,0.005963468053189924,0.029528024806991956,0.14424905376620004,0.1400113650030708,0.16634806422407308,0.11918577945026294,0.11577240749004909,0.11917648883169711,0.11731308466883018
2024-04-26,216.6199951171875,0.003241927353549112,0.09466712052131426,0.14624712136619444,0.1400113650030708,0.16293891366183338,0.11918577945026294,0.11577240749004909,0.11917648883169711,0.11731308466883018
2024-04-29,216.17999267578125,-0.002031218037689575,0.05146400127617234,0.14625286943047133,0.1399032015022183,0.1584773069427346,0.10856852111453989,0.10761616575751087,0.11214580320577222,0.0936792901806622
2024-04-30,211.8699951171875,-0.019937078844561418,0.03224458671765143,0.14249389987431565,0.1399032015022183,0.15385231947951886,0.10856852111453989,0.10761616575751087,0.11214580320577222,0.0936792901806622
2024-05-01,213.7899932861328,0.00906215232545482,0.3164913149507789,0.14757161667721183,0.12343865419955843,0.16810802831224525,0.12065098617345553,0.11167192281999846,0.11954715684212368,0.106381730935818
2024-05-02,213.1300048828125,-0.0030870874411647042,0.14385720837683472,0.1467447517627152,0.12343865419955843,0.16675246449803185,0.12065098617345553,0.11167192281999846,0.11954715684212368,0.106381730935818
2024-05-03,212.9600067138672,-0.0007976266365629092,0.04900599386899529,0.13831302635589499,0.13368926910383375,0.16211753944993926,0.11199241482726531,0.1070862592758186,0.11409108254871111,0.12136462152942268
2024-05-06,215.1999969482422,0.010518361024399514,0.012661930316558141,0.13255869901513131,0.13368926910383375,0.15720938353108868,0.11199241482726531,0.1070862592758186,0.11409108254871111,0.12136462152942268
2024-05-07,214.2100067138672,-0.004600326433150892,0.16697380482333424,0.1360104345444449,0.13126868808850234,0.15781228704965372,0.1074188149852338,0.10619131147112906,0.11059940397658355,0.10266358150771193
2024-05-08,213.5800018310547,-0.002941061869504713,0.07302791815100439,0.1269808189147092,0.13126868808850234,0.15404680936968462,0.1074188149852338,0.10619131147112906,0.11059940397658355,0.10266358150771193
2024-05-09,216.9499969482422,0.015778607960932778,0.046687909782985024,0.12460871754384456,0.11187210211888556,0.14979112111054982,0.09900857698409787,0.09815130780886737,0.10427562682285095,0.0939917970973738
2024-05-10,218.7100067138672,0.008112513438038427,0.2504776361964725,0.1320275627014616,0.11187210211888556,0.15765620805986813,0.09900857698409787,0.09815130780886737,0.10427562682285095,0.0939917970973738
2024-05-13,216.25999450683594,-0.011202103844459854,0.12878215838831567,0.13105247628889008,0.12617555838773545,0.15607447517956494,0.10780205313909579,0.11180697110760081,0.1094487552864043,0.09063224961657126
2024-05-14,218.08999633789062,0.008462045119477013,0.17782788559896812,0.12511314219787484,0.12617555838773545,0.1574644490296715,0.10780205313909579,0.11180697110760081,0.1094487552864043,0.09063224961657126
2024-05-15,220.88999938964844,0.012838750510223873,0.13433080181486418,0.12166600737591195,0.12117542867985881,0.15617309436871127,0.1081847633377329,0.11046335931450227,0.10958434300636508,0.0896567077213623
2024-05-16,220.02999877929688,-0.0038933433506626036,0.20380884596913598,0.1174228923572944,0.12117542867985881,0.15943310829979057,0.1081847633377329,0.11046335931450227,0.10958434300636508,0.0896567077213623
2024-05-17,223.66000366210938,0.0164977725898805,0.06180490964664114,0.11935043865120815,0.1182299177881248,0.15531571675844835,0.10705892820765887,0.11127030667013572,0.10871826415335582,0.09749707806675756
2024-05-20,224.55999755859375,0.004023937591649318,0.2618940207559308,0.1259380129458125,0.1182299177881248,0.16367926639107835,0.10705892820765887,0.11127030667013572,0.10871826415335582,0.09749707806675756
2024-05-21,224.22999572753906,-0.001469548604570936,0.06387802895248965,0.1263770740223087,0.12634584149644182,0.1594624478255417,0.11134367381415292,0.11848989449225199,0.11191670103376719,0.13351971444970923
2024-05-22,220.11000061035156,-0.01837396956557802,0.02332836088330016,0.12517783682505296,0.12634584149644182,0.15471014406241396,0.11134367381415292,0.11848989449225199,0.11191670103376719,0.13351971444970923
2024-05-23,215.72000122070312,-0.019944570339717638,0.2916777244055336,0.12061137518525547,0.1126527556976368,0.16614351823085827,0.11920507528504673,0.11745441166438957,0.11708828582967795,0.10835513352266378
2024-05-24,215.9199981689453,0.0009271136061119734,0.31661023874956734,0.13322865567971998,0.1126527556976368,0.1787791126725473,0.11920507528504673,0.11745441166438957,0.11708828582967795,0.10835513352266378
2024-05-28,218.19000244140625,0.010513172896031486,0.014717472233259444,0.13255544874455036,0.13748454427555273,0.17337026590404875,0.12396002236422529,0.11675519884101039,0.12161912898909426,0.10882430831210435
2024-05-29,216.16000366210938,-0.009303812074716977,0.16689144583874416,0.1358383726226153,0.13748454427555273,0.17298837948056198,0.12396002236422529,0.11675519884101039,0.12161912898909426,0.10882430831210435
2024-05-30,216.57000732421875,0.0018967600627461945,0.14769343796748607,0.14021243792676594,0.1389975183619669,0.17157587757698228,0.11960337029807959,0.11499469745527528,0.11923762978112205,0.10469195748223689
2024-05-31,215.3000030517578,-0.00586417430627717,0.030110132536714195,0.14011541728217788,0.1389975183619669,0.1665124081419028,0.11960337029807959,0.11499469745527528,0.11923762978112205,0.10469195748223689
2024-06-03,217.22000122070312,0.008917780500373507,0.09309088115486466,0.12996085210963634,0.11063182345700578,0.16304218432833273,0.10896968779229002,0.10573782923144985,0.11202801708803348,0.08788579338562069
2024-06-04,215.27000427246094,-0.008977059834655465,0.14156537670389668,0.1298566779426846,0.11063182345700578,0.16183397044872797,0.10896968779229002,0.10573782923144985,0.11202801708803348,0.08788579338562069
2024-06-05,217.82000732421875,0.011845603201319,0.14250640696226985,0.1341066967196516,0.11200884661967299,0.16073986597370776,0.10730241852845904,0.10470290628072741,0.11053528469667119,0.10772787145260668
2024-06-06,219.42999267578125,0.007391356612921562,0.18804312120144392,0.142078569032601,0.11200884661967299,0.16250747419217879,0.10730241852845904,0.10470290628072741,0.11053528469667119,0.10772787145260668
2024-06-07,211.60000610351562,-0.03568330143379639,0.11733414869509894,0.1398222210267721,0.1194339392503693,0.16015678744662235,0.1076917144228695,0.10929800104978113,0.11027847389166191,0.0812568265572644
2024-06-10,213.5399932861328,0.009168181127878317,0.5664548493094788,0.16225071789761183,0.1194339392503693,0.208238926595588,0.1076917144228695,0.10929800104978113,0.11027847389166191,0.0812568265572644
2024-06-11,214.14999389648438,0.0028566106093961263,0.14554036343497018,0.16674401124542937,0.17396764336462736,0.20501844638965713,0.15259795192480943,0.13591895393959144,0.1434070270340761,0.11085881136536559
2024-06-12,214.72000122070312,0.0026617200115086614,0.04534728759006492,0.15741990449059265,0.17396764336462736,0.19908287758602838,0.15259795192480943,0.13591895393959144,0.1434070270340761,0.11085881136536559
2024-06-13,212.97000122070312,-0.008150148984962247,0.04225349526081539,0.15348678343934263,0.16842778886949625,0.19329530281608728,0.13402197911615563,0.12215299643346007,0.13192649935296408,0.12271185371276772
2024-06-14,215.72999572753906,0.012959545903254766,0.12937960417401365,0.15128458882911744,0.16842778886949625,0.19006744740720483,0.13402197911615563,0.12215299643346007,0.13192649935296408,0.12271185371276772
2024-06-17,214.61000061035156,-0.005191652247571676,0.20572641338602826,0.154529843900534,0.13353147329385762,0.19104318339039966,0.12951129708850675,0.12315459455462303,0.12924681474826835,0.10934203876682906
2024-06-18,215.47000122070312,0.004007271832187298,0.08241492444362515,0.14901193837664714,0.13353147329385762,0.1863201042051139,0.12951129708850675,0.12315459455462303,0.12924681474826835,0.10934203876682906
2024-06-20,218.16000366210938,0.012484347826456466,0.06361346822281048,0.14909414558465484,0.13526348334268284,0.18131483876810608,0.11714881122800654,0.11302336393552627,0.12110451728786295,0.09697349658746751
2024-06-21,214.77999877929688,-0.015493238109986152,0.19818287777780141,0.1461981845401944,0.13526348334268284,0.18237092338065164,0.11714881122800654,0.11302336393552627,0.12110451728786295,0.09697349658746751
2024-06-24,215.6300048828125,0.003957566385821121,0.24594753025279045,0.15447407096293536,0.14012622940456385,0.1867967230207095,0.1243313986949298,0.11924240118640092,0.12505038367105506,0.12113508253787539
2024-06-25,214.55999755859375,-0.004962237629221655,0.0628244187234683,0.15626934631930664,0.14012622940456385,0.1817587666184925,0.1243313986949298,0.11924240118640092,0.12505038367105506,0.12113508253787539
2024-06-26,212.5800018310547,-0.009228168111804491,0.07877308027996345,0.14659186249541706,0.13742947974712594,0.1772748887426606,0.11296678703858526,0.10975564037234631,0.11757567777696573,0.1023143437164122
2024-06-27,214.99000549316406,0.011336925587312363,0.1464926272831871,0.13885924379239978,0.13742947974712594,0.17558020503148747,0.11296678703858526,0.10975564037234631,0.11757567777696573,0.1023143437164122
2024-06-28,215.00999450683594,9.297647872519299e-05,0.17996811441644034,0.146370636618908,0.13092648546153976,0.17584656728910508,0.11309348771597444,0.111928335212397,0.11681890793894599,0.08869740094160826
2024-07-01,215.57000732421875,0.002604589701363791,0.0014759558429120903,0.13885175071000655,0.13092648546153976,0.17048995577587284,0.11309348771597444,0.111928335212397,0.11681890793894599,0.08869740094160826
2024-07-02,215.55999755859375,-4.643394389247657e-05,0.041346579703011484,0.1340178026070759,0.1237366218394368,0.16560612276851291,0.10232060002835884,0.1023715843339237,0.10911221868381232,0.09249287574493693
2024-07-03,217.99000549316406,0.011273000380832565,0.0007371160075885172,0.13268266549211563,0.1237366218394368,0.16056119464215227,0.10232060002835884,0.1023715843339237,0.10911221868381232,0.09249287574493693
2024-07-05,220.92999267578125,0.013486798057397165,0.17895333322331633,0.13658550422249982,0.11912857638056412,0.16172371848224465,0.10158535654926822,0.10428191878605814,0.10708267989010502,0.09948795332589117
2024-07-08,218.19000244140625,-0.012402074526820739,0.21409628185453153,0.13988236354752864,0.11912857638056412,0.1653345714809125,0.10158535654926822,0.10428191878605814,0.10708267989010502,0.09948795332589117
2024-07-09,218.55999755859375,0.0016957473442755777,0.1968768296355404,0.1423537463963137,0.13032185470619084,0.16739479818085995,0.11126464983619508,0.11250522648348153,0.11229380870839198,0.12249595290664195
2024-07-10,219.36000061035156,0.0036603361122538036,0.026919154556108445,0.13502992973061662,0.13032185470619084,0.1624291716516806,0.11126464983619508,0.11250522648348153,0.11229380870839198,0.12249595290664195
2024-07-11,223.25,0.017733403441032136,0.05810603440759541,0.13233774271754828,0.13355789102319782,0.15812280142129617,0.10156779909471238,0.10356519003644778,0.10572299883055858,0.10495668388239517
2024-07-12,223.11000061035156,-0.0006270969301161999,0.2815090524224886,0.11938566104086691,0.13355789102319782,0.16809964873642055,0.10156779909471238,0.10356519003644778,0.10572299883055858,0.10495668388239517
2024-07-15,223.8300018310547,0.0032271131671974818,0.009954855150117096,0.1132226833915554,0.11449288489019964,0.16299689671724765,0.10888496320993295,0.11544217822585753,0.11016877976665404,0.1282598366629438
2024-07-16,228.2899932861328,0.019925798233449088,0.05122883335839925,0.11349002638102515,0.11449288489019964,0.15852877543563398,0.10888496320993295,0.11544217822585753,0.11016877976665404,0.1282598366629438
2024-07-17,227.22999572753906,-0.004643206403117217,0.31631224080093856,0.12594724208739436,0.1164974089584718,0.17212407241140046,0.12090158182763859,0.13195668593625276,0.11766020905144163,0.13595936479177015
2024-07-18,225.77999877929688,-0.006381186355259194,0.07370861657154527,0.12341674265091855,0.1164974089584718,0.16785431818898608,0.12090158182763859,0.13195668593625276,0.11766020905144163,0.13595936479177015
2024-07-19,221.72999572753906,-0.017937829186174925,0.10129819299344694,0.11867000536034666,0.11473664830180048,0.16462152727037943,0.11135295392201217,0.11961138752935001,0.11191831469763519,0.10727596649387278
2024-07-22,221.8000030517578,0.00031573231212611574,0.2847542105218499,0.1278672456366296,0.11473664830180048,0.17418188778107116,0.11135295392201217,0.11961138752935001,0.11191831469763519,0.10727596649387278
2024-07-23,222.5800018310547,0.003516676143213937,0.005012095072518752,0.12520354685707089,0.13525101954301044,0.16888006837676248,0.11564051729672349,0.11614567677633689,0.1152248843880285,0.11571589776085786
2024-07-24,221.8000030517578,-0.0035043524704835294,0.05582550309898705,0.11873275709894297,0.13525101954301044,0.16430531961266157,0.11564051729672349,0.11614567677633689,0.1152248843880285,0.11571589776085786
2024-07-25,218.3300018310547,-0.01564473026582147,0.05562987085928541,0.11008195439923818,0.11194293414271132,0.15988165849073174,0.10542297950763953,0.10645343054706627,0.10871330412368224,0.0939708126150117
2024-07-26,220.6300048828125,0.010534525866662925,0.24835239367229425,0.11851504416963939,0.11194293414271132,0.16652072160847628,0.10542297950763953,0.10645343054706627,0.10871330412368224,0.0939708126150117
2024-07-29,220.32000732421875,-0.0014050562105476505,0.16723041373900366,0.1225358320541412,0.11305312998157135,0.16656338840893664,0.1141163701585744,0.11241182060456663,0.11396922402004428,0.11918352878857782
2024-07-30,222.52000427246094,0.009985461488319247,0.02230457586705535,0.11689092062613521,0.11305312998157135,0.16158159011176634,0.1141163701585744,0.11241182060456663,0.11396922402004428,0.11918352878857782
2024-07-31,226.5500030517578,0.018110725786084414,0.15851428694583378,0.11591574665019855,0.1144160745294838,0.1613991957762517,0.10866309577932319,0.10979268542537214,0.1102835677791471,0.10980523031774535
2024-08-01,225.77000427246094,-0.003442943141866439,0.28749885895718474,0.1289167877008473,0.1144160745294838,0.1715985256565119,0.10866309577932319,0.10979268542537214,0.1102835677791471,0.10980523031774535
2024-08-02,225.33999633789062,-0.0019046282784819235,0.05465502798908384,0.12952171716839603,0.12963867985706545,0.16690872083899183,0.11462955267457264,0.12064686793444719,0.11423793960797027,0.16515795468114705
2024-08-05,222.47999572753906,-0.012691935106198704,0.030235036589305462,0.13086253174029228,0.12963867985706545,0.16199339268265048,0.11462955267457264,0.12064686793444719,0.11423793960797027,0.16515795468114705
2024-08-06,220.6999969482422,-0.008000713832612472,0.20147822368303156,0.13188639039755204,0.12408994370858008,0.16462975488523773,0.1124805773054532,0.11393110591578882,0.11280942034390141,0.15077911250091186
2024-08-07,220.5500030517578,-0.0006796279952806517,0.1270073946725223,0.12792780461655165,0.12408994370858008,0.16261805410239402,0.1124805773054532,0.11393110591578882,0.11280942034390141,0.15077911250091186
2024-08-08,224.00999450683594,0.015688013635013043,0.010788759957299901,0.11946925599481341,0.1145536049509202,0.1576861993623132,0.1048801008578339,0.10525950570920949,0.10788388348391964,0.1465768830100843
2024-08-09,224.55999755859375,0.0024552612171107047,0.2490394958570096,0.1295656351448544,0.1145536049509202,0.16460340655944555,0.1048801008578339,0.10525950570920949,0.10788388348391964,0.1465768830100843
2024-08-12,228.41000366210938,0.017144665770273848,0.03897606350506014,0.12869609101292098,0.12773776861038214,0.1598742398746487,0.10822994702574541,0.11326865374075638,0.10985533943786643,0.10873316829231297
2024-08-13,228.05999755859375,-0.001532358906807807,0.27216313163679745,0.1282712764317532,0.12773776861038214,0.16873219145826274,0.10822994702574541,0.11326865374075638,0.10985533943786643,0.10873316829231297
2024-08-14,226.1999969482422,-0.008155751250824572,0.02432544352024955,0.12892448499403195,0.13094858536108128,0.1637004059872692,0.11243774157825082,0.12115550716620975,0.11270646121303415,0.10195163929676705
2024-08-15,226.91000366210938,0.0031388449312386157,0.12946853738751474,0.13248083517717354,0.13094858536108128,0.16185079448544173,0.11243774157825082,0.12115550716620975,0.11270646121303415,0.10195163929676705
2024-08-16,231.99000549316406,0.02238773852658915,0.04982761855231808,0.12036789780223627,0.1164371459629872,0.15739411167280143,0.10554180017539738,0.11174701723673325,0.10830819509326434,0.11310208047693279
2024-08-19,231.61000061035156,-0.0016380226467286318,0.355394331350967,0.1331717939285736,0.1164371459629872,0.17568392029806865,0.10554180017539738,0.11174701723673325,0.10830819509326434,0.11310208047693279
2024-08-20,232.4600067138672,0.0036699887797402297,0.02600280339081461,0.12974927621936305,0.13455434005215916,0.1704509260968421,0.11945563856693489,0.1314580487574334,0.1176612886185768,0.1295195018388364
2024-08-21,232.14999389648438,-0.0013336178629832496,0.058259265753540304,0.11945405145716716,0.13455434005215916,0.1658733120113159,0.11945563856693489,0.1314580487574334,0.1176612886185768,0.1295195018388364
2024-08-22,229.3699951171875,-0.011975011209935604,0.02117052725668254,0.12018852564735641,0.12641833005973796,0.16090372827503627,0.10816202467058939,0.11871681738423098,0.11080111612805336,0.11971886297167178
2024-08-23,232.02000427246094,0.011553425520716143,0.1900974096522018,0.126291794127048,0.12641833005973796,0.16280304264916834,0.10816202467058939,0.11871681738423098,0.11080111612805336,0.11971886297167178
2024-08-26,232.75999450683594,0.0031893380775307456,0.183404944312331,0.13209975201127735,0.11339223644524787,0.16411210579957186,0.11255764858481605,0.12018886077976272,0.11320776906933033,0.12071510857164869
2024-08-27,233.38999938964844,0.002706671669018279,0.05062917240033115,0.12311233286255176,0.11339223644524787,0.15959515988791206,0.11255764858481605,0.12018886077976272,0.11320776906933033,0.12071510857164869
2024-08-28,231.75,-0.007026862307456638,0.042967080701558975,0.1174639995426679,0.11428977111101138,0.15509077457253923,0.1028536442953193,0.10988549329956382,0.10695445061406811,0.09972760820393634
2024-08-29,232.9499969482422,0.005177980359189593,0.11154798097574253,0.12152051795669915,0.11428977111101138,0.15282845474467588,0.1028536442953193,0.10988549329956382,0.10695445061406811,0.09972760820393634
2024-08-30,231.2899932861328,-0.0071260085162319076,0.0821978899439554,0.11805159082025013,0.10824658874844945,0.1495343905980863,0.09855965563927314,0.10361162671914251,0.10350297163562092,0.09091422913602666
2024-09-03,230.2899932861328,-0.0043235765879541255,0.11312187824686805,0.11012536442432665,0.10824658874844945,0.14760316898201922,0.09855965563927314,0.10361162671914251,0.10350297163562092,0.09091422913602666
2024-09-04,230.42999267578125,0.000607926500195255,0.06863465055640679,0.11076080181375042,0.09885143092457802,0.14409072377964677,0.09492044041654453,0.09714815292791681,0.10021824251325166,0.11038828216364005
2024-09-05,232.35000610351562,0.008332306942507639,0.009650534009535024,0.10982514260557902,0.09885143092457802,0.13972113815375992,0.09492044041654453,0.09714815292791681,0.10021824251325166,0.11038828216364005
2024-09-06,230.6300048828125,-0.007402630408956501,0.13227127210399306,0.1066793720792591,0.09364657487386355,0.1392853833882208,0.09285450898477925,0.09610831054868423,0.09783579105717333,0.11782527680427637
2024-09-09,231.60000610351562,0.004205876079289794,0.11751311465893961,0.10624781389682351,0.09364657487386355,0.13807589532962708,0.09285450898477925,0.09610831054868423,0.09783579105717333,0.11782527680427637
2024-09-10,232.6199951171875,0.004404097525005923,0.06676621290573705,0.10879224357629794,0.0969492211305848,0.13486481872586306,0.0909354839233517,0.09237687760208753,0.0955306848839726,0.11861124248109703
2024-09-11,232.25,-0.001590555949419148,0.06991288080504444,0.10065012471029951,0.0969492211305848,0.13187295713795882,0.0909354839233517,0.09237687760208753,0.0955306848839726,0.11861124248109703
2024-09-12,236.3300018310547,0.017567284525531468,0.025249292930983772,0.10002618059329603,0.09380737989667327,0.12800507733079264,0.0864917365368895,0.0878209801820146,0.09177290241130602,0.10660429382267579
2024-09-13,238.67999267578125,0.009943683944142245,0.27887199639161747,0.1003311289912424,0.09380737989667327,0.14166282947690004,0.0864917365368895,0.0878209801820146,0.09177290241130602,0.10660429382267579
2024-09-16,238.66000366210938,-8.374817448153493e-05,0.1578510889921576,0.10640047651269277,0.10255608290021193,0.14268592711910233,0.10485575063831068,0.11249238634720009,0.10317474016636645,0.1077215529275077
2024-09-17,237.33999633789062,-0.0055309113549146804,0.0013294610546027228,0.10057597304301495,0.10255608290021193,0.13833952225582266,0.10485575063831068,0.11249238634720009,0.10317474016636645,0.1077215529275077
2024-09-18,235.50999450683594,-0.007710465405288858,0.08780049581188529,0.10230201291844984,0.10506196412887901,0.13583846891355877,0.09775751674769219,0.10322018077410186,0.09883344534010925,0.11575228123324419
2024-09-19,239.1699981689453,0.01554075728197235,0.12239984372976699,0.09171135439021345,0.10506196412887901,0.1350698617874371,0.09775751674769219,0.10322018077410186,0.09883344534010925,0.11575228123324419
2024-09-20,242.2100067138672,0.012710660066880486,0.24670187372228958,0.10174313031437142,0.09067551608150451,0.14422532502777047,0.10784856637233824,0.11473951248349155,0.10506103150820895,0.12883644718650622
2024-09-23,242.67999267578125,0.0019404068737312041,0.2017754732186723,0.10826659429005922,0.09067551608150451,0.14830943399582247,0.10784856637233824,0.11473951248349155,0.10506103150820895,0.12883644718650622
2024-09-24,246.07000732421875,0.01396907347432852,0.030803004181038464,0.10870443415025723,0.10917129916944933,0.1439891538395381,0.10623212584530017,0.11431914052152298,0.10474408378495734,0.1265721869139971
2024-09-25,245.72999572753906,-0.001381767735031958,0.22175216675437368,0.11014328674581049,0.10917129916944933,0.1497976810422517,0.10623212584530017,0.11431914052152298,0.10474408378495734,0.1265721869139971
2024-09-26,246.97999572753906,0.005086884066794806,0.021934882779285316,0.10280373849430843,0.11151758280410026,0.14533359169803262,0.10653936407669792,0.115725260081404,0.10556866115274735,0.11173463124988223
2024-09-27,245.02000427246094,-0.007935830791900744,0.0807517811337356,0.10417294798219044,0.11151758280410026,0.14228771103885143,0.10653936407669792,0.115725260081404,0.10556866115274735,0.11173463124988223
2024-09-30,243.05999755859375,-0.007999374253898295,0.12597740833234886,0.10794614469268088,0.0951796890815901,0.1413621717239915,0.1022688551187909,0.10845588540633035,0.10298804480080716,0.10945088130298326
2024-10-01,245.61000061035156,0.010491249392624136,0.12698612951968646,0.10864787871740562,0.0951796890815901,0.14054108439981275,0.1022688551187909,0.10845588540633035,0.10298804480080716,0.10945088130298326
2024-10-02,245.66000366210938,0.00020358719772617384,0.1665434210114454,0.1124817664932006,0.09414368520802872,0.1422353376800242,0.10367148403033641,0.1091091710881795,0.10363431604905889,0.11745417066355371
2024-10-03,245.49000549316406,-0.0006920058878576718,0.003231846571799943,0.1074867650534248,0.09414368520802872,0.13790454850290218,0.10367148403033641,0.1091091710881795,0.10363431604905889,0.11745417066355371
2024-10-04,245.0,-0.001996030315693287,0.010985252910383108,0.10486633788769645,0.09943638081483254,0.1337304945583177,0.09523279644468176,0.09981230551107152,0.09841656547493235,0.11453343614314823
2024-10-07,244.1699981689453,-0.0033877625757333663,0.03168599894802109,0.10586794993035492,0.09943638081483254,0.1298886238901758,0.09523279644468176,0.09981230551107152,0.09841656547493235,0.11453343614314823
2024-10-08,242.3699951171875,-0.007371925565205384,0.053779063657932655,0.10230012227371578,0.0890269857677006,0.1266188082410902,0.08965133457909034,0.09299132014143817,0.09451781857644385,0.11036759120337995
2024-10-09,241.0500030517578,-0.005446185963701722,0.11702569037527631,0.10227796662445837,0.0890269857677006,0.12606380914774445,0.08965133457909034,0.09299132014143817,0.09451781857644385,0.11036759120337995
2024-10-10,242.82000732421875,0.007342892553628744,0.08645552192259241,0.10317293521613363,0.08557130654468803,0.12404447740420801,0.08942997301240842,0.08983011640882976,0.09353185776568194,0.10261005090250817
2024-10-11,245.47000122070312,0.010913408354139564,0.11656480560461802,0.10529347725247788,0.08557130654468803,0.12360846114385791,0.08942997301240842,0.08983011640882976,0.09353185776568194,0.10261005090250817
2024-10-14,245.07000732421875,-0.001629502157067031,0.17324498676688807,0.11202055424501896,0.09505935821302132,0.12713433089753148,0.09491337422426839,0.09832909853333607,0.09609093393714171,0.09640543787170174
2024-10-15,245.9199981689453,0.003468359323146597,0.025867544810656055,0.10052035190042984,0.09505935821302132,0.12342405600072105,0.09491337422426839,0.09832909853333607,0.09609093393714171,0.09640543787170174
2024-10-16,247.14999389648438,0.005001609209081437,0.05505849735874923,0.09584796137163853,0.08863929564395626,0.1204216510083348,0.08938177403415377,0.09223381314114264,0.09256954044278916,0.09122335568175852
2024-10-17,248.6300048828125,0.00598831083503093,0.07939808473415966,0.09939653517525476,0.08863929564395626,0.11836188128466849,0.08938177403415377,0.09223381314114264,0.09256954044278916,0.09122335568175852
2024-10-18,251.27000427246094,0.010618185005034864,0.09506148745707226,0.09972658025003599,0.08605801140517164,0.11709467976225164,0.08808760590651295,0.0912563833049423,0.09122187767635805,0.09414616402080024
2024-10-21,251.22000122070312,-0.00019900127714245208,0.1685584613891842,0.10182469923455494,0.08605801140517164,0.12080236537940867,0.08808760590651295,0.0912563833049423,0.09122187767635805,0.09414616402080024
2024-10-22,253.92999267578125,0.01078732362833379,0.0031590473394190236,0.09075457076260628,0.0852752950535998,0.11712479484374821,0.08977261048382122,0.09388610743456674,0.09183211937617125,0.08384635904743742
2024-10-23,250.8699951171875,-0.012050555849465017,0.17124345379525296,0.0893667516979054,0.0852752950535998,0.12105611814865995,0.08977261048382122,0.09388610743456674,0.09183211937617125,0.08384635904743742
2024-10-24,252.8000030517578,0.007693259346016168,0.19129664362667484,0.09666191712725251,0.08861515457407938,0.12637631529886775,0.10005839098678941,0.10112654440562181,0.0979074173565103,0.08978198016008454
2024-10-25,253.32000732421875,0.0020569789010425055,0.12212670600649315,0.09213348709325793,0.08861515457407938,0.12612537660442283,0.10005839098678941,0.10112654440562181,0.0979074173565103,0.08978198016008454
2024-10-28,253.3300018310547,3.945407605776552e-05,0.03265352774559246,0.09262069822809008,0.08967811444320127,0.12254439668399765,0.09574213965728784,0.09777120219795973,0.09554818067801067,0.09771017365179302
2024-10-29,256.0899963378906,0.010894858433216914,0.0006263140407400512,0.08897863154204483,0.08967811444320127,0.11881129973736897,0.09574213965728784,0.09777120219795973,0.09554818067801067,0.09771017365179302
2024-10-30,257.5,0.005505891218995584,0.17295051590128058,0.09111377279517809,0.08316197954972075,0.1227349595901555,0.09658341488284926,0.10026941477732582,0.09595351787290857,0.09425892172623462
2024-10-31,253.50999450683594,-0.015495166963743978,0.08740331346741952,0.0893145538837114,0.08316197954972075,0.12090656905051238,0.09658341488284926,0.10026941477732582,0.09595351787290857,0.09425892172623462
2024-11-01,252.47000122070312,-0.0041023758773532926,0.2459781498569422,0.09292522337668853,0.08493600966707789,0.13180140191065876,0.10566612716543397,0.10320000575795935,0.10174461055273344,0.0956995165821424
2024-11-04,252.8300018310547,0.0014259144001700363,0.06512319813592335,0.09573846662960324,0.08493600966707789,0.12877800599871525,0.10566612716543397,0.10320000575795935,0.10174461055273344,0.0956995165821424
2024-11-05,253.39999389648438,0.002254447895034817,0.022635689362294518,0.09626803192287194,0.09775742673890174,0.1249779612781358,0.0976168785307418,0.09573922312786677,0.09737020928739391,0.1044118844912603
2024-11-06,245.6999969482422,-0.030386729020158154,0.03578825084409104,0.09645449791814785,0.09775742673890174,0.12148732152300351,0.0976168785307418,0.09573922312786677,0.09737020928739391,0.1044118844912603
2024-11-07,249.64999389648438,0.016076503855530166,0.4823743688642873,0.11593610270025487,0.11786880846853146,0.1668374089873635,0.1375738116230554,0.11948153190712418,0.12340593132448692,0.09897929432040926
2024-11-08,247.9600067138672,-0.006769426092267161,0.2552065869186233,0.12221705254313427,0.11786880846853146,0.17341413407147344,0.1375738116230554,0.11948153190712418,0.12340593132448692,0.09897929432040926
2024-11-11,242.13999938964844,-0.02347155656813127,0.10746130775262415,0.12317186098995392,0.14351205120416366,0.17017928822817327,0.133062905542711,0.12369203739584074,0.12296928333991304,0.0796800609233059
2024-11-12,240.0500030517578,-0.008631355179477884,0.3725994093771601,0.13480979752506947,0.14351205120416366,0.18855542931835542,0.133062905542711,0.12369203739584074,0.12296928333991304,0.0796800609233059
2024-11-13,237.6300048828125,-0.010081225320474285,0.13701851569420656,0.13316313974903848,0.1646732583625034,0.18586663323062097,0.142287083718876,0.12887606608081498,0.13186287802787963,0.10112793765025227
2024-11-14,237.00999450683594,-0.0026091417886487944,0.16003449065269434,0.13926163728731294,0.1646732583625034,0.18441877160279818,0.142287083718876,0.12887606608081498,0.13186287802787963,0.10112793765025227
2024-11-15,236.58999633789062,-0.0017720694429753658,0.04141884184842575,0.1386416529459346,0.14649073704006704,0.17908823955782197,0.13047413228769858,0.11881086685805561,0.12620323514198284,0.12006698174820923
2024-11-18,241.08999633789062,0.019020246289590537,0.028130730312297438,0.13631131865403176,0.14649073704006704,0.17376916289813574,0.13047413228769858,0.11881086685805561,0.12620323514198284,0.12006698174820923
2024-11-19,243.25,0.008959325127211537,0.3019370493447335,0.14571475328528913,0.13063221865248564,0.1839943954632313,0.13303553499375692,0.13003406607162074,0.12883001680830714,0.12221973066119887
2024-11-20,244.6199951171875,0.005632045702723465,0.14222487720944313,0.14451777218620998,0.13063221865248564,0.18175911600247627,0.13303553499375692,0.13003406607162074,0.12883001680830714,0.12221973066119887
2024-11-21,246.66000366210938,0.008339500390982302,0.08940595381173781,0.1484380861167699,0.13966275645267265,0.17757758628166087,0.12324454593571606,0.12299866058689145,0.1234196843390518,0.09775312882307481
2024-11-22,249.83999633789062,0.012892210445830665,0.13238546455839056,0.1466718138787307,0.13966275645267265,0.17519510802024105,0.12324454593571606,0.12299866058689145,0.1234196843390518,0.09775312882307481
2024-11-25,242.47999572753906,-0.029458856541118794,0.20465749613746256,0.1472791253564938,0.14076674818036117,0.17710112299272926,0.12151883840218831,0.1249339739912129,0.12232342336461001,0.07699533576099112
2024-11-26,242.9499969482422,0.0019383092584315254,0.46764484989677246,0.16298449553332467,0.14076674818036117,0.20640838557933436,0.12151883840218831,0.1249339739912129,0.12232342336461001,0.07699533576099112
2024-11-27,243.49000549316406,0.002222714763140843,0.030769705570463057,0.16289886725263697,0.17519420901780522,0.20026223514700098,0.14247575604475204,0.13439478921638665,0.1373749284285277,0.1054566768751602
2024-11-29,245.58999633789062,0.008624546377060671,0.035284502992215035,0.164474239477704,0.17519420901780522,0.19435371060412712,0.14247575604475204,0.13439478921638665,0.1373749284285277,0.1054566768751602
2024-12-02,243.44000244140625,-0.008754403389975018,0.13691042930667383,0.1628360537234037,0.16774156111425734,0.19139391546032358,0.1296333719856752,0.12485435151281288,0.12967512170906462,0.1109964123117444
2024-12-03,243.92999267578125,0.002012776164397767,0.13897184547968822,0.16518007790577954,0.16774156111425734,0.1886598087905352,0.1296333719856752,0.12485435151281288,0.12967512170906462,0.1109964123117444
2024-12-04,244.6699981689453,0.003033679807253664,0.031951831055009705,0.15545160886932807,0.13708168898531498,0.18307983836614697,0.11923824073295818,0.11478739180666345,0.12311861417888195,0.08270399882136784
2024-12-05,242.86000061035156,-0.007397709454119217,0.04815817396434934,0.1546804714069838,0.13708168898531498,0.17789403072160362,0.11923824073295818,0.11478739180666345,0.12311861417888195,0.08270399882136784
2024-12-06,242.9499969482422,0.0003705687954560499,0.11743499692266501,0.1589895308415461,0.13611902222586,0.17485699215796235,0.11096318612978132,0.10681639949580994,0.11719792344360083,0.09996759290329545
2024-12-09,245.36000061035156,0.009919751769426055,0.0058825972585048215,0.15763018295129216,0.13611902222586,0.1695362673328874,0.11096318612978132,0.10681639949580994,0.11719792344360083,0.09996759290329545
2024-12-10,248.58999633789062,0.01316431251835759,0.15747117749636566,0.1428618560709321,0.11684835962719897,0.1688366769668951,0.10630263553353748,0.10523356538225208,0.11269377002458969,0.09540468642698907
2024-12-11,250.9600067138672,0.009533812345188464,0.2089769826282516,0.14076051042136975,0.11684835962719897,0.17151022370685307,0.10630263553353748,0.10523356538225208,0.11269377002458969,0.09540468642698907
2024-12-12,247.27999877929688,-0.014663722649505995,0.15134457907035695,0.14275520457217578,0.12900311842134307,0.17036760937060574,0.11055202825517416,0.11390735648654134,0.11442691258879255,0.09331461489844267
2024-12-13,244.2899932861328,-0.012091578404740733,0.2327793805501081,0.1363997487164007,0.12900311842134307,0.174742065295834,0.11055202825517416,0.11390735648654134,0.11442691258879255,0.09331461489844267
2024-12-16,244.8800048828125,0.002415209844427002,0.1919478565030985,0.1388965369349867,0.1327646297962207,0.17582190079108562,0.11773342612959033,0.11426929064982531,0.1186344883609989,0.08210595102772625
2024-12-17,243.94000244140625,-0.0038386247250202787,0.03834026767433308,0.1333649813450612,0.1327646297962207,0.1707241603213889,0.11773342612959033,0.11426929064982531,0.1186344883609989,0.08210595102772625
2024-12-18,239.25999450683594,-0.01918507783771317,0.06093627839344414,0.13425213755165294,0.12897303504808086,0.16619485065387343,0.10754537816287832,0.10482721851439392,0.11158876770634397,0.11326664414486483
2024-12-19,239.60000610351562,0.0014210967336203417,0.30455366905203507,0.14681681658527737,0.12897303504808086,0.17756311813215855,0.10754537816287832,0.10482721851439392,0.11158876770634397,0.11326664414486483
2024-12-20,242.10000610351562,0.010434056495473909,0.022559211276753758,0.13411782394582372,0.13360850589251896,0.1722424928592586,0.11493253112013117,0.10736667075029684,0.11611104676298256,0.12399997619253991
2024-12-23,240.9600067138672,-0.004708795377563968,0.16563551191573261,0.13518194370520054,0.13360850589251896,0.17185323719396342,0.11493253112013117,0.10736667075029684,0.11611104676298256,0.12399997619253991
2024-12-24,241.44000244140625,0.001992014086009908,0.07474980926234852,0.13451575531659193,0.1306267735374131,0.16762092669200773,0.11029890725070561,0.10620777211673653,0.1127566280350344,0.12905096046897208
2024-12-26,243.07000732421875,0.006751179863859091,0.03162224327831908,0.1299356088947705,0.1306267735374131,0.1626990059508028,0.11029890725070561,0.10620777211673653,0.1127566280350344,0.12905096046897208
2024-12-27,241.39999389648438,-0.0068705038771271765,0.10717165785622834,0.12550443442744166,0.1104566994763506,0.1599120208114317,0.10353240644852336,0.10151140013640675,0.10751788205219552,0.0715971996806696
2024-12-30,240.6300048828125,-0.0031896811646235923,0.10906586784350149,0.10920538978865664,0.1104566994763506,0.1573253474418645,0.10353240644852336,0.10151140013640675,0.10751788205219552,0.0715971996806696
2024-12-31,242.1300048828125,0.006233636577161361,0.050634618739085396,0.11010834038723037,0.09211326961267537,0.1530360118656139,0.0986626164936579,0.09603046655911433,0.10362418263776725,0.07648829743369637
2025-01-02,245.4199981689453,0.013587714119632333,0.09895591288034915,0.11300249538214556,0.09211326961267537,0.1503407996310628,0.0986626164936579,0.09603046655911433,0.10362418263776725,0.07648829743369637
2025-01-03,243.49000549316406,-0.007864039973028869,0.21569827467832858,0.11658376108085715,0.09798873345222361,0.1550411539354548,0.104536753737684,0.10700322820517497,0.1063196143658017,0.07456603439480615
2025-01-06,243.19000244140625,-0.0012320959587239777,0.12483776441343288,0.11594130285057282,0.09798873345222361,0.15339674668728728,0.104536753737684,0.10700322820517497,0.1063196143658017,0.07456603439480615
2025-01-07,244.55999755859375,0.005633435188264313,0.019558916988908086,0.11537798857484093,0.10620259894040807,0.14880081066518386,0.09956305435072141,0.10025843200303412,0.10253611446336186,0.08508519018723859
2025-01-08,245.86000061035156,0.005315681488123669,0.08942801121088623,0.11725389026786531,0.10620259894040807,0.1459212888193049,0.09956305435072141,0.10025843200303412,0.10253611446336186,0.08508519018723859
2025-01-10,248.2100067138672,0.009558310004399662,0.08438382759842983,0.115751564389491,0.10323396064286934,0.14297789689478393,0.09612801584155906,0.09779536804466273,0.0998743441613921,0.09795439564145053
2025-01-13,245.74000549316406,-0.009951255605703757,0.1517334673542132,0.12238114939384137,0.10323396064286934,0.1435182948872654,0.09612801584155906,0.09779536804466273,0.0998743441613921,0.09795439564145053
2025-01-14,247.02999877929688,0.005249423200524461,0.15797128539317745,0.1224038815709692,0.0989269138894635,0.14442626675862513,0.10070539731704355,0.10109220766802267,0.10230530749139773,0.09642267121804464
2025-01-15,248.8800048828125,0.007488993695735191,0.08333200989072284,0.11669274644653607,0.0989269138894635,0.14150640681746246,0.10070539731704355,0.10109220766802267,0.10230530749139773,0.09642267121804464
2025-01-16,250.60000610351562,0.006910965874952435,0.11888408933427502,0.11521726964035052,0.0990970084088863,0.14025200526900222,0.09840666332648003,0.10030402656311337,0.1004634172231358,0.0961098843276329
2025-01-17,249.27000427246094,-0.005307269747253374,0.1097081821462683,0.10962312425835781,0.0990970084088863,0.138609309199808,0.09840666332648003,0.10030402656311337,0.1004634172231358,0.0961098843276329
2025-01-21,253.1300048828125,0.01548521901629396,0.08425029535181432,0.10472778056966306,0.09162316532483908,0.1359620347635662,0.09617004186743068,0.09762261495750416,0.09862898250963896,0.10084201030750384
2025-01-22,254.42999267578125,0.005135652699768123,0.24582023108689247,0.11415868799750667,0.09162316532483908,0.14492132197824797,0.09617004186743068,0.09762261495750416,0.09862898250963896,0.10084201030750384
2025-01-23,254.07000732421875,-0.0014148699521492336,0.0815259591815035,0.11509458257878209,0.10426722761540845,0.14191845232849562,0.1035755453570859,0.1088998911873393,0.10357397530742,0.10516983552443479
2025-01-24,255.64999389648438,0.006218705580030903,0.022460364185308376,0.10227215963029451,0.10426722761540845,0.13770499033149364,0.1035755453570859,0.1088998911873393,0.10357397530742,0.10516983552443479
2025-01-27,252.99000549316406,-0.0104048052682425,0.09871889064894869,0.10573396323812156,0.09219064688663248,0.13568209042730178,0.09831031183187011,0.10288955111593812,0.09998246878652468,0.08992963375230952
2025-01-28,255.17999267578125,0.008656417783572623,0.16517116307894614,0.10571285647281309,0.09219064688663248,0.13762973032644601,0.09831031183187011,0.10288955111593812,0.09998246878652468,0.08992963375230952
2025-01-29,254.1999969482422,-0.0038404097330004827,0.13741637220006064,0.10856133660634545,0.08774345835908093,0.1376169381670148,0.10160555129844753,0.10419305247049965,0.1018604773927076,0.10049018759988537
2025-01-30,258.04998779296875,0.01514551884715587,0.06096461451666745,0.10989508075354312,0.08774345835908093,0.1342576531286991,0.10160555129844753,0.10419305247049965,0.1018604773927076,0.10049018759988537
2025-01-31,258.55999755859375,0.0019763991077348386,0.24042765807969668,0.11595217167279165,0.09646190447918214,0.14287035348311342,0.10778968740208546,0.1133695513408135,0.10562224322175483,0.11071469989082515
2025-02-03,259.94000244140625,0.005337271410283728,0.03137436318285802,0.11242073964276242,0.09646190447918214,0.13873097228100933,0.10778968740208546,0.1133695513408135,0.10562224322175483,0.11071469989082515
2025-02-04,262.5,0.00984841707528572,0.08472655698759439,0.11397037319951284,0.09959275809333126,0.13609636687792387,0.10091461624795063,0.10570003503118786,0.10152833453593475,0.11126559898149654
2025-02-05,264.1300048828125,0.006209542410714253,0.15633877433308857,0.11657868508372826,0.09959275809333126,0.1373950383177157,0.10091461624795063,0.10570003503118786,0.10152833453593475,0.11126559898149654
2025-02-06,263.42999267578125,-0.0026502562908058414,0.09857342984555048,0.11125482850042015,0.09848260003829774,0.1353800429360174,0.10073913924038114,0.10634263032882917,0.10122452627882882,0.11568792220791801
2025-02-07,263.8999938964844,0.0017841598670260694,0.042071514336340404,0.10749272622418869,0.09848260003829774,0.13165975620116274,0.10073913924038114,0.10634263032882917,0.10122452627882882,0.11568792220791801
2025-02-10,268.3699951171875,0.016938239196991,0.028322659843998295,0.10789107817214734,0.09001818173984374,0.12783725709827698,0.09477058600870376,0.09908772523702232,0.09778872031443016,0.10667881664836501
2025-02-11,267.3900146484375,-0.0036516022155236305,0.2688862113753875,0.11604826908871559,0.09001818173984374,0.1403560120705019,0.09477058600870376,0.09908772523702232,0.09778872031443016,0.10667881664836501
2025-02-12,267.6700134277344,0.0010471549570203464,0.057967388095248054,0.11484752183857096,0.10344440606233281,0.1368189848004651,0.10275829484841777,0.10942511027319234,0.10199193316036272,0.12120185365922724
2025-02-13,270.30999755859375,0.009862831092105617,0.0166230696025462,0.10870614012258609,0.10344440606233281,0.13271340592532757,0.10275829484841777,0.10942511027319234,0.10199193316036272,0.12120185365922724
2025-02-14,266.2900085449219,-0.014871773334245608,0.15656758975648227,0.10864233577546356,0.09790730284158694,0.1342642239589235,0.10061359020894933,0.10751490201507564,0.10078087629877845,0.10005906400817077
2025-02-18,270.70001220703125,0.01656090548123368,0.23608208278161444,0.11558552090686774,0.09790730284158694,0.14244070314978355,0.10061359020894933,0.10751490201507564,0.10078087629877845,0.10005906400817077
2025-02-19,270.8500061035156,0.000554096378723612,0.26289622433634463,0.12213152704332546,0.10972881377193801,0.1523773545025468,0.11329691929007753,0.11836389317734658,0.10721743554028344,0.126624039584337
2025-02-20,270.989990234375,0.0005168326664386491,0.00879600732278483,0.11754461000589438,0.10972881377193801,0.14775103674753848,0.11329691929007753,0.11836389317734658,0.10721743554028344,0.126624039584337
2025-02-21,270.739990234375,-0.0009225433005247696,0.008204464228986385,0.11408798131849313,0.12080833549868883,0.1432640412747428,0.10530792039729406,0.11038864444574246,0.10354620716310287,0.12052005208951665
2025-02-24,272.2099914550781,0.005429568123388684,0.014644920881263583,0.1035800126727827,0.12080833549868883,0.1389459564488512,0.10530792039729406,0.11038864444574246,0.10354620716310287,0.12052005208951665
2025-02-25,268.6199951171875,-0.013188334192659745,0.08619172188582072,0.10379209279570621,0.10002697097257442,0.13635747452917807,0.10049902335463787,0.10562850235785944,0.1011258672250543,0.11821683625128149
2025-02-26,269.0299987792969,0.0015263333689308212,0.20935831488592496,0.11228745419118878,0.10002697097257442,0.14180131681013883,0.10049902335463787,0.10562850235785944,0.1011258672250543,0.11821683625128149
2025-02-27,264.92999267578125,-0.015239958822878874,0.02422979107182212,0.10890158602859214,0.10166496089991273,0.13760952586455288,0.10133799163942064,0.10295164760268383,0.10141373790965864,0.11350571396721139
2025-02-28,263.2699890136719,-0.006265820058134697,0.24192684621721294,0.11239048071669516,0.10166496089991273,0.1459860083959536,0.10133799163942064,0.10295164760268383,0.10141373790965864,0.11350571396721139
2025-03-03,266.739990234375,0.013180390342641513,0.0994668098022281,0.11066550060770278,0.11140596873341373,0.1436203973802969,0.10496958890516221,0.10172866650983832,0.1032766859243653,0.10508617783282913
2025-03-04,269.05999755859375,0.008697635934455272,0.2092322101763211,0.11740493677405067,0.11140596873341373,0.148377547147707,0.10496958890516221,0.10172866650983832,0.1032766859243653,0.10508617783282913
2025-03-05,269.6199951171875,0.0020813110966888537,0.1380706900604852,0.11275234731863198,0.1107930816850366,0.14777940869736397,0.10711439099657066,0.10781127260926258,0.10452130308970999,0.09516224203130856
2025-03-06,268.25,-0.005081207410422395,0.03303978937678689,0.1128280485092651,0.1107930816850366,0.14350583987339932,0.10711439099657066,0.10781127260926258,0.10452130308970999,0.09516224203130856
2025-03-07,268.3900146484375,0.0005219558189655249,0.080661667007497,0.11264328078289704,0.10574536636348497,0.1405299568937856,0.10226442795253507,0.10296355386367914,0.10216240413258001,0.10444390651117282
2025-03-10,266.0400085449219,-0.008755937163287819,0.008285791754074978,0.10591359975657823,0.10574536636348497,0.13626396412182715,0.10226442795253507,0.10296355386367914,0.10216240413258001,0.10444390651117282
2025-03-11,269.1600036621094,0.011727541035094546,0.13899619337620753,0.10775099809888083,0.0964868747255696,0.13642944091906073,0.09995408451670654,0.09924514076344274,0.10087356881341457,0.10332273249867933
2025-03-12,270.3299865722656,0.004346793335703092,0.1861689424149911,0.11430088119336496,0.0964868747255696,0.13991334931204105,0.09995408451670654,0.09924514076344274,0.10087356881341457,0.10332273249867933
2025-03-13,275.1300048828125,0.017756144523255468,0.06900320500117968,0.11614999688232773,0.10583545844390846,0.13669998952010387,0.10034468203985601,0.10204125379675517,0.10094310994134449,0.11051777381507864
2025-03-14,275.239990234375,0.00039975774946587883,0.28187005591113307,0.11674017163395253,0.10583545844390846,0.1494413517466616,0.10034468203985601,0.10204125379675517,0.10094310994134449,0.11051777381507864
2025-03-17,276.7300109863281,0.0054135329342379634,0.006345957538545475,0.11439374297228423,0.11821861281326504,0.1448971042698305,0.10520923412922101,0.11091061317879881,0.10368180209413734,0.10676614780615715
2025-03-18,279.9599914550781,0.011671955843306048,0.08593717114950859,0.11754438395169163,0.11821861281326504,0.142051302068464,0.10520923412922101,0.11091061317879881,0.10368180209413734,0.10676614780615715
2025-03-19,281.1099853515625,0.004107707999658539,0.18528655485068993,0.1188497914559738,0.11094216168254037,0.14500939458770076,0.10514946212069452,0.11267142124224631,0.10369420795631744,0.10443325012617624
2025-03-20,280.75,-0.0012805854303336028,0.06520784295340251,0.11108278055469144,0.11094216168254037,0.14149623604367767,0.10514946212069452,0.11267142124224631,0.10369420795631744,0.10443325012617624
2025-03-21,278.489990234375,-0.008049901213267985,0.020328663487412055,0.1000569823342854,0.09425701914133128,0.13727603213674092,0.1001343678055459,0.10685566665340195,0.10117793020375648,0.08924045776412533
2025-03-24,277.25,-0.004452548665506595,0.12778822013366525,0.1054657192802345,0.09425701914133128,0.13672533127241226,0.1001343678055459,0.10685566665340195,0.10117793020375648,0.08924045776412533
2025-03-25,278.4700012207031,0.004400365088198743,0.0706820188160578,0.10830560812510139,0.09685849097647227,0.13368599068673068,0.0983137037977803,0.10177056251933368,0.10004690674913957,0.09794742152098489
2025-03-26,278.239990234375,-0.0008259812019960622,0.06985363020758807,0.1108150949126616,0.09685849097647227,0.1307379028389617,0.0983137037977803,0.10177056251933368,0.10004690674913957,0.09794742152098489
2025-03-27,281.9700012207031,0.013405732882559862,0.013112045088574728,0.10749329142187768,0.09131937932235083,0.1267957839519528,0.09480000613759756,0.09772316637200601,0.09782213857215744,0.10004984227410234
2025-03-28,284.05999755859375,0.007412123023167849,0.2128094120988867,0.10765015947701233,0.09131937932235083,0.13352831658859218,0.09480000613759756,0.09772316637200601,0.09782213857215744,0.10004984227410234
2025-03-31,288.1400146484375,0.014363222998346137,0.11766380523791024,0.1118971601209254,0.09592383472377881,0.1326299698971096,0.09946536698765687,0.10587125936732193,0.09996036970356126,0.12038362051875887
2025-04-01,287.57000732421875,-0.0019782303576065807,0.22800909647392423,0.1112645351325941,0.09592383472377881,0.14019470483761154,0.09946536698765687,0.10587125936732193,0.09996036970356126,0.12038362051875887
2025-04-02,288.1600036621094,0.0020516615880092903,0.03140343337335231,0.10817074529491792,0.10692085214550073,0.1361412960357466,0.10157472651713695,0.10939304680661222,0.10099983158050924,0.12184272061498296
2025-04-03,286.4200134277344,-0.006038278082531101,0.03256911801801864,0.10014060474226781,0.10692085214550073,0.13223475407026522,0.10157472651713695,0.10939304680661222,0.10099983158050924,0.12184272061498296
2025-04-04,279.7200012207031,-0.02339226273628292,0.09585469292057547,0.09822169578136282,0.09210877095415783,0.13033861938150176,0.09826835881609201,0.10385909894344673,0.09927783433700797,0.11200709538847568
2025-04-07,273.7099914550781,-0.02148580630415131,0.37134065881972744,0.11359900802876922,0.09210877095415783,0.15570003035869834,0.09826835881609201,0.10385909894344673,0.09927783433700797,0.11200709538847568
2025-04-08,275.20001220703125,0.005443793790763651,0.3410766011909291,0.1254360504916525,0.12322106550773068,0.1725338933638112,0.12519646817121077,0.10768353867864769,0.11243872225360967,0.15413127846145663
2025-04-09,285.3800048828125,0.03699125081478161,0.08641754735446926,0.12898749392803405,0.12322106550773068,0.16861182416178347,0.12519646817121077,0.10768353867864769,0.11243872225360967,0.15413127846145663
2025-04-10,292.3500061035156,0.0244235794430141,0.5872179020467653,0.14936120795851396,0.15975888594435816,0.2177467388536201,0.15888699409200352,0.16267042520037325,0.1316818353872657,0.17124307480332282
2025-04-11,297.92999267578125,0.019086664805096243,0.3877123039934684,0.15852226984844472,0.15975888594435816,0.23149097948857283,0.15888699409200352,0.16267042520037325,0.1316818353872657,0.17124307480332282
2025-04-14,296.2300109863281,-0.005705977012200658,0.3029914105916026,0.16915809737528215,0.19880067984876487,0.23639165988469532,0.1650440564155759,0.1784153317266132,0.14738079088622083,0.17714519272725643
2025-04-15,297.7799987792969,0.005232379352138938,0.09057957696560584,0.1604630756050309,0.19880067984876487,0.2302616673201492,0.1650440564155759,0.1784153317266132,0.14738079088622083,0.17714519272725643
2025-04-16,307.4700012207031,0.0325408102664011,0.08306144718545334,0.163950143316254,0.19704916313647722,0.22417216943979526,0.14276027607659417,0.15906870429685924,0.1367844018320829,0.1416588005364055
2025-04-17,306.1199951171875,-0.004390692094044635,0.5165693485526088,0.1835243331982131,0.19704916313647722,0.2514927541105461,0.14276027607659417,0.15906870429685924,0.1367844018320829,0.1416588005364055
2025-04-21,315.5899963378906,0.03093558529908469,0.06970007618579716,0.17827040234980887,0.19738814254449344,0.24442826163338707,0.15595435783039277,0.17744368698936752,0.147792400586122,0.15055959343200645
2025-04-22,311.1099853515625,-0.014195668551963636,0.4910871921816228,0.19762855458745524,0.19738814254449344,0.2657639223060613,0.15595435783039277,0.17744368698936752,0.147792400586122,0.15055959343200645
2025-04-23,303.6499938964844,-0.023978630729734163,0.22534925209677703,0.2069476722515173,0.21924517934688342,0.26351389295588695,0.16836941348275675,0.19018179432789428,0.1599125139639845,0.1520460735439552
2025-04-24,308.07000732421875,0.014556277018207942,0.38064896214436705,0.21844134234291282,0.21924517934688342,0.2719684088581166,0.16836941348275675,0.19018179432789428,0.1599125139639845,0.1520460735439552
2025-04-25,304.7300109863281,-0.010841679678267213,0.2310737340308582,0.22573187485267648,0.22239601316249152,0.26968965631878533,0.16713413373789907,0.18141267711088957,0.16244638518810717,0.14960660058447312
2025-04-28,309.07000732421875,0.01424210344049559,0.17210632933750686,0.23037972481312738,0.22239601316249152,0.26485051519244907,0.16713413373789907,0.18141267711088957,0.16244638518810717,0.14960660058447312
2025-04-29,306.05999755859375,-0.009738925467677184,0.22608638310005236,0.24006037654092174,0.21194539066929724,0.2626860309023667,0.1536527980713627,0.16922199690797735,0.15377680389594217,0.14757665814261206
2025-04-30,303.7699890136719,-0.007482221012837353,0.15460064894680345,0.23741452367037252,0.21194539066929724,0.25748358281772293,0.1536527980713627,0.16922199690797735,0.15377680389594217,0.14757665814261206
2025-05-01,297.4599914550781,-0.02077228754256477,0.11877657632633674,0.23746510417439193,0.2007666989422437,0.2513292665020142,0.1376587959400896,0.15076506065385345,0.14240946227276532,0.12603604478301939
2025-05-02,297.9800109863281,0.0017481999132260562,0.32974984199730845,0.24208968351636392,0.2007666989422437,0.2567109535766814,0.1376587959400896,0.15076506065385345,0.14240946227276532,0.12603604478301939
2025-05-05,306.8800048828125,0.029867754776654154,0.027751813274525052,0.24192370078459904,0.21334243618825433,0.2489833180224642,0.13579280942322136,0.14086281436064574,0.1415186520086029,0.13441942983533717
2025-05-06,315.4800109863281,0.02802400275899264,0.4741359081533305,0.26199491851802237,0.21334243618825433,0.2678832257874502,0.13579280942322136,0.14086281436064574,0.1415186520086029,0.13441942983533717
2025-05-07,310.75,-0.014993060801348546,0.4448672522452949,0.277859125760055,0.236557576862368,0.28165608394992886,0.17530161531031851,0.192523325391423,0.1701489287542245,0.17819387384884988
2025-05-08,304.6300048828125,-0.0196942722998793,0.2380074616322342,0.27179852588789627,0.236557576862368,0.2792296434048612,0.17530161531031851,0.192523325391423,0.1701489287542245,0.17819387384884988
2025-05-09,306.8399963378906,0.007254674259445482,0.3126368805472123,0.27050581131318185,0.24351913318471372,0.28134596367345155,0.17013188424823114,0.1784878479709943,0.16943286381755568,0.18027386084521643
2025-05-12,298.19000244140625,-0.028190568373488878,0.11516438359964654,0.2718124856879626,0.24351913318471372,0.27422980930930124,0.17013188424823114,0.1784878479709943,0.16943286381755568,0.18027386084521643
2025-05-13,299.4599914550781,0.004258992599597278,0.4475113994028851,0.2654621901132408,0.22728800998729132,0.2875862586611511,0.1752642508225423,0.17158983067027428,0.17434069760324597,0.18218047492634293
2025-05-14,293.1600036621094,-0.021037827999516923,0.06760941152519333,0.2509120586374101,0.22728800998729132,0.2793166066528848,0.1752642508225423,0.17158983067027428,0.17434069760324597,0.18218047492634293
2025-05-15,297.8399963378906,0.015963953531585195,0.3339651660700395,0.2523199566137027,0.2185102032311785,0.28289338040302175,0.1670135853103418,0.16060551811431217,0.1699508293348564,0.172516225059178
2025-05-16,294.239990234375,-0.012087047232674286,0.2534199059157944,0.2597217897478022,0.2185102032311785,0.2812120973894261,0.1670135853103418,0.16060551811431217,0.1699508293348564,0.172516225059178
2025-05-19,298.0299987792969,0.012880671121226372,0.19187592637648576,0.2646679024383036,0.2319921535624372,0.27666660687990613,0.1576451457545134,0.15653122772912875,0.16505327584220306,0.17575014533309216
2025-05-20,303.5799865722656,0.0186222454642182,0.2044743150382589,0.25048176455128773,0.2319921535624372,0.2728742043713843,0.1576451457545134,0.15653122772912875,0.16505327584220306,0.17575014533309216
2025-05-21,305.82000732421875,0.007378683875855163,0.2956189821115316,0.26075080572973025,0.2116789763015127,0.27429208242622777,0.15546934670579876,0.16238444493416213,0.16419777620957934,0.1829268198660962
2025-05-22,303.1099853515625,-0.008861493387459118,0.11713297523084973,0.24375288677742238,0.2116789763015127,0.2674793183145183,0.15546934670579876,0.16238444493416213,0.16419777620957934,0.1829268198660962
2025-05-23,309.75,0.021906288045034472,0.140671846487161,0.23990391379516707,0.19534162890476503,0.26160999347518415,0.14053280973284174,0.14950101798177318,0.15355780868996888,0.17159146936698658
2025-05-27,304.5,-0.016949152542372836,0.34775154189425117,0.2384085765110709,0.19534162890476503,0.2675617114953305,0.14053280973284174,0.14950101798177318,0.15355780868996888,0.17159146936698658
2025-05-28,303.80999755859375,-0.0022660178699712707,0.26905945536250003,0.2401352002079637,0.19856349706444393,0.2676518124766013,0.1513954065459114,0.158244436613448,0.16084723870233364,0.171358784626842
2025-05-29,305.6099853515625,0.0059247154716217665,0.035971918502233684,0.23394727244272404,0.19856349706444393,0.25964761099215417,0.1513954065459114,0.158244436613448,0.16084723870233364,0.171358784626842
2025-05-30,303.6000061035156,-0.006576942326457891,0.09405194236036772,0.22794570695455657,0.1972456641217454,0.2527896656352916,0.13442901878393526,0.14452565854670632,0.14857037511141383,0.14828624025383885
2025-06-02,311.6700134277344,0.026581051258171673,0.10440572269813299,0.22566411939779882,0.1972456641217454,0.24641934064681192,0.13442901878393526,0.14452565854670632,0.14857037511141383,0.14828624025383885
2025-06-03,308.9100036621094,-0.008855551213511115,0.42196110729469677,0.23944523444181517,0.18727474260837823,0.26031176024583097,0.1494708870119591,0.16307156680345047,0.1575817771566534,0.16559270822011574
2025-06-04,310.8999938964844,0.006441974072654677,0.14057751740007995,0.23084649241466842,0.18727474260837823,0.2547198501782854,0.1494708870119591,0.16307156680345047,0.1575817771566534,0.16559270822011574
2025-06-05,309.3299865722656,-0.00504987891618125,0.10226316809142127,0.23423337217907278,0.20105385642527504,0.24822718481915504,0.1362280609748429,0.15026310885207128,0.14767297111056032,0.16568026118120865
2025-06-06,305.17999267578125,-0.013416073696802311,0.08016434257922385,0.21632557374388608,0.20105385642527504,0.2414649259737694,0.1362280609748429,0.15026310885207128,0.14767297111056032,0.16568026118120865
2025-06-09,306.6199951171875,0.004718534884218695,0.2129735674359233,0.20578495170709654,0.17662752799456913,0.23985090425631062,0.12936343062643088,0.1383308325678849,0.140627109092727,0.14477622303844576
2025-06-10,306.7099914550781,0.000293510988597534,0.07490441913735371,0.1983711770482383,0.17662752799456913,0.2332667769241774,0.12936343062643088,0.1383308325678849,0.140627109092727,0.14477622303844576
2025-06-11,308.3699951171875,0.005412290790508978,0.004659342497362738,0.18437219804597244,0.1551729552741411,0.22616341090448028,0.11749926965952172,0.12774106771553764,0.13151029502748982,0.13903357259875143
2025-06-12,312.20001220703125,0.0124202002480438,0.08591745272911162,0.18304279209731175,0.1551729552741411,0.2202811922226666,0.11749926965952172,0.12774106771553764,0.13151029502748982,0.13903357259875143
2025-06-13,316.2900085449219,0.013100564311248064,0.19716456653967984,0.17166339060352967,0.1363650710799678,0.21896302748670565,0.11667269216322751,0.12821406178172912,0.1301790722287173,0.15253444769953714
2025-06-16,311.7799987792969,-0.01425909653729851,0.20796501121302333,0.17804319058934012,0.1363650710799678,0.21831877087210153,0.11667269216322751,0.12821406178172912,0.1301790722287173,0.15253444769953714
2025-06-17,311.94000244140625,0.0005131941200071655,0.2263561401489246,0.17315187122928946,0.1401643425873022,0.2188093387019531,0.1225946419271064,0.13029484870169328,0.13312143810484217,0.14252081726925844
2025-06-18,310.260009765625,-0.005385627565021256,0.008146704095037581,0.16200308932834595,0.1401643425873022,0.21215291001598727,0.1225946419271064,0.13029484870169328,0.13312143810484217,0.14252081726925844
2025-06-20,310.1300048828125,-0.00041901914110908933,0.08549418714636352,0.15716755572697674,0.14388618466072298,0.2067531889879949,0.11270828332838777,0.11983151092218972,0.12427138274510635,0.13671534666163812
2025-06-23,311.0799865722656,0.0030631724583116693,0.006651722651703191,0.14817561970940607,0.14388618466072298,0.2004612755924628,0.11270828332838777,0.11983151092218972,0.12427138274510635,0.13671534666163812
2025-06-24,306.19000244140625,-0.015719378751237634,0.048626355285570265,0.13694868212640782,0.12346325639244732,0.19471905653307123,0.10375544416596436,0.1105620593472038,0.11526909235801093,0.12584904406817876
2025-06-25,307.1199951171875,0.003037305817845004,0.24953740164124702,0.14296706514506224,0.12346325639244732,0.19843567019962294,0.10375544416596436,0.1105620593472038,0.11526909235801093,0.12584904406817876
2025-06-26,306.7799987792969,-0.0011070472235482631,0.04821573509800517,0.13876451462737335,0.12872002594898174,0.1927526853815053,0.10730856467412123,0.10757314164387873,0.11655926179677399,0.136336568988507
2025-06-27,301.2200012207031,-0.018123728993798327,0.017573829858679394,0.12375643680757462,0.12872002594898174,0.18693023358523034,0.10730856467412123,0.10757314164387873,0.11655926179677399,0.136336568988507
2025-06-30,304.8299865722656,0.01198454729743359,0.28770527848032756,0.12460397422202131,0.11470027313932042,0.194455128835579,0.11462996454024629,0.10688626946603291,0.12045272468028148,0.11980193923777263
2025-07-01,307.54998779296875,0.008923010663382636,0.1902487903482031,0.13161655930592905,0.11470027313932042,0.19420531773453376,0.11462996454024629,0.10688626946603291,0.12045272468028148,0.11980193923777263
2025-07-02,309.25,0.005527596405484614,0.1416484029677276,0.13378003478808176,0.1284111297078738,0.19145918445973648,0.11427231706765646,0.11243502727899142,0.12025225377293465,0.13176478152753976
2025-07-03,307.1400146484375,-0.006822911403597365,0.08774787262108101,0.1330228597845794,0.1284111297078738,0.1868668068548282,0.11427231706765646,0.11243502727899142,0.12025225377293465,0.13176478152753976
2025-07-07,307.3699951171875,0.000748780548875283,0.10831036074807165,0.11876600766882368,0.11903698576113736,0.1831063061409823,0.10852207744542973,0.10777495272854529,0.11642436698694751,0.12582015345384814
2025-07-08,304.1600036621094,-0.010443411868664265,0.011886522713318663,0.11291641700124364,0.11903698576113736,0.17755202491949307,0.10852207744542973,0.10777495272854529,0.11642436698694751,0.12582015345384814
2025-07-09,305.5199890136719,0.004471282664348264,0.1657840238610359,0.11580372862713521,0.09949409010251929,0.1768680265448929,0.10597894741418176,0.1036241030107166,0.11449690798118713,0.12091101282434277
2025-07-10,306.20001220703125,0.0022257895319868215,0.07097941182803877,0.11538623177480861,0.09949409010251929,0.17235905981194927,0.10597894741418176,0.1036241030107166,0.11449690798118713,0.12091101282434277
2025-07-11,309.1400146484375,0.009601575193336043,0.03533331343444785,0.10731167477474156,0.100127788475673,0.16733228424783717,0.10034267614136365,0.10018208940188414,0.11002340976737267,0.12332207964254806
2025-07-14,308.010009765625,-0.0036553174266280575,0.1524202809363245,0.11083512303833114,0.100127788475673,0.16647523621531676,0.10034267614136365,0.10018208940188414,0.11002340976737267,0.12332207964254806
2025-07-15,306.7300109863281,-0.004155705135267751,0.05802636524315057,0.1132608967995033,0.10385390034702292,0.16202835418644687,0.09945016491176963,0.10100840225746294,0.10836564303396373,0.11397302680341265
2025-07-16,308.260009765625,0.004988096125243757,0.06596977386019502,0.11235418412364347,0.10385390034702292,0.15792123660399976,0.09945016491176963,0.10100840225746294,0.10836564303396373,0.11397302680341265
2025-07-17,307.5899963378906,-0.0021735334020257513,0.07918357117847925,0.10699141160722525,0.09348324605388793,0.15433396330354157,0.09663242773531885,0.09865578782969658,0.10483157331131444,0.11957166135831901
2025-07-18,308.3900146484375,0.002600924347578637,0.03450377308831387,0.09910680987428391,0.09348324605388793,0.149870826102614,0.09663242773531885,0.09865578782969658,0.10483157331131444,0.11957166135831901
2025-07-21,313.1300048828125,0.015370115792427752,0.04128839401551596,0.09069463959549261,0.07953960030684283,0.14565669409437385,0.09349840025612982,0.09568217363123532,0.10037022105222981,0.11622550940690746
2025-07-22,316.1000061035156,0.009484882235462067,0.24399302405418177,0.1014149268663628,0.07953960030684283,0.15334560942413106,0.09349840025612982,0.09568217363123532,0.10037022105222981,0.11622550940690746
2025-07-23,312.17999267578125,-0.01240118112003663,0.15056783765860204,0.10437282007146456,0.09790927265008974,0.15318036361789292,0.10190353535157036,0.10761061215613274,0.1054953611513617,0.11094121725855029
2025-07-24,310.2699890136719,-0.006118276977772341,0.1968626472425182,0.11301877118922886,0.09790927265008974,0.15614629192838117,0.10190353535157036,0.10761061215613274,0.1054953611513617,0.11094121725855029
2025-07-25,307.3999938964844,-0.0092499926477293,0.09712463601238484,0.11522323849499318,0.1129177476275202,0.1532473696649849,0.10309832620708577,0.104521372366438,0.10580252514502259,0.0996296774667021
2025-07-28,305.4100036621094,-0.00647361832754334,0.14683908105040572,0.1105551330135913,0.1129177476275202,0.1528704480078017,0.10309832620708577,0.104521372366438,0.10580252514502259,0.0996296774667021
2025-07-29,306.25,0.002750389076383808,0.10276550506457734,0.11303466801207183,0.10468513721601094,0.1503358120460002,0.10214381250975865,0.10131830670666357,0.10441032650003054,0.1290644938685968
2025-07-30,300.9599914550781,-0.017273497289540862,0.04366107302868113,0.11422045179252648,0.10468513721601094,0.14614780996785215,0.10214381250975865,0.10131830670666357,0.10441032650003054,0.1290644938685968
2025-07-31,302.9599914550781,0.0066454015709211944,0.27420826860284037,0.1136069513435498,0.09321841595706472,0.15680893434720328,0.106798961585727,0.10047002927309853,0.10801292357699244,0.12901269673207397
2025-08-01,309.1099853515625,0.020299689958884537,0.10549247951289265,0.10975439176012657,0.09321841595706472,0.15421225363655727,0.106798961585727,0.10047002927309853,0.10801292357699244,0.12901269673207397
2025-08-04,310.9100036621094,0.005823229257701401,0.3222475879375408,0.1179634456223908,0.10598151079539292,0.1690714183333768,0.11452697514619485,0.1149244776204503,0.11446816408132152,0.1426089859311197
2025-08-05,311.1600036621094,0.0008040912066364925,0.092440898659159,0.11817676498775799,0.10598151079539292,0.1654773549828462,0.11452697514619485,0.1149244776204503,0.11446816408132152,0.1426089859311197
2025-08-06,310.5,-0.00212110700071233,0.012764552185044051,0.11383377368943857,0.12847390620556964,0.16046671224568926,0.10915095839114065,0.11068417551185468,0.10992537136480947,0.13244353526749245
2025-08-07,313.1199951171875,0.008437987494967825,0.033671529768257574,0.11482400128284488,0.12847390620556964,0.15579672047132592,0.10915095839114065,0.11068417551185468,0.10992537136480947,0.13244353526749245
2025-08-08,313.04998779296875,-0.00022357985855403495,0.13394889886534647,0.11337695014667717,0.1096243344705561,0.15457295841601004,0.10572575245960548,0.1085028220124146,0.10681019571366977,0.11343179865388087
2025-08-11,308.54998779296875,-0.014374701087597641,0.003549220223381842,0.11031194143737459,0.1096243344705561,0.14986656506012458,0.10572575245960548,0.1085028220124146,0.10681019571366977,0.11343179865388087
2025-08-12,308.2699890136719,-0.0009074665058316222,0.22819130549203834,0.1190782138036287,0.0968973911956822,0.15568129109714812,0.10695982040626216,0.10545221116055754,0.1076091370665913,0.11187506875401212
2025-08-13,309.2099914550781,0.0030492830145867345,0.014405584185307305,0.11280481849676428,0.0968973911956822,0.15097985224909208,0.10695982040626216,0.10545221116055754,0.1076091370665913,0.11187506875401212
2025-08-14,307.25,-0.006338706734070332,0.048405867201899044,0.11236752313125285,0.10845257649483453,0.14685982608195572,0.10136148597658456,0.10109811582878427,0.10301897469542903,0.09743579013052912
2025-08-15,307.42999267578125,0.0005858183101099534,0.10062384991272318,0.11394270840636776,0.10845257649483453,0.14450345863019487,0.10136148597658456,0.10109811582878427,0.10301897469542903,0.09743579013052912
2025-08-18,306.95001220703125,-0.0015612675411803556,0.009299577372114313,0.11076616323335119,0.1088762846657867,0.14011981840939247,0.09720734942181998,0.09686998150339478,0.09952752325762518,0.08816489973917953
2025-08-19,305.2699890136719,-0.005473279447945512,0.024784353864003093,0.11032437145042796,0.1088762846657867,0.13598678447629986,0.09720734942181998,0.09686998150339478,0.09952752325762518,0.08816489973917953
2025-08-20,308.3599853515625,0.010122175284489776,0.0868856176513483,0.11239697252478398,0.09446481533010626,0.13355076881976674,0.09478438461414922,0.09418967605633723,0.09802667040643834,0.08901404018305129
2025-08-21,307.2900085449219,-0.0034698951143765644,0.16068455117858654,0.10861022375771147,0.09446481533010626,0.13533229799444613,0.09478438461414922,0.09418967605633723,0.09802667040643834,0.08901404018305129
2025-08-22,310.5799865722656,0.01070642694476942,0.05508287728871048,0.10426999828635276,0.09515670227657574,0.1319014345253845,0.09512555602928734,0.09613633566124351,0.0978025824865651,0.09923957555244907
2025-08-25,309.8299865722656,-0.0024148368614391735,0.16995925875564571,0.10304711699149491,0.09515670227657574,0.1344889515992639,0.09512555602928734,0.09613633566124351,0.0978025824865651,0.09923957555244907
2025-08-26,312.0799865722656,0.007262047243691283,0.03833434675295877,0.10037483111606646,0.09950449947587833,0.13072954044358745,0.09557778648965624,0.09806279052456375,0.09784420263449838,0.10284105178517089
2025-08-27,312.7099914550781,0.0020187288833615202,0.11528142609605525,0.09894039225450509,0.09950449947587833,0.12985448937976882,0.09557778648965624,0.09806279052456375,0.09784420263449838,0.10284105178517089
2025-08-28,315.0299987792969,0.007419038046796889,0.0320463275390262,0.09572588418516183,0.09459505409768003,0.12614307406227251,0.09378860648156448,0.09682055735674956,0.09622703674733153,0.11923666181690447
2025-08-29,318.07000732421875,0.00964990177666114,0.11777357783490569,0.09909463440362659,0.09459505409768003,0.1256566256271799,0.09378860648156448,0.09682055735674956,0.09622703674733153,0.11923666181690447
2025-09-02,325.5899963378906,0.023642559312442524,0.15318744166347442,0.0935936877245645,0.0851835924666462,0.1274762560133169,0.095704793389929,0.10010004958740874,0.09696108893103363,0.139957334918473
2025-09-03,328.1400146484375,0.007831992196408066,0.37531399378690294,0.10585830200974679,0.0851835924666462,0.15403512499517402,0.095704793389929,0.10010004958740874,0.09696108893103363,0.139957334918473
2025-09-04,326.69000244140625,-0.004418882618094533,0.12432902173136572,0.09686200354582973,0.11025040469223722,0.15241611754346338,0.11112418643539958,0.12013747701208184,0.10818205205250118,0.13507568285712168
2025-09-05,331.04998779296875,0.01334594055214322,0.07014758688158484,0.09584867119230366,0.11025040469223722,0.14876852338623264,0.11112418643539958,0.12013747701208184,0.10818205205250118,0.13507568285712168
2025-09-08,334.82000732421875,0.011388067271604019,0.2118602382793381,0.10489847510568064,0.11332176164294637,0.1532880777207266,0.11104820261430402,0.12069663937068238,0.10881630768952394,0.13914223127121747
2025-09-09,334.05999755859375,-0.002269905468609168,0.18077996348602854,0.11158522209285206,0.11332176164294637,0.15507509276772066,0.11104820261430402,0.12069663937068238,0.10881630768952394,0.13914223127121747
2025-09-10,335.260009765625,0.0035922056391106683,0.03603363221739234,0.10713452815430867,0.10993256867706293,0.15060973637898992,0.1084010490500069,0.11809078265357462,0.10744559062351916,0.16722080376556198
2025-09-11,334.760009765625,-0.0014913797811720864,0.057024496675743996,0.10956522253850697,0.10993256867706293,0.14668811377847635,0.1084010490500069,0.11809078265357462,0.10744559062351916,0.16722080376556198
2025-09-12,335.4200134277344,0.0019715725978484144,0.02367492006798762,0.10026902320105009,0.10330998528375863,0.14233758699257032,0.10287455788368394,0.11163670906806582,0.10391274075401065,0.15645955671361422
2025-09-15,338.9100036621094,0.01040483601055886,0.03129774471369878,0.10103684867961336,0.10330998528375863,0.1382141898650978,0.10287455788368394,0.11163670906806582,0.10391274075401065,0.15645955671361422
2025-09-16,339.5899963378906,0.0020064107533963593,0.165171651098089,0.10634438431125835,0.09030254871356187,0.13997811615695332,0.1017431326137899,0.11060429098863533,0.10279183691361585,0.15049824922147437
2025-09-17,336.9700012207031,-0.007715171664187115,0.031850783287995066,0.10321833582831617,0.09030254871356187,0.13593788642774343,0.1017431326137899,0.11060429098863533,0.10279183691361585,0.15049824922147437
2025-09-18,335.6199951171875,-0.0040063094596702875,0.12247455327366863,0.10836265291475046,0.09638165884594353,0.13516790817509394,0.09916922124204049,0.10586357818032352,0.100733596752057,0.1182884728570868
2025-09-19,339.17999267578125,0.010607227252210416,0.06359819103271881,0.11012691824060118,0.09638165884594353,0.13197282065093116,0.09916922124204049,0.10586357818032352,0.100733596752057,0.1182884728570868
2025-09-22,345.04998779296875,0.01730643093326134,0.1683845124557746,0.11383141345898418,0.10119238826819764,0.1344359197135468,0.09930257454900075,0.10608588370741137,0.10037852490193962,0.11748148818562298
2025-09-23,346.4599914550781,0.004086375052867464,0.27473107398914987,0.11901534631400978,0.10119238826819764,0.1466876453542952,0.09930257454900075,0.10608588370741137,0.10037852490193962,0.11748148818562298
2025-09-24,343.32000732421875,-0.009063049726670935,0.06486919292175437,0.1194601788427845,0.11797266667132829,0.14310384380942187,0.10457653135440226,0.11329468814571103,0.10403494017681743,0.11607516199425975
2025-09-25,344.75,0.004165188877066628,0.14387145417949926,0.11827436954386877,0.11797266667132829,0.14315001650685535,0.10457653135440226,0.11329468814571103,0.10403494017681743,0.11607516199425975
2025-09-26,346.739990234375,0.00577227044053652,0.06612032359398409,0.1195373684911881,0.11784262655163921,0.13973090361079243,0.10233013477381142,0.10888107715450729,0.10242941184775867,0.1342078106196502
2025-09-29,352.4599914550781,0.016496514338703028,0.09163195251521328,0.11846239241933164,0.11784262655163921,0.13732088982292634,0.10233013477381142,0.10888107715450729,0.10242941184775867,0.1342078106196502
2025-09-30,355.4700012207031,0.008540004081594166,0.26187404663771613,0.12890910692381755,0.1108021753358038,0.14778459376064687,0.10758955816576543,0.11605992927039027,0.10612887017430207,0.1443825305815951
2025-10-01,356.0299987792969,0.0015753722020723782,0.1355683619722483,0.1297179607482422,0.1108021753358038,0.14708023602744788,0.10758955816576543,0.11605992927039027,0.10612887017430207,0.1443825305815951
2025-10-02,354.7900085449219,-0.003482825151325697,0.025008258414286236,0.12389163423691549,0.12091167658325397,0.14273109282644525,0.10407332759598881,0.11221138994349576,0.10397090116229456,0.1378732466030309
2025-10-03,357.6400146484375,0.008032937892485048,0.05528813526197217,0.10934500430396409,0.12091167658325397,0.13904402771032714,0.10407332759598881,0.11221138994349576,0.10397090116229456,0.1378732466030309
2025-10-06,364.3800048828125,0.01884573861512795,0.12751893576445647,0.1094900003963773,0.10202239327063928,0.13837959344536888,0.10139985031988151,0.10909938831575991,0.10205514237512017,0.1355308511085333
2025-10-07,366.260009765625,0.005159462258136571,0.2991668258937321,0.11989996580602034,0.10202239327063928,0.15287257619370156,0.10139985031988151,0.10909938831575991,0.10205514237512017,0.1355308511085333
2025-10-08,372.29998779296875,0.01649095687844504,0.08190392420311864,0.11399286062073766,0.11052357667735989,0.14956710282333263,0.10814320693928074,0.11789019716206979,0.10703350266511193,0.138252410780191
2025-10-09,365.42999267578125,-0.018452848086064955,0.2617858246911336,0.11767494522096972,0.11052357667735989,0.15855600976532064,0.10814320693928074,0.11789019716206979,0.10703350266511193,0.138252410780191
2025-10-10,369.1199951171875,0.010097700011942212,0.29292988209949244,0.1293520474883379,0.12466775044880653,0.16964693539332734,0.12053375885773844,0.12446755886936078,0.11650449718237918,0.15227027090101725
2025-10-13,378.0899963378906,0.02430104394061705,0.16029601827199824,0.1340462075608949,0.12466775044880653,0.16910046284820845,0.12053375885773844,0.12446755886936078,0.11650449718237918,0.15227027090101725
2025-10-14,380.7900085449219,0.007141189222626965,0.3857671131967547,0.1505049436122025,0.14040580645525627,0.18923066474754852,0.13301280318436104,0.14141561875667916,0.1267594569788157,0.1706147062662343
2025-10-15,387.3900146484375,0.017332403569977117,0.1133628644899537,0.15423517632930497,0.14040580645525627,0.18555543148793358,0.13301280318436104,0.14141561875667916,0.1267594569788157,0.1706147062662343
2025-10-16,396.45001220703125,0.02338727694573084,0.2751433768150053,0.15923389113461936,0.15183975890611898,0.19211247157252093,0.13223834968316123,0.14277550345720857,0.12821474177323033,0.22966901806901616
2025-10-17,388.989990234375,-0.01881705572696646,0.3712615118483883,0.17466165152372815,0.15183975890611898,0.20727488087194157,0.13223834968316123,0.14277550345720857,0.12821474177323033,0.22966901806901616
2025-10-20,403.1499938964844,0.03640197438905224,0.29871149915998185,0.18267242179128784,0.17469646212485504,0.21386635371154844,0.1470052521480773,0.1538901748530471,0.14150066447123275,0.2455459917729572
2025-10-21,377.239990234375,-0.06426889260666147,0.5778634287910477,0.2060481144166664,0.17469646212485504,0.2510578753095181,0.1470052521480773,0.1538901748530471,0.14150066447123275,0.2455459917729572
2025-10-22,377.2799987792969,0.00010605594835544352,1.0202370412484638,0.2447686839072432,0.29374373985738517,0.3488570919011953,0.2804117914689482,0.22827724739006391,0.23844520168631478,0.27794745038675833
2025-10-23,378.7900085449219,0.004002358382396931,0.0016835859864456793,0.23235743445257484,0.29374373985738517,0.33822975091390156,0.2804117914689482,0.22827724739006391,0.23844520168631478,0.27794745038675833
2025-10-24,377.5199890136719,-0.0033528327110016187,0.06353546962546221,0.23229681066637972,0.2911746940712049,0.32829500132215655,0.23419789765412138,0.1969104417675008,0.21497692745199887,0.21992586950726914
2025-10-27,367.010009765625,-0.027839530498784404,0.05322456924547667,0.22817649771483325,0.2911746940712049,0.31856070489909744,0.23419789765412138,0.1969104417675008,0.21497692745199887,0.21992586950726914
2025-10-28,364.3800048828125,-0.007166030388359279,0.44193884589948895,0.24525915781962893,0.28058965532949054,0.3272776557517479,0.22172983088438836,0.18447289109855666,0.2122649294246977,0.19791336457121278
2025-10-29,363.0,-0.0037872684129753864,0.11375720577078156,0.2462648511494275,0.28058965532949054,0.31852859562209573,0.22172983088438836,0.18447289109855666,0.2122649294246977,0.19791336457121278
2025-10-30,370.1300048828125,0.01964188672951095,0.06012102221389884,0.2370942591301631,0.23949532222512904,0.30917585690666105,0.1946473141084121,0.16568922162287752,0.1961157890170907,0.15779931756727855
2025-10-31,368.1199951171875,-0.005430550723012573,0.3118052853983147,0.24510502837680245,0.23949532222512904,0.30933425291174843,0.1946473141084121,0.16568922162287752,0.1961157890170907,0.15779931756727855
2025-11-03,368.7799987792969,0.0017929035935666526,0.08620732017127965,0.24788680391121123,0.2494919062007957,0.30065315788474295,0.18244657639745443,0.16477985964951516,0.1884171683571569,0.10748516803209342
2025-11-04,362.32000732421875,-0.017517195825319742,0.028461462199748325,0.24666740968111014,0.2494919062007957,0.2915774088559279,0.18244657639745443,0.16477985964951516,0.1884171683571569,0.10748516803209342
2025-11-05,366.510009765625,0.011564369498527016,0.2780768629260893,0.2535109518248207,0.23690313952632328,0.2907850524623259,0.169799598690045,0.15293811053221798,0.18023836005439892,0.1435397350674413
2025-11-06,366.07000732421875,-0.0012005195756799036,0.1835786745741793,0.2482569449466592,0.23690313952632328,0.28549020599118863,0.169799598690045,0.15293811053221798,0.18023836005439892,0.1435397350674413
2025-11-07,368.30999755859375,0.006119021470095687,0.01905765744788287,0.24540029645778488,0.23115591301069904,0.2768323859528034,0.151947424896588,0.14408361062639327,0.16777970544791873,0.14463269885172003
2025-11-10,378.3800048828125,0.02734111859838051,0.09713645446162826,0.23791623417462554,0.23115591301069904,0.2694515339809835,0.151947424896588,0.14408361062639327,0.16777970544791873,0.14463269885172003
2025-11-11,379.8699951171875,0.003937814406542062,0.4340268022658262,0.24432973054582255,0.24033235152954863,0.282047225336341,0.16228309541685734,0.16400061627899426,0.17212888711994212,0.177945586638167
2025-11-12,385.989990234375,0.016110762091908537,0.06251086577302616,0.23988495088677836,0.24033235152954863,0.2738832882472288,0.16228309541685734,0.16400061627899426,0.17212888711994212,0.177945586638167
2025-11-13,382.8699951171875,-0.008083098515826892,0.2557504195615003,0.23397510117608497,0.23544277607668654,0.27282930354454366,0.1523866846671244,0.15975784634786758,0.16510468624768784,0.18980587731529186
2025-11-14,375.9599914550781,-0.018047911171504505,0.12831521097427948,0.23465475328900887,0.23544277607668654,0.26637861539974844,0.1523866846671244,0.15975784634786758,0.16510468624768784,0.18980587731529186
2025-11-17,371.6499938964844,-0.011463979297139493,0.2865017078639119,0.23517104106395917,0.24134212131159066,0.26762867270583357,0.147767344740786,0.14900441018237165,0.1618202319429702,0.21032947418210485
2025-11-18,374.3500061035156,0.007264932736103624,0.18198502953254483,0.22656756459505722,0.24134212131159066,0.2632768754096468,0.147767344740786,0.14900441018237165,0.1618202319429702,0.21032947418210485
2025-11-19,374.9599914550781,0.0016294519610446923,0.11532723186805337,0.21823191608178777,0.22407326140389364,0.25681482153987834,0.1375113048793821,0.1398397633490263,0.15352991561020785,0.1873489049722078
2025-11-20,374.8500061035156,-0.0002933255655774847,0.025866747973504578,0.1931411578628085,0.22407326140389364,0.24907181038377155,0.1375113048793821,0.1398397633490263,0.15352991561020785,0.1873489049722078
2025-11-21,374.2699890136719,-0.0015473311468576778,0.004656398998172356,0.14697840139688617,0.14480548356051792,0.24148677323463552,0.12212114324909182,0.12730196939471408,0.14013508558284005,0.1428736599162738
2025-11-24,380.20001220703125,0.01584423909859023,0.02456312046269867,0.14801838023671585,0.14480548356051792,0.2342074097069766,0.12212114324909182,0.12730196939471408,0.14013508558284005,0.1428736599162738
2025-11-25,380.0799865722656,-0.00031569077041548876,0.2515194982074957,0.15656310880862645,0.13762133026930165,0.23528205965322882,0.12242237963993874,0.12996824596376677,0.13727293101769672,0.15801622242371885
2025-11-26,383.1199951171875,0.007998338908444147,0.005011435618306621,0.1543716027346642,0.13762133026930165,0.22811772313479498,0.12242237963993874,0.12996824596376677,0.13727293101769672,0.15801622242371885
2025-11-28,387.8800048828125,0.012424331348639184,0.1269696939201302,0.14005482309923878,0.127777976532227,0.2233443799654719,0.11311782163517349,0.12196190514116319,0.12694705367422215,0.1473297296566244
2025-12-01,389.75,0.004821066034977672,0.19723014572857808,0.14384904764277498,0.127777976532227,0.22186422235565242,0.11311782163517349,0.12196190514116319,0.12694705367422215,0.1473297296566244
2025-12-02,387.239990234375,-0.006440050713598433,0.07653205069662687,0.144595003482899,0.13657190155155052,0.21592067631150924,0.11085695366038997,0.12064948586305337,0.12290443552999625,0.12479068908217779
2025-12-03,386.8800048828125,-0.0009296182229129313,0.10223263571295305,0.13506897395174616,0.13657190155155052,0.21083530268809209,0.11085695366038997,0.12064948586305337,0.12290443552999625,0.12479068908217779
2025-12-04,387.1300048828125,0.0006461951944911615,0.014757231792368538,0.13182124266179568,0.12293074723255669,0.20444436876914723,0.10311547683371962,0.11139538853909459,0.11394705692136843,0.11728523970931357
2025-12-05,386.44000244140625,-0.0017823532991587676,0.010258030698171772,0.13099381395717857,0.12293074723255669,0.19823209517572687,0.10311547683371962,0.11139538853909459,0.11394705692136843,0.11728523970931357
2025-12-08,385.4200134277344,-0.002639449868615862,0.02829398146817765,0.11964004661818257,0.10336730754561141,0.19231806651360717,0.09534177008214348,0.1026870000570992,0.10446994062627027,0.11450454742846614
2025-12-09,387.3999938964844,0.005137202012788666,0.04189996770227807,0.11320010539673252,0.10336730754561141,0.18674153480864242,0.09534177008214348,0.1026870000570992,0.10446994062627027,0.11450454742846614
2025-12-10,389.04998779296875,0.004259147967166088,0.08155055376323561,0.1160406915928849,0.09702902498932879,0.18215127323867816,0.09151562130338944,0.09788025954588675,0.09874128545386938,0.10903857669187568
2025-12-11,393.239990234375,0.010769830543307712,0.06761187790888658,0.1146986653859421,0.09702902498932879,0.1773770648195117,0.09151562130338944,0.09788025954588675,0.09874128545386938,0.10903857669187568
2025-12-12,395.44000244140625,0.005594579039939429,0.17096575967939912,0.10274134526837725,0.09197731904664427,0.1769989355773401,0.09485585793122292,0.10136268806689719,0.09925410472405745,0.12427972062742869
2025-12-15,395.79998779296875,0.0009103412637567754,0.08881118897864534,0.10393681450499631,0.09197731904664427,0.1729802053445675,0.09485585793122292,0.10136268806689719,0.09925410472405745,0.12427972062742869
2025-12-16,395.8900146484375,0.00022745542760316262,0.01445121955260411,0.09296866905004647,0.08930117334933027,0.16774788409806923,0.09094647555705225,0.09700910194046818,0.09490539076990351,0.12987017169721543
2025-12-17,399.2900085449219,0.008588228474273762,0.0036107429747389477,0.08730028414097644,0.08930117334933027,0.16264001263559436,0.09094647555705225,0.09700910194046818,0.09490539076990351,0.12987017169721543
2025-12-18,398.57000732421875,-0.0018032036998043566,0.13633390047319233,0.08047447471412555,0.0805144969272191,0.16118276344756585,0.09108566394659307,0.0968051936986175,0.09372624441668104,0.12334507153662518
2025-12-19,399.0199890136719,0.0011289903434381632,0.028624971317243383,0.07350356297706641,0.0805144969272191,0.15642970810435308,0.09108566394659307,0.0968051936986175,0.09372624441668104,0.12334507153662518
2025-12-22,408.2300109863281,0.02308160549906857,0.017922166087984696,0.06907605998706329,0.06729530311451634,0.1517277515986889,0.08666665416523452,0.0916066560122282,0.08932592476525085,0.13815027094684473
2025-12-23,413.6400146484375,0.013252341857567629,0.366409128063818,0.08455525908207752,0.06729530311451634,0.17232344853963166,0.08666665416523452,0.0916066560122282,0.08932592476525085,0.13815027094684473
2025-12-24,411.92999267578125,-0.004134082564786756,0.21037440506601424,0.0939060775397067,0.11361670594493613,0.1748401901165987,0.11759042580766221,0.12666722793521326,0.11385715363864791,0.14472842352654797
2025-12-26,416.739990234375,0.011676735474757116,0.06562652619500296,0.09577259598208418,0.11361670594493613,0.17027435805673527,0.11759042580766221,0.12666722793521326,0.11385715363864791,0.14472842352654797
2025-12-29,398.6000061035156,-0.0435283019531133,0.18536242914775833,0.09276545647936883,0.11350966221469709,0.17121714107912428,0.11367687969411384,0.12317870647984448,0.1117820106539384,0.10862106349213867
2025-12-30,398.8900146484375,0.0007275678386380324,0.6909903717651894,0.12394631721331804,0.11350966221469709,0.23707478243727637,0.11367687969411384,0.12317870647984448,0.1117820106539384,0.10862106349213867
2025-12-31,396.30999755859375,-0.006467991163222386,0.011549781377790029,0.11869995755230259,0.18163586850968355,0.22986993967592523,0.16969012501670347,0.13623495061313193,0.1573941375242636,0.15074488522751314
2026-01-02,398.2799987792969,0.004970859258759619,0.10267617660029889,0.11440204986465355,0.18163586850968355,0.22428179072562274,0.16969012501670347,0.13623495061313193,0.1573941375242636,0.15074488522751314
2026-01-05,408.760009765625,0.026313174195160993,0.07890994440588493,0.1145101359423471,0.17425064585765854,0.21830664009964262,0.1480808300313593,0.12453187361003427,0.1440013315279907,0.17375653566560006
2026-01-06,413.17999267578125,0.010813149047262716,0.41770869075070893,0.12884995662588145,0.17425064585765854,0.23508967392171756,0.1480808300313593,0.12453187361003427,0.1440013315279907,0.17375653566560006
2026-01-07,409.2300109863281,-0.009559953917111952,0.17165341961119296,0.1359816015267371,0.16152402419228143,0.23177363802942583,0.1574327634916996,0.152075431201743,0.15356268243470605,0.1611842249984442
2026-01-08,411.489990234375,0.005522515913727544,0.1517595636594961,0.1424134893886155,0.16152402419228143,0.22776684578313594,0.1574327634916996,0.152075431201743,0.15356268243470605,0.1611842249984442
2026-01-09,414.4700012207031,0.007242001159325273,0.0876672223147183,0.14511227306345822,0.16662391947653377,0.2218697915170553,0.14077830466145638,0.13897313869910763,0.14241715029876342,0.15180155098811915
2026-01-12,422.2300109863281,0.018722729613168898,0.11496320437209677,0.14843332927572273,0.16662391947653377,0.21694613254474557,0.14077830466145638,0.13897313869910763,0.14241715029876342,0.15180155098811915
2026-01-13,421.6300048828125,-0.0014210408732292512,0.2972141185244967,0.15823621858305278,0.15949033436744695,0.2225800100987791,0.14083337113837233,0.14540133012881926,0.14249264986081706,0.156264060649644
2026-01-14,425.94000244140625,0.010222226854541994,0.022558324520535973,0.1561883297926732,0.15949033436744695,0.21587005795651387,0.14083337113837233,0.14540133012881926,0.14249264986081706,0.156264060649644
2026-01-15,423.3299865722656,-0.006127660830587689,0.16227282061442488,0.15579319619881074,0.1576965649596698,0.21303482603891183,0.12798480956986885,0.13601335837700884,0.13306026972622292,0.16014974132634452
2026-01-16,421.2900085449219,-0.004818883830700504,0.0972736000577191,0.15617785124785954,0.1576965649596698,0.2079147327035653,0.12798480956986885,0.13601335837700884,0.13306026972622292,0.16014974132634452
2026-01-20,437.2300109863281,0.03783617488689295,0.0764974092776629,0.1589981325989986,0.15780390258710889,0.20244983360885965,0.1165070773113789,0.12329656421946775,0.12339023643842434,0.17670914187450454
2026-01-21,443.6000061035156,0.014568979615140476,0.600630655875997,0.18613540136723758,0.15780390258710889,0.24530024481692123,0.1165070773113789,0.12329656421946775,0.12339023643842434,0.17670914187450454
2026-01-22,451.7900085449219,0.01846258414950319,0.23127538150578728,0.19045092323235552,0.20919080604295964,0.24448144229418692,0.16548563454018825,0.1805579428562557,0.16123516941302185,0.2017832869258073
2026-01-23,458.0,0.013745304981574558,0.2930844373151304,0.2024718080504413,0.20919080604295964,0.24766674046478404,0.16548563454018825,0.1805579428562557,0.16123516941302185,0.2017832869258073
2026-01-26,464.70001220703125,0.014628847613605389,0.2181999520559012,0.21157534377625567,0.22266235029169373,0.24599828986628244,0.1620626409313504,0.18006350540649693,0.16041955177939676,0.24310523759430358
2026-01-27,476.1000061035156,0.024531942321975864,0.2322257565183634,0.20547609961509866,0.22266235029169373,0.2451937544464356,0.1620626409313504,0.18006350540649693,0.16041955177939676,0.24310523759430358
2026-01-28,494.55999755859375,0.038773348494905324,0.38943251136797136,0.2136151044470058,0.21024642891434125,0.25614886187720715,0.17058909531949332,0.19141567778412694,0.16868991829027707,0.3813133091161492
2026-01-29,495.8999938964844,0.0027094717415592218,0.6155078256885602,0.23860970896944025,0.21024642891434125,0.29052796437444844,0.17058909531949332,0.19141567778412694,0.16868991829027707,0.3813133091161492
2026-01-30,444.95001220703125,-0.10274245274560045,0.043011530475136624,0.23213921357523015,0.2476476478438437,0.2818742764137514,0.19258416419659316,0.21791797316804928,0.18880338690265885,0.4103626045198765
2026-02-02,427.1300048828125,-0.04004945911975222,1.630985874321985,0.2748662818732663,0.2476476478438437,0.4840380321584457,0.19258416419659316,0.21791797316804928,0.18880338690265885,0.4103626045198765
2026-02-03,454.2900085449219,0.06358720612372104,0.635765453841073,0.3032397215306883,0.4693662781253554,0.49445637858069547,0.42255578234000946,0.29690281762186427,0.37296459410222227,0.6010551549514316
2026-02-04,453.9700012207031,-0.0007044119795716064,1.0094156038126159,0.344455150040339,0.4693662781253554,0.5394006631189947,0.42255578234000946,0.29690281762186427,0.37296459410222227,0.6010551549514316
2026-02-05,441.8800048828125,-0.026631707613677613,0.011182193510887088,0.34137661590874824,0.5353939077943892,0.5229755188705504,0.4176455238425179,0.3658809436696624,0.3831665513347608,0.4486888192777591
2026-02-06,455.4599914550781,0.03073229479090611,0.42276525200865833,0.34160645960229136,0.5353939077943892,0.5175104030220096,0.4176455238425179,0.3658809436696624,0.3831665513347608,0.4486888192777591
2026-02-09,467.0299987792969,0.02540290594406658,0.48786005541038,0.3559794885022544,0.42869759754011316,0.515779451143358,0.3793570066958336,0.344204856624535,0.36013669490398204,0.3697155710420186
2026-02-10,462.3999938964844,-0.009913720520981939,0.4032586302381878,0.3674112642558313,0.42869759754011316,0.5097291310687803,0.3793570066958336,0.344204856624535,0.36013669490398204,0.3697155710420186
2026-02-11,467.6300048828125,0.011310577541873812,0.15737543439549542,0.37057981935041207,0.3672605482993053,0.49570190788173896,0.3304246782919196,0.31159816804087886,0.32565921911652296,0.19098886433176332
2026-02-12,451.3900146484375,-0.03472828959819363,0.17954985216186212,0.37351557606812863,0.3672605482993053,0.4826090006968592,0.3304246782919196,0.31159816804087886,0.32565921911652296,0.19098886433176332
2026-02-13,462.6199951171875,0.024878663914389865,0.5512945064127095,0.385064684608502,0.37251008352090886,0.48700338671148247,0.30883393087212224,0.282896155432625,0.30937597505855446,0.31196022586625216
2026-02-17,448.20001220703125,-0.0311702543391007,0.39493654601419387,0.40199096740366824,0.37251008352090886,0.48197557331363156,0.30883393087212224,0.282896155432625,0.30937597505855446,0.31196022586625216
2026-02-18,458.2799987792969,0.022489929267582198,0.49481244770335453,0.4171064049986196,0.38504049419982467,0.48275541175513986,0.2979780389808372,0.27261232837599364,0.3013678916648414,0.29849415899190823
2026-02-19,459.55999755859375,0.0027930496262249527,0.35701655907273305,0.42891290313566566,0.38504049419982467,0.4761483694514455,0.2979780389808372,0.27261232837599364,0.3013678916648414,0.29849415899190823
2026-02-20,468.6199951171875,0.019714504323102178,0.0443382882627188,0.42745112490771375,0.4011644631537411,0.461770707793119,0.26062676295665355,0.2502174259166217,0.2721412046905555,0.26682020243535653
2026-02-23,481.2799987792969,0.027015500392687075,0.31295805395901677,0.41437509754785107,0.4011644631537411,0.45421891197249975,0.26062676295665355,0.2502174259166217,0.2721412046905555,0.26682020243535653
2026-02-24,474.6099853515625,-0.01385890426498504,0.4288577734981068,0.4233561153656836,0.37296099837078645,0.4527373081459687,0.25166152606468617,0.25640475925798883,0.2634584163704821,0.2859259538335911
2026-02-25,473.4200134277344,-0.0025072627221415233,0.2200032847740169,0.42003424479563306,0.37296099837078645,0.44224076326668915,0.25166152606468617,0.25640475925798883,0.2634584163704821,0.2859259538335911
2026-02-26,477.4800109863281,0.008575889154321725,0.03980156180573586,0.41192522705698914,0.34314846313821395,0.42887915429914764,0.21478972202638377,0.2218527077937987,0.23190284219325866,0.41015192528296496
2026-02-27,483.75,0.01313141674919538,0.13613801984154786,0.4075576026625885,0.34314846313821395,0.4171487778713892,0.21478972202638377,0.2218527077937987,0.23190284219325866,0.41015192528296496
2026-03-02,490.0,0.012919896640826822,0.2084547784819152,0.39933134207685866,0.3224795733573814,0.40765122394902076,0.18789462865861814,0.20061312289838967,0.20650653366542543,0.36511871424581754
2026-03-03,468.1400146484375,-0.04461221500318879,0.2050970008577194,0.3806763045845477,0.3224795733573814,0.3984126453183388,0.18789462865861814,0.20061312289838967,0.20650653366542543,0.36511871424581754
2026-03-04,471.79998779296875,0.007818116439543887,0.708196958005093,0.4109120058359093,0.3543761469596873,0.42343978754038114,0.24282017738157272,0.21264027569699162,0.24327779359253304,0.35337719265580425
2026-03-05,466.1300048828125,-0.012017768242597593,0.12410875091987322,0.3424175911358134,0.3543761469596873,0.4116641317569482,0.24282017738157272,0.21264027569699162,0.24327779359253304,0.35337719265580425
2026-03-06,473.510009765625,0.01583250339069653,0.1907761565035379,0.3221908048931981,0.2957421616729384,0.4018495345849061,0.2134953791815601,0.1883807673639761,0.2202617512378522,0.22405755933500188
2026-03-09,472.5299987792969,-0.0020696732193965506,0.2513331996202195,0.28773251379354375,0.2957421616729384,0.39444159031879417,0.2134953791815601,0.1883807673639761,0.2202617512378522,0.22405755933500188
2026-03-10,477.8599853515625,0.01127967872100144,0.03285504380216218,0.2887176433522381,0.2695050811269253,0.38250998067634895,0.189715967640922,0.17517819626624526,0.19929530980733873,0.17362847790853048
2026-03-11,476.239990234375,-0.003390104145245987,0.17905934858686157,0.27764010228761093,0.2695050811269253,0.37344181235766927,0.189715967640922,0.17517819626624526,0.19929530980733873,0.17362847790853048
2026-03-12,466.8800048828125,-0.019653925633074443,0.05381623492158044,0.2579108377199382,0.19637904782776153,0.3623051631048471,0.1666483893255371,0.15856095534346198,0.1783168545733424,0.16826326894983368
2026-03-13,460.8399963378906,-0.012936961278600778,0.31199639706763604,0.2537625543940041,0.19637904782776153,0.35948523536673277,0.1666483893255371,0.15856095534346198,0.1783168545733424,0.16826326894983368
2026-03-16,460.42999267578125,-0.0008896876689686861,0.2053678935842991,0.25594402981167697,0.1978449484952896,0.3521454453528966,0.16667728133653242,0.14886171711352733,0.17650114645271703,0.17583850802410722
2026-03-17,459.2699890136719,-0.002519392047785618,0.014123353899671405,0.24842464352703197,0.1978449484952896,0.34143520314892106,0.16667728133653242,0.14886171711352733,0.17650114645271703,0.17583850802410722
2026-03-18,444.739990234375,-0.03163716142328721,0.039994108881087016,0.22518371636650364,0.1834985443946212,0.33117863728975006,0.14347783309325282,0.12937071011434506,0.15303026391827224,0.19117096380585674
2026-03-19,426.4100036621094,-0.041215062676522196,0.5022243678841454,0.2300604355424105,0.1834985443946212,0.34384922764355286,0.14347783309325282,0.12937071011434506,0.15303026391827224,0.19117096380585674
2026-03-20,413.3800048828125,-0.0305574415876555,0.6542688366721072,0.2373084532228084,0.24841393313986943,0.36989514258559836,0.2284084209773431,0.17375891453240866,0.2197349925467832,0.34002335526370714
2026-03-23,404.0400085449219,-0.02259421410703788,0.4850843468599151,0.2431297163040439,0.24841393313986943,0.37779820133508524,0.2284084209773431,0.17375891453240866,0.2197349925467832,0.34002335526370714
2026-03-24,404.1300048828125,0.00022274115430986896,0.35867202957701727,0.25741761363651205,0.28926618823885364,0.3766780184244335,0.23794496664792916,0.18094529804094184,0.22953667402393035,0.3904247073142594
2026-03-25,416.2900085449219,0.030089336389747867,0.003535906206260257,0.24335297055684132,0.28926618823885364,0.36520391557083604,0.23794496664792916,0.18094529804094184,0.22953667402393035,0.3904247073142594
2026-03-26,400.6400146484375,-0.0375939695290467,0.4776534072134335,0.24557095390753794,0.28256172864023554,0.3729083434260089,0.2330077249786315,0.20322032393536982,0.2270411490074616,0.3534807738415747
2026-03-27,414.70001220703125,0.035093842463368,0.5967857650175855,0.2626974302822456,0.28256172864023554,0.3899822939577949,0.2330077249786315,0.20322032393536982,0.2270411490074616,0.3534807738415747
2026-03-30,414.5799865722656,-0.0002894276132928697,0.5570974782465005,0.28621088102955317,0.30554611023798905,0.4019732257758786,0.2727348161930829,0.2484502206148424,0.26053342456670603,0.3475300971057288
2026-03-31,430.2900085449219,0.037893826237359374,0.0045945209239674325,0.28023163107875404,0.30554611023798905,0.3897291269119833,0.2727348161930829,0.2484502206148424,0.26053342456670603,0.3475300971057288
2026-04-01,437.82000732421875,0.017499822514495555,0.6015458426924841,0.29809940672468893,0.3269037596686022,0.4055698569585748,0.27347107970012186,0.26828238983168523,0.2634652024339421,0.31516196696497656
2026-04-02,429.4100036621094,-0.019208815315471695,0.27780107016674555,0.30140413714782655,0.3269037596686022,0.3990590187129496,0.27347107970012186,0.26828238983168523,0.2634652024339421,0.31516196696497656
2026-04-06,427.6499938964844,-0.004098669687746526,0.30493048982944093,0.28307384313984235,0.292830123848006,0.3940458991143431,0.25206656440309744,0.2498518629864426,0.24900847062574855,0.2820619075162129
2026-04-07,431.80999755859375,0.009727589667910319,0.0650643641998564,0.28039000737984154,0.292830123848006,0.38237395656820705,0.25206656440309744,0.2498518629864426,0.24900847062574855,0.2820619075162129
2026-04-08,434.5299987792969,0.00629906958171822,0.15442069870423256,0.27873748657078223,0.269183584953407,0.37264996609851686,0.21982088009691358,0.2234596036674538,0.22512696243088873,0.25882537531699296
2026-04-09,437.9100036621094,0.007778530578574028,0.09999462962590838,0.2718584606619499,0.269183584953407,0.36212684650060617,0.21982088009691358,0.2234596036674538,0.22512696243088873,0.25882537531699296
2026-04-10,437.1300048828125,-0.0017811851128632927,0.12348034485850946,0.27597779252814747,0.21314125988037072,0.3523954391206955,0.1923151707222541,0.20158036187465436,0.20304279604108766,0.1904903421531434
2026-04-13,435.3599853515625,-0.004049183335572026,0.028275437085640728,0.2691239783690011,0.21314125988037072,0.34173024859211215,0.1923151707222541,0.20158036187465436,0.20304279604108766,0.1904903421531434
2026-04-14,445.0899963378906,0.022349346089928224,0.06427879271298349,0.26959954917770124,0.18749091395151868,0.33169367619268153,0.16513886389167368,0.17759048490371535,0.17977920279105522,0.17374094715464333
2026-04-15,440.4599914550781,-0.010402401583740839,0.3547848703131833,0.27154447977977153,0.18749091395151868,0.3331242882001117,0.16513886389167368,0.17759048490371535,0.17977920279105522,0.17374094715464333
2026-04-16,440.0799865722656,-0.0008627455164704756,0.1651330057704162,0.26971562124277687,0.21518255474037454,0.32549902992357377,0.16842497413897242,0.18150979960403515,0.18014315407085113,0.14322910783187823
2026-04-17,445.92999267578125,0.013293051904224695,0.01369566048790115,0.269696180633151,0.21518255474037454,0.3156008486035617,0.16842497413897242,0.18150979960403515,0.18014315407085113,0.14322910783187823
2026-04-20,442.0899963378906,-0.008611208936292747,0.21102065702191286,0.2774701146395522,0.21890912998811163,0.3103215186904198,0.15400274937263822,0.16913502486656337,0.16649750349171766,0.14788883850255097
2026-04-21,429.57000732421875,-0.028320000717914517,0.13669870399828593,0.26085531173564946,0.21890912998811163,0.30272540429418454,0.15400274937263822,0.16913502486656337,0.16649750349171766,0.14788883850255097
2026-04-22,435.260009765625,0.013245809401008168,0.4495660741726349,0.25155064071294614,0.2139509516718957,0.3134815616325664,0.17499530232655974,0.1689940364502009,0.18017019922140856,0.1767878355784826
2026-04-23,431.0400085449219,-0.00969535708776803,0.21027070553297425,0.23905911156172158,0.2139509516718957,0.3082649417155591,0.17499530232655974,0.1689940364502009,0.18017019922140856,0.1767878355784826
2026-04-24,433.25,0.005127114447075254,0.15390902235720982,0.2297517021426394,0.2172224984949675,0.3012422896328143,0.16301572871438794,0.16047879159437106,0.16977058109014873,0.20908965716187042
2026-04-27,429.8900146484375,-0.007755303754327758,0.08139041862196535,0.23329054361608054,0.2172224984949675,0.2927448821995607,0.16301572871438794,0.16047879159437106,0.16977058109014873,0.20908965716187042
2026-04-28,421.9100036621094,-0.0185629131043068,0.12311163045430085,0.21717500830884726,0.20455313649174292,0.2854242114887586,0.1458843798200441,0.14508705155755752,0.15481807198895697,0.15633292638115198
2026-04-29,417.4100036621094,-0.010665781709228828,0.29467711009738673,0.20344279672156548,0.20455313649174292,0.28598782775961223,0.1458843798200441,0.14508705155755752,0.15481807198895697,0.15633292638115198
2026-04-30,423.6600036621094,0.014973287523456946,0.1693140356443254,0.1858162766032848,0.16102492651861777,0.2803600005868027,0.14870699399264492,0.1398213194926782,0.15568722311363462,0.1646054759686597
2026-05-01,423.17999267578125,-0.0011330099187530918,0.23769357057679977,0.1964116879511408,0.16102492651861777,0.2779847480400732,0.14870699399264492,0.1398213194926782,0.15568722311363462,0.1646054759686597
2026-05-04,414.7099914550781,-0.02001512681908002,0.017985974867941068,0.1698862394136616,0.15579033744004842,0.2695522187848689,0.14032834710325778,0.13809537635852828,0.14797604466941605,0.1720548160804128
2026-05-05,418.2699890136719,0.008584306218673232,0.3177302881362301,0.17170120386682,0.15579033744004842,0.2726830520818684,0.14032834710325778,0.13809537635852828,0.14797604466941605,0.1720548160804128
2026-05-06,430.9599914550781,0.030339261182306565,0.13627163659580774,0.16403489235620028,0.15356972692364723,0.2664749174229199,0.14529516460201747,0.13760996911871898,0.15066904097575326,0.1499239134260418
2026-05-07,431.67999267578125,0.001670691560653026,0.48162084029891183,0.18296927763343007,0.15356972692364723,0.28401737050263787,0.14529516460201747,0.13760996911871898,0.15066904097575326,0.1499239134260418
2026-05-08,433.7699890136719,0.004841540894531038,0.02652140632189374,0.17715567343423289,0.18905014647368745,0.2754416777504744,0.16520822083792652,0.16988396119351357,0.16548330283369533,0.15665429216883633
2026-05-11,434.6499938964844,0.0020287362083613036,0.07685707901566995,0.17610396658831295,0.18905014647368745,0.2677133754730339,0.16520822083792652,0.16988396119351357,0.16548330283369533,0.15665429216883633
2026-05-12,432.92999267578125,-0.003957209812161522,0.032205188898456756,0.17195509586285598,0.1737832274813347,0.2596775977520102,0.14567458989073592,0.1533197651202718,0.15100923733623053,0.1724248295533189
2026-05-13,430.5,-0.005612899814961714,0.06281875829210405,0.17352524682678616,0.1737832274813347,0.2522365541934817,0.14567458989073592,0.1533197651202718,0.15100923733623053,0.1724248295533189
2026-05-14,427.2099914550781,-0.007642296271595517,0.08910202226585491,0.17465357544282575,0.11580821702578471,0.2455244035476495,0.13072524984454645,0.13842270578747856,0.13872546072494102,0.11997713293618516
2026-05-15,417.2900085449219,-0.02322039069444226,0.12131769228070723,0.1640414309868041,0.11580821702578471,0.23989242947788553,0.13072524984454645,0.13842270578747856,0.13872546072494102,0.11997713293618516
2026-05-18,418.42999267578125,0.00273187497307803,0.3686122747395158,0.17329048866721772,0.14933779833112842,0.24949544204829185,0.1471302028540119,0.13891361524165544,0.14918547304333943,0.15998488383777476
2026-05-19,411.5,-0.016561892782745447,0.043367170750114446,0.17463919367913652,0.14933779833112842,0.24212794088380707,0.1471302028540119,0.13891361524165544,0.14918547304333943,0.15998488383777476
2026-05-20,417.3999938964844,0.014337773746013083,0.2629118972619597,0.17699788641732048,0.16428793244156437,0.24342502606459226,0.14379149849476952,0.13237404137480746,0.14613663609819852,0.1422483595455607
2026-05-21,416.989990234375,-0.0009822799906678004,0.22760510211756949,0.18112999542274244,0.16428793244156437,0.2425049353441524,0.14379149849476952,0.13237404137480746,0.14613663609819852,0.1422483595455607
2026-05-22,413.82000732421875,-0.0076020599640161945,0.01559321143885108,0.16140395620757045,0.1673248628627231,0.23514828075253674,0.13617960230249168,0.1315610694384646,0.14024423275726366,0.145261042017651
2026-05-26,414.0,0.00043495402009452455,0.1206789606995249,0.1573316041696864,0.1673248628627231,0.22989309645518383,0.13617960230249168,0.1315610694384646,0.14024423275726366,0.145261042017651
2026-05-27,408.489990234375,-0.013309202332427494,0.006904681013507416,0.15064958865406355,0.14347012484487062,0.22289604331858653,0.12345647093003828,0.12008831996431887,0.1300008466600948,0.14564792256613535
2026-05-28,412.7699890136719,0.010477609933210896,0.2112770371214637,0.1565535258585862,0.14347012484487062,0.22221603574977616,0.12345647093003828,0.12008831996431887,0.1300008466600948,0.14564792256613535
2026-05-29,417.1199951171875,0.010538571648365469,0.16632690130569663,0.1585178563518315,0.13075970318945956,0.21926478704425467,0.1256540205872665,0.12159878763754894,0.13031729888599752,0.1477761930295155
2026-06-01,411.260009765625,-0.014048680044494555,0.1672946385324664,0.15272774400797146,0.13075970318945956,0.21649866926198674,0.1256540205872665,0.12159878763754894,0.13031729888599752,0.1477761930295155
2026-06-02,411.95001220703125,0.001677776649860796,0.22301588187869054,0.15516873701862444,0.14131230500814213,0.2168952244261875,0.12885249454755923,0.12282792901246756,0.13152982020692405,0.14825748465274016
2026-06-03,407.8699951171875,-0.009904155768766576,0.026633878626256546,0.1455751146572361,0.14131230500814213,0.21038889677355543,0.12885249454755923,0.12282792901246756,0.13152982020692405,0.14825748465274016
2026-06-04,411.2699890136719,0.008335974543818736,0.15722359866121258,0.15190409755693024,0.13758057994731418,0.20758331872050087,0.12077951967812794,0.11470879358477476,0.12484048539253163,0.13252620262863882
2026-06-05,396.239990234375,-0.036545333189379026,0.13232949346985684,0.14347678870845873,0.13758057994731418,0.20385301039934475,0.12077951967812794,0.11470879358477476,0.12484048539253163,0.13252620262863882
2026-06-08,397.2699890136719,0.002599431669397134,0.5801391791945512,0.16365258609931074,0.18177384447080944,0.24342632333446296,0.17425871234081014,0.1395814422469106,0.16385723572153366,0.18116779861985827
2026-06-09,390.7799987792969,-0.01633647245916592,0.04126469848398171,0.14363639783499568,0.18177384447080944,0.23622692251109922,0.17425871234081014,0.1395814422469106,0.16385723572153366,0.18116779861985827
2026-06-10,374.5799865722656,-0.04145558180468856,0.25933346056205286,0.15421876393682113,0.18491908126190756,0.23767667115210608,0.16442850207887624,0.13256651618101925,0.15808207659421747,0.2752138108944985
2026-06-11,386.32000732421875,0.03134182597256352,0.6580869594642008,0.1806383039572089,0.18491908126190756,0.2812214337179153,0.16442850207887624,0.13256651618101925,0.15808207659421747,0.2752138108944985
2026-06-12,386.5400085449219,0.0005694792310315666,0.497536062948409,0.20178970732311582,0.2690179681296433,0.29865179244643825,0.23606215706967676,0.20994374440736108,0.21634805881737293,0.25793509793755887
