Date,Open,High,Low,Close,Simple,Log
2010-01-27,107.52999877929688,108.80000305175781,106.16000366210938,106.52999877929688,,
2010-01-28,107.18000030517578,107.2300033569336,105.18000030517578,106.4800033569336,-0.0004693083914030227,-0.0004694185510533905
2010-01-29,105.87999725341797,106.30000305175781,105.2699966430664,105.95999908447266,-0.004883586176437471,-0.004895549849721357
2010-02-01,106.63999938964844,108.4800033569336,106.37000274658203,108.3499984741211,0.02255567582388429,0.022305058135940522
2010-02-02,109.16000366210938,109.5999984741211,108.61000061035156,109.12999725341797,0.007198881313165595,0.007173093057516182
2010-02-03,109.0999984741211,109.54000091552734,108.43000030517578,108.69999694824219,-0.003940257637661704,-0.003948040904900219
2010-02-04,106.79000091552734,106.80000305175781,103.75,104.37000274658203,-0.03983435439949368,-0.0406494619043355
2010-02-05,103.76000213623047,104.68000030517578,102.27999877929688,104.68000030517578,0.002970178695371306,0.0029657764294868027
2010-02-08,104.41000366210938,105.13999938964844,104.0,104.04000091552734,-0.006113864996012963,-0.006132631197052165
2010-02-09,105.18000030517578,106.1500015258789,104.87000274658203,105.41000366210938,0.01316803858637372,0.01308209362845793
2010-02-10,105.12999725341797,105.5,104.11000061035156,105.12000274658203,-0.002751170718643947,-0.002754962144308314
2010-02-11,105.58000183105469,107.55999755859375,105.2699966430664,107.12999725341797,0.019120951810489784,0.018940443772260875
2010-02-12,106.08000183105469,107.0999984741211,105.56999969482422,107.04000091552734,-0.0008400666498453724,-0.0008404197035730865
2010-02-16,109.44999694824219,109.87000274658203,109.0999984741211,109.62000274658203,0.02410315591356116,0.023817259740401706
2010-02-17,109.66000366210938,110.01000213623047,108.87000274658203,109.25,-0.0033753214496573536,-0.00338103069775341
2010-02-18,109.61000061035156,110.11000061035156,109.19000244140625,109.9800033569336,0.006681952923877299,0.006659727627096444
2010-02-19,109.31999969482422,110.38999938964844,108.80999755859375,109.47000122070312,-0.004637226047132237,-0.004648011335301192
2010-02-22,109.86000061035156,109.97000122070312,108.66000366210938,109.06999969482422,-0.0036539830220012615,-0.003660675124824127
2010-02-23,108.83999633789062,108.91000366210938,107.6500015258789,107.88999938964844,-0.010818743086801086,-0.010877691236587123
2010-02-24,107.33000183105469,108.16000366210938,107.0999984741211,107.36000061035156,-0.004912399502225995,-0.0049245049976189585
2010-02-25,106.69999694824219,108.69999694824219,106.5999984741211,108.30999755859375,0.008848704758209536,0.008809784398268496
2010-02-26,108.88999938964844,109.5999984741211,108.41000366210938,109.43000030517578,0.010340714355349556,0.010287614912394953
2010-03-01,109.4800033569336,109.9000015258789,108.97000122070312,109.43000030517578,0.0,0.0
2010-03-02,109.86000061035156,111.44999694824219,109.86000061035156,111.0199966430664,0.01452980291927708,0.01442525680569016
2010-03-03,111.45999908447266,112.18000030517578,111.18000030517578,111.62999725341797,0.005494511158316229,0.0054794713974865225
2010-03-04,111.25,111.37000274658203,110.22000122070312,110.83000183105469,-0.007166491463286184,-0.007192294113451878
2010-03-05,111.12999725341797,111.75,110.80000305175781,110.80999755859375,-0.0001804951017815304,-0.0001805113929827648
2010-03-08,111.22000122070312,111.30000305175781,109.5199966430664,109.87999725341797,-0.008392747276111279,-0.008428164684993255
2010-03-09,109.16000366210938,110.16000366210938,109.04000091552734,109.72000122070312,-0.0014560978951050352,-0.0014571590358533955
2010-03-10,109.94000244140625,110.5,108.0199966430664,108.47000122070312,-0.011392635673468599,-0.011458028889065516
2010-03-11,108.27999877929688,108.6500015258789,107.86000061035156,108.5999984741211,0.0011984627266063974,0.0011977451434267712
2010-03-12,108.55999755859375,108.7699966430664,107.44999694824219,107.94999694824219,-0.0059852811695370045,-0.006003264758673447
2010-03-15,108.16000366210938,108.55999755859375,107.81999969482422,108.36000061035156,0.003798088686431056,0.0037908941588112085
2010-03-16,110.0199966430664,110.56999969482422,109.69999694824219,110.4000015258789,0.01882614344810607,0.018651124814839434
2010-03-17,110.18000030517578,110.45999908447266,109.55000305175781,109.58999633789062,-0.0073370034129791595,-0.007364051605517102
2010-03-18,110.0999984741211,110.61000061035156,109.5,110.33999633789062,0.006843690346403308,0.006820378596121279
2010-03-19,108.27999877929688,110.29000091552734,107.8499984741211,108.27999877929688,-0.018669545286964517,-0.018846021182444456
2010-03-22,107.30999755859375,108.0,106.94999694824219,107.75,-0.004894706180937014,-0.004906724488664302
2010-03-23,107.5,108.5,107.33999633789062,108.31999969482422,0.005290020369598247,0.005276077362753657
2010-03-24,106.94000244140625,107.06999969482422,106.23999786376953,106.30000305175781,-0.018648418101527398,-0.018824492289792633
2010-03-25,107.0,107.25,106.4800033569336,106.77999877929688,0.004515481785126063,0.004505317583276473
2010-03-26,107.16000366210938,108.69999694824219,106.81999969482422,108.58999633789062,0.016950717168810137,0.016808656864527635
2010-03-29,108.87000274658203,109.16999816894531,108.4000015258789,108.75,0.0014734659499526792,0.0014723814641710547
2010-03-30,108.56999969482422,108.66000366210938,107.87000274658203,107.97000122070312,-0.007172402568247138,-0.007198247903797274
2010-03-31,109.44000244140625,109.5,108.8499984741211,108.94999694824219,0.009076555677125953,0.009035611315005328
2010-04-01,109.97000122070312,110.47000122070312,109.91999816894531,110.26000213623047,0.012023912112733903,0.011952199156018703
2010-04-05,110.55999755859375,110.9800033569336,110.2699966430664,110.88999938964844,0.0057137424379838375,0.005697480924987118
2010-04-06,110.88999938964844,111.51000213623047,110.83000183105469,111.02999877929688,0.0012625069025071767,0.0012617106108131124
2010-04-07,111.8499984741211,112.93000030517578,111.7699966430664,112.48999786376953,0.013149591106227154,0.013063885742510774
2010-04-08,112.47000122070312,112.9800033569336,112.12999725341797,112.6500015258789,0.0014223812352023302,0.001421370609229975
2010-04-09,113.08999633789062,114.06999969482422,112.73999786376953,113.63999938964844,0.008788263207809122,0.008749871191504223
2010-04-12,113.63999938964844,114.12999725341797,112.9800033569336,113.01000213623047,-0.0055437984583037725,-0.00555922233998455
2010-04-13,113.12000274658203,113.16000366210938,112.05999755859375,112.69000244140625,-0.002831605068359111,-0.0028356216460236707
2010-04-14,113.2300033569336,113.66000366210938,112.77999877929688,113.02999877929688,0.0030170940680156466,0.003012551773767293
2010-04-15,112.9000015258789,113.70999908447266,112.8499984741211,113.6500015258789,0.005485293756329668,0.005470304321850955
2010-04-16,112.5,113.06999969482422,110.54000091552734,111.23999786376953,-0.021205487283346813,-0.021433553562709227
2010-04-19,110.87999725341797,111.36000061035156,110.66999816894531,111.1500015258789,-0.0008090285834133626,-0.0008093560236553409
2010-04-20,111.7300033569336,112.20999908447266,111.33000183105469,111.45999908447266,0.002789001838399141,0.0027851197891251185
2010-04-21,111.81999969482422,112.63999938964844,111.4800033569336,112.30999755859375,0.00762604056256011,0.007597109309406448
2010-04-22,111.79000091552734,112.01000213623047,110.76000213623047,111.83999633789062,-0.004184856476894816,-0.004193637495525288
2010-04-23,111.26000213623047,113.30000305175781,111.08999633789062,113.19000244140625,0.012070870419532032,0.011998598472109824
2010-04-26,112.87999725341797,113.19999694824219,112.62999725341797,112.75,-0.0038872906786446837,-0.0038948658306392175
2010-04-27,112.43000030517578,114.81999969482422,112.33999633789062,114.62999725341797,0.016674033289738155,0.016536547783718297
2010-04-28,114.02999877929688,114.98999786376953,113.62999725341797,114.30999755859375,-0.0027915877387381105,-0.002795491486585349
2010-04-29,113.8499984741211,114.5199966430664,113.83999633789062,114.27999877929688,-0.0002624335573229164,-0.00026246799903482677
2010-04-30,115.26000213623047,115.69999694824219,115.20999908447266,115.36000061035156,0.009450488647102961,0.00940611214659533
2010-05-03,115.91000366210938,116.27999877929688,115.52999877929688,115.7300033569336,0.003207374693346088,0.003202242039102839
2010-05-04,116.38999938964844,116.43000030517578,114.16999816894531,114.87000274658203,-0.007431094663491455,-0.007458842798920333
2010-05-05,113.58000183105469,115.23999786376953,113.30999755859375,115.08999633789062,0.0019151526599501256,0.0019133210932084476
2010-05-06,115.62000274658203,118.62000274658203,115.56999969482422,118.48999786376953,0.02954211168707399,0.029114151638993547
2010-05-07,117.63999938964844,118.87999725341797,116.73999786376953,118.2699966430664,-0.0018567071032954408,-0.0018584329204847005
2010-05-10,117.5,117.9000015258789,116.80999755859375,117.56999969482422,-0.00591863505631729,-0.005936219595425441
2010-05-11,119.45999908447266,120.87000274658203,118.97000122070312,120.66000366210938,0.026282248662974128,0.025942805079309364
2010-05-12,121.27999877929688,122.23999786376953,120.7699966430664,121.4000015258789,0.006132917630615964,0.006114187831152085
2010-05-13,121.29000091552734,121.70999908447266,120.0999984741211,120.55999755859375,-0.0069193077160389915,-0.006943357126726535
2010-05-14,121.87999725341797,122.0199966430664,119.12000274658203,120.37000274658203,-0.0015759357652556094,-0.0015771788582184835
2010-05-17,120.55000305175781,121.12000274658203,119.29000091552734,119.36000061035156,-0.008390812604340048,-0.008426213640485862
2010-05-18,118.86000061035156,120.31999969482422,118.5,119.48999786376953,0.0010891190746751267,0.001088526414774818
2010-05-19,118.19000244140625,118.43000030517578,116.08000183105469,116.62999725341797,-0.023935062862853518,-0.024226160830335432
2010-05-20,116.13999938964844,116.94999694824219,115.18000030517578,115.83999633789062,-0.006773565413114135,-0.006796610129532807
2010-05-21,115.05000305175781,116.23999786376953,114.51000213623047,115.22000122070312,-0.005352167962601184,-0.005366542125113491
2010-05-24,116.33999633789062,117.16999816894531,116.04000091552734,116.83999633789062,0.014060016490404337,0.013962091277818433
2010-05-25,117.16000366210938,117.5199966430664,116.81999969482422,117.36000061035156,0.0044505673464516615,0.004440692858806834
2010-05-26,118.58000183105469,119.08000183105469,118.31999969482422,118.47000122070312,0.009458082861100836,0.009413635235164157
2010-05-27,118.16000366210938,119.04000091552734,118.13999938964844,118.69000244140625,0.0018570204983223704,0.0018552983674487234
2010-05-28,118.4800033569336,118.9000015258789,117.62999725341797,118.87999725341797,0.0016007650863898437,0.0015994852276123958
2010-06-01,119.87999725341797,120.25,119.62999725341797,119.91000366210938,0.00866425330155196,0.00862693406619541
2010-06-02,119.3499984741211,119.87999725341797,118.72000122070312,119.77999877929688,-0.0010841871306987994,-0.0010847752867185415
2010-06-03,119.16000366210938,119.38999938964844,117.4800033569336,117.95999908447266,-0.015194520899751374,-0.01531114045936818
2010-06-04,117.95999908447266,119.38999938964844,117.05000305175781,119.19000244140625,0.01042729201831194,0.01037330279219341
2010-06-07,118.7300033569336,121.80000305175781,118.62000274658203,121.48999786376953,0.01929688208114566,0.019113058305128095
2010-06-08,121.61000061035156,122.44999694824219,120.66000366210938,121.0,-0.0040332362530698385,-0.004041391686318541
2010-06-09,120.4800033569336,120.98999786376953,119.51000213623047,120.55999755859375,-0.0036363838132748016,-0.003643011529050801
2010-06-10,119.36000061035156,120.04000091552734,118.83000183105469,118.97000122070312,-0.013188423773133118,-0.01327616331865957
2010-06-11,119.87999725341797,120.41000366210938,119.33000183105469,120.01000213623047,0.008741707193883563,0.008703719694756393
2010-06-14,119.62999725341797,120.26000213623047,118.95999908447266,119.5999984741211,-0.00341641242239088,-0.003422261685440584
2010-06-15,119.70999908447266,121.02999877929688,119.4800033569336,120.98999786376953,0.011622068623597936,0.011555051138783462
2010-06-16,120.68000030517578,120.88999938964844,120.04000091552734,120.33000183105469,-0.0054549635868080815,-0.005469896230116363
2010-06-17,121.63999938964844,122.41000366210938,121.48999786376953,121.9000015258789,0.013047450103329306,0.01296306533767651
2010-06-18,123.04000091552734,123.5,122.80999755859375,122.83000183105469,0.007629206673786193,0.00760025145353973
2010-06-21,123.08999633789062,123.11000061035156,120.36000061035156,120.38999938964844,-0.019864873443235176,-0.020064832581080997
2010-06-22,121.16000366210938,121.58999633789062,120.87000274658203,121.44999694824219,0.008804697765326885,0.008766162443343445
2010-06-23,120.88999938964844,121.0199966430664,119.7699966430664,120.94999694824219,-0.004116920646882183,-0.004125418496021565
2010-06-24,120.76000213623047,122.16000366210938,120.66999816894531,121.30000305175781,0.0028938082872824733,0.002889629284295153
2010-06-25,122.75,123.12999725341797,122.48999786376953,122.76000213623047,0.012036265851120165,0.011964406044451084
2010-06-28,122.79000091552734,123.55999755859375,120.80999755859375,121.08999633789062,-0.013603826729219115,-0.01369720662981477
2010-06-29,121.05000305175781,121.81999969482422,120.0199966430664,121.2699966430664,0.0014865002115740378,0.0014853964638133306
2010-06-30,121.06999969482422,122.08999633789062,120.87999725341797,121.68000030517578,0.0033809159186846127,0.0033752134718408188
2010-07-01,120.91000366210938,121.02999877929688,116.9800033569336,117.04000091552734,-0.0381328022519003,-0.03887888592484208
2010-07-02,118.20999908447266,118.5,117.41000366210938,118.48999786376953,0.01238890069121501,0.012312786265651068
2010-07-06,117.66999816894531,117.72000122070312,116.30000305175781,116.51000213623047,-0.016710235152637143,-0.0168514262328477
2010-07-07,116.56999969482422,117.77999877929688,116.5,117.7300033569336,0.01047121447372934,0.010416771036920415
2010-07-08,117.38999938964844,117.41000366210938,116.0999984741211,117.20999908447266,-0.004416922259692702,-0.004426705679849722
2010-07-09,118.13999938964844,118.7300033569336,118.0,118.36000061035156,0.009811462629993661,0.009763642764658647
2010-07-12,117.83000183105469,118.19999694824219,116.97000122070312,117.33999633789062,-0.00861781232849812,-0.008655160400420137
2010-07-13,118.9800033569336,119.0999984741211,118.36000061035156,118.36000061035156,0.008692724597704427,0.008655160400420107
2010-07-14,118.26000213623047,119.12999725341797,117.58999633789062,118.30000305175781,-0.000506907386653932,-0.0005070359076372465
2010-07-15,118.58999633789062,118.69999694824219,117.7300033569336,118.2300033569336,-0.0005917133813900799,-0.0005918885128414277
2010-07-16,116.69000244140625,116.79000091552734,115.94999694824219,116.66999816894531,-0.013194664160489422,-0.013282487126809137
2010-07-19,115.56999969482422,115.80000305175781,115.11000061035156,115.7300033569336,-0.008056868318884747,-0.008089500274875386
2010-07-20,115.75,116.73999786376953,115.4800033569336,116.6500015258789,0.00794952166473073,0.007918090681685528
2010-07-21,116.80000305175781,117.0,115.70999908447266,115.8499984741211,-0.006858148660892516,-0.0068817738410447155
2010-07-22,115.94999694824219,117.5,115.91000366210938,116.86000061035156,0.008718188601928079,0.00868040464199568
2010-07-23,117.12000274658203,117.47000122070312,115.79000091552734,116.08999633789062,-0.006589117477659223,-0.0066109215447102
2010-07-26,116.37999725341797,116.47000122070312,115.30000305175781,115.5199966430664,-0.004909981159489263,-0.0049220747193229565
2010-07-27,114.94999694824219,114.98999786376953,113.20999908447266,113.51000213623047,-0.01739953744152556,-0.01755268849818397
2010-07-28,113.4800033569336,113.93000030517578,113.08000183105469,113.77999877929688,0.0023786154346325805,0.002375791006871298
2010-07-29,113.54000091552734,114.3499984741211,113.33999633789062,114.29000091552734,0.004482353152593488,0.004472337326195603
2010-07-30,114.36000061035156,115.7300033569336,114.08000183105469,115.48999786376953,0.010499579478777887,0.01044484170982206
2010-08-02,116.12000274658203,116.38999938964844,115.19999694824219,115.54000091552734,0.0004329643491447488,0.0004328706471263803
2010-08-03,115.87999725341797,116.44000244140625,115.80999755859375,115.98999786376953,0.00389472861932183,0.0038871637993980568
2010-08-04,117.41000366210938,117.6500015258789,116.6500015258789,116.72000122070312,0.006293675061456394,0.006273952596501684
2010-08-05,117.01000213623047,117.0999984741211,116.3499984741211,116.9800033569336,0.0022275713974577727,0.0022250940386060744
2010-08-06,117.98999786376953,118.41999816894531,117.48999786376953,117.83999633789062,0.007351623835511356,0.007324732365886041
2010-08-09,117.76000213623047,117.8499984741211,117.2300033569336,117.4000015258789,-0.0037338325329719924,-0.003740820686149912
2010-08-10,116.58999633789062,118.08999633789062,116.4000015258789,117.7300033569336,0.0028109184562654654,0.002806975212677366
2010-08-11,117.73999786376953,118.13999938964844,116.58000183105469,117.33999633789062,-0.0033127240968519045,-0.003318223315611171
2010-08-12,118.55999755859375,118.86000061035156,118.45999908447266,118.7699966430664,0.012186810548876936,0.012113149233667235
2010-08-13,118.81999969482422,118.88999938964844,118.36000061035156,118.73999786376953,-0.00025257876690043535,-0.000252610670289372
2010-08-16,119.69999694824219,119.81999969482422,119.45999908447266,119.7300033569336,0.008337590626369185,0.008303024914577904
2010-08-17,119.75,119.97000122070312,119.5999984741211,119.75,0.00016701447010558645,0.0001670005247416709
2010-08-18,119.2300033569336,120.51000213623047,119.0,120.22000122070312,0.003924853617562674,0.003917171473901901
2010-08-19,120.6500015258789,120.98999786376953,120.11000061035156,120.38999938964844,0.001414058952080799,0.0014130601122222405
2010-08-20,119.97000122070312,120.06999969482422,119.44999694824219,119.97000122070312,-0.00348864665731885,-0.0034947461752424026
2010-08-23,119.91000366210938,120.06999969482422,119.41999816894531,119.77999877929688,-0.0015837495996745554,-0.00158500505680003
2010-08-24,118.7699966430664,120.80000305175781,118.70999908447266,120.36000061035156,0.004842226055815635,0.004830540187787872
2010-08-25,121.12000274658203,121.37999725341797,120.66999816894531,121.36000061035156,0.008308408066874051,0.00827408323664724
2010-08-26,121.08999633789062,122.94999694824219,120.5,120.95999908447266,-0.0032959914623202913,-0.0033014352071624076
2010-08-27,121.19999694824219,121.44999694824219,120.41999816894531,121.01000213623047,0.00041338502096799346,0.00041329960092031443
2010-08-30,120.8499984741211,121.05999755859375,120.58000183105469,120.91000366210938,-0.0008263653611749744,-0.0008267069892494204
2010-08-31,121.7699966430664,122.19000244140625,121.45999908447266,122.08000183105469,0.009676603535758277,0.00963008506090663
2010-09-01,122.1500015258789,122.20999908447266,121.43000030517578,121.69000244140625,-0.0031946214269242823,-0.003199735123742887
2010-09-02,122.37999725341797,122.4800033569336,121.88999938964844,122.29000091552734,0.004930548624238806,0.004918433276591497
2010-09-03,121.38999938964844,122.38999938964844,121.1500015258789,121.86000061035156,-0.0035162343769447046,-0.0035224308588275117
2010-09-07,122.91000366210938,123.05999755859375,122.62999725341797,122.69999694824219,0.00689312599444758,0.006869477016185955
2010-09-08,122.81999969482422,123.41999816894531,122.5999984741211,122.70999908447266,8.151700472081025e-05,8.151368239033065e-05
2010-09-09,122.44000244140625,122.87999725341797,121.37999725341797,121.55999755859375,-0.009371701853630121,-0.00941589256292237
2010-09-10,121.4000015258789,122.30000305175781,121.38999938964844,121.7300033569336,0.0013985340716866634,0.0013975570337529687
2010-09-13,121.62999725341797,122.11000061035156,121.38999938964844,121.62000274658203,-0.0009036441905699855,-0.0009040527231121419
2010-09-14,122.91999816894531,124.58999633789062,121.55000305175781,124.0199966430664,0.019733545817173015,0.019541363578779912
2010-09-15,123.97000122070312,124.29000091552734,123.43000030517578,123.94000244140625,-0.0006450105130254569,-0.0006452186217994567
2010-09-16,124.5,124.7699966430664,124.19000244140625,124.62999725341797,0.0055671679717606,0.0055517285681441755
2010-09-17,125.02999877929688,125.02999877929688,124.2699966430664,124.54000091552734,-0.0007221081591426426,-0.0007223690048194798
2010-09-20,125.08999633789062,125.44999694824219,124.77999877929688,124.87000274658203,0.0026497657670527808,0.0026462613270077863
2010-09-21,124.7699966430664,126.16999816894531,124.16000366210938,126.01000213623047,0.009129489585757655,0.009088067711881243
2010-09-22,126.58000183105469,126.62999725341797,125.69999694824219,126.19999694824219,0.0015077756431296496,0.0015066400907301708
2010-09-23,126.19999694824219,126.66000366210938,125.80999755859375,126.30000305175781,0.0007924414099362842,0.0007921275940184022
2010-09-24,126.91000366210938,127.0,126.30000305175781,126.69000244140625,0.0030878810785825994,0.003083123365456964
2010-09-27,126.9000015258789,126.91000366210938,126.4800033569336,126.72000122070312,0.00023678884457156713,0.00023676081451782575
2010-09-28,126.41999816894531,128.02999877929688,126.11000061035156,127.8499984741211,0.008917276219480907,0.00887775210309078
2010-09-29,127.93000030517578,128.24000549316406,127.5199966430664,127.94999694824219,0.0007821546759059217,0.0007818489523424245
2010-09-30,128.14999389648438,128.27999877929688,126.61000061035156,127.91000366210938,-0.0003125696528855082,-0.0003126185129611772
2010-10-01,127.91000366210938,129.07000732421875,127.91000366210938,128.91000366210938,0.00781799680532913,0.0077875946216159906
2010-10-04,128.52000427246094,128.6199951171875,128.22000122070312,128.4600067138672,-0.0034907837674234,-0.0034968907693697037
2010-10-05,130.11000061035156,131.1199951171875,129.8699951171875,130.99000549316406,0.01969483611294076,0.019503402251400258
2010-10-06,131.4499969482422,131.86000061035156,131.33999633789062,131.80999755859375,0.0062599590124643445,0.0062404468569036255
2010-10-07,132.60000610351562,132.6699981689453,129.50999450683594,130.3699951171875,-0.01092483474757766,-0.010984948981022643
2010-10-08,130.77999877929688,131.8800048828125,130.47000122070312,131.66000366210938,0.009894980388411412,0.009846345633438466
2010-10-11,131.27999877929688,132.3300018310547,130.97999572753906,132.2899932861328,0.004784973465747688,0.004773561868528394
2010-10-12,132.05999755859375,132.2100067138672,131.36000061035156,131.9600067138672,-0.0024944182403267012,-0.002497534484728762
2010-10-13,132.72999572753906,134.30999755859375,132.6300048828125,134.07000732421875,0.01598969765837266,0.015863209004852077
2010-10-14,134.05999755859375,134.85000610351562,133.89999389648438,134.75,0.00507192241838883,0.005059103545827353
2010-10-15,134.24000549316406,134.4600067138672,133.07000732421875,133.67999267578125,-0.007940685151901716,-0.007972380291158545
2010-10-18,133.4600067138672,134.33999633789062,133.16000366210938,134.27999877929688,0.004488376244684789,0.004478333523156747
2010-10-19,130.4600067138672,131.58999633789062,129.75,130.11000061035156,-0.03105449960421236,-0.03154691181467764
2010-10-20,130.36000061035156,131.64999389648438,130.32000732421875,131.32000732421875,0.00929987478434402,0.009256897200788577
2010-10-21,131.0800018310547,131.58999633789062,128.72000122070312,129.47000122070312,-0.014087770334554661,-0.014187944908196784
2010-10-22,129.47000122070312,129.75,128.97000122070312,129.72999572753906,0.002008144777821741,0.0020061311504169905
2010-10-25,131.16000366210938,131.3800048828125,130.2100067138672,130.85000610351562,0.008633395612906769,0.008596340971850403
2010-10-26,129.99000549316406,131.13999938964844,129.72999572753906,130.8800048828125,0.00022926081694740752,0.0002292345407023127
2010-10-27,129.92999267578125,130.0,128.7899932861328,129.52000427246094,-0.010391202319783521,-0.01044556780572793
2010-10-28,130.36000061035156,131.5,129.83999633789062,131.24000549316406,0.013279811333891667,0.01319240759250659
2010-10-29,131.47999572753906,132.82000732421875,131.05999755859375,132.6199951171875,0.010515007362563056,0.010460109173882851
2010-11-01,132.85000610351562,133.07000732421875,131.75999450683594,131.9199981689453,-0.0052782157594233325,-0.005292194751345636
2010-11-02,132.44000244140625,132.58999633789062,131.8800048828125,132.49000549316406,0.004320856065270329,0.00431154796969714
2010-11-03,132.27999877929688,132.52000427246094,129.47999572753906,131.57000732421875,-0.00694390618764662,-0.006968127295408858
2010-11-04,134.63999938964844,136.1300048828125,134.24000549316406,136.02999877929688,0.03389823825188132,0.03333635562596672
2010-11-05,135.13999938964844,136.61000061035156,134.9499969482422,136.3800048828125,0.00257300673863492,0.00256970222394171
2010-11-08,135.9199981689453,137.7899932861328,135.52999877929688,137.77999877929688,0.010265389693213,0.010213058409749015
2010-11-09,138.6999969482422,139.14999389648438,135.0500030517578,135.58999633789062,-0.015894922781312437,-0.01602260183973123
2010-11-10,137.02999877929688,137.27999877929688,135.14999389648438,137.24000549316406,0.012169106865093537,0.012095658550698336
2010-11-11,137.6199951171875,137.75,136.4499969482422,137.66000366210938,0.003060318800163886,0.0030556455565671583
2010-11-12,135.88999938964844,136.30999755859375,132.82000732421875,133.69000244140625,-0.0288391770673464,-0.029263198316056956
2010-11-15,133.86000061035156,134.49000549316406,132.38999938964844,132.4199981689453,-0.009499620384983976,-0.009545029587657348
2010-11-16,132.24000549316406,132.3800048828125,129.8300018310547,130.97000122070312,-0.010949984657092626,-0.011010377007280064
2010-11-17,130.77000427246094,131.3699951171875,130.1300048828125,130.3800048828125,-0.004504820435149881,-0.004514997714772795
2010-11-18,131.82000732421875,132.77999877929688,131.5500030517578,132.08999633789062,0.013115442483800255,0.013030179764404218
2010-11-19,131.47999572753906,132.35000610351562,131.00999450683594,132.1999969482422,0.0008327701824608624,0.0008324236217627286
2010-11-22,132.1300048828125,133.60000610351562,131.69000244140625,133.47999572753906,0.009682290535891758,0.009635717541740217
2010-11-23,133.60000610351562,135.07000732421875,133.4600067138672,134.41000366210938,0.006967395597379689,0.006943235453942185
2010-11-24,134.36000061035156,134.6999969482422,133.74000549316406,134.17999267578125,-0.0017112638945114833,-0.001712729779152155
2010-11-26,132.3800048828125,133.16000366210938,131.92999267578125,133.11000061035156,-0.007974304097743579,-0.008006268905469849
2010-11-29,133.19000244140625,133.75,132.3300018310547,133.50999450683594,0.0030049875640467683,0.003000481613543358
2010-11-30,135.2100067138672,135.75,134.77999877929688,135.4199981689453,0.014306072509137735,0.014204706278409088
2010-12-01,135.7100067138672,136.13999938964844,134.9600067138672,135.3800048828125,-0.00029532777044438685,-0.00029537138827830117
2010-12-02,135.6199951171875,136.58999633789062,135.14999389648438,135.1999969482422,-0.0013296493431664835,-0.0013305341112288544
2010-12-03,136.6199951171875,138.11000061035156,136.47999572753906,138.07000732421875,0.021227887875435947,0.021005714938510268
2010-12-06,138.13999938964844,139.4600067138672,137.72999572753906,139.11000061035156,0.007532362069704757,0.007504135483824827
2010-12-07,139.4600067138672,139.5399932861328,136.4600067138672,136.5,-0.018762134993171364,-0.01894037683401103
2010-12-08,135.91000366210938,136.2899932861328,133.8800048828125,134.7899932861328,-0.012527521713312728,-0.012606652684668887
2010-12-09,135.69000244140625,136.16000366210938,134.8800048828125,135.3699951171875,0.004303003634872571,0.004293772187225958
2010-12-10,134.94000244140625,135.47999572753906,133.9499969482422,135.41000366210938,0.0002955495779344286,0.00029550591176138747
2010-12-13,136.25999450683594,136.63999938964844,135.86000061035156,136.0500030517578,0.004726381894541776,0.004715247621070945
2010-12-14,136.27000427246094,137.2100067138672,135.86000061035156,136.17999267578125,0.0009554547674208713,0.0009549986110493081
2010-12-15,135.33999633789062,135.92999267578125,134.67999267578125,134.6999969482422,-0.010867938075622141,-0.010927425511095372
2010-12-16,134.2100067138672,134.22999572753906,132.86000061035156,133.80999755859375,-0.006607271045376617,-0.0066291956887806385
2010-12-17,133.97000122070312,134.6300048828125,133.22000122070312,134.1999969482422,0.002914575867006164,0.002910336725632516
2010-12-20,135.1300048828125,135.44000244140625,134.3300018310547,135.11000061035156,0.006780951436685445,0.006758064192099476
2010-12-21,135.1699981689453,135.77999877929688,134.7899932861328,135.32000732421875,0.0015543387826104649,0.001553132048372285
2010-12-22,135.60000610351562,135.6999969482422,134.97000122070312,135.0500030517578,-0.0019953019350200663,-0.001997295201813413
2010-12-23,134.25999450683594,134.89999389648438,133.92999267578125,134.66000366210938,-0.0028878147414700406,-0.0028919925235061706
2010-12-27,134.9600067138672,135.05999755859375,134.49000549316406,135.02000427246094,0.0026734041330853664,0.002669836944532674
2010-12-28,136.85000610351562,137.33999633789062,136.6199951171875,137.22000122070312,0.01629385926993998,0.0161625389018061
2010-12-29,137.3800048828125,138.0500030517578,137.19000244140625,137.7100067138672,0.0035709480309356056,0.003564587333997068
2010-12-30,137.5800018310547,137.7100067138672,136.94000244140625,137.02999877929688,-0.004937970382814849,-0.004950202442879679
2010-12-31,137.77999877929688,138.77000427246094,137.72000122070312,138.72000122070312,0.012333083678473855,0.012257650782176114
2011-01-03,138.6699981689453,139.0,137.8800048828125,138.0,-0.005190320172774543,-0.005203836674790001
2011-01-04,136.24000549316406,136.27999877929688,134.16000366210938,134.75,-0.023550724637681153,-0.023832475368098148
2011-01-05,133.5,134.67999267578125,133.10000610351562,134.3699951171875,-0.0028200733418367596,-0.0028240572403502554
2011-01-06,134.0500030517578,134.3800048828125,133.13999938964844,133.8300018310547,-0.004018704366714254,-0.004026801058528414
2011-01-07,133.3800048828125,134.61000061035156,133.17999267578125,133.5800018310547,-0.0018680415196855593,-0.0018697884851869347
2011-01-10,133.85000610351562,134.1999969482422,133.24000549316406,134.1199951171875,0.004042471019095828,0.004034322186689475
2011-01-11,134.7899932861328,135.16000366210938,133.9600067138672,134.91000366210938,0.0058903114649804245,0.005873031403827585
2011-01-12,134.7899932861328,135.5800018310547,134.35000610351562,135.4600067138672,0.004076814445393762,0.004068526754664966
2011-01-13,135.66000366210938,135.67999267578125,133.6300048828125,134.0500030517578,-0.010409003338437195,-0.010463555902437563
2011-01-14,133.1699981689453,133.60000610351562,132.22000122070312,132.69000244140625,-0.010145472431108082,-0.01019728850011685
2011-01-18,133.6300048828125,134.0,133.1699981689453,133.42999267578125,0.00557683488401306,0.005561341914815331
2011-01-19,134.33999633789062,134.39999389648438,133.39999389648438,133.72000122070312,0.0021734884271975563,0.0021711298182139015
2011-01-20,131.75999450683594,132.10000610351562,131.0399932861328,131.1999969482422,-0.01884538026814475,-0.01902521743105847
2011-01-21,130.75999450683594,131.42999267578125,130.52999877929688,131.02999877929688,-0.001295717781246375,-0.0012965579493562846
2011-01-24,131.00999450683594,131.6300048828125,130.13999938964844,130.36000061035156,-0.005113318897864261,-0.005126436648875738
2011-01-25,129.64999389648438,130.27000427246094,129.07000732421875,130.10000610351562,-0.0019944346856293205,-0.001996426218916223
2011-01-26,129.8300018310547,131.1699981689453,129.27999877929688,131.16000366210938,0.00814755963770164,0.008114547464887574
2011-01-27,130.2899932861328,130.49000549316406,127.80000305175781,127.93000030517578,-0.024626435397597568,-0.02493473818294468
2011-01-28,127.97000122070312,131.47999572753906,127.94999694824219,130.27999877929688,0.01836940880571558,0.018202729323755898
2011-01-31,129.27000427246094,130.50999450683594,129.25,129.8699951171875,-0.003147095992869553,-0.0031520585138855306
2011-02-01,130.52000427246094,131.0800018310547,129.3300018310547,130.8000030517578,0.007161068526499337,0.00713554983027548
2011-02-02,130.3699951171875,130.60000610351562,129.4499969482422,130.4499969482422,-0.002675887579124292,-0.002679474165923171
2011-02-03,130.07000732421875,132.32000732421875,129.27999877929688,132.1999969482422,0.013415101885317249,0.013325916144528013
2011-02-04,131.83999633789062,132.6999969482422,131.22999572753906,131.66000366210938,-0.004084669429638699,-0.004093034478557125
2011-02-07,131.6699981689453,131.9499969482422,131.22999572753906,131.67999267578125,0.00015182297672700074,0.0001518114527852543
2011-02-08,132.9600067138672,133.5,132.8000030517578,133.13999938964844,0.011087536414601473,0.011026520280860727
2011-02-09,133.19000244140625,133.38999938964844,132.49000549316406,133.07000732421875,-0.0005257027621342614,-0.0005258409922787546
2011-02-10,132.11000061035156,133.30999755859375,132.0,132.85000610351562,-0.0016532742811616874,-0.0016546424472632221
2011-02-11,133.00999450683594,133.44000244140625,132.08999633789062,132.32000732421875,-0.003989452427152318,-0.003997431521033765
2011-02-14,132.9499969482422,133.3800048828125,132.6999969482422,132.9499969482422,0.004761106326723441,0.004749808107153751
2011-02-15,133.86000061035156,134.1699981689453,133.6300048828125,133.97000122070312,0.007672089476301602,0.007642808665807496
2011-02-16,134.22999572753906,134.86000061035156,133.4499969482422,134.10000610351562,0.0009704029381796264,0.0009699324016305088
2011-02-17,134.74000549316406,135.16000366210938,134.47000122070312,135.0399932861328,0.007009598358195257,0.006985145327737571
2011-02-18,135.1699981689453,135.8000030517578,134.8800048828125,135.41000366210938,0.002740005882498453,0.002736258909305569
2011-02-22,136.9199981689453,137.22000122070312,136.19000244140625,136.2899932861328,0.006498704676349387,0.006477679138460114
2011-02-23,136.97000122070312,138.1999969482422,136.9199981689453,137.50999450683594,0.008951509874549624,0.008911682609680623
2011-02-24,138.0399932861328,138.13999938964844,135.72999572753906,136.47999572753906,-0.0074903557591639025,-0.007518549348772146
2011-02-25,137.22000122070312,137.74000549316406,136.77000427246094,137.3800048828125,0.006594440089741527,0.006572791889415744
2011-02-28,137.64999389648438,138.13999938964844,137.02999877929688,137.66000366210938,0.0020381334207675295,0.002036059244667372
2011-03-01,138.57000732421875,140.02999877929688,138.49000549316406,140.02999877929688,0.01721629416053716,0.017069773077460833
2011-03-02,140.24000549316406,140.5500030517578,139.47999572753906,139.9199981689453,-0.0007855503200063785,-0.0007858590263391696
2011-03-03,138.80999755859375,139.1300048828125,137.57000732421875,138.08999633789062,-0.013078915487442111,-0.013165197646376121
2011-03-04,138.6300048828125,139.75,138.61000061035156,139.35000610351562,0.009124554993410916,0.009083177750322635
2011-03-07,140.2899932861328,140.61000061035156,139.27999877929688,139.72000122070312,0.0026551496302960054,0.002651630947559652
2011-03-08,139.64999389648438,139.66000366210938,138.8300018310547,139.36000061035156,-0.0025765860807780427,-0.00257991119154468
2011-03-09,139.9199981689453,139.9499969482422,138.94000244140625,139.41000366210938,0.0003588049048421915,0.000358740549755809
2011-03-10,138.5,138.5,136.85000610351562,137.77000427246094,-0.011763857302689251,-0.011833598965568962
2011-03-11,137.2899932861328,138.92999267578125,137.17999267578125,138.22000122070312,0.0032662911685206186,0.0032609684267887263
2011-03-14,139.3300018310547,139.5500030517578,138.61000061035156,138.86000061035156,0.0046302950658096975,0.004619608225729074
2011-03-15,135.35000610351562,136.94000244140625,135.22999572753906,136.27000427246094,-0.01865185313629869,-0.018827992605934686
2011-03-16,136.52000427246094,137.1999969482422,135.8000030517578,136.24000549316406,-0.00022014220559418707,-0.0002201664404463368
2011-03-17,136.55999755859375,137.0800018310547,136.25,136.97000122070312,0.005358159851040822,0.005343855984731355
2011-03-18,138.13999938964844,138.8300018310547,137.75999450683594,138.3699951171875,0.010221171672682772,0.010169288734282928
2011-03-21,139.5,139.91000366210938,138.97000122070312,139.13999938964844,0.005564821129095288,0.005549394715688909
2011-03-22,138.8800048828125,139.36000061035156,138.6699981689453,139.0500030517578,-0.0006468042136366092,-0.0006470134817238508
2011-03-23,139.61000061035156,140.5500030517578,139.5500030517578,140.33999633789062,0.009277189916009121,0.009234421102419529
2011-03-24,140.27000427246094,141.27999877929688,138.8300018310547,139.22000122070312,-0.007980583913447803,-0.008012599220911064
2011-03-25,140.0,140.24000549316406,138.66000366210938,139.25999450683594,0.00028726681354784844,0.0002872255603370287
2011-03-28,137.82000732421875,138.8300018310547,137.77999877929688,138.5399932861328,-0.005170194234553005,-0.005183605936138139
2011-03-29,138.2100067138672,138.82000732421875,137.94000244140625,138.2100067138672,-0.0023818867349306716,-0.0023847279396549065
2011-03-30,139.07000732421875,139.17999267578125,137.67999267578125,138.6699981689453,0.0033282065894868484,0.003322680368145147
2011-03-31,140.0800018310547,140.39999389648438,139.77999877929688,139.86000061035156,0.008581542201770542,0.008544930078369888
2011-04-01,138.64999389648438,139.5500030517578,137.72000122070312,139.1999969482422,-0.004719030882519015,-0.0047302006629672795
2011-04-04,140.1300048828125,140.25999450683594,139.4499969482422,139.83999633789062,0.004597696865513701,0.004587159742600465
2011-04-05,139.5800018310547,142.08999633789062,139.52000427246094,142.0500030517578,0.015803824168639347,0.01568024406451237
2011-04-06,142.39999389648438,142.6199951171875,141.77000427246094,142.3800048828125,0.002323138500281763,0.0023204441860725563
2011-04-07,142.22999572753906,142.88999938964844,141.8000030517578,142.50999450683594,0.0009129766790669791,0.0009125601693485474
2011-04-08,143.33999633789062,143.83999633789062,142.97000122070312,143.66000366210938,0.008069673704311775,0.008037287998853247
2011-04-11,143.27999877929688,143.49000549316406,142.27999877929688,142.63999938964844,-0.007100127011412383,-0.007125452862238653
2011-04-12,142.74000549316406,142.82000732421875,140.75,141.61000061035156,-0.007220967356311059,-0.0072471647308646366
2011-04-13,142.38999938964844,142.52999877929688,141.47999572753906,141.89999389648438,0.0020478305549249676,0.00204573660814561
2011-04-14,142.35000610351562,143.8300018310547,142.22999572753906,143.80999755859375,0.013460209614263308,0.013370425768477334
2011-04-15,143.85000610351562,145.1199951171875,143.57000732421875,145.0500030517578,0.008622526348759818,0.008585564685085078
2011-04-18,145.2100067138672,146.07000732421875,144.6300048828125,145.92999267578125,0.006066801830465485,0.006048472882944081
2011-04-19,145.72999572753906,146.24000549316406,145.17999267578125,145.92999267578125,0.0,0.0
2011-04-20,146.3699951171875,146.83999633789062,145.74000549316406,146.5,0.0039060327062796496,0.003898423967414405
2011-04-21,146.57000732421875,147.05999755859375,146.32000732421875,146.74000549316406,0.0016382627519730963,0.001636922263399478
2011-04-25,147.57000732421875,147.5800018310547,146.4199981689453,146.8699951171875,0.0008858499329242875,0.0008854577994363184
2011-04-26,146.47000122070312,146.6199951171875,145.47999572753906,146.3800048828125,-0.0033362174076743134,-0.0033417949897760106
2011-04-27,147.3800048828125,149.2100067138672,146.52000427246094,149.1999969482422,0.0192648720546722,0.019081653785337462
2011-04-28,149.3000030517578,150.0,148.60000610351562,149.82000732421875,0.00415556560762953,0.004146955091005261
2011-04-29,149.89999389648438,153.02999877929688,149.75,152.3699951171875,0.01702034219935955,0.01687711902897774
2011-05-02,151.4600067138672,153.61000061035156,150.36000061035156,150.41000366210938,-0.012863368890775995,-0.012946818420868185
2011-05-03,150.42999267578125,150.97000122070312,148.85000610351562,149.8800048828125,-0.003523693679893136,-0.003529916511002363
2011-05-04,149.86000061035156,150.33999633789062,146.75999450683594,147.72999572753906,-0.01434486979737204,-0.014448752090855678
2011-05-05,146.82000732421875,147.5800018310547,142.5500030517578,143.47000122070312,-0.028836354362946848,-0.029260291794056918
2011-05-06,145.24000549316406,146.08999633789062,144.39999389648438,145.3000030517578,0.012755292503549676,0.01267462896066856
2011-05-09,146.6699981689453,147.5800018310547,146.33999633789062,147.3800048828125,0.01431522221175574,0.014213726890232377
2011-05-10,147.19000244140625,148.19000244140625,146.92999267578125,147.89999389648438,0.00352821954433602,0.0035220099792790545
2011-05-11,147.24000549316406,147.35000610351562,145.77000427246094,146.5399932861328,-0.009195406805110662,-0.009237945533017843
2011-05-12,145.8800048828125,147.1199951171875,144.9600067138672,146.58999633789062,0.00034122460794838716,0.0003411664040718726
2011-05-13,146.72000122070312,147.27999877929688,144.49000549316406,145.6300048828125,-0.006548819694799257,-0.006570357296572971
2011-05-16,145.8800048828125,146.6699981689453,145.19000244140625,145.3699951171875,-0.0017854134237942354,-0.0017870091740066025
2011-05-17,144.22999572753906,144.77999877929688,143.4199981689453,144.74000549316406,-0.004333697772470724,-0.0043431154594507256
2011-05-18,145.5500030517578,146.22000122070312,145.13999938964844,145.60000610351562,0.0059416925363608986,0.005924110292412172
2011-05-19,145.1199951171875,145.85000610351562,144.86000061035156,145.64999389648438,0.0003433227395142069,0.0003432638177482088
2011-05-20,145.82000732421875,147.77999877929688,144.89999389648438,147.49000549316406,0.012633104523076089,0.012553972615642393
2011-05-23,147.0399932861328,147.9499969482422,146.97000122070312,147.8300018310547,0.002305216117890696,0.0023025631834914487
2011-05-24,148.47999572753906,149.0500030517578,148.17999267578125,148.58999633789062,0.005141003161891922,0.005127833323306366
2011-05-25,148.72000122070312,149.3699951171875,148.52000427246094,148.5800018310547,-6.726231295683949e-05,-6.726457516765322e-05
2011-05-26,148.4499969482422,148.61000061035156,147.58999633789062,148.22000122070312,-0.0024229412162809494,-0.0024258812883911256
2011-05-27,149.02000427246094,149.9199981689453,148.9600067138672,149.6999969482422,0.009985128291392531,0.009935606280794308
2011-05-31,149.8800048828125,150.16000366210938,149.41000366210938,149.63999938964844,-0.0004007853027178099,-0.00040086563861292825
2011-06-01,149.66000366210938,151.1300048828125,149.42999267578125,149.91000366210938,0.001804358951899454,0.0018027330517969423
2011-06-02,150.14999389648438,150.3800048828125,148.07000732421875,149.5,-0.002734998679831291,-0.0027387456222016378
2011-06-03,150.27999877929688,150.66000366210938,149.6199951171875,150.22000122070312,0.004816061676943928,0.004804501553227066
2011-06-06,150.82000732421875,151.4499969482422,150.2100067138672,150.47999572753906,0.0017307582527172904,0.0017292622165884623
2011-06-07,150.6699981689453,150.85000610351562,149.67999267578125,150.4199981689453,-0.0003987078701302993,-0.0003987873752467306
2011-06-08,150.02000427246094,150.3800048828125,149.3000030517578,149.80999755859375,-0.0040553159006586625,-0.004063560992703724
2011-06-09,150.00999450683594,151.02000427246094,149.75,150.55999755859375,0.005006341447316709,0.004993851388959323
2011-06-10,149.0399932861328,149.77999877929688,148.69000244140625,149.24000549316406,-0.008767216304689351,-0.008805874461023683
2011-06-13,148.66000366210938,149.0399932861328,147.19000244140625,147.77000427246094,-0.009849914008281502,-0.00989874533208827
2011-06-14,147.6999969482422,148.72999572753906,147.47999572753906,148.6699981689453,0.0060905046387151884,0.006072032480570563
2011-06-15,148.16000366210938,149.5500030517578,147.9199981689453,149.1199951171875,0.0030268174734946474,0.003022245884073787
2011-06-16,148.8300018310547,149.49000549316406,148.22000122070312,148.97000122070312,-0.0010058603902615149,-0.0010063666073081164
2011-06-17,148.8699951171875,150.2899932861328,148.8300018310547,149.94000244140625,0.006511386270756869,0.006490278771680714
2011-06-20,150.0800018310547,150.7899932861328,149.5800018310547,150.02999877929688,0.000600215662433401,0.0006000356050579211
2011-06-21,150.25999450683594,150.8699951171875,150.17999267578125,150.75999450683594,0.004865665090172611,0.004853865999923359
2011-06-22,151.00999450683594,151.86000061035156,150.55999755859375,150.99000549316406,0.0015256765369389136,0.0015245138749051255
2011-06-23,148.6699981689453,148.83999633789062,147.25999450683594,148.33999633789062,-0.017550891177319783,-0.01770673421621351
2011-06-24,147.86000061035156,148.02000427246094,145.97000122070312,146.25999450683594,-0.014021854404774547,-0.014121089335867159
2011-06-27,145.92999267578125,146.39999389648438,145.1999969482422,145.72999572753906,-0.003623675640655799,-0.003630257057320092
2011-06-28,146.16000366210938,146.77000427246094,145.6699981689453,146.24000549316406,0.0034996897040917574,0.0034935800405475424
2011-06-29,146.77000427246094,147.4199981689453,146.44000244140625,147.17999267578125,0.006427702046695627,0.006407132466265777
2011-06-30,147.17999267578125,147.41000366210938,145.97999572753906,146.0,-0.008017344302908236,-0.008049656026433037
2011-07-01,144.75999450683594,145.07000732421875,143.97000122070312,144.92999267578125,-0.007328817289169565,-0.0073558050101630275
2011-07-05,146.9600067138672,147.82000732421875,146.85000610351562,147.6300048828125,0.018629768463946483,0.018458359922485637
2011-07-06,148.6999969482422,149.44000244140625,148.5800018310547,148.91000366210938,0.008670315904364623,0.008632944574224394
2011-07-07,148.97000122070312,149.35000610351562,148.2899932861328,149.14999389648438,0.001611646151856716,0.0016103488438778855
2011-07-08,150.32000732421875,150.5,149.99000549316406,150.25,0.007375166936172128,0.007348103376555757
2011-07-11,151.3300018310547,151.69000244140625,150.1999969482422,151.58999633789062,0.00891844484452986,0.008878910398621733
2011-07-12,151.24000549316406,153.32000732421875,150.77000427246094,152.77000427246094,0.007784207157971679,0.007754066530314864
2011-07-13,153.75999450683594,154.7100067138672,153.5800018310547,154.13999938964844,0.008967697053566592,0.008927726045871467
2011-07-14,154.80999755859375,155.24000549316406,153.9499969482422,154.5399932861328,0.0025950038800326425,0.002591642671108347
2011-07-15,154.33999633789062,155.2899932861328,154.22000122070312,155.1999969482422,0.004270762849635679,0.004261669024496625
2011-07-18,155.75999450683594,156.5800018310547,155.6699981689453,156.57000732421875,0.008827386616724331,0.008788653016896502
2011-07-19,156.32000732421875,156.32000732421875,154.10000610351562,154.66000366210938,-0.012199039233320219,-0.012274058243285656
2011-07-20,154.22000122070312,156.02000427246094,154.11000061035156,156.02000427246094,0.008793486215885604,0.008755048684885084
2011-07-21,155.91000366210938,156.0399932861328,154.3300018310547,154.8300018310547,-0.007627242717723082,-0.007656478889253896
2011-07-22,156.0,156.55999755859375,155.67999267578125,156.1199951171875,0.008331675197810862,0.008297158381419902
2011-07-25,157.60000610351562,157.8000030517578,156.72000122070312,157.33999633789062,0.007814509728797825,0.007784134589571454
2011-07-26,156.97000122070312,157.7899932861328,156.60000610351562,157.77000427246094,0.0027329855381899026,0.0027292577237113358
2011-07-27,158.47000122070312,158.63999938964844,156.69000244140625,157.19000244140625,-0.0036762490673009074,-0.003683023077966326
2011-07-28,157.5399932861328,157.60000610351562,156.11000061035156,157.32000732421875,0.0008270556701654996,0.0008267138480823339
2011-07-29,158.42999267578125,159.25,157.67999267578125,158.2899932861328,0.006165687241006967,0.006146757162875088
2011-08-01,157.47000122070312,158.97000122070312,156.77999877929688,157.72000122070312,-0.003600935558821683,-0.0036074345335545903
2011-08-02,159.3300018310547,161.6199951171875,158.97000122070312,161.52000427246094,0.024093349114550966,0.023807683707060965
2011-08-03,162.36000061035156,162.86000061035156,161.33999633789062,161.49000549316406,-0.00018572795011984056,-0.00018574519969141986
2011-08-04,163.61000061035156,163.8699951171875,159.67999267578125,160.63999938964844,-0.00526352142301223,-0.0052774225526159586
2011-08-05,161.63999938964844,162.3699951171875,160.47999572753906,161.75,0.006909864383522146,0.006886100677144776
2011-08-08,165.47999572753906,167.61000061035156,164.75999450683594,167.1199951171875,0.03319935157457499,0.032660154649896335
2011-08-09,169.92999267578125,173.14999389648438,167.47999572753906,168.61000061035156,0.008915782292353791,0.00887627137888437
2011-08-10,172.4600067138672,175.1300048828125,171.6199951171875,174.5800018310547,0.035407159712308234,0.03479474038575463
2011-08-11,172.27999877929688,172.33999633789062,168.64999389648438,170.75,-0.021938376623234723,-0.022182601344645846
2011-08-12,169.57000732421875,170.05999755859375,167.77000427246094,169.97000122070312,-0.004568074842148606,-0.004578540379765363
2011-08-15,169.32000732421875,171.91000366210938,168.9499969482422,171.8000030517578,0.010766616567110976,0.010709069242453939
2011-08-16,172.60000610351562,174.07000732421875,172.5,173.9199981689453,0.012339901510646678,0.0122643855311679
2011-08-17,173.8699951171875,174.67999267578125,173.25,174.4199981689453,0.002874885034866992,0.002870760456120654
2011-08-18,177.14999389648438,178.10000610351562,176.41000366210938,177.72000122070312,0.01891986633643583,0.01874311163551858
2011-08-19,181.63999938964844,181.6699981689453,178.91000366210938,179.9499969482422,0.012547803917521527,0.012469732629723616
2011-08-22,181.9499969482422,184.82000732421875,181.60000610351562,184.58999633789062,0.025784937306684297,0.02545811201523618
2011-08-23,182.24000549316406,183.82000732421875,177.5,177.6699981689453,-0.03748847882459627,-0.03820924283947076
2011-08-24,177.89999389648438,178.30999755859375,170.30999755859375,171.64999389648438,-0.033883065990334194,-0.03447040239609572
2011-08-25,167.0,172.80999755859375,165.8800048828125,172.36000061035156,0.004136363175726965,0.004127831942992827
2011-08-26,173.57000732421875,177.5500030517578,171.75,177.47000122070312,0.02964725337814067,0.029216271136055655
2011-08-29,175.9499969482422,176.00999450683594,172.8800048828125,173.88999938964844,-0.020172433686990066,-0.02037867554084576
2011-08-30,177.6999969482422,179.30999755859375,176.66000366210938,179.10000610351562,0.029961508609777754,0.029521431261488856
2011-08-31,177.72999572753906,179.16000366210938,176.3300018310547,177.72000122070312,-0.007705219630282367,-0.007735058209084623
2011-09-01,177.44000244140625,178.25999450683594,176.5500030517578,177.8699951171875,0.0008439899586658584,0.0008436339994106385
2011-09-02,182.82000732421875,183.50999450683594,182.10000610351562,183.24000549316406,0.030190647795535153,0.029743880060709684
2011-09-06,184.5800018310547,185.85000610351562,181.30999755859375,182.89999389648438,-0.0018555532988803192,-0.0018572769704758563
2011-09-07,176.19000244140625,178.08999633789062,174.4499969482422,177.0800018310547,-0.031820624711029866,-0.032337903821831236
2011-09-08,181.38999938964844,182.1199951171875,179.77000427246094,181.80999755859375,0.026711066628809732,0.026360554098634244
2011-09-09,179.75999450683594,181.9499969482422,179.1699981689453,180.6999969482422,-0.006105278176431583,-0.006123991593192474
2011-09-12,178.72999572753906,178.99000549316406,175.3300018310547,176.6699981689453,-0.022302151894618927,-0.022554605449326134
2011-09-13,177.52000427246094,179.5399932861328,176.2899932861328,178.5399932861328,0.010584678420606952,0.010529052886616642
2011-09-14,177.5500030517578,177.77999877929688,176.0500030517578,177.2100067138672,-0.007449236150323779,-0.007477120273184911
2011-09-15,174.61000061035156,174.85000610351562,172.55999755859375,174.39999389648438,-0.015856964679878405,-0.015984031396099732
2011-09-16,173.72000122070312,177.39999389648438,173.7100067138672,176.02999877929688,0.009346358600104132,0.00930295164559379
2011-09-19,176.8300018310547,176.86000061035156,172.1999969482422,173.30999755859375,-0.015451918647760743,-0.015572543748898304
2011-09-20,173.17999267578125,176.3699951171875,172.83999633789062,175.77999877929688,0.014251925771726182,0.014151321817653911
2011-09-21,174.7899932861328,176.72999572753906,173.13999938964844,173.58999633789062,-0.01245876923776712,-0.012537030407863034
2011-09-22,169.3000030517578,170.32000732421875,167.47999572753906,169.0500030517578,-0.026153542150526787,-0.026501628577849823
2011-09-23,164.50999450683594,165.72000122070312,158.5500030517578,159.8000030517578,-0.05471753820180614,-0.0562714947767603
2011-09-26,157.1199951171875,158.8000030517578,154.19000244140625,157.5800018310547,-0.013892372830456634,-0.013989774992148278
2011-09-27,161.61000061035156,162.2899932861328,159.91000366210938,160.6300048828125,0.01935526726943304,0.019170336530176878
2011-09-28,160.72999572753906,161.2899932861328,155.55999755859375,156.22000122070312,-0.027454420270526025,-0.0278383359714093
2011-09-29,158.1199951171875,158.1999969482422,156.13999938964844,157.6999969482422,0.009473791550213662,0.009429196621174493
2011-09-30,157.3000030517578,160.0,156.3300018310547,158.05999755859375,0.0022828193869255387,0.0022802177134303657
2011-10-03,161.08999633789062,161.55999755859375,159.92999267578125,160.9600067138672,0.018347521194908234,0.01818123629201861
2011-10-04,160.9499969482422,161.02999877929688,155.27000427246094,157.63999938964844,-0.02062628718772741,-0.02084198016777855
2011-10-05,158.00999450683594,160.32000732421875,156.44000244140625,159.4600067138672,0.011545339579202452,0.011479200723122179
2011-10-06,160.02000427246094,161.11000061035156,158.77000427246094,160.49000549316406,0.006459292210774237,0.006438520382399495
2011-10-07,161.02000427246094,161.5800018310547,158.22999572753906,159.17999267578125,-0.00816258192126873,-0.008196078194995479
2011-10-10,162.0500030517578,163.32000732421875,161.13999938964844,163.27000427246094,0.025694256721133568,0.025369706940620972
2011-10-11,162.2100067138672,162.50999450683594,161.2100067138672,162.10000610351562,-0.007166032573826864,-0.007191831911733941
2011-10-12,163.6999969482422,164.0,162.5,163.25999450683594,0.007156004686264872,0.00713052198207639
2011-10-13,162.3000030517578,162.47999572753906,160.82000732421875,162.3000030517578,-0.005880138964710846,-0.00589749505275014
2011-10-14,163.3300018310547,163.82000732421875,162.25,163.39999389648438,0.00677751585978581,0.006754651748949264
2011-10-17,164.0,164.16000366210938,161.9499969482422,162.6199951171875,-0.00477355451916972,-0.004784984318897891
2011-10-18,159.9600067138672,162.02999877929688,158.3000030517578,161.83999633789062,-0.004796450637787775,-0.004807990522259361
2011-10-19,161.08999633789062,161.42999267578125,159.5500030517578,159.8699951171875,-0.012172523883343,-0.012247215797121397
2011-10-20,157.6199951171875,158.4199981689453,156.0500030517578,157.77000427246094,-0.013135615868301143,-0.013222651084731378
2011-10-21,159.99000549316406,160.4499969482422,158.94000244140625,159.52000427246094,0.011092095788866496,0.01103102964708361
2011-10-24,160.5500030517578,161.3300018310547,160.22000122070312,161.02000427246094,0.009403209377038424,0.009359274408804371
2011-10-25,161.24000549316406,166.33999633789062,160.41000366210938,165.58999633789062,0.028381517477150453,0.02798622413330745
2011-10-26,167.02999877929688,168.0500030517578,166.4199981689453,167.39999389648438,0.010930597249971585,0.010871290055837372
2011-10-27,167.58999633789062,170.2899932861328,166.64999389648438,169.5500030517578,0.0128435438092247,0.012761764976101417
2011-10-28,169.63999938964844,169.94000244140625,168.75,169.6199951171875,0.0004128107588905472,0.00041272557597136334
2011-10-31,167.75999450683594,168.16000366210938,166.91000366210938,167.33999633789062,-0.01344180429743358,-0.013532963163571735
2011-11-01,164.02999877929688,167.41000366210938,163.61000061035156,167.3800048828125,0.00023908536989014628,0.00023905679353779965
2011-11-02,168.58999633789062,169.74000549316406,167.3000030517578,169.05999755859375,0.010036997411712711,0.009986961282971352
2011-11-03,171.1699981689453,172.0399932861328,169.89999389648438,171.72000122070312,0.015734080802807693,0.015611583405325672
2011-11-04,171.02999877929688,171.33999633789062,170.16000366210938,170.85000610351562,-0.005066358671109827,-0.005079236179332056
2011-11-07,172.85000610351562,175.0,172.7100067138672,174.97999572753906,0.024173189795036576,0.023885642975553973
2011-11-08,174.35000610351562,175.4600067138672,172.89999389648438,173.52999877929688,-0.008286644094448237,-0.008321169193389317
2011-11-09,174.27999877929688,174.80999755859375,171.61000061035156,172.07000732421875,-0.00841348161901967,-0.008449074737466438
2011-11-10,172.42999267578125,172.58999633789062,168.8300018310547,171.13999938964844,-0.005404823007986281,-0.0054194819068881525
2011-11-11,172.10000610351562,174.0500030517578,172.07000732421875,173.9600067138672,0.01647778038025005,0.016343494900231577
2011-11-14,173.74000549316406,173.86000061035156,172.58999633789062,173.1999969482422,-0.004368876387059961,-0.004378447815266984
2011-11-15,173.35000610351562,173.80999755859375,171.89999389648438,173.36000061035156,0.000923808688964245,0.0009233822403350991
2011-11-16,171.6300048828125,172.9600067138672,170.57000732421875,171.50999450683594,-0.010671470333423416,-0.01072881883307553
2011-11-17,170.0399932861328,170.3000030517578,166.38999938964844,167.10000610351562,-0.025712719634799708,-0.026049069788272285
2011-11-18,167.22999572753906,168.69000244140625,166.60000610351562,167.6199951171875,0.0031118431758150322,0.0031070114130365514
2011-11-21,166.61000061035156,166.7100067138672,162.07000732421875,163.5,-0.024579377384584156,-0.024886493203201684
2011-11-22,164.74000549316406,165.9199981689453,164.61000061035156,165.30999755859375,0.0110703214592891,0.011009493958958352
2011-11-23,164.5500030517578,165.3699951171875,163.1199951171875,164.8300018310547,-0.0029036097914703074,-0.002907833444255293
2011-11-25,163.3300018310547,165.1999969482422,163.2899932861328,163.39999389648438,-0.00867565321048791,-0.00871350577932607
2011-11-28,166.92999267578125,167.13999938964844,165.97999572753906,166.6300048828125,0.01976750983463549,0.019574669781168473
2011-11-29,166.39999389648438,167.3300018310547,166.0800018310547,166.8800048828125,0.0015003300286513532,0.0014992056580314238
2011-11-30,169.6999969482422,170.3000030517578,169.05999755859375,170.1300048828125,0.019475071338128425,0.019287858882640098
2011-12-01,169.85000610351562,170.57000732421875,168.58999633789062,169.6300048828125,-0.0029389289699039978,-0.0029432561018175956
2011-12-02,170.64999389648438,170.8000030517578,169.36000061035156,169.82000732421875,0.0011200992509403651,0.0011194724078150643
2011-12-05,169.05999755859375,169.9499969482422,167.05999755859375,167.32000732421875,-0.014721469156617206,-0.014830905352806206
2011-12-06,166.30999755859375,168.57000732421875,165.52999877929688,168.17999267578125,0.00513976400859284,0.005126600507155191
2011-12-07,168.7899932861328,169.52000427246094,167.75999450683594,169.39999389648438,0.007254140051337954,0.007227955332883408
2011-12-08,166.9600067138672,167.6300048828125,165.72999572753906,165.97999572753906,-0.02018889192543405,-0.020395472758271072
2011-12-09,166.42999267578125,167.33999633789062,166.1199951171875,166.39999389648438,0.002530414385808033,0.002527218277842403
2011-12-12,162.35000610351562,162.41000366210938,161.13999938964844,161.99000549316406,-0.026502335126668997,-0.026859852864766727
2011-12-13,161.86000061035156,163.19000244140625,157.75999450683594,158.4499969482422,-0.021853252823497593,-0.022095571965698058
2011-12-14,156.7899932861328,157.33999633789062,152.0500030517578,152.88999938964844,-0.03508991900081848,-0.03572036229643507
2011-12-15,154.74000549316406,154.9499969482422,151.7100067138672,152.3300018310547,-0.0036627481249873473,-0.0036694724115009882
2011-12-16,154.30999755859375,155.3699951171875,153.89999389648438,155.22999572753906,0.019037575406193996,0.018858628346003374
2011-12-19,155.47999572753906,155.86000061035156,154.36000061035156,154.8699951171875,-0.0023191433373703774,-0.0023218367153054562
2011-12-20,156.82000732421875,157.42999267578125,156.5800018310547,156.97999572753906,0.013624334453907316,0.013532357682449965
2011-12-21,156.97999572753906,157.52999877929688,156.1300048828125,157.16000366210938,0.001146693460756243,0.0011460365099759205
2011-12-22,156.35000610351562,156.8000030517578,155.3300018310547,156.0399932861328,-0.00712656114710053,-0.007152076380172022
2011-12-23,156.35000610351562,156.49000549316406,155.82000732421875,156.30999755859375,0.0017303530125498678,0.0017288576765001683
2011-12-27,155.0800018310547,155.5500030517578,154.5399932861328,154.91000366210938,-0.008956521773084813,-0.008996872529867412
2011-12-28,154.0500030517578,154.25999450683594,150.66000366210938,151.02999877929688,-0.02504683229674176,-0.025365842262780703
2011-12-29,149.08999633789062,150.72000122070312,148.27000427246094,150.33999633789062,-0.004568644951223,-0.0045791131052559195
2011-12-30,152.13999938964844,153.75,151.7899932861328,151.99000549316406,0.010975184218875667,0.010915393959510784
2012-01-03,154.75999450683594,156.3000030517578,154.5500030517578,155.9199981689453,0.025856915150634707,0.025528278105768725
2012-01-04,155.42999267578125,157.3800048828125,155.33999633789062,156.7100067138672,0.005066755734988382,0.005053962921992179
2012-01-05,155.3699951171875,158.02999877929688,155.25,157.77999877929688,0.006827847741614601,0.006804643552456634
2012-01-06,158.58999633789062,158.6300048828125,156.3800048828125,157.1999969482422,-0.0036760161968690808,-0.003682789348313295
2012-01-09,157.36000061035156,157.58999633789062,156.19000244140625,156.5,-0.0044529068818790485,-0.004462850601680474
2012-01-10,158.97000122070312,159.47000122070312,158.47000122070312,158.63999938964844,0.01367411750574088,0.01358147038393252
2012-01-11,159.33999633789062,160.0500030517578,158.91000366210938,159.6699981689453,0.006492680176876542,0.006471693519725533
2012-01-12,161.02000427246094,161.6199951171875,159.8300018310547,160.3800048828125,0.004446713358861265,0.004436855940286991
2012-01-13,159.32000732421875,159.58999633789062,158.00999450683594,159.25999450683594,-0.006983478874407978,-0.00700797748665459
2012-01-17,161.1699981689453,161.64999389648438,160.4199981689453,160.5,0.007786045057981195,0.007755890232572322
2012-01-18,159.94000244140625,161.63999938964844,159.67999267578125,161.60000610351562,0.006853620582651931,0.006830241286203655
2012-01-19,160.9600067138672,161.4499969482422,160.3300018310547,161.22000122070312,-0.0023515152751236723,-0.0023542844291586738
2012-01-20,160.5,162.08999633789062,160.0,162.07000732421875,0.005272336540625755,0.005258486434611419
2012-01-23,162.32000732421875,163.47000122070312,162.32000732421875,163.16000366210938,0.006725466086455523,0.006702951032527608
2012-01-24,161.80999755859375,162.3699951171875,161.52999877929688,162.00999450683594,-0.007048352105060052,-0.007073309078255219
2012-01-25,161.07000732421875,166.5500030517578,160.2899932861328,166.4199981689453,0.02722056546902296,0.026856674653672707
2012-01-26,168.0500030517578,168.30999755859375,167.0500030517578,167.27000427246094,0.005107595919167762,0.00509459639654765
2012-01-27,167.44000244140625,169.0,167.41000366210938,168.97000122070312,0.010163190678665446,0.01011189273071679
2012-01-30,168.19000244140625,168.5399932861328,167.74000549316406,168.02999877929688,-0.0055631321217690655,-0.005578663971878356
2012-01-31,169.77000427246094,169.86000061035156,167.72000122070312,169.30999755859375,0.0076176801082890044,0.007588812095342065
2012-02-01,169.75,170.17999267578125,169.0800018310547,169.55999755859375,0.001476581439991298,0.00147549236555642
2012-02-02,169.9600067138672,171.22999572753906,169.67999267578125,171.0500030517578,0.00878748239335847,0.008749097178977205
2012-02-03,169.8800048828125,170.13999938964844,167.50999450683594,167.63999938964844,-0.019935712372232683,-0.020137109848909707
2012-02-06,166.9600067138672,167.67999267578125,166.61000061035156,167.17999267578125,-0.0027440152442257393,-0.002747786955391367
2012-02-07,167.3800048828125,170.08999633789062,167.14999389648438,169.6999969482422,0.015073599610379684,0.014961121796296195
2012-02-08,169.25999450683594,169.9600067138672,167.5,168.5,-0.0070712844420862675,-0.0070964044645123875
2012-02-09,170.00999450683594,170.3699951171875,167.6699981689453,168.02000427246094,-0.002848639332576064,-0.002852704427427749
2012-02-10,166.49000549316406,167.63999938964844,166.3300018310547,167.13999938964844,-0.005237500657275795,-0.005251264443437007
2012-02-13,167.3300018310547,167.94000244140625,166.74000549316406,167.50999450683594,0.0022136838491002564,0.0022112372609914763
2012-02-14,167.64999389648438,167.92999267578125,166.4199981689453,167.1199951171875,-0.0023282156434702994,-0.002330930151636942
2012-02-15,168.6300048828125,168.75,167.19000244140625,168.11000061035156,0.0059239200699465755,0.0059064426447289235
2012-02-16,166.3300018310547,168.13999938964844,166.1699981689453,168.0,-0.0006543371004235077,-0.0006545512723762022
2012-02-17,168.2899932861328,168.3300018310547,166.8699951171875,167.35000610351562,-0.0038690112885975125,-0.0038765152743636634
2012-02-21,169.64999389648438,171.07000732421875,169.58999633789062,171.02000427246094,0.021930074903464325,0.02169306958114338
2012-02-22,170.39999389648438,173.1699981689453,170.19000244140625,172.94000244140625,0.01122674611729324,0.011164193939316386
2012-02-23,172.69000244140625,173.77000427246094,172.27999877929688,173.02000427246094,0.00046259876214471696,0.0004624917963242474
2012-02-24,172.6300048828125,173.0399932861328,172.0,172.22999572753906,-0.004565995407547319,-0.0045764514047417675
2012-02-27,172.13999938964844,172.9199981689453,171.5800018310547,171.6999969482422,-0.003077273369589517,-0.003082017911286478
2012-02-28,172.83999633789062,174.0,172.60000610351562,173.49000549316406,0.010425210114951122,0.01037124237129815
2012-02-29,173.19000244140625,173.58999633789062,164.0,164.2899932861328,-0.053029061708074865,-0.054486874448655936
2012-03-01,166.10000610351562,167.72000122070312,165.75,166.61000061035156,0.014121415904973178,0.014022637552039158
2012-03-02,166.22999572753906,166.8300018310547,165.6300048828125,166.33999633789062,-0.001620576624883352,-0.0016218911795983044
2012-03-05,165.77000427246094,165.91000366210938,164.5500030517578,165.64999389648438,-0.004148145103987089,-0.00415677252468325
2012-03-06,162.14999389648438,162.80999755859375,161.77999877929688,162.6999969482422,-0.0178086148924681,-0.017969096432021343
2012-03-07,162.75999450683594,164.02000427246094,162.50999450683594,163.6300048828125,0.005716090670033314,0.00569981581334447
2012-03-08,164.74000549316406,165.5500030517578,164.0500030517578,165.27999877929688,0.010083687876597303,0.010033186704286951
2012-03-09,163.63999938964844,166.57000732421875,163.25,166.3800048828125,0.006655409678363311,0.0066333602174327025
2012-03-12,165.3300018310547,165.5800018310547,164.39999389648438,165.07000732421875,-0.007873527588344698,-0.007904687473264298
2012-03-13,163.94000244140625,165.41000366210938,161.42999267578125,162.3000030517578,-0.016780784815864758,-0.01692317740609355
2012-03-14,159.61000061035156,160.5800018310547,158.8000030517578,159.57000732421875,-0.01682067576220847,-0.01696375000167828
2012-03-15,159.72999572753906,161.97999572753906,159.27999877929688,161.0800018310547,0.00946289676961598,0.009418404028557977
2012-03-16,160.0800018310547,161.5399932861328,159.9199981689453,161.3000030517578,0.001365788541111801,0.0013648567003107786
2012-03-19,160.85000610351562,162.3000030517578,160.72000122070312,161.58999633789062,0.0017978504689784014,0.0017962362702596962
2012-03-20,160.1999969482422,161.0800018310547,159.77000427246094,160.1300048828125,-0.009035159899535072,-0.009076224493998303
2012-03-21,160.6300048828125,161.47999572753906,160.14999389648438,160.2100067138672,0.0004996054993768873,0.0004994807381019333
2012-03-22,158.1999969482422,159.7100067138672,158.1300048828125,159.57000732421875,-0.0039947529044891406,-0.004002753243231974
2012-03-23,160.8800048828125,161.8800048828125,160.52000427246094,161.52999877929688,0.012282956477502438,0.012208133046479623
2012-03-26,163.1699981689453,164.5399932861328,162.9499969482422,164.39999389648438,0.0177675672560913,0.017611569127534244
2012-03-27,164.52000427246094,164.88999938964844,163.1300048828125,163.24000549316406,-0.007055890793102537,-0.0070809013076213
2012-03-28,162.7100067138672,162.97999572753906,160.66000366210938,161.50999450683594,-0.010597959618425579,-0.010654517949322703
2012-03-29,161.13999938964844,161.4600067138672,159.80999755859375,161.27999877929688,-0.0014240340248994343,-0.0014250489249673808
2012-03-30,161.6699981689453,162.3300018310547,161.22000122070312,162.1199951171875,0.0052083106662228484,0.005194794327439433
2012-04-02,161.9600067138672,163.55999755859375,161.80999755859375,162.94000244140625,0.005058027072021742,0.0050452782243641
2012-04-03,163.22999572753906,163.22999572753906,159.1699981689453,159.88999938964844,-0.01871856515317416,-0.01889597488595619
2012-04-04,157.6999969482422,158.02999877929688,156.5800018310547,157.2100067138672,-0.01676147780356274,-0.016903541070223595
2012-04-05,157.8699951171875,158.67999267578125,157.77999877929688,158.30999755859375,0.006996951833534437,0.006972586754221729
2012-04-09,159.72000122070312,160.00999450683594,158.91000366210938,159.3699951171875,0.006695708261895694,0.006673391569320288
2012-04-10,159.66000366210938,161.5800018310547,158.47000122070312,161.10000610351562,0.010855311785985977,0.01079681583610527
2012-04-11,161.1999969482422,161.5399932861328,160.74000549316406,161.07000732421875,-0.00018621215493686005,-0.0001862294945727839
2012-04-12,160.74000549316406,163.1999969482422,160.4600067138672,162.6999969482422,0.010119758799926215,0.010068896893171232
2012-04-13,162.4499969482422,162.4600067138672,160.1699981689453,160.85000610351562,-0.011370564716820963,-0.011435703837606927
2012-04-16,160.50999450683594,161.17999267578125,159.52999877929688,160.4600067138672,-0.0024246153239028123,-0.0024275594635374416
2012-04-17,160.5399932861328,160.9600067138672,158.75,160.25,-0.0013087791666472892,-0.0013096363661056385
2012-04-18,159.49000549316406,160.1199951171875,159.07000732421875,159.30999755859375,-0.005865849868369688,-0.005883121540853622
2012-04-19,160.0,160.63999938964844,159.02000427246094,159.42999267578125,0.0007532177454423472,0.0007529342193186616
2012-04-20,159.25,159.91000366210938,159.1999969482422,159.5399932861328,0.0006899618353195525,0.0006897239210806605
2012-04-23,158.1999969482422,159.17999267578125,157.8800048828125,159.07000732421875,-0.0029458817957397354,-0.0029502294460589935
2012-04-24,159.6300048828125,160.17999267578125,159.2899932861328,159.3000030517578,0.0014458773932806146,0.0014448331190362385
2012-04-25,159.47999572753906,159.9600067138672,157.75999450683594,159.6199951171875,0.0020087386020055664,0.002006723784330158
2012-04-26,160.4600067138672,161.3800048828125,160.10000610351562,161.02999877929688,0.008833502726736775,0.00879471559167779
2012-04-27,161.77999877929688,161.97000122070312,161.14999389648438,161.3800048828125,0.0021735459614287134,0.0021711872276646304
2012-04-30,160.49000549316406,161.8800048828125,160.30999755859375,161.8800048828125,0.003098277264045768,0.0030934874938505622
2012-05-01,162.08999633789062,162.17999267578125,160.88999938964844,161.32000732421875,-0.003459337420944286,-0.0034653347638567127
2012-05-02,160.74000549316406,160.77999877929688,159.75999450683594,160.58999633789062,-0.004525235266453653,-0.00453550513766278
2012-05-03,159.16000366210938,159.47999572753906,158.3699951171875,158.97000122070312,-0.010087771057537998,-0.010138997417698532
2012-05-04,158.82000732421875,159.97999572753906,158.57000732421875,159.47000122070312,0.0031452475068289854,0.0031403115630244814
2012-05-07,159.30999755859375,159.33999633789062,158.4499969482422,159.0800018310547,-0.0024455972073937904,-0.0024485925648660245
2012-05-08,156.61000061035156,156.72999572753906,154.9199981689453,156.0,-0.019361338921316418,-0.01955122460022864
2012-05-09,154.10000610351562,154.97999572753906,153.60000610351562,154.47000122070312,-0.00980768448267233,-0.009856096620851877
2012-05-10,155.16000366210938,155.57000732421875,154.63999938964844,154.77000427246094,0.0019421444253708842,0.001940260901209398
2012-05-11,153.44000244140625,154.47000122070312,153.24000549316406,153.55999755859375,-0.007818095757993637,-0.007848817296009933
2012-05-14,151.5800018310547,152.02999877929688,151.0,151.3300018310547,-0.014521983348483536,-0.01462845943520308
2012-05-15,151.16000366210938,151.44000244140625,149.6300048828125,149.74000549316406,-0.010506815031071648,-0.010562401311462568
2012-05-16,149.47999572753906,150.6999969482422,148.60000610351562,149.4600067138672,-0.0018698996195085638,-0.001871650064246415
2012-05-17,150.8300018310547,153.39999389648438,150.3800048828125,152.8000030517578,0.022347090779173184,0.022101053281684286
2012-05-18,154.4600067138672,155.1300048828125,153.97000122070312,154.5500030517578,0.011452879352412237,0.011387791619555667
2012-05-21,154.11000061035156,154.9499969482422,153.86000061035156,154.64999389648438,0.000646980541909592,0.0006467713402268693
2012-05-22,153.58999633789062,154.4199981689453,151.5500030517578,152.0800018310547,-0.016618119410660492,-0.016757749444190322
2012-05-23,151.5,151.83999633789062,148.83999633789062,151.6199951171875,-0.0030247679400885463,-0.0030293517963689474
2012-05-24,152.7100067138672,152.91000366210938,150.6199951171875,151.41000366210938,-0.001384985238363945,-0.0013859452168922916
2012-05-25,151.88999938964844,152.85000610351562,151.6300048828125,152.67999267578125,0.00838774838488221,0.008352766698997548
2012-05-29,153.47000122070312,153.6199951171875,150.25,151.02000427246094,-0.010872337457110914,-0.010931873240010203
2012-05-30,149.74000549316406,152.3800048828125,148.52999877929688,151.91000366210938,0.005893254962718419,0.005875957660694494
2012-05-31,152.02999877929688,152.7100067138672,150.6199951171875,151.6199951171875,-0.0019090812845146132,-0.001910905902789609
2012-06-01,155.41000366210938,158.30999755859375,154.8699951171875,157.5,0.038781196888100666,0.03804809984180762
2012-06-04,157.25999450683594,157.44000244140625,156.16000366210938,157.32000732421875,-0.0011428106398809756,-0.0011434641458968186
2012-06-05,156.9199981689453,157.27000427246094,156.4199981689453,157.13999938964844,-0.0011442151423203262,-0.0011448702562414747
2012-06-06,158.89999389648438,159.1999969482422,156.58999633789062,157.2100067138672,0.0004455092560180507,0.0004454100462342761
2012-06-07,157.82000732421875,157.83999633789062,153.19000244140625,154.5,-0.01723813115026185,-0.017388437571983575
2012-06-08,153.02000427246094,154.8300018310547,153.0,154.72999572753906,0.0014886454856897213,0.0014875385514176553
2012-06-11,154.8300018310547,155.39999389648438,153.5500030517578,155.36000061035156,0.004071640277957922,0.004063373582424457
2012-06-12,155.49000549316406,157.0399932861328,155.4499969482422,156.4600067138672,0.007080368815616023,0.007055420696368892
2012-06-13,157.61000061035156,157.64999389648438,156.4199981689453,157.1199951171875,0.004218256263578635,0.004209384361180728
2012-06-14,157.63999938964844,157.94000244140625,156.24000549316406,157.75,0.004009705335992431,0.004001687892130676
2012-06-15,157.75,158.4600067138672,157.4199981689453,157.83999633789062,0.0005704997647584253,0.0005703370916346761
2012-06-18,157.4600067138672,158.2100067138672,156.5399932861328,157.92999267578125,0.0005701744803514597,0.0005700119926437334
2012-06-19,158.0,158.13999938964844,156.97000122070312,157.16000366210938,-0.004875508449193711,-0.004887432513551658
2012-06-20,156.0,157.3699951171875,154.25999450683594,155.97000122070312,-0.0075719166052243825,-0.007600729101789924
2012-06-21,153.72999572753906,154.22999572753906,151.8000030517578,152.02000427246094,-0.025325363321968553,-0.025651569647767526
2012-06-22,152.0399932861328,152.6999969482422,151.2100067138672,152.63999938964844,0.004078378501268132,0.004070084458850245
2012-06-25,152.5800018310547,154.16000366210938,152.25,153.75999450683594,0.00733749424571517,0.00731070579506714
2012-06-26,153.02999877929688,153.3000030517578,152.1300048828125,152.6199951171875,-0.007414148220444616,-0.007441769628189937
2012-06-27,153.3000030517578,153.4499969482422,152.14999389648438,152.8300018310547,0.001376010487393442,0.001375064652515789
2012-06-28,151.89999389648438,152.16000366210938,150.14999389648438,151.0500030517578,-0.011646919832302038,-0.011715276484427288
2012-06-29,155.1300048828125,155.9499969482422,154.52000427246094,155.19000244140625,0.027408138404537707,0.027039260378949704
2012-07-02,154.6699981689453,155.5500030517578,154.33999633789062,155.08999633789062,-0.0006444107348563266,-0.000644618456697509
2012-07-03,156.97000122070312,157.72000122070312,156.77000427246094,157.4600067138672,0.015281516744723334,0.01516593043631744
2012-07-05,155.44000244140625,156.39999389648438,154.4499969482422,155.67999267578125,-0.011304546946454441,-0.011368929003809548
2012-07-06,154.22999572753906,154.49000549316406,152.9499969482422,153.7100067138672,-0.012654072807009586,-0.012734817475435407
2012-07-09,153.61000061035156,154.5800018310547,153.42999267578125,154.0399932861328,0.002146812555150701,0.0021445114458555955
2012-07-10,155.1300048828125,155.17999267578125,151.77999877929688,152.14999389648438,-0.012269536951600046,-0.012345429133629288
2012-07-11,152.5800018310547,153.4499969482422,152.02000427246094,152.99000549316406,0.005520944005105832,0.0055057594568082525
2012-07-12,151.25999450683594,153.07000732421875,150.85000610351562,152.58999633789062,-0.00261460971900751,-0.002618033780691079
2012-07-13,153.4499969482422,154.94000244140625,153.44000244140625,154.13999938964844,0.010157959820154439,0.010106714486149358
2012-07-16,154.42999267578125,154.75,153.97999572753906,154.2100067138672,0.00045418012518472217,0.0004540770166103946
2012-07-17,154.00999450683594,154.5,152.4499969482422,153.47000122070312,-0.0047986866023365105,-0.004810237265713993
2012-07-18,152.6699981689453,153.60000610351562,152.39999389648438,153.0500030517578,-0.002736679257213992,-0.002740430809986751
2012-07-19,153.72999572753906,154.32000732421875,152.92999267578125,153.3800048828125,0.0021561700390366756,0.002153848840418498
2012-07-20,152.97000122070312,154.0,152.75,153.6699981689453,0.0018906850756352789,0.001888899980288932
2012-07-23,152.5,153.3300018310547,152.2899932861328,153.02999877929688,-0.0041647647379081665,-0.0041734615256850535
2012-07-24,153.6300048828125,153.8000030517578,152.1999969482422,153.52000427246094,0.003202022460124132,0.00319690690338272
2012-07-25,155.3300018310547,156.2899932861328,155.0500030517578,155.6699981689453,0.014004649795792412,0.013907490755906015
2012-07-26,156.6999969482422,157.25999450683594,156.0500030517578,156.77000427246094,0.007066269136341896,0.007041420048145291
2012-07-27,157.63999938964844,157.9600067138672,156.66000366210938,157.5399932861328,0.004911583802304831,0.00489956132478139
2012-07-30,156.83999633789062,157.66000366210938,154.80999755859375,157.42999267578125,-0.0006982392728160924,-0.0006984831553893457
2012-07-31,157.60000610351562,157.72000122070312,156.25999450683594,156.49000549316406,-0.00597082656640302,-0.005988723225470398
2012-08-01,155.17999267578125,155.7899932861328,154.41000366210938,155.13999938964844,-0.008626788012826792,-0.00866421414888581
2012-08-02,154.66000366210938,155.13999938964844,153.61000061035156,154.1300048828125,-0.006510213425354183,-0.006531497290067034
2012-08-03,154.64999389648438,155.88999938964844,154.4199981689453,155.5500030517578,0.009212989839486152,0.009170809124329653
2012-08-06,155.9199981689453,156.72999572753906,155.74000549316406,156.3000030517578,0.004821600676860438,0.004810013989643127
2012-08-07,156.3699951171875,156.6300048828125,156.00999450683594,156.27999877929688,-0.0001279863856068486,-0.00012799457656319368
2012-08-08,156.49000549316406,156.86000061035156,156.25999450683594,156.47999572753906,0.0012797347696722472,0.0012789166070782496
2012-08-09,156.36000061035156,157.0,156.27999877929688,156.99000549316406,0.003259264951112506,0.0032539650598126992
2012-08-10,156.89999389648438,157.82000732421875,156.64999389648438,157.17999267578125,0.0012101864830207365,0.0012094547976165897
2012-08-13,157.0500030517578,157.4499969482422,155.89999389648438,155.99000549316406,-0.0075708565852385945,-0.007599660994752833
2012-08-14,155.05999755859375,155.5800018310547,154.8300018310547,155.1300048828125,-0.00551317764002035,-0.005528431293767677
2012-08-15,155.32000732421875,155.82000732421875,155.27000427246094,155.6300048828125,0.003223103102315328,0.003217920039555506
2012-08-16,155.85000610351562,157.08999633789062,155.5,156.55999755859375,0.0059756643744985904,0.005957880902347246
2012-08-17,157.05999755859375,157.07000732421875,156.22000122070312,156.72000122070312,0.001021995813774046,0.0010214739315963608
2012-08-20,156.52000427246094,157.39999389648438,156.47000122070312,157.25999450683594,0.003445592661605268,0.0034396702075541645
2012-08-21,158.80999755859375,159.1999969482422,158.69000244140625,158.8300018310547,0.009983513792826137,0.009934007742546973
2012-08-22,159.19000244140625,160.6300048828125,158.50999450683594,160.5399932861328,0.010766174119276384,0.010708631507447481
2012-08-23,161.41000366210938,162.4499969482422,161.22999572753906,161.88999938964844,0.008409157592958794,0.008373997600348033
2012-08-24,161.8699951171875,162.35000610351562,161.3300018310547,161.97000122070312,0.000494174015419846,0.00049405195165326
2012-08-27,161.77000427246094,162.2899932861328,161.33999633789062,161.36000061035156,-0.003766133270076133,-0.0037732430064034606
2012-08-28,161.6300048828125,162.19000244140625,161.3000030517578,161.63999938964844,0.0017352428001844444,0.0017337390057776023
2012-08-29,161.60000610351562,161.67999267578125,160.17999267578125,160.58999633789062,-0.006495935756759552,-0.006517126164973718
2012-08-30,161.25999450683594,161.30999755859375,160.00999450683594,160.52000427246094,-0.0004358432469381279,-0.0004359382542126009
2012-08-31,161.13999938964844,164.22000122070312,159.55999755859375,164.22000122070312,0.02305006759133854,0.02278842769888954
2012-09-04,164.11000061035156,164.77000427246094,163.66000366210938,164.47999572753906,0.001583208530649749,0.0015819565772519967
2012-09-05,164.1199951171875,164.38999938964844,163.80999755859375,164.30999755859375,-0.0010335492057460538,-0.00103408368603259
2012-09-06,165.16000366210938,165.77999877929688,164.8000030517578,164.88999938964844,0.0035299241657396063,0.0035237086061065126
2012-09-07,167.77000427246094,169.0,167.3699951171875,168.44000244140625,0.021529523105697113,0.021301036576637185
2012-09-10,167.83999633789062,168.13999938964844,167.22999572753906,167.2899932861328,-0.006827411176709486,-0.0068508245778626286
2012-09-11,168.22000122070312,168.52999877929688,167.7899932861328,167.89999389648438,0.003646366398665668,0.0036397345213229062
2012-09-12,168.83999633789062,168.8699951171875,167.25,167.9199981689453,0.00011914397372314589,0.0001191368766436192
2012-09-13,167.8699951171875,171.91000366210938,166.3000030517578,171.30999755859375,0.02018818143529133,0.019987101882923578
2012-09-14,171.88999938964844,172.22999572753906,171.30999755859375,171.8000030517578,0.002860343822002953,0.002856260822614609
2012-09-17,171.77000427246094,171.9600067138672,170.05999755859375,170.39999389648438,-0.008149063622843289,-0.008182448737126974
2012-09-18,170.80999755859375,171.9499969482422,170.6699981689453,171.72000122070312,0.007746522133214695,0.007716671888582333
2012-09-19,171.8800048828125,172.02999877929688,171.19000244140625,171.74000549316406,0.00011649354949172519,0.00011648676464511073
2012-09-20,171.02999877929688,171.69000244140625,170.22999572753906,171.47000122070312,-0.0015721687657199723,-0.0015734059198807039
2012-09-21,172.92999267578125,173.17999267578125,171.5399932861328,171.9600067138672,0.0028576747517099488,0.00285359936146375
2012-09-24,170.6300048828125,171.38999938964844,170.57000732421875,171.0500030517578,-0.005291949445103139,-0.0053060014063377545
2012-09-25,171.75999450683594,172.11000061035156,170.5,170.77000427246094,-0.0016369410950092256,-0.0016382823469836482
2012-09-26,169.4600067138672,170.0500030517578,168.33999633789062,169.80999755859375,-0.005621635473730624,-0.0056374963370224036
2012-09-27,171.02000427246094,172.60000610351562,170.75999450683594,172.33999633789062,0.014898997795603108,0.014789097981363655
2012-09-28,172.02999877929688,172.47999572753906,171.33999633789062,171.88999938964844,-0.0026110999060248163,-0.0026145147730523375
2012-10-01,172.8300018310547,173.6199951171875,171.77000427246094,172.2899932861328,0.0023270341375569714,0.0023243307866659033
2012-10-02,172.47000122070312,172.6999969482422,171.58999633789062,172.10000610351562,-0.0011027174532514117,-0.0011033258934751609
2012-10-03,172.50999450683594,172.61000061035156,171.88999938964844,172.41000366210938,0.0018012640766977839,0.0017996437460312752
2012-10-04,173.1999969482422,174.07000732421875,172.9199981689453,173.61000061035156,0.006960135274945767,0.006936025341043228
2012-10-05,172.8699951171875,173.3699951171875,172.00999450683594,172.6199951171875,-0.005702468116373205,-0.00571878926447531
2012-10-08,171.75,172.27999877929688,171.67999267578125,172.0500030517578,-0.0033020048751752906,-0.0033074685239183545
2012-10-09,171.86000061035156,172.1699981689453,170.55999755859375,170.99000549316406,-0.006160985410008202,-0.006180042594964688
2012-10-10,170.5399932861328,171.33999633789062,170.3000030517578,170.83999633789062,-0.0008772977978495078,-0.0008776828487819255
2012-10-11,171.3000030517578,171.9499969482422,171.1300048828125,171.32000732421875,0.0028097108207538746,0.002805770961490514
2012-10-12,171.14999389648438,171.41000366210938,169.80999755859375,170.05999755859375,-0.007354714637855864,-0.0073818938973548055
2012-10-15,169.00999450683594,169.10000610351562,167.52999877929688,168.35000610351562,-0.010055224506803517,-0.010106119739498041
2012-10-16,168.8699951171875,169.4499969482422,168.6699981689453,169.4199981689453,0.006355758993983995,0.006335646333619325
2012-10-17,169.2100067138672,169.9499969482422,168.9199981689453,169.5399932861328,0.000708270089035512,0.0007080193841468657
2012-10-18,168.8000030517578,169.30999755859375,168.58999633789062,168.7899932861328,-0.004423734987025862,-0.00443354865538353
2012-10-19,168.4199981689453,168.4499969482422,166.22999572753906,166.97000122070312,-0.010782582723043554,-0.010841136052605957
2012-10-22,167.0800018310547,167.6300048828125,167.02999877929688,167.5800018310547,0.003653354530106512,0.003646697239812837
2012-10-23,166.0399932861328,166.05999755859375,165.1199951171875,165.42999267578125,-0.012829747772893363,-0.012912759766492157
2012-10-24,165.77999877929688,165.8300018310547,164.60000610351562,164.86000061035156,-0.0034455182897020764,-0.003451467757776219
2012-10-25,166.2899932861328,166.52999877929688,165.77000427246094,166.02000427246094,0.007036295388904268,0.007011656174181994
2012-10-26,166.22999572753906,166.60000610351562,165.77000427246094,165.92999267578125,-0.0005421731981886113,-0.0005423202272228979
2012-10-31,166.47000122070312,167.27999877929688,166.3800048828125,166.8300018310547,0.005424029379860196,0.005409372308871991
2012-11-01,167.02000427246094,167.0399932861328,166.0399932861328,166.07000732421875,-0.0045555025984209685,-0.004565910521291634
2012-11-02,164.4499969482422,164.47000122070312,162.3000030517578,162.60000610351562,-0.020894809825163896,-0.02111619567115675
2012-11-05,163.1199951171875,163.4199981689453,162.80999755859375,163.22999572753906,0.0038744747870573804,0.003866988340753932
2012-11-06,163.91000366210938,166.77000427246094,163.61000061035156,166.3000030517578,0.018807862553296584,0.018633181558340834
2012-11-07,166.8699951171875,167.1300048828125,165.0399932861328,166.49000549316406,0.0011425281895340866,0.0011418760009174647
2012-11-08,166.13999938964844,168.16000366210938,166.1199951171875,167.99000549316406,0.009009549825869767,0.008969205970755553
2012-11-09,168.2100067138672,168.5399932861328,167.5500030517578,167.82000732421875,-0.0010119540650425085,-0.0010124664362506366
2012-11-12,168.10000610351562,168.27999877929688,167.2100067138672,167.4499969482422,-0.0022048049089982147,-0.002207239069899678
2012-11-13,166.66000366210938,167.94000244140625,166.6300048828125,167.10000610351562,-0.0020901215354142133,-0.0020923088878503668
2012-11-14,167.4600067138672,168.0399932861328,166.77999877929688,167.13999938964844,0.00023933743071213875,0.0002393087940783899
2012-11-15,167.0,167.0500030517578,165.17999267578125,166.08999633789062,-0.006282176951012075,-0.0063019928595901085
2012-11-16,165.74000549316406,166.36000061035156,165.47000122070312,165.8800048828125,-0.0012643233169258306,-0.0012651232479694255
2012-11-19,167.75,168.16000366210938,167.3800048828125,167.8699951171875,0.011996564840836887,0.011925176433462218
2012-11-20,167.75,168.02000427246094,166.83999633789062,167.38999938964844,-0.0028593300857844284,-0.002863425779210265
2012-11-21,167.19000244140625,167.82000732421875,166.97000122070312,167.55999755859375,0.0010155813941403746,0.0010150660402493473
2012-11-23,167.97000122070312,170.00999450683594,167.8000030517578,169.61000061035156,0.012234441881278757,0.012160205973813025
2012-11-26,169.55999755859375,169.72999572753906,169.25,169.42999267578125,-0.0010613049579774048,-0.0010618685408751542
2012-11-27,169.13999938964844,169.39999389648438,168.6199951171875,168.7100067138672,-0.004249459912872733,-0.004258514528236021
2012-11-28,165.42999267578125,166.83999633789062,165.3800048828125,166.5500030517578,-0.012803055990465051,-0.012885721450133563
2012-11-29,167.13999938964844,167.5,166.85000610351562,167.17999267578125,0.003782585484718659,0.0037754494975707773
2012-11-30,166.94000244140625,167.22000122070312,165.52999877929688,166.0500030517578,-0.00675911995172096,-0.006782066259329654
2012-12-03,166.11000061035156,166.9199981689453,166.0399932861328,166.1300048828125,0.000481793613877457,0.0004816775885995999
2012-12-04,164.05999755859375,164.8300018310547,163.8699951171875,164.4199981689453,-0.010293184034235181,-0.010346525202362707
2012-12-05,164.22000122070312,164.5,163.1999969482422,164.1199951171875,-0.0018246141290523266,-0.0018262807650325558
2012-12-06,163.72000122070312,165.0,163.52999877929688,164.5,0.00231540881134662,0.002312732382919267
2012-12-07,164.8800048828125,165.22000122070312,164.60000610351562,165.16000366210938,0.004012180316774305,0.004004152985563731
2012-12-10,166.11000061035156,166.16000366210938,165.7100067138672,165.8000030517578,0.0038750264922358113,0.0038675379164635304
2012-12-11,165.4499969482422,165.66000366210938,165.1199951171875,165.64999389648438,-0.0009047596653337653,-0.0009051692074031703
2012-12-12,166.1999969482422,166.94000244140625,165.36000061035156,165.77000427246094,0.0007244816202742754,0.0007242193101501478
2012-12-13,163.8699951171875,164.89999389648438,163.77999877929688,164.3699951171875,-0.008445491459192933,-0.008481356697994205
2012-12-14,164.1699981689453,164.47999572753906,164.02000427246094,164.1300048828125,-0.0014600610908572786,-0.0014611280186981382
2012-12-17,164.16000366210938,164.6199951171875,164.1300048828125,164.44000244140625,0.001888731794135401,0.0018869503829595713
2012-12-18,164.35000610351562,164.42999267578125,160.89999389648438,162.0800018310547,-0.014351742734815875,-0.014455725078867119
2012-12-19,161.30999755859375,162.22000122070312,161.11000061035156,161.69000244140625,-0.002406215358110364,-0.002409114946575244
2012-12-20,159.8699951171875,160.1199951171875,158.38999938964844,159.72999572753906,-0.012122003118760882,-0.012196073797178996
2012-12-21,159.82000732421875,160.75999450683594,159.77999877929688,160.3300018310547,0.003756377133691924,0.00374933956743618
2012-12-24,160.8800048828125,160.9600067138672,160.47000122070312,160.6199951171875,0.0018087275171267958,0.0018070937392538678
2012-12-26,161.36000061035156,161.49000549316406,160.63999938964844,160.77999877929688,0.0009961627877814738,0.0009956669468964311
2012-12-27,160.22999572753906,161.30999755859375,160.0500030517578,161.16000366210938,0.002363508432004169,0.002360719739151777
2012-12-28,160.94000244140625,160.97000122070312,160.14999389648438,160.5399932861328,-0.0038471727592938043,-0.003854592163680614
2012-12-31,160.89999389648438,162.75,160.77000427246094,162.02000427246094,0.009218955078005298,0.009176719889400711
2013-01-02,163.49000549316406,164.13999938964844,163.13999938964844,163.1699981689453,0.007097851290946089,0.0070727801089134085
2013-01-03,162.47999572753906,162.8800048828125,160.8300018310547,161.1999969482422,-0.012073305404241008,-0.012146779740190669
2013-01-04,159.52000427246094,160.6300048828125,158.88999938964844,160.44000244140625,-0.004714606211065564,-0.0047257550222331544
2013-01-07,159.36000061035156,159.9600067138672,159.14999389648438,159.42999267578125,-0.006295249004336423,-0.006315147639550098
2013-01-08,160.4600067138672,160.99000549316406,160.00999450683594,160.55999755859375,0.007087781062064646,0.007062780803268713
2013-01-09,160.77000427246094,160.8300018310547,159.89999389648438,160.49000549316406,-0.0004359246792099425,-0.0004360197219949153
2013-01-10,161.61000061035156,162.55999755859375,161.61000061035156,161.97999572753906,0.00928400637657445,0.009241174883853428
2013-01-11,161.86000061035156,161.89999389648438,160.11000061035156,161.05999755859375,-0.0056797023904903154,-0.005695893235337639
2013-01-14,161.8800048828125,161.97000122070312,161.1300048828125,161.5399932861328,0.002980229323326755,0.002975797243476377
2013-01-15,162.8000030517578,163.1699981689453,162.35000610351562,162.55999755859375,0.006314252289550515,0.006294400919113552
2013-01-16,162.4199981689453,163.02999877929688,162.14999389648438,162.64999389648438,0.0005536192128581252,0.0005534660222785934
2013-01-17,161.94000244140625,164.39999389648438,161.8300018310547,163.35000610351562,0.00430379485582244,0.004294560017826217
2013-01-18,163.9499969482422,163.97000122070312,163.02000427246094,163.08999633789062,-0.0015917340429129068,-0.0015930021974330576
2013-01-22,163.47999572753906,164.22000122070312,163.3699951171875,163.6699981689453,0.003556329904214506,0.003550021116017711
2013-01-23,163.9199981689453,163.9499969482422,163.0,163.2100067138672,-0.00281048121356553,-0.002814438031338391
2013-01-24,161.97999572753906,162.27000427246094,161.17999267578125,161.4199981689453,-0.01096751713306432,-0.01102810374616787
2013-01-25,160.55999755859375,161.0399932861328,160.30999755859375,160.64999389648438,-0.004770191309598659,-0.004781604983568098
2013-01-28,160.24000549316406,160.72999572753906,160.02000427246094,160.2899932861328,-0.0022409002429438774,-0.002243414817202356
2013-01-29,161.00999450683594,161.30999755859375,160.69000244140625,160.99000549316406,0.004367160997889918,0.004357652623316265
2013-01-30,162.67999267578125,163.0399932861328,162.02999877929688,162.19000244140625,0.0074538599123976645,0.007426217176999296
2013-01-31,161.6199951171875,161.80999755859375,160.47000122070312,161.1999969482422,-0.006103985931695921,-0.006122691411324907
2013-02-01,162.66000366210938,162.77000427246094,160.8699951171875,161.4499969482422,0.0015508685157126223,0.0015496671610711066
2013-02-04,161.19000244140625,162.4199981689453,161.14999389648438,162.0,0.0034066464054138823,0.0034008569302853
2013-02-05,162.75,162.7899932861328,161.3300018310547,161.9600067138672,-0.00024687213662233365,-0.0002469026145644602
2013-02-06,162.1300048828125,162.6300048828125,161.99000549316406,162.38999938964844,0.0026549312049666263,0.0026514131006226955
2013-02-07,161.24000549316406,162.9600067138672,161.1300048828125,161.83999633789062,-0.003386926866340456,-0.003392675486914591
2013-02-08,161.4600067138672,162.02000427246094,161.1999969482422,161.57000732421875,-0.0016682465384403322,-0.0016696396112383367
2013-02-11,159.77999877929688,159.97999572753906,159.25,159.6999969482422,-0.011573994499016527,-0.011641494508639208
2013-02-12,159.35000610351562,160.0500030517578,158.8800048828125,159.88999938964844,0.0011897460553353945,0.001189038868357003
2013-02-13,159.60000610351562,159.63999938964844,158.77000427246094,159.0500030517578,-0.005253588974277079,-0.005267437597442791
2013-02-14,159.30999755859375,159.64999389648438,158.0399932861328,158.35000610351562,-0.004401112447727451,-0.0044108258534539865
2013-02-15,156.4199981689453,156.5800018310547,154.55999755859375,155.75999450683594,-0.016356245638453393,-0.016491485732013745
2013-02-19,155.8000030517578,155.83999633789062,154.92999267578125,155.3300018310547,-0.0027606104965699485,-0.00276442800912232
2013-02-20,153.89999389648438,153.92999267578125,150.83999633789062,151.44000244140625,-0.025043451643549264,-0.02536237476562978
2013-02-21,152.0,153.41000366210938,151.89999389648438,152.6199951171875,0.0077918162754770925,0.007761616845874272
2013-02-22,152.25999450683594,152.99000549316406,151.92999267578125,152.97000122070312,0.002293317486000923,0.0022906918469714913
2013-02-25,153.52000427246094,154.55999755859375,153.30999755859375,154.33999633789062,0.008955972453781325,0.008916105586720739
2013-02-26,154.38999938964844,156.8000030517578,153.32000732421875,156.22000122070312,0.012180931238955583,0.012107340694240326
2013-02-27,155.4600067138672,155.60000610351562,154.0800018310547,154.57000732421875,-0.01056198875682579,-0.010618162447447536
2013-02-28,154.08999633789062,154.16000366210938,152.38999938964844,153.0,-0.010157257228600503,-0.010209194156268543
2013-03-01,153.16000366210938,153.61000061035156,152.13999938964844,152.44000244140625,-0.003660114762050637,-0.003666829371253608
2013-03-04,152.4499969482422,152.74000549316406,151.8699951171875,152.3000030517578,-0.0009183901036885489,-0.0009188120822602375
2013-03-05,153.10000610351562,153.38999938964844,152.11000061035156,152.3800048828125,0.0005252910666555533,0.0005251531495988175
2013-03-06,152.1699981689453,153.3800048828125,151.64999389648438,153.22999572753906,0.0055780996028989005,0.005562599618897849
2013-03-07,153.02000427246094,153.2100067138672,152.39999389648438,152.69000244140625,-0.0035240703595200706,-0.0035302945226979147
2013-03-08,151.61000061035156,153.2899932861328,151.39999389648438,152.7100067138672,0.00013101232655099437,0.0001310037451856418
2013-03-11,152.82000732421875,153.05999755859375,152.64999389648438,152.99000549316406,0.0018335326238412275,0.0018318537547607815
2013-03-12,154.07000732421875,154.69000244140625,153.89999389648438,154.19000244140625,0.00784362968269714,0.00781302833234655
2013-03-13,154.25999450683594,154.60000610351562,153.4199981689453,153.66000366210938,-0.0034373096238732304,-0.0034432307449765156
2013-03-14,153.02000427246094,154.1699981689453,153.00999450683594,153.67999267578125,0.0001300859898183404,0.00013007752936968284
2013-03-15,154.1199951171875,154.72000122070312,153.97000122070312,154.0,0.0020822965868685372,0.0020801316122226374
2013-03-18,155.6999969482422,155.92999267578125,155.0,155.3800048828125,0.008961070667613535,0.008921158533619225
2013-03-19,155.22000122070312,156.33999633789062,155.10000610351562,156.0800018310547,0.00450506452725441,0.00449494709912103
2013-03-20,155.52999877929688,155.8300018310547,154.8800048828125,155.3699951171875,-0.004548992218975756,-0.004559370369457158
2013-03-21,156.1699981689453,156.42999267578125,155.8800048828125,156.25,0.005663930684613572,0.005647950939598429
2013-03-22,155.4499969482422,155.99000549316406,155.4199981689453,155.5500030517578,-0.004479980468749978,-0.004490045653721258
2013-03-25,154.7100067138672,155.57000732421875,154.36000061035156,155.24000549316406,-0.0019929125844543316,-0.001994901077106218
2013-03-26,154.47000122070312,154.91000366210938,154.27999877929688,154.72000122070312,-0.003349679554628948,-0.00335530229094277
2013-03-27,154.6699981689453,155.6199951171875,154.50999450683594,155.36000061035156,0.004136500676053423,0.004127968876901494
2013-03-28,154.5,154.8000030517578,154.22000122070312,154.4499969482422,-0.0058573870914927495,-0.005874608865923951
2013-04-01,154.57000732421875,154.92999267578125,154.3000030517578,154.6699981689453,0.001424417125607702,0.001423403605869597
2013-04-02,153.08999633789062,153.30999755859375,152.25999450683594,152.42999267578125,-0.014482482185829704,-0.014588376987558337
2013-04-03,152.02000427246094,152.52999877929688,149.9199981689453,150.72999572753906,-0.011152640752650878,-0.011215297746718735
2013-04-04,149.64999389648438,150.60000610351562,149.44000244140625,150.2899932861328,-0.0029191431956356872,-0.0029234122040560696
2013-04-05,151.5399932861328,152.9600067138672,151.07000732421875,152.80999755859375,0.016767611850665,0.016628587367166922
2013-04-08,152.38999938964844,152.58999633789062,151.60000610351562,152.16000366210938,-0.004253608447543744,-0.004262680775851177
2013-04-09,152.32000732421875,153.85000610351562,152.27999877929688,153.33999633789062,0.007754946420753139,0.007725031383893976
2013-04-10,152.6699981689453,152.7100067138672,150.5800018310547,150.75,-0.016890546496319603,-0.017034818641169572
2013-04-11,150.75999450683594,151.7100067138672,150.6300048828125,151.0500030517578,0.001990069995076782,0.0019880924290127428
2013-04-12,148.64999389648438,148.85000610351562,143.42999267578125,143.9499969482422,-0.04700434266845255,-0.048144932178246586
2013-04-15,136.0,136.75,130.50999450683594,131.30999755859375,-0.0878082643808128,-0.09190507457983844
2013-04-16,134.89999389648438,135.11000061035156,131.75999450683594,132.8000030517578,0.011347235708379255,0.011283338744214735
2013-04-17,133.80999755859375,134.9499969482422,132.32000732421875,132.8699951171875,0.0005270486733528479,0.000526909831982771
2013-04-18,134.1199951171875,135.30999755859375,133.6199951171875,134.3000030517578,0.010762459449999096,0.010704956398210237
2013-04-19,136.0,136.02000427246094,134.60000610351562,135.47000122070312,0.008711825334020373,0.008674096350888906
2013-04-22,138.14999389648438,138.27000427246094,137.22000122070312,137.89999389648438,0.01793749652236576,0.01777851793528908
2013-04-23,137.22000122070312,137.24000549316406,135.85000610351562,136.8800048828125,-0.007396584908027859,-0.007424075282657943
2013-04-24,138.08999633789062,138.5500030517578,137.4499969482422,138.3699951171875,0.010885375374223738,0.01082655613705574
2013-04-25,140.0,142.0800018310547,139.7899932861328,141.6300048828125,0.023560091643163306,0.023286836308933283
2013-04-26,142.3000030517578,143.42999267578125,140.0399932861328,140.91000366210938,-0.005083677157950217,-0.0050966430061307215
2013-04-29,142.1300048828125,142.66000366210938,141.49000549316406,142.3000030517578,0.009864447899536888,0.009816111845741552
2013-04-30,142.27000427246094,142.8300018310547,141.5500030517578,142.77000427246094,0.003302889744367654,0.003297447184859199
2013-05-01,140.58999633789062,141.5500030517578,139.3000030517578,141.11000061035156,-0.011627117828906464,-0.011695241331580094
2013-05-02,142.0,142.47000122070312,141.63999938964844,141.9199981689453,0.005740185352492544,0.00572377326421984
2013-05-03,141.6999969482422,142.7100067138672,141.39999389648438,142.08999633789062,0.0011978450615743874,0.0011971282175668827
2013-05-06,142.3300018310547,142.4600067138672,141.6300048828125,142.14999389648438,0.0004222504056590193,0.0004221612830436374
2013-05-07,140.3800048828125,140.63999938964844,139.3699951171875,140.3800048828125,-0.012451558843968757,-0.012529729074763163
2013-05-08,141.77999877929688,142.80999755859375,141.49000549316406,142.4600067138672,0.014816938016144476,0.01470823959319662
2013-05-09,141.3300018310547,142.36000061035156,140.50999450683594,140.80999755859375,-0.011582262231585427,-0.011649859087374476
2013-05-10,138.22000122070312,139.75,137.25999450683594,139.60000610351562,-0.008593079156717032,-0.008630212541188757
2013-05-13,138.4600067138672,138.97000122070312,138.16000366210938,138.42999267578125,-0.00838118464598625,-0.008416504259274501
2013-05-14,137.9499969482422,139.16000366210938,137.63999938964844,137.80999755859375,-0.004478762912597967,-0.0044888226191427795
2013-05-15,136.58999633789062,136.97999572753906,134.22999572753906,134.6300048828125,-0.02307519579215711,-0.023345595911785897
2013-05-16,133.17999267578125,134.47999572753906,133.0,134.08999633789062,-0.004011056416375558,-0.004019122278807547
2013-05-17,133.1699981689453,133.47999572753906,131.02000427246094,131.07000732421875,-0.02252210527369891,-0.022779601469059194
2013-05-20,130.8800048828125,135.32000732421875,130.85000610351562,135.1199951171875,0.030899424480465454,0.030431648851024378
2013-05-21,132.1699981689453,133.64999389648438,131.4499969482422,132.8800048828125,-0.01657778504530205,-0.01671673431161512
2013-05-22,134.17999267578125,136.77000427246094,130.9499969482422,131.94000244140625,-0.007074069889109635,-0.007099209752431566
2013-05-23,134.50999450683594,134.83999633789062,133.1199951171875,134.61000061035156,0.02023645687084974,0.020034420891585903
2013-05-24,134.11000061035156,134.50999450683594,133.63999938964844,133.75999450683594,-0.006314583609401292,-0.0063346049211476085
2013-05-28,133.67999267578125,135.57000732421875,132.8000030517578,133.49000549316406,-0.002018458618119001,-0.0020204984510566455
2013-05-29,134.08999633789062,134.91000366210938,133.63999938964844,134.8300018310547,0.010038177262336356,0.009988129408433648
2013-05-30,136.6699981689453,137.11000061035156,136.25999450683594,136.6999969482422,0.013869280514663629,0.013773982178960965
2013-05-31,135.7100067138672,136.0500030517578,133.88999938964844,133.9199981689453,-0.020336494816085793,-0.02054612833699834
2013-06-03,134.77000427246094,136.97999572753906,134.42999267578125,136.50999450683594,0.01933987733947884,0.019155238706458418
2013-06-04,135.2100067138672,135.44000244140625,134.27000427246094,135.22999572753906,-0.009376593881796569,-0.00942083088363743
2013-06-05,135.47000122070312,136.3699951171875,135.00999450683594,135.52000427246094,0.002144557820634496,0.002142261538931351
2013-06-06,135.38999938964844,137.6199951171875,134.97999572753906,136.52999877929688,0.007452733729297778,0.007425099325577856
2013-06-07,134.11000061035156,134.6199951171875,133.17999267578125,133.27999877929688,-0.023804292309807185,-0.024092192496149724
2013-06-10,133.3000030517578,134.27999877929688,132.99000549316406,133.94000244140625,0.0049520083144831695,0.004939787449919778
2013-06-11,132.30999755859375,133.50999450683594,132.24000549316406,133.25,-0.005151578533889478,-0.0051648936635613095
2013-06-12,132.9499969482422,134.8300018310547,132.8300018310547,134.25,0.007504690431519689,0.007476670343020137
2013-06-13,133.30999755859375,134.1999969482422,132.82000732421875,133.74000549316406,-0.0037988417641410255,-0.0038060756896859606
2013-06-14,134.0,134.60000610351562,133.8800048828125,134.42999267578125,0.005159168194085684,0.005145905283357988
2013-06-17,133.88999938964844,134.05999755859375,133.52000427246094,133.77000427246094,-0.004909532390677707,-0.00492162373629442
2013-06-18,132.72000122070312,132.9600067138672,131.52999877929688,132.1300048828125,-0.012259844040283574,-0.012335615865617823
2013-06-19,132.5800018310547,133.14999389648438,130.3800048828125,130.58999633789062,-0.011655252312203657,-0.011723707191219441
2013-06-20,125.22000122070312,126.37999725341797,123.33000183105469,123.5999984741211,-0.053526288841325154,-0.05501208351122277
2013-06-21,125.16000366210938,125.56999969482422,124.45999908447266,125.05000305175781,0.011731428766484253,0.011663149049636777
2013-06-24,124.30999755859375,124.69999694824219,123.30999755859375,123.93000030517578,-0.008956439178321896,-0.0089967891886606
2013-06-25,123.6500015258789,123.9000015258789,122.87999725341797,123.47000122070312,-0.003711765378358045,-0.0037186710729782786
2013-06-26,119.87999725341797,119.9000015258789,118.05999755859375,118.27999877929688,-0.04203452166594779,-0.04294353680246575
2013-06-27,119.0999984741211,119.51000213623047,115.6500015258789,115.94000244140625,-0.019783533666219544,-0.019981847694739895
2013-06-28,115.22000122070312,119.33000183105469,114.68000030517578,119.11000061035156,0.02734171211137726,0.026974604047993497
2013-07-01,119.94000244140625,121.94999694824219,119.37999725341797,121.12999725341797,0.016959085154188536,0.016816885336969126
2013-07-02,121.33999633789062,121.47000122070312,119.77999877929688,120.05000305175781,-0.00891599295095069,-0.008955978266061641
2013-07-03,120.69999694824219,121.7699966430664,120.54000091552734,120.73999786376953,0.005747561803178369,0.005731107587480113
2013-07-05,118.08000183105469,118.18000030517578,116.73999786376953,118.08999633789062,-0.021948000437012505,-0.022192441073447894
2013-07-08,119.08999633789062,119.66000366210938,118.93000030517578,119.51000213623047,0.01202477637713506,0.01195305315168202
2013-07-09,120.83999633789062,121.51000213623047,120.05000305175781,120.62000274658203,0.009287930637690511,0.009245063039676966
2013-07-10,121.1500015258789,122.3499984741211,120.58999633789062,120.94999694824219,0.0027358165656277134,0.0027320810310944702
2013-07-11,124.26000213623047,124.36000061035156,123.47000122070312,124.23999786376953,0.027201331116488037,0.026837949821575214
2013-07-12,123.5199966430664,124.30000305175781,123.31999969482422,124.12999725341797,-0.0008853880573321815,-0.0008857802448473976
2013-07-15,124.08000183105469,124.38999938964844,123.83999633789062,124.18000030517578,0.0004028281065351358,0.0004027469930758848
2013-07-16,124.76000213623047,125.20999908447266,124.33000183105469,124.88999938964844,0.0057174994582687155,0.005701216593606186
2013-07-17,125.04000091552734,125.69999694824219,122.7300033569336,123.31999969482422,-0.01257106015291043,-0.01265074444459673
2013-07-18,124.11000061035156,124.5199966430664,123.77999877929688,124.01000213623047,0.0055952192921973065,0.005579624197672816
2013-07-19,124.88999938964844,125.41999816894531,124.6500015258789,125.11000061035156,0.008870239941716207,0.008831130466871416
2013-07-22,127.6500015258789,129.4600067138672,127.58999633789062,128.83999633789062,0.029813729592696125,0.029377940831470724
2013-07-23,128.6999969482422,130.13999938964844,128.35000610351562,129.7100067138672,0.006752642042110235,0.006729945073879884
2013-07-24,129.1699981689453,129.39999389648438,126.87000274658203,127.4800033569336,-0.017192222970528803,-0.017341725231021614
2013-07-25,127.69999694824219,128.8699951171875,127.63999938964844,128.6699981689453,0.009334756673011979,0.009291457084115504
2013-07-26,128.11000061035156,128.97000122070312,126.77999877929688,128.77999877929688,0.0008549048878288001,0.000854539664784338
2013-07-29,128.4499969482422,128.77999877929688,128.25,128.47000122070312,-0.002407187152758228,-0.002410089085684926
2013-07-30,127.94999694824219,128.30999755859375,127.22000122070312,128.1199951171875,-0.0027244189319679535,-0.0027281369156585316
2013-07-31,127.76000213623047,128.9199981689453,126.12999725341797,127.95999908447266,-0.0012487983048118378,-0.0012495787031893267
2013-08-01,127.83999633789062,127.88999938964844,126.33000183105469,126.61000061035156,-0.010550160079556559,-0.010606207573640596
2013-08-02,126.73999786376953,127.25,126.31999969482422,126.36000061035156,-0.001974567560183438,-0.001976519588739746
2013-08-05,126.51000213623047,126.63999938964844,125.33999633789062,125.69999694824219,-0.005223200846164788,-0.005236889446047351
2013-08-06,124.33000183105469,124.55000305175781,123.55000305175781,123.97000122070312,-0.013762893950199584,-0.01385848062127863
2013-08-07,124.0,124.5999984741211,123.8499984741211,124.1500015258789,0.0014519666322767577,0.0014509135479650783
2013-08-08,124.77999877929688,126.98999786376953,124.7699966430664,126.86000061035156,0.02182842570410881,0.02159359677218957
2013-08-09,126.51000213623047,127.2699966430664,126.30000305175781,126.86000061035156,0.0,0.0
2013-08-12,129.57000732421875,129.7100067138672,128.8800048828125,129.1300048828125,0.017893774724416334,0.017735565654740437
2013-08-13,128.49000549316406,128.64999389648438,127.37999725341797,127.73999786376953,-0.010764399957271187,-0.0108227552615397
2013-08-14,127.66000366210938,129.07000732421875,127.56999969482422,129.0,0.009863802703161229,0.009815472951498759
2013-08-15,128.05999755859375,132.36000061035156,127.9800033569336,131.69000244140625,0.020852732103924465,0.020638289899497057
2013-08-16,132.55999755859375,133.27000427246094,131.38999938964844,132.5800018310547,0.006758291238125214,0.006735556363018295
2013-08-19,132.3300018310547,132.5,131.58999633789062,132.00999450683594,-0.004299346178506691,-0.004308614943246926
2013-08-20,132.02999877929688,133.1300048828125,132.02000427246094,132.4499969482422,0.0033330994600069275,0.003327556996308892
2013-08-21,131.74000549316406,133.22999572753906,131.50999450683594,132.07000732421875,-0.002868928899801504,-0.002873052164441264
2013-08-22,132.55999755859375,133.4600067138672,132.27000427246094,132.80999755859375,0.0056030150173187465,0.005587376516652108
2013-08-23,132.5800018310547,135.24000549316406,132.5,134.89999389648438,0.01573673952496346,0.015614200939507474
2013-08-26,134.8800048828125,135.60000610351562,134.14999389648438,135.4499969482422,0.004077116950649051,0.004068828031624427
2013-08-27,136.94000244140625,137.5500030517578,136.52000427246094,136.75,0.009597660251366102,0.00955189530149838
2013-08-28,137.2100067138672,137.4600067138672,136.66000366210938,136.7100067138672,-0.0002924554744629937,-0.00029249824790502016
2013-08-29,136.1199951171875,136.5500030517578,135.4199981689453,135.8699951171875,-0.0061444777662679195,-0.006163432755339088
2013-08-30,134.64999389648438,135.7100067138672,134.44000244140625,134.6199951171875,-0.009199970890717113,-0.009242551987358015
2013-09-03,135.4600067138672,136.7899932861328,135.02999877929688,136.4199981689453,0.013370993292570743,0.013282390492898161
2013-09-04,134.61000061035156,134.83999633789062,133.72000122070312,134.66000366210938,-0.012901294021836374,-0.012985238492024438
2013-09-05,134.1300048828125,134.35000610351562,131.8000030517578,132.1999969482422,-0.01826828046165707,-0.01843720597917757
2013-09-06,133.4199981689453,134.39999389648438,133.3300018310547,134.14999389648438,0.014750355470928067,0.014642627040753583
2013-09-09,134.1300048828125,134.32000732421875,133.6699981689453,133.91000366210938,-0.0017889694021170355,-0.0017905715189216484
2013-09-10,131.82000732421875,132.0,131.11000061035156,131.74000549316406,-0.016204899631104497,-0.016337634945460925
2013-09-11,131.5800018310547,131.80999755859375,131.25999450683594,131.6999969482422,-0.00030369320824075174,-0.0003037393323617421
2013-09-12,128.6199951171875,128.77999877929688,127.61000061035156,127.66999816894531,-0.030599839579955712,-0.03107779008702503
2013-09-13,127.16000366210938,127.95999908447266,126.20999908447266,127.81999969482422,0.0011749160180953844,0.0011742263444235006
2013-09-16,127.4800033569336,128.02000427246094,126.33000183105469,126.44999694824219,-0.010718218978665095,-0.010776072852725437
2013-09-17,126.80999755859375,126.98999786376953,126.11000061035156,126.5,0.00039543735045155515,0.0003953591857079829
2013-09-18,125.31999969482422,132.16000366210938,125.1500015258789,132.00999450683594,0.04355726882874267,0.042635327513365635
2013-09-19,132.0,132.77999877929688,131.22000122070312,131.75,-0.0019695062317609535,-0.001971448259468817
2013-09-20,130.60000610351562,130.91000366210938,127.9000015258789,127.95999908447266,-0.028766610364533873,-0.029188479494947676
2013-09-23,127.5199966430664,128.44000244140625,127.33000183105469,127.55000305175781,-0.0032040953082860257,-0.0032092394127312043
2013-09-24,126.4000015258789,128.2100067138672,126.33999633789062,127.66000366210938,0.000862411663815621,0.000862040000545821
2013-09-25,127.56999969482422,129.2100067138672,127.5199966430664,128.7899932861328,0.0088515556290778,0.008812610259893472
2013-09-26,128.61000061035156,128.99000549316406,127.31999969482422,127.79000091552734,-0.007764519160924133,-0.007794819989308921
2013-09-27,128.86000061035156,129.5800018310547,128.83999633789062,128.97000122070312,0.009233901688096902,0.009191529856392782
2013-09-30,127.94999694824219,129.13999938964844,127.69999694824219,128.17999267578125,-0.006125521729428818,-0.006144359705342492
2013-10-01,125.25,125.26000213623047,123.80999755859375,124.58999633789062,-0.028007462498232272,-0.028407152018487033
2013-10-02,125.37000274658203,127.80999755859375,125.33999633789062,127.05999755859375,0.019825036466045276,0.01963107970630708
2013-10-03,126.7699966430664,127.69000244140625,126.22000122070312,127.18000030517578,0.0009444573342345386,0.0009440116150262174
2013-10-04,127.05000305175781,127.1500015258789,126.0,126.52999877929688,-0.005110878473967517,-0.005123983685186541
2013-10-07,127.25,128.3300018310547,127.12000274658203,127.63999938964844,0.008772628001741278,0.008734372074589061
2013-10-08,127.79000091552734,128.4499969482422,127.20999908447266,127.4000015258789,-0.0018802715834939088,-0.0018820415130879548
2013-10-09,126.20999908447266,126.88999938964844,124.97000122070312,126.11000061035156,-0.010125595761985129,-0.01017720830751646
2013-10-10,125.33999633789062,125.83000183105469,124.0999984741211,124.2699966430664,-0.014590468308459559,-0.014697956002940963
2013-10-11,122.37000274658203,122.80999755859375,121.8499984741211,122.5999984741211,-0.013438466355977674,-0.013529579748560205
2013-10-14,123.9000015258789,124.23999786376953,122.80999755859375,122.83000183105469,0.0018760469803933422,0.0018742894021133204
2013-10-15,122.27999877929688,124.36000061035156,122.22000122070312,123.7300033569336,0.007327212508852821,0.007300498898775199
2013-10-16,123.5199966430664,123.88999938964844,122.51000213623047,123.54000091552734,-0.0015356214034694116,-0.001536801678475267
2013-10-17,127.01000213623047,127.86000061035156,126.80999755859375,127.41999816894531,0.031406809330291274,0.030923704639582567
2013-10-18,126.87000274658203,127.33000183105469,126.5999984741211,126.8499984741211,-0.004473392740662718,-0.0044834283018233756
2013-10-21,127.12999725341797,127.33999633789062,126.79000091552734,126.9800033569336,0.0010248709844409287,0.0010243461627259776
2013-10-22,128.25,129.80999755859375,128.22000122070312,129.33999633789062,0.01858554826403047,0.018414947525612457
2013-10-23,128.5500030517578,129.08999633789062,128.35000610351562,128.69000244140625,-0.00502546710134677,-0.0050381372278342695
2013-10-24,129.41000366210938,130.52999877929688,129.41000366210938,129.89999389648438,0.009402373394382657,0.009358446213496314
2013-10-25,129.52999877929688,130.9199981689453,129.4600067138672,130.4600067138672,0.004311107341768539,0.00430184114069166
2013-10-28,130.41000366210938,131.44000244140625,130.10000610351562,130.55999755859375,0.0007664482567892872,0.0007661546853194367
2013-10-29,130.16000366210938,130.58999633789062,129.57000732421875,129.77000427246094,-0.006050806532669206,-0.006069186843828599
2013-10-30,130.8300018310547,131.22000122070312,128.80999755859375,129.60000610351562,-0.0013099958645943488,-0.001310854659270559
2013-10-31,128.0399932861328,128.49000549316406,127.30000305175781,127.73999786376953,-0.014351914754235806,-0.014455899603027917
2013-11-01,126.86000061035156,127.16999816894531,126.05000305175781,126.94999694824219,-0.0061844444084760974,-0.006203647298539357
2013-11-04,127.18000030517578,127.5199966430664,126.73999786376953,126.80999755859375,-0.0011027915952256384,-0.0011034001173000462
2013-11-05,126.70999908447266,126.86000061035156,126.0,126.55999755859375,-0.001971453393369016,-0.0019733992654948685
2013-11-06,127.11000061035156,127.36000061035156,126.91999816894531,127.19999694824219,0.005056885287565871,0.00504414218537563
2013-11-07,126.13999938964844,126.8499984741211,125.86000061035156,126.16000366210938,-0.008176048043114226,-0.008209655231932443
2013-11-08,124.45999908447266,124.45999908447266,123.62000274658203,124.27999877929688,-0.014901750382376844,-0.015013896979636615
2013-11-11,123.91999816894531,123.97000122070312,123.66000366210938,123.87000274658203,-0.0032989703632274603,-0.003304423963436345
2013-11-12,123.51000213623047,123.87000274658203,121.7300033569336,122.44999694824219,-0.01146367778198043,-0.011529892263514105
2013-11-13,122.97000122070312,123.23999786376953,122.38999938964844,122.8499984741211,0.003266651987325009,0.00326132807082609
2013-11-14,123.91999816894531,124.91000366210938,123.87999725341797,124.2699966430664,0.01155879679757943,0.011492504258155503
2013-11-15,124.16000366210938,124.5199966430664,124.06999969482422,124.31999969482422,0.000402374290726204,0.00040229335990021333
2013-11-18,123.69999694824219,123.95999908447266,122.55000305175781,122.9000015258789,-0.011422121721614165,-0.01148785517697459
2013-11-19,122.97000122070312,123.4000015258789,122.83000183105469,122.94999694824219,0.00040679757316963716,0.0004067148534695573
2013-11-20,121.66999816894531,122.44000244140625,119.76000213623047,120.12000274658203,-0.02301744019441898,-0.023286477860624745
2013-11-21,119.80999755859375,120.3499984741211,119.30999755859375,119.94000244140625,-0.001498504004828649,-0.0014996278848543561
2013-11-22,120.23999786376953,120.4000015258789,119.81999969482422,119.91999816894531,-0.00016678565994454608,-0.00016679957021943872
2013-11-25,119.18000030517578,121.0,119.12999725341797,120.45999908447266,0.004503009704574623,0.004492901489940914
2013-11-26,119.83999633789062,120.4000015258789,119.58999633789062,119.81999969482422,-0.005312961933526483,-0.005327125906487885
2013-11-27,120.48999786376953,120.69000244140625,119.25,119.45999908447266,-0.0030045118616964794,-0.0030090344685490583
2013-11-29,120.66999816894531,121.05000305175781,120.62000274658203,120.69999694824219,0.010380025726374864,0.01032652317938159
2013-12-02,119.19999694824219,119.29000091552734,117.5,117.58000183105469,-0.02584917312405066,-0.026189134272709247
2013-12-03,117.58000183105469,118.30999755859375,117.2300033569336,117.95999908447266,0.0032318187404347665,0.003226607638787976
2013-12-04,118.33000183105469,120.76000213623047,118.16000366210938,119.95999908447266,0.016954900097682968,0.016812770063131668
2013-12-05,118.19999694824219,119.23999786376953,117.41000366210938,118.30000305175781,-0.013837913015870562,-0.013934549467759712
2013-12-06,118.86000061035156,119.26000213623047,118.01000213623047,118.55000305175781,0.0021132712895250982,0.00211104147267288
2013-12-09,118.98999786376953,119.91999816894531,118.94999694824219,119.72000122070312,0.009869237780065765,0.009820854927032762
2013-12-10,122.13999938964844,122.31999969482422,121.47000122070312,121.81999969482422,0.01754091590969642,0.01738884972238615
2013-12-11,121.48999786376953,121.80999755859375,120.76000213623047,120.86000061035156,-0.007880471900160724,-0.00791168691971828
2013-12-12,118.61000061035156,118.81999969482422,118.02999877929688,118.29000091552734,-0.02126427007980758,-0.021493611686152832
2013-12-13,118.88999938964844,119.48999786376953,118.76000213623047,119.37999725341797,0.009214610951512325,0.009172415436119621
2013-12-16,119.26000213623047,120.7699966430664,118.97000122070312,119.69000244140625,0.002596793391862917,0.0025934275495750453
2013-12-17,118.95999908447266,119.9000015258789,118.37000274658203,118.6500015258789,-0.008689121015236556,-0.008727091540916273
2013-12-18,119.0,120.05000305175781,117.29000091552734,117.61000061035156,-0.00876528362539053,-0.008803924689540665
2013-12-19,115.97000122070312,116.05999755859375,114.5,114.81999969482422,-0.023722480240186083,-0.024008388970939976
2013-12-20,115.37000274658203,116.47000122070312,115.05999755859375,115.94000244140625,0.00975442213515798,0.009707154887455789
2013-12-23,115.61000061035156,116.12000274658203,115.43000030517578,115.56999969482422,-0.0031913294703355133,-0.0031964326223482427
2013-12-24,115.79000091552734,116.29000091552734,115.70999908447266,116.0999984741211,0.004585954665539571,0.004575471214311559
2013-12-26,117.2300033569336,117.2300033569336,116.6500015258789,116.73999786376953,0.005512484048749489,0.005497345915552918
2013-12-27,117.30999755859375,117.37999725341797,116.8499984741211,117.12000274658203,0.0032551386822530226,0.003249852187408676
2013-12-30,116.37000274658203,116.4000015258789,115.18000030517578,115.38999938964844,-0.014771203179331227,-0.014881383746899304
2013-12-31,114.61000061035156,117.12999725341797,114.45999908447266,116.12000274658203,0.006326400561529777,0.006306472892281937
2014-01-02,117.93000030517578,118.7300033569336,117.75,118.0,0.0161901240867246,0.016060461656273138
2014-01-03,118.63999938964844,119.62000274658203,118.58999633789062,119.29000091552734,0.010932211148536819,0.01087288650299346
2014-01-06,119.76000213623047,120.38999938964844,117.11000061035156,119.5,0.0017604081051298959,0.001758860402907068
2014-01-07,118.45999908447266,118.91999816894531,118.12999725341797,118.81999969482422,-0.0056903791228098966,-0.005706631012357315
2014-01-08,117.98999786376953,118.5199966430664,117.5,118.12000274658203,-0.005891238428211154,-0.005908660231014066
2014-01-09,118.11000061035156,118.69000244140625,117.98999786376953,118.45999908447266,0.0028783976463331307,0.002874262992047153
2014-01-10,119.72000122070312,120.43000030517578,119.58000183105469,120.26000213623047,0.015195028411862932,0.015080740254614516
2014-01-13,120.2699966430664,121.04000091552734,120.19999694824219,121.0199966430664,0.0063195949886565295,0.006299710080651556
2014-01-14,120.54000091552734,121.05999755859375,119.72000122070312,119.88999938964844,-0.009337277183627424,-0.009381142826874576
2014-01-15,119.19000244140625,119.80999755859375,119.11000061035156,119.66000366210938,-0.0019183895963796882,-0.0019202320624570302
2014-01-16,119.83999633789062,119.95999908447266,119.56999969482422,119.79000091552734,0.0010863885127820883,0.001085798819833523
2014-01-17,120.3499984741211,121.0199966430664,120.19999694824219,120.93000030517578,0.009516648976840125,0.009471650934748868
2014-01-21,119.2300033569336,119.97000122070312,119.2300033569336,119.69999694824219,-0.0101712011397469,-0.01022328125188354
2014-01-22,119.6500015258789,119.7699966430664,119.16999816894531,119.19000244140625,-0.00426060584660215,-0.0042697080909429135
2014-01-23,120.97000122070312,122.0199966430664,120.97000122070312,121.79000091552734,0.021813897314074238,0.02157937863834963
2014-01-24,122.05999755859375,122.5,121.55000305175781,122.29000091552734,0.00410542734412811,0.004097023071523926
2014-01-27,121.6500015258789,122.05999755859375,120.72000122070312,120.95999908447266,-0.010875801955168796,-0.010935375825426051
2014-01-28,121.31999969482422,121.4000015258789,120.41000366210938,120.94999694824219,-8.268961893331817e-05,-8.269303790833496e-05
2014-01-29,122.19000244140625,122.51000213623047,121.12999725341797,122.47000122070312,0.012567212160504493,0.012488900176089597
2014-01-30,119.66999816894531,120.22000122070312,119.5999984741211,119.7699966430664,-0.02204625255756343,-0.022292903069312663
2014-01-31,120.6500015258789,120.86000061035156,119.45999908447266,120.08999633789062,0.002671785119756409,0.0026682222466366365
2014-02-03,120.47000122070312,122.11000061035156,120.31999969482422,121.31999969482422,0.010242346527122859,0.010190249127034517
2014-02-04,120.41000366210938,121.08999633789062,120.38999938964844,120.98999786376953,-0.002720094229185621,-0.002723800407789108
2014-02-05,121.76000213623047,121.87999725341797,120.7300033569336,121.29000091552734,0.0024795690309509233,0.0024764999719102173
2014-02-06,121.37999725341797,121.51000213623047,120.77999877929688,121.23999786376953,-0.0004122602966475375,-0.00041234529928657837
2014-02-07,121.23999786376953,122.23999786376953,121.2300033569336,122.16999816894531,0.007670738383060538,0.007641467858454635
2014-02-10,122.80000305175781,123.16000366210938,122.72000122070312,122.91999816894531,0.0061389867499452855,0.006120219937763649
2014-02-11,123.37999725341797,124.75,123.36000061035156,124.36000061035156,0.011714956580352931,0.011646867732522596
2014-02-12,124.4000015258789,124.9800033569336,124.12999725341797,124.43000030517578,0.0005628794988796759,0.0005627211416357906
2014-02-13,124.69999694824219,125.5999984741211,124.66000366210938,125.48999786376953,0.008518826295861315,0.008482745858973658
2014-02-14,126.98999786376953,127.37999725341797,126.75,127.1500015258789,0.01322817507664209,0.01314144676964577
2014-02-18,127.41999816894531,127.75,127.08999633789062,127.4000015258789,0.0019661816515914587,0.001964251246385302
2014-02-19,127.26000213623047,127.44999694824219,126.16000366210938,126.2699966430664,-0.00886973994723983,-0.00890931024990728
2014-02-20,126.75,127.75,126.4000015258789,127.5999984741211,0.010532999654813135,0.01047791408716357
2014-02-21,127.56999969482422,128.07000732421875,127.1500015258789,127.58000183105469,-0.0001567135055292601,-0.00015672578637373395
2014-02-24,128.50999450683594,129.07000732421875,128.33999633789062,128.99000549316406,0.011051917556613278,0.010991291396995246
2014-02-25,128.6199951171875,129.52999877929688,128.57000732421875,129.2100067138672,0.001705567961347132,0.0017041151320099485
2014-02-26,128.49000549316406,128.75999450683594,127.41999816894531,128.11000061035156,-0.008513319761305871,-0.008549765062402548
2014-02-27,128.39999389648438,128.8000030517578,127.88999938964844,128.1999969482422,0.0007024926817724708,0.0007022460492867505
2014-02-28,128.27000427246094,128.35000610351562,127.1500015258789,127.62000274658203,-0.004524135846074251,-0.00453440072014137
2014-03-03,130.0,130.58999633789062,129.80999755859375,130.2899932861328,0.02092141108046075,0.02070556372289368
2014-03-04,128.5399932861328,129.24000549316406,128.32000732421875,128.67999267578125,-0.012357054979777349,-0.012434038231916314
2014-03-05,128.7100067138672,129.33999633789062,128.5800018310547,128.88999938964844,0.0016320075055982208,0.0016306772285005259
2014-03-06,129.7100067138672,130.47000122070312,129.47000122070312,130.1699981689453,0.009930939447266862,0.009881951730484863
2014-03-07,128.25,129.22999572753906,128.2100067138672,129.08999633789062,-0.008296856773808758,-0.008331467261762834
2014-03-10,128.8800048828125,129.61000061035156,128.77999877929688,129.1300048828125,0.0003099275393667611,0.00030987952174799755
2014-03-11,130.00999450683594,130.14999389648438,128.92999267578125,129.86000061035156,0.005653184387327759,0.0056372651087014634
2014-03-12,131.55999755859375,132.1199951171875,131.38999938964844,131.75999450683594,0.014631094159512248,0.01452509239828917
2014-03-13,131.69000244140625,132.5399932861328,131.55999755859375,132.2100067138672,0.003415393334794903,0.00340957412514151
2014-03-14,133.67999267578125,133.69000244140625,132.35000610351562,133.10000610351562,0.006731709737936908,0.006709152953836264
2014-03-17,132.72999572753906,133.22000122070312,131.22000122070312,131.63999938964844,-0.010969246032428437,-0.01102985181906253
2014-03-18,130.38999938964844,131.27000427246094,130.3300018310547,130.6199951171875,-0.007748437231769989,-0.0077786123459218795
2014-03-19,129.5500030517578,129.67999267578125,127.94000244140625,128.08999633789062,-0.019369153834579822,-0.01955919383977943
2014-03-20,127.77999877929688,128.41000366210938,127.58000183105469,127.86000061035156,-0.0017955791561766743,-0.0017971931407437896
2014-03-21,129.0399932861328,129.08999633789062,128.41000366210938,128.47000122070312,0.0047708478604697735,0.004759503433198317
2014-03-24,126.87000274658203,127.13999938964844,126.02999877929688,126.18000030517578,-0.01782518014920287,-0.017985962184133498
2014-03-25,126.44000244140625,126.81999969482422,126.23999786376953,126.41000366210938,0.001822819435546963,0.0018211601163198826
2014-03-26,126.2699966430664,126.37999725341797,125.12999725341797,125.41000366210938,-0.007910766324103369,-0.0079422224405048
2014-03-27,125.05999755859375,125.29000091552734,124.20999908447266,124.58999633789062,-0.006538611755630641,-0.006560082119566911
2014-03-28,124.2300033569336,124.95999908447266,123.87999725341797,124.55999755859375,-0.00024077999982852205,-0.00024080899198659537
2014-03-31,124.5199966430664,124.79000091552734,123.56999969482422,123.61000061035156,-0.0076268221488628996,-0.007656055088048172
2014-04-01,123.70999908447266,123.8499984741211,123.11000061035156,123.38999938964844,-0.0017798011456744423,-0.0017813868735330133
2014-04-02,124.41000366210938,124.75,124.19000244140625,124.31999969482422,0.007537080069503599,0.0075088182006584885
2014-04-03,123.75,124.26000213623047,123.58999633789062,123.91999816894531,-0.003217515499202128,-0.0032227028320670663
2014-04-04,125.19999694824219,125.95999908447266,124.86000061035156,125.56999969482422,0.0133150544727203,0.013227188238038482
2014-04-07,125.06999969482422,125.47000122070312,124.83999633789062,124.91000366210938,-0.00525600091039935,-0.0052698622747470985
2014-04-08,126.33999633789062,126.33999633789062,125.9000015258789,126.08999633789062,0.009446742784294582,0.009402401345718429
2014-04-09,125.45999908447266,126.72000122070312,125.33000183105469,126.31999969482422,0.0018241205774742753,0.0018224588899723945
2014-04-10,126.94999694824219,127.37000274658203,126.81999969482422,127.01000213623047,0.0054623372630875355,0.005447472804123671
2014-04-11,127.04000091552734,127.30999755859375,126.7300033569336,126.93000030517578,-0.0006298860696725139,-0.0006300845312460606
2014-04-14,127.80000305175781,128.25,127.62000274658203,127.8499984741211,0.0072480750550174555,0.007221933997910394
2014-04-15,124.79000091552734,125.69999694824219,124.5999984741211,125.48999786376953,-0.01845913678934663,-0.018631632703176887
2014-04-16,125.37000274658203,125.56999969482422,125.02999877929688,125.54000091552734,0.0003984624480757315,0.00039838308299643756
2014-04-17,125.37999725341797,125.52999877929688,124.56999969482422,124.75,-0.006292822285853816,-0.006312705550471783
2014-04-21,124.06999969482422,124.33000183105469,123.76000213623047,124.23999786376953,-0.004088193476797342,-0.004096572985582176
2014-04-22,124.1500015258789,124.16000366210938,122.91999816894531,123.77999877929688,-0.003702503963152415,-0.0037093751967073626
2014-04-23,123.69999694824219,123.94000244140625,123.37999725341797,123.76000213623047,-0.0001615498728680942,-0.000161562923454372
2014-04-24,122.87000274658203,125.12000274658203,122.83999633789062,124.55999755859375,0.006464087011591069,0.006443284399615783
2014-04-25,125.16999816894531,125.70999908447266,125.06999969482422,125.43000030517578,0.0069846079289843654,0.0069603285441200615
2014-04-28,125.30000305175781,125.33999633789062,124.44999694824219,124.87999725341797,-0.004384940209038013,-0.004394582256213849
2014-04-29,124.94999694824219,125.37999725341797,124.6500015258789,124.86000061035156,-0.00016012686984467894,-0.00016013969152065024
2014-04-30,124.19000244140625,125.05000305175781,123.81999969482422,124.22000122070312,-0.005125735916385876,-0.00513891756378345
2014-05-01,123.16999816894531,123.83000183105469,123.05999755859375,123.80000305175781,-0.003381083278200081,-0.0033868120568972798
2014-05-02,123.69000244140625,125.66999816894531,123.33000183105469,125.05999755859375,0.01017766135521958,0.010126217716067469
2014-05-05,126.47000122070312,126.62999725341797,126.0,126.22000122070312,0.009275577200982044,0.00923282321005491
2014-05-06,126.0199966430664,126.11000061035156,125.62999725341797,125.9800033569336,-0.001901424983746236,-0.0019032349869848157
2014-05-07,125.5199966430664,125.56999969482422,123.91999816894531,124.16999816894531,-0.014367400696601584,-0.014471611157944956
2014-05-08,124.19000244140625,124.47000122070312,123.88999938964844,124.16999816894531,0.0,0.0
2014-05-09,124.38999938964844,124.47000122070312,123.81999969482422,124.0999984741211,-0.0005637408058022375,-0.0005638997673951992
2014-05-12,125.4000015258789,125.41999816894531,124.69000244140625,124.94000244140625,0.006768766942896631,0.006745961691050962
2014-05-13,124.79000091552734,125.0999984741211,124.5,124.5999984741211,-0.002721337927335199,-0.0027250474989195758
2014-05-14,125.80000305175781,125.95999908447266,125.44000244140625,125.80999755859375,0.009711068212604923,0.009664218850403477
2014-05-15,124.7699966430664,125.51000213623047,124.54000091552734,124.7699966430664,-0.008266440948327514,-0.008300797439581266
2014-05-16,124.3499984741211,124.7699966430664,124.29000091552734,124.5,-0.0021639548796237307,-0.002166299613193375
2014-05-19,125.27999877929688,125.47000122070312,124.4800033569336,124.58000183105469,0.0006425849883910928,0.000642378619059264
2014-05-20,124.12000274658203,124.91000366210938,124.08999633789062,124.69000244140625,0.0008829716546379096,0.0008825820644809731
2014-05-21,124.25,124.55000305175781,123.52999877929688,124.38999938964844,-0.0024059912253092675,-0.002408890273186768
2014-05-22,125.13999938964844,125.23999786376953,124.54000091552734,124.66999816894531,0.0022509750033825604,0.0022484453545559245
2014-05-23,124.5999984741211,124.66000366210938,124.19000244140625,124.51000213623047,-0.0012833563412588678,-0.0012841805482511725
2014-05-27,122.9800033569336,123.06999969482422,121.75,121.8499984741211,-0.02136377492949504,-0.02159528357280623
2014-05-28,121.47000122070312,121.69999694824219,120.91999816894531,121.19999694824219,-0.005334440164288967,-0.005348719092920464
2014-05-29,120.77999877929688,121.45999908447266,120.7699966430664,120.94000244140625,-0.0021451692523306587,-0.0021474734237060316
2014-05-30,120.76000213623047,120.80999755859375,119.62000274658203,120.43000030517578,-0.004216984669547674,-0.0042259012255481555
2014-06-02,119.93000030517578,120.45999908447266,119.61000061035156,119.69999694824219,-0.006061640414213421,-0.006080086737565226
2014-06-03,119.7300033569336,120.08999633789062,119.41999816894531,120.01000213623047,0.002589851260583753,0.002586503374912596
2014-06-04,120.0999984741211,120.16000366210938,119.68000030517578,119.76000213623047,-0.002083159699607484,-0.002085332494818545
2014-06-05,120.55000305175781,120.87999725341797,120.43000030517578,120.66000366210938,0.007515042667209704,0.007486945414296175
2014-06-06,120.68000030517578,120.7699966430664,119.94000244140625,120.61000061035156,-0.00041441281485321557,-0.00041449870757462217
2014-06-09,120.79000091552734,120.8499984741211,120.56999969482422,120.6500015258789,0.0003316550478809077,0.0003316000625026315
2014-06-10,121.29000091552734,121.47000122070312,121.20999908447266,121.38999938964844,0.006133426062251646,0.006114693163497651
2014-06-11,121.51000213623047,121.61000061035156,121.18000030517578,121.41000366210938,0.00016479341429698202,0.00016477983735385757
2014-06-12,121.91999816894531,122.75,121.83000183105469,122.63999938964844,0.010130925709896266,0.010079951867740265
2014-06-13,122.56999969482422,123.04000091552734,122.51000213623047,122.95999908447266,0.0026092604078342685,0.0026058621978226784
2014-06-16,122.87999725341797,123.01000213623047,122.30000305175781,122.41999816894531,-0.00439167956691644,-0.004401351318836742
2014-06-17,121.8499984741211,122.5,121.81999969482422,122.27999877929688,-0.001143599017664032,-0.0011442534259886873
2014-06-18,122.22000122070312,122.80000305175781,122.08999633789062,122.66999816894531,0.0031893964143092646,0.0031843210782079717
2014-06-19,124.33000183105469,127.2300033569336,124.31999969482422,126.94000244140625,0.034808872064872265,0.03421674499309155
2014-06-20,126.31999969482422,127.06999969482422,126.20999908447266,126.5,-0.0034662236721584305,-0.0034722449435065487
2014-06-23,126.6500015258789,126.94000244140625,126.37000274658203,126.8499984741211,0.0027667863566884776,0.0027629658487138523
2014-06-24,127.22000122070312,127.31999969482422,126.7300033569336,126.9800033569336,0.0010248709844409287,0.0010243461627259776
2014-06-25,126.77999877929688,127.55000305175781,126.66000366210938,126.98999786376953,7.870929730446896e-05,7.870619989025702e-05
2014-06-26,126.52999877929688,126.91999816894531,126.19999694824219,126.7300033569336,-0.002047362085279003,-0.002049460796069654
2014-06-27,126.87999725341797,127.16999816894531,126.6500015258789,126.66000366210938,-0.0005523529785370629,-0.0005525055816399519
2014-06-30,126.52999877929688,128.0399932861328,126.37000274658203,128.0399932861328,0.010895228044559557,0.010836302664764272
2014-07-01,127.98999786376953,128.1199951171875,127.48999786376953,127.69999694824219,-0.0026553917191390886,-0.002658923525334879
2014-07-02,127.76000213623047,128.24000549316406,127.63999938964844,127.69999694824219,0.0,0.0
2014-07-03,126.79000091552734,127.29000091552734,126.61000061035156,127.16000366210938,-0.0042286084497846765,-0.004237574298798854
2014-07-07,126.62999725341797,127.02999877929688,126.2300033569336,127.0199966430664,-0.001101030316222662,-0.0011016368953835223
2014-07-08,127.29000091552734,127.52999877929688,126.43000030517578,127.06999969482422,0.0003936628332492642,0.00039358536836548694
2014-07-09,127.54000091552734,128.25999450683594,127.18000030517578,127.83999633789062,0.0060596257567928635,0.006041340057119357
2014-07-10,129.11000061035156,129.2100067138672,128.49000549316406,128.5399932861328,0.005475570778272321,0.005460634339476959
2014-07-11,128.41000366210938,128.8300018310547,128.3800048828125,128.77999877929688,0.0018671659071103353,0.001865424919652749
2014-07-14,125.5,126.0999984741211,125.44999694824219,125.72000122070312,-0.02376143490914273,-0.024048290991992773
2014-07-15,125.88999938964844,126.31999969482422,124.36000061035156,124.52999877929688,-0.009465498169358044,-0.0095105807084893
2014-07-16,125.0199966430664,125.47000122070312,124.77999877929688,124.97000122070312,0.0035333047917720517,0.003527077335086919
2014-07-17,125.5199966430664,127.55000305175781,125.11000061035156,127.08999633789062,0.016964032139549223,0.01682174981323043
2014-07-18,125.79000091552734,126.20999908447266,125.66999816894531,126.12999725341797,-0.007553695114762116,-0.007582368755593338
2014-07-21,126.52999877929688,126.55000305175781,126.11000061035156,126.33999633789062,0.0016649416399394656,0.0016635571611118736
2014-07-22,126.33000183105469,126.43000030517578,125.47000122070312,125.73999786376953,-0.004749077817894021,-0.004760390518762728
2014-07-23,125.72000122070312,126.04000091552734,125.4000015258789,125.62000274658203,-0.0009543114301425737,-0.0009547670752033489
2014-07-24,124.8499984741211,124.87000274658203,123.9000015258789,124.3499984741211,-0.010109888908559905,-0.010161340911870228
2014-07-25,124.4800033569336,125.93000030517578,124.43000030517578,125.79000091552734,0.011580236904513708,0.01151369915042729
2014-07-28,125.44000244140625,125.66999816894531,125.30000305175781,125.58000183105469,-0.0016694417914320248,-0.0016708368622554031
2014-07-29,125.79000091552734,125.87999725341797,124.72000122070312,125.19999694824219,-0.003025998385664419,-0.003030585975810523
2014-07-30,124.88999938964844,124.93000030517578,124.41000366210938,124.83000183105469,-0.0029552326374293614,-0.0029596079595894664
2014-07-31,123.8499984741211,124.06999969482422,123.2300033569336,123.38999938964844,-0.011535707925047989,-0.011602760367427354
2014-08-01,124.54000091552734,124.80999755859375,124.2300033569336,124.37999725341797,0.008023323354133804,0.007991307629640355
2014-08-04,124.36000061035156,124.47000122070312,123.7300033569336,123.98999786376953,-0.003135547501692204,-0.0031404736308630744
2014-08-05,123.73999786376953,124.5199966430664,123.4000015258789,123.87000274658203,-0.0009677806214606344,-0.0009682492234866406
2014-08-06,125.70999908447266,126.0,125.5199966430664,125.66999816894531,0.014531326248904408,0.014426758317503117
2014-08-07,125.47000122070312,126.51000213623047,125.37000274658203,126.18000030517578,0.0040582648496965135,0.004050052304525599
2014-08-08,126.08000183105469,126.41000366210938,125.88999938964844,126.19000244140625,7.92687922512858e-05,7.926565064659302e-05
2014-08-11,125.83999633789062,126.04000091552734,125.63999938964844,125.95999908447266,-0.0018226749543046594,-0.0018243380474585883
2014-08-12,126.41999816894531,126.80999755859375,125.87000274658203,125.98999786376953,0.00023816115842256735,0.00023813280255596478
2014-08-13,126.3499984741211,126.52999877929688,125.9000015258789,126.19999694824219,0.0016667917138923904,0.0016654041582138744
2014-08-14,126.23999786376953,126.52999877929688,126.12999725341797,126.30999755859375,0.0008716371870964856,0.0008712575320018362
2014-08-15,124.5199966430664,126.06999969482422,124.41000366210938,125.4800033569336,-0.006571088731714414,-0.00659277338198299
2014-08-18,124.77999877929688,125.08000183105469,124.6500015258789,124.95999908447266,-0.004144120645117932,-0.004152731310402707
2014-08-19,125.0,125.0,124.4800033569336,124.68000030517578,-0.002240707277115117,-0.002243221418003945
2014-08-20,124.81999969482422,124.81999969482422,123.87999725341797,124.22000122070312,-0.003689437627099168,-0.0036962603887065737
2014-08-21,122.72000122070312,123.23999786376953,122.44999694824219,122.87999725341797,-0.010787344663637177,-0.010845949910482008
2014-08-22,123.08999633789062,123.33000183105469,122.56999969482422,123.19000244140625,0.002522828734679683,0.0025196517444803458
2014-08-25,122.91999816894531,123.04000091552734,122.72000122070312,122.73999786376953,-0.003652930990489689,-0.003659619235666915
2014-08-26,123.91999816894531,123.97000122070312,123.27999877929688,123.3499984741211,0.004969860037219664,0.0049575510486128994
2014-08-27,123.5999984741211,123.70999908447266,123.25,123.31999969482422,-0.00024320048372894476,-0.00024323006176227963
2014-08-28,124.1500015258789,124.33000183105469,123.80999755859375,124.0,0.0055141121217852085,0.005498965061752994
2014-08-29,123.75,124.22000122070312,123.62000274658203,123.86000061035156,-0.0011290273358744995,-0.0011296651673684001
2014-09-02,121.97000122070312,122.08000183105469,121.43000030517578,121.6500015258789,-0.01784271817844607,-0.01800381866494826
2014-09-03,121.69999694824219,122.19999694824219,121.66000366210938,122.1500015258789,0.004110152024072278,0.004101728422874365
2014-09-04,122.4800033569336,122.66000366210938,121.25,121.4800033569336,-0.005485044294521457,-0.005500142384415236
2014-09-05,121.83000183105469,122.05999755859375,121.62999725341797,122.05999755859375,0.004774400606131213,0.004763039303479569
2014-09-08,121.58000183105469,121.61000061035156,120.37000274658203,120.7300033569336,-0.010896233231708075,-0.010956031965065586
2014-09-09,120.56999969482422,120.94000244140625,120.0,120.87000274658203,0.0011596072704027627,0.0011589354452107377
2014-09-10,120.12999725341797,120.54000091552734,119.63999938964844,120.26000213623047,-0.0050467493711445766,-0.005059527219948347
2014-09-11,119.61000061035156,119.69999694824219,118.7699966430664,119.47000122070312,-0.006569107778930827,-0.006590779328069263
2014-09-12,118.62999725341797,118.9000015258789,118.06999969482422,118.37999725341797,-0.009123662477173111,-0.009165537985610185
2014-09-15,118.79000091552734,118.86000061035156,118.45999908447266,118.63999938964844,0.002196335041923403,0.002193926623932413
2014-09-16,118.8499984741211,119.43000030517578,118.44000244140625,118.83000183105469,0.0016015040659451696,0.0016002230258534479
2014-09-17,118.94999694824219,119.23999786376953,117.5,117.54000091552734,-0.010855852020951628,-0.01091520673738707
2014-09-18,117.41000366210938,118.08999633789062,117.19000244140625,117.77999877929688,0.002041839900460918,0.0020397581785849142
2014-09-19,117.51000213623047,117.56999969482422,116.72000122070312,117.08999633789062,-0.00585840081981337,-0.005875628567548555
2014-09-22,116.72000122070312,117.37000274658203,116.58000183105469,116.8499984741211,-0.002049687174615289,-0.0020517906581858703
2014-09-23,117.98999786376953,117.98999786376953,117.30999755859375,117.5999984741211,0.006418485321299405,0.006397974562940498
2014-09-24,117.12000274658203,117.72000122070312,116.9000015258789,117.05000305175781,-0.004676831883499655,-0.004687802480188137
2014-09-25,116.30000305175781,117.76000213623047,116.19999694824219,117.38999938964844,0.0029047102009922554,0.002900499681904287
2014-09-26,117.0199966430664,117.0999984741211,116.58000183105469,117.05999755859375,-0.0028111579586888036,-0.002815116684031948
2014-09-29,117.2699966430664,117.4000015258789,116.9000015258789,117.02999877929688,-0.0002562684087009659,-0.00025630125106070766
2014-09-30,116.54000091552734,117.3499984741211,115.8499984741211,116.20999908447266,-0.007006747871292629,-0.007031410399421769
2014-10-01,116.61000061035156,117.26000213623047,116.58999633789062,116.7699966430664,0.004818841433659182,0.004807267982801864
2014-10-02,116.86000061035156,117.20999908447266,116.33000183105469,116.73999786376953,-0.00025690485706331145,-0.00025693786276910794
2014-10-03,115.16999816894531,115.51000213623047,114.41999816894531,114.61000061035156,-0.018245650954213488,-0.018414155642527203
2014-10-06,115.16000366210938,116.30999755859375,114.94000244140625,116.02999877929688,0.012389827775788786,0.012313702004798997
2014-10-07,116.30999755859375,116.62999725341797,116.08999633789062,116.36000061035156,0.0028441078559553468,0.002840071033501484
2014-10-08,117.02999877929688,117.70999908447266,115.8499984741211,117.47000122070312,0.009539365800353972,0.009494153355036908
2014-10-09,117.86000061035156,118.26000213623047,117.48999786376953,117.63999938964844,0.0014471624004321892,0.0014461162700842916
2014-10-10,117.69999694824219,117.73999786376953,117.19000244140625,117.58999633789062,-0.0004250514452333043,-0.00042514180520484993
2014-10-13,118.13999938964844,118.66999816894531,117.93000030517578,118.5199966430664,0.007908838626913939,0.007877727689301057
2014-10-14,118.58000183105469,118.81999969482422,118.3499984741211,118.58999633789062,0.0005906150591197257,0.0005904407146892826
2014-10-15,119.2300033569336,120.18000030517578,118.58999633789062,118.98999786376953,0.0033729786510761084,0.0033673029177564103
2014-10-16,119.0199966430664,119.6500015258789,118.87999725341797,119.22000122070312,0.001932963787401043,0.0019310980168237603
2014-10-17,119.05999755859375,119.2300033569336,118.41999816894531,118.98999786376953,-0.001929234646691591,-0.0019310980168237627
2014-10-20,119.68000030517578,119.86000061035156,119.54000091552734,119.80000305175781,0.006807338453066025,0.006784273141083318
2014-10-21,120.2699966430664,120.5,119.91000366210938,120.0199966430664,0.0018363404482848456,0.00183465643646135
2014-10-22,119.69000244140625,119.79000091552734,119.25,119.33999633789062,-0.005665725080780226,-0.0056818361839991085
2014-10-23,118.70999908447266,118.81999969482422,117.87999725341797,118.5199966430664,-0.006871122171836941,-0.006894837025991361
2014-10-24,118.62000274658203,118.62999725341797,118.12000274658203,118.3499984741211,-0.0014343416618317617,-0.0014353713145334821
2014-10-27,118.18000030517578,118.37000274658203,118.01000213623047,118.05999755859375,-0.0024503668717051896,-0.0024533739338829107
2014-10-28,118.4800033569336,118.4800033569336,118.01000213623047,118.0999984741211,0.00033881853595230105,0.000338761149914085
2014-10-29,117.6500015258789,117.91000366210938,116.13999938964844,116.41000366210938,-0.0143098631147065,-0.01441323656422149
2014-10-30,115.80000305175781,115.83000183105469,114.94000244140625,115.19000244140625,-0.010480209452138567,-0.010535513585850021
2014-10-31,111.83000183105469,112.87999725341797,111.66000366210938,112.66000366210938,-0.021963701064975805,-0.022208494160597073
2014-11-03,112.38999938964844,112.68000030517578,112.0,112.1500015258789,-0.004526913897145546,-0.004537191400506066
2014-11-04,112.12000274658203,112.70999908447266,112.08000183105469,112.22000122070312,0.0006241613363515697,0.0006239666286797927
2014-11-05,109.91999816894531,110.83999633789062,109.66999816894531,109.79000091552734,-0.021653896620413504,-0.021891782615057327
2014-11-06,109.91999816894531,110.48999786376953,109.75,109.87999725341797,0.0008197134269072315,0.0008193776453400158
2014-11-07,110.77999877929688,113.1500015258789,110.7300033569336,112.97000122070312,0.02812162399457141,0.027733471313511962
2014-11-10,112.23999786376953,112.23999786376953,110.27999877929688,110.45999908447266,-0.02221830671070646,-0.022468851359662735
2014-11-11,111.08000183105469,112.76000213623047,110.87000274658203,112.04000091552734,0.014303837082656479,0.014202502378614763
2014-11-12,112.05000305175781,112.16999816894531,111.2300033569336,111.5,-0.004819715379460576,-0.004831367663167211
2014-11-13,111.88999938964844,112.26000213623047,111.22000122070312,111.66999816894531,0.0015246472551149193,0.0015234861605119636
2014-11-14,110.76000213623047,114.72000122070312,110.6500015258789,114.47000122070312,0.025073906131185764,0.024764713533656276
2014-11-17,113.97000122070312,114.2699966430664,113.55999755859375,114.05000305175781,-0.0036690675676288587,-0.0036758151058755954
2014-11-18,114.86000061035156,115.16999816894531,114.55000305175781,115.05000305175781,0.008768083938990978,0.008729867518400021
2014-11-19,114.93000030517578,115.3499984741211,112.87999725341797,113.68000030517578,-0.011907889702234109,-0.011979356533504938
2014-11-20,114.56999969482422,115.0199966430664,114.08999633789062,114.86000061035156,0.010380016731246,0.010326514276663132
2014-11-21,115.58000183105469,115.95999908447266,114.47000122070312,115.38999938964844,0.0046143024245213216,0.004603689167085155
2014-11-24,115.1500015258789,115.37000274658203,114.79000091552734,115.11000061035156,-0.0024265428614084206,-0.0024294916878058385
2014-11-25,115.0999984741211,115.47000122070312,114.9000015258789,115.37999725341797,0.002345553311048576,0.0023428067947762364
2014-11-26,115.25,115.33999633789062,114.9800033569336,115.16000366210938,-0.0019066874375581744,-0.0019085074799196843
2014-11-28,113.52999877929688,113.83000183105469,111.94999694824219,112.11000061035156,-0.02648491624493876,-0.026841959934437463
2014-12-01,113.80000305175781,117.36000061035156,113.73999786376953,116.58000183105469,0.03987156539441128,0.03909721071410293
2014-12-02,115.12999725341797,115.70999908447266,114.72000122070312,115.13999938964844,-0.012352053686644049,-0.012428974377113709
2014-12-03,115.68000030517578,116.76000213623047,115.55999755859375,116.33000183105469,0.010335265309313835,0.010282221622139046
2014-12-04,116.01000213623047,116.33999633789062,115.61000061035156,115.87999725341797,-0.003868344971663107,-0.0038758463696522295
2014-12-05,115.16000366210938,115.18000030517578,114.23999786376953,114.43000030517578,-0.012512918386347494,-0.012591864202654362
2014-12-08,114.97000122070312,116.16000366210938,114.45999908447266,115.77999877929688,0.011797592156958414,0.011728543111015293
2014-12-09,117.04000091552734,118.98999786376953,116.9800033569336,118.19000244140625,0.020815371286221795,0.020601691573211994
2014-12-10,118.1500015258789,118.47000122070312,117.80999755859375,117.95999908447266,-0.00194604748441074,-0.0019479434950336577
2014-12-11,116.9800033569336,118.37999725341797,116.81999969482422,117.69000244140625,-0.0022888830549503414,-0.0022915065517861103
2014-12-12,117.38999938964844,117.80000305175781,116.68000030517578,117.41000366210938,-0.002379121195415723,-0.002381955801053023
2014-12-15,116.22000122070312,116.97000122070312,114.36000061035156,114.38999938964844,-0.025721865073372374,-0.026058456631024355
2014-12-16,116.27999877929688,116.5,114.06999969482422,114.94999694824219,0.004895511509587669,0.004883567458748182
2014-12-17,115.0999984741211,115.4800033569336,113.58000183105469,114.2699966430664,-0.005915618296901348,-0.005933184879209219
2014-12-18,115.58999633789062,115.80999755859375,114.58000183105469,115.1500015258789,0.007701101852319869,0.007671599736508545
2014-12-19,115.05999755859375,115.22000122070312,114.7699966430664,114.7699966430664,-0.003300085781823392,-0.0033055430745708814
2014-12-22,114.80999755859375,114.97000122070312,112.41000366210938,112.55000305175781,-0.019342978620211615,-0.019532501975925175
2014-12-23,112.87999725341797,113.31999969482422,112.61000061035156,112.73999786376953,0.0016880924643276618,0.0016866692377105724
2014-12-24,112.83000183105469,112.91999816894531,112.66000366210938,112.7699966430664,0.00026608816627016196,0.00026605277109273347
2014-12-26,114.81999969482422,114.9800033569336,114.52999877929688,114.83000183105469,0.018267316212737805,0.018102473257655193
2014-12-29,114.61000061035156,114.63999938964844,113.2300033569336,113.66999816894531,-0.010101921480555665,-0.010153292143778678
2014-12-30,114.98999786376953,116.26000213623047,114.9000015258789,115.19999694824219,0.013460005313124634,0.013370224180731385
2014-12-31,114.88999938964844,115.0,113.27999877929688,113.58000183105469,-0.014062457987002785,-0.014162271200273567
2015-01-02,112.48999786376953,114.80000305175781,112.31999969482422,114.08000183105469,0.004402183412038685,0.0043925221460414865
2015-01-05,114.77999877929688,116.0,114.7300033569336,115.80000305175781,0.015077149308345472,0.014964618775983719
2015-01-06,116.22000122070312,117.5,115.80000305175781,117.12000274658203,0.011398960794795743,0.01133448217141997
2015-01-07,116.47000122070312,116.87999725341797,116.16999816894531,116.43000030517578,-0.005891414149803653,-0.005908836993974842
2015-01-08,116.44999694824219,116.87000274658203,115.8499984741211,115.94000244140625,-0.00420851895976293,-0.004217399700950183
2015-01-09,116.51000213623047,117.33999633789062,116.5,117.26000213623047,0.011385196369055883,0.011320872784880804
2015-01-12,117.45999908447266,118.70999908447266,117.31999969482422,118.55999755859375,0.011086435260788896,0.011025431201653892
2015-01-13,118.95999908447266,119.19000244140625,117.87000274658203,118.16000366210938,-0.003373767752371082,-0.003379471739693634
2015-01-14,119.08000183105469,119.31999969482422,117.9000015258789,117.97000122070312,-0.0016080097792615655,-0.0016093040146014643
2015-01-15,120.41000366210938,121.69999694824219,120.33999633789062,120.94000244140625,0.025175902263040006,0.024864209830664365
2015-01-16,121.7300033569336,123.1500015258789,121.70999908447266,122.5199966430664,0.013064281211881523,0.01297967953352017
2015-01-20,123.62999725341797,124.5999984741211,123.48999786376953,124.19999694824219,0.013712049879254229,0.013618890362551296
2015-01-21,125.18000030517578,125.33999633789062,123.37000274658203,124.2300033569336,0.00024159749942587183,0.00024156831944978564
2015-01-22,125.06999969482422,125.58000183105469,124.1500015258789,125.2300033569336,0.008049585228834255,0.008017360134577187
2015-01-23,124.43000030517578,124.5,123.3499984741211,124.2300033569336,-0.007985306821000182,-0.008017360134577146
2015-01-26,123.33000183105469,123.33999633789062,122.5199966430664,122.98999786376953,-0.00998152990144674,-0.010031679362329541
2015-01-27,123.55999755859375,124.63999938964844,123.51000213623047,124.4000015258789,0.011464376669647391,0.011399158685807192
2015-01-28,123.5199966430664,123.88999938964844,122.94000244140625,123.41999816894531,-0.00787784039319106,-0.007909034514030033
2015-01-29,121.98999786376953,122.29000091552734,120.26000213623047,120.76000213623047,-0.021552390797103027,-0.02178803552843412
2015-01-30,121.30000305175781,123.55000305175781,120.91999816894531,123.44999694824219,0.022275544587827323,0.022031068542067805
2015-02-02,121.83999633789062,123.16000366210938,121.81999969482422,122.41999816894531,-0.008343449208254805,-0.008378450604819716
2015-02-03,121.73999786376953,121.76000213623047,120.55999755859375,121.05000305175781,-0.011190942147351168,-0.011254031870982083
2015-02-04,121.62999725341797,122.22000122070312,120.91999816894531,121.58000183105469,0.0043783458565487265,0.004368788786280421
2015-02-05,120.9800033569336,121.83000183105469,120.61000061035156,121.79000091552734,0.0017272502164005221,0.0017257602352123193
2015-02-06,119.1500015258789,119.5199966430664,117.94999694824219,118.63999938964844,-0.025864204796777424,-0.026204564931172653
2015-02-09,118.83000183105469,119.4000015258789,118.7699966430664,119.16999816894531,0.004467285755423989,0.004457337052542182
2015-02-10,118.62999725341797,119.05999755859375,118.20999908447266,118.47000122070312,-0.005873936049321848,-0.005891255467082124
2015-02-11,118.48999786376953,118.56999969482422,117.0,117.06999969482422,-0.011817350480741395,-0.01188773038576783
2015-02-12,117.68000030517578,117.81999969482422,117.08999633789062,117.33999633789062,0.0023062837940568404,0.0023036284035265445
2015-02-13,118.05000305175781,118.58000183105469,117.79000091552734,117.9800033569336,0.005454295543013465,0.005439474740014081
2015-02-17,116.4000015258789,116.54000091552734,115.58000183105469,116.01000213623047,-0.01669775525216033,-0.016838734326833547
2015-02-18,115.98999786376953,116.52999877929688,114.98999786376953,116.33999633789062,0.002844532329830063,0.0028404943034609498
2015-02-19,116.4000015258789,116.54000091552734,115.73999786376953,115.94000244140625,-0.0034381460295276334,-0.003444070035884628
2015-02-20,116.0999984741211,116.45999908447266,115.05000305175781,115.27999877929688,-0.005692631086866906,-0.005708895866845205
2015-02-23,115.11000061035156,116.22000122070312,115.06999969482422,115.43000030517578,0.0013011929863573357,0.0013003471683988895
2015-02-24,115.0,115.55000305175781,114.29000091552734,115.26000213623047,-0.0014727381832787545,-0.0014738237281034486
2015-02-25,115.83000183105469,115.88999938964844,115.33000183105469,115.69999694824219,0.0038174111040851777,0.003810143280624359
2015-02-26,116.54000091552734,116.55000305175781,115.83000183105469,116.06999969482422,0.0031979494930112207,0.003192846928133665
2015-02-27,116.73999786376953,117.06999969482422,116.16000366210938,116.16000366210938,0.0007754283408443197,0.000775127851616969
2015-03-02,116.5,116.63999938964844,115.62000274658203,115.68000030517578,-0.004132260173905,-0.004140821554351363
2015-03-03,116.04000091552734,116.61000061035156,115.3499984741211,115.47000122070312,-0.0018153447779967191,-0.0018169945131893267
2015-03-04,115.69999694824219,115.79000091552734,115.0199966430664,115.11000061035156,-0.0031176981600916642,-0.0031225683060647487
2015-03-05,115.43000030517578,116.12000274658203,114.83999633789062,115.0,-0.0009556129768769628,-0.0009560698660537595
2015-03-06,113.16999816894531,113.26000213623047,111.69999694824219,111.86000061035156,-0.02730434251868208,-0.027684033513420175
2015-03-09,112.41999816894531,112.62000274658203,111.94999694824219,111.97000122070312,0.000983377523255502,0.0009828943243309087
2015-03-10,112.08999633789062,112.3499984741211,111.22000122070312,111.41999816894531,-0.004912057209624399,-0.004924161015297649
2015-03-11,111.2300033569336,111.25,110.16000366210938,110.75,-0.006013266738071565,-0.006031419233618076
2015-03-12,111.1500015258789,111.19999694824219,110.25,110.72000122070312,-0.0002708693390236494,-0.0002709060307489861
2015-03-13,111.0999984741211,111.27999877929688,110.51000213623047,110.87999725341797,0.001445050857576513,0.0014440077763354022
2015-03-16,111.08999633789062,111.20999908447266,110.41999816894531,110.80999755859375,-0.0006313103946443688,-0.0006315097549614711
2015-03-17,109.91999816894531,111.3499984741211,109.7699966430664,110.20999908447266,-0.005414660114975933,-0.005429372519536195
2015-03-18,110.33000183105469,112.87000274658203,110.08999633789062,112.37000274658203,0.019598980855210835,0.019409393965783985
2015-03-19,111.8499984741211,112.58000183105469,111.58000183105469,112.29000091552734,-0.0007119500676271429,-0.0007122036244302048
2015-03-20,112.70999908447266,114.0,112.66999816894531,113.56999969482422,0.011399045051747603,0.011334565478751316
2015-03-23,113.69999694824219,114.37000274658203,113.48999786376953,114.29000091552734,0.006339713151693793,0.006319701703631724
2015-03-24,114.3499984741211,114.6500015258789,113.81999969482422,114.56999969482422,0.002449897428068226,0.002446901321801825
2015-03-25,115.11000061035156,115.13999938964844,114.6500015258789,114.7300033569336,0.001396558108890389,0.001395583828601838
2015-03-26,115.7300033569336,115.83999633789062,115.33999633789062,115.4800033569336,0.00653708688272836,0.006515812793653495
2015-03-27,115.13999938964844,115.36000061035156,114.44999694824219,115.05999755859375,-0.0036370435238182175,-0.0036436736475295383
2015-03-30,113.9000015258789,114.01000213623047,113.54000091552734,113.75,-0.01138534318086215,-0.011450652385538355
2015-03-31,113.83999633789062,114.27999877929688,113.41000366210938,113.66000366210938,-0.0007911765968406925,-0.000791489742224147
2015-04-01,114.55999755859375,115.98999786376953,114.54000091552734,115.5999984741211,0.017068403567705115,0.016924374949796855
2015-04-02,115.47000122070312,115.72000122070312,114.68000030517578,115.27999877929688,-0.0027681634865752702,-0.002772001936393702
2015-04-06,117.31999969482422,117.47000122070312,116.5199966430664,116.69000244140625,0.012231121417765056,0.012156925637931892
2015-04-07,116.2699966430664,116.51000213623047,115.94000244140625,116.11000061035156,-0.004970450072155241,-0.004982843844589143
2015-04-08,115.9800033569336,116.02999877929688,114.9000015258789,115.47000122070312,-0.00551200918339656,-0.005527256360212914
2015-04-09,114.80000305175781,114.8499984741211,114.4800033569336,114.66999816894531,-0.006928232816320268,-0.006952344453191623
2015-04-10,116.0,116.19000244140625,115.5,115.97000122070312,0.011336906536289382,0.011273125412459931
2015-04-13,115.3499984741211,115.38999938964844,114.80000305175781,115.13999938964844,-0.007157039081814864,-0.007182773547924921
2015-04-14,114.69000244140625,115.06999969482422,114.38999938964844,114.44000244140625,-0.006079528851422933,-0.006098084431298223
2015-04-15,114.80000305175781,115.5999984741211,114.47000122070312,115.43000030517578,0.008650802539753588,0.008613598755223903
2015-04-16,115.55000305175781,115.66000366210938,114.63999938964844,115.02999877929688,-0.0034653168571547877,-0.0034713349747602833
2015-04-17,115.37999725341797,115.79000091552734,115.2300033569336,115.5999984741211,0.004955226470251928,0.004942989742755055
2015-04-20,114.81999969482422,114.94999694824219,114.31999969482422,114.72000122070312,-0.007612433088526105,-0.007641555546604684
2015-04-21,114.72000122070312,115.55999755859375,114.6500015258789,115.37999725341797,0.005753103431764384,0.005736617532052148
2015-04-22,114.83000183105469,114.95999908447266,113.7699966430664,113.83000183105469,-0.013433831333510171,-0.013524881601083907
2015-04-23,113.9000015258789,114.95999908447266,113.80999755859375,114.66000366210938,0.007291591124513719,0.007265135996097461
2015-04-24,113.95999908447266,114.06999969482422,112.7699966430664,113.05000305175781,-0.01404151891618688,-0.014141033700353254
2015-04-27,113.87000274658203,115.81999969482422,113.66999816894531,115.33000183105469,0.02016805588455428,0.01996737439576267
2015-04-28,115.36000061035156,116.62000274658203,115.33999633789062,116.33000183105469,0.008670770693864016,0.008633395454348151
2015-04-29,116.05999755859375,116.38999938964844,115.27999877929688,115.51000213623047,-0.007048909841977813,-0.007073870774361553
2015-04-30,113.87999725341797,113.87999725341797,112.95999908447266,113.47000122070312,-0.017660816187341055,-0.01781862923365432
2015-05-01,112.41999816894531,113.30999755859375,112.27999877929688,113.08000183105469,-0.0034370263986326366,-0.003442946542885586
2015-05-04,114.18000030517578,114.44000244140625,113.87999725341797,114.0999984741211,0.009020132884241638,0.0089796944769085
2015-05-05,114.88999938964844,115.11000061035156,114.38999938964844,114.41999816894531,0.0028045547686559313,0.0028006293425995657
2015-05-06,114.58999633789062,114.75,114.0199966430664,114.36000061035156,-0.0005243625201353241,-0.0005245000462393765
2015-05-07,113.83999633789062,114.01000213623047,113.31999969482422,113.41999816894531,-0.00821967852736405,-0.008253646349355704
2015-05-08,114.33999633789062,114.43000030517578,113.58999633789062,113.97000122070312,0.004849259924502469,0.0048375401365222245
2015-05-11,114.08999633789062,114.30999755859375,113.08000183105469,113.52999877929688,-0.0038606864674344266,-0.003868158154194018
2015-05-12,114.0999984741211,114.66999816894531,114.05999755859375,114.5,0.00854400802548061,0.008507714570103646
2015-05-13,115.73999786376953,116.93000030517578,115.68000030517578,116.55000305175781,0.01790395678391099,0.017745568671579635
2015-05-14,117.27999877929688,117.75,117.02999877929688,117.18000030517578,0.005405381698172951,0.005390825055101934
2015-05-15,116.80000305175781,117.62999725341797,116.68000030517578,117.52999877929688,0.002986844796122101,0.0029823930374759115
2015-05-18,117.77999877929688,117.87999725341797,117.2699966430664,117.5199966430664,-8.510283616403047e-05,-8.510645761585739e-05
2015-05-19,116.55000305175781,116.7300033569336,115.6500015258789,115.88999938964844,-0.013869956602948319,-0.013967043221181913
2015-05-20,116.02999877929688,116.37999725341797,115.76000213623047,116.08000183105469,0.0016395067944336983,0.0016381642703537944
2015-05-21,115.52999877929688,116.0,115.47000122070312,115.69000244140625,-0.003359746584222556,-0.0033654032062089196
2015-05-22,115.51000213623047,115.93000030517578,115.31999969482422,115.5999984741211,-0.0007779753253159827,-0.0007782781051664031
2015-05-26,113.83999633789062,114.2300033569336,113.69999694824219,113.91000366210938,-0.014619332476808355,-0.014727247977664972
2015-05-27,113.77999877929688,114.01000213623047,113.62999725341797,113.88999938964844,-0.00017561471177085508,-0.00017563013383993815
2015-05-28,113.8499984741211,114.16000366210938,113.20999908447266,114.0199966430664,0.0011414281685366845,0.0011407772346871212
2015-05-29,114.13999938964844,114.4800033569336,114.0,114.0999984741211,0.0007016473724792416,0.0007014013330434771
2015-06-01,115.0199966430664,115.5,113.9000015258789,114.0,-0.0008764108278561666,-0.0008767951003625541
2015-06-02,114.36000061035156,114.6500015258789,114.16999816894531,114.45999908447266,0.004035079688356591,0.0040269605877943865
2015-06-03,114.12999725341797,114.37000274658203,113.08000183105469,113.63999938964844,-0.007164072177032299,-0.0071898573672245485
2015-06-04,112.9800033569336,113.1500015258789,112.4800033569336,112.83999633789062,-0.007039801619628361,-0.0070646979352704175
2015-06-05,111.5999984741211,112.38999938964844,111.56999969482422,112.23999786376953,-0.005317250031845466,-0.005331436918291504
2015-06-08,112.38999938964844,112.66000366210938,112.12999725341797,112.56999969482422,0.002940144666210953,0.0029358308942225293
2015-06-09,113.1500015258789,113.2300033569336,112.70999908447266,112.81999969482422,0.002220840372015198,0.002218377951124773
2015-06-10,114.13999938964844,114.13999938964844,113.69000244140625,113.77999877929688,0.008509121495031247,0.008473122987024092
2015-06-11,113.2699966430664,113.41000366210938,112.91999816894531,113.26000213623047,-0.004570193783136389,-0.00458066904691928
2015-06-12,113.05999755859375,113.5,112.95999908447266,113.2300033569336,-0.0002648664906503839,-0.0002649015739743867
2015-06-15,113.27999877929688,114.1500015258789,113.20999908447266,113.7300033569336,0.004415790737229308,0.004406069740065375
2015-06-16,113.08000183105469,113.44999694824219,112.79000091552734,113.31999969482422,-0.003605061549348698,-0.0036115754437751487
2015-06-17,113.06999969482422,114.04000091552734,112.62999725341797,113.8499984741211,0.004677010066397758,0.004666106837939518
2015-06-18,115.19000244140625,115.61000061035156,114.88999938964844,115.31999969482422,0.012911736850284239,0.012829091016651683
2015-06-19,115.33999633789062,115.45999908447266,114.94999694824219,115.12000274658203,-0.0017342780850801987,-0.0017357836863243674
2015-06-22,113.79000091552734,113.94000244140625,113.33999633789062,113.63999938964844,-0.01285617895780966,-0.012939534822473103
2015-06-23,112.95999908447266,113.16999816894531,112.79000091552734,112.88999938964844,-0.006599788842205134,-0.006621663748214055
2015-06-24,112.4800033569336,112.73999786376953,112.30999755859375,112.58999633789062,-0.0026574812063053788,-0.002661018577875129
2015-06-25,112.43000030517578,112.70999908447266,112.31999969482422,112.44000244140625,-0.0013322133525454083,-0.0013331015376761225
2015-06-26,112.19999694824219,112.68000030517578,112.12999725341797,112.55999755859375,0.001067192410014739,0.0010666233650124298
2015-06-29,112.80999755859375,113.2300033569336,112.52999877929688,113.06999969482422,0.0045309359212182265,0.004520702131842665
2015-06-30,112.23999786376953,113.05000305175781,111.83999633789062,112.37000274658203,-0.006190828249150737,-0.006210070886037382
2015-07-01,112.12000274658203,112.51000213623047,111.94000244140625,111.9800033569336,-0.0034706717105629226,-0.003476708463396305
2015-07-02,111.66000366210938,111.83999633789062,111.41000366210938,111.76000213623047,-0.0019646473844252554,-0.0019665798355693646
2015-07-06,111.70999908447266,112.58000183105469,111.62999725341797,112.05999755859375,0.002684282539629823,0.002680686287387427
2015-07-07,111.08000183105469,111.13999938964844,110.05000305175781,110.76000213623047,-0.011600887477117294,-0.011668702760757443
2015-07-08,111.37999725341797,111.6500015258789,111.08000183105469,111.08999633789062,0.002979362543296782,0.0029749330386005784
2015-07-09,111.80000305175781,111.93000030517578,111.1500015258789,111.36000061035156,0.0024305003273175085,0.002427551438613741
2015-07-10,111.18000030517578,111.70999908447266,111.02999877929688,111.48999786376953,0.0011673603870820948,0.001166679551747385
2015-07-13,110.43000030517578,111.13999938964844,110.36000061035156,110.98999786376953,-0.00448470723455352,-0.004494793701909413
2015-07-14,111.0,111.08000183105469,110.62999725341797,110.73999786376953,-0.002252455219495131,-0.00225499581251802
2015-07-15,110.0,110.19000244140625,109.58000183105469,110.16000366210938,-0.005237440968471563,-0.005251204440368454
2015-07-16,109.66999816894531,110.01000213623047,109.5999984741211,109.76000213623047,-0.0036310957932229604,-0.0036377042236319986
2015-07-17,109.11000061035156,109.16000366210938,108.4000015258789,108.6500015258789,-0.010112979124889843,-0.010164462693893107
2015-07-20,106.5999984741211,106.6500015258789,105.62000274658203,105.69999694824219,-0.027151445340146352,-0.02752685674211234
2015-07-21,105.80999755859375,106.31999969482422,105.25,105.37000274658203,-0.003121988752958438,-0.003126872326802464
2015-07-22,104.38999938964844,105.08999633789062,104.18000030517578,104.80000305175781,-0.005409506310776968,-0.005424190670740339
2015-07-23,104.9800033569336,105.30000305175781,104.19999694824219,104.33000183105469,-0.004484744341763047,-0.00449483097628429
2015-07-24,103.61000061035156,105.58999633789062,103.43000030517578,105.3499984741211,0.009776637833459612,0.009729155735813993
2015-07-27,104.94000244140625,105.68000030517578,104.66000366210938,104.86000061035156,-0.00465114258060384,-0.004661992801277996
2015-07-28,105.08999633789062,105.33000183105469,104.83000183105469,105.0199966430664,0.0015258061394580746,0.0015246432799856059
2015-07-29,104.93000030517578,105.62999725341797,104.48999786376953,105.16999816894531,0.0014283139466164663,0.0014272948765040416
2015-07-30,104.02999877929688,104.97000122070312,103.86000061035156,104.2699966430664,-0.008557588110186587,-0.00859441451463339
2015-07-31,105.41000366210938,105.75,104.69000244140625,104.93000030517578,0.006329756242044127,0.006309807471318708
2015-08-03,104.58999633789062,104.81999969482422,104.05000305175781,104.0999984741211,-0.007910052688847147,-0.007941503115089978
2015-08-04,104.55999755859375,104.75,103.94999694824219,104.30999755859375,0.0020172823011603835,0.002015250319480653
2015-08-05,104.41999816894531,104.5,103.77999877929688,103.93000030517578,-0.0036429610038530846,-0.003649612745895922
2015-08-06,104.1500015258789,104.86000061035156,104.13999938964844,104.38999938964844,0.004426047177157111,0.004416281036678492
2015-08-07,104.55999755859375,105.37999725341797,104.55000305175781,104.6500015258789,0.002490680503407061,0.0024875838994236877
2015-08-10,105.02999877929688,106.2699966430664,104.91999816894531,105.72000122070312,0.010224554985406531,0.010172637809864738
2015-08-11,106.48999786376953,106.62999725341797,105.7699966430664,106.26000213623047,0.005107840610028225,0.005094839843947383
2015-08-12,106.98999786376953,107.91000366210938,106.93000030517578,107.75,0.014022189288677822,0.013924787857253812
2015-08-13,106.94999694824219,107.18000030517578,106.70999908447266,106.86000061035156,-0.00825985512434746,-0.008294156742538458
2015-08-14,107.06999969482422,107.41000366210938,106.54000091552734,106.8499984741211,-9.360037594363657e-05,-9.36047567321894e-05
2015-08-17,107.37000274658203,107.51000213623047,107.0,107.12999725341797,0.0026204846354274114,0.0026170571520377807
2015-08-18,106.66999816894531,107.33000183105469,106.30999755859375,107.11000061035156,-0.00018665773900006233,-0.00018667516172391786
2015-08-19,107.62999725341797,108.66999816894531,107.62999725341797,108.55000305175781,0.013444145581183786,0.013354574963244535
2015-08-20,109.80999755859375,110.61000061035156,109.69999694824219,110.44000244140625,0.017411325071518213,0.017261484729986225
2015-08-21,110.93000030517578,111.33000183105469,110.12000274658203,111.12999725341797,0.006247689213677798,0.006228253314387141
2015-08-24,111.54000091552734,112.12000274658203,109.7699966430664,110.52999877929688,-0.005399068558895714,-0.005413696203742859
2015-08-25,110.01000213623047,110.05000305175781,108.72000122070312,109.16000366210938,-0.01239478089494117,-0.012472236890549283
2015-08-26,107.72000122070312,108.05999755859375,107.08000183105469,107.66999816894531,-0.013649738394807875,-0.013743752566773907
2015-08-27,107.33000183105469,108.04000091552734,107.11000061035156,107.7300033569336,0.0005573064828525709,0.0005571512452685862
2015-08-28,108.16999816894531,109.30000305175781,108.12000274658203,108.69999694824219,0.009003931691107248,0.00896363798539372
2015-08-31,108.19000244140625,108.91999816894531,108.02999877929688,108.81999969482422,0.001103981140304633,0.0011033722012558356
2015-09-01,109.62999725341797,109.7699966430664,108.94000244140625,109.19999694824219,0.0034919799162251852,0.00348589711093372
2015-09-02,109.01000213623047,109.33999633789062,108.45999908447266,108.62000274658203,-0.005311302361437398,-0.005325457471451406
2015-09-03,107.7699966430664,108.31999969482422,107.55999755859375,107.83999633789062,-0.00718105679403469,-0.00720696468758582
2015-09-04,107.13999938964844,107.55999755859375,107.06999969482422,107.48999786376953,-0.0032455349221680585,-0.0032508130940551347
2015-09-08,107.5999984741211,107.94000244140625,107.30999755859375,107.5199966430664,0.000279084378947525,0.0002790454421465056
2015-09-09,106.63999938964844,106.70999908447266,105.4800033569336,106.12999725341797,-0.012927822107945297,-0.013012113659039884
2015-09-10,106.61000061035156,106.69999694824219,106.18000030517578,106.37999725341797,0.0023556016816155267,0.002352831601258748
2015-09-11,105.6500015258789,106.19999694824219,105.2699966430664,106.16000366210938,-0.002067997715628156,-0.002070138975493721
2015-09-14,105.86000061035156,106.38999938964844,105.77999877929688,106.22000122070312,0.0005651616100608159,0.0005650019663848919
2015-09-15,105.83000183105469,106.05999755859375,105.68000030517578,105.9000015258789,-0.0030126124190049675,-0.003017159470430642
2015-09-16,106.5999984741211,107.70999908447266,106.55999755859375,107.30999755859375,0.013314409937664529,0.013226552172031262
2015-09-17,107.06999969482422,108.58000183105469,106.95999908447266,108.41000366210938,0.010250732723341871,0.01019855026531129
2015-09-18,109.0999984741211,109.37999725341797,108.81999969482422,109.20999908447266,0.007379350570420495,0.007352256373074212
2015-09-21,108.48999786376953,108.66000366210938,108.33000183105469,108.52999877929688,-0.0062265388780913256,-0.006246004616141289
2015-09-22,107.58000183105469,107.95999908447266,107.44000244140625,107.79000091552734,-0.00681837162160448,-0.006841722923155944
2015-09-23,108.54000091552734,108.63999938964844,108.19999694824219,108.22000122070312,0.003989241131120869,0.00398130520726097
2015-09-24,109.66999816894531,110.81999969482422,109.62999725341797,110.48999786376953,0.020975758801157207,0.02075879629651289
2015-09-25,109.87000274658203,110.02999877929688,109.55000305175781,109.80999755859375,-0.006154405994415857,-0.006173422414314381
2015-09-28,108.37000274658203,108.91000366210938,108.2699966430664,108.41999816894531,-0.012658222571280353,-0.012739020432957309
2015-09-29,108.23999786376953,108.69000244140625,107.87999725341797,107.9800033569336,-0.004058244045771819,-0.004066501065043471
2015-09-30,106.77999877929688,107.08000183105469,106.47000122070312,106.86000061035156,-0.010372316278596583,-0.010426483637297347
2015-10-01,106.9800033569336,107.20999908447266,106.62999725341797,106.7300033569336,-0.001216519302596475,-0.0012172598628681067
2015-10-02,108.54000091552734,109.31999969482422,108.54000091552734,108.98999786376953,0.021174875253005654,0.020953802922526705
2015-10-05,109.13999938964844,109.37999725341797,108.45999908447266,108.7699966430664,-0.002018545050144094,-0.0020205850578978056
2015-10-06,109.80000305175781,110.26000213623047,109.62999725341797,109.86000061035156,0.010021182319808863,0.009971303227116472
2015-10-07,109.75,110.13999938964844,109.33999633789062,109.69999694824219,-0.0014564323795780432,-0.001457494008134859
2015-10-08,109.16000366210938,110.2699966430664,109.05999755859375,109.13999938964844,-0.005104809244962594,-0.005117883296347929
2015-10-09,110.54000091552734,111.05000305175781,110.2300033569336,110.87000274658203,0.015851231139897504,0.015726912391542485
2015-10-12,111.66999816894531,111.7300033569336,111.01000213623047,111.30999755859375,0.00396856499604703,0.0039607110144831365
2015-10-13,111.36000061035156,111.87000274658203,111.27999877929688,111.86000061035156,0.00494118285707712,0.004929015278091239
2015-10-14,112.62999725341797,113.94999694824219,112.30000305175781,113.80999755859375,0.017432477539802038,0.017282274992371418
2015-10-15,113.19999694824219,113.98999786376953,112.94000244140625,113.29000091552734,-0.004568989141737645,-0.004579458875531695
2015-10-16,113.23999786376953,113.44000244140625,112.43000030517578,112.48999786376953,-0.0070615504042084165,-0.007086601152338509
2015-10-19,112.63999938964844,112.69000244140625,111.88999938964844,112.0199966430664,-0.004178160099818973,-0.004186912999915291
2015-10-20,112.37999725341797,113.08999633789062,112.37999725341797,112.7300033569336,0.006338214025568112,0.006318212020552837
2015-10-21,112.37000274658203,112.37000274658203,111.41000366210938,111.7300033569336,-0.008870752862782494,-0.008910332230671142
2015-10-22,111.5199966430664,112.20999908447266,111.43000030517578,111.69000244140625,-0.0003580140904458906,-0.00035807819279052113
2015-10-23,111.80999755859375,111.83999633789062,110.95999908447266,111.5,-0.0017011588974217284,-0.0017026075113336088
2015-10-26,111.7300033569336,111.9800033569336,111.33000183105469,111.43000030517578,-0.0006277999535804213,-0.0006279971024889811
2015-10-27,111.30999755859375,111.80999755859375,111.29000091552734,111.68000030517578,0.0022435609738429285,0.002241047948969033
2015-10-28,112.68000030517578,113.25,110.30999755859375,110.77999877929688,-0.008058752895948817,-0.008091400160860905
2015-10-29,110.2300033569336,110.5999984741211,109.66000366210938,109.72000122070312,-0.009568492239339532,-0.009614564390769178
2015-10-30,109.5,109.58000183105469,109.05999755859375,109.30000305175781,-0.0038279088978543374,-0.0038352540915993893
2015-11-02,108.63999938964844,108.83999633789062,108.45999908447266,108.58999633789062,-0.00649594413580179,-0.006517134598801595
2015-11-03,107.79000091552734,107.80999755859375,106.68000030517578,106.9800033569336,-0.014826347133739204,-0.014937356022442439
2015-11-04,107.0199966430664,107.08999633789062,105.91999816894531,105.97000122070312,-0.009441036684777915,-0.009485885776108033
2015-11-05,106.01000213623047,106.0999984741211,105.58000183105469,105.63999938964844,-0.0031141061362016664,-0.0031189650547963797
2015-11-06,104.16999816894531,104.41999816894531,104.0199966430664,104.0999984741211,-0.014577820185771806,-0.014685120688170974
2015-11-09,104.29000091552734,104.58000183105469,104.19000244140625,104.4000015258789,0.0028818737382825255,0.0028777291011320622
2015-11-10,104.08999633789062,104.6500015258789,103.87000274658203,104.18000030517578,-0.0021072913552456773,-0.002109514817878502
2015-11-11,104.08999633789062,104.2300033569336,103.77999877929688,103.83000183105469,-0.0033595553186392957,-0.00336521129587392
2015-11-12,103.08999633789062,104.31999969482422,103.04000091552734,103.8499984741211,0.00019259022164841433,0.00019257167853245404
2015-11-13,103.54000091552734,103.73999786376953,103.44999694824219,103.55999755859375,-0.0027924980239610875,-0.002796404320479703
2015-11-16,103.9800033569336,104.02999877929688,103.5199966430664,103.70999908447266,0.001448450457852024,0.001447402465342363
2015-11-17,103.37999725341797,103.4000015258789,101.9800033569336,102.33999633789062,-0.013209938855231806,-0.013297966180688193
2015-11-18,102.38999938964844,102.94999694824219,102.04000091552734,102.43000030517578,0.0008794603332600293,0.0008790738346113607
2015-11-19,103.06999969482422,104.08999633789062,103.06999969482422,103.55999755859375,0.011031897393842582,0.010971489880734318
2015-11-20,103.58000183105469,103.66000366210938,102.97000122070312,103.08999633789062,-0.004538443721352925,-0.004548773723664315
2015-11-23,102.4800033569336,102.75,102.16000366210938,102.26000213623047,-0.008051161423458963,-0.008083747042833161
2015-11-24,103.12000274658203,103.25,102.69000244140625,102.94000244140625,0.0066497192545516,0.006627707399357638
2015-11-25,102.47000122070312,102.69000244140625,102.20999908447266,102.45999908447266,-0.004662942933256753,-0.004673848365801943
2015-11-27,101.01000213623047,101.62000274658203,100.98999786376953,101.25,-0.011809477798990442,-0.011879763588946619
2015-11-30,101.52999877929688,102.37999725341797,101.5199966430664,101.91999816894531,0.006617265866126543,0.006595467871597316
2015-12-01,102.30000305175781,102.43000030517578,101.80999755859375,102.27999877929688,0.003532188155604299,0.0035259646298247574
2015-12-02,101.3499984741211,101.3499984741211,100.52999877929688,100.69000244140625,-0.015545525585325515,-0.015667624313787498
2015-12-03,101.2300033569336,101.97000122070312,100.8499984741211,101.76000213623047,0.010626672647533919,0.010570606410359536
2015-12-04,102.73999786376953,104.20999908447266,102.6500015258789,104.0199966430664,0.022209065049059173,0.021966035488281806
2015-12-07,103.31999969482422,103.37000274658203,102.5,102.66999816894531,-0.012978259158702654,-0.013063212596420425
2015-12-08,103.12999725341797,103.26000213623047,102.52999877929688,102.83999633789062,0.0016557725915762322,0.0016544033114080684
2015-12-09,103.62999725341797,103.66000366210938,102.31999969482422,102.63999938964844,-0.00194473896697811,-0.0019466324270582696
2015-12-10,102.51000213623047,102.83000183105469,102.33999633789062,102.55000305175781,-0.0008768154562138752,-0.0008772000837340084
2015-12-11,101.91000366210938,103.31999969482422,101.8499984741211,103.11000061035156,0.005460726883753653,0.0054458711721541595
2015-12-14,102.58000183105469,102.72000122070312,101.73999786376953,101.79000091552734,-0.012801859053540698,-0.012884508990749449
2015-12-15,101.70999908447266,102.05999755859375,101.41000366210938,101.5199966430664,-0.002652561843328849,-0.0026560861191144095
2015-12-16,102.58999633789062,103.19999694824219,101.66000366210938,102.75,0.012115872710852793,0.012043063036934096
2015-12-17,100.91999816894531,100.98999786376953,100.2300033569336,100.5,-0.021897810218978075,-0.022141125877213518
2015-12-18,101.3499984741211,102.52999877929688,101.30000305175781,102.04000091552734,0.0153233921943019,0.015207174746719882
2015-12-21,102.94999694824219,103.5199966430664,102.83000183105469,103.1500015258789,0.010878092908588544,0.010819352064225785
2015-12-22,103.08999633789062,103.19999694824219,102.55999755859375,102.61000061035156,-0.005235103320787249,-0.0052488544876924
2015-12-23,102.4000015258789,102.58999633789062,102.20999908447266,102.30999755859375,-0.0029237213719258692,-0.002928003794366426
2015-12-24,102.81999969482422,103.05000305175781,102.7699966430664,103.05000305175781,0.007232973422174549,0.007206940922791017
2015-12-28,102.4800033569336,102.5999984741211,102.02999877929688,102.2699966430664,-0.0075692031595538944,-0.007597994957113434
2015-12-29,102.5199966430664,102.58000183105469,102.11000061035156,102.19999694824219,-0.000684459735229348,-0.0006846940847352253
2015-12-30,101.47000122070312,101.5999984741211,101.3499984741211,101.41999816894531,-0.007632082217105096,-0.007661355596264362
2015-12-31,101.4800033569336,101.72000122070312,101.30999755859375,101.45999908447266,0.0003944085609299819,0.0003943308023186173
2016-01-04,103.12999725341797,103.66999816894531,102.48999786376953,102.88999938964844,0.014094227459880093,0.013995827340626326
2016-01-05,103.12999725341797,103.45999908447266,102.93000030517578,103.18000030517578,0.0028185529910356166,0.00281458831856644
2016-01-06,104.37000274658203,104.80000305175781,103.93000030517578,104.66999816894531,0.014440762350867997,0.014337487598989632
2016-01-07,105.83000183105469,106.23999786376953,105.19000244140625,106.1500015258789,0.014139709399294764,0.014040676150811138
2016-01-08,105.4800033569336,105.80000305175781,105.04000091552734,105.68000030517578,-0.004427708091822691,-0.0044375394222030354
2016-01-11,105.47000122070312,105.56999969482422,104.70999908447266,104.73999786376953,-0.008894799760520211,-0.008934594646018349
2016-01-12,104.08999633789062,104.58999633789062,103.6500015258789,104.20999908447266,-0.005060137388834152,-0.0050729832368576954
2016-01-13,103.88999938964844,104.81999969482422,103.77999877929688,104.72000122070312,0.004893984653210337,0.004882048039545079
2016-01-14,103.75,104.18000030517578,102.5,103.0199966430664,-0.016233809757639994,-0.016367021706295802
2016-01-15,104.91999816894531,104.95999908447266,103.97000122070312,104.08000183105469,0.010289314914859515,0.01023674024483427
2016-01-19,104.05999755859375,104.44999694824219,103.6500015258789,103.9800033569336,-0.000960784707550344,-0.0009612465570264486
2016-01-20,105.16999816894531,106.16000366210938,104.94000244140625,105.37000274658203,0.013367949074563512,0.013279386437522704
2016-01-21,104.98999786376953,105.48999786376953,104.5199966430664,105.48999786376953,0.001138797703897687,0.00113814976565955
2016-01-22,104.93000030517578,105.51000213623047,104.76000213623047,105.0,-0.004644969889963546,-0.004655791285644273
2016-01-25,105.76000213623047,106.08999633789062,105.5999984741211,106.08000183105469,0.010285731724330338,0.010233193541102439
2016-01-26,106.31999969482422,107.43000030517578,106.26000213623047,107.29000091552734,0.011406476843766722,0.011341913483231932
2016-01-27,106.86000061035156,107.93000030517578,106.6500015258789,107.69000244140625,0.0037282274439893737,0.0037212948296183107
2016-01-28,106.55000305175781,106.86000061035156,106.4800033569336,106.54000091552734,-0.010678814187088714,-0.0107362419293496
2016-01-29,106.61000061035156,107.0,106.26000213623047,106.94999694824219,0.0038482826092700595,0.0038408969118528882
2016-02-01,107.54000091552734,108.1500015258789,107.52999877929688,108.05000305175781,0.01028523735300313,0.010232704202856196
2016-02-02,107.91999816894531,108.18000030517578,107.3499984741211,108.08999633789062,0.00037013683482878257,0.00037006835108891606
2016-02-03,107.91000366210938,109.58000183105469,107.9000015258789,109.25,0.010731831819877025,0.010674654427775114
2016-02-04,110.44999694824219,110.69999694824219,109.91999816894531,110.56999969482422,0.012082377069329242,0.012009967818587527
2016-02-05,109.79000091552734,112.3499984741211,109.58000183105469,112.31999969482422,0.015827077912906162,0.015703135766193033
2016-02-08,113.66999816894531,114.87000274658203,113.38999938964844,113.83000183105469,0.013443751249405,0.013354185862515874
2016-02-09,114.43000030517578,114.69000244140625,113.55000305175781,113.58000183105469,-0.002196257541759894,-0.002198672852432284
2016-02-10,113.91999816894531,114.5199966430664,112.9800033569336,114.45999908447266,0.007747818623272451,0.007717958411726099
2016-02-11,118.58999633789062,120.83999633789062,117.7699966430664,119.05999755859375,0.0401886992042193,0.03940213823727399
2016-02-12,118.12000274658203,118.73999786376953,117.87999725341797,118.36000061035156,-0.005879363032051943,-0.00589671453081662
2016-02-16,116.0,116.30999755859375,114.73999786376953,114.7699966430664,-0.030331226332987904,-0.030800736245396157
2016-02-17,115.47000122070312,116.06999969482422,114.88999938964844,115.4800033569336,0.00618634429410414,0.006167287420776475
2016-02-18,115.30000305175781,118.5999984741211,115.29000091552734,118.29000091552734,0.02433319602449635,0.024041860433202913
2016-02-19,117.26000213623047,117.97000122070312,117.0999984741211,117.58000183105469,-0.006002190201855551,-0.006020275750380445
2016-02-22,115.44000244140625,116.19000244140625,115.41000366210938,115.48999786376953,-0.01777516528948675,-0.01793504091705753
2016-02-23,116.68000030517578,117.41999816894531,116.5199966430664,117.22000122070312,0.014979681261872324,0.014868593832169054
2016-02-24,119.0,119.86000061035156,117.3499984741211,117.61000061035156,0.003327072049028157,0.003321549590506587
2016-02-25,117.62000274658203,118.91000366210938,117.54000091552734,117.91999816894531,0.0026358095143692584,0.002632341860518043
2016-02-26,117.43000030517578,117.72000122070312,115.86000061035156,117.11000061035156,-0.006869043174790868,-0.006892743647260338
2016-02-29,117.58999633789062,118.69999694824219,117.52999877929688,118.63999938964844,0.013064629590324062,0.012980023419282503
2016-03-01,118.73999786376953,119.11000061035156,117.33999633789062,117.7699966430664,-0.0073331317520045625,-0.007360151335800538
2016-03-02,118.33999633789062,118.97000122070312,118.06999969482422,118.68000030517578,0.007726956678680841,0.007697256644730053
2016-03-03,118.86000061035156,121.30000305175781,118.80999755859375,120.7300033569336,0.017273365743903035,0.017125877155555313
2016-03-04,121.12999725341797,122.37000274658203,120.22000122070312,120.54000091552734,-0.0015737798071993048,-0.0015750194994792542
2016-03-07,121.18000030517578,121.58000183105469,120.41000366210938,121.13999938964844,0.004977588099916774,0.004965240864288737
2016-03-08,121.79000091552734,121.87999725341797,120.47000122070312,120.58000183105469,-0.0046227304062674834,-0.0046334482677505085
2016-03-09,119.19999694824219,120.38999938964844,118.83999633789062,119.58000183105469,-0.00829324916913754,-0.00832782948151173
2016-03-10,120.5,121.76000213623047,120.41999816894531,121.5,0.016056181130168712,0.015928644015462578
2016-03-11,121.19000244140625,121.38999938964844,119.36000061035156,119.41000366210938,-0.01720161594971703,-0.01735128256694606
2016-03-14,120.2699966430664,120.30999755859375,117.5,117.87000274658203,-0.012896749587957723,-0.012980634673388813
2016-03-15,117.77999877929688,118.04000091552734,117.36000061035156,117.95999908447266,0.000763521980092996,0.0007632306454701139
2016-03-16,117.41999816894531,120.76000213623047,117.33999633789062,120.58999633789062,0.02229567034444102,0.02205075556149502
2016-03-17,121.16000366210938,121.18000030517578,120.02999877929688,120.12999725341797,-0.003814570847019083,-0.0038218648773646413
2016-03-18,119.58999633789062,120.33999633789062,119.51000213623047,119.80000305175781,-0.002746975852867317,-0.002750755714748547
2016-03-21,119.0,119.33000183105469,118.7300033569336,118.95999908447266,-0.007011719080860512,-0.007036416699314462
2016-03-22,119.7300033569336,120.16000366210938,118.95999908447266,119.30999755859375,0.0029421526295789757,0.0029378329691904675
2016-03-23,116.73999786376953,117.12000274658203,116.16000366210938,116.61000061035156,-0.02263009809313088,-0.02289008865862743
2016-03-24,116.7699966430664,116.94000244140625,116.30000305175781,116.33000183105469,-0.0024011557999427113,-0.00240404319751751
2016-03-28,116.7300033569336,116.91000366210938,116.2699966430664,116.5999984741211,0.0023209545157449885,0.0023182652611009025
2016-03-29,117.36000061035156,118.80999755859375,116.80000305175781,118.76000213623047,0.01852490300494103,0.01835540705340136
2016-03-30,117.87999725341797,118.19999694824219,116.91000366210938,117.0999984741211,-0.013977800877817192,-0.014076410310244578
2016-03-31,118.16000366210938,118.38999938964844,117.5999984741211,117.63999938964844,0.004611451089358232,0.004600850924385841
2016-04-01,116.08000183105469,116.9800033569336,115.55000305175781,116.93000030517578,-0.006035354370591106,-0.006053640735366039
2016-04-04,116.66999816894531,116.7300033569336,116.06999969482422,116.1500015258789,-0.006670647201412416,-0.006692995408569699
2016-04-05,117.76000213623047,117.93000030517578,117.1500015258789,117.66000366210938,0.013000448699038714,0.012916668207256437
2016-04-06,116.69999694824219,117.38999938964844,116.26000213623047,116.94000244140625,-0.006119337058417829,-0.0061381369358647206
2016-04-07,118.6500015258789,118.8499984741211,115.0,118.61000061035156,0.01428081181871077,0.014179801562102948
2016-04-08,118.06999969482422,118.7699966430664,117.9800033569336,118.43000030517578,-0.0015175811841288134,-0.0015187338768047718
2016-04-11,119.47000122070312,120.30000305175781,119.41999816894531,120.02999877929688,0.013510077429689682,0.013419630057020864
2016-04-12,120.2300033569336,120.3499984741211,119.55000305175781,120.05000305175781,0.0001666606070513943,0.00016664672071527165
2016-04-13,119.37000274658203,119.43000030517578,118.55999755859375,118.7699966430664,-0.010662277185778612,-0.010719526565990727
2016-04-14,118.08999633789062,118.19000244140625,116.94999694824219,117.11000061035156,-0.01397656040779005,-0.014075152256168354
2016-04-15,117.33000183105469,118.12000274658203,117.19000244140625,117.91999816894531,0.006916553277877435,0.006892743647260424
2016-04-18,118.52999877929688,118.55999755859375,117.62999725341797,117.73999786376953,-0.0015264612277036127,-0.0015276274565966695
2016-04-19,119.87000274658203,120.08999633789062,119.37000274658203,119.58000183105469,0.015627688132066497,0.015506833308651099
2016-04-20,119.66999816894531,120.08000183105469,118.72000122070312,118.97000122070312,-0.005101192515562847,-0.005114248016109923
2016-04-21,120.41999816894531,120.55000305175781,119.12999725341797,119.41999816894531,0.0037824404776409803,0.003775305036917395
2016-04-22,118.70999908447266,119.0199966430664,117.27999877929688,117.88999938964844,-0.012811914275298819,-0.012894694659209222
2016-04-25,118.13999938964844,118.70999908447266,118.11000061035156,118.2300033569336,0.0028840781155776707,0.0028799271415296556
2016-04-26,118.79000091552734,118.88999938964844,118.44999694824219,118.69999694824219,0.003975248058563308,0.003967367637514969
2016-04-27,118.97000122070312,119.69999694824219,118.43000030517578,119.04000091552734,0.002864397439145794,0.002860302869919961
2016-04-28,119.91999816894531,121.41999816894531,119.7300033569336,121.29000091552734,0.018901209532051544,0.018724801093336303
2016-04-29,122.43000030517578,123.93000030517578,122.33999633789062,123.6500015258789,0.01945750344247421,0.019270626438691787
2016-05-02,123.77999877929688,123.95999908447266,123.05000305175781,123.23999786376953,-0.0033158403319838436,-0.0033213499131697927
2016-05-03,123.7300033569336,123.81999969482422,122.51000213623047,122.95999908447266,-0.002271979748055375,-0.0022745646099545844
2016-05-04,122.8499984741211,123.2300033569336,121.51000213623047,122.20999908447266,-0.006099544612754526,-0.006118222826125519
2016-05-05,122.62999725341797,122.7300033569336,121.25,122.06999969482422,-0.0011455641166617792,-0.0011462207767798868
2016-05-06,122.83000183105469,123.80999755859375,122.58999633789062,123.18000030517578,0.009093148301192455,0.009052054554673597
2016-05-09,121.19999694824219,121.29000091552734,120.58999633789062,120.6500015258789,-0.020539038586043668,-0.02075289801818274
2016-05-10,120.73999786376953,121.37999725341797,120.08000183105469,120.9800033569336,0.0027351995597273415,0.002731465708414251
2016-05-11,121.8499984741211,122.16000366210938,121.37999725341797,122.12000274658203,0.009423039824896007,0.009378919930915114
2016-05-12,122.0199966430664,122.38999938964844,121.0,121.16000366210938,-0.0078611125358784,-0.007892173973086844
2016-05-13,121.08999633789062,121.86000061035156,120.66000366210938,121.70999908447266,0.0045394140453900444,0.004529141979827091
2016-05-16,122.93000030517578,122.97000122070312,121.37999725341797,121.80000305175781,0.0007394952589121484,0.0007392219670169126
2016-05-17,121.58000183105469,122.5199966430664,121.4800033569336,122.22000122070312,0.0034482607423813594,0.003442329123242772
2016-05-18,121.22000122070312,121.91999816894531,119.87999725341797,120.0999984741211,-0.01734579222228738,-0.017497993073654197
2016-05-19,119.0,119.9800033569336,118.91999816894531,119.87000274658203,-0.0019150352244893254,-0.0019168712488535215
2016-05-20,120.19000244140625,120.31999969482422,119.30999755859375,119.70999908447266,-0.0013348098643798378,-0.001335701516612647
2016-05-23,118.86000061035156,119.5999984741211,118.75,119.37000274658203,-0.002840166573309433,-0.002844207499474105
2016-05-24,118.16999816894531,118.2300033569336,117.25,117.30000305175781,-0.017341037506874768,-0.017493154439807392
2016-05-25,116.58999633789062,117.05999755859375,116.31999969482422,116.9800033569336,-0.002728045068191687,-0.002731772964595234
2016-05-26,117.56999969482422,117.62999725341797,116.38999938964844,116.58000183105469,-0.003419400875365075,-0.003425260387699169
2016-05-27,116.2699966430664,116.36000061035156,115.29000091552734,115.62000274658203,-0.008234680643287917,-0.008268772914245718
2016-05-31,115.76000213623047,116.4000015258789,115.5,116.05999755859375,0.003805525009163979,0.003798302317157037
2016-06-01,115.97000122070312,116.13999938964844,115.19999694824219,115.94000244140625,-0.0010339059082515867,-0.0010344407576528966
2016-06-02,115.77999877929688,115.97000122070312,115.58000183105469,115.66999816894531,-0.0023288275554194104,-0.002331543491761781
2016-06-03,118.25,118.88999938964844,118.2300033569336,118.87999725341797,0.027751354156539287,0.027373264388307245
2016-06-06,118.88999938964844,119.16999816894531,118.45999908447266,118.91999816894531,0.0003364814640942626,0.0003364248669020046
2016-06-07,118.5,119.0199966430664,118.41000366210938,118.81999969482422,-0.0008408886281601191,-0.0008412423733233627
2016-06-08,120.30000305175781,120.77999877929688,120.2300033569336,120.58000183105469,0.014812339174809175,0.014703707887444253
2016-06-09,120.61000061035156,121.4800033569336,120.55000305175781,121.25,0.005556461757929343,0.005541081570940133
2016-06-10,121.55000305175781,122.0999984741211,121.18000030517578,121.73999786376953,0.004041219495006354,0.004033075700703472
2016-06-13,122.80000305175781,122.83000183105469,122.02999877929688,122.63999938964844,0.007392817000752894,0.007365624068488461
2016-06-14,123.0,123.05999755859375,122.30000305175781,122.7699966430664,0.0010599906561068462,0.0010594292626908233
2016-06-15,122.5199966430664,123.87000274658203,122.37999725341797,123.68000030517578,0.007412264290884263,0.0073849284570991006
2016-06-16,125.16999816894531,125.66999816894531,122.2300033569336,122.37999725341797,-0.010511020767707824,-0.01056665171524312
2016-06-17,123.26000213623047,124.0999984741211,122.69000244140625,123.94999694824219,0.01282889140431287,0.01274729826898987
2016-06-20,122.26000213623047,123.33000183105469,122.12999725341797,123.20999908447266,-0.005970132166106756,-0.005988024654369792
2016-06-21,121.6500015258789,121.86000061035156,120.7699966430664,120.83999633789062,-0.019235474102691663,-0.01942288299292089
2016-06-22,120.83000183105469,121.25,120.68000030517578,120.9000015258789,0.0004965672774475127,0.000496444028716167
2016-06-23,120.48999786376953,121.02999877929688,120.05999755859375,120.11000061035156,-0.0065343333792947655,-0.0065557755937431204
2016-06-24,126.62000274658203,126.81999969482422,125.0,126.0,0.049038376152841456,0.047873912303474195
2016-06-27,126.44000244140625,127.05000305175781,125.83000183105469,126.68000030517578,0.005396827818855421,0.0053823171279899626
2016-06-28,125.55999755859375,126.0199966430664,125.05999755859375,125.31999969482422,-0.010735716822507735,-0.01079376043064916
2016-06-29,125.91000366210938,126.80999755859375,125.69999694824219,125.83999633789062,0.004149350816571085,0.004140765999889028
2016-06-30,125.94999694824219,126.5199966430664,125.5,126.47000122070312,0.00500639622652943,0.0049939058952932335
2016-07-01,127.66000366210938,128.4199981689453,127.44000244140625,128.41000366210938,0.015339625386899147,0.015223162818061162
2016-07-05,128.8000030517578,129.58999633789062,128.1699981689453,129.47000122070312,0.008254789567508913,0.008220905136956962
2016-07-06,130.5,131.14999389648438,129.82000732421875,130.22999572753906,0.005870043250717272,0.005852881673551483
2016-07-07,129.82000732421875,130.1199951171875,128.97999572753906,129.74000549316406,-0.003762499043616141,-0.0037695950478742334
2016-07-08,129.85000610351562,130.52000427246094,128.97000122070312,130.52000427246094,0.0060120143847071095,0.005994014334570738
2016-07-11,129.49000549316406,129.89999389648438,129.16000366210938,129.2899932861328,-0.009423926954219786,-0.00946861312154938
2016-07-12,128.52000427246094,128.5399932861328,126.98999786376953,127.1500015258789,-0.016551874633622066,-0.016690387468968386
2016-07-13,128.0,128.42999267578125,127.61000061035156,128.32000732421875,0.00920177573180525,0.009159697327218079
2016-07-14,126.30999755859375,127.37000274658203,126.02999877929688,127.33000183105469,-0.007715129649756625,-0.007745045230236175
2016-07-15,126.37999725341797,127.19000244140625,126.33000183105469,126.83999633789062,-0.003848311365095336,-0.003855735167465888
2016-07-18,127.0199966430664,127.5,126.62999725341797,127.04000091552734,0.001576825791636871,0.0015755839071671933
2016-07-19,126.94999694824219,127.3499984741211,126.81999969482422,127.20999908447266,0.0013381467862105811,0.0013372522657107563
2016-07-20,125.5,126.12000274658203,125.30999755859375,125.38999938964844,-0.014307049036417885,-0.01441038163632243
2016-07-21,125.66000366210938,127.37000274658203,125.5999984741211,127.30000305175781,0.015232503958900745,0.015117654201499693
2016-07-22,126.43000030517578,126.5199966430664,126.01000213623047,126.3499984741211,-0.007462722347700734,-0.0074907077787214
2016-07-25,125.52999877929688,126.20999908447266,125.11000061035156,125.47000122070312,-0.006964758718206121,-0.006989125856947095
2016-07-26,126.08999633789062,126.13999938964844,125.75,126.0,0.0042241075487405855,0.004215211050825792
2016-07-27,126.79000091552734,128.1199951171875,126.04000091552734,128.02999877929688,0.016111101422991103,0.01598269497210111
2016-07-28,128.08999633789062,128.1999969482422,127.20999908447266,127.66000366210938,-0.002889909558035031,-0.00289409340924044
2016-07-29,128.4199981689453,129.41000366210938,127.87999725341797,128.97999572753906,0.010339903082906332,0.010286811942904156
2016-08-01,128.57000732421875,129.33999633789062,128.55999755859375,129.22000122070312,0.0018607962561190128,0.0018590671194806466
2016-08-02,130.0399932861328,130.5500030517578,129.94000244140625,130.27000427246094,0.00812570067976126,0.008092864929715934
2016-08-03,129.9499969482422,129.9600067138672,129.27000427246094,129.64999389648438,-0.004759425467430023,-0.004770787598632875
2016-08-04,130.00999450683594,130.27999877929688,129.82000732421875,129.8699951171875,0.0016968857004249216,0.0016954476164976306
2016-08-05,128.4600067138672,128.5500030517578,127.38999938964844,127.55000305175781,-0.01786395743940894,-0.018025444010511534
2016-08-08,127.29000091552734,127.69999694824219,127.2699966430664,127.44000244140625,-0.000862411663815732,-0.0008627837547004024
2016-08-09,127.94000244140625,128.13999938964844,127.75,127.95999908447266,0.004080325118523742,0.004072023167431496
2016-08-10,129.1199951171875,129.1999969482422,128.14999389648438,128.55999755859375,0.004688953410549868,0.004677994512329687
2016-08-11,128.61000061035156,129.19000244140625,127.4800033569336,127.66999816894531,-0.006922832969429749,-0.006946906948684773
2016-08-12,127.66999816894531,129.25999450683594,127.19999694824219,127.4000015258789,-0.002114801025602908,-0.0021170403750345335
2016-08-15,127.62000274658203,128.25,127.5999984741211,127.83999633789062,0.0034536484045673,0.003447698256792746
2016-08-16,128.1199951171875,129.0399932861328,128.0,128.47000122070312,0.0049280733796905896,0.004915970173444719
2016-08-17,128.1699981689453,128.99000549316406,127.45999908447266,128.5,0.0002335080486637331,0.00023348078990268189
2016-08-18,128.88999938964844,129.1699981689453,128.5800018310547,129.11000061035156,0.004747086461879935,0.004735854578729188
2016-08-19,128.0800018310547,128.6699981689453,127.86000061035156,127.97000122070312,-0.008829675348611454,-0.008868887925520175
2016-08-22,127.62999725341797,127.91999816894531,127.44999694824219,127.77999877929688,-0.00148474204574367,-0.0014858453674488508
2016-08-23,128.13999938964844,128.22000122070312,127.61000061035156,127.76000213623047,-0.00015649274735829444,-0.0001565049936259337
2016-08-24,126.91999816894531,126.97000122070312,126.30000305175781,126.33999633789062,-0.011114635054762179,-0.011176864142998198
2016-08-25,125.9800033569336,126.30999755859375,125.95999908447266,126.2300033569336,-0.0008706109240564919,-0.0008709901258544955
2016-08-26,126.87999725341797,128.11000061035156,125.81999969482422,126.05000305175781,-0.0014259708499476664,-0.0014269885139346196
2016-08-29,126.0,126.4800033569336,125.93000030517578,126.30000305175781,0.0019833398964483884,0.001981375674593548
2016-08-30,125.7300033569336,125.94999694824219,124.87999725341797,125.02999877929688,-0.010055457179525829,-0.01010635477558835
2016-08-31,124.7300033569336,125.11000061035156,124.63999938964844,124.77999877929688,-0.001999520134694288,-0.0020015218438290436
2016-09-01,124.66999816894531,125.51000213623047,124.55000305175781,125.29000091552734,0.0040872106204499214,0.004078880664929754
2016-09-02,126.29000091552734,126.56999969482422,125.58000183105469,126.56999969482422,0.010216288370529014,0.010164454828507231
2016-09-06,127.4000015258789,129.0800018310547,127.2699966430664,128.7100067138672,0.016907695537669243,0.016766351430797802
2016-09-07,128.7899932861328,128.86000061035156,128.1199951171875,128.27000427246094,-0.003418556588101307,-0.0034244132039321193
2016-09-08,128.16000366210938,128.52000427246094,127.4000015258789,127.58999633789062,-0.0053013792150961025,-0.005315481388614766
2016-09-09,127.23999786376953,127.51000213623047,126.69999694824219,126.75,-0.00658355954228651,-0.006605326760192751
2016-09-12,126.30999755859375,126.91999816894531,125.97000122070312,126.58999633789062,-0.0012623563085552014,-0.0012631537514554386
2016-09-13,126.47000122070312,126.5999984741211,125.52999877929688,125.75,-0.0066355664917512325,-0.006657679739988439
2016-09-14,126.0999984741211,126.54000091552734,126.02999877929688,126.18000030517578,0.0034194855282367875,0.0034136523813896856
2016-09-15,125.7300033569336,126.0999984741211,124.91000366210938,125.37000274658203,-0.006419381491795106,-0.006440074325495675
2016-09-16,124.80999755859375,125.25,124.66999816894531,125.05999755859375,-0.00247272219188599,-0.002475784418470438
2016-09-19,125.61000061035156,125.62000274658203,125.25,125.31999969482422,0.00207901920123299,0.002076861031546589
2016-09-20,125.30999755859375,125.58999633789062,125.16999816894531,125.44000244140625,0.0009575705942728163,0.0009571124160199947
2016-09-21,126.33000183105469,127.41999816894531,125.95999908447266,127.2699966430664,0.014588601451239303,0.014483211562644741
2016-09-22,127.56999969482422,128.1999969482422,127.5,127.56999969482422,0.00235721740921524,0.0023544435304930274
2016-09-23,127.5999984741211,127.86000061035156,127.43000030517578,127.6500015258789,0.0006271210413582029,0.0006269244831308528
2016-09-26,127.95999908447266,128.0399932861328,127.41999816894531,127.55000305175781,-0.0007833801247610905,-0.0007836871273146296
2016-09-27,126.86000061035156,126.9000015258789,126.33999633789062,126.62000274658203,-0.007291260548213385,-0.00731797170627855
2016-09-28,126.25,126.4000015258789,125.7300033569336,126.22000122070312,-0.003159070582864132,-0.0031640709801869947
2016-09-29,125.83999633789062,126.33999633789062,125.54000091552734,126.06999969482422,-0.0011884132817953086,-0.001189120004834333
2016-09-30,126.5199966430664,126.55000305175781,125.23999786376953,125.63999938964844,-0.003410805950794571,-0.0034166360099868506
2016-10-03,125.31999969482422,125.45999908447266,124.9000015258789,125.31999969482422,-0.0025469571504198596,-0.002550206163687112
2016-10-04,123.16000366210938,123.18000030517578,120.86000061035156,120.97000122070312,-0.03471112739159021,-0.03532787258610445
2016-10-05,121.33000183105469,121.58999633789062,120.4000015258789,120.77999877929688,-0.0015706575141682944,-0.0015718922897908132
2016-10-06,119.69000244140625,119.9800033569336,119.23999786376953,119.66000366210938,-0.009273018119780652,-0.009316280206747919
2016-10-07,120.48999786376953,120.58000183105469,118.41999816894531,119.73999786376953,0.000668512445361813,0.0006682890904551575
2016-10-10,119.73999786376953,120.41999816894531,119.73999786376953,120.16000366210938,0.0035076482865623593,0.003501510836135576
2016-10-11,119.91999816894531,120.16000366210938,119.52999877929688,119.55000305175781,-0.005076569505331308,-0.005089499061391432
2016-10-12,119.72000122070312,120.06999969482422,119.29000091552734,119.73999786376953,0.0015892497462293154,0.0015879882252557648
2016-10-13,120.0,120.41999816894531,119.80000305175781,120.02999877929688,0.002421921836488483,0.0024189937106391113
2016-10-14,119.37000274658203,120.16000366210938,119.29000091552734,119.36000061035156,-0.0055819226506638175,-0.005597559798283797
2016-10-17,119.69999694824219,119.91999816894531,119.58000183105469,119.68000030517578,0.0026809625769763645,0.0026773752071126027
2016-10-18,120.08000183105469,120.63999938964844,119.81999969482422,120.41999816894531,0.006183137214928136,0.006164100054633751
2016-10-19,121.12999725341797,121.45999908447266,120.88999938964844,121.11000061035156,0.0057299655530487215,0.005713611741873303
2016-10-20,121.38999938964844,121.58999633789062,120.62999725341797,120.73999786376953,-0.0030550965627722526,-0.0030597728971403517
2016-10-21,120.9000015258789,120.93000030517578,120.55000305175781,120.83000183105469,0.0007454362173064943,0.0007451585177257722
2016-10-24,121.27999877929688,121.30000305175781,120.16000366210938,120.55999755859375,-0.0022345797266349887,-0.002237080125500534
2016-10-25,120.88999938964844,121.76000213623047,120.86000061035156,121.47000122070312,0.007548139354159433,0.007519794693909835
2016-10-26,121.37000274658203,121.52999877929688,120.61000061035156,120.79000091552734,-0.00559809251948773,-0.0056138205649168835
2016-10-27,121.11000061035156,121.18000030517578,120.75,121.01000213623047,0.0018213529185828747,0.0018196962666161048
2016-10-28,121.19999694824219,122.4800033569336,120.80999755859375,121.58000183105469,0.0047103519110967,0.004699292917769531
2016-10-31,121.51000213623047,122.0,121.2300033569336,121.94000244140625,0.0029610183001298473,0.0029566431199742503
2016-11-01,122.80000305175781,123.20999908447266,122.56999969482422,122.7300033569336,0.006478603409139305,0.006457707460557924
2016-11-02,123.76000213623047,124.76000213623047,123.55999755859375,123.63999938964844,0.007414617516698918,0.0073872643657927
2016-11-03,123.36000061035156,124.33000183105469,123.3499984741211,124.30000305175781,0.005338107937297831,0.005323910740822675
2016-11-04,124.4000015258789,124.54000091552734,124.04000091552734,124.38999938964844,0.0007240252267182168,0.0007237632468994597
2016-11-07,122.66000366210938,122.70999908447266,121.87999725341797,122.1500015258789,-0.018007861361529542,-0.01817197611952108
2016-11-08,122.12000274658203,123.08999633789062,121.36000061035156,121.63999938964844,-0.004175211869501427,-0.004183952404118774
2016-11-09,124.30000305175781,124.3499984741211,121.11000061035156,121.55999755859375,-0.0006576934516286936,-0.0006579098268444278
2016-11-10,121.5199966430664,121.54000091552734,119.37999725341797,119.75,-0.01488974658560116,-0.015001711673606965
2016-11-11,119.6500015258789,119.69000244140625,116.2300033569336,117.0999984741211,-0.02212944906788228,-0.022377978717915834
2016-11-14,116.12000274658203,117.13999938964844,115.48999786376953,116.11000061035156,-0.008454294420749409,-0.008490234677527317
2016-11-15,116.45999908447266,117.23999786376953,116.29000091552734,117.12000274658203,0.00869866618655779,0.008661050768427549
2016-11-16,117.2699966430664,117.2699966430664,116.58000183105469,116.7699966430664,-0.002988440021410743,-0.002992914324639575
2016-11-17,116.91000366210938,117.22000122070312,115.44000244140625,116.16999816894531,-0.005138293152093909,-0.00515153957584098
2016-11-18,115.5199966430664,115.7699966430664,114.95999908447266,115.1500015258789,-0.008780207102896176,-0.008818980245606272
2016-11-21,115.72000122070312,115.94000244140625,115.29000091552734,115.58000183105469,0.0037342622620732957,0.0037273072140238833
2016-11-22,115.72000122070312,115.79000091552734,114.9800033569336,115.54000091552734,-0.00034608855246265335,-0.00034614845492716306
2016-11-23,113.87000274658203,113.87999725341797,112.6500015258789,113.25,-0.019819983532816443,-0.020019033913875547
2016-11-25,113.41999816894531,113.51000213623047,112.3499984741211,112.61000061035156,-0.005651208738617575,-0.005667237234161627
2016-11-28,113.2300033569336,113.83999633789062,112.7699966430664,113.80000305175781,0.010567466787642088,0.01051202138010083
2016-11-29,112.76000213623047,113.4800033569336,112.69000244140625,113.2699966430664,-0.004657349687858581,-0.004668228933024833
2016-11-30,112.69000244140625,112.79000091552734,111.5,111.75,-0.013419234467324848,-0.013510086082379656
2016-12-01,111.11000061035156,111.98999786376953,110.62999725341797,111.54000091552734,-0.0018791864382340373,-0.0018809543242076046
2016-12-02,111.88999938964844,112.31999969482422,111.77999877929688,112.13999938964844,0.005379222424209074,0.005364806083291903
2016-12-05,111.1500015258789,112.11000061035156,110.30999755859375,111.54000091552734,-0.005350441210868029,-0.005364806083291772
2016-12-06,111.69000244140625,112.02999877929688,111.19000244140625,111.43000030517578,-0.0009861987578327902,-0.0009866853717861235
2016-12-07,112.12999725341797,112.5,111.7699966430664,111.83000183105469,0.003589711251758221,0.003583283615967707
2016-12-08,111.72000122070312,111.87000274658203,111.45999908447266,111.56999969482422,-0.0023249765892274787,-0.0023276835438490475
2016-12-09,111.18000030517578,111.25,110.19000244140625,110.4000015258789,-0.010486673587394413,-0.010542046205441346
2016-12-12,110.58999633789062,111.11000061035156,110.2699966430664,110.81999969482422,0.003804331187865717,0.003797113021044969
2016-12-13,110.56999969482422,110.79000091552734,110.05999755859375,110.44999694824219,-0.0033387723118656343,-0.003344358449500988
2016-12-14,110.94999694824219,110.9800033569336,108.5199966430664,108.83000183105469,-0.014667226454941784,-0.01477585370302796
2016-12-15,107.8499984741211,107.98999786376953,107.0,107.33999633789062,-0.01369112807217554,-0.013785715901107913
2016-12-16,107.94999694824219,108.77999877929688,107.4800033569336,108.05000305175781,0.006614558767378709,0.006592778565065687
2016-12-19,108.5999984741211,108.87999725341797,108.33999633789062,108.58999633789062,0.004997623978540311,0.004985177307786946
2016-12-20,107.47000122070312,108.0,107.29000091552734,107.79000091552734,-0.007367118973593101,-0.007394390217464912
2016-12-21,108.25,108.30999755859375,107.68000030517578,107.8499984741211,0.0005566152526592649,0.0005564603998491446
2016-12-22,107.68000030517578,108.0999984741211,107.48999786376953,107.58999633789062,-0.0024107755207141146,-0.0024136861188265224
2016-12-23,107.83999633789062,108.25,107.80000305175781,107.93000030517578,0.0031601819765598727,0.003155199096609045
2016-12-27,108.61000061035156,108.66999816894531,108.23999786376953,108.55999755859375,0.005837091185366683,0.00582012137282036
2016-12-28,108.4000015258789,108.91000366210938,108.29000091552734,108.86000061035156,0.0027634769574851337,0.002759665575201272
2016-12-29,109.2300033569336,110.52999877929688,109.16000366210938,110.29000091552734,0.01313614088883086,0.01305061000633585
2016-12-30,110.37999725341797,110.62000274658203,109.52999877929688,109.61000061035156,-0.006165566230220687,-0.006184651823121631
2017-01-03,109.62000274658203,111.0,109.37000274658203,110.47000122070312,0.00784600497730814,0.00781538513824579
2017-01-04,111.05999755859375,111.22000122070312,110.61000061035156,110.86000061035156,0.0035303646722089077,0.0035241475629946054
2017-01-05,112.16000366210938,112.94000244140625,112.06999969482422,112.58000183105469,0.015515074970534615,0.015395946803090798
2017-01-06,111.80999755859375,112.37999725341797,111.56999969482422,111.75,-0.00737255123072611,-0.007399862806678017
2017-01-09,112.38999938964844,113.04000091552734,112.18000030517578,112.66999816894531,0.008232645807116912,0.008198942430912352
2017-01-10,112.94000244140625,113.44999694824219,112.63999938964844,113.1500015258789,0.0042602588509306205,0.004251209640407789
2017-01-11,112.87000274658203,114.19000244140625,112.16999816894531,113.5,0.0030932255360247574,0.003088451356458922
2017-01-12,114.5199966430664,114.93000030517578,113.80999755859375,113.91000366210938,0.003612367067042932,0.0036058581395100996
2017-01-13,113.6500015258789,114.30999755859375,113.19000244140625,114.20999908447266,0.0026336178800692167,0.002630155985373185
2017-01-17,115.88999938964844,115.95999908447266,115.5,115.8499984741211,0.01435950794847174,0.014257386660884261
2017-01-18,115.73999786376953,115.91999816894531,114.55999755859375,114.87000274658203,-0.008459177733679324,-0.008495159639561354
2017-01-19,114.31999969482422,114.95999908447266,113.94000244140625,114.7699966430664,-0.0008706024299159898,-0.0008709816243124942
2017-01-20,114.6500015258789,115.76000213623047,114.31999969482422,115.05000305175781,0.0024397178433508415,0.0024367465635149513
2017-01-23,115.51000213623047,116.16999816894531,115.19999694824219,115.79000091552734,0.006431967354547874,0.006411370524106662
2017-01-24,115.69000244140625,116.0199966430664,114.94000244140625,115.2699966430664,-0.004490925540628465,-0.00450104004040464
2017-01-25,114.13999938964844,114.44000244140625,113.68000030517578,114.31999969482422,-0.008241493674922662,-0.00827564253844338
2017-01-26,113.23999786376953,113.51000213623047,112.83000183105469,113.26000213623047,-0.009272197003353688,-0.00931545140516917
2017-01-27,112.93000030517578,113.55000305175781,112.80999755859375,113.48999786376953,0.0020306880028346797,0.002028628943019752
2017-01-30,113.61000061035156,114.30000305175781,113.54000091552734,113.97000122070312,0.004229477187141839,0.004220558088409409
2017-01-31,115.2699966430664,115.81999969482422,115.18000030517578,115.55000305175781,0.01386331327657886,0.013768096552717091
2017-02-01,114.66000366210938,115.44999694824219,114.13999938964844,115.19999694824219,-0.0030290445198764004,-0.003033641360264487
2017-02-02,116.26000213623047,116.56999969482422,115.62999725341797,115.83999633789062,0.005555550404536813,0.005540175253055282
2017-02-03,115.7300033569336,116.37000274658203,115.70999908447266,116.12999725341797,0.0025034610211955854,0.002500332582847749
2017-02-06,117.06999969482422,117.73999786376953,116.73999786376953,117.69999694824219,0.013519329475210284,0.013428758731216857
2017-02-07,117.30999755859375,117.73999786376953,117.19999694824219,117.45999908447266,-0.0020390643159919897,-0.002041146037959061
2017-02-08,118.08999633789062,118.58999633789062,117.80999755859375,118.19000244140625,0.00621491028966048,0.006195677380773958
2017-02-09,118.19000244140625,118.58000183105469,117.19999694824219,117.29000091552734,-0.00761487018603868,-0.0076440113416854985
2017-02-10,116.68000030517578,117.86000061035156,116.66999816894531,117.5999984741211,0.0026430007347089113,0.0026395141502793757
2017-02-13,116.7300033569336,116.94999694824219,116.1500015258789,116.80000305175781,-0.006802682251218939,-0.00682592596717586
2017-02-14,117.51000213623047,117.55999755859375,116.37999725341797,116.93000030517578,0.0011129901542927811,0.0011123712399388251
2017-02-15,116.33000183105469,117.4800033569336,116.25,117.44999694824219,0.004447076385095894,0.0044372173593291335
2017-02-16,117.93000030517578,118.3499984741211,117.83000183105469,118.08000183105469,0.0053640263872474225,0.005349691237603948
2017-02-17,118.19000244140625,118.4000015258789,117.62000274658203,117.68000030517578,-0.0033875467452245678,-0.0033932974726115484
2017-02-21,117.04000091552734,118.0,116.7699966430664,117.75,0.000594830851824435,0.0005946540100771037
2017-02-22,117.86000061035156,118.0199966430664,117.23999786376953,117.91000366210938,0.0013588421410561935,0.0013579197505681978
2017-02-23,118.76000213623047,119.16000366210938,118.68000030517578,118.94000244140625,0.008735465586520608,0.00869753215772035
2017-02-24,119.73999786376953,119.87999725341797,119.25,119.69999694824219,0.00638973004234078,0.006369402264058673
2017-02-27,119.7300033569336,120.4000015258789,119.12000274658203,119.12000274658203,-0.004845398633643638,-0.004857175635850916
2017-02-28,119.70999908447266,119.83999633789062,118.81999969482422,119.2300033569336,0.0009234436519076628,0.0009230175401251751
2017-03-01,117.9800033569336,119.12000274658203,117.94999694824219,119.05999755859375,-0.0014258642418293332,-0.0014268817535848305
2017-03-02,117.76000213623047,118.33999633789062,117.2300033569336,117.58000183105469,-0.01243067157641009,-0.012508578672613836
2017-03-03,116.94999694824219,117.7300033569336,116.44000244140625,117.51000213623047,-0.0005953367386810626,-0.0005955140219629334
2017-03-06,117.3499984741211,117.3499984741211,116.62999725341797,116.72000122070312,-0.006722839768239397,-0.006745539852068352
2017-03-07,116.12999725341797,116.25,115.62000274658203,115.77999877929688,-0.008053482107396648,-0.008086086565359004
2017-03-08,114.98999786376953,115.36000061035156,114.94999694824219,115.05999755859375,-0.0062187012290060295,-0.006238117890961693
2017-03-09,114.77999877929688,115.02999877929688,114.41000366210938,114.47000122070312,-0.005127727710842134,-0.005140919622256575
2017-03-10,114.44999694824219,114.7300033569336,114.12999725341797,114.72000122070312,0.002183978311645074,0.0021815968976861885
2017-03-13,114.62999725341797,114.91000366210938,114.51000213623047,114.73999786376953,0.0001743082536056484,0.00017429306368713733
2017-03-14,114.54000091552734,115.01000213623047,114.02999877929688,114.12000274658203,-0.005403478549159679,-0.005418130142925278
2017-03-15,114.29000091552734,116.25,114.0199966430664,116.25,0.018664539100545774,0.018492494054676123
2017-03-16,117.2699966430664,117.29000091552734,116.69000244140625,116.7300033569336,0.004129061134912737,0.004120559955210867
2017-03-17,117.04000091552734,117.2699966430664,116.91000366210938,116.98999786376953,0.0022273151662723922,0.0022248383768926597
2017-03-20,117.30999755859375,117.5999984741211,117.20999908447266,117.51000213623047,0.004444860945005402,0.004435011725417898
2017-03-21,117.7699966430664,118.80000305175781,117.76000213623047,118.54000091552734,0.008765200923941618,0.008727009558066982
2017-03-22,118.87000274658203,119.1500015258789,118.68000030517578,118.83000183105469,0.0024464392887426634,0.0024434516279076965
2017-03-23,119.1500015258789,119.25,118.31999969482422,118.66999816894531,-0.001346492128619703,-0.001347399463717088
2017-03-24,118.5,119.20999908447266,118.38999938964844,118.86000061035156,0.001601099219161961,0.0015998188263156232
2017-03-27,119.93000030517578,120.08000183105469,119.2699966430664,119.52999877929688,0.005636868294673025,0.005621040603803889
2017-03-28,119.73999786376953,119.83000183105469,118.77999877929688,119.04000091552734,-0.004099371444605038,-0.0041077969016607725
2017-03-29,119.22000122070312,119.44999694824219,119.05000305175781,119.33000183105469,0.002436163586164053,0.0024332009503229184
2017-03-30,118.7699966430664,119.12000274658203,118.31999969482422,118.47000122070312,-0.007206910225050822,-0.007233005455458062
2017-03-31,118.61000061035156,119.08000183105469,118.45999908447266,118.72000122070312,0.0021102388572973307,0.002108015430704589
2017-04-03,118.69000244140625,119.37000274658203,118.66999816894531,119.3499984741211,0.005306580584065079,0.005292550298656713
2017-04-04,119.58999633789062,119.7699966430664,119.37999725341797,119.62000274658203,0.002262289701825848,0.0022597345773738855
2017-04-05,118.62000274658203,119.62999725341797,118.4000015258789,119.62000274658203,0.0,0.0
2017-04-06,119.22000122070312,119.41999816894531,118.9800033569336,119.18000030517578,-0.003678334988324705,-0.003685116697841802
2017-04-07,120.30000305175781,120.66999816894531,119.13999938964844,119.45999908447266,0.0023493772325884343,0.002346621760815808
2017-04-10,119.04000091552734,119.69000244140625,118.8499984741211,119.45999908447266,0.0,0.0
2017-04-11,120.33000183105469,121.4000015258789,120.29000091552734,121.19000244140625,0.014481863135711759,0.014378002485395934
2017-04-12,121.37999725341797,122.22000122070312,121.13999938964844,122.0199966430664,0.006848701913851674,0.006825356086692966
2017-04-13,122.54000091552734,122.6500015258789,122.02999877929688,122.5999984741211,0.004753334264967268,0.0047420728437496
2017-04-17,122.55000305175781,123.06999969482422,121.98999786376953,122.23999786376953,-0.0029363834815018253,-0.0029407031136137306
2017-04-18,122.43000030517578,123.02999877929688,121.7300033569336,122.81999969482422,0.004744779460001958,0.004733558474010278
2017-04-19,122.25,122.26000213623047,121.27999877929688,121.7300033569336,-0.008874746300268521,-0.008914361418128501
2017-04-20,121.81999969482422,122.16999816894531,121.5,121.95999908447266,0.0018893922713916211,0.001887609614885789
2017-04-21,122.13999938964844,122.61000061035156,121.7300033569336,122.30999755859375,0.002869780885113693,0.002865670925194773
2017-04-24,120.7699966430664,121.51000213623047,120.66000366210938,121.4800033569336,-0.006785988212145488,-0.006809117727285548
2017-04-25,120.52999877929688,120.87000274658203,120.05000305175781,120.25,-0.010125150830952667,-0.010176758825308857
2017-04-26,120.20999908447266,120.95999908447266,119.87000274658203,120.83999633789062,0.0049064144523129904,0.004894417227160271
2017-04-27,120.41999816894531,120.5999984741211,119.97000122070312,120.38999938964844,-0.003723907331012466,-0.003730858335881937
2017-04-28,120.33999633789062,120.7699966430664,120.2699966430664,120.7699966430664,0.0031563855415273068,0.003151414614046289
2017-05-01,120.20999908447266,120.75,119.3499984741211,119.66999816894531,-0.009108209859209682,-0.009149943206636764
2017-05-02,119.30000305175781,119.6500015258789,119.23999786376953,119.6500015258789,-0.00016709821486060594,-0.00016711217732273407
2017-05-03,119.18000030517578,119.33999633789062,117.91999816894531,117.9800033569336,-0.013957360197643709,-0.014055680078894413
2017-05-04,116.80999755859375,117.27999877929688,116.62999725341797,116.79000091552734,-0.010086475737808298,-0.010137688898777003
2017-05-05,116.86000061035156,117.06999969482422,116.68000030517578,117.01000213623047,0.0018837333588364036,0.0018819613581217375
2017-05-08,117.02999877929688,117.13999938964844,116.68000030517578,116.75,-0.002222050521183294,-0.0022245229386793674
2017-05-09,116.18000030517578,116.23999786376953,115.55999755859375,116.05000305175781,-0.005995691205500586,-0.006013737531638919
2017-05-10,116.41999816894531,116.5,115.86000061035156,116.04000091552734,-8.618815999517082e-05,-8.619187440805963e-05
2017-05-11,116.20999908447266,116.8499984741211,116.19000244140625,116.5,0.003964142371969848,0.003956305862795571
2017-05-12,117.06999969482422,117.16000366210938,116.7300033569336,116.83000183105469,0.0028326337429587234,0.0028286293961141936
2017-05-15,117.5199966430664,117.54000091552734,116.98999786376953,117.13999938964844,0.0026534071191921527,0.00264989304932151
2017-05-16,117.44999694824219,117.91000366210938,117.4000015258789,117.6500015258789,0.0043537829852127174,0.004344332691827055
2017-05-17,119.36000061035156,120.0199966430664,119.2699966430664,119.79000091552734,0.018189539837597968,0.018026089242991115
2017-05-18,119.7699966430664,119.83999633789062,118.55999755859375,118.80999755859375,-0.008181011348557088,-0.008214659464641129
2017-05-19,119.38999938964844,119.55000305175781,118.87999725341797,119.4000015258789,0.0049659454541624015,0.0049536558166890015
2017-05-22,119.62999725341797,120.13999938964844,119.58000183105469,119.9000015258789,0.004187604636601616,0.004178861021674379
2017-05-23,120.12999725341797,120.19000244140625,118.9800033569336,119.13999938964844,-0.006338633249028169,-0.006358807682167539
2017-05-24,119.06999969482422,119.73999786376953,118.91999816894531,119.61000061035156,0.003944948993712671,0.003937188086656905
2017-05-25,119.5199966430664,119.69999694824219,119.29000091552734,119.4800033569336,-0.0010868426783263718,-0.0010874337201151904
2017-05-26,120.48999786376953,120.79000091552734,120.33000183105469,120.54000091552734,0.00887175702052101,0.008832634206008617
2017-05-30,120.23999786376953,120.33000183105469,119.94999694824219,120.13999938964844,-0.003318413164433487,-0.0033239313084347183
2017-05-31,120.30999755859375,121.2300033569336,120.26000213623047,120.62000274658203,0.003995366733579031,0.003987406451696997
2017-06-01,120.16999816894531,120.73999786376953,120.05999755859375,120.72000122070312,0.0008290372396291268,0.0008286937780719529
2017-06-02,121.30999755859375,121.70999908447266,121.19000244140625,121.61000061035156,0.0073724269437449585,0.007345383440385594
2017-06-05,121.91000366210938,121.94000244140625,121.58000183105469,121.7300033569336,0.0009867835373715828,0.0009862969865506888
2017-06-06,123.08999633789062,123.30999755859375,122.7699966430664,123.0999984741211,0.011254375087548674,0.011191515796581182
2017-06-07,122.79000091552734,123.16000366210938,122.0199966430664,122.44999694824219,-0.005280272412152454,-0.005294262319270497
2017-06-08,122.06999969482422,122.08000183105469,120.94999694824219,121.6500015258789,-0.006533241668445489,-0.006554676702975053
2017-06-09,120.45999908447266,120.91000366210938,120.4000015258789,120.54000091552734,-0.00912454251071615,-0.009166426122606205
2017-06-12,120.33000183105469,120.69000244140625,120.2699966430664,120.36000061035156,-0.0014932827593217013,-0.0014943988172197275
2017-06-13,119.94999694824219,120.70999908447266,119.91999816894531,120.4800033569336,0.0009970317877492363,0.0009965350816834196
2017-06-14,121.51000213623047,121.87999725341797,119.56999969482422,119.81999969482422,-0.00547811789275976,-0.005493177805750778
2017-06-15,119.22000122070312,119.5,119.12999725341797,119.31999969482422,-0.004172926066378535,-0.00418165701990386
2017-06-16,119.3499984741211,119.5,119.23999786376953,119.33999633789062,0.00016758836001962152,0.00016757431865917162
2017-06-19,118.73999786376953,118.83999633789062,118.33000183105469,118.43000030517578,-0.007625239321596311,-0.00765446009733337
2017-06-20,118.41999816894531,118.45999908447266,118.06999969482422,118.18000030517578,-0.0021109516115493943,-0.0021131828104241023
2017-06-21,118.1500015258789,118.66000366210938,118.1500015258789,118.5199966430664,0.0028769363429739236,0.002872805881766109
2017-06-22,119.12999725341797,119.19999694824219,118.5999984741211,118.91999816894531,0.0033749707830614817,0.0033692883509404193
2017-06-23,119.6500015258789,119.66000366210938,119.30999755859375,119.43000030517578,0.004288615406013774,0.004279445503073095
2017-06-26,118.29000091552734,118.54000091552734,118.16999816894531,118.36000061035156,-0.008959220397639522,-0.00899959554685728
2017-06-27,118.87000274658203,119.05000305175781,118.4800033569336,118.80999755859375,0.0038019343183648413,0.003794725232620457
2017-06-28,119.05999755859375,119.05999755859375,118.69000244140625,118.9000015258789,0.0007575454013519778,0.000757258608664271
2017-06-29,117.97000122070312,118.63999938964844,117.91000366210938,118.31999969482422,-0.00487806411784153,-0.004890000706728738
2017-06-30,118.08000183105469,118.41000366210938,117.94999694824219,118.0199966430664,-0.00253552275635216,-0.002538742638049931
2017-07-03,116.54000091552734,116.8499984741211,115.94000244140625,116.08999633789062,-0.016353163532217163,-0.01648835238074312
2017-07-05,115.91000366210938,116.66999816894531,115.87000274658203,116.5199966430664,0.003704025486608087,0.0036971824767883434
2017-07-06,116.58000183105469,116.61000061035156,116.23999786376953,116.47000122070312,-0.00042907160833882685,-0.0004291636859008885
2017-07-07,115.77999877929688,115.79000091552734,114.80000305175781,115.27999877929688,-0.010217244173899132,-0.010269798493159019
2017-07-10,115.0199966430664,115.56999969482422,114.83000183105469,115.47000122070312,0.0016481821948142183,0.0016468254331296226
2017-07-11,115.26000213623047,115.7699966430664,114.87999725341797,115.62000274658203,0.0012990519121256483,0.0012982088742114774
2017-07-12,116.20999908447266,116.33000183105469,115.87000274658203,116.02999877929688,0.0035460648934033667,0.0035397924292921755
2017-07-13,116.04000091552734,116.04000091552734,115.66999816894531,115.81999969482422,-0.0018098688846157618,-0.0018115086761426493
2017-07-14,117.04000091552734,117.25,116.63999938964844,116.7699966430664,0.008202356680584888,0.008168900176639902
2017-07-17,117.41999816894531,117.52999877929688,117.2300033569336,117.29000091552734,0.004453235312239068,0.004443348999716993
2017-07-18,117.98999786376953,118.33000183105469,117.87999725341797,118.11000061035156,0.006991215691223296,0.006966890452323186
2017-07-19,118.18000030517578,118.2699966430664,117.83999633789062,118.08000183105469,-0.0002539901713813908,-0.0002540224323477312
2017-07-20,117.91999816894531,118.62000274658203,117.66000366210938,118.23999786376953,0.001354979930841882,0.00135406277392805
2017-07-21,119.0,119.38999938964844,118.75,119.26000213623047,0.008626558617128355,0.008589562474350264
2017-07-24,119.5199966430664,119.58000183105469,119.18000030517578,119.30999755859375,0.00041921366315400554,0.0004191258176561492
2017-07-25,118.98999786376953,119.31999969482422,118.79000091552734,118.91999816894531,-0.0032687905257637873,-0.0032741446924645485
2017-07-26,118.56999969482422,120.1500015258789,118.55000305175781,119.87999725341797,0.008072646310579579,0.008040236804836134
2017-07-27,120.0999984741211,120.13999938964844,119.27999877929688,119.79000091552734,-0.0007507202198243634,-0.0007510021513585564
2017-07-28,120.1500015258789,120.86000061035156,120.13999938964844,120.69000244140625,0.00751316068954333,0.00748507747253413
2017-07-31,120.5,120.80999755859375,120.44999694824219,120.75,0.0004971211979458712,0.0004969976741389874
2017-08-01,120.44000244140625,121.13999938964844,120.44000244140625,120.6500015258789,-0.0008281447132181263,-0.0008284878144892227
2017-08-02,120.51000213623047,121.0199966430664,120.33999633789062,120.4000015258789,-0.002072109381170417,-0.002074259170059369
2017-08-03,120.30999755859375,120.83000183105469,120.30999755859375,120.58999633789062,0.0015780299800982611,0.0015767861990997622
2017-08-04,119.97000122070312,120.04000091552734,119.22000122070312,119.6500015258789,-0.007794965092940864,-0.007825504639997654
2017-08-07,119.43000030517578,119.79000091552734,119.43000030517578,119.51000213623047,-0.0011700742821817434,-0.0011707593535363761
2017-08-08,120.0199966430664,120.12000274658203,118.97000122070312,119.86000061035156,0.0029286123995055924,0.0029243323685439523
2017-08-09,121.0199966430664,121.55000305175781,120.76000213623047,121.30999755859375,0.012097421498902916,0.012024832535234332
2017-08-10,122.08000183105469,122.44000244140625,122.02999877929688,122.20999908447266,0.007419021877765664,0.007391636301004261
2017-08-11,122.23999786376953,122.83000183105469,122.02999877929688,122.79000091552734,0.004745944156777204,0.004734717669981235
2017-08-14,121.9800033569336,122.23999786376953,121.68000030517578,121.91999816894531,-0.007085289845225606,-0.007110509708619983
2017-08-15,120.5999984741211,121.2300033569336,120.58000183105469,120.9800033569336,-0.007709931316675078,-0.007739806493235807
2017-08-16,120.66000366210938,122.05999755859375,120.66000366210938,121.87000274658203,0.007356582616572016,0.007329654945785988
2017-08-17,122.29000091552734,122.61000061035156,121.76000213623047,122.48999786376953,0.00508734802014188,0.005074451187161252
2017-08-18,123.37000274658203,123.54000091552734,122.0,122.30000305175781,-0.0015511047050799087,-0.0015523089133794997
2017-08-21,122.54000091552734,122.9800033569336,122.5,122.76000213623047,0.0037612352656932746,0.003754179507042542
2017-08-22,122.55999755859375,122.55999755859375,121.8499984741211,122.20999908447266,-0.00448031151993189,-0.004490378194735464
2017-08-23,122.58000183105469,122.69000244140625,122.30999755859375,122.66999816894531,0.003764005301683193,0.003756939159508119
2017-08-24,122.38999938964844,122.63999938964844,122.12999725341797,122.29000091552734,-0.003097719565419932,-0.003102527430184758
2017-08-25,122.7699966430664,123.0199966430664,121.29000091552734,122.73999786376953,0.003679752595251218,0.0036729988686282277
2017-08-28,123.33000183105469,124.7300033569336,123.33000183105469,124.69000244140625,0.015887278895027057,0.015762397031869272
2017-08-29,125.80999755859375,125.87000274658203,124.05000305175781,124.41999816894531,-0.0021654043401579948,-0.002167752218151974
2017-08-30,124.33000183105469,124.62000274658203,124.16000366210938,124.36000061035156,-0.00048221796718150856,-0.0004823342716563527
2017-08-31,124.58000183105469,125.83999633789062,124.55000305175781,125.81999969482422,0.011740101940391323,0.011671721617894353
2017-09-01,126.01000213623047,126.16999816894531,125.12000274658203,126.05999755859375,0.0019074699121892635,0.0019056530015576626
2017-09-05,126.6500015258789,127.77999877929688,126.56999969482422,127.45999908447266,0.011105834943620163,0.011044617985341777
2017-09-06,127.33999633789062,127.44000244140625,126.55000305175781,126.80999755859375,-0.005099651110527015,-0.005112698708954078
2017-09-07,127.55999755859375,128.32000732421875,127.38999938964844,128.1300048828125,0.010409331674411826,0.010355527635419215
2017-09-08,128.2100067138672,128.3000030517578,127.58999633789062,127.97000122070312,-0.0012487602904230899,-0.0012495406412696415
2017-09-11,126.73999786376953,126.94000244140625,126.05000305175781,126.19000244140625,-0.01390950036975469,-0.014007143976598416
2017-09-12,126.02999877929688,126.58999633789062,125.94000244140625,126.55999755859375,0.0029320477853171933,0.0029277577169540335
2017-09-13,126.4000015258789,126.44999694824219,125.5,125.61000061035156,-0.007506297144185381,-0.007534611170577271
2017-09-14,125.66000366210938,126.44000244140625,125.62000274658203,126.16000366210938,0.004378656548724491,0.004369098124020519
2017-09-15,125.98999786376953,125.98999786376953,125.41000366210938,125.52999877929688,-0.004993697404288455,-0.005006207576558888
2017-09-18,124.70999908447266,124.76000213623047,123.97000122070312,124.36000061035156,-0.009320466663927607,-0.009364174007229185
2017-09-19,124.48999786376953,124.6500015258789,124.02999877929688,124.62000274658203,0.0020907215740946228,0.002088539057238403
2017-09-20,124.68000030517578,125.05999755859375,123.1500015258789,123.62000274658203,-0.008024393981386213,-0.008056762706663206
2017-09-21,122.55999755859375,123.06999969482422,122.48999786376953,122.68000030517578,-0.007603967161635139,-0.007633024715442955
2017-09-22,123.02999877929688,123.38999938964844,122.93000030517578,123.23999786376953,0.004564701313993336,0.0045543146609353605
2017-09-25,122.77999877929688,124.66000366210938,122.70999908447266,124.52999877929688,0.010467388330802407,0.01041298453601274
2017-09-26,123.56999969482422,123.80999755859375,122.9000015258789,123.13999938964844,-0.01116196421162674,-0.011224726404076811
2017-09-27,122.04000091552734,122.51000213623047,121.87999725341797,121.9800033569336,-0.009420139990778287,-0.009464790137827282
2017-09-28,122.04000091552734,122.4800033569336,121.83000183105469,122.20999908447266,0.001885519931214219,0.0018837445698112896
2017-09-29,122.29000091552734,122.30000305175781,121.55000305175781,121.58000183105469,-0.005155038524977895,-0.0051683715774128456
2017-10-02,121.16999816894531,121.33999633789062,120.73999786376953,120.7699966430664,-0.006662322551317712,-0.006684614889873803
2017-10-03,120.72000122070312,121.0999984741211,120.69999694824219,120.83000183105469,0.0004968550936175209,0.0004967317019956395
2017-10-04,121.20999908447266,121.2699966430664,120.70999908447266,121.16999816894531,0.002813840376879373,0.0028098889387879367
2017-10-05,121.1500015258789,121.23999786376953,120.4000015258789,120.5199966430664,-0.0053643767904709705,-0.005378816723625571
2017-10-06,120.26000213623047,121.20999908447266,119.77999877929688,121.08999633789062,0.004729503075844965,0.0047183541150492775
2017-10-09,121.63999938964844,122.11000061035156,121.55000305175781,122.08000183105469,0.0081757826666502,0.008142542011554031
2017-10-10,122.62000274658203,122.97000122070312,122.36000061035156,122.4000015258789,0.002621229439913275,0.002617800009600174
2017-10-11,122.56999969482422,122.87999725341797,122.02999877929688,122.79000091552734,0.0031862694835504968,0.0031812040839063376
2017-10-12,122.83999633789062,123.04000091552734,122.5,122.88999938964844,0.000814386133850542,0.0008140547013934963
2017-10-13,123.66000366210938,123.86000061035156,123.33999633789062,123.81999969482422,0.0075677460313676725,0.007539254296557061
2017-10-16,123.81999969482422,123.97000122070312,122.56999969482422,122.97000122070312,-0.006864791440930884,-0.006888462515220647
2017-10-17,122.02999877929688,122.31999969482422,121.7300033569336,122.12999725341797,-0.006830966568647456,-0.006854404417199568
2017-10-18,121.70999908447266,121.94000244140625,121.55000305175781,121.66999816894531,-0.003766470931119148,-0.0037735819439878113
2017-10-19,122.19999694824219,122.55000305175781,122.11000061035156,122.38999938964844,0.005917656213846323,0.005900215657301968
2017-10-20,121.68000030517578,121.9800033569336,121.38999938964844,121.61000061035156,-0.006373059753138954,-0.006393454395473306
2017-10-23,120.9800033569336,121.9000015258789,120.95999908447266,121.80000305175781,0.0015623915833617996,0.0015611723194451613
2017-10-24,121.26000213623047,121.70999908447266,120.9800033569336,121.33000183105469,-0.003858794818776823,-0.0038662591759729935
2017-10-25,121.30999755859375,121.58999633789062,120.83999633789062,121.3499984741211,0.0001648120231156902,0.0001647984431062872
2017-10-26,121.16000366210938,121.16000366210938,120.22000122070312,120.33000183105469,-0.00840541125580585,-0.008440935931398883
2017-10-27,120.37999725341797,120.98999786376953,120.20999908447266,120.9000015258789,0.004736970715121469,0.0047257865747334146
2017-10-30,120.37999725341797,121.47000122070312,120.37999725341797,121.12999725341797,0.0019023633137824625,0.0019005561122998722
2017-10-31,120.81999969482422,120.83999633789062,120.37999725341797,120.66999816894531,-0.003797565383496959,-0.0038047944426046506
2017-11-01,120.9800033569336,121.55000305175781,120.83999633789062,121.11000061035156,0.003646328400454868,0.0036396966611634005
2017-11-02,121.29000091552734,121.95999908447266,121.05000305175781,121.19000244140625,0.0006605716344769696,0.0006603535530684753
2017-11-03,121.36000061035156,121.43000030517578,120.18000030517578,120.62000274658203,-0.004703355749991034,-0.0047144513322975885
2017-11-06,120.72000122070312,121.8499984741211,120.68000030517578,121.6500015258789,0.008539203746006141,0.008502950979344039
2017-11-07,121.51000213623047,121.55999755859375,120.77999877929688,121.20999908447266,-0.003616953850285376,-0.0036235108435323914
2017-11-08,121.94999694824219,122.25,121.58999633789062,121.62999725341797,0.0034650455582678763,0.003459056119704665
2017-11-09,121.8499984741211,122.41000366210938,121.7300033569336,122.12999725341797,0.004110828013571766,0.004102401645100611
2017-11-10,121.98999786376953,122.11000061035156,120.94000244140625,121.12999725341797,-0.008187996581421442,-0.008221702339946372
2017-11-13,121.43000030517578,121.55000305175781,121.2699966430664,121.30999755859375,0.0014860093226882753,0.0014849063034307734
2017-11-14,120.9000015258789,121.91000366210938,120.7699966430664,121.55999755859375,0.0020608359165059653,0.002058715307154061
2017-11-15,122.12999725341797,122.36000061035156,121.25,121.41000366210938,-0.0012339083538733808,-0.001234670245587114
2017-11-16,121.44999694824219,121.70999908447266,121.29000091552734,121.4000015258789,-8.23831309511025e-05,-8.238652462762423e-05
2017-11-17,122.1500015258789,123.16999816894531,121.94999694824219,122.86000061035156,0.012026351450757033,0.011954609509226865
2017-11-20,122.30000305175781,122.41000366210938,121.04000091552734,121.30999755859375,-0.012616010451388715,-0.012696268046166224
2017-11-21,121.66999816894531,122.0,121.5,121.51000213623047,0.0016487064682373376,0.001647348843739489
2017-11-22,122.26000213623047,122.94999694824219,122.16999816894531,122.62999725341797,0.009217308019892956,0.009175087875408043
2017-11-24,122.36000061035156,122.61000061035156,122.22000122070312,122.31999969482422,-0.002527909692056296,-0.0025311102507151856
2017-11-27,123.26000213623047,123.33000183105469,122.66999816894531,122.83000183105469,0.004169409233999888,0.004160741332319787
2017-11-28,123.05000305175781,123.16999816894531,122.52999877929688,122.80999755859375,-0.0001628614521104188,-0.00016287471547679085
2017-11-29,122.23999786376953,122.33000183105469,121.73999786376953,122.04000091552734,-0.0062698205225436565,-0.006289558392421287
2017-11-30,121.44000244140625,121.69999694824219,120.63999938964844,121.0999984741211,-0.007702412605330111,-0.007732229391441411
2017-12-01,120.94000244140625,122.43000030517578,120.73999786376953,121.58999633789062,0.004046225185331043,0.0040380612309282235
2017-12-04,121.1500015258789,121.19999694824219,120.83999633789062,121.18000030517578,-0.00337195530112111,-0.003377653154607993
2017-12-05,120.0999984741211,120.51000213623047,119.72000122070312,120.31999969482422,-0.007096885692240984,-0.007122188370048705
2017-12-06,120.04000091552734,120.44000244140625,119.87000274658203,120.06999969482422,-0.002077792558461522,-0.002079954164184071
2017-12-07,119.01000213623047,119.23999786376953,118.0999984741211,118.48999786376953,-0.01315900587216201,-0.013246352701112026
2017-12-08,118.48999786376953,118.91999816894531,118.33000183105469,118.4800033569336,-8.434894941455884e-05,-8.43525069872456e-05
2017-12-11,118.37000274658203,118.54000091552734,117.80000305175781,118.01000213623047,-0.003966924437765251,-0.003974813553107367
2017-12-12,117.6500015258789,118.16999816894531,117.4000015258789,118.1500015258789,0.0011863349471583629,0.0011856318079057743
2017-12-13,118.19000244140625,119.3499984741211,118.01000213623047,119.16999816894531,0.008633065001213636,0.008596013189973703
2017-12-14,119.0999984741211,119.29000091552734,118.70999908447266,118.93000030517578,-0.002013911785324396,-0.002015942432484809
2017-12-15,119.41000366210938,119.5,118.97000122070312,119.18000030517578,0.0021020768465358497,0.00209987057429634
2017-12-18,119.62999725341797,119.98999786376953,119.5999984741211,119.7300033569336,0.004614893860962033,0.004604277886820867
2017-12-19,119.66999816894531,119.9000015258789,119.52999877929688,119.81999969482422,0.0007516606979649509,0.0007513783425439744
2017-12-20,119.9800033569336,120.36000061035156,119.80999755859375,120.13999938964844,0.002670670135530351,0.0026671102328525206
2017-12-21,120.06999969482422,120.44999694824219,120.0,120.30999755859375,0.0014150005810633637,0.0014140004111240193
2017-12-22,120.66999816894531,121.13999938964844,120.56999969482422,120.94000244140625,0.005236513137702126,0.005222850279184247
2017-12-26,121.55000305175781,121.87000274658203,121.51000213623047,121.7699966430664,0.006862859144246114,0.006839416919106556
2017-12-27,122.0,122.33999633789062,121.87999725341797,122.2300033569336,0.0037776687734956127,0.003770551302149118
2017-12-28,122.81999969482422,122.91999816894531,122.55999755859375,122.8499984741211,0.005072364396301321,0.0050595432932777126
2017-12-29,123.69999694824219,124.08999633789062,123.45999908447266,123.6500015258789,0.006512031434223742,0.006490919761210391
2018-01-02,124.66000366210938,125.18000030517578,124.38999938964844,125.1500015258789,0.012131014811884722,0.012058023762451863
2018-01-03,125.05000305175781,125.08999633789062,124.0999984741211,124.81999969482422,-0.002636850395774437,-0.0026403330092135157
2018-01-04,124.88999938964844,125.8499984741211,124.73999786376953,125.45999908447266,0.00512737855482448,0.005114278310262769
2018-01-05,124.93000030517578,125.4800033569336,124.83000183105469,125.33000183105469,-0.0010361649479244672,-0.001036702137934486
2018-01-08,125.19999694824219,125.31999969482422,124.9000015258789,125.30999755859375,-0.00015961279955856167,-0.0001596255390370604
2018-01-09,124.48999786376953,124.86000061035156,124.2300033569336,124.7300033569336,-0.0046284750854691525,-0.004639219643041588
2018-01-10,125.16999816894531,125.30999755859375,124.72000122070312,125.02999877929688,0.002405158456580736,0.002402270692406848
2018-01-11,125.37000274658203,125.66000366210938,125.25,125.44000244140625,0.003279242310744168,0.003273877321212141
2018-01-12,126.01000213623047,127.12999725341797,125.80999755859375,126.95999908447266,0.012117319941670202,0.012044492942167013
2018-01-16,126.5999984741211,127.18000030517578,126.4000015258789,127.16999816894531,0.0016540570729914883,0.001652690627169873
2018-01-17,126.7699966430664,127.22000122070312,125.9000015258789,126.13999938964844,-0.008099385028916384,-0.008132363237354055
2018-01-18,126.12999725341797,126.5199966430664,125.80000305175781,125.86000061035156,-0.002219746160232239,-0.002222213448585594
2018-01-19,126.56999969482422,126.7300033569336,126.41000366210938,126.41999816894531,0.004449368789751107,0.0044394996120163946
2018-01-22,126.51000213623047,126.75,126.27999877929688,126.6500015258789,0.0018193589642852004,0.0018177059354296304
2018-01-23,126.52999877929688,127.3499984741211,126.33999633789062,127.27999877929688,0.004974316982453653,0.004961985943158681
2018-01-24,128.38999938964844,129.25999450683594,128.22999572753906,128.8300018310547,0.012177899643490031,0.012104345577545294
2018-01-25,128.69000244140625,129.50999450683594,127.36000061035156,127.97000122070312,-0.006675468432262743,-0.006697849027902464
2018-01-26,128.24000549316406,128.52000427246094,127.97000122070312,128.07000732421875,0.0007814808358339587,0.0007811756386790387
2018-01-29,127.58000183105469,127.62999725341797,126.91999816894531,127.3499984741211,-0.005621994291566623,-0.005637857183470335
2018-01-30,127.91000366210938,127.91999816894531,126.73999786376953,126.80000305175781,-0.004318770545372663,-0.004328123373076199
2018-01-31,127.44999694824219,127.8499984741211,126.4000015258789,127.6500015258789,0.006703457836465088,0.00668108957049156
2018-02-01,127.18000030517578,128.14999389648438,127.08000183105469,128.07000732421875,0.003290292152912322,0.0032848909860550284
2018-02-02,126.80999755859375,126.8499984741211,125.95999908447266,126.38999938964844,-0.013117887393550687,-0.013204686797240324
2018-02-05,126.81999969482422,127.30999755859375,126.44000244140625,126.70999908447266,0.002531843471552664,0.0025286437555192493
2018-02-06,126.54000091552734,126.55000305175781,125.22000122070312,125.37999725341797,-0.010496423649786535,-0.01055189964568088
2018-02-07,125.4800033569336,125.7699966430664,124.41000366210938,124.79000091552734,-0.004705665583148222,-0.004716772083453344
2018-02-08,124.91999816894531,125.44000244140625,124.51000213623047,124.9800033569336,0.0015225774502147793,0.001521419504394612
2018-02-09,124.6500015258789,125.13999938964844,124.38999938964844,124.7699966430664,-0.0016803225174144565,-0.0016817358427458674
2018-02-12,125.19000244140625,125.81999969482422,125.11000061035156,125.37000274658203,0.004808897328354433,0.0047973715177869495
2018-02-13,125.66999816894531,126.18000030517578,125.5199966430664,126.08000183105469,0.0056632293923437604,0.005647253596785453
2018-02-14,126.47000122070312,128.58999633789062,126.29000091552734,128.22999572753906,0.017052616317100977,0.0169088525197643
2018-02-15,128.42999267578125,128.57000732421875,127.94000244140625,128.3800048828125,0.001169844500285011,0.0011691607653979673
2018-02-16,128.3000030517578,128.6999969482422,127.56999969482422,127.95999908447266,-0.003271582663696204,-0.0032769459911664296
2018-02-20,127.27999877929688,127.4000015258789,126.04000091552734,126.23999786376953,-0.013441710167313103,-0.013532867750937797
2018-02-21,126.36000061035156,126.76000213623047,125.44000244140625,125.66000366210938,-0.004594377467322608,-0.004604964057785746
2018-02-22,125.91999816894531,126.37000274658203,125.87999725341797,126.30000305175781,0.005093103382117992,0.005080177401414419
2018-02-23,126.05999755859375,126.30000305175781,125.8499984741211,126.13999938964844,-0.0012668539845070992,-0.0012676571223934087
2018-02-26,126.44999694824219,126.62000274658203,126.18000030517578,126.44999694824219,0.0024575674654647717,0.0024545525850455277
2018-02-27,126.05999755859375,126.1500015258789,124.58999633789062,125.12999725341797,-0.01043890649807222,-0.010493774054732095
2018-02-28,125.08999633789062,125.45999908447266,124.80999755859375,125.0,-0.0010388975966705294,-0.0010394376248337527
2018-03-01,124.1500015258789,125.30999755859375,123.58000183105469,124.72000122070312,-0.0022399902343750444,-0.0022425027652310265
2018-03-02,125.66999816894531,125.69000244140625,124.97000122070312,125.38999938964844,0.005372018620811936,0.005357640797750738
2018-03-05,125.3499984741211,125.4800033569336,124.95999908447266,125.18000030517578,-0.0016747674096407872,-0.0016761714003699012
2018-03-06,126.19999694824219,126.95999908447266,126.12999725341797,126.52999877929688,0.010784458146907872,0.010726720619181963
2018-03-07,126.22000122070312,126.29000091552734,125.41999816894531,125.72000122070312,-0.006401624645603676,-0.006422202914569186
2018-03-08,125.69000244140625,125.69999694824219,125.12999725341797,125.41999816894531,-0.0023862794212923255,-0.002389131123572836
2018-03-09,124.94000244140625,125.69000244140625,124.77999877929688,125.54000091552734,0.0009568071147663115,0.000956349666608725
2018-03-12,125.04000091552734,125.56999969482422,124.83999633789062,125.54000091552734,0.0,0.0
2018-03-13,125.66999816894531,125.98999786376953,125.05000305175781,125.77999877929688,0.0019117242474055995,0.001909899228192024
2018-03-14,125.48999786376953,125.76000213623047,125.33999633789062,125.69999694824219,-0.0006360457292980959,-0.0006362480921955626
2018-03-15,125.12000274658203,125.20999908447266,124.72000122070312,124.9000015258789,-0.006364323323672649,-0.0063846619697597
2018-03-16,124.83999633789062,124.87000274658203,124.20999908447266,124.5999984741211,-0.0024019459414951205,-0.002404835241203122
2018-03-19,124.56999969482422,125.16000366210938,124.41999816894531,124.87000274658203,0.0021669685053569143,0.0021646240154515875
2018-03-20,124.41000366210938,124.55000305175781,123.95999908447266,124.30999755859375,-0.004484705499084418,-0.0044947919586221805
2018-03-21,125.4000015258789,126.76000213623047,125.02999877929688,126.4800033569336,0.01745640608927701,0.017305793278474
2018-03-22,126.08999633789062,126.33999633789062,125.63999938964844,125.9800033569336,-0.003953194075975608,-0.0039610286020946425
2018-03-23,127.81999969482422,128.05999755859375,127.61000061035156,127.61000061035156,0.012938539529958382,0.01285555168848731
2018-03-26,128.0500030517578,128.5800018310547,128.00999450683594,128.27999877929688,0.005250357853935794,0.005236622780197456
2018-03-27,127.2300033569336,127.62000274658203,127.05000305175781,127.48999786376953,-0.0061584106879087885,-0.006177451915059315
2018-03-28,126.4800033569336,126.61000061035156,125.51000213623047,125.7300033569336,-0.01380496145836152,-0.013901136089334824
2018-03-29,125.41999816894531,125.80999755859375,125.30999755859375,125.79000091552734,0.0004771936450476133,0.0004770798243684067
2018-04-02,126.6500015258789,127.54000091552734,126.37999725341797,127.26000213623047,0.011686153191860393,0.01161839746199109
2018-04-03,126.54000091552734,126.58999633789062,126.01000213623047,126.30000305175781,-0.007543604183229413,-0.0075722010717776825
2018-04-04,127.5,127.52999877929688,126.31999969482422,126.44999694824219,0.0011876001018218396,0.0011868954626521053
2018-04-05,125.44999694824219,126.08000183105469,125.43000030517578,125.80000305175781,-0.005140323544257752,-0.005153580456720969
2018-04-06,126.56999969482422,126.5999984741211,126.12999725341797,126.38999938964844,0.004689954877408642,0.004678991304775993
2018-04-09,126.44999694824219,126.86000061035156,126.2300033569336,126.81999969482422,0.0034021703240154633,0.0033963960355940744
2018-04-10,127.0199966430664,127.30999755859375,126.66999816894531,127.12000274658203,0.0023655815524343815,0.002362787969159084
2018-04-11,128.08999633789062,129.47000122070312,127.77999877929688,128.11000061035156,0.007787899955785216,0.007757730797944395
2018-04-12,127.25,127.33999633789062,126.47000122070312,126.62000274658203,-0.011630613197024187,-0.011698777825105413
2018-04-13,127.06999969482422,127.75,127.02999877929688,127.44999694824219,0.006555000660688037,0.00653361006986455
2018-04-16,127.73999786376953,128.0500030517578,127.56999969482422,127.62999725341797,0.0014123209845888773,0.0014113245973425364
2018-04-17,127.0199966430664,127.77999877929688,127.0,127.75,0.0009402393572395251,0.000939797609092718
2018-04-18,128.32000732421875,128.5399932861328,127.75,127.8499984741211,0.0007827669207129961,0.0007824607184664891
2018-04-19,127.80999755859375,127.87999725341797,127.12999725341797,127.5999984741211,-0.001955416527053,-0.001957330849889553
2018-04-20,126.69000244140625,126.97000122070312,126.55000305175781,126.62999725341797,-0.007601890535287481,-0.007630932179694891
2018-04-23,125.62000274658203,125.76000213623047,125.33999633789062,125.62000274658203,-0.007975949843974872,-0.008007927882251619
2018-04-24,125.77999877929688,126.33999633789062,125.66999816894531,126.2300033569336,0.004855919415812648,0.004844167468111617
2018-04-25,125.2300033569336,125.51000213623047,125.05999755859375,125.41000366210938,-0.006496075996334616,-0.006517267321502421
2018-04-26,125.54000091552734,125.56999969482422,124.69000244140625,124.97000122070312,-0.0035085115107064135,-0.0035146807713917604
2018-04-27,125.19999694824219,125.62000274658203,125.16999816894531,125.5,0.004241008034887361,0.0042320403061771
2018-04-30,124.41000366210938,125.19999694824219,124.19000244140625,124.58999633789062,-0.007251025196090666,-0.00727744165435215
2018-05-01,123.9000015258789,123.9800033569336,123.38999938964844,123.70999908447266,-0.007063145351023148,-0.007088207443339079
2018-05-02,123.9000015258789,124.54000091552734,123.58000183105469,123.6500015258789,-0.0004849855228984401,-0.00048510316641562344
2018-05-03,124.66000366210938,124.76000213623047,124.23999786376953,124.27999877929688,0.005095004008440096,0.005082068394914099
2018-05-04,124.0999984741211,124.6500015258789,124.0,124.54000091552734,0.002092067418605348,0.0020898820929316714
2018-05-07,124.5,124.69999694824219,124.30000305175781,124.56999969482422,0.0002408766587147504,0.00024084765259023235
2018-05-08,124.13999938964844,124.94999694824219,123.79000091552734,124.58999633789062,0.00016052535213439967,0.0001605124693187213
2018-05-09,124.44999694824219,124.87000274658203,124.23999786376953,124.33000183105469,-0.0020868008225221057,-0.002088981225264128
2018-05-10,125.22000122070312,125.37000274658203,124.75,125.18000030517578,0.0068366320405601755,0.006813368242228766
2018-05-11,125.56999969482422,125.58999633789062,124.94000244140625,125.0,-0.0014379318160805399,-0.0014389666321499815
2018-05-14,125.16000366210938,125.20999908447266,124.44000244140625,124.48999786376953,-0.004080017089843735,-0.0040883630684626394
2018-05-15,122.81999969482422,122.81999969482422,122.12999725341797,122.4800033569336,-0.01614583132241265,-0.016277595476396185
2018-05-16,122.37999725341797,122.61000061035156,122.02999877929688,122.29000091552734,-0.0015512935679184991,-0.0015524980696371136
2018-05-17,122.2300033569336,122.43000030517578,122.04000091552734,122.36000061035156,0.0005724073456552237,0.0005722435830601718
2018-05-18,122.05000305175781,122.6500015258789,122.01000213623047,122.41000366210938,0.0004086552101045804,0.00040857173330558584
2018-05-21,122.16000366210938,122.52999877929688,121.97000122070312,122.4800033569336,0.0005718461950008358,0.0005716827532715196
2018-05-22,122.69999694824219,122.73999786376953,122.33999633789062,122.41000366210938,-0.0005715193738216051,-0.0005716827532715781
2018-05-23,122.13999938964844,122.73999786376953,122.11000061035156,122.54000091552734,0.001061982268841355,0.0010614187645907496
2018-05-24,123.0999984741211,123.81999969482422,123.08000183105469,123.58999633789062,0.00856859323093273,0.00853209120176816
2018-05-25,123.66000366210938,123.69999694824219,123.20999908447266,123.20999908447266,-0.003074660285441455,-0.0030793967645780895
2018-05-29,122.83999633789062,123.63999938964844,122.66000366210938,123.19000244140625,-0.000162297242228715,-0.00016231041385129715
2018-05-30,123.16999816894531,123.61000061035156,123.16999816894531,123.37000274658203,0.001461160009810003,0.001460093554237964
2018-05-31,123.26000213623047,123.77999877929688,123.0999984741211,123.0999984741211,-0.00218857312515075,-0.0021909715513725716
2018-06-01,122.58000183105469,123.08999633789062,122.44000244140625,122.48999786376953,-0.004955325896935703,-0.004967644235411557
2018-06-04,122.8499984741211,122.93000030517578,122.37000274658203,122.37000274658203,-0.000979631964080463,-0.0009801121170807511
2018-06-05,122.55000305175781,123.2300033569336,122.27999877929688,122.8499984741211,0.003922495029546447,0.003914822104047846
2018-06-06,123.08000183105469,123.3499984741211,122.62999725341797,122.91999816894531,0.0005697980927446,0.0005696358194504353
2018-06-07,122.95999908447266,123.1500015258789,122.69000244140625,122.86000061035156,-0.00048810250152531154,-0.0004882216623280107
2018-06-08,123.08000183105469,123.12000274658203,122.91000366210938,123.01000213623047,0.0012209142530825723,0.0012201695433653895
2018-06-11,123.0999984741211,123.41999816894531,123.0199966430664,123.2300033569336,0.0017884823744616085,0.0017868849442266759
2018-06-12,122.94999694824219,123.18000030517578,122.63999938964844,122.81999969482422,-0.0033271415316106223,-0.003332688774722517
2018-06-13,122.83999633789062,123.33999633789062,122.47000122070312,123.19000244140625,0.003012561044629436,0.003008032375587246
2018-06-14,123.62999725341797,123.86000061035156,123.31999969482422,123.37999725341797,0.0015422908372948463,0.0015411027282310494
2018-06-15,122.18000030517578,122.19999694824219,120.83000183105469,121.33999633789062,-0.01653429211330959,-0.016672509186741995
2018-06-18,121.3499984741211,121.44000244140625,120.98999786376953,121.11000061035156,-0.0018954650937899054,-0.0018972637609840908
2018-06-19,120.80999755859375,121.02999877929688,120.58000183105469,120.80000305175781,-0.0025596363391253707,-0.0025629178089953803
2018-06-20,120.79000091552734,120.80999755859375,120.16000366210938,120.26000213623047,-0.004470206141435118,-0.0044802273887545
2018-06-21,119.91999816894531,120.31999969482422,119.81999969482422,120.05000305175781,-0.001746208886931222,-0.0017477352868705306
2018-06-22,120.20999908447266,120.4000015258789,120.0999984741211,120.33999633789062,0.0024156041546103957,0.0024126912728642744
2018-06-25,120.0,120.2300033569336,119.83000183105469,119.88999938964844,-0.0037393797734436296,-0.003746388732216758
2018-06-26,119.27999877929688,119.58999633789062,119.08999633789062,119.26000213623047,-0.0052547940330739396,-0.0052686490212925504
2018-06-27,118.95999908447266,119.05000305175781,118.4800033569336,118.58000183105469,-0.005701830395735019,-0.005718147886604777
2018-06-28,118.58999633789062,118.66999816894531,118.01000213623047,118.22000122070312,-0.00303593021413906,-0.003040547998821346
2018-06-29,118.43000030517578,118.94000244140625,118.26000213623047,118.6500015258789,0.003637288959023266,0.0036306900201949913
2018-07-02,118.18000030517578,118.20999908447266,117.4000015258789,117.45999908447266,-0.010029518972628937,-0.010080153442110952
2018-07-03,118.41000366210938,119.08000183105469,118.37999725341797,118.6500015258789,0.01013112932642235,0.010080153442110855
2018-07-05,118.91999816894531,119.33000183105469,118.7699966430664,119.05000305175781,0.003371272825408722,0.0033656028250155126
2018-07-06,118.97000122070312,119.02999877929688,118.7300033569336,118.86000061035156,-0.0015959885471287238,-0.0015972634935638506
2018-07-09,119.6500015258789,119.7300033569336,119.13999938964844,119.1500015258789,0.0024398528860691826,0.002436881277559937
2018-07-10,118.88999938964844,119.0,118.61000061035156,118.93000030517578,-0.001846422307055895,-0.0018481290459546572
2018-07-11,118.44999694824219,118.52999877929688,117.62000274658203,117.63999938964844,-0.010846724226159843,-0.010905978807671088
2018-07-12,118.0,118.26000213623047,117.94000244140625,118.12999725341797,0.004165231777556899,0.0041565812124297165
2018-07-13,117.62000274658203,117.75,117.44999694824219,117.61000061035156,-0.004401901762097649,-0.004411618657356192
2018-07-16,117.51000213623047,117.62999725341797,117.27999877929688,117.55000305175781,-0.0005101399394812356,-0.0005102701051305093
2018-07-17,116.72000122070312,116.93000030517578,116.12000274658203,116.27999877929688,-0.01080394929383155,-0.010862735754725461
2018-07-18,116.02999877929688,116.3499984741211,115.83000183105469,116.30999755859375,0.00025798744076199753,0.00025795416772476286
2018-07-19,115.12999725341797,116.47000122070312,115.12000274658203,115.80999755859375,-0.004298856594405098,-0.004308123245285948
2018-07-20,116.4000015258789,116.70999908447266,116.23999786376953,116.55999755859375,0.006476124823511453,0.006455244826308788
2018-07-23,116.25,116.30999755859375,115.76000213623047,116.0,-0.004804371742649027,-0.004815949835095058
2018-07-24,116.22000122070312,116.43000030517578,115.91000366210938,116.04000091552734,0.0003448354786839136,0.00034477603659500224
2018-07-25,116.79000091552734,116.83999633789062,116.2699966430664,116.68000030517578,0.005515334234738045,0.00550018047205447
2018-07-26,116.23999786376953,116.51000213623047,115.7699966430664,115.7699966430664,-0.0077991400388178755,-0.00782971239395345
2018-07-27,115.91999816894531,116.23999786376953,115.7699966430664,115.83000183105469,0.0005183138095208317,0.0005181795313150905
2018-07-30,115.80000305175781,116.0199966430664,115.63999938964844,115.6500015258789,-0.0015540041641225466,-0.001555212880989931
2018-07-31,115.47000122070312,116.3499984741211,115.38999938964844,115.98999786376953,0.002939873181190933,0.0029355602050311473
2018-08-01,115.62999725341797,115.69999694824219,115.12999725341797,115.13999938964844,-0.007328204929526905,-0.007355188129705078
2018-08-02,115.16999816894531,115.2300033569336,114.41999816894531,114.5199966430664,-0.005384772884042377,-0.0053993230298752665
2018-08-03,115.08999633789062,115.52999877929688,114.86000061035156,114.91999816894531,0.003492853105171001,0.003486767260953241
2018-08-06,114.55999755859375,114.72000122070312,114.30999755859375,114.33000183105469,-0.0051339744804317355,-0.005147198608389075
2018-08-07,114.8499984741211,114.94000244140625,114.41999816894531,114.58999633789062,0.0022740706959851753,0.002271488910587502
2018-08-08,114.75,114.94999694824219,114.41000366210938,114.91000366210938,0.002792628802213759,0.002788736658924094
2018-08-09,115.0199966430664,115.12000274658203,114.69000244140625,114.73999786376953,-0.0014794690881722028,-0.0014805645831976347
2018-08-10,114.80999755859375,115.2300033569336,114.61000061035156,114.69000244140625,-0.0004357279352805721,-0.00043582289228197795
2018-08-13,113.80999755859375,113.80999755859375,112.83000183105469,112.95999908447266,-0.01508416880379293,-0.015199092023381782
2018-08-14,113.25,113.4800033569336,112.83999633789062,113.06999969482422,0.0009738014451408095,0.000973327608104041
2018-08-15,112.16999816894531,112.18000030517578,111.05999755859375,111.19000244140625,-0.016626844065553037,-0.016766621575930757
2018-08-16,111.45999908447266,111.87999725341797,111.0999984741211,111.0999984741211,-0.0008094609704913935,-0.0008097887609237462
2018-08-17,111.69000244140625,112.1500015258789,111.37999725341797,112.12999725341797,0.009270916232611892,0.009228205066865915
2018-08-20,112.37999725341797,112.73999786376953,112.16000366210938,112.69000244140625,0.0049942495470025605,0.0049818196508907165
2018-08-21,112.7699966430664,113.0999984741211,112.44000244140625,113.0199966430664,0.002928336094692563,0.0029240568705197916
2018-08-22,113.38999938964844,113.48999786376953,113.06999969482422,113.2699966430664,0.002211997942183075,0.0022095550764809732
2018-08-23,112.68000030517578,112.87999725341797,112.05999755859375,112.19999694824219,-0.009446452957847074,-0.009491353686729823
2018-08-24,113.25,114.41999816894531,113.20999908447266,114.16000366210938,0.01746886601762876,0.017318039357996126
2018-08-27,114.12000274658203,114.77999877929688,114.12000274658203,114.58999633789062,0.00376657902932398,0.0037595032326643405
2018-08-28,114.76000213623047,114.87000274658203,113.55000305175781,113.68000030517578,-0.007941321771505638,-0.007973022006627225
2018-08-29,114.16000366210938,114.20999908447266,113.8499984741211,114.19999694824219,0.004574213948543848,0.0045637840256251986
2018-08-30,113.91999816894531,113.93000030517578,113.23999786376953,113.63999938964844,-0.004903656511020316,-0.004915718883921124
2018-08-31,113.72000122070312,114.05999755859375,113.44000244140625,113.51000213623047,-0.0011439392301669793,-0.0011445940280617694
2018-09-04,112.75,113.06999969482422,112.61000061035156,112.93000030517578,-0.005109698001402485,-0.005122797149079999
2018-09-05,113.36000061035156,113.44000244140625,113.12000274658203,113.31999969482422,0.0034534613352918964,0.003447511831347845
2018-09-06,113.88999938964844,114.26000213623047,113.27999877929688,113.54000091552734,0.0019414156485668688,0.0019395335367870974
2018-09-07,113.26000213623047,113.5999984741211,112.97000122070312,113.2300033569336,-0.0027302937827557994,-0.0027340278330774677
2018-09-10,113.26000213623047,113.43000030517578,113.0,113.1500015258789,-0.000706542689065337,-0.000706792407982718
2018-09-11,112.6500015258789,113.37000274658203,112.41999816894531,113.22000122070312,0.0006186451072049959,0.0006184538252070439
2018-09-12,113.12000274658203,114.38999938964844,113.05999755859375,114.16999816894531,0.008390716640166218,0.008355710260063364
2018-09-13,114.72000122070312,114.77999877929688,113.58000183105469,113.76000213623047,-0.003591101333891067,-0.0035975648169408914
2018-09-14,113.79000091552734,113.9000015258789,112.91000366210938,113.0199966430664,-0.006504970809317334,-0.006526220333750846
2018-09-17,113.5999984741211,114.02999877929688,113.55000305175781,113.61000061035156,0.005220350246058381,0.005206771454576303
2018-09-18,113.79000091552734,113.91000366210938,113.27999877929688,113.44000244140625,-0.0014963310274801467,-0.0014974516487718237
2018-09-19,113.94000244140625,114.1500015258789,113.68000030517578,113.87999725341797,0.0038786565809445506,0.0038711539862427546
2018-09-20,114.20999908447266,114.37000274658203,113.86000061035156,114.2699966430664,0.0034246522572403126,0.0034188014897895418
2018-09-21,112.87000274658203,113.68000030517578,112.79000091552734,113.48999786376953,-0.006825928084458366,-0.0068493312914384265
2018-09-24,113.68000030517578,113.95999908447266,113.43000030517578,113.47000122070312,-0.00017619740455376842,-0.00017621292914007548
2018-09-25,113.75,113.88999938964844,113.56999969482422,113.6500015258789,0.0015863250483771907,0.0015850681638403528
2018-09-26,113.11000061035156,113.5999984741211,112.66000366210938,113.05000305175781,-0.005279352979018381,-0.005293338005935142
2018-09-27,112.0999984741211,112.41999816894531,111.8499984741211,112.05000305175781,-0.008845643281780058,-0.008884998236125718
2018-09-28,112.16000366210938,113.0,112.06999969482422,112.76000213623047,0.006336448595585464,0.0063164577082286105
2018-10-01,112.4000015258789,112.62000274658203,112.1500015258789,112.56999969482422,-0.001685016298391906,-0.0016864375351172442
2018-10-02,113.69999694824219,114.33000183105469,113.61000061035156,113.87000274658203,0.011548397044346626,0.011482223287117932
2018-10-03,113.87000274658203,114.05000305175781,113.26000213623047,113.41999816894531,-0.003951915050342092,-0.003959744500981412
2018-10-04,113.83000183105469,114.19000244140625,113.26000213623047,113.4800033569336,0.0005290529796950771,0.0005289130805079614
2018-10-05,113.80999755859375,114.0999984741211,113.56999969482422,113.80000305175781,0.002819877382429281,0.0028159089867124108
2018-10-08,112.25,112.58999633789062,111.9000015258789,112.54000091552734,-0.011072074713894375,-0.011133826368821452
2018-10-09,112.37000274658203,112.66999816894531,111.97000122070312,112.5999984741211,0.0005331220730910857,0.0005329800140063239
2018-10-10,112.47000122070312,112.95999908447266,112.25,112.87999725341797,0.00248666770063255,0.0024835810584159217
2018-10-11,114.19999694824219,116.04000091552734,114.08999633789062,115.77999877929688,0.025691013434101517,0.025366544894876334
2018-10-12,115.58000183105469,115.70999908447266,115.08000183105469,115.2300033569336,-0.004750349180877911,-0.0047616679491750925
2018-10-15,116.12000274658203,116.52999877929688,115.88999938964844,116.0,0.006682258271583086,0.006660030947980057
2018-10-16,116.48999786376953,116.5999984741211,115.80000305175781,115.80000305175781,-0.0017241116227775244,-0.0017255996137757622
2018-10-17,115.88999938964844,116.33000183105469,115.68000030517578,115.79000091552734,-8.63742311474347e-05,-8.637796161615032e-05
2018-10-18,115.83000183105469,116.41000366210938,115.62999725341797,115.91999816894531,0.001122698440194414,0.001122068685606197
2018-10-19,116.2300033569336,116.23999786376953,115.95999908447266,116.01000213623047,0.0007764317521294917,0.0007761304849288288
2018-10-22,115.56999969482422,115.77999877929688,115.43000030517578,115.70999908447266,-0.002586010225269386,-0.0025893597255193914
2018-10-23,117.16000366210938,117.25,116.33000183105469,116.38999938964844,0.005876763551604158,0.005859562733875961
2018-10-24,116.37999725341797,116.72000122070312,116.11000061035156,116.66000366210938,0.0023198236435848507,0.0023171370069294235
2018-10-25,116.58000183105469,116.7300033569336,116.19000244140625,116.4000015258789,-0.002228717024418514,-0.002231204310531111
2018-10-26,116.83000183105469,117.6500015258789,116.45999908447266,116.7699966430664,0.0031786521678458524,0.0031736109331066205
2018-10-29,116.41000366210938,116.54000091552734,115.83999633789062,116.30999755859375,-0.003939360261170033,-0.003947139978932357
2018-10-30,115.8499984741211,116.04000091552734,115.63999938964844,115.80000305175781,-0.0043847864976440665,-0.004394427867848015
2018-10-31,114.88999938964844,115.16999816894531,114.66000366210938,115.1500015258789,-0.005613139108367582,-0.005628951974666804
2018-11-01,116.33000183105469,117.06999969482422,116.18000030517578,116.62999725341797,0.01285276342099273,0.01277086763550321
2018-11-02,116.61000061035156,116.9800033569336,116.38999938964844,116.6500015258789,0.00017151910256396619,0.0001715043948444399
2018-11-05,116.27999877929688,116.66999816894531,116.2300033569336,116.37000274658203,-0.0024003324100665413,-0.0024032178261358607
2018-11-06,116.44000244140625,116.52999877929688,115.73999786376953,116.04000091552734,-0.002835798085983776,-0.002839826579174042
2018-11-07,116.26000213623047,116.3499984741211,115.9000015258789,116.02999877929688,-8.619558903444346e-05,-8.61993040877103e-05
2018-11-08,115.7699966430664,116.1500015258789,115.5,115.77999877929688,-0.0021546152083956605,-0.002156939731312277
2018-11-09,114.5999984741211,114.75,114.13999938964844,114.4800033569336,-0.011228151978489587,-0.011291663536045476
2018-11-12,114.01000213623047,114.05000305175781,113.58000183105469,113.66000366210938,-0.007162820324765118,-0.007188596482678694
2018-11-13,113.72000122070312,113.93000030517578,113.41999816894531,113.69999694824219,0.0003518677181439944,0.00035180582721631255
2018-11-14,113.52999877929688,115.05999755859375,113.45999908447266,114.63999938964844,0.008267391966898296,0.008233404279793029
2018-11-15,114.83000183105469,114.98999786376953,114.55999755859375,114.7699966430664,0.0011339606953078007,0.0011333182475063862
2018-11-16,115.83000183105469,115.87999725341797,115.37000274658203,115.62000274658203,0.00740616997802257,0.0073788789662288
2018-11-19,115.44999694824219,115.91999816894531,115.37000274658203,115.66999816894531,0.0004324115306661991,0.0004323180677422659
2018-11-20,115.94000244140625,115.94999694824219,115.37000274658203,115.66999816894531,0.0,0.0
2018-11-21,115.94000244140625,116.3499984741211,115.86000061035156,115.86000061035156,0.0016426250921932617,0.001641277459165227
2018-11-23,115.76000213623047,115.87999725341797,115.58999633789062,115.7699966430664,-0.0007768338236752159,-0.0007771357154266267
2018-11-26,115.83999633789062,115.87000274658203,115.52999877929688,115.63999938964844,-0.0011228924348919422,-0.0011235233509469095
2018-11-27,115.55000305175781,115.62999725341797,114.5999984741211,114.94999694824219,-0.00596681464067883,-0.005984687209490868
2018-11-28,114.76000213623047,116.06999969482422,114.58999633789062,115.37999725341797,0.0037407596049732206,0.00373378036345705
2018-11-29,115.97000122070312,116.23999786376953,115.55999755859375,115.73999786376953,0.0031201301691909933,0.003115272664463216
2018-11-30,115.41999816894531,115.66000366210938,115.04000091552734,115.54000091552734,-0.0017279847238081958,-0.001729479411524255
2018-12-03,116.5999984741211,116.7699966430664,116.30000305175781,116.41000366210938,0.007529883500850154,0.007501675441848404
2018-12-04,117.37000274658203,117.38999938964844,116.93000030517578,117.12000274658203,0.00609912432039339,0.006080599945141696
2018-12-06,117.37999725341797,117.69000244140625,116.91999816894531,117.13999938964844,0.0001707363609755319,0.00017072178718187972
2018-12-07,117.62000274658203,118.2300033569336,117.54000091552734,118.08999633789062,0.00810992789134457,0.008077219150826301
2018-12-10,117.69999694824219,117.94000244140625,117.41999816894531,117.68000030517578,-0.003471894702593792,-0.003477935715567025
2018-12-11,117.66999816894531,117.88999938964844,117.3499984741211,117.54000091552734,-0.001189661703648759,-0.0011903699128753065
2018-12-12,117.69999694824219,117.94999694824219,117.61000061035156,117.79000091552734,0.0021269354947484054,0.00212467676965701
2018-12-13,117.54000091552734,117.62000274658203,117.26000213623047,117.52999877929688,-0.002207336227265433,-0.0022097759847801487
2018-12-14,116.62999725341797,117.30000305175781,116.58000183105469,117.05999755859375,-0.0039989894119348834,-0.004007006751401848
2018-12-17,117.37000274658203,118.02999877929688,117.3499984741211,117.87000274658203,0.0069195729103175285,0.0068957425332182515
2018-12-18,117.8499984741211,118.19999694824219,117.80999755859375,118.1500015258789,0.0023754880187698557,0.0023726710074086807
2018-12-19,118.23999786376953,118.95999908447266,117.4000015258789,117.43000030517578,-0.006093958623821227,-0.0061126025718981495
2018-12-20,119.11000061035156,119.73999786376953,118.68000030517578,119.23999786376953,0.015413416962360094,0.015295836918707156
2018-12-21,119.19000244140625,119.25,118.56999969482422,118.72000122070312,-0.004360924625816387,-0.004370461193212718
2018-12-24,119.56999969482422,120.13999938964844,119.56999969482422,120.0199966430664,0.010950096100037499,0.01089057789030817
2018-12-26,120.62000274658203,121.0,119.56999969482422,119.66000366210938,-0.002999441684935489,-0.003003949025405859
2018-12-27,120.56999969482422,120.9000015258789,120.13999938964844,120.56999969482422,0.007604847107346435,0.0075760760319352385
2018-12-28,120.80000305175781,121.08000183105469,120.72000122070312,121.05999755859375,0.004064011487183938,0.004055775698519239
2018-12-31,120.9800033569336,121.26000213623047,120.83000183105469,121.25,0.0015694898830167503,0.0015682595209626012
2019-01-02,121.3499984741211,121.75,120.87999725341797,121.33000183105469,0.0006598089159148834,0.000659591337713554
2019-01-03,121.77999877929688,122.45999908447266,121.7300033569336,122.43000030517578,0.009066170423806419,0.00902531942317299
2019-01-04,121.31999969482422,121.5999984741211,120.69000244140625,121.44000244140625,-0.00808623590052937,-0.008119106827353268
2019-01-07,122.16000366210938,122.22000122070312,121.56999969482422,121.86000061035156,0.003458482876331992,0.0034525160778516237
2019-01-08,121.1500015258789,121.70999908447266,121.05999755859375,121.52999877929688,-0.00270804061547536,-0.0027117139907279018
2019-01-09,121.44999694824219,122.33999633789062,121.44000244140625,122.30999755859375,0.006418158373500793,0.006397649700215412
2019-01-10,121.9800033569336,122.18000030517578,121.56999969482422,121.58999633789062,-0.005886691481276518,-0.005904086348646452
2019-01-11,121.73999786376953,122.05000305175781,121.66000366210938,121.80000305175781,0.001727170986037363,0.0017256811414607263
2019-01-14,122.1500015258789,122.23999786376953,121.87000274658203,122.08999633789062,0.002380897199235621,0.002378067354322114
2019-01-15,122.27999877929688,122.37999725341797,121.62000274658203,121.87999725341797,-0.0017200351443329431,-0.0017215161032263467
2019-01-16,122.04000091552734,122.44000244140625,122.0199966430664,122.2699966430664,0.003199863787636481,0.0031947551186356582
2019-01-17,122.02999877929688,122.26000213623047,121.80999755859375,122.11000061035156,-0.001308546962521917,-0.0013094038577051105
2019-01-18,121.2300033569336,121.5199966430664,121.0199966430664,121.0199966430664,-0.008926410300850951,-0.008966489387798326
2019-01-22,121.18000030517578,121.5,120.9000015258789,121.44999694824219,0.0035531343340227117,0.0035468368649853345
2019-01-23,120.95999908447266,121.54000091552734,120.86000061035156,121.27999877929688,-0.0013997379433262624,-0.0014007184915951448
2019-01-24,121.16000366210938,121.36000061035156,120.91999816894531,121.08999633789062,-0.0015666428373899421,-0.0015678713054947328
2019-01-25,122.0199966430664,122.91000366210938,122.0199966430664,122.86000061035156,0.01461726258147622,0.014511460180241248
2019-01-28,122.75,123.29000091552734,122.72000122070312,123.29000091552734,0.0034999210730881636,0.0034938106026215594
2019-01-29,123.70999908447266,124.0,123.45999908447266,123.9800033569336,0.005596580714432919,0.005580978043920208
2019-01-30,123.91000366210938,125.06999969482422,123.69999694824219,124.69000244140625,0.005726722578225818,0.005710387238117351
2019-01-31,125.18000030517578,125.2300033569336,124.62000274658203,124.75,0.00048117377030232333,0.00048105804332541224
2019-02-01,124.88999938964844,125.05000305175781,124.37000274658203,124.5,-0.002004008016032066,-0.002006018726865743
2019-02-04,123.98999786376953,124.29000091552734,123.81999969482422,123.95999908447266,-0.004337356751223598,-0.0043467903708823
2019-02-05,124.29000091552734,124.41999816894531,124.05000305175781,124.27999877929688,0.002581475453272253,0.0025781491687657575
2019-02-06,124.16000366210938,124.19000244140625,123.4000015258789,123.44000244140625,-0.006758902044908588,-0.006781846869660092
2019-02-07,123.80000305175781,123.94999694824219,123.44000244140625,123.73999786376953,0.002430293392984062,0.0024273450059934865
2019-02-08,124.05000305175781,124.33000183105469,123.9800033569336,124.20999908447266,0.0037982966608789415,0.003791101346321012
2019-02-11,123.19000244140625,123.81999969482422,123.19000244140625,123.5999984741211,-0.004911042708701019,-0.004923141507008373
2019-02-12,123.95999908447266,124.02999877929688,123.61000061035156,123.86000061035156,0.002103577179937588,0.0021013677593768472
2019-02-13,123.83999633789062,124.55000305175781,123.30999755859375,123.37000274658203,-0.003956062177902009,-0.003963908091330168
2019-02-14,123.83999633789062,124.19999694824219,123.52999877929688,124.05999755859375,0.005592889654295163,0.005577307519395154
2019-02-15,124.58999633789062,125.0,124.18000030517578,124.80000305175781,0.005964900110646543,0.005947180522781207
2019-02-19,125.9800033569336,126.79000091552734,125.93000030517578,126.69999694824219,0.015224309695700766,0.015109582852092095
2019-02-20,127.0,127.20999908447266,126.30999755859375,126.4800033569336,-0.0017363346220005127,-0.0017378437981698566
2019-02-21,126.1500015258789,126.22000122070312,125.05000305175781,125.05000305175781,-0.011306137470128319,-0.011370537714508392
2019-02-22,125.52999877929688,125.94999694824219,125.38999938964844,125.5,0.0035985360836492397,0.0035920768439101198
2019-02-25,125.77999877929688,125.9000015258789,125.2300033569336,125.37000274658203,-0.0010358346885893654,-0.0010363715360959395
2019-02-26,125.33000183105469,125.62000274658203,125.05000305175781,125.58000183105469,0.001675034536747555,0.0016736332310033522
2019-02-27,125.16999816894531,125.2300033569336,124.4000015258789,124.69000244140625,-0.0070871108191714605,-0.00711234367844341
2019-02-28,124.70999908447266,124.70999908447266,123.9800033569336,123.98999786376953,-0.005613959130088775,-0.005629776625606553
2019-03-01,123.4800033569336,123.95999908447266,121.87000274658203,121.87999725341797,-0.017017506627186707,-0.017163968380321165
2019-03-04,121.55999755859375,121.8499984741211,121.18000030517578,121.55999755859375,-0.0026255308667169075,-0.0026289836177433583
2019-03-05,121.37999725341797,121.7300033569336,121.02999877929688,121.72000122070312,0.0013162525939691694,0.0013153870929190252
2019-03-06,121.43000030517578,121.63999938964844,121.26000213623047,121.61000061035156,-0.0009037184460104486,-0.0009041270457165541
2019-03-07,121.2699966430664,121.70999908447266,121.18000030517578,121.51000213623047,-0.0008222882461903502,-0.0008226265106168819
2019-03-08,122.69999694824219,122.88999938964844,122.37000274658203,122.83999633789062,0.010945553273622899,0.010886084259377201
2019-03-11,122.5199966430664,122.54000091552734,121.91999816894531,122.23999786376953,-0.004884390198699684,-0.004896357818091546
2019-03-12,122.54000091552734,123.02999877929688,122.4000015258789,122.9800033569336,0.006053709964792153,0.006035459879402026
2019-03-13,123.55999755859375,123.87999725341797,123.43000030517578,123.83999633789062,0.006992949727453013,0.006968612448215201
2019-03-14,122.33000183105469,122.55000305175781,122.12000274658203,122.41000366210938,-0.011547098821608426,-0.011614284265949192
2019-03-15,123.05999755859375,123.4000015258789,122.91000366210938,122.97000122070312,0.004574769560006908,0.00456433710702197
2019-03-18,123.30000305175781,123.4000015258789,122.88999938964844,123.04000091552734,0.0005692420438265788,0.0005690800870331783
2019-03-19,123.72000122070312,123.79000091552734,123.33999633789062,123.37999725341797,0.002763299214570525,0.0027594883221057557
2019-03-20,123.66000366210938,124.41999816894531,122.6500015258789,124.18000030517578,0.006484057947534483,0.006463126873942885
2019-03-21,124.36000061035156,124.37000274658203,123.11000061035156,123.68000030517578,-0.004026413261163153,-0.004034541087699915
2019-03-22,123.93000030517578,124.22000122070312,123.7300033569336,123.97000122070312,0.002344768069306058,0.0023420233902432335
2019-03-25,124.55999755859375,125.11000061035156,124.4800033569336,124.91999816894531,0.007663119616744263,0.007633907060241407
2019-03-26,124.4800033569336,124.51000213623047,124.06999969482422,124.30000305175781,-0.004963137418149799,-0.0049754946888428755
2019-03-27,124.3499984741211,124.37999725341797,123.55999755859375,123.6500015258789,-0.005229296137734152,-0.005243016760484571
2019-03-28,122.27999877929688,122.36000061035156,121.70999908447266,121.9000015258789,-0.014152850613865509,-0.014253957303041619
2019-03-29,122.63999938964844,122.75,122.01000213623047,122.01000213623047,0.0009023839948698598,0.0009019770912032663
2019-04-01,122.4000015258789,122.43000030517578,121.45999908447266,121.52999877929688,-0.003934131206699276,-0.003941890257643701
2019-04-02,121.72000122070312,122.01000213623047,121.68000030517578,121.9800033569336,0.0037028271386223555,0.003695988550420936
2019-04-03,121.7300033569336,122.01000213623047,121.68000030517578,121.80000305175781,-0.0014756542074283452,-0.0014767440573913667
2019-04-04,121.0999984741211,122.23999786376953,120.95999908447266,122.11000061035156,0.00254513588527594,0.0025419025120261784
2019-04-05,121.87999725341797,122.12999725341797,121.66000366210938,121.9800033569336,-0.0010645913747292512,-0.001065158454634802
2019-04-08,122.97000122070312,123.0199966430664,122.4000015258789,122.51000213623047,0.004344964459018774,0.004335552354601057
2019-04-09,123.26000213623047,123.3499984741211,123.02999877929688,123.1500015258789,0.0052240582686200465,0.005210460213684454
2019-04-10,123.22000122070312,123.7699966430664,123.19000244140625,123.52999877929688,0.003085645543724258,0.0030808947099307334
2019-04-11,122.54000091552734,122.75,121.79000091552734,121.94999694824219,-0.012790430232882732,-0.012872932029622242
2019-04-12,121.95999908447266,122.30999755859375,121.80000305175781,121.83000183105469,-0.0009839698252590567,-0.0009844542413608548
2019-04-15,121.19999694824219,121.81999969482422,121.0999984741211,121.5999984741211,-0.0018879040751599296,-0.0018896884121835308
2019-04-16,120.37999725341797,120.62999725341797,120.19000244140625,120.51000213623047,-0.008963785785923273,-0.009004202217837268
2019-04-17,120.45999908447266,120.51000213623047,120.19999694824219,120.27999877929688,-0.0019085831288392363,-0.0019104067944000637
2019-04-18,120.23999786376953,120.54000091552734,120.1500015258789,120.37000274658203,0.0007482870651696061,0.0007480072379889946
2019-04-22,120.45999908447266,120.5,120.2699966430664,120.37000274658203,0.0,0.0
2019-04-23,119.66999816894531,120.19999694824219,119.55000305175781,120.12000274658203,-0.002076929420084306,-0.0020790892290242957
2019-04-24,120.05999755859375,120.72000122070312,120.04000091552734,120.47000122070312,0.0029137401441747812,0.002909503431152912
2019-04-25,120.72000122070312,121.0999984741211,120.5,120.56999969482422,0.0008300695036758121,0.0008297251865102907
2019-04-26,121.26000213623047,121.66999816894531,121.22000122070312,121.37000274658203,0.006635175033447016,0.006613259149985578
2019-04-29,120.87999725341797,120.91000366210938,120.66999816894531,120.83000183105469,-0.004449212353194509,-0.004459139554905491
2019-04-30,120.88999938964844,121.36000061035156,120.8499984741211,121.19999694824219,0.0030621129817147708,0.003057434262503009
2019-05-01,121.02999877929688,121.55000305175781,120.18000030517578,120.4000015258789,-0.0066006224629272525,-0.0066225029075604345
2019-05-02,119.69000244140625,120.11000061035156,119.54000091552734,119.94000244140625,-0.0038205903541769226,-0.003827907452540267
2019-05-03,120.55999755859375,121.08000183105469,120.4800033569336,120.6500015258789,0.005919618726200282,0.005902166622599615
2019-05-06,120.61000061035156,121.12000274658203,120.54000091552734,120.80999755859375,0.001326117121353887,0.0013252386046357174
2019-05-07,121.0199966430664,121.41999816894531,120.91000366210938,121.20999908447266,0.003310996887363693,0.0033055276063594123
2019-05-08,121.54000091552734,121.54000091552734,120.7699966430664,120.91000366210938,-0.0024750055657883907,-0.002478073455137969
2019-05-09,120.95999908447266,121.62000274658203,120.86000061035156,121.19999694824219,0.002398422606480155,0.002395550981643927
2019-05-10,121.41000366210938,121.7300033569336,121.30000305175781,121.43000030517578,0.001897717514232511,0.0018959191232165698
2019-05-13,122.62999725341797,122.8499984741211,122.33000183105469,122.66999816894531,0.010211626950944463,0.010159840539079522
2019-05-14,122.5999984741211,122.66000366210938,122.12000274658203,122.45999908447266,-0.001711902564663248,-0.0017133695443152437
2019-05-15,122.70999908447266,122.7699966430664,122.22000122070312,122.38999938964844,-0.0005716127335255727,-0.0005717761663673002
2019-05-16,122.02999877929688,122.06999969482422,121.19000244140625,121.51000213623047,-0.007190107507202059,-0.007216080906090217
2019-05-17,121.02999877929688,121.05999755859375,120.33000183105469,120.6500015258789,-0.007077611679961793,-0.007102776783024275
2019-05-20,120.51000213623047,120.73999786376953,120.41999816894531,120.63999938964844,-8.290208125960596e-05,-8.290551782707826e-05
2019-05-21,120.08000183105469,120.36000061035156,119.83000183105469,120.36000061035156,-0.002320944800343727,-0.0023236423674714048
2019-05-22,120.3499984741211,120.5,120.19000244140625,120.23999786376953,-0.0009970317877491253,-0.0009975291545631813
2019-05-23,120.81999969482422,121.5199966430664,120.7699966430664,121.16999816894531,0.007734533613593886,0.007704775453647589
2019-05-24,121.12999725341797,121.30999755859375,120.88999938964844,121.30000305175781,0.0010729131367257505,0.0010723379767872785
2019-05-28,120.80000305175781,120.83999633789062,120.45999908447266,120.83000183105469,-0.0038747008151563955,-0.0038822269155751525
2019-05-29,121.11000061035156,121.26000213623047,120.75,120.87000274658203,0.00033105118696652447,0.0003309964016131658
2019-05-30,120.95999908447266,121.69000244140625,120.80000305175781,121.69000244140625,0.0067841455794739325,0.006761236816409685
2019-05-31,122.55000305175781,123.4000015258789,122.31999969482422,123.33000183105469,0.013476862164072179,0.013386857013473643
2019-06-03,124.08999633789062,125.33999633789062,123.9000015258789,125.11000061035156,0.014432812396575123,0.014329650783140814
2019-06-04,124.87999725341797,125.41999816894531,124.61000061035156,125.1500015258789,0.0003197259638094696,0.00031967486235552026
2019-06-05,126.18000030517578,126.37000274658203,125.23999786376953,125.47000122070312,0.00255692921232642,0.002553665830468566
2019-06-06,125.93000030517578,126.44999694824219,125.80000305175781,125.87999725341797,0.003267681746441209,0.0032623544765036684
2019-06-07,126.79000091552734,127.25,126.31999969482422,126.58999633789062,0.0056402851919619135,0.005624438342681366
2019-06-10,125.45999908447266,125.52999877929688,125.06999969482422,125.33000183105469,-0.00995334973762696,-0.010003215486538885
2019-06-11,124.94000244140625,125.4000015258789,124.87999725341797,125.18000030517578,-0.0011968524989021123,-0.0011975692988471266
2019-06-12,125.5999984741211,126.19999694824219,125.55999755859375,125.83000183105469,0.00519253494403471,0.005179100221238763
2019-06-13,126.02999877929688,126.7699966430664,125.95999908447266,126.5999984741211,0.006119340633088832,0.0061006935016299476
2019-06-14,127.20999908447266,127.62999725341797,126.26000213623047,126.55999755859375,-0.00031596300165459557,-0.0003160129284807664
2019-06-17,126.69999694824219,126.7699966430664,126.16999816894531,126.4800033569336,-0.0006320654488249922,-0.0006322652864021801
2019-06-18,127.58000183105469,127.75,126.38999938964844,127.12000274658203,0.005060083591572395,0.005047324392238259
2019-06-19,126.7699966430664,127.98999786376953,126.69999694824219,127.88999938964844,0.006057242183997058,0.006038970838080658
2019-06-20,130.41000366210938,131.49000549316406,130.19000244140625,131.11000061035156,0.025177896911959374,0.024866155493817887
2019-06-21,131.77000427246094,132.1699981689453,131.07000732421875,131.97999572753906,0.006635612181659978,0.00661369341666817
2019-06-24,132.77000427246094,134.0399932861328,132.5800018310547,133.94000244140625,0.014850786310930397,0.014741593126273352
2019-06-25,134.89999389648438,135.5500030517578,133.2100067138672,134.1999969482422,0.0019411266395166216,0.0019392450876947497
2019-06-26,132.99000549316406,133.5500030517578,132.41000366210938,132.97000122070312,-0.009165393111099984,-0.009207653748305768
2019-06-27,132.3800048828125,132.97000122070312,132.25999450683594,132.83999633789062,-0.000977700846950591,-0.0009781791081800058
2019-06-28,133.0500030517578,133.33999633789062,132.61000061035156,133.1999969482422,0.0027100317696175935,0.0027063662544696662
2019-07-01,131.55999755859375,131.75999450683594,130.5500030517578,130.6199951171875,-0.019369383559800002,-0.019559428102497136
2019-07-02,131.27000427246094,133.6300048828125,131.16000366210938,133.41000366210938,0.021359735486276676,0.02113481354805423
2019-07-03,133.61000061035156,134.10000610351562,133.22999572753906,133.6300048828125,0.001649060899963084,0.0016477026920105947
2019-07-05,131.4600067138672,132.32000732421875,130.80999755859375,132.13999938964844,-0.011150231525253074,-0.011212861349998495
2019-07-08,132.17999267578125,132.33999633789062,131.27999877929688,131.2899932861328,-0.006432617734537516,-0.006453396174434407
2019-07-09,131.42999267578125,132.10000610351562,131.16000366210938,131.75,0.0035037454291328984,0.0034976216131429347
2019-07-10,132.94000244140625,133.8699951171875,132.35000610351562,133.8300018310547,0.015787490178783115,0.015664164068756106
2019-07-11,133.5800018310547,133.6999969482422,132.41000366210938,132.6999969482422,-0.008443584154164463,-0.008479433149487648
2019-07-12,132.88999938964844,133.69000244140625,132.52999877929688,133.52999877929688,0.006254723814186791,0.006235244213343071
2019-07-15,133.17999267578125,133.52999877929688,132.80999755859375,133.52999877929688,0.0,0.0
2019-07-16,133.17999267578125,133.3000030517578,132.1300048828125,132.39999389648438,-0.008462554430785363,-0.008498565150237166
2019-07-17,133.0,134.60000610351562,132.88999938964844,134.5800018310547,0.01646531748539748,0.01633123396202252
2019-07-18,133.8300018310547,136.6300048828125,133.61000061035156,136.47999572753906,0.014117951186161548,0.01401922107283276
2019-07-19,135.4499969482422,136.02999877929688,133.97000122070312,134.47000122070312,-0.014727392803034478,-0.01483691752503857
2019-07-22,134.55999755859375,134.82000732421875,134.32000732421875,134.4499969482422,-0.00014876383044060137,-0.0001487748968767623
2019-07-23,134.42999267578125,134.9499969482422,133.55999755859375,133.69000244140625,-0.005652618252780628,-0.005668654760058427
2019-07-24,134.58999633789062,134.83999633789062,133.97999572753906,134.3699951171875,0.005086339018351538,0.005073447292028362
2019-07-25,134.24000549316406,134.27999877929688,133.08999633789062,133.4199981689453,-0.007070008058076338,-0.007095118991376651
2019-07-26,134.24000549316406,134.2899932861328,133.58999633789062,133.63999938964844,0.001648937368628589,0.00164757936404381
2019-07-29,134.05999755859375,134.72999572753906,133.44000244140625,134.52999877929688,0.006659678193005059,0.006637600502192369
2019-07-30,134.75999450683594,135.17999267578125,134.41000366210938,134.97999572753906,0.003344956160896251,0.0033393742390960437
2019-07-31,135.02999877929688,135.4199981689453,133.02000427246094,133.2100067138672,-0.013112972808538625,-0.013199706898717264
2019-08-01,132.4199981689453,136.42999267578125,132.30999755859375,136.41000366210938,0.02402219643390402,0.0237382025873749
2019-08-02,135.38999938964844,136.60000610351562,135.3699951171875,135.88999938964844,-0.0038120684590625675,-0.003819352910475418
2019-08-05,137.92999267578125,138.63999938964844,137.0500030517578,137.7899932861328,0.013981852270352535,0.013885007839557597
2019-08-06,138.3300018310547,139.02999877929688,138.00999450683594,138.91000366210938,0.008128386897085838,0.008095529492025941
2019-08-07,141.27999877929688,142.47000122070312,140.8800048828125,141.02000427246094,0.015189695160357397,0.01507548681526026
2019-08-08,140.89999389648438,142.3699951171875,140.7100067138672,141.72999572753906,0.005034686098196239,0.005022054446004403
2019-08-09,141.27999877929688,142.02999877929688,140.9600067138672,141.25999450683594,-0.0033161732510501585,-0.003321683939870917
2019-08-12,141.6699981689453,143.3800048828125,141.63999938964844,142.6300048828125,0.009698502260031328,0.009651773675578623
2019-08-13,143.1699981689453,143.2899932861328,139.35000610351562,141.77999877929688,-0.005959518154781018,-0.005977346952418699
2019-08-14,142.89999389648438,143.75,142.0500030517578,142.75,0.0068415942238304606,0.00681829671908825
2019-08-15,142.9600067138672,144.02000427246094,142.61000061035156,143.6999969482422,0.0066549698650941735,0.006632923311853109
2019-08-16,142.75,143.1300048828125,141.8000030517578,142.77999877929688,-0.006402214255277094,-0.00642279632319684
2019-08-19,141.3300018310547,141.7899932861328,140.85000610351562,141.11000061035156,-0.011696303286335752,-0.011765243129746363
2019-08-20,141.77000427246094,142.25999450683594,141.60000610351562,142.2100067138672,0.007795380191040424,0.007765153200510364
2019-08-21,141.6199951171875,142.1699981689453,141.4600067138672,141.75999450683594,-0.003164420123660472,-0.0031694374885161206
2019-08-22,141.38999938964844,141.89999389648438,141.1699981689453,141.39999389648438,-0.0025395077899371676,-0.002542737809443374
2019-08-23,141.83999633789062,144.3300018310547,141.63999938964844,144.1699981689453,0.019589847185487175,0.0194004358255685
2019-08-26,144.35000610351562,144.97000122070312,143.91000366210938,144.19000244140625,0.00013875475282665306,0.00013874512727632068
2019-08-27,144.3000030517578,145.67999267578125,144.27000427246094,145.57000732421875,0.00957073902105865,0.009525229640210546
2019-08-28,145.38999938964844,145.67999267578125,144.63999938964844,145.16000366210938,-0.002816539407023644,-0.002820513317677276
2019-08-29,145.39999389648438,145.49000549316406,143.27999877929688,144.1199951171875,-0.007164566813753437,-0.007190355573252848
2019-08-30,143.83999633789062,144.8800048828125,143.02000427246094,143.75,-0.0025672712303844714,-0.0025705723222454796
2019-09-03,144.9600067138672,146.1300048828125,144.74000549316406,145.75,0.013913043478260834,0.013817145553141903
2019-09-04,145.5399932861328,146.82000732421875,145.5,146.66000366210938,0.006243592878966586,0.006224182405113975
2019-09-05,144.97999572753906,145.00999450683594,142.0,143.13999938964844,-0.024001119491110168,-0.02429383958928248
2019-09-06,143.63999938964844,144.05999755859375,141.86000061035156,141.9199981689453,-0.008523132778435305,-0.008559662387184017
2019-09-09,142.3699951171875,142.4600067138672,141.17999267578125,141.38999938964844,-0.0037344897557421985,-0.0037414803722944866
2019-09-10,141.22999572753906,141.52999877929688,140.16000366210938,140.17999267578125,-0.008557937047107611,-0.008594766463448816
2019-09-11,140.33999633789062,141.25999450683594,140.27999877929688,141.02999877929688,0.006063676329913781,0.0060453662250154515
2019-09-12,142.67999267578125,143.10000610351562,141.11000061035156,141.32000732421875,0.002056360685188219,0.0020542492696135994
2019-09-13,141.72999572753906,141.99000549316406,140.05999755859375,140.14999389648438,-0.008279177519783909,-0.008313640257218174
2019-09-16,141.60000610351562,142.0500030517578,141.02000427246094,141.32000732421875,0.008348294532203537,0.008313640257218249
2019-09-17,141.82000732421875,142.11000061035156,141.22000122070312,141.60000610351562,0.0019813102518067005,0.001979350045407386
2019-09-18,141.92999267578125,142.52999877929688,139.80999755859375,140.7100067138672,-0.006285306153149484,-0.006305141849164153
2019-09-19,141.57000732421875,141.74000549316406,141.08999633789062,141.27999877929688,0.004050828215713009,0.004042645700960864
2019-09-20,141.61000061035156,143.02999877929688,141.4600067138672,142.9499969482422,0.011820485442912032,0.011751169204553406
2019-09-23,143.22000122070312,143.94000244140625,143.07000732421875,143.75,0.005596383832365381,0.005580782257567522
2019-09-24,143.2100067138672,144.77000427246094,142.8800048828125,144.50999450683594,0.005286918308423871,0.00527299162043293
2019-09-25,144.0800018310547,144.2899932861328,141.44000244140625,141.8300018310547,-0.018545379403875573,-0.018719501081169466
2019-09-26,142.19000244140625,142.57000732421875,141.55999755859375,141.7899932861328,-0.0002820880237280887,-0.0002821278180384957
2019-09-27,140.35000610351562,141.67999267578125,140.16000366210938,141.05999755859375,-0.005148429100112373,-0.005161727926224835
2019-09-30,139.77000427246094,140.2100067138672,138.02999877929688,138.8699951171875,-0.015525325955691782,-0.015647105922203676
2019-10-01,138.07000732421875,140.19000244140625,137.8000030517578,139.6300048828125,0.005472814807717441,0.005457893373498284
2019-10-02,140.7899932861328,141.8800048828125,140.4600067138672,141.25999450683594,0.011673634369571584,0.011606023170116823
2019-10-03,141.36000061035156,143.25,141.2899932861328,141.89999389648438,0.004530648552570016,0.004520416059329575
2019-10-04,141.47999572753906,142.30999755859375,141.13999938964844,141.89999389648438,0.0,0.0
2019-10-07,141.16000366210938,141.77000427246094,140.24000549316406,140.69000244140625,-0.008527071931805796,-0.00856363541098911
2019-10-08,142.02999877929688,142.2899932861328,141.1699981689453,141.9199981689453,0.00874259511120079,0.00870459991703739
2019-10-09,142.16000366210938,142.5800018310547,141.6199951171875,142.0500030517578,0.0009160434363713055,0.0009156241246349503
2019-10-10,141.58999633789062,141.66000366210938,140.5800018310547,140.80999755859375,-0.008729359144837523,-0.008767683192965708
2019-10-11,139.97000122070312,140.19000244140625,138.91000366210938,140.02999877929688,-0.005539370732339566,-0.005554769940672898
2019-10-14,140.4499969482422,140.82000732421875,140.33999633789062,140.58999633789062,0.003999125640758994,0.003991150393420187
2019-10-15,140.27000427246094,140.3000030517578,139.2100067138672,139.61000061035156,-0.006970593591764218,-0.0069950016712766044
2019-10-16,140.13999938964844,140.52999877929688,139.6999969482422,140.41000366210938,0.0057302703836425994,0.005713914835703777
2019-10-17,140.5,141.1199951171875,140.4199981689453,140.61000061035156,0.0014243781997433924,0.0014233647353723328
2019-10-18,140.5,140.7100067138672,140.32000732421875,140.4600067138672,-0.0010667370445437419,-0.001067306413452129
2019-10-21,140.72000122070312,140.75999450683594,139.60000610351562,139.7899932861328,-0.004770136663166058,-0.004781550075213642
2019-10-22,140.1300048828125,140.3000030517578,139.72000122070312,140.1999969482422,0.002932997222985456,0.0029287043785159624
2019-10-23,140.58999633789062,141.0,140.5,140.52999877929688,0.0023537934253772264,0.002351027592914482
2019-10-24,141.02000427246094,141.74000549316406,140.92999267578125,141.52999877929688,0.007115918371069618,0.007090719694468963
2019-10-25,142.7899932861328,142.8300018310547,141.39999389648438,141.86000061035156,0.0023316740895991117,0.0023289599557340403
2019-10-28,141.25,141.25,140.39999389648438,140.63999938964844,-0.008600036764796815,-0.008637230479381003
2019-10-29,140.0,140.6300048828125,139.77999877929688,140.25,-0.0027730332148816483,-0.002776885194246242
2019-10-30,140.5399932861328,141.0399932861328,139.5500030517578,141.02000427246094,0.005490226541611021,0.005475210184932403
2019-10-31,141.97999572753906,142.69000244140625,141.88999938964844,142.42999267578125,0.009998499224238566,0.009948844935468628
2019-11-01,142.2100067138672,142.89999389648438,142.00999450683594,142.55999755859375,0.000912763389017579,0.0009123470738276627
2019-11-04,142.25999450683594,142.4499969482422,141.74000549316406,142.14999389648438,-0.002876007780098777,-0.0028801514371747305
2019-11-05,140.64999389648438,140.88999938964844,139.3800048828125,139.85000610351562,-0.016180006273117664,-0.016312331868591004
2019-11-06,140.1199951171875,140.7899932861328,140.0,140.4499969482422,0.004290245395359271,0.004281068530555171
2019-11-07,140.11000061035156,140.1999969482422,137.60000610351562,138.27000427246094,-0.015521486102876958,-0.015643205521891117
2019-11-08,137.72999572753906,138.3300018310547,137.38999938964844,137.38999938964844,-0.006364394703267995,-0.0063847338065501705
2019-11-11,137.61000061035156,137.7899932861328,136.44000244140625,137.05999755859375,-0.002401934875323586,-0.0024048241483873045
2019-11-12,137.02999877929688,137.58999633789062,136.19000244140625,137.42999267578125,0.0026995120660886496,0.002695874927586959
2019-11-13,137.8000030517578,138.22000122070312,137.63999938964844,137.97999572753906,0.004002059820052306,0.003994072881030811
2019-11-14,138.38999938964844,138.94000244140625,137.8699951171875,138.55999755859375,0.004203521155341949,0.004194711040663475
2019-11-15,138.02999877929688,138.4199981689453,137.97000122070312,138.2100067138672,-0.0025259154943226836,-0.0025291110010524226
2019-11-18,138.44000244140625,138.85000610351562,138.3000030517578,138.6199951171875,0.0029664162029099383,0.002962025072169786
2019-11-19,138.1300048828125,138.97000122070312,138.1300048828125,138.69000244140625,0.0005050304911609071,0.0005049030061831341
2019-11-20,138.52999877929688,139.0,138.10000610351562,138.75999450683594,0.0005046655432805469,0.0005045382424530197
2019-11-21,138.38999938964844,138.55999755859375,137.77000427246094,138.0,-0.005477043362080103,-0.005492097356825017
2019-11-22,138.3699951171875,138.4600067138672,137.66000366210938,137.74000549316406,-0.0018840181654777854,-0.0018857951599790925
2019-11-25,137.32000732421875,137.6199951171875,136.99000549316406,137.0800018310547,-0.004791662812458131,-0.004803179633254922
2019-11-26,136.97999572753906,137.8000030517578,136.5800018310547,137.74000549316406,0.004814733391401704,0.004803179633255016
2019-11-27,137.02999877929688,137.2100067138672,136.8300018310547,137.00999450683594,-0.005299919828770094,-0.005314014225370608
2019-11-29,137.10000610351562,138.1300048828125,137.0800018310547,137.86000061035156,0.006203971517371398,0.006184806112979683
2019-12-02,137.32000732421875,138.08999633789062,137.3000030517578,137.7899932861328,-0.0005078146228696401,-0.0005079436043828876
2019-12-03,139.0399932861328,139.57000732421875,138.97000122070312,139.11000061035156,0.00957984896245434,0.009534253178573626
2019-12-04,139.16000366210938,139.1699981689453,138.58999633789062,138.9199981689453,-0.0013658431498282386,-0.0013667767637935283
2019-12-05,138.8000030517578,139.4499969482422,138.7899932861328,139.0,0.0005758841931267078,0.0005757184354598549
2019-12-06,137.75999450683594,137.8300018310547,137.39999389648438,137.6199951171875,-0.009928092682104261,-0.009977704836757457
2019-12-09,137.8000030517578,137.80999755859375,137.4499969482422,137.5800018310547,-0.00029060665275248976,-0.0002906488870483782
2019-12-10,138.25,138.3300018310547,137.74000549316406,137.97000122070312,0.0028347098739491816,0.002830699660654389
2019-12-11,138.1999969482422,139.3000030517578,138.1199951171875,138.9199981689453,0.00688553265084435,0.006861935627691577
2019-12-12,139.77999877929688,139.85000610351562,137.8800048828125,138.42999267578125,-0.003527249493396556,-0.0035334849047766476
2019-12-13,138.52000427246094,139.2100067138672,137.97999572753906,139.0500030517578,0.004478873140076667,0.004468872836715887
2019-12-16,139.1999969482422,139.38999938964844,138.8000030517578,139.0399932861328,-7.198680622300113e-05,-7.198939739749056e-05
2019-12-17,139.02000427246094,139.3000030517578,138.85000610351562,139.00999450683594,-0.00021575647831872935,-0.00021577975709612248
2019-12-18,138.86000061035156,139.25,138.80999755859375,139.02000427246094,7.200752478642158e-05,7.200493236905694e-05
2019-12-19,139.0399932861328,139.5500030517578,138.8699951171875,139.3800048828125,0.002589559770448613,0.0025862126377012157
2019-12-20,139.3699951171875,139.52000427246094,138.97999572753906,139.52000427246094,0.0010044438566789715,0.0010039397404910592
2019-12-23,139.52999877929688,139.9600067138672,139.52999877929688,139.9499969482422,0.003081942822633188,0.003077203372165587
2019-12-24,140.44000244140625,141.3300018310547,140.42999267578125,141.27000427246094,0.009431992518777577,0.009387789011397068
2019-12-26,142.05999755859375,142.47000122070312,141.91000366210938,142.3800048828125,0.007857298625196796,0.00782659080315549
2019-12-27,142.25999450683594,142.72999572753906,142.1699981689453,142.3300018310547,-0.0003511943393945671,-0.0003512560225688557
2019-12-30,142.55999755859375,142.8000030517578,142.4600067138672,142.6300048828125,0.0021077991140190377,0.0021055808220621446
2019-12-31,143.30999755859375,143.60000610351562,142.8000030517578,142.89999389648438,0.0018929327941459295,0.001891143454574884
2020-01-02,143.86000061035156,144.2100067138672,143.39999389648438,143.9499969482422,0.0073478173310379535,0.007320953634035891
2020-01-03,145.75,146.32000732421875,145.39999389648438,145.86000061035156,0.013268521727000326,0.013181265882528811
2020-01-06,148.44000244140625,148.47999572753906,146.9499969482422,147.38999938964844,0.010489502076611812,0.010434868967011986
2020-01-07,147.57000732421875,148.13999938964844,147.42999267578125,147.97000122070312,0.003935150508558971,0.003927428056507489
2020-01-08,148.49000549316406,148.61000061035156,146.13999938964844,146.86000061035156,-0.007501524641443713,-0.007529802584635164
2020-01-09,146.07000732421875,146.41000366210938,145.44000244140625,146.02999877929688,-0.005651653463197515,-0.0056676844863565315
2020-01-10,146.22000122070312,146.99000549316406,146.1699981689453,146.91000366210938,0.006026192495848015,0.006008107616788398
2020-01-13,146.35000610351562,146.3800048828125,145.77999877929688,145.82000732421875,-0.007419483430124996,-0.007447144703816297
2020-01-14,145.4199981689453,145.80999755859375,145.0800018310547,145.69000244140625,-0.0008915435213457945,-0.0008919411826434922
2020-01-15,146.2100067138672,146.72999572753906,145.82000732421875,146.5399932861328,0.005834242779070742,0.005817289492435278
2020-01-16,146.27000427246094,146.47000122070312,145.75999450683594,146.30999755859375,-0.0015695082440052577,-0.0015707412123407796
2020-01-17,146.50999450683594,146.99000549316406,146.30999755859375,146.5800018310547,0.0018454259925253513,0.0018437252860089575
2020-01-21,145.77000427246094,146.86000061035156,145.5500030517578,146.74000549316406,0.0010915790702048511,0.0010909837309721073
2020-01-22,146.67999267578125,146.80999755859375,146.3800048828125,146.7899932861328,0.0003406555206315609,0.0003405975107135845
2020-01-23,147.0,147.6199951171875,146.6199951171875,147.1199951171875,0.002248122121045526,0.002245598875511729
2020-01-24,146.89999389648438,148.3800048828125,146.88999938964844,147.97999572753906,0.005845572586286041,0.0058285535187767275
2020-01-27,149.24000549316406,149.32000732421875,148.4600067138672,148.99000549316406,0.006825312844883635,0.006802125843070944
2020-01-28,148.36000061035156,148.55999755859375,147.52999877929688,147.66000366210938,-0.008926785569624784,-0.00896686803661793
2020-01-29,147.6999969482422,148.55999755859375,147.61000061035156,148.4600067138672,0.005417872354848807,0.005403248480831511
2020-01-30,148.69000244140625,149.30999755859375,148.00999450683594,148.47000122070312,6.732120695107646e-05,6.731894098032181e-05
2020-01-31,148.8800048828125,149.67999267578125,148.80999755859375,149.3300018310547,0.005792420039608892,0.005775708477189364
2020-02-03,148.66000366210938,148.77999877929688,147.67999267578125,148.36000061035156,-0.006495688802043542,-0.006516877595597702
2020-02-04,146.97000122070312,147.02999877929688,145.8000030517578,146.42999267578125,-0.01300895070524588,-0.013094308186782415
2020-02-05,146.3800048828125,146.80999755859375,146.16000366210938,146.61000061035156,0.0012293105482077404,0.0012285555646719122
2020-02-06,147.27999877929688,147.6300048828125,147.0,147.39999389648438,0.005388399719282511,0.005373934234125879
2020-02-07,147.8300018310547,148.17999267578125,147.33999633789062,147.7899932861328,0.002645857569860688,0.002642363450658169
2020-02-10,148.2100067138672,148.4499969482422,147.91000366210938,148.1699981689453,0.0025712490701368385,0.0025679490647931946
2020-02-11,148.02999877929688,148.16000366210938,147.00999450683594,147.66000366210938,-0.0034419552752806837,-0.0034478924308700464
2020-02-12,147.4199981689453,147.80999755859375,147.16000366210938,147.5399932861328,-0.0008127480224853212,-0.000813078481224605
2020-02-13,148.24000549316406,148.5800018310547,147.9499969482422,148.3800048828125,0.00569345014846645,0.005677303718111386
2020-02-14,148.74000549316406,149.1300048828125,148.6300048828125,149.0,0.004178427664004669,0.0041697222765956264
2020-02-18,149.8800048828125,151.08999633789062,149.47000122070312,150.91000366210938,0.012818816524224008,0.012737350951843347
2020-02-19,151.0,151.82000732421875,150.82000732421875,151.7899932861328,0.005831221275388376,0.005814285510176441
2020-02-20,152.0,152.8300018310547,151.9499969482422,152.41000366210938,0.004084659090851872,0.0040763395182913265
2020-02-21,154.42999267578125,155.22000122070312,154.17999267578125,154.6999969482422,0.015025216397275942,0.014913455926308593
2020-02-24,158.5,158.52999877929688,155.36000061035156,156.08999633789062,0.008985128746405113,0.008945002656717951
2020-02-25,155.1199951171875,156.0800018310547,152.91000366210938,153.3000030517578,-0.017874260693127697,-0.01803593472393269
2020-02-26,153.82000732421875,155.27999877929688,152.89999389648438,153.97000122070312,0.004370503298157802,0.004360980385151266
2020-02-27,155.5800018310547,156.27000427246094,153.89999389648438,154.0,0.00019483522153040944,0.00019481624361363943
2020-02-28,152.7100067138672,152.77000427246094,147.0500030517578,148.3800048828125,-0.03649347478693177,-0.03717601874476565
2020-03-02,150.0,150.72999572753906,149.0399932861328,149.1999969482422,0.005526297603759334,0.005511083646655957
2020-03-03,150.83999633789062,155.24000549316406,150.74000549316406,153.88999938964844,0.031434333360162325,0.030950390194086085
2020-03-04,154.39999389648438,154.9600067138672,153.6999969482422,154.16000366210938,0.0017545277375516921,0.001752990351755443
2020-03-05,156.05999755859375,157.6199951171875,155.72000122070312,157.49000549316406,0.021600945458936538,0.021370951204574475
2020-03-06,158.3300018310547,159.25,154.5399932861328,157.5500030517578,0.00038096105467699815,0.0003808885074389379
2020-03-09,158.60000610351562,159.3699951171875,156.3300018310547,157.80999755859375,0.0016502348575044845,0.0016488747161249012
2020-03-10,156.17999267578125,156.41000366210938,154.38999938964844,154.47999572753906,-0.02110133630677158,-0.02132715182628954
2020-03-11,156.25,156.5,153.61000061035156,153.92999267578125,-0.0035603512879937016,-0.0035667044227174947
2020-03-12,151.52999877929688,151.5500030517578,146.85000610351562,147.7899932861328,-0.0398882588306293,-0.04070560424243849
2020-03-13,149.4199981689453,149.60000610351562,141.5800018310547,143.27999877929688,-0.03051623730778741,-0.03099155256530076
2020-03-16,137.55999755859375,142.9600067138672,136.1199951171875,141.63999938964844,-0.011446115323986206,-0.011512126298224866
2020-03-17,140.17999267578125,146.1999969482422,139.92999267578125,143.55999755859375,0.0135554799295321,0.01346442633870517
2020-03-18,141.75,142.8800048828125,138.5,140.6999969482422,-0.019921988429849713,-0.02012310684271081
2020-03-19,139.0800018310547,140.5,137.85000610351562,138.0399932861328,-0.018905499074657994,-0.019086492837834465
2020-03-20,140.7100067138672,141.1699981689453,139.13999938964844,140.11000061035156,0.014995707221804766,0.014884383146683595
2020-03-23,142.67999267578125,146.92999267578125,142.27999877929688,146.3000030517578,0.044179590424960224,0.043231496146295734
2020-03-24,153.5,155.66000366210938,152.0500030517578,153.39999389648438,0.048530353360380474,0.047389520259250466
2020-03-25,152.5800018310547,152.8800048828125,151.00999450683594,151.3000030517578,-0.01368964099270864,-0.013784208180364264
2020-03-26,153.30999755859375,154.80999755859375,152.0800018310547,153.24000549316406,0.012822223412266576,0.012740714714697083
2020-03-27,153.0,153.5500030517578,152.0,152.25,-0.006460489804721581,-0.006481449089244015
2020-03-30,152.41000366210938,153.0800018310547,151.57000732421875,152.9199981689453,0.004400644787818209,0.004390990264267052
2020-03-31,151.36000061035156,151.8000030517578,147.97000122070312,148.0500030517578,-0.03184668568859872,-0.032364821693651916
2020-04-01,148.1999969482422,150.0800018310547,147.85000610351562,149.4499969482422,0.009456223354449733,0.009411793149400162
2020-04-02,151.1999969482422,152.5,150.6999969482422,151.89999389648438,0.0163934225377782,0.01626050111056189
2020-04-03,152.22999572753906,153.08999633789062,151.66000366210938,152.64999389648438,0.0049374590529023266,0.004925309776577716
2020-04-06,154.16000366210938,157.22000122070312,153.9600067138672,156.8800048828125,0.027710521817620126,0.02733353381543522
2020-04-07,155.3300018310547,156.13999938964844,154.3800048828125,156.0399932861328,-0.005354484768834378,-0.005368871400719198
2020-04-08,155.91000366210938,155.94000244140625,154.58999633789062,154.64999389648438,-0.008907968786563414,-0.008947881947437637
2020-04-09,158.0800018310547,159.0800018310547,157.2100067138672,158.69000244140625,0.026123560972308058,0.025788169295063085
2020-04-13,159.1699981689453,162.3800048828125,158.6300048828125,161.41000366210938,0.017140343933811808,0.01699510551392902
2020-04-14,162.72999572753906,164.4199981689453,161.77999877929688,162.67999267578125,0.007868093580683189,0.007837301543346824
2020-04-15,161.8000030517578,162.5399932861328,160.80999755859375,161.85000610351562,-0.005101958505246418,-0.005115017933585634
2020-04-16,161.8800048828125,163.14999389648438,160.64999389648438,161.7100067138672,-0.0008649946516461338,-0.0008653689753940822
2020-04-17,159.72000122070312,160.07000732421875,158.1199951171875,158.57000732421875,-0.019417471147623044,-0.019608466717140425
2020-04-20,158.6199951171875,160.22000122070312,158.4600067138672,159.6999969482422,0.007126124562213176,0.007100853720992193
2020-04-21,157.60000610351562,159.2100067138672,157.0399932861328,158.61000061035156,-0.006825274631933054,-0.006848673348053854
2020-04-22,160.5,161.74000549316406,160.4199981689453,161.72999572753906,0.019670860003665247,0.019479888950845802
2020-04-23,162.38999938964844,163.60000610351562,161.83999633789062,163.33999633789062,0.00995486708021609,0.009905643795524405
2020-04-24,163.1300048828125,163.30999755859375,160.88999938964844,162.63999938964844,-0.004285520778353313,-0.004294729942651925
2020-04-27,161.8800048828125,162.0,160.41000366210938,161.55999755859375,-0.006640444141094992,-0.00666258998355511
2020-04-28,160.88999938964844,160.97999572753906,159.16000366210938,160.83999633789062,-0.004456556273727319,-0.004466516323334757
2020-04-29,160.10000610351562,161.85000610351562,159.75999450683594,161.72999572753906,0.005533445721913166,0.005518192454017435
2020-04-30,160.22000122070312,160.82000732421875,158.1300048828125,158.8000030517578,-0.018116569301821484,-0.018282683683788697
2020-05-01,158.0,160.4499969482422,157.8000030517578,159.77999877929688,0.00617125761149806,0.0061522933833428935
2020-05-04,160.3300018310547,160.9499969482422,159.91000366210938,160.33999633789062,0.003504803873276119,0.003498676361159418
2020-05-05,160.16000366210938,161.10000610351562,159.3300018310547,161.02000427246094,0.004241037483481591,0.004232069630406605
2020-05-06,158.99000549316406,159.80999755859375,158.10000610351562,158.9499969482422,-0.012855591040204617,-0.012938939248234135
2020-05-07,159.5,161.9600067138672,159.36000061035156,161.38999938964844,0.015350754880484763,0.015234124108560072
2020-05-08,161.0800018310547,162.0,160.0,160.4199981689453,-0.006010293229887331,-0.006028427741239837
2020-05-11,160.33999633789062,160.7100067138672,158.88999938964844,159.4199981689453,-0.006233636774804485,-0.006253147010599243
2020-05-12,160.3000030517578,160.9499969482422,159.72000122070312,160.0399932861328,0.0038890673962401756,0.0038815245238018456
2020-05-13,160.94000244140625,161.6199951171875,160.5399932861328,161.5800018310547,0.00962264814750724,0.009576645345897673
2020-05-14,161.52999877929688,163.33999633789062,161.50999450683594,163.00999450683594,0.008850059782004704,0.008811127536123346
2020-05-15,164.02000427246094,164.8000030517578,163.0800018310547,163.92999267578125,0.0056438144895878395,0.005627947839551041
2020-05-18,164.3300018310547,164.5,162.41000366210938,162.69000244140625,-0.007564144999551381,-0.007592898231851983
2020-05-19,163.60000610351562,164.42999267578125,163.0399932861328,164.25999450683594,0.00965020617044443,0.009603940342589153
2020-05-20,164.5399932861328,164.9600067138672,163.88999938964844,164.64999389648438,0.0023742810342795018,0.0023714668825757603
2020-05-21,163.4600067138672,163.5800018310547,161.3699951171875,162.25,-0.0145763375976391,-0.014683616168536867
2020-05-22,162.8800048828125,163.47000122070312,162.74000549316406,163.2100067138672,0.005916836449104457,0.005899400714775776
2020-05-26,162.5800018310547,162.5800018310547,160.69000244140625,160.88999938964844,-0.014214859559966153,-0.014316858429627
2020-05-27,159.4199981689453,161.33999633789062,159.1999969482422,161.17999267578125,0.0018024320171106112,0.001800809585778032
2020-05-28,162.1199951171875,162.4600067138672,160.89999389648438,161.72000122070312,0.003350344766475555,0.0033447448656947374
2020-05-29,162.5800018310547,163.39999389648438,162.32000732421875,162.91000366210938,0.0073584122707384125,0.007331471236597383
2020-06-01,162.9199981689453,163.74000549316406,162.38999938964844,163.66000366210938,0.004603768848692402,0.004593203918142176
2020-06-02,163.88999938964844,164.0800018310547,161.86000061035156,162.60000610351562,-0.0064768271714218395,-0.006497892824854574
2020-06-03,160.33999633789062,160.89999389648438,158.82000732421875,159.60000610351562,-0.01845018380928054,-0.01862251139241922
2020-06-04,161.13999938964844,161.8699951171875,159.83999633789062,161.27999877929688,0.010526269495827023,0.010471254055873179
2020-06-05,158.72000122070312,158.72000122070312,157.0399932861328,158.00999450683594,-0.02027532426346157,-0.02048368991541374
2020-06-08,158.89999389648438,159.86000061035156,158.47000122070312,159.72000122070312,0.010822142733466267,0.010764002439043798
2020-06-09,161.10000610351562,161.77999877929688,160.8699951171875,161.25999450683594,0.00964183116931494,0.009595645355064148
2020-06-10,162.10000610351562,163.6300048828125,160.52000427246094,163.57000732421875,0.014324773012967418,0.014223142854853236
2020-06-11,163.35000610351562,164.05999755859375,161.97000122070312,162.38999938964844,-0.007214084989501601,-0.007240232329265166
2020-06-12,163.41000366210938,163.8800048828125,162.55999755859375,162.6199951171875,0.0014163170663434865,0.0014153150353447643
2020-06-15,160.52000427246094,162.55999755859375,160.16000366210938,162.3300018310547,-0.0017832572551969017,-0.0017848491512042477
2020-06-16,161.85000610351562,162.69000244140625,161.36000061035156,162.25,-0.0004928345355281749,-0.0004929560183834836
2020-06-17,162.0,162.6199951171875,161.77000427246094,162.55999755859375,0.0019106166939522051,0.0019087937874243815
2020-06-18,162.1999969482422,162.32000732421875,161.44000244140625,162.24000549316406,-0.001968455156468263,-0.0019703951105462295
2020-06-19,162.8699951171875,164.08999633789062,162.77999877929688,164.02999877929688,0.011032995719469696,0.010972576221366465
2020-06-22,165.05999755859375,165.72999572753906,164.41000366210938,165.08999633789062,0.006462217682632332,0.006441427074830093
2020-06-23,165.6300048828125,166.52000427246094,165.52000427246094,166.47999572753906,0.008419646377624934,0.008384398864595731
2020-06-24,166.00999450683594,166.99000549316406,165.4499969482422,165.89999389648438,-0.0034839130582626776,-0.0034899960158010397
2020-06-25,165.88999938964844,165.91000366210938,165.16000366210938,165.8000030517578,-0.0006027175913517757,-0.0006028992986150158
2020-06-26,164.8699951171875,166.55999755859375,164.22000122070312,166.5399932861328,0.004463149702982783,0.0044532193863769335
2020-06-29,166.55999755859375,166.8000030517578,166.17999267578125,166.6300048828125,0.0005404803669293301,0.0005403343600226875
2020-06-30,166.30999755859375,167.99000549316406,166.19000244140625,167.3699951171875,0.004440918278166173,0.004431086497931087
2020-07-01,167.0500030517578,167.05999755859375,165.33999633789062,166.6199951171875,-0.004481089931769877,-0.004491160110102202
2020-07-02,166.1999969482422,167.24000549316406,166.02000427246094,166.97999572753906,0.0021606086958432247,0.0021582779375089872
2020-07-06,167.75,168.0,167.19000244140625,167.97999572753906,0.005988741319838731,0.005970880083946397
2020-07-07,167.41000366210938,169.0399932861328,167.3800048828125,169.0399932861328,0.006310260659329048,0.0062904343270385864
2020-07-08,170.32000732421875,170.86000061035156,169.77999877929688,170.08999633789062,0.006211565862881185,0.006192353605402356
2020-07-09,170.47999572753906,170.63999938964844,168.77999877929688,169.6300048828125,-0.0027044004055614135,-0.002708063902871328
2020-07-10,169.9499969482422,170.14999389648438,168.57000732421875,169.19000244140625,-0.0025938951172596036,-0.0025972650920347735
2020-07-13,170.2899932861328,170.4199981689453,169.16000366210938,169.39999389648438,0.0012411575864292868,0.0012403879870823364
2020-07-14,168.97000122070312,170.1999969482422,168.80999755859375,170.19000244140625,0.004663568910189042,0.004652728164010819
2020-07-15,169.6199951171875,170.42999267578125,169.38999938964844,170.33999633789062,0.0008813320073604025,0.0008809438623464781
2020-07-16,169.8000030517578,170.0,168.64999389648438,168.72999572753906,-0.009451688651900159,-0.009496639325154646
2020-07-17,169.94000244140625,170.27000427246094,169.61000061035156,170.1199951171875,0.008238009985450212,0.008204262794308569
2020-07-20,170.75999450683594,171.07000732421875,170.27000427246094,170.94000244140625,0.004820170160796611,0.004808590336846309
2020-07-21,172.52999877929688,173.25,172.30999755859375,173.0,0.012050997596656066,0.011978962477666387
2020-07-22,174.0500030517578,175.77000427246094,173.75999450683594,175.6300048828125,0.015202340363078104,0.015087942737564556
2020-07-23,176.1699981689453,178.41000366210938,175.64999389648438,177.17999267578125,0.008825301770064575,0.008786586410813348
2020-07-24,179.13999938964844,179.16000366210938,178.1999969482422,178.6999969482422,0.008578870839228259,0.008542281441677423
2020-07-27,181.85000610351562,182.8300018310547,181.52999877929688,182.22999572753906,0.019753770786684832,0.019561196964697856
2020-07-28,182.02000427246094,184.25999450683594,181.4199981689453,183.75,0.00834113103275036,0.008306536040413818
2020-07-29,184.00999450683594,186.13999938964844,182.38999938964844,185.1300048828125,0.0075102306547618625,0.007482169283186
2020-07-30,183.44000244140625,184.3300018310547,182.1300048828125,183.75999450683594,-0.007400261112960993,-0.007427778888433271
2020-07-31,184.50999450683594,185.75,184.1699981689453,185.42999267578125,0.00908793109962347,0.00904688435302792
2020-08-03,185.0500030517578,185.82000732421875,184.1999969482422,185.63999938964844,0.0011325390830079218,0.0011318982444248418
2020-08-04,185.61000061035156,189.60000610351562,185.2100067138672,189.58999633789062,0.021277725496816835,0.021054515412853636
2020-08-05,191.64999389648438,193.1300048828125,190.6199951171875,191.35000610351562,0.009283241730161151,0.009240417270834574
2020-08-06,193.74000549316406,194.4499969482422,192.52000427246094,193.88999938964844,0.013274069532868138,0.013186741026147062
2020-08-07,192.7100067138672,192.9600067138672,189.3300018310547,190.80999755859375,-0.01588530528005727,-0.016012829047696152
2020-08-10,191.1999969482422,192.61000061035156,189.66000366210938,190.14999389648438,-0.003458957447482258,-0.0034649534714480275
2020-08-11,183.57000732421875,183.97999572753906,179.42999267578125,179.94000244140625,-0.05369440853432972,-0.0551897267189793
2020-08-12,182.61000061035156,183.10000610351562,179.0399932861328,179.10000610351562,-0.004668202325739945,-0.004679132411383586
2020-08-13,181.55999755859375,184.6999969482422,181.36000061035156,183.3300018310547,0.023618065792215592,0.023343474417206588
2020-08-14,183.44000244140625,183.72000122070312,181.49000549316406,182.5399932861328,-0.0043092158240957135,-0.004318527254207777
2020-08-17,184.69000244140625,187.00999450683594,184.66000366210938,186.5,0.02169391289315903,0.02146194877539166
2020-08-18,189.17999267578125,189.39999389648438,185.6300048828125,188.17999267578125,0.009008003623491856,0.008967673573403242
2020-08-19,187.2100067138672,187.4600067138672,181.7100067138672,182.24000549316406,-0.03156545548841261,-0.03207438281593019
2020-08-20,181.19000244140625,183.7100067138672,180.92999267578125,183.5,0.006913929262821528,0.006890137653281628
2020-08-21,182.13999938964844,182.80999755859375,180.47000122070312,182.02999877929688,-0.008010905834894388,-0.008043165542872153
2020-08-24,182.91000366210938,182.92999267578125,180.69000244140625,181.0,-0.005658401286623649,-0.005674470685927035
2020-08-25,181.05999755859375,181.25,179.72999572753906,181.22000122070312,0.0012154763574758753,0.0012147382641175607
2020-08-26,180.25999450683594,183.5800018310547,180.1999969482422,183.36000061035156,0.011808847672626355,0.011739667325137685
2020-08-27,185.0,185.1699981689453,179.3699951171875,181.24000549316406,-0.011561927956646234,-0.011629286747359606
2020-08-28,183.97999572753906,185.39999389648438,183.39999389648438,184.38999938964844,0.0173802350530341,0.01723092629924
2020-08-31,184.7899932861328,185.52999877929688,184.27999877929688,184.8300018310547,0.002386259791001155,0.00238341719432408
2020-09-01,186.99000549316406,186.99000549316406,184.3300018310547,185.0500030517578,0.0011902895553947967,0.001189581722410416
2020-09-02,183.75,183.86000061035156,181.5,182.6199951171875,-0.013131628719242117,-0.013218610873058246
2020-09-03,182.3000030517578,182.82000732421875,180.49000549316406,181.13999938964844,-0.00810423703378893,-0.008137254873336977
2020-09-04,180.9499969482422,182.10000610351562,180.0500030517578,181.63999938964844,0.0027602959130217375,0.0027564932922231992
2020-09-08,179.5,182.27000427246094,179.02000427246094,181.2899932861328,-0.0019269219593246456,-0.0019287808618004912
2020-09-09,182.5,183.22000122070312,182.19000244140625,183.0500030517578,0.00970825655471863,0.009661434230238847
2020-09-10,184.22999572753906,184.67999267578125,182.27999877929688,182.4600067138672,-0.0032231430104036063,-0.0032283485242562797
2020-09-11,183.13999938964844,183.5500030517578,182.00999450683594,182.4499969482422,-5.486005292487661e-05,-5.4861557792618405e-05
2020-09-14,183.57000732421875,184.3000030517578,183.38999938964844,183.88999938964844,0.007892586821005798,0.00786160327773618
2020-09-15,184.4600067138672,184.6699981689453,182.9199981689453,183.4499969482422,-0.0023927480714920346,-0.0023956152677241513
2020-09-16,184.97999572753906,185.00999450683594,183.3300018310547,183.97000122070312,0.0028345831622316187,0.0028305733071044767
2020-09-17,181.9199981689453,183.08999633789062,181.47999572753906,182.9600067138672,-0.005489995652194879,-0.005505121062685115
2020-09-18,183.07000732421875,184.08999633789062,182.63999938964844,183.1999969482422,0.0013117087099276947,0.001310849171618332
2020-09-21,179.83999633789062,180.2899932861328,176.75,179.52000427246094,-0.020087296599797022,-0.020291789448272826
2020-09-22,179.6300048828125,180.02000427246094,178.11000061035156,178.64999389648438,-0.004846314367596194,-0.004858095828927072
2020-09-23,176.97999572753906,177.25999450683594,174.10000610351562,174.7899932861328,-0.021606497297661065,-0.021843335368817322
2020-09-24,174.36000061035156,176.24000549316406,173.77000427246094,175.44000244140625,0.003718800733685912,0.0037119030895910897
2020-09-25,174.41000366210938,175.3000030517578,173.88999938964844,174.94000244140625,-0.0028499771605223767,-0.0028540460781505306
2020-09-28,175.8300018310547,176.80999755859375,175.08999633789062,176.6999969482422,0.01006056066236427,0.010010290107421884
2020-09-29,177.19000244140625,178.3300018310547,176.9499969482422,178.19000244140625,0.008432402483858015,0.008397048385655496
2020-09-30,177.7100067138672,178.61000061035156,176.66000366210938,177.1199951171875,-0.006004867330144381,-0.006022969047958764
2020-10-01,178.7100067138672,179.5,178.0399932861328,178.6999969482422,0.008920516455577454,0.008880963695329078
2020-10-02,178.69000244140625,179.2899932861328,178.16000366210938,178.5399932861328,-0.0008953758525005462,-0.0008957769408936138
2020-10-05,179.02000427246094,180.13999938964844,178.89999389648438,179.41000366210938,0.004872915921881216,0.004861081696310086
2020-10-06,180.16000366210938,180.3699951171875,177.0500030517578,177.3000030517578,-0.011760774579356315,-0.011830479550692698
2020-10-07,177.08999633789062,177.4199981689453,176.42999267578125,177.22000122070312,-0.0004512229536247636,-0.00045132478533539146
2020-10-08,178.17999267578125,178.4499969482422,176.6699981689453,177.85000610351562,0.0035549310375408982,0.0035486272055745486
2020-10-09,180.1300048828125,181.1699981689453,179.92999267578125,181.0800018310547,0.018161347296547614,0.017998399966815504
2020-10-12,180.57000732421875,180.8300018310547,180.19000244140625,180.55999755859375,-0.002871682500567352,-0.002875813691634357
2020-10-13,178.55999755859375,178.60000610351562,177.10000610351562,177.72000122070312,-0.015728823528417535,-0.01585383405158326
2020-10-14,179.08999633789062,179.58999633789062,178.27000427246094,178.27000427246094,0.003094772946095059,0.0030899939936110464
2020-10-15,177.7100067138672,179.14999389648438,177.58999633789062,178.9199981689453,0.003646120384284801,0.003639489400711449
2020-10-16,179.22000122070312,179.32000732421875,178.1300048828125,178.3000030517578,-0.0034652086045857677,-0.0034712263457632483
2020-10-19,179.41000366210938,179.47999572753906,178.3699951171875,178.38999938964844,0.0005047466985432791,0.0005046193567768562
2020-10-20,178.5399932861328,179.6699981689453,178.0800018310547,179.25,0.0048209014703402,0.004809318137998378
2020-10-21,180.47000122070312,181.30999755859375,180.22999572753906,180.60000610351562,0.007531414803434444,0.00750319529892231
2020-10-22,178.8800048828125,179.02999877929688,177.72000122070312,178.8300018310547,-0.009800687777642758,-0.009849030639627157
2020-10-23,179.08999633789062,179.1999969482422,177.75999450683594,178.63999938964844,-0.001062475196895396,-0.0010630400237792174
2020-10-26,178.75,179.13999938964844,178.22000122070312,178.5500030517578,-0.0005037860400700644,-0.0005039129828936211
2020-10-27,178.7100067138672,179.42999267578125,178.50999450683594,179.02000427246094,0.0026323226696718383,0.002628864176270774
2020-10-28,176.4499969482422,176.85000610351562,175.44000244140625,176.1300048828125,-0.01614344386479838,-0.01627516884164325
2020-10-29,175.02000427246094,176.13999938964844,174.8300018310547,175.39999389648438,-0.004144728133141373,-0.004153341326592121
2020-10-30,177.17999267578125,177.36000061035156,175.9499969482422,176.1999969482422,0.004561020978312902,0.004550651041840146
2020-11-02,177.4499969482422,177.92999267578125,177.1300048828125,177.91000366210938,0.009704919089013941,0.00965812884851217
2020-11-03,178.9499969482422,179.38999938964844,178.3000030517578,178.9199981689453,0.005676996717700833,0.0056609432999779495
2020-11-04,178.92999267578125,179.19000244140625,177.66000366210938,178.82000732421875,-0.0005588578456844351,-0.0005590140649358909
2020-11-05,181.0,183.2899932861328,180.97000122070312,182.92999267578125,0.022983923404670703,0.022723771699055755
2020-11-06,183.39999389648438,183.52999877929688,182.19000244140625,183.19000244140625,0.0014213621387162423,0.0014203529597109255
2020-11-09,176.4199981689453,176.4499969482422,173.63999938964844,175.0800018310547,-0.04427097823171633,-0.045280856143465276
2020-11-10,176.75,176.91000366210938,175.66000366210938,175.66000366210938,0.0033127817282887495,0.0033073065556014952
2020-11-11,174.6999969482422,175.27999877929688,174.44000244140625,174.89999389648438,-0.004326595410341194,-0.00433598220930235
2020-11-12,176.0399932861328,176.77000427246094,175.83999633789062,175.9600067138672,0.006060679556170845,0.006042387508780373
2020-11-13,177.64999389648438,177.8000030517578,176.83999633789062,177.16000366210938,0.006819714153532219,0.006796565090032186
2020-11-16,177.22999572753906,177.91000366210938,176.8699951171875,177.14999389648438,-5.650127239831271e-05,-5.650286865533134e-05
2020-11-17,177.25,177.44000244140625,176.08999633789062,176.5,-0.0036691725592956637,-0.0036759204841880807
2020-11-18,176.25999450683594,176.86000061035156,175.35000610351562,175.49000549316406,-0.005722348480656891,-0.005738783845972931
2020-11-19,174.3000030517578,175.22000122070312,174.1699981689453,175.16000366210938,-0.0018804594035273237,-0.0018822296869570197
2020-11-20,176.1199951171875,176.3800048828125,175.5800018310547,175.69000244140625,0.0030257979459697992,0.003021229432643738
2020-11-23,175.10000610351562,175.24000549316406,171.77999877929688,172.22999572753906,-0.0196938167555728,-0.019890324232127853
2020-11-24,169.3000030517578,169.69000244140625,168.86000061035156,169.58999633789062,-0.015328336846880064,-0.015447030279527764
2020-11-25,169.97999572753906,170.52000427246094,169.24000549316406,169.50999450683594,-0.0004717367343725076,-0.0004718480371509017
2020-11-27,166.89999389648438,167.8300018310547,166.77999877929688,167.7899932861328,-0.010146901518740647,-0.010198732236165305
2020-11-30,166.67999267578125,167.42999267578125,166.02999877929688,166.6699981689453,-0.006674981596057172,-0.006697358920117144
2020-12-01,169.75999450683594,170.47999572753906,169.3000030517578,170.17999267578125,0.0210595460814611,0.02084085881536413
2020-12-02,170.57000732421875,171.75999450683594,170.14999389648438,171.4600067138672,0.00752153069206285,0.007493385024315116
2020-12-03,172.63999938964844,172.85000610351562,171.0800018310547,172.80999755859375,0.007873502810363364,0.007842668530553789
2020-12-04,172.77999877929688,173.32000732421875,171.58999633789062,172.32000732421875,-0.002835427586930339,-0.00283945502654119
2020-12-07,172.55999755859375,175.2899932861328,172.50999450683594,174.88999938964844,0.014914066598165077,0.014803945459514797
2020-12-08,175.50999450683594,175.92999267578125,174.72000122070312,175.5,0.003487910186290799,0.003481841534737405
2020-12-09,173.9199981689453,174.0399932861328,171.24000549316406,172.5,-0.017094017094017144,-0.017241806434506103
2020-12-10,172.89999389648438,173.5800018310547,171.6999969482422,172.1699981689453,-0.001913054093070632,-0.0019148863181888906
2020-12-11,172.25,173.32000732421875,172.11000061035156,172.49000549316406,0.0018586706605219216,0.001856945469586849
2020-12-14,171.91000366210938,172.52000427246094,170.91000366210938,171.5399932861328,-0.005507636250083436,-0.005522859199322822
2020-12-15,173.42999267578125,173.97999572753906,173.05999755859375,173.94000244140625,0.013990959829817351,0.013893989774039692
2020-12-16,174.1300048828125,175.02000427246094,173.02000427246094,174.89999389648438,0.005519095329445722,0.005503920929853093
2020-12-17,177.14999389648438,177.8699951171875,176.5800018310547,176.74000549316406,0.010520363984510617,0.01046541004295572
2020-12-18,176.64999389648438,176.97999572753906,176.10000610351562,176.44000244140625,-0.0016974258370123785,-0.0016988680965652808
2020-12-21,176.2899932861328,176.94000244140625,175.75999450683594,175.8800048828125,-0.003173869592184575,-0.0031789169989821435
2020-12-22,176.1999969482422,176.33999633789062,174.33999633789062,174.49000549316406,-0.007903112071065643,-0.007934507183398202
2020-12-23,175.10000610351562,176.2100067138672,175.05999755859375,175.64999389648438,0.00664787877129025,0.006625879072275585
2020-12-24,175.5500030517578,176.3699951171875,175.50999450683594,176.35000610351562,0.003985267471422693,0.003977347328631379
2020-12-28,177.25999450683594,177.91000366210938,175.6300048828125,175.7100067138672,-0.003629142996869339,-0.003635744312567208
2020-12-29,176.25,176.97000122070312,175.57000732421875,176.35000610351562,0.003642361648136694,0.003635744312567162
2020-12-30,176.44000244140625,177.72000122070312,176.44000244140625,177.6999969482422,0.007655178894261816,0.007626026694655132
2020-12-31,178.07000732421875,178.39999389648438,177.32000732421875,178.36000061035156,0.003714145601823482,0.0037072651943418997
2021-01-04,181.97000122070312,182.39999389648438,180.9600067138672,182.3300018310547,0.022258360658879317,0.02201425891234798
2021-01-05,182.8699951171875,183.2100067138672,181.82000732421875,182.8699951171875,0.0029616260665272787,0.0029572490918935946
2021-01-06,181.49000549316406,181.5800018310547,178.24000549316406,179.89999389648438,-0.01624105266038789,-0.016374384156319522
2021-01-07,179.69000244140625,179.9199981689453,178.83999633789062,179.47999572753906,-0.00233462025122122,-0.0023373497260989994
2021-01-08,176.8300018310547,176.99000549316406,171.47999572753906,173.33999633789062,-0.03420993723985433,-0.03480879472366203
2021-01-11,172.13999938964844,173.67999267578125,172.02999877929688,173.0,-0.0019614419353504164,-0.001963368081678198
2021-01-12,173.1300048828125,174.17999267578125,172.32000732421875,174.1199951171875,0.006473960214956609,0.006453094143516468
2021-01-13,173.67999267578125,174.4600067138672,173.0500030517578,173.3699951171875,-0.004307374345463466,-0.004316677807613859
2021-01-14,173.44000244140625,174.22000122070312,172.66000366210938,173.27999877929688,-0.0005190998467168306,-0.0005192346256867747
2021-01-15,172.83999633789062,173.07000732421875,170.97999572753906,171.1300048828125,-0.012407628760563338,-0.012485246085867416
2021-01-19,172.7100067138672,172.85000610351562,171.9199981689453,172.5800018310547,0.00847307255811236,0.008437377567923208
2021-01-20,174.3699951171875,175.47000122070312,173.82000732421875,175.38999938964844,0.016282289539807593,0.016151154600027997
2021-01-21,175.11000061035156,175.50999450683594,174.50999450683594,175.27999877929688,-0.0006271772092728556,-0.0006273739671711188
2021-01-22,172.88999938964844,174.2899932861328,172.35000610351562,173.89999389648438,-0.007873145210082533,-0.007904302060517928
2021-01-25,174.82000732421875,174.9600067138672,173.19000244140625,174.0500030517578,0.0008626173693986328,0.0008622455288576803
2021-01-26,173.97999572753906,174.25999450683594,173.4199981689453,173.6199951171875,-0.0024705999829396363,-0.002473656951145883
2021-01-27,172.92999267578125,173.52000427246094,171.66000366210938,172.52000427246094,-0.006335623059913753,-0.006355778295441206
2021-01-28,174.27999877929688,174.72999572753906,172.0399932861328,172.67999267578125,0.0009273614616172043,0.000926931727635592
2021-01-29,174.8699951171875,175.16000366210938,172.61000061035156,172.61000061035156,-0.0004053281700162614,-0.0004054103376829626
2021-02-01,175.02000427246094,175.25999450683594,174.05999755859375,174.22999572753906,0.009385291185094458,0.00934152297824149
2021-02-02,172.49000549316406,172.52999877929688,171.50999450683594,172.11000061035156,-0.012167796413785958,-0.012242430084677477
2021-02-03,172.36000061035156,172.58999633789062,171.5,171.85000610351562,-0.0015106298641213156,-0.0015117720158050482
2021-02-04,168.2899932861328,168.39999389648438,167.33999633789062,168.14999389648438,-0.021530474690833024,-0.021765636924135134
2021-02-05,168.99000549316406,170.17999267578125,168.6699981689453,169.80999755859375,0.009872160109213546,0.009823748692690917
2021-02-08,171.97999572753906,172.39999389648438,171.49000549316406,171.52000427246094,0.010070118005137685,0.01001975221091292
2021-02-09,172.57000732421875,173.02999877929688,171.75,172.0800018310547,0.0032649110578624185,0.0032595928083516256
2021-02-10,173.14999389648438,173.22000122070312,172.00999450683594,172.7100067138672,0.0036611162023989507,0.003654430629279855
2021-02-11,172.6999969482422,172.8699951171875,170.7100067138672,171.2100067138672,-0.008685078696598514,-0.008723013798522866
2021-02-12,170.2899932861328,171.64999389648438,169.8800048828125,170.69000244140625,-0.0030372306060941767,-0.003041852351548402
2021-02-16,168.13999938964844,170.07000732421875,167.72999572753906,168.24000549316406,-0.014353488272303538,-0.014457496034195686
2021-02-17,166.9199981689453,167.33999633789062,165.85000610351562,166.3300018310547,-0.011352850687983307,-0.011417786234196115
2021-02-18,166.97999572753906,167.3000030517578,165.72999572753906,166.32000732421875,-6.0088418961767864e-05,-6.0090224343136566e-05
2021-02-19,166.75999450683594,167.94000244140625,166.60000610351562,167.00999450683594,0.004148551901348441,0.004139970385631239
2021-02-22,168.5399932861328,169.88999938964844,168.3000030517578,169.50999450683594,0.014969164015496528,0.014858231751961605
2021-02-23,169.47999572753906,169.74000549316406,168.27999877929688,169.1199951171875,-0.0023007456922117253,-0.0023033964742125187
2021-02-24,167.64999389648438,169.13999938964844,167.14999389648438,169.0,-0.0007095264939214196,-0.0007097783269727351
2021-02-25,166.9199981689453,167.66000366210938,165.4499969482422,165.82000732421875,-0.018816524708764826,-0.018995808065307287
2021-02-26,165.0,165.10000610351562,160.9499969482422,161.80999755859375,-0.024182906697045592,-0.024480114534154506
2021-03-01,163.02999877929688,163.35000610351562,161.16000366210938,161.52999877929688,-0.0017304170540851649,-0.0017319159550744983
2021-03-02,161.92999267578125,162.92999267578125,161.22000122070312,162.41000366210938,0.005447934683729505,0.005433148366520264
2021-03-03,160.61000061035156,161.69000244140625,159.49000549316406,160.6199951171875,-0.011021541189334294,-0.011082728374520621
2021-03-04,160.60000610351562,161.4600067138672,158.42999267578125,159.0399932861328,-0.009836893780889033,-0.00988559566723337
2021-03-05,159.66000366210938,159.82000732421875,158.5500030517578,159.13999938964844,0.0006288110395962221,0.0006286134207733884
2021-03-08,158.5800018310547,158.74000549316406,157.1300048828125,157.49000549316406,-0.010368190918767173,-0.010422315048141234
2021-03-09,160.75,161.25,160.4199981689453,160.83999633789062,0.02127113294736649,0.02104806019448947
2021-03-10,161.05999755859375,161.77999877929688,160.66000366210938,161.66000366210938,0.005098279923459348,0.005085327698430273
2021-03-11,161.47000122070312,161.97999572753906,161.1199951171875,161.52000427246094,-0.000866011298261804,-0.0008663865026826478
2021-03-12,159.5399932861328,161.69000244140625,159.35000610351562,161.49000549316406,-0.00018572795011984056,-0.00018574519969141986
2021-03-15,162.30999755859375,162.5500030517578,161.42999267578125,162.1999969482422,0.004396503999798185,0.004386867610048303
2021-03-16,162.36000061035156,163.1999969482422,161.80999755859375,162.35000610351562,0.0009248406787658592,0.0009244132771239594
2021-03-17,162.27000427246094,164.14999389648438,161.47999572753906,163.50999450683594,0.00714498527693741,0.0071195808075622735
2021-03-18,161.14999389648438,162.82000732421875,161.11000061035156,162.55999755859375,-0.005810023730399405,-0.0058269675795917875
2021-03-19,162.55999755859375,163.42999267578125,162.42999267578125,163.24000549316406,0.004183119739068708,0.004174394816826358
2021-03-22,162.27000427246094,163.1300048828125,162.16000366210938,163.0,-0.0014702614866924923,-0.0014713433816878438
2021-03-23,162.4499969482422,162.49000549316406,161.58999633789062,161.80999755859375,-0.007300628474884996,-0.007327408483150656
2021-03-24,162.2100067138672,162.88999938964844,161.94000244140625,162.3699951171875,0.0034608341081703298,0.003454859203276189
2021-03-25,163.05999755859375,163.5800018310547,161.32000732421875,161.77999877929688,-0.003633653726877295,-0.0036402714825327686
2021-03-26,161.7100067138672,162.72999572753906,161.64999389648438,162.24000549316406,0.0028434090575977233,0.002839374216722469
2021-03-29,161.4600067138672,161.52000427246094,159.8300018310547,160.30999755859375,-0.011896005111092234,-0.011967328788777756
2021-03-30,157.94000244140625,158.1999969482422,157.5500030517578,157.57000732421875,-0.017091823816998808,-0.01723957501602924
2021-03-31,158.05999755859375,160.67999267578125,158.0500030517578,159.9600067138672,0.015167857324082767,0.015053975494509144
2021-04-01,161.55999755859375,162.11000061035156,161.27999877929688,161.97999572753906,0.012628087827510459,0.012549018493591777
2021-04-05,161.52000427246094,162.39999389648438,161.36000061035156,161.9199981689453,-0.0003704010382533651,-0.00037046965366193687
2021-04-06,162.7899932861328,163.52999877929688,162.75,163.22000122070312,0.00802867506459215,0.007996616729269289
2021-04-07,162.82000732421875,163.30999755859375,162.5,162.75999450683594,-0.002818323186048577,-0.0028223021365765604
2021-04-08,164.1699981689453,164.77000427246094,164.13999938964844,164.50999450683594,0.01075202788807239,0.010694635856861524
2021-04-09,162.75,163.66000366210938,162.47999572753906,163.27000427246094,-0.00753747660190629,-0.007566026934120144
2021-04-12,162.72999572753906,162.8000030517578,161.80999755859375,162.27999877929688,-0.006063609158189043,-0.006082067490100263
2021-04-13,163.17999267578125,163.85000610351562,163.02999877929688,163.42999267578125,0.007086479573175097,0.007061488473290135
2021-04-14,162.77000427246094,163.0500030517578,162.3000030517578,162.72000122070312,-0.004344315528953313,-0.0043537794872208335
2021-04-15,164.07000732421875,165.7899932861328,164.02999877929688,165.35000610351562,0.016162763416190717,0.0160335365383925
2021-04-16,166.24000549316406,166.80999755859375,165.94000244140625,166.35000610351562,0.006047777218550321,0.0060295628147861114
2021-04-19,165.91000366210938,166.44000244140625,165.72000122070312,165.88999938964844,-0.0027652942409929215,-0.0027691247303623773
2021-04-20,165.64999389648438,166.80999755859375,165.6199951171875,166.47999572753906,0.0035565515706876827,0.003550241996940974
2021-04-21,167.17999267578125,168.38999938964844,167.14999389648438,168.1300048828125,0.009911155680072392,0.009862362310853667
2021-04-22,167.11000061035156,167.52999877929688,166.49000549316406,167.0399932861328,-0.006483147356353358,-0.00650425423162094
2021-04-23,167.3699951171875,167.52999877929688,165.77999877929688,166.39999389648438,-0.003831414124593202,-0.0038387727937765547
2021-04-26,166.6300048828125,166.8699951171875,166.0500030517578,166.83999633789062,0.002644245538133694,0.002640755671589698
2021-04-27,166.9199981689453,167.14999389648438,166.27999877929688,166.4199981689453,-0.002517371003141977,-0.0025205449092440876
2021-04-28,165.75,166.9600067138672,165.49000549316406,166.91000366210938,0.002944390689552989,0.002940064461277065
2021-04-29,165.5800018310547,166.25999450683594,164.47000122070312,166.22000122070312,-0.004133978948338446,-0.004142547462168167
2021-04-30,165.86000061035156,166.0,165.24000549316406,165.66000366210938,-0.0033690142851713345,-0.003374702192485256
2021-05-03,167.61000061035156,168.42999267578125,167.41000366210938,167.80999755859375,0.012978352341882271,0.01289485518814097
2021-05-04,167.69000244140625,168.5500030517578,165.5,166.5800018310547,-0.007329692780131181,-0.007356686965198023
2021-05-05,166.6300048828125,167.30999755859375,166.61000061035156,167.27000427246094,0.004142168530566259,0.00413361336698124
2021-05-06,167.9499969482422,170.2899932861328,167.9199981689453,170.05999755859375,0.01667957921247054,0.016542002735280385
2021-05-07,171.52999877929688,172.5500030517578,171.0,171.58999633789062,0.00899681760120985,0.00895658735382193
2021-05-10,172.74000549316406,172.83999633789062,171.77999877929688,172.11000061035156,0.0030305045955998366,0.0030259218728549953
2021-05-11,170.55999755859375,172.1699981689453,170.27000427246094,172.13999938964844,0.000174300035968189,0.0001742848474817966
2021-05-12,171.42999267578125,171.83999633789062,170.35000610351562,170.42999267578125,-0.009933813872024522,-0.009983483413452903
2021-05-13,170.35000610351562,171.27000427246094,170.22999572753906,171.1300048828125,0.004107329913244362,0.004098917859921596
2021-05-14,172.0500030517578,172.6999969482422,171.82000732421875,172.69000244140625,0.009115862292308208,0.009074563611959028
2021-05-17,173.3000030517578,175.0,173.27999877929688,174.6999969482422,0.011639321781340195,0.011572105937362132
2021-05-18,175.17999267578125,175.2100067138672,174.4600067138672,175.0399932861328,0.001946172546249958,0.0019442812059788442
2021-05-19,175.13999938964844,177.0,174.35000610351562,175.16000366210938,0.000685616890880425,0.0006853819629941132
2021-05-20,175.32000732421875,176.4600067138672,175.11000061035156,175.9600067138672,0.004567270124640199,0.004556871795741219
2021-05-21,176.5800018310547,176.86000061035156,175.14999389648438,176.0399932861328,0.0004545724551812125,0.00045446916842239933
2021-05-24,176.14999389648438,176.58999633789062,175.8699951171875,176.35000610351562,0.001761036294059215,0.001759487487714246
2021-05-25,176.14999389648438,177.9499969482422,176.0399932861328,177.9499969482422,0.009072814229376336,0.009031903514378268
2021-05-26,178.3699951171875,178.61000061035156,177.0399932861328,177.63999938964844,-0.0017420486873281904,-0.0017435678186662285
2021-05-27,177.38999938964844,177.82000732421875,176.80999755859375,177.7100067138672,0.00039409662496781017,0.0003940189892895408
2021-05-28,177.4600067138672,178.42999267578125,177.24000549316406,178.3800048828125,0.003770176937892389,0.0037630876338542248
2021-06-01,178.75999450683594,178.85000610351562,177.19000244140625,177.89999389648438,-0.0026909461441234628,-0.0026945732480542135
2021-06-02,178.33999633789062,178.77999877929688,177.97000122070312,178.77000427246094,0.004890446350902078,0.004878526963101577
2021-06-03,175.8300018310547,175.8300018310547,174.66000366210938,175.27000427246094,-0.019578228541437537,-0.019772420864664846
2021-06-04,176.64999389648438,177.57000732421875,176.61000061035156,177.16000366210938,0.010783359066451448,0.010725633264657355
2021-06-07,176.9600067138672,177.89999389648438,176.6300048828125,177.8699951171875,0.0040076283608136976,0.003999619209610979
2021-06-08,177.22999572753906,177.5399932861328,176.3699951171875,177.32000732421875,-0.0030920774052216604,-0.003096867753862795
2021-06-09,177.3800048828125,177.8000030517578,176.77999877929688,176.97999572753906,-0.0019175027218333307,-0.0019193434836643904
2021-06-10,176.6999969482422,177.85000610351562,176.47999572753906,177.74000549316406,0.004294325821970535,0.004285131517665339
2021-06-11,176.3300018310547,176.57000732421875,175.47999572753906,175.74000549316406,-0.011252390785353672,-0.011316177890912231
2021-06-14,173.16000366210938,175.05999755859375,172.9499969482422,174.7100067138672,-0.005860923791407013,-0.005878166410042197
2021-06-15,174.77999877929688,174.9199981689453,173.33999633789062,174.0500030517578,-0.0037777095572453234,-0.0037848631237422004
2021-06-16,173.91000366210938,174.47000122070312,171.02999877929688,171.11000061035156,-0.016891711518855712,-0.01703600368035545
2021-06-17,167.02000427246094,167.6199951171875,165.44000244140625,165.85000610351562,-0.030740427140865334,-0.03122282591641038
2021-06-18,166.13999938964844,166.72000122070312,164.8699951171875,164.92999267578125,-0.005547261946798776,-0.005562705142465907
2021-06-21,166.52000427246094,167.22000122070312,166.0,166.9499969482422,0.012247646651096789,0.012173251058176099
2021-06-22,166.35000610351562,166.9199981689453,166.00999450683594,166.25,-0.0041928539145718036,-0.00420166857422807
2021-06-23,166.97000122070312,168.02999877929688,165.97000122070312,166.13999938964844,-0.0006616578066259704,-0.0006618767987564016
2021-06-24,167.0,167.22999572753906,166.00999450683594,166.0399932861328,-0.0006019387497473438,-0.0006021199876096117
2021-06-25,167.4499969482422,167.52999877929688,166.2899932861328,166.58999633789062,0.0033124733437563947,0.003306999189259349
2021-06-28,166.67999267578125,166.91000366210938,166.36000061035156,166.5800018310547,-5.999463986816611e-05,-5.999643961855651e-05
2021-06-29,164.33999633789062,165.27999877929688,164.00999450683594,164.8300018310547,-0.010505462725200698,-0.010561034647227364
2021-06-30,164.57000732421875,166.10000610351562,164.2899932861328,165.6300048828125,0.004853503869870712,0.004841763592293601
2021-07-01,166.64999389648438,166.8800048828125,165.5,166.1999969482422,0.0034413575356286863,0.0034354496150826534
2021-07-02,167.35000610351562,167.72000122070312,166.39999389648438,167.2899932861328,0.006558341503640763,0.0065369291506959725
2021-07-06,169.27000427246094,169.64999389648438,167.5399932861328,168.1199951171875,0.004961455343207799,0.004949187883217545
2021-07-07,168.72000122070312,169.22999572753906,168.19000244140625,168.75999450683594,0.003806801143447114,0.0037995736126820853
2021-07-08,169.82000732421875,169.86000061035156,167.91000366210938,168.64999389648438,-0.0006518168637834609,-0.0006520293887520076
2021-07-09,168.83999633789062,169.6199951171875,168.66000366210938,169.2100067138672,0.003320562334123478,0.0033150614410246745
2021-07-12,168.6999969482422,169.16000366210938,167.63999938964844,169.0,-0.001241101031467462,-0.0012418718351821449
2021-07-13,169.50999450683594,169.89999389648438,168.92999267578125,169.22000122070312,0.001301782371024407,0.0013009357869861221
2021-07-14,170.91000366210938,171.0399932861328,170.27999877929688,171.0399932861328,0.010755182911599048,0.010697757313475486
2021-07-15,170.88999938964844,171.3000030517578,170.33999633789062,171.07000732421875,0.00017547964957964624,0.00017546425482688882
2021-07-16,170.64999389648438,170.9499969482422,169.27999877929688,169.41000366210938,-0.00970365108457183,-0.009751038308664077
2021-07-19,169.50999450683594,169.91000366210938,168.88999938964844,169.61000061035156,0.0011805498135817327,0.001179853512608669
2021-07-20,170.50999450683594,170.8000030517578,168.9199981689453,169.38999938964844,-0.001297100524211059,-0.0012979424872485647
2021-07-21,168.3300018310547,169.0,168.13999938964844,168.75999450683594,-0.0037192566567244567,-0.003726190289074976
2021-07-22,168.49000549316406,169.19000244140625,168.05999755859375,169.08999633789062,0.001955450591350383,0.0019535411866020086
2021-07-23,168.5,168.8800048828125,167.9499969482422,168.55999755859375,-0.0031344183025339145,-0.003139340880551927
2021-07-26,168.5800018310547,168.86000061035156,168.0800018310547,168.16000366210938,-0.0023730060647713103,-0.0023758261058627853
2021-07-27,168.72999572753906,168.91000366210938,167.92999267578125,168.44000244140625,0.0016650735799190741,0.0016636888817755746
2021-07-28,168.25999450683594,169.3800048828125,167.72000122070312,169.2899932861328,0.005046252863966982,0.0050335632022407
2021-07-29,170.6999969482422,171.52000427246094,170.6699981689453,171.1699981689453,0.011105233370970247,0.011044023020098688
2021-07-30,170.72000122070312,170.99000549316406,169.3800048828125,169.82000732421875,-0.007886842666167015,-0.007918108309762988
2021-08-02,169.3000030517578,170.25,169.10000610351562,169.61000061035156,-0.0012366429443513294,-0.0012374082182159806
2021-08-03,169.4199981689453,169.8300018310547,169.2100067138672,169.49000549316406,-0.0007074766626713469,-0.0007077270423842932
2021-08-04,171.27999877929688,171.39999389648438,168.99000549316406,169.52999877929688,0.0002359625041987723,0.00023593466942563418
2021-08-05,169.3699951171875,169.44000244140625,168.1999969482422,168.86000061035156,-0.0039520921003340925,-0.003959922253451811
2021-08-06,165.83999633789062,165.92999267578125,164.5500030517578,164.63999938964844,-0.024991124040327772,-0.025308704477345147
2021-08-09,163.00999450683594,163.2899932861328,161.25999450683594,161.72000122070312,-0.017735654639032372,-0.017894816057729707
2021-08-10,161.38999938964844,162.11000061035156,160.67999267578125,161.77000427246094,0.00030919522248562537,0.00030914743149373187
2021-08-11,163.14999389648438,164.1699981689453,162.67999267578125,164.0,0.01378497662510525,0.01369082807188368
2021-08-12,163.64999389648438,164.10000610351562,162.92999267578125,164.0399932861328,0.0002438615008097944,0.00024383177142714218
2021-08-13,165.02000427246094,166.4600067138672,164.88999938964844,166.38999938964844,0.014325811995228088,0.014224167163591615
2021-08-16,166.72999572753906,167.38999938964844,166.58999633789062,167.22000122070312,0.004988291568599701,0.004975891262677384
2021-08-17,167.2899932861328,167.72999572753906,166.55999755859375,166.97000122070312,-0.0014950364679763295,-0.001496155150116038
2021-08-18,167.24000549316406,167.50999450683594,166.25999450683594,167.10000610351562,0.0007786122169375354,0.0007783092556947036
2021-08-19,167.24000549316406,167.2899932861328,166.16000366210938,166.61000061035156,-0.002932408589264246,-0.0029367165231408677
2021-08-20,166.8000030517578,167.13999938964844,166.36000061035156,166.6999969482422,0.0005401616803368814,0.0005400158455303154
2021-08-23,168.82000732421875,168.91000366210938,167.9600067138672,168.72999572753906,0.012177557387281546,0.012104007439095057
2021-08-24,169.0399932861328,169.27000427246094,168.52000427246094,168.64999389648438,-0.00047414113127741686,-0.0004742535717267673
2021-08-25,167.8800048828125,167.9199981689453,166.74000549316406,167.47999572753906,-0.006937433805443538,-0.006961609676564189
2021-08-26,167.2100067138672,168.2100067138672,166.8300018310547,167.6699981689453,0.0011344784228162208,0.001133835388463418
2021-08-27,167.5800018310547,170.19000244140625,166.8699951171875,170.19000244140625,0.015029547921398434,0.014917723322635659
2021-08-30,169.66000366210938,169.83999633789062,169.08999633789062,169.35000610351562,-0.0049356385559711224,-0.004947859047149437
2021-08-31,169.22999572753906,169.9199981689453,168.75,169.69000244140625,0.0020076547129428413,0.00200564206756742
2021-09-01,169.94000244140625,170.0,169.16000366210938,169.6999969482422,5.8898619200498104e-05,5.88968847449306e-05
2021-09-02,169.5,169.6300048828125,168.82000732421875,169.25,-0.0026517204262498373,-0.002655242464544409
2021-09-03,170.58999633789062,171.5500030517578,170.14999389648438,171.05999755859375,0.01069422486613747,0.010637446088029513
2021-09-07,169.55999755859375,169.77999877929688,167.6300048828125,167.7100067138672,-0.01958371853465668,-0.019778020504279115
2021-09-08,168.02000427246094,168.0800018310547,166.6999969482422,167.2899932861328,-0.0025044029033459703,-0.002507544166051433
2021-09-09,168.1699981689453,168.27999877929688,166.8300018310547,168.02999877929688,0.004423489287242344,0.004413734414974538
2021-09-10,167.80999755859375,168.0800018310547,167.14999389648438,167.17999267578125,-0.005058656845151166,-0.005071495164425335
2021-09-13,167.4499969482422,168.22000122070312,167.39999389648438,167.74000549316406,0.0033497597913456634,0.0033441618437189445
2021-09-14,168.22000122070312,169.16000366210938,167.47999572753906,168.82000732421875,0.006438546534438316,0.006417907636002404
2021-09-15,168.1300048828125,168.36000061035156,167.4499969482422,167.8300018310547,-0.005864266379652205,-0.005881528710091136
2021-09-16,164.3800048828125,164.44000244140625,163.22999572753906,164.02999877929688,-0.02264197706190263,-0.022902242747818987
2021-09-17,163.86000061035156,164.32000732421875,163.39999389648438,163.77000427246094,-0.0015850424237688898,-0.0015862999324902439
2021-09-20,164.2899932861328,165.27999877929688,164.07000732421875,164.94000244140625,0.0071441542310690664,0.007118755657039398
2021-09-21,165.80999755859375,166.6300048828125,165.49000549316406,166.0399932861328,0.006669036185550814,0.00664689654260444
2021-09-22,165.88999938964844,167.14999389648438,165.02999877929688,165.4199981689453,-0.0037340107339023376,-0.0037409995549623856
2021-09-23,164.10000610351562,164.1999969482422,163.27000427246094,163.50999450683594,-0.011546389089901132,-0.011613566243419594
2021-09-24,163.0,164.0,162.74000549316406,163.3000030517578,-0.00128427290155253,-0.0012850982867509395
2021-09-27,163.85000610351562,164.36000061035156,163.50999450683594,163.63999938964844,0.00208203509820426,0.0020798706668898187
2021-09-28,162.72999572753906,162.82000732421875,161.72999572753906,162.0500030517578,-0.009716428402719801,-0.009763940911599527
2021-09-29,162.35000610351562,162.74000549316406,160.97000122070312,161.32000732421875,-0.004504756024632184,-0.0045149330127863515
2021-09-30,162.66000366210938,164.9499969482422,162.33999633789062,164.22000122070312,0.01797665363761114,0.01781698430701417
2021-10-01,164.27000427246094,164.9600067138672,163.88999938964844,164.58999633789062,0.0022530453929923144,0.0022505110921036547
2021-10-04,163.69000244140625,165.5399932861328,163.47000122070312,165.36000061035156,0.0046783175745395145,0.004667408258473528
2021-10-05,163.94000244140625,164.85000610351562,163.49000549316406,164.58999633789062,-0.004656532835140448,-0.004667408258473519
2021-10-06,164.22999572753906,165.05999755859375,164.14999389648438,165.02999877929688,0.0026733243283083574,0.002669757352534067
2021-10-07,164.02000427246094,164.85000610351562,163.9600067138672,164.16000366210938,-0.005271739220885419,-0.005285683868044846
2021-10-08,166.32000732421875,166.4199981689453,164.13999938964844,164.22999572753906,0.00042636491147840516,0.00042627404378714777
2021-10-11,164.0399932861328,164.5800018310547,163.91000366210938,163.9199981689453,-0.0018875818465466931,-0.0018893655741350408
2021-10-12,164.57000732421875,165.44000244140625,164.30999755859375,164.66000366210938,0.004514430828637339,0.004504271350483098
2021-10-13,165.27999877929688,167.9199981689453,165.27999877929688,167.58999633789062,0.017794197805277356,0.01763773443447277
2021-10-14,168.19000244140625,168.22000122070312,167.7100067138672,168.0,0.0024464685904206362,0.0024434808580754102
2021-10-15,165.38999938964844,166.08999633789062,165.10000610351562,165.3300018310547,-0.015892846243722114,-0.0160204917648545
2021-10-18,165.4199981689453,165.58999633789062,164.80999755859375,164.9199981689453,-0.0024799108302698825,-0.002482990902389477
2021-10-19,166.5,166.5,165.1999969482422,165.4499969482422,0.003213671993580469,0.003208519186409284
2021-10-20,166.2100067138672,167.11000061035156,165.92999267578125,166.89999389648438,0.008763958748792211,0.008725778175468667
2021-10-21,166.6999969482422,166.94000244140625,166.24000549316406,166.75,-0.0008987052245035265,-0.0008991093021597419
2021-10-22,168.6699981689453,169.5399932861328,166.6699981689453,167.77000427246094,0.006116967151190034,0.006098334452755203
2021-10-25,168.66000366210938,169.2100067138672,168.52999877929688,168.92999267578125,0.006914158513320778,0.006890365329616705
2021-10-26,167.8800048828125,167.91000366210938,166.6300048828125,167.67999267578125,-0.00739951491266011,-0.007427027125168416
2021-10-27,167.72999572753906,168.1999969482422,166.86000061035156,168.1199951171875,0.002624060476058121,0.0026206236403640355
2021-10-28,168.97999572753906,169.25,167.52999877929688,168.0800018310547,-0.00023788536339730548,-0.00023791366260843256
2021-10-29,166.2899932861328,166.72999572753906,165.63999938964844,166.64999389648438,-0.008507900517562339,-0.008544299301700552
2021-11-01,167.3800048828125,167.83999633789062,166.91000366210938,167.52000427246094,0.005220584505493342,0.005207004497418708
2021-11-02,167.42999267578125,167.6300048828125,166.9600067138672,167.16000366210938,-0.0021490007233168074,-0.0021513131388870075
2021-11-03,165.33999633789062,165.9499969482422,164.3800048828125,165.77000427246094,-0.008315382622616663,-0.0083501482773226
2021-11-04,167.50999450683594,168.13999938964844,167.3699951171875,167.64999389648438,0.011340951773961994,0.011277125295739413
2021-11-05,168.4199981689453,169.94000244140625,167.85000610351562,169.83999633789062,0.0130629437586407,0.012978359326946427
2021-11-08,170.42999267578125,170.6999969482422,170.05999755859375,170.4499969482422,0.003591619309376348,0.003585184846901929
2021-11-09,170.72999572753906,171.30999755859375,170.1199951171875,171.2899932861328,0.0049281100201232775,0.004916006634195484
2021-11-10,173.6699981689453,174.64999389648438,172.11000061035156,173.14999389648438,0.010858781500706183,0.010800248284572371
2021-11-11,173.97999572753906,174.27000427246094,173.74000549316406,174.1199951171875,0.005602086369596027,0.005586453042738802
2021-11-12,173.50999450683594,174.6699981689453,173.39999389648438,174.4499969482422,0.0018952552280546708,0.0018934614978916627
2021-11-15,174.10000610351562,174.58999633789062,173.69000244140625,174.17999267578125,-0.0015477459282561279,-0.00154894492430588
2021-11-16,173.97000122070312,174.47999572753906,172.86000061035156,172.9199981689453,-0.007233864736584827,-0.007260156004477963
2021-11-17,174.24000549316406,174.61000061035156,173.88999938964844,174.5,0.009137183945092442,0.009095692432078762
2021-11-18,173.9600067138672,174.36000061035156,173.52999877929688,173.94000244140625,-0.0032091550635745536,-0.0032143154449525086
2021-11-19,173.69000244140625,174.10000610351562,172.24000549316406,172.61000061035156,-0.007646325240812324,-0.007675708262916443
2021-11-22,169.89999389648438,170.44000244140625,168.4199981689453,168.74000549316406,-0.022420457120115533,-0.02267561664312034
2021-11-23,167.27999877929688,167.60000610351562,166.52999877929688,167.27999877929688,-0.008652404091134991,-0.008690053468478977
2021-11-24,166.5800018310547,167.44000244140625,166.32000732421875,167.1199951171875,-0.0009565020521100642,-0.0009569597921073518
2021-11-26,168.60000610351562,168.63999938964844,166.3699951171875,166.85000610351562,-0.001615539860939763,-0.0016168462526691021
2021-11-29,166.83999633789062,167.25999450683594,166.3800048828125,166.6199951171875,-0.0013785494630753625,-0.0013795005365548109
2021-11-30,167.77000427246094,169.00999450683594,165.3699951171875,165.5,-0.006721853018899604,-0.006744546424564762
2021-12-01,166.83999633789062,167.47000122070312,166.05999755859375,166.16000366210938,0.003987937535404162,0.003980006790395922
2021-12-02,165.88999938964844,165.94000244140625,164.6300048828125,165.24000549316406,-0.005536820827328315,-0.005552205835401061
2021-12-03,165.49000549316406,166.92999267578125,165.0,166.6300048828125,0.008412002804647267,0.008376819081740972
2021-12-06,166.13999938964844,166.8000030517578,165.92999267578125,166.22000122070312,-0.002460563224478851,-0.0024635953850727986
2021-12-07,166.1999969482422,167.0800018310547,166.17999267578125,166.80999755859375,0.003549490636251651,0.0035432060613326127
2021-12-08,166.50999450683594,166.9600067138672,166.27999877929688,166.89999389648438,0.0005395140531609943,0.0005393685677794685
2021-12-09,166.5399932861328,166.5800018310547,165.64999389648438,165.8800048828125,-0.006111378376110088,-0.006130129283900702
2021-12-10,166.72000122070312,166.9199981689453,166.17999267578125,166.5800018310547,0.004219899491422874,0.004211020685246302
2021-12-13,166.89999389648438,167.25999450683594,166.6699981689453,167.0,0.00252130006200435,0.002518126917516811
2021-12-14,165.33999633789062,166.13999938964844,165.16000366210938,165.44000244140625,-0.009341302746070368,-0.009385206339641532
2021-12-15,165.27000427246094,166.39999389648438,163.8000030517578,166.14999389648438,0.004291534360497673,0.004282351988516796
2021-12-16,167.00999450683594,168.17999267578125,166.94000244140625,168.16000366210938,0.012097561477355745,0.012024970840539904
2021-12-17,168.72999572753906,169.1300048828125,167.77999877929688,167.8000030517578,-0.002140821851282393,-0.002143116686188639
2021-12-20,167.8800048828125,168.0,167.05999755859375,167.08999633789062,-0.0042312675861405635,-0.004240244730917084
2021-12-21,167.69000244140625,167.77999877929688,166.74000549316406,167.02000427246094,-0.0004188884251822289,-0.00041897618344674124
2021-12-22,167.5800018310547,168.63999938964844,167.11000061035156,168.58999633789062,0.009400024100517657,0.00935611880010715
2021-12-23,168.69000244140625,169.16000366210938,168.00999450683594,168.97000122070312,0.0022540179789249937,0.002251481491211197
2021-12-27,168.9600067138672,169.4199981689453,168.77999877929688,169.3699951171875,0.002367247994286892,0.002364450476828884
2021-12-28,169.3300018310547,169.64999389648438,168.6199951171875,168.63999938964844,-0.004310065233419702,-0.004319380340024978
2021-12-29,167.36000061035156,168.69000244140625,167.27999877929688,168.58999633789062,-0.0002965076609273698,-0.0002965516280151311
2021-12-30,168.42999267578125,169.80999755859375,168.3699951171875,169.8000030517578,0.0071772153754725565,0.007151581744182501
2021-12-31,170.52999877929688,171.0399932861328,170.0399932861328,170.9600067138672,0.00683158799329231,0.006808358432551388
2022-01-03,168.86000061035156,169.00999450683594,168.0,168.3300018310547,-0.015383743445999576,-0.015503300973700684
2022-01-04,168.89999389648438,169.72000122070312,168.72999572753906,169.57000732421875,0.007366515057776857,0.007339514803169255
2022-01-05,170.6199951171875,170.92999267578125,168.89999389648438,169.05999755859375,-0.00300766493835114,-0.003012197052209778
2022-01-06,167.16000366210938,167.75,166.86000061035156,166.99000549316406,-0.012244126909514819,-0.012319703780209438
2022-01-07,167.3699951171875,168.00999450683594,166.86000061035156,167.75,0.004551137683908024,0.004540812572282988
2022-01-10,167.36000061035156,168.3000030517578,167.30999755859375,168.25999450683594,0.0030402057039400354,0.0030355936239956378
2022-01-11,168.44000244140625,170.30999755859375,168.3699951171875,170.2899932861328,0.0120646549718888,0.01199245713664559
2022-01-12,170.19000244140625,170.75,170.00999450683594,170.74000549316406,0.002642622730480104,0.0026391371424113854
2022-01-13,170.08999633789062,170.22000122070312,169.27000427246094,170.16000366210938,-0.0033969884760131075,-0.003402771341298051
2022-01-14,170.22000122070312,170.55999755859375,169.47999572753906,169.6699981689453,-0.0028796749096049457,-0.002883829150556528
2022-01-18,169.63999938964844,170.00999450683594,169.08999633789062,169.38999938964844,-0.001650255097062403,-0.0016516182679313014
2022-01-19,170.38999938964844,172.19000244140625,170.1999969482422,172.0800018310547,0.015880526897095182,0.015755750605134237
2022-01-20,172.30999755859375,172.60000610351562,171.58999633789062,171.64999389648438,-0.0024988838330701757,-0.0025020112544038944
2022-01-21,172.0399932861328,172.1199951171875,170.74000549316406,171.08999633789062,-0.0032624385581478954,-0.003267771913809988
2022-01-24,171.77999877929688,172.13999938964844,170.85000610351562,172.02999877929688,0.005494198734739664,0.005479160681096094
2022-01-25,171.9499969482422,173.14999389648438,171.77999877929688,172.5800018310547,0.0031971345443269072,0.003192034576976311
2022-01-26,171.38999938964844,171.72999572753906,169.47999572753906,169.7899932861328,-0.016166464916677392,-0.01629856790431354
2022-01-27,168.02000427246094,169.08999633789062,167.3300018310547,167.60000610351562,-0.012898211138547944,-0.01298211532059733
2022-01-28,166.55999755859375,167.4600067138672,166.3699951171875,167.10000610351562,-0.0029832934474428585,-0.002987752337666492
2022-01-31,167.7899932861328,168.13999938964844,167.4600067138672,168.08999633789062,0.005924537392067553,0.005907056331230696
2022-02-01,168.57000732421875,168.85000610351562,167.8699951171875,168.22999572753906,0.0008328835308379912,0.0008325368758188378
2022-02-02,168.33999633789062,169.1199951171875,168.16000366210938,168.83999633789062,0.0036259919505645666,0.00361943388995412
2022-02-03,168.30999755859375,168.82000732421875,167.02999877929688,168.60000610351562,-0.0014214062993387344,-0.0014224174555621005
2022-02-04,168.0399932861328,169.10000610351562,167.99000549316406,168.86000061035156,0.0015420788696549614,0.0015408910869810946
2022-02-07,169.4499969482422,170.3000030517578,169.19000244140625,170.11000061035156,0.007402581993851909,0.007375317353577323
2022-02-08,170.10000610351562,170.77999877929688,169.9499969482422,170.6300048828125,0.003056870675416823,0.0030522079460774463
2022-02-09,170.67999267578125,171.4199981689453,170.5500030517578,171.2100067138672,0.0033991784238243117,0.003393414275398407
2022-02-10,170.52000427246094,171.99000549316406,170.4600067138672,170.55999755859375,-0.0037965605384254753,-0.0038037857675304026
2022-02-11,170.75,174.1999969482422,170.7100067138672,173.80999755859375,0.019054878321533186,0.018875607865561438
2022-02-14,173.77999877929688,175.0,173.67999267578125,174.74000549316406,0.005350715998122091,0.005336451777182292
2022-02-15,173.10000610351562,173.33999633789062,172.38999938964844,173.0800018310547,-0.009499848975192515,-0.009545260370239185
2022-02-16,173.49000549316406,174.86000061035156,173.47999572753906,174.86000061035156,0.010284254451501385,0.01023173130733765
2022-02-17,176.6999969482422,177.52999877929688,176.38999938964844,177.25,0.013668073780773726,0.013575508168976262
2022-02-18,177.07000732421875,177.25,176.50999450683594,177.1199951171875,-0.0007334549100845855,-0.000733724019731723
2022-02-22,177.6699981689453,178.07000732421875,176.82000732421875,177.49000549316406,0.0020890378623359407,0.002086858856896338
2022-02-23,177.38999938964844,178.38999938964844,177.36000061035156,178.2899932861328,0.0045072272703239324,0.004497100140272996
2022-02-24,182.58999633789062,182.60000610351562,175.27000427246094,177.13999938964844,-0.006450131470019049,-0.006471023453826176
2022-02-25,176.4199981689453,176.7899932861328,175.7899932861328,176.5500030517578,-0.003330678220184624,-0.0033362372759372606
2022-02-28,178.86000061035156,178.99000549316406,176.5,178.3800048828125,0.010365345791119474,0.010311993951243732
2022-03-01,179.0500030517578,181.75999450683594,179.02999877929688,181.6199951171875,0.018163415997793697,0.01800043176575384
2022-03-02,180.1300048828125,180.7100067138672,178.7899932861328,179.72999572753906,-0.010406339832951472,-0.010460864384517259
2022-03-03,179.9600067138672,181.3000030517578,179.5,180.8000030517578,0.005953415398956663,0.005935763844875876
2022-03-04,182.11000061035156,183.97999572753906,181.36000061035156,183.67999267578125,0.015929145881701023,0.015803608419049087
2022-03-07,184.4499969482422,186.63999938964844,184.22000122070312,186.41000366210938,0.014862865283030269,0.014753495270293054
2022-03-08,188.35000610351562,193.3000030517578,188.25999450683594,191.50999450683594,0.027358997610294145,0.026991429368426304
2022-03-09,186.0399932861328,187.22999572753906,184.75999450683594,185.82000732421875,-0.029711176156992036,-0.030161495266205762
2022-03-10,186.8800048828125,187.3800048828125,184.99000549316406,186.39999389648438,0.0031212277978962533,0.003116366878477797
2022-03-11,183.74000549316406,185.77999877929688,183.44000244140625,185.08999633789062,-0.007027884128157469,-0.007052696024243029
2022-03-14,183.02999877929688,183.2899932861328,181.9499969482422,182.3000030517578,-0.015073711931138378,-0.01518847505814139
2022-03-15,179.10000610351562,180.27000427246094,178.00999450683594,178.88999938964844,-0.01870545038411886,-0.018882610033681094
2022-03-16,179.1300048828125,180.1199951171875,176.8699951171875,180.00999450683594,0.006260803404375848,0.006241285995487705
2022-03-17,181.16000366210938,182.02999877929688,180.64999389648438,180.88999938964844,0.004888644573449508,0.004876733952655098
2022-03-18,179.92999267578125,180.92999267578125,179.0399932861328,179.3000030517578,-0.008789852082788041,-0.008828710707897394
2022-03-21,179.3300018310547,181.2899932861328,179.32000732421875,180.6699981689453,0.007640798069546317,0.00761175501954624
2022-03-22,179.60000610351562,179.7100067138672,178.32000732421875,179.36000061035156,-0.007250775291250955,-0.007277189924242526
2022-03-23,180.2899932861328,181.88999938964844,179.75999450683594,181.80999755859375,0.013659661796972422,0.013567209576051467
2022-03-24,182.35000610351562,183.50999450683594,181.77000427246094,183.1300048828125,0.007260367097212672,0.007234137513108609
2022-03-25,181.80999755859375,183.1300048828125,181.35000610351562,182.3800048828125,-0.004095451209537915,-0.004103860537691329
2022-03-28,180.3800048828125,181.3300018310547,178.85000610351562,179.05999755859375,-0.018203790082975457,-0.018371517706821095
2022-03-29,177.02000427246094,179.3300018310547,176.69000244140625,179.13999938964844,0.00044678784846130526,0.00044668806848975184
2022-03-30,179.75999450683594,180.9199981689453,179.67999267578125,180.5800018310547,0.008038419372069505,0.008006283379257595
2022-03-31,180.91000366210938,181.9600067138672,180.55999755859375,180.64999389648438,0.000387595883929448,0.00038752078804877134
2022-04-01,179.5500030517578,180.4600067138672,178.97999572753906,179.5,-0.006365867342034592,-0.00638621587890147
2022-04-04,180.24000549316406,180.80999755859375,179.5800018310547,180.3699951171875,0.004846769455083555,0.004835061682683925
2022-04-05,180.91000366210938,181.49000549316406,178.92999267578125,179.24000549316406,-0.006264842571455875,-0.006284549046099261
2022-04-06,179.77999877929688,180.30999755859375,178.6999969482422,179.66000366210938,0.002343216670796844,0.0023404756196963713
2022-04-07,179.8699951171875,180.8800048828125,179.8000030517578,180.33999633789062,0.003784886240234764,0.0037777415804506904
2022-04-08,180.52000427246094,181.82000732421875,180.52000427246094,181.47000122070312,0.006265969312183373,0.006246419748615932
2022-04-11,183.1699981689453,183.3300018310547,181.11000061035156,182.3699951171875,0.004959463770487282,0.004947206140849894
2022-04-12,184.0399932861328,184.63999938964844,182.9600067138672,183.77000427246094,0.007676751619003053,0.007647435301758943
2022-04-13,184.5,184.94000244140625,184.1300048828125,184.64999389648438,0.004788537865617837,0.004777109287769396
2022-04-14,184.27999877929688,184.41000366210938,182.8800048828125,184.0399932861328,-0.003303550666205468,-0.0033090194372706765
2022-04-18,185.9499969482422,186.10000610351562,184.38999938964844,184.61000061035156,0.0030971927027434454,0.0030924062818564585
2022-04-19,183.19000244140625,183.64999389648438,181.3300018310547,181.82000732421875,-0.015112904376299419,-0.015228268112133887
2022-04-20,181.58999633789062,182.72000122070312,181.35000610351562,182.7100067138672,0.004894947496407287,0.0048830061930919995
2022-04-21,181.77000427246094,182.32000732421875,180.77999877929688,182.05999755859375,-0.0035576001936850066,-0.003563943502360224
2022-04-22,180.72000122070312,181.61000061035156,179.74000549316406,180.2899932861328,-0.0097220932450649,-0.009769661352400816
2022-04-25,177.1699981689453,177.50999450683594,176.47999572753906,177.0500030517578,-0.017970993150090764,-0.018134432520229594
2022-04-26,177.9499969482422,178.3000030517578,176.9199981689453,177.32000732421875,0.001525017044941901,0.0015238553873300224
2022-04-27,176.4600067138672,176.63999938964844,175.5,175.97999572753906,-0.00755702425744631,-0.007585723242633687
2022-04-28,175.9199981689453,176.97000122070312,175.69000244140625,176.92999267578125,0.005398323510093839,0.0053838047894630165
2022-04-29,178.07000732421875,178.6199951171875,176.7100067138672,176.91000366210938,-0.00011297696546286318,-0.00011298334784093811
2022-05-02,173.61000061035156,174.64999389648438,172.97999572753906,173.6300048828125,-0.018540493535693647,-0.01871452290294498
2022-05-03,173.88999938964844,175.2100067138672,173.85000610351562,174.08999633789062,0.00264926246698316,0.0026457593569150124
2022-05-04,174.32000732421875,176.35000610351562,173.6699981689453,175.8000030517578,0.009822544372671826,0.009774616775434711
2022-05-05,177.55999755859375,177.61000061035156,174.66000366210938,175.1300048828125,-0.003811138551277793,-0.0038184194446891804
2022-05-06,175.38999938964844,176.55999755859375,174.86000061035156,175.4199981689453,0.0016558743678838361,0.0016545049194706565
2022-05-09,174.27000427246094,174.27000427246094,172.7899932861328,172.8800048828125,-0.014479496708730832,-0.014585347642546313
2022-05-10,173.8000030517578,173.9600067138672,171.1999969482422,171.4199981689453,-0.008445202872691127,-0.00848106565352078
2022-05-11,172.50999450683594,173.32000732421875,172.1999969482422,172.82000732421875,0.008167128516088473,0.008133958004822058
2022-05-12,172.07000732421875,172.39999389648438,169.89999389648438,170.1699981689453,-0.015333925720196762,-0.015452706170676834
2022-05-13,168.30999755859375,169.6199951171875,168.00999450683594,168.7899932861328,-0.00810956630229509,-0.008142627698810948
2022-05-16,168.42999267578125,170.42999267578125,168.33999633789062,170.39999389648438,0.009538483763206873,0.009493279652076629
2022-05-17,170.44000244140625,170.52999877929688,169.13999938964844,169.3300018310547,-0.006279296383541522,-0.006299094085683991
2022-05-18,169.00999450683594,170.2100067138672,168.80999755859375,169.4199981689453,0.0005314848929158789,0.000531343704844183
2022-05-19,171.5500030517578,172.52000427246094,170.88999938964844,171.91000366210938,0.014697234801531733,0.014590277160260899
2022-05-20,171.7100067138672,172.24000549316406,170.88999938964844,172.02999877929688,0.0006980112537449124,0.000697767757192036
2022-05-23,173.1300048828125,173.3800048828125,172.27999877929688,172.8300018310547,0.004650369455528214,0.004639589893868967
2022-05-24,173.47000122070312,174.41000366210938,173.35000610351562,174.1300048828125,0.007521859850632806,0.007493711725538028
2022-05-25,172.7899932861328,173.16000366210938,171.72999572753906,173.0800018310547,-0.006029994959596108,-0.006048248796558386
2022-05-26,172.1300048828125,172.92999267578125,171.75999450683594,172.75999450683594,-0.0018488983177334939,-0.001850609639927292
2022-05-27,173.49000549316406,173.52000427246094,172.63999938964844,172.85000610351562,0.00052102106703944,0.0005208853826908474
2022-05-31,172.7100067138672,173.07000732421875,171.0800018310547,171.13999938964844,-0.009893009276743081,-0.009942270255165302
2022-06-01,172.2100067138672,172.52999877929688,171.38999938964844,172.22999572753906,0.006369033199590923,0.0063488366174163004
2022-06-02,173.66000366210938,174.4499969482422,173.49000549316406,174.35000610351562,0.012309182073779512,0.012234040087981134
2022-06-03,173.52999877929688,173.97000122070312,172.25,172.5800018310547,-0.010152017266979896,-0.010203900438868029
2022-06-06,172.80999755859375,172.88999938964844,171.64999389648438,171.82000732421875,-0.0044037229040009285,-0.004413447852864014
2022-06-07,172.11000061035156,173.0500030517578,171.99000549316406,172.94000244140625,0.006518420844169315,0.006497267812168451
2022-06-08,172.88999938964844,173.4499969482422,172.6699981689453,172.77999877929688,-0.0009251975242893229,-0.0009256257836888652
2022-06-09,172.4499969482422,172.58999633789062,171.5800018310547,172.22999572753906,-0.0031832564859568535,-0.0031883338247287547
2022-06-10,170.88999938964844,174.94000244140625,170.4600067138672,174.5399932861328,0.013412283666592417,0.013323135228160962
2022-06-13,171.17999267578125,171.33999633789062,169.61000061035156,169.92999267578125,-0.026412288230091452,-0.02676735882447253
2022-06-14,169.61000061035156,169.72999572753906,168.3000030517578,168.57000732421875,-0.008003209616781914,-0.008035407203286724
2022-06-15,170.39999389648438,171.83999633789062,169.0800018310547,170.77000427246094,0.013050939388113303,0.012966509676610984
2022-06-16,170.55999755859375,172.77000427246094,170.1699981689453,172.69000244140625,0.011243181594596585,0.011180446816136464
2022-06-17,172.14999389648438,172.3000030517578,170.97000122070312,171.27000427246094,-0.008222816311715064,-0.008256810144045654
2022-06-21,171.05999755859375,171.91000366210938,170.47000122070312,170.6300048828125,-0.0037367862070599722,-0.0037437854344901486
2022-06-22,171.61000061035156,172.3000030517578,171.10000610351562,171.30999755859375,0.003985188163408093,0.003977268335422712
2022-06-23,171.38999938964844,172.1300048828125,169.89999389648438,170.25999450683594,-0.006129257292171064,-0.006148118298448717
2022-06-24,170.24000549316406,170.74000549316406,169.85000610351562,170.08999633789062,-0.0009984622015154487,-0.0009989609969459391
2022-06-27,170.60000610351562,170.6699981689453,169.75,169.89999389648438,-0.0011170700540719114,-0.0011176944418580068
2022-06-28,170.07000732421875,170.2100067138672,169.50999450683594,169.6199951171875,-0.0016480211262837052,-0.0016493806069405818
2022-06-29,170.5800018310547,170.6999969482422,169.1699981689453,169.49000549316406,-0.0007663579045243951,-0.0007666517068580592
2022-06-30,169.50999450683594,169.9600067138672,168.24000549316406,168.4600067138672,-0.006077047294322124,-0.006095587698335223
2022-07-01,167.13999938964844,168.67999267578125,166.9600067138672,168.32000732421875,-0.0008310541616338707,-0.0008313996785857856
2022-07-05,167.17999267578125,167.3300018310547,164.41000366210938,164.75,-0.02120964335120412,-0.021437799680384485
2022-07-06,164.32000732421875,164.57000732421875,161.47000122070312,162.13999938964844,-0.015842188833696924,-0.01596901758740465
2022-07-07,162.42999267578125,163.0399932861328,162.05999755859375,162.22999572753906,0.000555053276362516,0.0005548992912700342
2022-07-08,162.35000610351562,163.3800048828125,161.83999633789062,162.3000030517578,0.0004315313201161963,0.00043143823725389326
2022-07-11,161.92999267578125,162.44000244140625,161.3800048828125,161.42999267578125,-0.005360507452973451,-0.0053749265251639535
2022-07-12,161.22000122070312,161.6199951171875,160.72000122070312,160.8300018310547,-0.0037167247224720867,-0.0037236489059839332
2022-07-13,160.10000610351562,162.7100067138672,160.05999755859375,161.60000610351562,0.004787690503602615,0.004776265963686179
2022-07-14,159.02000427246094,159.8300018310547,158.22000122070312,159.3300018310547,-0.014047055610919013,-0.014146649261641277
2022-07-15,159.00999450683594,159.25,158.35000610351562,159.00999450683594,-0.0020084561635671516,-0.0020104758163567997
2022-07-18,160.0800018310547,160.42999267578125,159.0500030517578,159.16000366210938,0.0009433945063559435,0.000942949789432323
2022-07-19,159.47000122070312,159.8699951171875,159.3300018310547,159.5399932861328,0.0023874693093759447,0.002384623832616704
2022-07-20,159.7100067138672,159.82000732421875,158.02999877929688,158.0399932861328,-0.009402031234323593,-0.009446509339211243
2022-07-21,158.30999755859375,160.30999755859375,158.27000427246094,160.27000427246094,0.014110421925231709,0.01401179660226555
2022-07-22,160.5500030517578,162.1300048828125,160.35000610351562,160.6699981689453,0.00249575020790771,0.0024926409954947677
2022-07-25,160.63999938964844,160.6999969482422,159.80999755859375,160.22999572753906,-0.0027385476219622396,-0.0027423043036363935
2022-07-26,160.22999572753906,160.5,159.7899932861328,160.0399932861328,-0.0011858106875901608,-0.001186514317386386
2022-07-27,160.02000427246094,162.2100067138672,159.50999450683594,161.6699981689453,0.010184984698782484,0.010133467249785824
2022-07-28,163.30999755859375,163.75999450683594,162.8800048828125,163.63999938964844,0.012185323455280006,0.01211168004371747
2022-07-29,163.88999938964844,164.69000244140625,163.27999877929688,164.10000610351562,0.0028110896821249565,0.0028071459585694595
2022-08-01,164.97999572753906,165.41000366210938,164.41000366210938,165.02999877929688,0.0056672312077465925,0.005651232868696488
2022-08-02,165.66000366210938,166.4600067138672,164.02000427246094,164.0500030517578,-0.005938288400823777,-0.005955990148902209
2022-08-03,164.77000427246094,164.91000366210938,163.47999572753906,164.4499969482422,0.002438243761313297,0.002435276067987767
2022-08-04,165.52999877929688,167.30999755859375,165.33999633789062,167.1699981689453,0.016539989487255546,0.016404693683584038
2022-08-05,164.99000549316406,165.83999633789062,164.8699951171875,165.2899932861328,-0.011246066300201418,-0.011309781450742627
2022-08-08,166.02999877929688,166.80999755859375,165.92999267578125,166.69000244140625,0.008470017618367853,0.008434348290836127
2022-08-09,167.47999572753906,167.8000030517578,166.82000732421875,167.1999969482422,0.0030595386607856767,0.003054867797077557
2022-08-10,167.38999938964844,167.97999572753906,166.6199951171875,166.77999877929688,-0.0025119508170524663,-0.0025151110588634198
2022-08-11,167.16000366210938,167.66000366210938,166.30999755859375,166.33999633789062,-0.0026382206776995876,-0.002641706914863643
2022-08-12,167.1699981689453,167.94000244140625,166.8300018310547,167.8699951171875,0.00919802099904432,0.009155976822720392
2022-08-15,165.99000549316406,166.25,165.44000244140625,165.7100067138672,-0.012867030834262327,-0.012950528089989187
2022-08-16,165.30999755859375,165.72000122070312,165.17999267578125,165.4199981689453,-0.001750096754401964,-0.0017516299628300418
2022-08-17,165.2100067138672,165.22999572753906,163.9499969482422,164.35000610351562,-0.006468335614034371,-0.006489345947105167
2022-08-18,164.60000610351562,164.91000366210938,163.5399932861328,163.9199981689453,-0.0026164156896926194,-0.0026198444873023344
2022-08-19,163.64999389648438,163.74000549316406,162.6199951171875,162.72000122070312,-0.007320625681104476,-0.007347552958114958
2022-08-22,161.66000366210938,162.1199951171875,161.36000061035156,161.63999938964844,-0.006637179344595956,-0.00665930336783302
2022-08-23,161.9600067138672,163.42999267578125,161.91000366210938,162.77000427246094,0.0069908740848763085,0.006966551217581505
2022-08-24,162.44000244140625,163.61000061035156,162.3699951171875,163.25,0.0029489200401788818,0.002944580504679446
2022-08-25,163.97000122070312,163.99000549316406,163.24000549316406,163.75,0.003062787136294043,0.0030581063588208724
2022-08-26,163.1199951171875,163.61000061035156,161.5500030517578,161.75999450683594,-0.012152705301765265,-0.012227153201929956
2022-08-29,161.8800048828125,162.6199951171875,161.6999969482422,161.86000061035156,0.0006182375550920494,0.0006180465249853886
2022-08-30,161.27000427246094,161.42999267578125,160.33999633789062,160.50999450683594,-0.008340578885610683,-0.008375556136480044
2022-08-31,159.5,160.57000732421875,159.25999450683594,159.27000427246094,-0.007725314789180926,-0.0077553096129762645
2022-09-01,158.1699981689453,158.38999938964844,157.32000732421875,157.8699951171875,-0.008790162100319021,-0.00882902347465035
2022-09-02,159.35000610351562,160.05999755859375,159.13999938964844,159.25999450683594,0.008804709144487166,0.00876617372318804
2022-09-06,159.1699981689453,159.4600067138672,158.32000732421875,158.3300018310547,-0.0058394619355668365,-0.005856578259356107
2022-09-07,158.14999389648438,160.14999389648438,158.0800018310547,159.94000244140625,0.010168638866495439,0.010117286090114818
2022-09-08,159.5399932861328,159.86000061035156,158.7100067138672,158.97999572753906,-0.006002292729855863,-0.006020378897494643
2022-09-09,159.72000122070312,160.24000549316406,159.41000366210938,159.82000732421875,0.005283756568463582,0.005269846503477033
2022-09-12,161.0399932861328,161.6199951171875,160.5500030517578,160.6300048828125,0.005068186218703863,0.005055386193321507
2022-09-13,158.47000122070312,159.27000427246094,158.38999938964844,158.5399932861328,-0.01301133993119441,-0.013096728906648173
2022-09-14,158.67999267578125,158.97999572753906,157.72999572753906,157.92999267578125,-0.003847613448870524,-0.003855034555311845
2022-09-15,156.75999450683594,157.49000549316406,154.6199951171875,154.97999572753906,-0.018679143196684067,-0.018855801737618274
2022-09-16,154.66000366210938,156.55999755859375,154.33999633789062,155.83999633789062,0.005549107201315628,0.005533767627080334
2022-09-19,154.8699951171875,156.0399932861328,154.82000732421875,155.9600067138672,0.0007700871329356929,0.0007697907679810017
2022-09-20,155.02999877929688,155.22999572753906,154.58999633789062,155.07000732421875,-0.005706587274526553,-0.005722932055293624
2022-09-21,155.97000122070312,157.25,154.00999450683594,155.7899932861328,0.004642973675810236,0.004632228320962459
2022-09-22,156.25999450683594,156.47999572753906,155.30999755859375,155.6999969482422,-0.0005776772692025478,-0.0005778441890031698
2022-09-23,153.89999389648438,154.0,152.63999938964844,153.00999450683594,-0.01727683040546535,-0.017427816406674814
2022-09-26,153.22000122070312,153.50999450683594,151.02999877929688,151.22999572753906,-0.011633219026207842,-0.01170141432179742
2022-09-27,152.25,152.72999572753906,151.5,151.5399932861328,0.002049841746687875,0.0020477436877313054
2022-09-28,153.1999969482422,154.8800048828125,152.92999267578125,154.69000244140625,0.02078665233491006,0.020573557832177892
2022-09-29,154.13999938964844,155.02999877929688,153.16000366210938,154.66000366210938,-0.00019392836526865853,-0.0001939471718055397
2022-09-30,154.94000244140625,156.0399932861328,154.57000732421875,154.6699981689453,6.462244018679009e-05,6.462035224685361e-05
2022-10-03,155.44000244140625,158.47999572753906,155.22999572753906,158.42999267578125,0.024309785681440932,0.024019005945363412
2022-10-04,159.17999267578125,161.0800018310547,158.9199981689453,160.6999969482422,0.014328122056449066,0.014226444596111972
2022-10-05,159.32000732421875,160.0800018310547,158.3800048828125,159.80999755859375,-0.005538266375543777,-0.005553659432976476
2022-10-06,159.41000366210938,159.94000244140625,158.9499969482422,159.6300048828125,-0.00112629171222689,-0.0011269264553861384
2022-10-07,158.4600067138672,158.97999572753906,157.67999267578125,157.8800048828125,-0.010962851258976669,-0.011023386142689101
2022-10-10,155.94000244140625,156.35000610351562,155.1199951171875,155.47999572753906,-0.015201476317757034,-0.015318203217156916
2022-10-11,155.49000549316406,156.80999755859375,154.9199981689453,155.16000366210938,-0.002058091550185215,-0.002060212330939929
2022-10-12,155.50999450683594,156.2899932861328,155.25999450683594,155.99000549316406,0.00534932850905423,0.005335071671709423
2022-10-13,153.47999572753906,155.72999572753906,152.9199981689453,154.91000366210938,-0.006923532232980256,-0.006947611087114204
2022-10-14,154.02000427246094,154.1999969482422,152.72000122070312,152.97999572753906,-0.012458897998479546,-0.012537160793022467
2022-10-17,154.9199981689453,155.3300018310547,153.32000732421875,153.4199981689453,0.0028762090057179446,0.0028720806307473926
2022-10-18,154.0800018310547,154.24000549316406,153.24000549316406,153.75,0.0021509701146735782,0.002148660090392182
2022-10-19,152.08999633789062,152.49000549316406,151.5399932861328,151.69000244140625,-0.013398358104674823,-0.013488925988338462
2022-10-20,151.9199981689453,153.22999572753906,151.27000427246094,151.4499969482422,-0.0015822103586343728,-0.0015834633753089122
2022-10-21,151.97999572753906,154.30999755859375,151.8300018310547,154.14999389648438,0.017827646105301076,0.01767059741452654
2022-10-24,153.4499969482422,154.05999755859375,153.05999755859375,153.64999389648438,-0.003243594030472474,-0.0032488658845126403
2022-10-25,153.9600067138672,154.7899932861328,153.8300018310547,154.0,0.002277944142005106,0.002275353560635257
2022-10-26,154.77999877929688,155.72999572753906,154.77999877929688,154.97999572753906,0.006363608620383543,0.006343446354353355
2022-10-27,154.7100067138672,155.08999633789062,154.22000122070312,154.74000549316406,-0.001548523944967184,-0.0015497241473593686
2022-10-28,152.9600067138672,153.5399932861328,152.5,153.16000366210938,-0.010210687443231947,-0.01026317410117862
2022-10-31,152.16000366210938,152.8699951171875,151.88999938964844,151.91000366210938,-0.008161399648159207,-0.008194886192774814
2022-11-01,153.82000732421875,153.97999572753906,152.8699951171875,153.4600067138672,0.010203429757038585,0.010151726172797497
2022-11-02,154.16000366210938,155.4199981689453,152.25999450683594,152.38999938964844,-0.006972548399621914,-0.006996970202892216
2022-11-03,150.6999969482422,151.9600067138672,150.57000732421875,151.80999755859375,-0.003806036048150885,-0.003813297433937162
2022-11-04,154.9499969482422,156.60000610351562,154.66000366210938,156.47000122070312,0.030696289684813083,0.0302345832528433
2022-11-07,156.22000122070312,156.57000732421875,155.80999755859375,155.85000610351562,-0.003962389674382338,-0.003970260739379374
2022-11-08,155.99000549316406,159.8699951171875,155.97999572753906,159.4499969482422,0.023099074133724695,0.022836328940686813
2022-11-09,159.36000061035156,160.35000610351562,158.4499969482422,158.64999389648438,-0.0050172660211307285,-0.005029894759161607
2022-11-10,162.00999450683594,163.50999450683594,161.66000366210938,163.47999572753906,0.030444387121793204,0.029990153003992607
2022-11-11,163.91000366210938,164.5800018310547,163.4199981689453,164.55999755859375,0.006606324071935177,0.00658459794711783
2022-11-14,164.1999969482422,165.24000549316406,164.14999389648438,164.9199981689453,0.002187655661719301,0.0021852662272774694
2022-11-15,165.27000427246094,166.22999572753906,164.55999755859375,165.5,0.0035168677995043307,0.0035106980811025834
2022-11-16,165.41000366210938,165.7100067138672,164.8300018310547,165.1199951171875,-0.0022961020109516506,-0.0022987420952167376
2022-11-17,163.7899932861328,164.11000061035156,163.39999389648438,163.9199981689453,-0.007267423593311895,-0.007293959961673216
2022-11-18,163.3800048828125,163.69000244140625,162.67999267578125,162.7899932861328,-0.006893636502166456,-0.006917507382313755
2022-11-21,162.44000244140625,162.5,161.27999877929688,161.8800048828125,-0.005589952950737276,-0.0056056352070885974
2022-11-22,162.3000030517578,162.60000610351562,161.72000122070312,162.07000732421875,0.00117372396636517,0.0011730356909015207
2022-11-23,161.69000244140625,163.24000549316406,161.55999755859375,163.0800018310547,0.006231840940288613,0.006212503317279542
2022-11-25,162.85000610351562,163.42999267578125,162.75999450683594,163.22000122070312,0.000858470616118101,0.000858102340972588
2022-11-28,162.92999267578125,163.05999755859375,161.91000366210938,161.92999267578125,-0.007903495498554403,-0.007934893665371402
2022-11-29,162.6999969482422,163.6300048828125,162.60000610351562,162.72999572753906,0.004940425418036076,0.004928261563008794
2022-11-30,163.69000244140625,164.80999755859375,162.39999389648438,164.80999755859375,0.012781920270785507,0.012700921015012894
2022-12-01,167.47999572753906,167.9499969482422,166.97999572753906,167.83999633789062,0.01838479961277617,0.01821784239630758
2022-12-02,166.17999267578125,167.47000122070312,165.75999450683594,167.25999450683594,-0.0034556830535615868,-0.0034616677176241193
2022-12-05,166.5500030517578,166.72000122070312,164.32000732421875,164.38999938964844,-0.017158885635801036,-0.01730780530272015
2022-12-06,165.1999969482422,165.5399932861328,164.4499969482422,164.83999633789062,0.0027373742314797944,0.0027336344458788004
2022-12-07,165.47000122070312,166.63999938964844,165.32000732421875,166.3300018310547,0.009039101712364994,0.008998493556537802
2022-12-08,166.5800018310547,167.0500030517578,166.07000732421875,166.47000122070312,0.0008416965556858891,0.0008413425277820795
2022-12-09,167.25999450683594,168.08999633789062,166.60000610351562,167.05999755859375,0.003544160110315664,0.0035378943750204003
2022-12-12,166.44000244140625,166.60000610351562,165.42999267578125,165.67999267578125,-0.008260534556326027,-0.008294841833501867
2022-12-13,169.2100067138672,169.7899932861328,168.02000427246094,168.50999450683594,0.017081132038632596,0.016936889733695327
2022-12-14,168.42999267578125,168.80999755859375,167.13999938964844,168.10000610351562,-0.0024330212847030186,-0.0024359858905979824
2022-12-15,165.72999572753906,166.2100067138672,165.10000610351562,165.35000610351562,-0.01635930934057528,-0.016494600382901816
2022-12-16,166.02000427246094,166.97999572753906,165.83999633789062,166.7899932861328,0.008708721678036602,0.008671019495160068
2022-12-19,166.7100067138672,167.11000061035156,165.99000549316406,166.32000732421875,-0.0028178306902848504,-0.0028218082489996433
2022-12-20,168.10000610351562,169.52999877929688,168.02999877929688,169.0800018310547,0.016594482836064905,0.016458298941440037
2022-12-21,169.0399932861328,169.7100067138672,168.67999267578125,168.8000030517578,-0.0016560135809358112,-0.0016573862871153066
2022-12-22,167.75999450683594,167.75999450683594,166.05999755859375,166.75999450683594,-0.012085358459954287,-0.012158980168932585
2022-12-23,166.8800048828125,167.8000030517578,166.66000366210938,167.25999450683594,0.002998321039039853,0.002993835039254722
2022-12-27,167.88999938964844,170.61000061035156,167.8000030517578,168.6699981689453,0.008430011409881644,0.008394677302769623
2022-12-28,168.0500030517578,168.33999633789062,167.10000610351562,167.91000366210938,-0.004505807286929064,-0.004515989032750605
2022-12-29,168.5399932861328,169.35000610351562,168.52000427246094,168.85000610351562,0.005598251568726287,0.005582639597805041
2022-12-30,169.25999450683594,169.89999389648438,168.8000030517578,169.63999938964844,0.0046786689817972515,0.004667758029330661
2023-01-03,171.32000732421875,172.08999633789062,170.02000427246094,171.05999755859375,0.008370656531798915,0.008335816871946341
2023-01-04,172.86000061035156,173.08999633789062,171.85000610351562,172.6699981689453,0.0094119059589024,0.009367889939565922
2023-01-05,170.82000732421875,171.0,169.7899932861328,170.52000427246094,-0.012451461859522062,-0.01252963086748756
2023-01-06,171.75999450683594,173.9600067138672,171.22999572753906,173.7100067138672,0.01870749684189077,0.01853466381119925
2023-01-09,174.50999450683594,175.0399932861328,173.8800048828125,174.10000610351562,0.0022451175785793698,0.0022426010679794787
2023-01-10,174.61000061035156,174.97999572753906,174.05999755859375,174.74000549316406,0.0036760446135073455,0.003669304474491391
2023-01-11,174.75999450683594,174.7899932861328,173.72000122070312,174.6199951171875,-0.000686793935011365,-0.0006870298860052756
2023-01-12,176.00999450683594,176.7100067138672,174.8800048828125,176.63999938964844,0.011568000967502767,0.011501603213231942
2023-01-13,176.9600067138672,178.8300018310547,176.88999938964844,178.75999450683594,0.012001783992939385,0.011930333702592914
2023-01-17,178.2100067138672,178.24000549316406,177.08999633789062,177.58999633789062,-0.00654507834469964,-0.006566591290624395
2023-01-18,178.9199981689453,179.17999267578125,176.89999389648438,177.0800018310547,-0.0028717524486322477,-0.0028758838411488395
2023-01-19,178.3699951171875,180.02999877929688,178.08999633789062,179.88999938964844,0.015868520044824974,0.015743931377470842
2023-01-20,179.05999755859375,179.66000366210938,178.64999389648438,179.2899932861328,-0.003335405556458948,-0.0033409804213138158
2023-01-23,178.35000610351562,179.69000244140625,177.77999877929688,179.6300048828125,0.0018964337632443318,0.0018946378029897782
2023-01-24,179.55999755859375,180.32000732421875,178.35000610351562,180.27999877929688,0.003618515163479552,0.0036119840879409123
2023-01-25,179.35000610351562,181.22000122070312,179.2899932861328,181.11000061035156,0.004603959599926544,0.004593393795208086
2023-01-26,180.14999389648438,180.27000427246094,178.4600067138672,179.47000122070312,-0.009055266877154966,-0.009096515003608066
2023-01-27,179.27000427246094,179.72000122070312,178.25999450683594,179.22000122070312,-0.0013929904624704337,-0.0013939615756237058
2023-01-30,179.2899932861328,179.42999267578125,178.64999389648438,178.75999450683594,-0.002566715270248765,-0.002570014931290955
2023-01-31,178.82000732421875,179.6999969482422,178.5399932861328,179.41000366210938,0.0036362115419990015,0.0036296165072691286
2023-02-01,179.75,181.72999572753906,178.6300048828125,181.6699981689453,0.012596814339808304,0.012518134528387544
2023-02-02,181.0800018310547,181.11000061035156,177.74000549316406,177.89999389648438,-0.02075193653580043,-0.0209702840085377
2023-02-03,174.9199981689453,175.42999267578125,173.1199951171875,173.4600067138672,-0.024957770292002968,-0.025274496401227434
2023-02-06,174.11000061035156,174.4600067138672,173.27999877929688,173.82000732421875,0.0020754098721176284,0.002073259184240806
2023-02-07,173.72000122070312,175.27000427246094,173.47000122070312,173.97999572753906,0.000920425708082595,0.0009200023760844002
2023-02-08,174.94000244140625,174.99000549316406,173.8300018310547,174.41000366210938,0.002471594120761589,0.002468544755507998
2023-02-09,175.49000549316406,175.52000427246094,172.8699951171875,173.02999877929688,-0.007912418174625069,-0.007943887464013586
2023-02-10,173.6300048828125,173.67999267578125,172.6300048828125,173.36000061035156,0.0019071943211166342,0.0019053779351280687
2023-02-13,172.6999969482422,172.89999389648438,172.07000732421875,172.47999572753906,-0.005076170279846859,-0.005089097798950408
2023-02-14,171.97000122070312,173.50999450683594,171.41000366210938,172.61000061035156,0.0007537389032514774,0.000753454984742333
2023-02-15,170.60000610351562,170.99000549316406,170.16000366210938,170.88999938964844,-0.00996466725346834,-0.010014646847400324
2023-02-16,170.33999633789062,171.60000610351562,169.9600067138672,170.75,-0.0008192368783922488,-0.0008195726363130796
2023-02-17,169.8699951171875,171.47000122070312,169.52000427246094,171.25999450683594,0.002986790669610162,0.002982339072148569
2023-02-21,171.1999969482422,171.5,170.33999633789062,170.6199951171875,-0.003737004613899475,-0.0037440046605545256
2023-02-22,170.80999755859375,170.9600067138672,169.55999755859375,169.66000366210938,-0.005626488586046308,-0.0056423768979153
2023-02-23,169.83999633789062,170.1300048828125,169.0800018310547,169.57000732421875,-0.0005304511136865475,-0.0005305918526508475
2023-02-24,168.4199981689453,168.83999633789062,168.19000244140625,168.35000610351562,-0.00719467575637045,-0.0072206822499255125
2023-02-27,168.8800048828125,169.22999572753906,168.5500030517578,169.00999450683594,0.003920334893926292,0.003912670406128105
2023-02-28,168.77999877929688,170.25,168.58999633789062,169.77999877929688,0.00455596886271592,0.004545621851780495
2023-03-01,170.9499969482422,171.49000549316406,170.47000122070312,170.75999450683594,0.005772150633673867,0.005755555600934512
2023-03-02,170.52000427246094,170.97999572753906,170.36000061035156,170.66000366210938,-0.0005855636445488699,-0.000585735153896139
2023-03-03,171.4499969482422,172.60000610351562,170.97999572753906,172.49000549316406,0.010723085619275707,0.010666001055863707
2023-03-06,172.32000732421875,172.3699951171875,171.5399932861328,171.6199951171875,-0.005043830646819902,-0.0050565936951402655
2023-03-07,170.4199981689453,170.47000122070312,168.52000427246094,168.6199951171875,-0.017480480627863337,-0.017635068390636166
2023-03-08,168.61000061035156,169.58999633789062,168.52000427246094,168.5399932861328,-0.00047445044105887124,-0.0004745630282821619
2023-03-09,169.75,170.64999389648438,169.7100067138672,170.1999969482422,0.009849316056938173,0.00980112770009771
2023-03-10,171.92999267578125,173.8800048828125,171.9199981689453,173.8699951171875,0.021562856843419187,0.021333667247723984
2023-03-13,176.66000366210938,178.02000427246094,176.3000030517578,177.86000061035156,0.022948211912439564,0.022688861946558777
2023-03-14,177.35000610351562,177.58999633789062,176.2100067138672,176.8300018310547,-0.005791064746217711,-0.005807897981361377
2023-03-15,178.86000061035156,180.1300048828125,177.49000549316406,178.2100067138672,0.007804133170404848,0.007773838437142398
2023-03-16,179.50999450683594,179.64999389648438,177.8699951171875,178.57000732421875,0.002020092008242713,0.0020180543660701534
2023-03-17,181.02000427246094,184.80999755859375,180.77000427246094,183.77000427246094,0.02912021467748982,0.028704276731304653
2023-03-20,184.19000244140625,184.5399932861328,182.74000549316406,183.83999633789062,0.0003808677357699519,0.0003807952240648717
2023-03-21,182.64999389648438,182.72999572753906,179.89999389648438,180.3699951171875,-0.018875115806276432,-0.01905552456933767
2023-03-22,180.39999389648438,183.94000244140625,180.27999877929688,183.44000244140625,0.01702060989813825,0.016877382247649345
2023-03-23,183.91000366210938,186.24000549316406,183.60000610351562,185.74000549316406,0.012538176085624908,0.012460224063675791
2023-03-24,185.61000061035156,185.99000549316406,183.6199951171875,183.64999389648438,-0.011252350246951037,-0.011316136891165252
2023-03-27,181.14999389648438,182.14999389648438,180.69000244140625,181.9499969482422,-0.009256722051406152,-0.009299831745516636
2023-03-28,182.30999755859375,183.6199951171875,182.1199951171875,183.44000244140625,0.008189093257242153,0.008155744573006158
2023-03-29,182.49000549316406,183.27000427246094,182.24000549316406,182.52999877929688,-0.00496077000653139,-0.0049731154716589265
2023-03-30,182.75,184.44000244140625,182.5500030517578,184.17999267578125,0.009039576549164652,0.008998964139577773
2023-03-31,184.11000061035156,184.4199981689453,182.8000030517578,183.22000122070312,-0.005212246135594234,-0.0052258772770236855
2023-04-03,183.85000610351562,185.0399932861328,183.32000732421875,184.5399932861328,0.007204410308019105,0.00717858251921089
2023-04-04,184.72000122070312,188.22999572753906,184.66000366210938,187.97999572753906,0.018640958960437715,0.018469345695108493
2023-04-05,188.33999633789062,188.86000061035156,186.77999877929688,187.8300018310547,-0.0007979247786651378,-0.0007982432900847153
2023-04-06,186.88999938964844,187.25999450683594,185.9499969482422,186.49000549316406,-0.007134091065472581,-0.007159660374899705
2023-04-10,185.17999267578125,185.36000061035156,184.19000244140625,185.11000061035156,-0.007399886547073353,-0.007427401530065852
2023-04-11,185.91000366210938,186.50999450683594,185.63999938964844,186.27999877929688,0.006320556237305208,0.00630066529229045
2023-04-12,187.5399932861328,187.66000366210938,185.97000122070312,187.19000244140625,0.004885138866613126,0.0048732452945133
2023-04-13,189.75999450683594,190.41000366210938,188.99000549316406,189.72000122070312,0.013515672558895409,0.013425150587981827
2023-04-14,188.0800018310547,188.49000549316406,185.1699981689453,186.36000061035156,-0.017710313033589165,-0.017869017219899228
2023-04-17,185.88999938964844,185.92999267578125,184.10000610351562,185.52999877929688,-0.0044537552497120325,-0.00446370276447651
2023-04-18,185.24000549316406,186.99000549316406,185.0399932861328,186.25,0.003880780603893852,0.0038732698004284223
2023-04-19,184.35000610351562,185.5800018310547,184.27999877929688,185.36000061035156,-0.004778520212877502,-0.004789973842758077
2023-04-20,186.13999938964844,187.02999877929688,185.77999877929688,186.08999633789062,0.00393825919904689,0.003930524556986942
2023-04-21,184.97999572753906,185.67999267578125,183.22000122070312,184.25,-0.00988766926809792,-0.009936876904451757
2023-04-24,184.07000732421875,185.02999877929688,183.4600067138672,184.80999755859375,0.003039335460481629,0.0030347260178608367
2023-04-25,184.83999633789062,186.22000122070312,184.3000030517578,185.75,0.005086318131183543,0.005073426510561733
2023-04-26,186.6300048828125,186.64999389648438,184.3000030517578,184.74000549316406,-0.0054373863086726315,-0.005452222698837164
2023-04-27,183.89999389648438,184.99000549316406,183.3800048828125,184.75,5.410039265330013e-05,5.4098929279836664e-05
2023-04-28,184.7899932861328,185.3800048828125,184.1699981689453,184.8000030517578,0.0002706525128974846,0.0002706158931134578
2023-05-01,186.0500030517578,186.22000122070312,183.91000366210938,183.97000122070312,-0.004491351825477108,-0.004501468248394752
2023-05-02,184.64999389648438,187.63999938964844,184.52000427246094,187.52000427246094,0.019296640909943763,0.01911282169964576
2023-05-03,187.61000061035156,189.2100067138672,186.92999267578125,189.11000061035156,0.008479075840785555,0.00844333039400089
2023-05-04,188.86000061035156,191.36000061035156,188.80999755859375,190.44000244140625,0.00703295344911492,0.007008337579460111
2023-05-05,186.55999755859375,187.5800018310547,185.77000427246094,187.4600067138672,-0.015647950479605433,-0.015771672012865213
2023-05-08,187.82000732421875,188.6699981689453,187.49000549316406,187.69000244140625,0.0012269055761324754,0.0012261535425393925
2023-05-09,188.1199951171875,189.3300018310547,188.07000732421875,189.02000427246094,0.007086162362163639,0.007061173494320752
2023-05-10,188.97999572753906,189.63999938964844,187.82000732421875,188.75,-0.001428442843921074,-0.0014294640409972018
2023-05-11,188.44000244140625,188.80999755859375,186.86000061035156,187.1300048828125,-0.008582755587748347,-0.008619799546280105
2023-05-12,187.42999267578125,187.9199981689453,186.5800018310547,186.80999755859375,-0.0017100802429794726,-0.001711544099310757
2023-05-15,187.3000030517578,187.8800048828125,187.02999877929688,187.2100067138672,0.0021412620336231925,0.0021389727993926496
2023-05-16,186.5800018310547,186.82000732421875,184.4600067138672,184.8699951171875,-0.0124993937971285,-0.01257816833072297
2023-05-17,184.30999755859375,184.4499969482422,183.47999572753906,184.22999572753906,-0.0034618889303412725,-0.003467895133703326
2023-05-18,182.10000610351562,182.27999877929688,181.33999633789062,181.83999633789062,-0.012972911279784505,-0.013057794413406836
2023-05-19,182.25,184.33999633789062,181.80999755859375,183.63999938964844,0.0098988291245512,0.009850156652287684
2023-05-22,183.22000122070312,183.83999633789062,182.91000366210938,183.2100067138672,-0.002341497915543389,-0.002344243508491738
2023-05-23,182.77999877929688,183.75999450683594,182.47999572753906,183.42999267578125,0.001200731149241463,0.0012000108481294142
2023-05-24,183.5399932861328,183.5399932861328,181.77000427246094,181.9499969482422,-0.008068450017086337,-0.008101176111367243
2023-05-25,181.17999267578125,181.30999755859375,180.10000610351562,180.1999969482422,-0.009618027091793824,-0.00966457904681634
2023-05-26,181.00999450683594,181.3000030517578,180.08999633789062,180.9199981689453,0.003995567330169925,0.003987606250000357
2023-05-30,181.72000122070312,182.39999389648438,181.1699981689453,182.0399932861328,0.006190554546333882,0.006171471778321201
2023-05-31,182.38999938964844,183.4499969482422,182.10000610351562,182.32000732421875,0.0015382006614657051,0.001537018842589403
2023-06-01,182.80999755859375,184.2100067138672,182.72000122070312,183.75999450683594,0.00789813034647624,0.007867103377943253
2023-06-02,183.52999877929688,183.55999755859375,180.9600067138672,181.0500030517578,-0.014747450675273721,-0.014857275420164701
2023-06-05,180.7899932861328,182.44000244140625,180.60000610351562,182.13999938964844,0.006020416015011243,0.0060023657211361265
2023-06-06,182.36000061035156,182.64999389648438,181.52000427246094,182.33999633789062,0.0010980396887689814,0.0010974372841257363
2023-06-07,181.94000244140625,183.0,180.14999389648438,180.14999389648438,-0.012010543410059138,-0.012083252758880945
2023-06-08,182.0,183.0399932861328,181.9600067138672,182.52999877929688,0.013211240429905624,0.013124733073092816
2023-06-09,182.36000061035156,182.7899932861328,181.72000122070312,182.0399932861328,-0.0026845203333208945,-0.002688130119841765
2023-06-12,181.8000030517578,181.94000244140625,181.0399932861328,181.8800048828125,-0.0008788640365902101,-0.0008792504640156504
2023-06-13,182.10000610351562,182.42999267578125,180.1699981689453,180.5399932861328,-0.007367558613950331,-0.00739483312084137
2023-06-14,181.69000244140625,181.9600067138672,180.13999938964844,180.63999938964844,0.0005539277015322863,0.0005537743402144653
2023-06-15,180.27999877929688,182.0500030517578,180.17999267578125,181.91000366210938,0.007030581691497284,0.007005982383036308
2023-06-16,181.92999267578125,182.6199951171875,181.41000366210938,181.6300048828125,-0.0015392159510752013,-0.0015404017609150433
2023-06-20,180.05999755859375,180.08999633789062,179.22000122070312,179.75,-0.010350739592973501,-0.010404681043488588
2023-06-21,179.14999389648438,179.9499969482422,178.19000244140625,179.49000549316406,-0.0014464228474878604,-0.0014474699268161662
2023-06-22,178.36000061035156,178.99000549316406,177.6300048828125,177.7100067138672,-0.009916979914319946,-0.009966480697039254
2023-06-23,179.60000610351562,179.9499969482422,178.08999633789062,178.1999969482422,0.0027572461643308177,0.0027534519339434175
2023-06-26,179.0500030517578,179.0800018310547,178.4199981689453,178.50999450683594,0.0017396047357047806,0.0017380933759117798
2023-06-27,179.07000732421875,179.2899932861328,177.42999267578125,177.69000244140625,-0.004593535884055422,-0.00460411859047838
2023-06-28,177.22999572753906,177.69000244140625,176.6999969482422,177.27999877929688,-0.002307409851291853,-0.002310076023493695
2023-06-29,175.8300018310547,177.6300048828125,175.7899932861328,177.08999633789062,-0.001071764681377263,-0.0010723394318449203
2023-06-30,177.69000244140625,178.52999877929688,177.32000732421875,178.27000427246094,0.006663323502016594,0.006641221688667137
2023-07-03,178.61000061035156,179.33999633789062,178.4600067138672,178.47000122070312,0.0011218766110339118,0.001121247777740352
2023-07-05,179.41000366210938,179.4199981689453,177.8300018310547,177.83999633789062,-0.00353003237800964,-0.003536277643963551
2023-07-06,177.50999450683594,177.8000030517578,176.66000366210938,177.30999755859375,-0.002980200124891419,-0.002984649764026069
2023-07-07,178.3800048828125,179.64999389648438,178.35000610351562,178.63999938964844,0.007500997402107412,0.007473004815488796
2023-07-10,178.3699951171875,178.9199981689453,178.25999450683594,178.77999877929688,0.0007836956455820054,0.0007833887164984092
2023-07-11,179.42999267578125,179.7100067138672,179.1300048828125,179.4499969482422,0.0037476125602418087,0.003740607755698653
2023-07-12,181.17999267578125,181.9499969482422,181.10000610351562,181.8800048828125,0.013541420874312982,0.013450555215707776
2023-07-13,181.9600067138672,182.14999389648438,181.49000549316406,182.00999450683594,0.0007146999149643118,0.0007144446386035077
2023-07-14,181.58999633789062,182.1699981689453,181.11000061035156,181.42999267578125,-0.0031866482531699436,-0.0031917364290746223
2023-07-17,180.99000549316406,181.6300048828125,180.63999938964844,181.55999755859375,0.0007165567329587841,0.0007163001287566721
2023-07-18,182.7899932861328,184.22999572753906,182.32000732421875,183.63999938964844,0.011456278139590825,0.011391151915954547
2023-07-19,183.4499969482422,183.83999633789062,182.8699951171875,183.6699981689453,0.00016335645500209495,0.00016334311378929522
2023-07-20,183.72999572753906,183.77000427246094,182.47000122070312,182.74000549316406,-0.005063389149303599,-0.005076251540707524
2023-07-21,182.05999755859375,182.4600067138672,181.67999267578125,182.17999267578125,-0.0030645332195952113,-0.003069238517008006
2023-07-24,182.22000122070312,182.5399932861328,181.33999633789062,181.39999389648438,-0.00428147332668416,-0.0042906650791519445
2023-07-25,181.72000122070312,182.47000122070312,181.10000610351562,182.41000366210938,0.005567859975791123,0.0055524167407640206
2023-07-26,182.66000366210938,183.63999938964844,182.30999755859375,183.3000030517578,0.0048791150253855164,0.0048672507195615744
2023-07-27,181.63999938964844,181.63999938964844,180.32000732421875,180.4199981689453,-0.01571197400361901,-0.015836715414990758
2023-07-28,181.47999572753906,182.27000427246094,181.25,181.86000061035156,0.007981390400291666,0.007949707574281263
2023-07-31,182.42999267578125,183.08999633789062,182.30999755859375,182.35000610351562,0.0026944104889450315,0.002690787072192315
2023-08-01,180.85000610351562,181.3800048828125,180.19000244140625,180.4600067138672,-0.010364679607279714,-0.010418766955581948
2023-08-02,180.57000732421875,180.7899932861328,179.41000366210938,179.60000610351562,-0.004765602229612864,-0.004776993918500052
2023-08-03,179.44000244140625,179.9499969482422,179.27999877929688,179.5399932861328,-0.0003341470787491252,-0.00033420291832367705
2023-08-04,180.25,180.77000427246094,179.85000610351562,180.19000244140625,0.003620414278603157,0.003613876354074006
2023-08-07,180.14999389648438,180.14999389648438,179.27000427246094,179.77999877929688,-0.0022753962847783527,-0.002277988932518744
2023-08-08,178.63999938964844,179.3300018310547,178.4600067138672,178.63999938964844,-0.006341080194621318,-0.006361270240024672
2023-08-09,178.67999267578125,178.9199981689453,177.77999877929688,177.7899932861328,-0.00475820704444585,-0.00476956334967285
2023-08-10,178.22000122070312,178.6999969482422,177.5399932861328,177.60000610351562,-0.0010686044760203073,-0.0010691758408616784
2023-08-11,177.6999969482422,178.36000061035156,177.49000549316406,177.60000610351562,0.0,0.0
2023-08-14,176.86000061035156,177.5800018310547,176.5800018310547,177.05999755859375,-0.003040588549344525,-0.003045220530389694
2023-08-15,176.75,177.42999267578125,176.3300018310547,176.58999633789062,-0.002654474343068869,-0.0026580037072091345
2023-08-16,176.6199951171875,176.9499969482422,175.55999755859375,175.57000732421875,-0.005776029417432049,-0.005792775189194925
2023-08-17,176.52999877929688,176.55999755859375,174.92999267578125,175.3000030517578,-0.0015378724223797935,-0.0015390561619561794
2023-08-18,175.8300018310547,176.05999755859375,175.10000610351562,175.3300018310547,0.00017112823031739666,0.0001711135895520659
2023-08-21,175.89999389648438,175.94000244140625,174.9600067138672,175.80999755859375,0.002737670236275802,0.00273392964256731
2023-08-22,175.8300018310547,176.25,175.30999755859375,176.10000610351562,0.0016495566176504273,0.0016481975934526548
2023-08-23,177.32000732421875,178.22000122070312,177.07000732421875,177.88999938964844,0.01016464068195777,0.010113328144583607
2023-08-24,177.66000366210938,178.49000549316406,177.41000366210938,177.85000610351562,-0.00022482031744353037,-0.0002248455933195227
2023-08-25,177.5800018310547,178.3800048828125,176.6300048828125,177.6199951171875,-0.0012932863561120334,-0.0012941233726573686
2023-08-28,177.64999389648438,178.72999572753906,177.50999450683594,178.1300048828125,0.0028713533365909427,0.002867238875764686
2023-08-29,178.02999877929688,179.8800048828125,177.89999389648438,179.8699951171875,0.009768091768254772,0.00972069237763269
2023-08-30,180.5800018310547,180.8800048828125,180.2899932861328,180.32000732421875,0.0025018747942815445,0.002498750315822613
2023-08-31,180.3699951171875,180.49000549316406,179.94000244140625,180.02000427246094,-0.0016637258183913595,-0.001665111347163996
2023-09-01,180.8000030517578,181.1199951171875,179.50999450683594,180.11000061035156,0.0004999240959600026,0.0004997991755412262
2023-09-05,179.3300018310547,179.44000244140625,178.63999938964844,178.63999938964844,-0.008161685723844458,-0.008195174622491511
2023-09-06,178.3300018310547,179.00999450683594,177.6999969482422,177.8300018310547,-0.004534245193468567,-0.004544556063018457
2023-09-07,178.30999755859375,178.3699951171875,177.89999389648438,178.02000427246094,0.0010684498647577367,0.0010678794784509471
2023-09-08,178.36000061035156,179.0500030517578,177.89999389648438,178.0800018310547,0.0003370270596214642,0.0003369702787594387
2023-09-11,178.97000122070312,179.07000732421875,178.25999450683594,178.41000366210938,0.001853109993606994,0.0018513951035425602
2023-09-12,177.11000061035156,177.6999969482422,177.0500030517578,177.49000549316406,-0.005156651253074851,-0.005169992663578624
2023-09-13,177.52999877929688,177.75,177.0399932861328,177.0800018310547,-0.0023100098564432514,-0.002312682045193072
2023-09-14,176.5,177.38999938964844,176.36000061035156,177.1699981689453,0.0005082241752882855,0.0005080950731221542
2023-09-15,178.5500030517578,179.11000061035156,178.33999633789062,178.33999633789062,0.006603816566220333,0.00658210689497754
2023-09-18,178.82000732421875,179.41000366210938,178.3800048828125,179.38999938964844,0.005887647601878543,0.00587038313631886
2023-09-19,179.5399932861328,179.64999389648438,179.02999877929688,179.22000122070312,-0.0009476457412548323,-0.0009480950413542692
2023-09-20,179.33999633789062,180.66000366210938,179.32000732421875,179.35000610351562,0.0007253927124595272,0.0007251297423292754
2023-09-21,177.86000061035156,178.49000549316406,177.69000244140625,178.0500030517578,-0.007248413758109917,-0.0072748111459232075
2023-09-22,178.64999389648438,178.9499969482422,178.50999450683594,178.6199951171875,0.0032013033173832195,0.0031961900557462815
2023-09-25,178.41000366210938,178.7100067138672,177.63999938964844,177.6999969482422,-0.005150588926742139,-0.005163898932470834
2023-09-26,176.8300018310547,177.13999938964844,176.16000366210938,176.27999877929688,-0.007990985893820302,-0.008023084937964609
2023-09-27,175.27000427246094,175.32000732421875,173.6999969482422,174.10000610351562,-0.012366647894697436,-0.012443751217319037
2023-09-28,173.91000366210938,174.13999938964844,172.32000732421875,173.22999572753906,-0.004997187509914736,-0.005009715204337903
2023-09-29,173.9199981689453,174.02999877929688,171.27000427246094,171.4499969482422,-0.01027534966921384,-0.010328505518099336
2023-10-02,170.22999572753906,170.4600067138672,169.5,169.64999389648438,-0.010498705650611395,-0.0105542058560987
2023-10-03,169.13999938964844,170.0800018310547,168.75,169.16000366210938,-0.0028882419805683623,-0.002892421000056923
2023-10-04,169.2100067138672,169.41000366210938,168.5,169.13999938964844,-0.00011825651470720455,-0.00011826350756014561
2023-10-05,168.74000549316406,169.0,168.3000030517578,168.8300018310547,-0.0018327868021307259,-0.0018344684108627424
2023-10-06,169.1699981689453,170.22999572753906,168.5,169.6999969482422,0.005153083621109555,0.005139851922273756
2023-10-09,171.17999267578125,172.86000061035156,171.0800018310547,172.82000732421875,0.01838544744893622,0.018218478536943455
2023-10-10,172.0800018310547,172.8000030517578,171.89999389648438,172.52999877929688,-0.0016780958953311886,-0.0016795054754092334
2023-10-11,173.60000610351562,174.1300048828125,173.25999450683594,173.7899932861328,0.007303045938392039,0.007276507826110017
2023-10-12,174.05999755859375,174.22999572753906,173.24000549316406,173.25999450683594,-0.0030496507265770356,-0.0030543103873241243
2023-10-13,176.88999938964844,179.10000610351562,176.72000122070312,178.8300018310547,0.03214825984540237,0.03164231938177581
2023-10-16,177.83999633789062,178.3300018310547,177.5399932861328,177.9600067138672,-0.004864928190345896,-0.004876800474351656
2023-10-17,178.3699951171875,179.1300048828125,177.97999572753906,178.2899932861328,0.001854273768354009,0.0018525567250013085
2023-10-18,180.88999938964844,182.02000427246094,179.75,180.8699951171875,0.014470816805260078,0.014367113783494704
2023-10-19,181.0399932861328,183.42999267578125,180.82000732421875,183.08999633789062,0.012274016037125302,0.012199301049654077
2023-10-20,183.42999267578125,185.22999572753906,183.08999633789062,183.58999633789062,0.0027308974274993236,0.0027271753020748097
2023-10-23,183.50999450683594,183.55999755859375,182.7100067138672,182.97000122070312,-0.0033770637265356784,-0.0033827788768209456
2023-10-24,182.07000732421875,183.39999389648438,181.67999267578125,182.9499969482422,-0.0001093308866343401,-0.00010933686369138149
2023-10-25,183.4199981689453,184.3000030517578,182.0399932861328,183.72000122070312,0.004208823642007475,0.004199991317574014
2023-10-26,183.39999389648438,184.49000549316406,182.8699951171875,184.00999450683594,0.0015784524505007003,0.00157720800379265
2023-10-27,183.75999450683594,186.36000061035156,183.47000122070312,186.14999389648438,0.011629799758343662,0.011562693424814757
2023-10-30,185.5399932861328,185.6999969482422,184.72999572753906,185.10000610351562,-0.00564054701797434,-0.0056565149769635704
2023-10-31,185.0800018310547,186.2100067138672,183.5,184.08999633789062,-0.005456562573315948,-0.005471503988171267
2023-11-01,183.91000366210938,185.0,182.6699981689453,183.50999450683594,-0.003150642851826202,-0.0031556165767174377
2023-11-02,184.1300048828125,184.27999877929688,183.5,184.1199951171875,0.0033240729584831374,0.0033185604405963163
2023-11-03,184.47999572753906,185.47000122070312,184.35000610351562,184.7899932861328,0.003638921283475316,0.0036323164276059108
2023-11-06,184.13999938964844,184.22999572753906,183.33999633789062,183.35000610351562,-0.007792560392528847,-0.00782308105070571
2023-11-07,182.25,182.64999389648438,181.75,182.58999633789062,-0.0041451308444239165,-0.004153745714032089
2023-11-08,182.00999450683594,182.07000732421875,180.57000732421875,180.77000427246094,-0.00996764391222027,-0.010017653470627112
2023-11-09,180.97999572753906,182.27999877929688,180.88999938964844,181.49000549316406,0.003982968433291267,0.003975057413790778
2023-11-10,180.50999450683594,180.58999633789062,179.25,179.50999450683594,-0.010909752197912126,-0.010969699953245399
2023-11-13,179.39999389648438,180.72999572753906,179.11000061035156,180.50999450683594,0.005570720464602941,0.005555261386915847
2023-11-14,181.6999969482422,182.75,181.6199951171875,182.1199951171875,0.008919177105678688,0.008879636186604733
2023-11-15,182.02999877929688,182.17999267578125,181.30999755859375,181.63999938964844,-0.002635601473798599,-0.0026390807860946154
2023-11-16,182.85000610351562,184.32000732421875,182.8000030517578,183.69000244140625,0.011286077178189302,0.011222864579353571
2023-11-17,183.9600067138672,184.1300048828125,183.4499969482422,183.6699981689453,-0.00010890234740634774,-0.00010890827769753537
2023-11-20,182.32000732421875,183.47999572753906,182.22999572753906,183.3699951171875,-0.0016333808174913145,-0.0016347162383040547
2023-11-21,185.57000732421875,186.1199951171875,185.07000732421875,185.35000610351562,0.01079790063288577,0.010740019593542038
2023-11-22,185.47000122070312,185.72000122070312,184.27000427246094,184.55999755859375,-0.004262252597287075,-0.004271361889171939
2023-11-24,185.47000122070312,185.75,185.16000366210938,185.52000427246094,0.005201596914642392,0.005188115339681599
2023-11-27,186.55999755859375,186.8000030517578,185.92999267578125,186.77000427246094,0.006737817869841178,0.006715220224108336
2023-11-28,187.89999389648438,189.39999389648438,187.52000427246094,189.25999450683594,0.013331852960406732,0.013243765854618068
2023-11-29,189.16000366210938,189.99000549316406,189.02000427246094,189.5399932861328,0.0014794398574642376,0.0014783465644929395
2023-11-30,188.88999938964844,189.24000549316406,188.27999877929688,188.75,-0.004167950375202456,-0.004176660491012712
2023-12-01,188.80999755859375,192.39999389648438,188.69000244140625,192.00999450683594,0.017271494075951965,0.0171240372669512
2023-12-04,189.60000610351562,190.3800048828125,187.25999450683594,187.86000061035156,-0.02161342646325959,-0.021850417580745678
2023-12-05,187.5500030517578,187.8800048828125,186.3000030517578,187.14999389648438,-0.0037794459254785195,-0.003786606077863042
2023-12-06,188.32000732421875,188.4600067138672,187.5,187.83999633789062,0.0036868953454944897,0.003680115406357525
2023-12-07,188.4499969482422,188.58999633789062,187.25999450683594,188.14999389648438,0.0016503277504122948,0.001648967455985853
2023-12-08,185.92999267578125,186.77999877929688,184.89999389648438,185.63999938964844,-0.01334039111485108,-0.013430173514668298
2023-12-11,184.5,184.52999877929688,183.14999389648438,183.58999633789062,-0.011042895165362276,-0.011104320560253362
2023-12-12,183.83999633789062,183.97999572753906,183.25999450683594,183.49000549316406,-0.0005446421195114404,-0.0005447904909059331
2023-12-13,183.82000732421875,187.66000366210938,183.3800048828125,187.6300048828125,0.022562533466176538,0.02231176448891427
2023-12-14,188.86000061035156,189.82000732421875,188.0800018310547,188.72999572753906,0.005862552982469849,0.005845435089187853
2023-12-15,188.52000427246094,188.9600067138672,186.82000732421875,187.0,-0.009166511771857233,-0.009208782757507668
2023-12-18,187.5,188.49000549316406,187.24000549316406,187.85000610351562,0.004545487184575592,0.004535187656823467
2023-12-19,188.22999572753906,189.72000122070312,188.1300048828125,189.1300048828125,0.00681394057869511,0.006790830606181505
2023-12-20,188.69000244140625,188.9600067138672,188.08999633789062,188.10000610351562,-0.005445982936102989,-0.005460866362358439
2023-12-21,189.2100067138672,189.6199951171875,188.75,189.42999267578125,0.007070635455129759,0.007045755720440373
2023-12-22,191.60000610351562,191.8800048828125,190.07000732421875,190.27000427246094,0.004434417088942322,0.004424614031362936
2023-12-26,190.97000122070312,191.74000549316406,190.39999389648438,191.72000122070312,0.007620733251079592,0.007591842151508473
2023-12-27,191.77000427246094,193.17999267578125,191.5399932861328,192.58999633789062,0.004537842226414179,0.0045275772625212145
2023-12-28,192.33999633789062,192.88999938964844,191.44000244140625,191.47000122070312,-0.005815437657636813,-0.005832413160524644
2023-12-29,190.99000549316406,191.63999938964844,190.74000549316406,191.1699981689453,-0.001566841018672216,-0.001568069797763166
2024-01-02,191.44000244140625,191.88999938964844,190.5,190.72000122070312,-0.002353909884146743,-0.0023566846852945507
2024-01-03,188.77000427246094,189.86000061035156,188.16000366210938,189.1300048828125,-0.008336809604204354,-0.008371755159892112
2024-01-04,189.0800018310547,189.75,188.69000244140625,189.32000732421875,0.0010046128932528209,0.0010041086074332737
2024-01-05,189.67999267578125,191.25999450683594,189.0800018310547,189.35000610351562,0.00015845540955172766,0.00015844285681933427
2024-01-08,187.2100067138672,188.74000549316406,187.11000061035156,187.8699951171875,-0.007816271130823282,-0.00784697829301582
2024-01-09,188.67999267578125,188.77999877929688,187.72999572753906,187.92999267578125,0.0003193567900841021,0.0003193058065587502
2024-01-10,188.13999938964844,188.44000244140625,187.2100067138672,187.5,-0.00228804710551489,-0.0022906686849215973
2024-01-11,188.02000427246094,188.5500030517578,186.55999755859375,187.8699951171875,0.0019733072916665595,0.001971362878362661
2024-01-12,190.6699981689453,191.0800018310547,189.16000366210938,189.7100067138672,0.009794068475553752,0.009746417465784744
2024-01-16,189.14999389648438,189.25999450683594,187.5399932861328,187.91000366210938,-0.009488181898979597,-0.009533481464917172
2024-01-17,187.30999755859375,187.4199981689453,185.4499969482422,185.83999633789062,-0.01101595063528893,-0.011077075533253638
2024-01-18,186.36000061035156,187.39999389648438,186.3000030517578,187.3699951171875,0.008232882099906247,0.0081991767942437
2024-01-19,188.25999450683594,188.3000030517578,187.44000244140625,187.92999267578125,0.00298872590696031,0.0029842685447011067
2024-01-22,187.22999572753906,187.75999450683594,186.85000610351562,187.22000122070312,-0.003777957126316789,-0.003785111631635069
2024-01-23,187.4499969482422,188.14999389648438,187.27999877929688,187.9499969482422,0.0038991332271092194,0.0038915513093621982
2024-01-24,188.3300018310547,188.3699951171875,186.32000732421875,186.39999389648438,-0.008246890539639895,-0.008281084265806402
2024-01-25,187.33999633789062,187.63999938964844,186.4600067138672,187.13999938964844,0.003969986681303217,0.003962127078988696
2024-01-26,187.27000427246094,187.3800048828125,186.75999450683594,187.00999450683594,-0.0006946931881827156,-0.0006949345993064864
2024-01-29,188.30999755859375,188.5399932861328,187.19000244140625,188.3300018310547,0.0070584854445867595,0.007033690942252051
2024-01-30,189.6999969482422,189.8300018310547,187.97999572753906,188.58999633789062,0.0013805262268788976,0.0013795741766668092
2024-01-31,189.3699951171875,190.4600067138672,188.1300048828125,188.4499969482422,-0.0007423479101065222,-0.0007426235867567754
2024-02-01,189.7100067138672,191.36000061035156,188.99000549316406,190.41000366210938,0.01040067256889099,0.010346957700093572
2024-02-02,188.07000732421875,188.8699951171875,187.85000610351562,188.61000061035156,-0.009453300862028224,-0.009498266920115546
2024-02-05,186.8800048828125,187.82000732421875,186.6999969482422,187.57000732421875,-0.005513988032274764,-0.005529246178959096
2024-02-06,187.94000244140625,188.85000610351562,187.74000549316406,188.5500030517578,0.005224693124019186,0.0052110917695982265
2024-02-07,188.4499969482422,189.38999938964844,188.27999877929688,188.5,-0.0002651978305409086,-0.0002652330017039186
2024-02-08,187.91000366210938,188.52999877929688,187.82000732421875,188.3300018310547,-0.0009018470501077624,-0.0009022539588233346
2024-02-09,187.55999755859375,187.77000427246094,187.13999938964844,187.60000610351562,-0.003876152075832917,-0.003883683822386861
2024-02-12,186.60000610351562,187.27000427246094,186.36000061035156,187.11000061035156,-0.0026119694947860372,-0.0026153866387210066
2024-02-13,185.35000610351562,185.3800048828125,184.3300018310547,184.52999877929688,-0.013788690196348319,-0.01388463719494907
2024-02-14,184.27000427246094,184.8800048828125,183.77999877929688,184.4199981689453,-0.0005961123453055439,-0.0005962900909107332
2024-02-15,185.60000610351562,186.02000427246094,185.10000610351562,185.66000366210938,0.0067238125229136525,0.00670130851432818
2024-02-16,185.0800018310547,186.6699981689453,184.83999633789062,186.33999633789062,0.0036625695484677756,0.0036558786728406838
2024-02-20,187.9600067138672,188.02999877929688,187.39999389648438,187.47000122070312,0.006064210073093879,0.006045896751115412
2024-02-21,187.8800048828125,188.0399932861328,187.10000610351562,187.47999572753906,5.331256612173263e-05,5.331114505738622e-05
2024-02-22,187.55999755859375,187.63999938964844,187.0500030517578,187.55999755859375,0.00042672195902415666,0.0004266309391015458
2024-02-23,187.55999755859375,189.17999267578125,187.4600067138672,188.6199951171875,0.005651511902278639,0.005635602023986148
2024-02-26,187.7899932861328,188.36000061035156,187.52999877929688,188.1999969482422,-0.0022266895335479875,-0.002229172292928307
2024-02-27,188.5800018310547,188.72000122070312,187.8800048828125,188.0,-0.0010626830578386315,-0.0010632481058260926
2024-02-28,188.33999633789062,188.52000427246094,188.02999877929688,188.33999633789062,0.00180849115899262,0.001806857807827473
2024-02-29,189.63999938964844,189.9199981689453,189.22999572753906,189.30999755859375,0.005150266749304189,0.0051370494877010335
2024-03-01,190.27000427246094,193.39999389648438,189.44000244140625,192.88999938964844,0.018910791174389097,0.018734204946424127
2024-03-04,194.14999389648438,196.3300018310547,193.8800048828125,196.00999450683594,0.016174996770490724,0.016045575240364
2024-03-05,197.44000244140625,198.13999938964844,196.64999389648438,197.19000244140625,0.006020141664404566,0.006002093012312608
2024-03-06,198.0800018310547,199.3000030517578,197.44000244140625,198.80999755859375,0.008215401882095241,0.008181839163568716
2024-03-07,199.5399932861328,200.11000061035156,198.91000366210938,199.94000244140625,0.005683843351386164,0.005667751261581818
2024-03-08,200.88999938964844,203.3000030517578,200.4499969482422,201.6300048828125,0.008452547868211147,0.008417025116951235
2024-03-11,201.7100067138672,202.41000366210938,201.4600067138672,202.0,0.00183502012710135,0.0018333385345244608
2024-03-12,200.4199981689453,200.6300048828125,199.16000366210938,199.7899932861328,-0.01094062729637224,-0.011000916093968595
2024-03-13,200.44000244140625,201.86000061035156,200.35000610351562,201.19000244140625,0.00700740378557585,0.006982966028737541
2024-03-14,200.3699951171875,200.47000122070312,199.33999633789062,200.35000610351562,-0.004175139558116325,-0.004183879789555109
2024-03-15,199.94000244140625,200.6300048828125,199.57000732421875,199.7100067138672,-0.00319440663913817,-0.003199519647615261
2024-03-18,199.66000366210938,200.14999389648438,199.50999450683594,200.02999877929688,0.0016022835845583838,0.0016010012977577042
2024-03-19,199.6199951171875,199.80999755859375,198.94000244140625,199.8000030517578,-0.0011498061737871268,-0.0011504677080451668
2024-03-20,199.16000366210938,202.66000366210938,199.1199951171875,202.17999267578125,0.011911859798154678,0.011841472011166752
2024-03-21,203.8800048828125,203.9199981689453,200.60000610351562,201.97000122070312,-0.0010386361790747367,-0.0010391759354036452
2024-03-22,201.32000732421875,201.86000061035156,199.72000122070312,200.35000610351562,-0.00802096899240623,-0.008053310017860683
2024-03-25,201.19000244140625,201.9499969482422,200.97000122070312,200.99000549316406,0.0031944066391380588,0.0031893153617754324
2024-03-26,202.64999389648438,202.75999450683594,201.07000732421875,201.63999938964844,0.003233961285236564,0.0032287432792988957
2024-03-27,202.32000732421875,203.22000122070312,202.32000732421875,203.10000610351562,0.007240660177973313,0.007214572450621008
2024-03-28,204.5399932861328,206.0500030517578,203.8699951171875,205.72000122070312,0.012900024807739996,0.01281752820240996
2024-04-01,208.67999267578125,208.72999572753906,206.2899932861328,207.82000732421875,0.010208079384865787,0.01015632882706488
2024-04-02,209.07000732421875,211.02999877929688,208.36000061035156,210.88999938964844,0.014772360490971526,0.014664311961913869
2024-04-03,210.57000732421875,212.8300018310547,210.3000030517578,212.74000549316406,0.008772374739768773,0.008734121015036823
2024-04-04,212.0,213.4499969482422,211.02000427246094,211.52000427246094,-0.005734705223284009,-0.005751211782367559
2024-04-05,212.49000549316406,215.74000549316406,212.22000122070312,215.13999938964844,0.017114197447370305,0.01696939930469014
2024-04-08,215.97999572753906,216.80999755859375,214.61000061035156,216.47999572753906,0.00622848536623688,0.006209168519561672
2024-04-09,217.80999755859375,218.86000061035156,216.4499969482422,217.6699981689453,0.005497054993034878,0.005482001328254476
2024-04-10,215.3699951171875,217.77999877929688,214.67999267578125,215.61000061035156,-0.009463856185613961,-0.009508923035404604
2024-04-11,216.85000610351562,219.83999633789062,215.88999938964844,219.8000030517578,0.019433247203493043,0.01924683287449554
2024-04-12,221.8699951171875,225.08999633789062,216.02000427246094,216.88999938964844,-0.013239324939518515,-0.013327746093360097
2024-04-15,217.94000244140625,221.02999877929688,215.16000366210938,220.9499969482422,0.01871915519396472,0.01854610800435578
2024-04-16,220.17999267578125,221.99000549316406,218.77999877929688,221.22000122070312,0.0012220152803359419,0.0012212692273934644
2024-04-17,221.0500030517578,221.75999450683594,218.52000427246094,219.58999633789062,-0.007368252752093185,-0.007395532411290297
2024-04-18,221.30999755859375,221.4600067138672,219.30999755859375,220.33999633789062,0.0034154561341945833,0.0034096367107846366
2024-04-19,220.49000549316406,222.36000061035156,220.0800018310547,221.02999877929688,0.003131535140574959,0.0031266420969041134
2024-04-22,216.35000610351562,216.9600067138672,215.13999938964844,215.57000732421875,-0.02470249054532203,-0.025012716627157542
2024-04-23,213.9600067138672,215.86000061035156,213.8699951171875,215.0399932861328,-0.002458663172418052,-0.0024616906480957905
2024-04-24,214.75999450683594,216.35000610351562,214.36000061035156,214.63999938964844,-0.0018600907225296837,-0.0018618228395408355
2024-04-25,214.47000122070312,217.0500030517578,214.33999633789062,215.9199981689453,0.005963468053189924,0.005945756955740473
2024-04-26,216.77000427246094,217.07000732421875,215.52999877929688,216.6199951171875,0.003241927353549112,0.0032366836371748075
2024-04-29,216.02000427246094,217.22000122070312,215.25,216.17999267578125,-0.002031218037689575,-0.002033283758808563
2024-04-30,213.3800048828125,214.1300048828125,211.8000030517578,211.8699951171875,-0.019937078844561418,-0.02013850411793736
2024-05-01,212.9600067138672,215.5,212.41000366210938,213.7899932861328,0.00906215232545482,0.009021337418355644
2024-05-02,211.89999389648438,213.7100067138672,211.49000549316406,213.1300048828125,-0.0030870874411647042,-0.003091862325121168
2024-05-03,212.88999938964844,213.22999572753906,210.7100067138672,212.9600067138672,-0.0007976266365629092,-0.0007979449099420573
2024-05-06,215.13999938964844,215.91000366210938,214.47000122070312,215.1999969482422,0.010518361024399514,0.010463427933373832
2024-05-07,214.52000427246094,214.92999267578125,213.8800048828125,214.2100067138672,-0.004600326433150892,-0.00461094049941965
2024-05-08,213.6199951171875,214.8000030517578,213.5,213.5800018310547,-0.002941061869504713,-0.0029453952906236033
2024-05-09,214.47999572753906,216.9499969482422,214.44000244140625,216.9499969482422,0.015778607960932778,0.01565541986116323
2024-05-10,219.22000122070312,219.60000610351562,218.0800018310547,218.7100067138672,0.008112513438038427,0.008079783894319735
2024-05-13,217.05999755859375,217.30999755859375,215.8000030517578,216.25999450683594,-0.011202103844459854,-0.011265319955387511
2024-05-14,217.30999755859375,218.3800048828125,216.97999572753906,218.08999633789062,0.008462045119477013,0.008426442720749588
2024-05-15,219.05999755859375,221.19000244140625,217.64999389648438,220.88999938964844,0.012838750510223873,0.012757032448187955
2024-05-16,220.13999938964844,220.58999633789062,219.41000366210938,220.02999877929688,-0.0038933433506626036,-0.003900942141432421
2024-05-17,222.17999267578125,223.85000610351562,221.6699981689453,223.66000366210938,0.0164977725898805,0.016363162829441925
2024-05-20,223.7899932861328,225.66000366210938,223.02000427246094,224.55999755859375,0.004023937591649318,0.004015863208074463
2024-05-21,224.77000427246094,225.2100067138672,223.6999969482422,224.22999572753906,-0.001469548604570936,-0.0014706294501547247
2024-05-22,223.08999633789062,223.24000549316406,219.74000549316406,220.11000061035156,-0.01837396956557802,-0.018544867564565665
2024-05-23,218.77999877929688,219.22999572753906,215.66000366210938,215.72000122070312,-0.019944570339717638,-0.02014614803918644
2024-05-24,216.9600067138672,217.2100067138672,215.74000549316406,215.9199981689453,0.0009271136061119734,0.0009266841017383871
2024-05-28,218.42999267578125,218.58999633789062,217.2100067138672,218.19000244140625,0.010513172896031486,0.01045829379441463
2024-05-29,216.9199981689453,217.16000366210938,216.1199951171875,216.16000366210938,-0.009303812074716977,-0.009347362870368763
2024-05-30,216.69000244140625,217.50999450683594,216.41000366210938,216.57000732421875,0.0018967600627461945,0.0018949634848045166
2024-05-31,217.77000427246094,217.9600067138672,214.64999389648438,215.3000030517578,-0.00586417430627717,-0.005881436093592545
2024-06-03,215.9199981689453,217.82000732421875,215.5399932861328,217.22000122070312,0.008917780500373507,0.008878251926791354
2024-06-04,216.24000549316406,216.24000549316406,214.1999969482422,215.27000427246094,-0.008977059834655465,-0.00901759641821021
2024-06-05,216.69000244140625,218.0800018310547,215.92999267578125,217.82000732421875,0.011845603201319,0.011775993219294973
2024-06-06,218.36000061035156,219.97000122070312,218.10000610351562,219.42999267578125,0.007391356612921562,0.0073641743967564136
2024-06-07,215.07000732421875,215.19000244140625,211.5399932861328,211.60000610351562,-0.03568330143379639,-0.036335512840658196
2024-06-10,213.1300048828125,214.02000427246094,212.75999450683594,213.5399932861328,0.009168181127878317,0.009126408480625946
2024-06-11,213.9499969482422,214.3800048828125,213.24000549316406,214.14999389648438,0.0028566106093961263,0.0028525382508942246
2024-06-12,216.47000122070312,216.5500030517578,214.1999969482422,214.72000122070312,0.0026617200115086614,0.002658183908153708
2024-06-13,214.44000244140625,214.9600067138672,212.25999450683594,212.97000122070312,-0.008150148984962247,-0.008183543017197694
2024-06-14,215.33999633789062,216.0399932861328,214.97999572753906,215.72999572753906,0.012959545903254766,0.012876289526632455
2024-06-17,214.89999389648438,215.24000549316406,213.60000610351562,214.61000061035156,-0.005191652247571676,-0.005205175700450875
2024-06-18,214.3800048828125,215.8300018310547,214.0399932861328,215.47000122070312,0.004007271832187298,0.0039992641040523845
2024-06-20,216.32000732421875,218.74000549316406,216.14999389648438,218.16000366210938,0.012484347826456466,0.012407060942233438
2024-06-21,217.8300018310547,217.89999389648438,214.25999450683594,214.77999877929688,-0.015493238109986152,-0.015614512577113812
2024-06-24,215.5500030517578,215.94000244140625,215.1999969482422,215.6300048828125,0.003957566385821121,0.0039497558204108826
2024-06-25,214.9600067138672,215.30999755859375,214.1199951171875,214.55999755859375,-0.004962237629221655,-0.004974590412272679
2024-06-26,212.38999938964844,213.11000061035156,212.1199951171875,212.5800018310547,-0.009228168111804491,-0.009271011435783051
2024-06-27,214.7100067138672,215.5,214.4499969482422,214.99000549316406,0.011336925587312363,0.011273144249924162
2024-06-28,215.63999938964844,215.80999755859375,214.82000732421875,215.00999450683594,9.297647872519299e-05,9.297215668029186e-05
2024-07-01,215.25,216.0,214.49000549316406,215.57000732421875,0.002604589701363791,0.0026012036358740546
2024-07-02,215.3300018310547,216.0800018310547,214.6199951171875,215.55999755859375,-4.643394389247657e-05,-4.643502198142268e-05
2024-07-03,217.33999633789062,218.74000549316406,217.3300018310547,217.99000549316406,0.011273000380832565,0.01120993363706169
2024-07-05,219.5800018310547,221.27999877929688,219.5800018310547,220.92999267578125,0.013486798057397165,0.013396660734694752
2024-07-08,219.63999938964844,220.0399932861328,217.41000366210938,218.19000244140625,-0.012402074526820739,-0.012479622087256387
2024-07-09,218.57000732421875,219.2899932861328,217.27000427246094,218.55999755859375,0.0016957473442755777,0.00169431118809057
2024-07-10,220.13999938964844,220.7100067138672,219.16000366210938,219.36000061035156,0.0036603361122538036,0.003653653384415314
2024-07-11,222.64999389648438,224.14999389648438,221.47999572753906,223.25,0.017733403441032136,0.017578001160184497
2024-07-12,222.02999877929688,223.6199951171875,221.86000061035156,223.11000061035156,-0.0006270969301161999,-0.0006272936376368344
2024-07-15,223.38999938964844,225.58999633789062,223.02000427246094,223.8300018310547,0.0032271131671974818,0.0032219172131206842
2024-07-16,225.4499969482422,228.2899932861328,225.3000030517578,228.2899932861328,0.019925798233449088,0.01972987782004887
2024-07-17,228.7899932861328,229.64999389648438,226.6699981689453,227.22999572753906,-0.004643206403117217,-0.0046540195707980275
2024-07-18,227.7100067138672,228.32000732421875,225.57000732421875,225.77999877929688,-0.006381186355259194,-0.006401633154546632
2024-07-19,221.52000427246094,222.67999267578125,221.41000366210938,221.72999572753906,-0.017937829186174925,-0.018100662230646155
2024-07-22,221.5800018310547,221.9199981689453,220.39999389648438,221.8000030517578,0.00031573231212611574,0.0003156824791686295
2024-07-23,222.33999633789062,222.75,221.86000061035156,222.5800018310547,0.003516676143213937,0.003510507096461622
2024-07-24,223.47000122070312,224.8800048828125,221.74000549316406,221.8000030517578,-0.0035043524704835294,-0.0035105070964615765
2024-07-25,219.02000427246094,219.25999450683594,217.52000427246094,218.3300018310547,-0.01564473026582147,-0.015768400613655725
2024-07-26,219.9600067138672,221.0399932861328,219.6999969482422,220.6300048828125,0.010534525866662925,0.010479424389843233
2024-07-29,221.25999450683594,221.5500030517578,219.0500030517578,220.32000732421875,-0.0014050562105476505,-0.0014060442276131696
2024-07-30,221.41000366210938,222.9199981689453,220.36000061035156,222.52000427246094,0.009985461488319247,0.009935936183544776
2024-07-31,223.72999572753906,226.60000610351562,223.63999938964844,226.5500030517578,0.018110725786084414,0.017948680176279857
2024-08-01,226.74000549316406,227.57000732421875,225.0500030517578,225.77000427246094,-0.003442943141866439,-0.003448883709883457
2024-08-02,227.9499969482422,228.75999450683594,222.8699951171875,225.33999633789062,-0.0019046282784819235,-0.0019064443892985788
2024-08-05,220.55999755859375,223.10000610351562,220.24000549316406,222.47999572753906,-0.012691935106198704,-0.01277316576262444
2024-08-06,221.5,222.13999938964844,220.11000061035156,220.6999969482422,-0.008000713832612472,-0.008032891286850252
2024-08-07,221.94000244140625,222.30999755859375,220.35000610351562,220.5500030517578,-0.0006796279952806517,-0.0006798590470787476
2024-08-08,222.72999572753906,224.25,222.52000427246094,224.00999450683594,0.015688013635013043,0.01556622880577821
2024-08-09,224.82000732421875,225.27999877929688,223.82000732421875,224.55999755859375,0.0024552612171107047,0.002452251987911254
2024-08-12,226.13999938964844,228.5399932861328,225.97000122070312,228.41000366210938,0.017144665770273848,0.01699935451192235
2024-08-13,228.07000732421875,228.8699951171875,227.58999633789062,228.05999755859375,-0.001532358906807807,-0.0015335341694870399
2024-08-14,226.5500030517578,227.47999572753906,225.35000610351562,226.1999969482422,-0.008155751250824572,-0.008189191333501105
2024-08-15,226.50999450683594,227.5,225.1199951171875,226.91000366210938,0.0031388449312386157,0.0031339290416113642
2024-08-16,229.99000549316406,232.02000427246094,229.00999450683594,231.99000549316406,0.02238773852658915,0.0221408117352879
2024-08-19,230.14999389648438,231.77999877929688,229.74000549316406,231.61000061035156,-0.0016380226467286318,-0.0016393656726291592
2024-08-20,233.7100067138672,234.00999450683594,231.1300048828125,232.4600067138672,0.0036699887797402297,0.003663270802502215
2024-08-21,231.69000244140625,232.8699951171875,230.47999572753906,232.14999389648438,-0.0013336178629832496,-0.0013345079227065216
2024-08-22,230.35000610351562,230.3800048828125,228.25999450683594,229.3699951171875,-0.011975011209935604,-0.012047289256477975
2024-08-23,231.0399932861328,232.72999572753906,230.52000427246094,232.02000427246094,0.011553425520716143,0.011487194343258993
2024-08-26,233.4499969482422,233.5,232.05999755859375,232.75999450683594,0.0031893380775307456,0.0031842629268953445
2024-08-27,231.69000244140625,233.47000122070312,231.57000732421875,233.38999938964844,0.002706671669018279,0.00270301522962425
2024-08-28,232.0,232.02000427246094,230.72999572753906,231.75,-0.007026862307456638,-0.007051666972008083
2024-08-29,231.9499969482422,233.61000061035156,231.9199981689453,232.9499969482422,0.005177980359189593,0.005164620716356872
2024-08-30,232.52999877929688,232.86000061035156,230.5500030517578,231.2899932861328,-0.0071260085162319076,-0.0071515197828322195
2024-09-03,230.3800048828125,230.5399932861328,228.52000427246094,230.2899932861328,-0.0043235765879541255,-0.00433295027353233
2024-09-04,229.7899932861328,231.05999755859375,229.3800048828125,230.42999267578125,0.000607926500195255,0.0006077417877377091
2024-09-05,232.72000122070312,232.88999938964844,231.3300018310547,232.35000610351562,0.008332306942507639,0.008297784905920138
2024-09-06,231.8300018310547,232.75999450683594,229.6199951171875,230.6300048828125,-0.007402630408956501,-0.007430165851405754
2024-09-09,231.25999450683594,231.6199951171875,230.38999938964844,231.60000610351562,0.004205876079289794,0.004197056104325384
2024-09-10,232.38999938964844,232.74000549316406,231.1199951171875,232.6199951171875,0.004404097525005923,0.004394427867847918
2024-09-11,231.72000122070312,232.8699951171875,231.08999633789062,232.25,-0.001590555949419148,-0.0015918222264343484
2024-09-12,234.6300048828125,236.4499969482422,234.4199981689453,236.3300018310547,0.017567284525531468,0.01741476344611925
2024-09-13,238.1300048828125,238.97999572753906,237.75999450683594,238.67999267578125,0.009943683944142245,0.009894570827460453
2024-09-16,238.72999572753906,239.27999877929688,238.0500030517578,238.66000366210938,-8.374817448153493e-05,-8.375168155570817e-05
2024-09-17,238.0800018310547,238.60000610351562,236.61000061035156,237.33999633789062,-0.0055309113549146804,-0.005546263478781612
2024-09-18,238.19000244140625,240.2899932861328,235.3000030517578,235.50999450683594,-0.007710465405288858,-0.007740344731775493
2024-09-19,238.24000549316406,239.52000427246094,237.38999938964844,239.1699981689453,0.01554075728197235,0.015421236419487627
2024-09-20,241.11000061035156,242.6300048828125,240.47000122070312,242.2100067138672,0.012710660066880486,0.012630557682531525
2024-09-23,242.97000122070312,243.4600067138672,242.58999633789062,242.67999267578125,0.0019404068737312041,0.00193852671610104
2024-09-24,243.38999938964844,246.19000244140625,243.14999389648438,246.07000732421875,0.01396907347432852,0.013872405171650835
2024-09-25,246.19000244140625,246.47000122070312,244.7899932861328,245.72999572753906,-0.001381767735031958,-0.0013827232563758825
2024-09-26,246.44000244140625,247.3699951171875,245.19000244140625,246.97999572753906,0.005086884066794806,0.005073989582052931
2024-09-27,246.30999755859375,246.75,244.19000244140625,245.02000427246094,-0.007935830791900744,-0.00796748708764577
2024-09-30,243.97000122070312,244.0800018310547,242.5,243.05999755859375,-0.007999374253898295,-0.008031540905021974
2024-10-01,245.1999969482422,246.97999572753906,245.05999755859375,245.61000061035156,0.010491249392624136,0.01043659814331518
2024-10-02,245.61000061035156,246.07000732421875,243.99000549316406,245.66000366210938,0.00020358719772617384,0.000203566476664949
2024-10-03,244.72000122070312,245.91000366210938,243.69000244140625,245.49000549316406,-0.0006920058878576718,-0.0006922454344502302
2024-10-04,245.0,246.69000244140625,244.0500030517578,245.0,-0.001996030315693287,-0.00199802503899798
2024-10-07,244.5800018310547,244.82000732421875,243.80999755859375,244.1699981689453,-0.0033877625757333663,-0.0033935140367649104
2024-10-08,243.7899932861328,244.0399932861328,240.6300048828125,242.3699951171875,-0.007371925565205384,-0.007399232494344503
2024-10-09,241.16000366210938,241.83999633789062,240.63999938964844,241.0500030517578,-0.005446185963701722,-0.0054610705017173605
2024-10-10,241.77000427246094,243.02000427246094,241.50999450683594,242.82000732421875,0.007342892553628744,0.007316064767089658
2024-10-11,244.5,245.9199981689453,244.47000122070312,245.47000122070312,0.010913408354139564,0.01085428686886074
2024-10-14,245.16000366210938,245.86000061035156,244.25999450683594,245.07000732421875,-0.001629502157067031,-0.0016308312397319176
2024-10-15,244.99000549316406,246.5500030517578,244.52999877929688,245.9199981689453,0.003468359323146597,0.0034623584364339233
2024-10-16,247.6199951171875,248.08999633789062,246.36000061035156,247.14999389648438,0.005001609209081437,0.0049891427128232555
2024-10-17,247.75,249.05999755859375,247.6199951171875,248.6300048828125,0.00598831083503093,0.005970452161761758
2024-10-18,250.0,251.3699951171875,249.89999389648438,251.27000427246094,0.010618185005034864,0.010562207979593495
2024-10-21,252.74000549316406,253.13999938964844,250.72999572753906,251.22000122070312,-0.00019900127714245208,-0.0001990210805239133
2024-10-22,253.05999755859375,253.94000244140625,252.52000427246094,253.92999267578125,0.01078732362833379,0.010729555523637746
2024-10-23,253.0800018310547,253.17999267578125,250.1999969482422,250.8699951171875,-0.012050555849465017,-0.012123752431615111
2024-10-24,253.27000427246094,253.32000732421875,251.39999389648438,252.8000030517578,0.007693259346016168,0.007663817134299539
2024-10-25,252.0,253.5500030517578,251.77000427246094,253.32000732421875,0.0020569789010425055,0.0020548662166116312
2024-10-28,253.00999450683594,253.6300048828125,252.9499969482422,253.3300018310547,3.945407605776552e-05,3.945329776617785e-05
2024-10-29,254.49000549316406,256.2900085449219,254.22999572753906,256.0899963378906,0.010894858433216914,0.010835937036952448
2024-10-30,256.760009765625,257.7099914550781,255.91000366210938,257.5,0.005505891218995584,0.005490789207931537
2024-10-31,255.52000427246094,255.60000610351562,252.1999969482422,253.50999450683594,-0.015495166963743978,-0.01561647178727062
2024-11-01,254.3300018310547,254.86000061035156,252.44000244140625,252.47000122070312,-0.0041023758773532926,-0.004110813705942248
2024-11-04,253.32000732421875,253.5800018310547,252.27000427246094,252.8300018310547,0.0014259144001700363,0.0014248987496042703
2024-11-05,253.77999877929688,253.99000549316406,252.41000366210938,253.39999389648438,0.002254447895034817,0.0022519104403696992
2024-11-06,245.63999938964844,247.35000610351562,244.9499969482422,245.6999969482422,-0.030386729020158154,-0.030857976694085517
2024-11-07,248.2899932861328,250.24000549316406,248.1199951171875,249.64999389648438,0.016076503855530166,0.01594864539186116
2024-11-08,249.07000732421875,249.35000610351562,247.77999877929688,247.9600067138672,-0.006769426092267161,-0.006792442588197375
2024-11-11,242.72999572753906,242.72999572753906,241.05999755859375,242.13999938964844,-0.02347155656813127,-0.02375140115119195
2024-11-12,241.2899932861328,241.66000366210938,239.38999938964844,240.0500030517578,-0.008631355179477884,-0.008668821068980244
2024-11-13,241.30999755859375,241.47000122070312,237.58999633789062,237.6300048828125,-0.010081225320474285,-0.010132384997697268
2024-11-14,236.57000732421875,237.99000549316406,236.1300048828125,237.00999450683594,-0.0026091417886487944,-0.002612551531378293
2024-11-15,237.57000732421875,237.8800048828125,236.3300018310547,236.58999633789062,-0.0017720694429753658,-0.0017736414154014318
2024-11-18,240.4600067138672,241.5,240.4499969482422,241.08999633789062,0.019020246289590537,0.01884162282592499
2024-11-19,242.75,243.30999755859375,242.02999877929688,243.25,0.008959325127211537,0.00891942849470824
2024-11-20,243.74000549316406,245.2100067138672,243.50999450683594,244.6199951171875,0.005632045702723465,0.005616245032295766
2024-11-21,246.22999572753906,246.80999755859375,245.69000244140625,246.66000366210938,0.008339500390982302,0.008304918886222272
2024-11-22,248.1999969482422,250.38999938964844,247.86000061035156,249.83999633789062,0.012892210445830665,0.012809813332372074
2024-11-25,244.27000427246094,244.39999389648438,241.47999572753906,242.47999572753906,-0.029458856541118794,-0.029901483187305778
2024-11-26,242.7100067138672,243.08999633789062,241.5800018310547,242.9499969482422,0.0019383092584315254,0.001936433160954421
2024-11-27,244.85000610351562,245.17999267578125,243.1999969482422,243.49000549316406,0.002222714763140843,0.0022202481870022992
2024-11-29,245.25,245.80999755859375,244.72999572753906,245.58999633789062,0.008624546377060671,0.008587567442534243
2024-12-02,244.4600067138672,244.5800018310547,243.13999938964844,243.44000244140625,-0.008754403389975018,-0.008792948302693988
2024-12-03,244.9600067138672,245.17999267578125,243.3000030517578,243.92999267578125,0.002012776164397767,0.0020107532444556663
2024-12-04,244.92999267578125,245.33999633789062,244.3699951171875,244.6699981689453,0.003033679807253664,0.00302908748607766
2024-12-05,244.16000366210938,244.3800048828125,242.14999389648438,242.86000061035156,-0.007397709454119217,-0.0074252082091734815
2024-12-06,242.7899932861328,243.86000061035156,242.44000244140625,242.9499969482422,0.0003705687954560499,0.0003705001517975754
2024-12-09,246.27999877929688,247.11000061035156,245.25999450683594,245.36000061035156,0.009919751769426055,0.009870874002918592
2024-12-10,247.86000061035156,248.86000061035156,247.8300018310547,248.58999633789062,0.01316431251835759,0.013078415980993926
2024-12-11,249.35000610351562,251.25999450683594,248.97000122070312,250.9600067138672,0.009533812345188464,0.009488652360594872
2024-12-12,247.80999755859375,248.24000549316406,246.8699951171875,247.27999877929688,-0.014663722649505995,-0.01477229774782158
2024-12-13,245.6699981689453,245.94000244140625,244.27000427246094,244.2899932861328,-0.012091578404740733,-0.01216527622337442
2024-12-16,245.41000366210938,245.5399932861328,244.2899932861328,244.8800048828125,0.002415209844427002,0.00241229791280552
2024-12-17,243.8000030517578,244.5500030517578,243.22999572753906,243.94000244140625,-0.0038386247250202787,-0.003846011153453628
2024-12-18,243.57000732421875,243.7100067138672,238.82000732421875,239.25999450683594,-0.01918507783771317,-0.01937149963953244
2024-12-19,239.6699981689453,240.0500030517578,238.72999572753906,239.60000610351562,0.0014210967336203417,0.0014200879312812307
2024-12-20,241.41000366210938,242.9600067138672,241.1699981689453,242.10000610351562,0.010434056495473909,0.01037999743966833
2024-12-23,241.60000610351562,241.6699981689453,240.64999389648438,240.9600067138672,-0.004708795377563968,-0.004719916680210798
2024-12-24,241.49000549316406,241.66000366210938,240.82000732421875,241.44000244140625,0.001992014086009908,0.001990032656870636
2024-12-26,242.38999938964844,243.55999755859375,242.1999969482422,243.07000732421875,0.006751179863859091,0.0067284927019149185
2024-12-27,241.1999969482422,241.9499969482422,241.0500030517578,241.39999389648438,-0.0068705038771271765,-0.006894214453703814
2024-12-30,241.0800018310547,241.0800018310547,239.5800018310547,240.6300048828125,-0.0031896811646235923,-0.0031947790408758405
2024-12-31,241.0500030517578,242.52000427246094,241.0500030517578,242.1300048828125,0.006233636577161361,0.006214287831739849
2025-01-02,244.22000122070312,245.52999877929688,244.0800018310547,245.4199981689453,0.013587714119632333,0.013496228917030742
2025-01-03,244.55999755859375,244.82000732421875,243.36000061035156,243.49000549316406,-0.007864039973028869,-0.007895124609843816
2025-01-06,242.3300018310547,243.7899932861328,242.0500030517578,243.19000244140625,-0.0012320959587239777,-0.0012328556129918074
2025-01-07,245.52000427246094,245.77000427246094,243.80999755859375,244.55999755859375,0.005633435188264313,0.0056176267350635505
2025-01-08,245.72000122070312,246.4499969482422,244.50999450683594,245.86000061035156,0.005315681488123669,0.005301603121984425
2025-01-10,248.00999450683594,249.0399932861328,247.5500030517578,248.2100067138672,0.009558310004399662,0.009512918374949771
2025-01-13,246.33999633789062,246.7899932861328,245.14999389648438,245.74000549316406,-0.009951255605703757,-0.01000110030367562
2025-01-14,245.6199951171875,247.0399932861328,245.52000427246094,247.02999877929688,0.005249423200524461,0.005235693007988435
2025-01-15,248.2100067138672,248.89999389648438,247.00999450683594,248.8800048828125,0.007488993695735191,0.007461090407550896
2025-01-16,250.55999755859375,251.38999938964844,250.27000427246094,250.60000610351562,0.006910965874952435,0.0068871946090514665
2025-01-17,249.6999969482422,250.80999755859375,249.14999389648438,249.27000427246094,-0.005307269747253374,-0.005321403332684962
2025-01-21,251.9499969482422,253.36000061035156,251.8300018310547,253.1300048828125,0.01548521901629396,0.015366546556984287
2025-01-22,254.2899932861328,254.67999267578125,253.77999877929688,254.42999267578125,0.005135652699768123,0.005122510213068569
2025-01-23,253.19000244140625,254.5399932861328,252.82000732421875,254.07000732421875,-0.0014148699521492336,-0.0014158718257654048
2025-01-24,255.9600067138672,257.07000732421875,255.61000061035156,255.64999389648438,0.006218705580030903,0.006199449222329872
2025-01-27,253.86000061035156,254.25999450683594,251.9199981689453,252.99000549316406,-0.0104048052682425,-0.010459313683880304
2025-01-28,254.22999572753906,255.25,253.88999938964844,255.17999267578125,0.008656417783572623,0.008619165823801737
2025-01-29,254.5500030517578,254.82000732421875,253.3000030517578,254.1999969482422,-0.0038404097330004827,-0.0038478030414185464
2025-01-30,257.20001220703125,258.2900085449219,256.45001220703125,258.04998779296875,0.01514551884715587,0.015031970539815968
2025-01-31,259.0799865722656,259.989990234375,257.8599853515625,258.55999755859375,0.0019763991077348386,0.0019744486005825435
2025-02-03,259.75,261.3900146484375,259.5199890136719,259.94000244140625,0.005337271410283728,0.005323078655223283
2025-02-04,261.8299865722656,262.5400085449219,261.3500061035156,262.5,0.00984841707528572,0.00980023748604468
2025-02-05,264.45001220703125,265.989990234375,263.8900146484375,264.1300048828125,0.006209542410714253,0.00619034264242983
2025-02-06,263.6600036621094,263.7200012207031,261.489990234375,263.42999267578125,-0.0026502562908058414,-0.0026537744373774834
2025-02-07,265.2200012207031,266.3500061035156,263.260009765625,263.8999938964844,0.0017841598670260694,0.001782570144409176
2025-02-10,268.0,268.6600036621094,267.239990234375,268.3699951171875,0.016938239196991,0.01679638680250656
2025-02-11,267.70001220703125,268.3599853515625,266.7099914550781,267.3900146484375,-0.0036516022155236305,-0.003658285589870855
2025-02-12,267.1499938964844,268.42999267578125,266.3500061035156,267.6700134277344,0.0010471549570203464,0.001046607072714827
2025-02-13,268.3999938964844,270.3900146484375,268.2200012207031,270.30999755859375,0.009862831092105617,0.009814510830150894
2025-02-14,270.07000732421875,270.2099914550781,265.45001220703125,266.2900085449219,-0.014871773334245608,-0.014983466926549421
2025-02-18,269.67999267578125,271.010009765625,269.6000061035156,270.70001220703125,0.01656090548123368,0.01642526914447792
2025-02-19,270.67999267578125,271.3299865722656,269.239990234375,270.8500061035156,0.000554096378723612,0.0005539429240083393
2025-02-20,270.2300109863281,271.8399963378906,270.1700134277344,270.989990234375,0.0005168326664386491,0.000516699154436362
2025-02-21,270.79998779296875,271.510009765625,269.510009765625,270.739990234375,-0.0009225433005247696,-0.0009229691054979344
2025-02-24,271.45001220703125,272.32000732421875,270.3800048828125,272.2099914550781,0.005429568123388684,0.0054148811569904014
2025-02-25,271.4599914550781,271.67999267578125,266.45001220703125,268.6199951171875,-0.013188334192659745,-0.013276072540975698
2025-02-26,267.0799865722656,269.0799865722656,266.6600036621094,269.0299987792969,0.0015263333689308212,0.0015251697060953886
2025-02-27,266.489990234375,266.6700134277344,264.45001220703125,264.92999267578125,-0.015239958822878874,-0.015357280506670757
2025-02-28,262.55999755859375,263.3999938964844,261.25,263.2699890136719,-0.006265820058134697,-0.006285532695668532
2025-03-03,265.07000732421875,266.8800048828125,265.07000732421875,266.739990234375,0.013180390342641513,0.01309428477593445
2025-03-04,269.010009765625,269.3999938964844,267.5199890136719,269.05999755859375,0.008697635934455272,0.008660029400338953
2025-03-05,267.9700012207031,270.260009765625,267.9599914550781,269.6199951171875,0.0020813110966888537,0.0020791481693780457
2025-03-06,268.25,269.510009765625,268.1600036621094,268.25,-0.005081207410422395,-0.005094160642131142
2025-03-07,269.0899963378906,270.3399963378906,267.6400146484375,268.3900146484375,0.0005219558189655249,0.0005218196474086795
2025-03-10,267.6199951171875,268.44000244140625,265.6400146484375,266.0400085449219,-0.008755937163287819,-0.008794495623060066
2025-03-11,268.4700012207031,269.7300109863281,268.44000244140625,269.1600036621094,0.011727541035094546,0.01165930639065754
2025-03-12,268.4700012207031,271.2300109863281,268.3599853515625,270.3299865722656,0.004346793335703092,0.004337373317600702
2025-03-13,271.57000732421875,275.3500061035156,271.54998779296875,275.1300048828125,0.017756144523255468,0.01760034574283983
2025-03-14,276.2699890136719,276.29998779296875,274.6600036621094,275.239990234375,0.00039975774946587883,0.0003996778676249641
2025-03-17,275.5400085449219,276.7900085449219,275.3900146484375,276.7300109863281,0.0054135329342379634,0.005398932434643415
2025-03-18,279.8999938964844,280.2099914550781,278.9700012207031,279.9599914550781,0.011671955843306048,0.011604364010877142
2025-03-19,279.8500061035156,281.4800109863281,279.05999755859375,281.1099853515625,0.004107707999658539,0.00409929439969153
2025-03-20,279.489990234375,280.8999938964844,279.42999267578125,280.75,-0.0012805854303336028,-0.0012814060805390753
2025-03-21,279.4599914550781,279.4599914550781,276.5899963378906,278.489990234375,-0.008049901213267985,-0.008082476604942154
2025-03-24,278.9100036621094,279.0899963378906,276.8599853515625,277.25,-0.004452548665506595,-0.004462490783133984
2025-03-25,278.7799987792969,279.9599914550781,278.2699890136719,278.4700012207031,0.004400365088198743,0.004390711790074645
2025-03-26,278.92999267578125,279.0199890136719,277.7799987792969,278.239990234375,-0.0008259812019960622,-0.0008263225124260293
2025-03-27,280.54998779296875,282.07000732421875,279.5899963378906,281.9700012207031,0.013405732882559862,0.013316671121389569
2025-03-28,283.82000732421875,284.6400146484375,282.8599853515625,284.05999755859375,0.007412123023167849,0.007384788228782128
2025-03-31,287.5299987792969,288.3900146484375,285.8500061035156,288.1400146484375,0.014363222998346137,0.014261049112946074
2025-04-01,288.5400085449219,289.1300048828125,285.9100036621094,287.57000732421875,-0.0019782303576065807,-0.0019801896396476866
2025-04-02,288.2799987792969,289.0299987792969,287.3599853515625,288.1600036621094,0.0020516615880092903,0.0020495598046479263
2025-04-03,282.7799987792969,289.0899963378906,282.45001220703125,286.4200134277344,-0.006038278082531101,-0.0060565822044141146
2025-04-04,283.6400146484375,284.0299987792969,278.0199890136719,279.7200012207031,-0.02339226273628292,-0.02367020473214484
2025-04-07,278.8599853515625,280.1400146484375,272.5799865722656,273.7099914550781,-0.02148580630415131,-0.021719986685703737
2025-04-08,277.8699951171875,278.32000732421875,274.239990234375,275.20001220703125,0.005443793790763651,0.0054290299021522185
2025-04-09,282.2200012207031,285.8699951171875,281.0400085449219,285.3800048828125,0.03699125081478161,0.036323492196158734
2025-04-10,288.80999755859375,292.8599853515625,287.2300109863281,292.3500061035156,0.0244235794430141,0.02413009288681445
2025-04-11,297.9599914550781,299.2699890136719,296.80999755859375,297.92999267578125,0.019086664805096243,0.01890679950058093
2025-04-14,295.5400085449219,296.5799865722656,294.5299987792969,296.2300109863281,-0.005705977012200658,-0.005722318290653523
2025-04-15,296.92999267578125,298.0199890136719,296.0899963378906,297.7799987792969,0.005232379352138938,0.005218738019025799
2025-04-16,304.6499938964844,308.05999755859375,303.79998779296875,307.4700012207031,0.0325408102664011,0.032022570753676
2025-04-17,306.30999755859375,307.1300048828125,302.7300109863281,306.1199951171875,-0.004390692094044635,-0.004400359490663115
2025-04-21,315.0199890136719,316.4100036621094,313.95001220703125,315.5899963378906,0.03093558529908469,0.030466725196562627
2025-04-22,317.489990234375,317.6300048828125,310.3599853515625,311.1099853515625,-0.014195668551963636,-0.014297390879940051
2025-04-23,304.17999267578125,304.739990234375,300.5899963378906,303.6499938964844,-0.023978630729734163,-0.024270798064606143
2025-04-24,306.9800109863281,308.5,304.7099914550781,308.07000732421875,0.014556277018207942,0.014451351409752674
2025-04-25,301.7799987792969,305.3699951171875,301.010009765625,304.7300109863281,-0.010841679678267213,-0.010900878955956528
2025-04-28,304.1499938964844,309.1099853515625,302.9700012207031,309.07000732421875,0.01424210344049559,0.014141637459613693
2025-04-29,305.80999755859375,306.95001220703125,304.0,306.05999755859375,-0.009738925467677184,-0.009786658970495412
2025-04-30,304.6099853515625,306.07000732421875,303.44000244140625,303.7699890136719,-0.007482221012837353,-0.007510353244041899
2025-05-01,297.4100036621094,297.94000244140625,295.32000732421875,297.4599914550781,-0.02077228754256477,-0.02099106650379782
2025-05-02,300.1700134277344,300.8500061035156,297.0299987792969,297.9800109863281,0.0017481999132260562,0.0017466735903771576
2025-05-05,305.9200134277344,307.6499938964844,304.67999267578125,306.8800048828125,0.029867754776654154,0.029430400577679455
2025-05-06,313.1199951171875,315.6199951171875,311.3999938964844,315.4800109863281,0.02802400275899264,0.027638515747736927
2025-05-07,312.1000061035156,313.260009765625,310.0799865722656,310.75,-0.014993060801348546,-0.015106592963135799
2025-05-08,309.760009765625,310.4800109863281,303.04998779296875,304.6300048828125,-0.0196942722998793,-0.019890788928179075
2025-05-09,307.7900085449219,308.57000732421875,306.010009765625,306.8399963378906,0.007254674259445482,0.007228485693538802
2025-05-12,298.3299865722656,299.4700012207031,296.82000732421875,298.19000244140625,-0.028190568373488878,-0.028595551740996136
2025-05-13,299.0199890136719,300.29998779296875,297.239990234375,299.4599914550781,0.004258992599597278,0.004249948759953267
2025-05-14,293.6700134277344,294.79998779296875,291.9599914550781,293.1600036621094,-0.021037827999516923,-0.02126227662564288
2025-05-15,294.1000061035156,297.8999938964844,293.75,297.8399963378906,0.015963953531585195,0.015837869719407486
2025-05-16,292.6199951171875,294.5799865722656,291.7799987792969,294.239990234375,-0.012087047232674286,-0.012160689602209927
2025-05-19,297.8500061035156,298.5799865722656,296.4800109863281,298.0299987792969,0.012880671121226372,0.012798420816745652
2025-05-20,298.3500061035156,303.67999267578125,298.29998779296875,303.5799865722656,0.0186222454642182,0.018450974483986242
2025-05-21,304.54998779296875,306.4599914550781,303.6700134277344,305.82000732421875,0.007378683875855163,0.007351594562024017
2025-05-22,305.0899963378906,305.2799987792969,302.1000061035156,303.1099853515625,-0.008861493387459118,-0.008900989925318167
2025-05-23,308.8599853515625,310.25,307.4700012207031,309.75,0.021906288045034472,0.021669792905121613
2025-05-27,303.80999755859375,304.8800048828125,302.739990234375,304.5,-0.016949152542372836,-0.017094433359300068
2025-05-28,304.6400146484375,304.989990234375,303.05999755859375,303.80999755859375,-0.0022660178699712707,-0.002268589173612519
2025-05-29,305.739990234375,306.8900146484375,304.4599914550781,305.6099853515625,0.0059247154716217665,0.0059072333619440654
2025-05-30,303.6400146484375,304.0199890136719,301.5,303.6000061035156,-0.006576942326457891,-0.006598665713002106
2025-06-02,309.2099914550781,311.7200012207031,308.7200012207031,311.6700134277344,0.026581051258171673,0.026233913208447007
2025-06-03,309.55999755859375,309.55999755859375,307.1499938964844,308.9100036621094,-0.008855551213511115,-0.008894994642019345
2025-06-04,309.4100036621094,311.8800048828125,308.739990234375,310.8999938964844,0.006441974072654677,0.0064213132412345815
2025-06-05,311.239990234375,312.20001220703125,307.6499938964844,309.3299865722656,-0.00504987891618125,-0.005062672644074125
2025-06-06,309.0899963378906,309.20001220703125,305.1000061035156,305.17999267578125,-0.013416073696802311,-0.01350688232494814
2025-06-09,305.3900146484375,307.6099853515625,305.05999755859375,306.6199951171875,0.004718534884218695,0.004707437493749117
2025-06-10,308.30999755859375,308.6000061035156,305.8699951171875,306.7099914550781,0.000293510988597534,0.00029346792267399537
2025-06-11,307.5,308.6199951171875,305.8500061035156,308.3699951171875,0.005412290790508978,0.005397696978330561
2025-06-12,311.739990234375,313.1000061035156,311.1499938964844,312.20001220703125,0.0124202002480438,0.01234370232269246
2025-06-13,317.260009765625,317.6000061035156,315.0400085449219,316.2900085449219,0.013100564311248064,0.01301549409169947
2025-06-16,314.79998779296875,314.8699951171875,311.6499938964844,311.7799987792969,-0.01425909653729851,-0.014361734303802328
2025-06-17,312.6600036621094,313.0,310.1199951171875,311.94000244140625,0.0005131941200071655,0.0005130624809404316
2025-06-18,312.8900146484375,312.9800109863281,309.8599853515625,310.260009765625,-0.005385627565021256,-0.00540018233840262
2025-06-20,309.3299865722656,310.8900146484375,309.25,310.1300048828125,-0.00041901914110908933,-0.0004191069541604869
2025-06-23,310.3399963378906,312.6700134277344,310.30999755859375,311.0799865722656,0.0030631724583116693,0.003058490504208936
2025-06-24,305.07000732421875,306.3399963378906,303.5400085449219,306.19000244140625,-0.015719378751237634,-0.015844238391270016
2025-06-25,305.30999755859375,307.3599853515625,305.1199951171875,307.1199951171875,0.003037305817845004,0.0030327025232496515
2025-06-26,305.7699890136719,307.2799987792969,304.8599853515625,306.7799987792969,-0.0011070472235482631,-0.0011076604529502278
2025-06-27,300.0299987792969,302.3599853515625,299.8900146484375,301.2200012207031,-0.018123728993798327,-0.018289975504647085
2025-06-30,302.3900146484375,304.9200134277344,301.95001220703125,304.8299865722656,0.01198454729743359,0.011913301279755133
2025-07-01,308.55999755859375,309.0,307.3599853515625,307.54998779296875,0.008923010663382636,0.008883435847179964
2025-07-02,308.0400085449219,309.3999938964844,306.9599914550781,309.25,0.005527596405484614,0.00551237530942954
2025-07-03,307.04998779296875,307.57000732421875,306.1499938964844,307.1400146484375,-0.006822911403597365,-0.006846293882020621
2025-07-07,305.07000732421875,307.7099914550781,304.5299987792969,307.3699951171875,0.000748780548875283,0.0007485003525817282
2025-07-08,306.29998779296875,306.45001220703125,302.7699890136719,304.1600036621094,-0.010443411868664265,-0.010498326962963742
2025-07-09,303.5799865722656,305.5400085449219,303.2300109863281,305.5199890136719,0.004471282664348264,0.004461316177625558
2025-07-10,306.1099853515625,306.510009765625,304.82000732421875,306.20001220703125,0.0022257895319868215,0.002223316131965108
2025-07-11,308.8599853515625,310.2799987792969,308.5199890136719,309.1400146484375,0.009601575193336043,0.00955577301886398
2025-07-14,309.07000732421875,309.3800048828125,307.7300109863281,308.010009765625,-0.0036553174266280575,-0.0036620144241214002
2025-07-15,307.7300109863281,308.739990234375,305.7900085449219,306.7300109863281,-0.004155705135267751,-0.004164364075514542
2025-07-16,307.1099853515625,311.0899963378906,305.7300109863281,308.260009765625,0.004988096125243757,0.004975696789391886
2025-07-17,305.5,307.6700134277344,305.1199951171875,307.5899963378906,-0.0021735334020257513,-0.0021758989541098375
2025-07-18,309.239990234375,309.3699951171875,308.32000732421875,308.3900146484375,0.002600924347578637,0.0025975477973482998
2025-07-21,311.8800048828125,313.30999755859375,311.6099853515625,313.1300048828125,0.015370115792427752,0.015253192127432761
2025-07-22,314.4800109863281,316.239990234375,313.6199951171875,316.1000061035156,0.009484882235462067,0.0094401831613078
2025-07-23,314.0,314.9599914550781,311.4200134277344,312.17999267578125,-0.01240118112003663,-0.012478717461642091
2025-07-24,309.2900085449219,310.989990234375,309.05999755859375,310.2699890136719,-0.006118276977772341,-0.006137070328856787
2025-07-25,307.82000732421875,308.30999755859375,306.20001220703125,307.3999938964844,-0.0092499926477293,-0.009293039490678532
2025-07-28,306.44000244140625,306.5799865722656,304.04998779296875,305.4100036621094,-0.00647361832754334,-0.006494663067578282
2025-07-29,305.79998779296875,307.0299987792969,304.989990234375,306.25,0.002750389076383808,0.002746613677307996
2025-07-30,304.4200134277344,304.6499938964844,300.9599914550781,300.9599914550781,-0.017273497289540862,-0.017424424698434752
2025-07-31,304.5899963378906,304.6099853515625,302.8599853515625,302.9599914550781,0.0066454015709211944,0.006623418228251275
2025-08-01,308.6099853515625,309.54998779296875,307.45001220703125,309.1099853515625,0.020299689958884537,0.020096397826572604
2025-08-04,310.79998779296875,311.739990234375,310.3699951171875,310.9100036621094,0.005823229257701401,0.005806339793967675
2025-08-05,310.3699951171875,312.239990234375,310.2200012207031,311.1600036621094,0.0008040912066364925,0.0008037680984962059
2025-08-06,310.32000732421875,311.239990234375,309.8399963378906,310.5,-0.00212110700071233,-0.0021233597342562006
2025-08-07,311.7200012207031,313.1400146484375,310.70001220703125,313.1199951171875,0.008437987494967825,0.008402586680171171
2025-08-08,312.3500061035156,313.5299987792969,311.0,313.04998779296875,-0.00022357985855403495,-0.00022360485625666846
2025-08-11,308.6199951171875,309.6600036621094,307.6300048828125,308.54998779296875,-0.014374701087597641,-0.014479017992943764
2025-08-12,308.2200012207031,309.30999755859375,306.7099914550781,308.2699890136719,-0.0009074665058316222,-0.0009078785028290671
2025-08-13,309.1000061035156,310.3900146484375,308.45001220703125,309.2099914550781,0.0030492830145867345,0.003044643380447489
2025-08-14,307.92999267578125,308.3399963378906,306.5199890136719,307.25,-0.006338706734070332,-0.006358881635978504
2025-08-15,307.3399963378906,308.0,306.8699951171875,307.42999267578125,0.0005858183101099534,0.0005856467855486066
2025-08-18,307.7900085449219,307.8900146484375,306.6300048828125,306.95001220703125,-0.0015612675411803556,-0.0015624875893944005
2025-08-19,306.760009765625,307.4800109863281,305.19000244140625,305.2699890136719,-0.005473279447945512,-0.005488312721199512
2025-08-20,307.5400085449219,308.4700012207031,307.3999938964844,308.3599853515625,0.010122175284489776,0.010071289165624142
2025-08-21,307.8599853515625,308.1499938964844,307.0299987792969,307.2900085449219,-0.0034698951143765644,-0.00347592916281607
2025-08-22,306.5199890136719,311.0199890136719,306.42999267578125,310.5799865722656,0.01070642694476942,0.010649518982753443
2025-08-25,309.6700134277344,310.8399963378906,309.6700134277344,309.8299865722656,-0.0024148368614391735,-0.002417757282480456
2025-08-26,310.6199951171875,312.2099914550781,310.30999755859375,312.0799865722656,0.007262047243691283,0.0072358055476428994
2025-08-27,311.3900146484375,312.9100036621094,310.7699890136719,312.7099914550781,0.0020187288833615202,0.0020166939883499383
2025-08-28,313.32000732421875,315.0799865722656,313.07000732421875,315.0299987792969,0.007419038046796889,0.007391652350960381
2025-08-29,314.7200012207031,318.0899963378906,314.6400146484375,318.07000732421875,0.00964990177666114,0.009603638858147003
2025-09-02,320.82000732421875,325.9200134277344,320.239990234375,325.5899963378906,0.023642559312442524,0.02336740250914344
2025-09-03,327.760009765625,329.45001220703125,326.7300109863281,328.1400146484375,0.007831992196408066,0.007801481349128729
2025-09-04,327.0299987792969,327.55999755859375,325.3500061035156,326.69000244140625,-0.004418882618094533,-0.0044286747373555105
2025-09-05,329.5299987792969,331.44000244140625,328.92999267578125,331.04998779296875,0.01334594055214322,0.013257668006979742
2025-09-08,333.6600036621094,335.6700134277344,333.2300109863281,334.82000732421875,0.011388067271604019,0.011323711365555902
2025-09-09,337.0299987792969,338.30999755859375,333.8500061035156,334.05999755859375,-0.002269905468609168,-0.002272485609217019
2025-09-10,335.7300109863281,336.5,326.19000244140625,335.260009765625,0.0035922056391106683,0.0035857690781288176
2025-09-11,333.3699951171875,335.1600036621094,332.9700012207031,334.760009765625,-0.0014913797811720864,-0.0014924929949519461
2025-09-12,335.8800048828125,336.3900146484375,335.2300109863281,335.4200134277344,0.0019715725978484144,0.0019696315993883206
2025-09-15,336.30999755859375,339.2799987792969,336.2300109863281,338.9100036621094,0.01040483601055886,0.010351078276418409
2025-09-16,340.0899963378906,340.8800048828125,338.6199951171875,339.5899963378906,0.0020064107533963593,0.00200440059968761
2025-09-17,338.5299987792969,341.239990234375,335.5199890136719,336.9700012207031,-0.007715171664187115,-0.007745087571334619
2025-09-18,336.2200012207031,336.32000732421875,333.80999755859375,335.6199951171875,-0.0040063094596702875,-0.004014356216469492
2025-09-19,336.510009765625,339.2300109863281,336.30999755859375,339.17999267578125,0.010607227252210416,0.010551365296973236
2025-09-22,342.75,345.07000732421875,341.8399963378906,345.04998779296875,0.01730643093326134,0.017158380367683163
2025-09-23,348.2300109863281,348.75,345.32000732421875,346.4599914550781,0.004086375052867464,0.004078048498240162
2025-09-24,346.70001220703125,346.8299865722656,342.1400146484375,343.32000732421875,-0.009063049726670935,-0.009104369003754706
2025-09-25,344.3900146484375,345.8299865722656,342.4700012207031,344.75,0.004165188877066628,0.004156538489887818
2025-09-26,345.8299865722656,348.25,345.30999755859375,346.739990234375,0.00577227044053652,0.005755674720215595
2025-09-29,351.7900085449219,352.8299865722656,351.2799987792969,352.4599914550781,0.016496514338703028,0.01636192499893196
2025-09-30,351.1300048828125,355.57000732421875,350.8699951171875,355.4700012207031,0.008540004081594166,0.008503744538253297
2025-10-01,356.1700134277344,356.9700012207031,354.7900085449219,356.0299987792969,0.0015753722020723782,0.0015741326049985922
2025-10-02,358.260009765625,358.6700134277344,351.3999938964844,354.7900085449219,-0.003482825151325697,-0.003488904306035992
2025-10-03,357.1199951171875,358.1400146484375,355.79998779296875,357.6400146484375,0.008032937892485048,0.008000845595952238
2025-10-06,362.1600036621094,365.29998779296875,361.3699951171875,364.3800048828125,0.01884573861512795,0.018670357712142448
2025-10-07,366.510009765625,367.2699890136719,364.54998779296875,366.260009765625,0.005159462258136571,0.005146197838027116
2025-10-08,371.6499938964844,373.57000732421875,370.5,372.29998779296875,0.01649095687844504,0.016356457714615965
2025-10-09,373.1400146484375,373.2200012207031,362.8299865722656,365.42999267578125,-0.018452848086064955,-0.018625225753276277
2025-10-10,367.5400085449219,370.30999755859375,365.44000244140625,369.1199951171875,0.010097700011942212,0.010047058859954893
2025-10-13,376.5,378.8599853515625,375.5799865722656,378.0899963378906,0.02430104394061705,0.024010471634505016
2025-10-14,378.2099914550781,382.3800048828125,377.8999938964844,380.7900085449219,0.007141189222626965,0.007115811676483972
2025-10-15,385.92999267578125,387.760009765625,384.5899963378906,387.3900146484375,0.017332403569977117,0.01718391083164241
2025-10-16,391.1499938964844,396.8699951171875,390.3999938964844,396.45001220703125,0.02338727694573084,0.02311798516943165
2025-10-17,397.1400146484375,397.2799987792969,385.2200012207031,388.989990234375,-0.01881705572696646,-0.018996349267191237
2025-10-20,397.45001220703125,403.29998779296875,394.20001220703125,403.1499938964844,0.03640197438905224,0.03575507474940295
2025-10-21,386.5400085449219,388.8900146484375,375.6499938964844,377.239990234375,-0.06426889260666147,-0.066427122202817
2025-10-22,372.75,378.4700012207031,368.92999267578125,377.2799987792969,0.00010605594835544352,0.00010605032482095541
2025-10-23,381.4599914550781,382.25,378.6499938964844,378.7900085449219,0.004002358382396931,0.0039943702532297155
2025-10-24,378.510009765625,380.7699890136719,376.80999755859375,377.5199890136719,-0.0033528327110016187,-0.003358466049881991
2025-10-27,371.1300048828125,371.5899963378906,365.3399963378906,367.010009765625,-0.027839530498784404,-0.02823439606845571
2025-10-28,361.80999755859375,365.29998779296875,360.1199951171875,364.3800048828125,-0.007166030388359279,-0.007191829710492189
2025-10-29,369.6499938964844,370.0799865722656,361.3599853515625,363.0,-0.0037872684129753864,-0.003794458273018786
2025-10-30,365.0899963378906,370.3599853515625,364.5,370.1300048828125,0.01964188672951095,0.019451474207493994
2025-10-31,370.4700012207031,370.6600036621094,365.5,368.1199951171875,-0.005430550723012573,-0.005445349765875755
2025-11-03,368.9100036621094,370.8399963378906,367.5400085449219,368.7799987792969,0.0017929035935666526,0.0017912982604373527
2025-11-04,363.4800109863281,365.739990234375,361.3900146484375,362.32000732421875,-0.017517195825319742,-0.01767243750416923
2025-11-05,366.3900146484375,367.1000061035156,364.6499938964844,366.510009765625,0.011564369498527016,0.01149801326624798
2025-11-06,367.1600036621094,368.17999267578125,364.70001220703125,366.07000732421875,-0.0012005195756799036,-0.0012012407765740096
2025-11-07,367.94000244140625,370.4200134277344,366.4200134277344,368.30999755859375,0.006119021470095687,0.006100376279774767
2025-11-10,375.92999267578125,378.6600036621094,374.7799987792969,378.3800048828125,0.02734111859838051,0.026974026330607748
2025-11-11,379.9800109863281,380.3999938964844,376.8699951171875,379.8699951171875,0.003937814406542062,0.0039300815092205245
2025-11-12,380.07000732421875,387.4599914550781,379.44000244140625,385.989990234375,0.016110762091908537,0.015982361021277473
2025-11-13,387.2900085449219,388.17999267578125,381.2099914550781,382.8699951171875,-0.008083098515826892,-0.00811594387120292
2025-11-14,372.8699951171875,378.20001220703125,370.8900146484375,375.9599914550781,-0.018047911171504505,-0.018212761198262515
2025-11-17,374.0400085449219,375.4599914550781,368.5199890136719,371.6499938964844,-0.011463979297139493,-0.011530197275275704
2025-11-18,374.8299865722656,375.5400085449219,371.6199951171875,374.3500061035156,0.007264932736103624,0.0072386702324458525
2025-11-19,377.7799987792969,380.1700134277344,373.0299987792969,374.9599914550781,0.0016294519610446923,0.0016281258445646413
2025-11-20,375.2900085449219,377.69000244140625,371.8500061035156,374.8500061035156,-0.0002933255655774847,-0.00029336859393561273
2025-11-21,374.0299987792969,377.2300109863281,372.94000244140625,374.2699890136719,-0.0015473311468576778,-0.0015485295000223418
2025-11-24,374.8800048828125,380.2799987792969,374.19000244140625,380.20001220703125,0.01584423909859023,0.015720029429592993
2025-11-25,380.260009765625,382.5199890136719,378.05999755859375,380.0799865722656,-0.00031569077041548876,-0.0003157406112365523
2025-11-26,381.05999755859375,383.7799987792969,380.4599914550781,383.1199951171875,0.007998338908444147,0.007966521739529534
2025-11-28,385.9800109863281,388.0,384.989990234375,387.8800048828125,0.012424331348639184,0.012347782735317652
2025-12-01,390.6099853515625,390.70001220703125,388.05999755859375,389.75,0.004821066034977672,0.004809481913078849
2025-12-02,388.8699951171875,388.9800109863281,382.9100036621094,387.239990234375,-0.006440050713598433,-0.006460877304549151
2025-12-03,388.4599914550781,390.1300048828125,385.8299865722656,386.8800048828125,-0.0009296182229129313,-0.0009300505859088987
2025-12-04,386.9200134277344,388.0,385.3999938964844,387.1300048828125,0.0006461951944911615,0.0006459865002764292
2025-12-05,389.1199951171875,391.739990234375,386.17999267578125,386.44000244140625,-0.0017823532991587676,-0.001783943580710258
2025-12-08,387.0199890136719,387.239990234375,384.010009765625,385.4200134277344,-0.002639449868615862,-0.0026429393579943225
2025-12-09,385.6199951171875,388.2099914550781,385.2699890136719,387.3999938964844,0.005137202012788666,0.005124051608821799
2025-12-10,385.95001220703125,389.760009765625,384.5,389.04998779296875,0.004259147967166088,0.004250103468607047
2025-12-11,389.0199890136719,394.0899963378906,388.5,393.239990234375,0.010769830543307712,0.010712248978541639
2025-12-12,399.1600036621094,400.3900146484375,391.4700012207031,395.44000244140625,0.005594579039939429,0.005578987507631519
2025-12-15,397.760009765625,398.7099914550781,394.07000732421875,395.79998779296875,0.0009103412637567754,0.0009099271544499963
2025-12-16,397.75,398.7099914550781,394.5899963378906,395.8900146484375,0.00022745542760316262,0.00022742956353926302
2025-12-17,398.0799865722656,399.9800109863281,397.25,399.2900085449219,0.008588228474273762,0.0085515594385759
2025-12-18,398.2799987792969,402.2099914550781,396.04998779296875,398.57000732421875,-0.0018032036998043566,-0.0018048314286412761
2025-12-19,397.9200134277344,400.6300048828125,397.1700134277344,399.0199890136719,0.0011289903434381632,0.0011283535131121657
2025-12-22,406.9800109863281,408.5199890136719,405.7200012207031,408.2300109863281,0.02308160549906857,0.022819254559298667
2025-12-23,410.29998779296875,413.760009765625,407.1000061035156,413.6400146484375,0.013252341857567629,0.013165297757330809
2025-12-24,412.25,412.6300048828125,408.8299865722656,411.92999267578125,-0.004134082564786756,-0.00414265150874824
2025-12-26,416.4800109863281,418.45001220703125,414.75,416.739990234375,0.011676735474757116,0.011609088487159046
2025-12-29,403.6600036621094,403.760009765625,395.3299865722656,398.6000061035156,-0.0435283019531133,-0.04450407961760148
2025-12-30,403.6000061035156,403.79998779296875,398.55999755859375,398.8900146484375,0.0007275678386380324,0.0007273032894686568
2025-12-31,398.6000061035156,400.1300048828125,395.5899963378906,396.30999755859375,-0.006467991163222386,-0.006488999253824397
2026-01-02,401.6199951171875,401.82000732421875,396.25,398.2799987792969,0.004970859258759619,0.004958545328225588
2026-01-05,406.3900146484375,409.7200012207031,406.1499938964844,408.760009765625,0.026313174195160993,0.025972938179914393
2026-01-06,410.6700134277344,413.4800109863281,410.30999755859375,413.17999267578125,0.010813149047262716,0.010755105002161711
2026-01-07,408.6300048828125,410.80999755859375,406.6499938964844,409.2300109863281,-0.009559953917111952,-0.009605943617543307
2026-01-08,406.9700012207031,411.6400146484375,406.3999938964844,411.489990234375,0.005522515913727544,0.005507322733438559
2026-01-09,413.2200012207031,415.2900085449219,411.79998779296875,414.4700012207031,0.007242001159325273,0.007215903791294916
2026-01-12,421.5199890136719,425.739990234375,421.5199890136719,422.2300109863281,0.018722729613168898,0.018549616736782293
2026-01-13,424.5899963378906,426.1199951171875,420.07000732421875,421.6300048828125,-0.0014210408732292512,-0.0014220515093612454
2026-01-14,426.0299987792969,426.8599853515625,422.8399963378906,425.94000244140625,0.010222226854541994,0.0101703332395237
2026-01-15,423.0199890136719,425.05999755859375,422.7900085449219,423.3299865722656,-0.006127660830587689,-0.0061465119926862365
2026-01-16,422.79998779296875,424.79998779296875,417.0400085449219,421.2900085449219,-0.004818883830700504,-0.0048305320875177415
2026-01-20,436.69000244140625,438.1400146484375,434.1000061035156,437.2300109863281,0.03783617488689295,0.037137944625647984
2026-01-21,446.8699951171875,448.0,437.1099853515625,443.6000061035156,0.014568979615140476,0.014463871678662811
2026-01-22,443.8399963378906,452.9800109863281,443.55999755859375,451.7900085449219,0.01846258414950319,0.01829421977969421
2026-01-23,454.1099853515625,458.75,453.45001220703125,458.0,0.013745304981574558,0.013651695099226603
2026-01-26,466.7799987792969,469.2799987792969,460.3599853515625,464.70001220703125,0.014628847613605389,0.014522878245374984
2026-01-27,465.07000732421875,476.489990234375,463.95001220703125,476.1000061035156,0.024531942321975864,0.024235866660731666
2026-01-28,483.3900146484375,495.8800048828125,481.25,494.55999755859375,0.038773348494905324,0.03804054442699281
2026-01-29,509.510009765625,509.70001220703125,468.510009765625,495.8999938964844,0.0027094717415592218,0.002705807739847273
2026-01-30,466.25,470.05999755859375,430.79998779296875,444.95001220703125,-0.10274245274560045,-0.10841233744964726
2026-02-02,434.010009765625,440.7799987792969,422.54998779296875,427.1300048828125,-0.04004945911975222,-0.04087351576386017
2026-02-03,452.6300048828125,459.0,448.30999755859375,454.2900085449219,0.06358720612372104,0.061647351472448514
2026-02-04,462.4700012207031,463.1000061035156,445.7099914550781,453.9700012207031,-0.0007044119795716064,-0.0007046601942605336
2026-02-05,444.2900085449219,450.8999938964844,440.3500061035156,441.8800048828125,-0.026631707613677613,-0.02699275619765067
2026-02-06,450.7300109863281,456.92999267578125,450.0299987792969,455.4599914550781,0.03073229479090611,0.030269515441489408
2026-02-09,461.3900146484375,467.55999755859375,460.8500061035156,467.0299987792969,0.02540290594406658,0.025085614324893347
2026-02-10,465.9599914550781,466.75,459.5199890136719,462.3999938964844,-0.009913720520981939,-0.009963188662021111
2026-02-11,466.0,468.6099853515625,462.82000732421875,467.6300048828125,0.011310577541873812,0.011247091222494243
2026-02-12,464.8999938964844,466.3800048828125,448.05999755859375,451.3900146484375,-0.03472828959819363,-0.03534565209196913
2026-02-13,459.7300109863281,463.8399963378906,456.25,462.6199951171875,0.024878663914389865,0.02457422891441271
2026-02-17,450.260009765625,451.3699951171875,445.5299987792969,448.20001220703125,-0.0311702543391007,-0.031666383600955826
2026-02-18,455.80999755859375,460.510009765625,455.32000732421875,458.2799987792969,0.022489929267582198,0.022240759759257815
2026-02-19,457.3399963378906,461.510009765625,456.0299987792969,459.55999755859375,0.0027930496262249527,0.0027891563109147515
2026-02-20,463.25,468.6199951171875,458.3399963378906,468.6199951171875,0.019714504323102178,0.0195226903950525
2026-02-23,474.6499938964844,481.4599914550781,474.6099853515625,481.2799987792969,0.027015500392687075,0.02665702371732228
2026-02-24,470.0899963378906,475.44000244140625,469.54998779296875,474.6099853515625,-0.01385890426498504,-0.013955835494471214
2026-02-25,475.739990234375,479.5299987792969,472.8999938964844,473.4200134277344,-0.0025072627221415233,-0.0025104111690772445
2026-02-26,474.95001220703125,477.8299865722656,442.0400085449219,477.4800109863281,0.008575889154321725,0.008539325114314078
2026-02-27,480.75,483.8999938964844,479.1099853515625,483.75,0.01313141674919538,0.01304594710817348
2026-03-02,490.1000061035156,492.1499938964844,483.2799987792969,490.0,0.012919896640826822,0.012837146760680682
2026-03-03,472.8299865722656,473.20001220703125,458.92999267578125,468.1400146484375,-0.04461221500318879,-0.04563796333219482
2026-03-04,474.82000732421875,476.4200134277344,469.3900146484375,471.79998779296875,0.007818116439543887,0.007787713327779242
2026-03-05,470.45001220703125,470.6700134277344,463.9100036621094,466.1300048828125,-0.012017768242597593,-0.012090565447196364
2026-03-06,469.0400085449219,475.4599914550781,467.07000732421875,473.510009765625,0.01583250339069653,0.015708476698148666
2026-03-09,468.0899963378906,472.67999267578125,464.7900085449219,472.5299987792969,-0.0020696732193965506,-0.0020718179527898957
2026-03-10,479.739990234375,481.30999755859375,474.2099914550781,477.8599853515625,0.01127967872100144,0.011216537509720141
2026-03-11,476.1300048828125,477.45001220703125,473.1300048828125,476.239990234375,-0.003390104145245987,-0.003395863568684636
2026-03-12,475.0199890136719,475.0199890136719,466.6000061035156,466.8800048828125,-0.019653925633074443,-0.01984963254664512
2026-03-13,469.30999755859375,470.1000061035156,460.2200012207031,460.8399963378906,-0.012936961278600778,-0.013021372569552835
2026-03-16,461.2699890136719,462.79998779296875,456.9100036621094,460.42999267578125,-0.0008896876689686861,-0.0008900836759419468
2026-03-17,460.510009765625,462.2099914550781,456.8699951171875,459.2699890136719,-0.002519392047785618,-0.002522571056499545
2026-03-18,446.6600036621094,450.05999755859375,444.3900146484375,444.739990234375,-0.03163716142328721,-0.03214842869758357
2026-03-19,420.3599853515625,428.2699890136719,416.79998779296875,426.4100036621094,-0.041215062676522196,-0.042088486470760696
2026-03-20,428.0899963378906,428.5899963378906,411.2300109863281,413.3800048828125,-0.0305574415876555,-0.031034054726858728
2026-03-23,405.1199951171875,414.5400085449219,399.6400146484375,404.0400085449219,-0.02259421410703788,-0.022853374485926194
2026-03-24,400.239990234375,407.2900085449219,399.20001220703125,404.1300048828125,0.00022274115430986896,0.00022271635118200717
2026-03-25,419.7099914550781,420.6600036621094,412.25,416.2900085449219,0.030089336389747867,0.029645532839315883
2026-03-26,408.5299987792969,411.3699951171875,400.260009765625,400.6400146484375,-0.0375939695290467,-0.038318848265911816
2026-03-27,406.20001220703125,418.3999938964844,405.4100036621094,414.70001220703125,0.035093842463368,0.034492091653875186
2026-03-30,419.5400085449219,420.1000061035156,412.6600036621094,414.5799865722656,-0.0002894276132928697,-0.0002894695055479165
2026-03-31,420.0799865722656,430.57000732421875,419.5899963378906,430.2900085449219,0.037893826237359374,0.037193492650150234
2026-04-01,435.0,440.19000244140625,433.760009765625,437.82000732421875,0.017499822514495555,0.017348463901669588
2026-04-02,422.2900085449219,431.6700134277344,421.1700134277344,429.4100036621094,-0.019208815315471695,-0.019395701723403234
2026-04-06,428.8699951171875,431.489990234375,426.7099914550781,427.6499938964844,-0.004098669687746526,-0.004107092256447038
2026-04-07,427.8999938964844,433.42999267578125,423.1000061035156,431.80999755859375,0.009727589667910319,0.009680581273932702
2026-04-08,439.9800109863281,440.44000244140625,431.30999755859375,434.5299987792969,0.00629906958171822,0.006279313363379332
2026-04-09,436.4700012207031,440.9100036621094,435.8699951171875,437.9100036621094,0.007778530578574028,0.007748433781414136
2026-04-10,438.5899963378906,440.3500061035156,436.0,437.1300048828125,-0.0017811851128632927,-0.0017827733092611521
2026-04-13,434.7799987792969,436.2200012207031,431.6300048828125,435.3599853515625,-0.004049183335572026,-0.004057403475821635
2026-04-14,439.32000732421875,445.17999267578125,439.0199890136719,445.0899963378906,0.022349346089928224,0.02210325929203807
2026-04-15,442.8800048828125,443.739990234375,439.6000061035156,440.4599914550781,-0.010402401583740839,-0.010456884729500534
2026-04-16,442.1499938964844,442.9800109863281,438.17999267578125,440.0799865722656,-0.0008627455164704756,-0.0008631178955779131
2026-04-17,445.6499938964844,448.70001220703125,445.32000732421875,445.92999267578125,0.013293051904224695,0.013205474549607812
2026-04-20,443.1300048828125,443.4200134277344,440.04998779296875,442.0899963378906,-0.008611208936292747,-0.0086484996289279
2026-04-21,438.54998779296875,440.25,428.7099914550781,429.57000732421875,-0.028320000717914517,-0.02872874757171026
2026-04-22,436.2699890136719,437.1700134277344,433.7799987792969,435.260009765625,0.013245809401008168,0.01315885071808192
2026-04-23,433.9599914550781,435.2900085449219,428.2200012207031,431.0400085449219,-0.00969535708776803,-0.009742663076259298
2026-04-24,431.3399963378906,435.2799987792969,430.6499938964844,433.25,0.005127114447075254,0.005114015549751456
2026-04-27,431.6600036621094,431.79998779296875,428.5199890136719,429.8900146484375,-0.007755303754327758,-0.007785532512716458
2026-04-28,420.7200012207031,422.5199890136719,418.3999938964844,421.9100036621094,-0.0185629131043068,-0.01873736625464264
2026-04-29,416.739990234375,419.1700134277344,414.1600036621094,417.4100036621094,-0.010665781709228828,-0.010723068864617815
2026-04-30,425.3399963378906,425.4599914550781,422.739990234375,423.6600036621094,0.014973287523456946,0.01486229443655377
2026-05-01,421.4100036621094,427.92999267578125,421.0799865722656,423.17999267578125,-0.0011330099187530918,-0.0011336522597227192
2026-05-04,418.8399963378906,420.8599853515625,413.2799987792969,414.7099914550781,-0.02001512681908002,-0.02021814296632195
2026-05-05,420.1499938964844,421.1600036621094,417.9100036621094,418.2699890136719,0.008584306218673232,0.008547670573807937
2026-05-06,430.1499938964844,433.19000244140625,429.6000061035156,430.9599914550781,0.030339261182306565,0.029888127796577613
2026-05-07,435.6099853515625,437.4200134277344,430.25,431.67999267578125,0.001670691560653026,0.0016692975079796522
2026-05-08,434.04998779296875,436.20001220703125,431.70001220703125,433.7699890136719,0.004841540894531038,0.004829858327988968
2026-05-11,434.17999267578125,436.0400085449219,432.2099914550781,434.6499938964844,0.0020287362083613036,0.0020266811021026647
2026-05-12,430.70001220703125,432.9800109863281,425.8500061035156,432.92999267578125,-0.003957209812161522,-0.003965060284398247
2026-05-13,430.5199890136719,432.489990234375,428.75,430.5,-0.005612899814961714,-0.00562871133052066
2026-05-14,430.29998779296875,431.5400085449219,427.1000061035156,427.2099914550781,-0.007642296271595517,-0.007671648257758531
2026-05-15,417.6400146484375,419.25,414.1199951171875,417.2900085449219,-0.02322039069444226,-0.023494231397838114
2026-05-18,419.82000732421875,420.92999267578125,416.05999755859375,418.42999267578125,0.00273187497307803,0.0027281501848720967
2026-05-19,412.45001220703125,414.4700012207031,409.8800048828125,411.5,-0.016561892782745447,-0.016700574279936407
2026-05-20,412.1400146484375,417.989990234375,410.0799865722656,417.3999938964844,0.014337773746013083,0.01423595990327424
2026-05-21,413.1400146484375,418.4200134277344,411.95001220703125,416.989990234375,-0.0009822799906678004,-0.00098276274381623
2026-05-22,415.1700134277344,415.67999267578125,412.0,413.82000732421875,-0.0076020599640161945,-0.007631102906282901
2026-05-26,415.1600036621094,415.9800109863281,411.5,414.0,0.00043495402009452455,0.0004348594550147071
2026-05-27,404.3399963378906,409.25,404.29998779296875,408.489990234375,-0.013309202332427494,-0.013398563535697896
2026-05-28,406.4800109863281,414.510009765625,405.4100036621094,412.7699890136719,0.010477609933210896,0.010423100202116821
2026-05-29,415.6199951171875,421.82000732421875,415.0799865722656,417.1199951171875,0.010538571648365469,0.010483427987444453
2026-06-01,409.8599853515625,412.6099853515625,408.239990234375,411.260009765625,-0.014048680044494555,-0.0141482968401824
2026-06-02,414.0799865722656,414.3999938964844,411.1000061035156,411.95001220703125,0.001677776649860796,0.0016763707549161957
2026-06-03,408.3800048828125,409.3800048828125,406.2300109863281,407.8699951171875,-0.009904155768766576,-0.009953528184733784
2026-06-04,413.3699951171875,414.3699951171875,409.010009765625,411.2699890136719,0.008335974543818736,0.008301422193564091
2026-06-05,404.3800048828125,404.7200012207031,395.9200134277344,396.239990234375,-0.036545333189379026,-0.037229842768492165
2026-06-08,397.5199890136719,398.9800109863281,396.0299987792969,397.2699890136719,0.002599431669397134,0.0025960589903300645
2026-06-09,397.57000732421875,400.4800109863281,388.75,390.7799987792969,-0.01633647245916592,-0.016471383961975034
2026-06-10,380.75,384.2099914550781,374.54998779296875,374.5799865722656,-0.04145558180468856,-0.04233937620833833
2026-06-11,373.9599914550781,387.2099914550781,371.8800048828125,386.32000732421875,0.03134182597256352,0.030860698069962694
2026-06-12,385.7300109863281,388.7699890136719,383.3500061035156,386.5400085449219,0.0005694792310315666,0.0005693171392699535
