Date,Open,High,Low,Close,Simple,Log
2010-01-27,48.90981478847511,49.728725408515345,48.741216353872026,49.648441314697266,,
2010-01-28,49.74481482139915,49.76890251514436,48.3478510899304,48.797447204589844,-0.017140399327209233,-0.017288996428662228
2010-01-29,48.99814519006427,49.528028345819614,48.14712249113036,48.259521484375,-0.011023644699271196,-0.011084855329011083
2010-02-01,48.484320644391076,48.92588944110123,48.299664713499304,48.82954788208008,0.01181168772859964,0.011742474230803646
2010-02-02,48.91785932393173,49.42365783812228,48.668973660171325,49.36745834350586,0.011016085234391237,0.010955850133717915
2010-02-03,49.134622024446045,49.47984918460652,48.644881026886196,49.03828048706055,-0.006667911768008072,-0.006690241609308435
2010-02-04,48.701092528503374,48.71714996580326,47.36032867171436,47.40047073364258,-0.033398596711606277,-0.0339690677944359
2010-02-05,47.5048454023718,47.63330491678004,46.565508173086975,47.58513259887695,0.003895781252301278,0.003888212348013336
2010-02-08,47.432581343054956,47.850062424739654,47.06326644365274,47.1114387512207,-0.009954660663642478,-0.010004539592714159
2010-02-09,47.67344632805055,48.11501518350404,47.1676477162763,47.76176071166992,0.013803907876457355,0.01370950173053052
2010-02-10,47.617240272550625,47.994579319778076,47.11946891746627,47.87415313720703,0.0023531884893357446,0.002350424077241679
2010-02-11,47.73766189083251,48.66897170182841,47.368350066029905,48.63685989379883,0.01593149343876399,0.015805919165187417
2010-02-12,48.17121276426953,49.05435043989051,48.01867169306757,48.9901237487793,0.007263294870430315,0.0072370441786126375
2010-02-16,49.50394240067219,49.865227056915145,49.03828900357009,49.817054748535156,0.01687954502822553,0.016738668584840247
2010-02-17,50.065948161683686,50.266661550360965,49.76889320398143,50.15426254272461,0.006768922729205817,0.006746116429956506
2010-02-18,50.15425535239565,50.579766695342514,49.977626615636055,50.5637092590332,0.008163747118399067,0.008130603994098649
2010-02-19,50.37102826513331,50.884853998050275,50.266656456058634,50.6279411315918,0.0012703156769915402,0.0012695095086852027
2010-02-22,50.91696686908997,50.941054556388806,50.59582731065459,50.78048324584961,0.003013002520906971,0.003008472525788274
2010-02-23,50.708226848753334,50.780483786132606,50.04186003749388,50.186370849609375,-0.01169962076500708,-0.011768599875502073
2010-02-24,50.37103343132082,50.86077152766911,50.21848929564873,50.61188888549805,0.008478756855397895,0.008443014090523952
2010-02-25,49.9214292175095,50.67611037990092,49.76085791031221,50.6279411315918,0.0003171635449146226,0.00031711325918976275
2010-02-26,50.70820947421582,50.748351522862784,50.1462116052323,50.41918182373047,-0.004123401094244028,-0.004131925754334509
2010-03-01,50.78851679041354,51.63954269894453,50.78851679041354,51.591373443603516,0.023248921887925933,0.022982782774306897
2010-03-02,51.784039324314904,52.30589520922929,51.70375521708609,51.9847526550293,0.007624902869775241,0.007595980226412017
2010-03-03,52.24168089118248,52.57887791622976,52.00885262380606,52.28182601928711,0.005714624944533009,0.0056983584173835485
2010-03-04,52.297863778504805,52.48252273371234,52.081096081359505,52.41829299926758,0.0026102183181231364,0.0026068176147224552
2010-03-05,52.75550342339778,53.56638718382895,52.58690492127993,53.48610305786133,0.020370942995199703,0.020166230787554626
2010-03-08,53.502147681877496,53.73497589244968,53.40580307310398,53.58243179321289,0.0018010049310819287,0.0017993850663323512
2010-03-09,53.42988880767951,54.18456673378751,53.41382831174782,53.775115966796875,0.0035960326386006436,0.003589582372185646
2010-03-10,53.823308131062916,54.513762743409636,53.799223502190586,54.232765197753906,0.008510427597024695,0.008474418068168978
2010-03-11,53.903573328958196,54.481628719931194,53.71089024039551,54.393314361572266,0.0029603720782618304,0.0029559988057243337
2010-03-12,54.67430275043001,54.69838736684955,53.99990898954707,54.36922073364258,-0.00044295201004906914,-0.00044305014227031874
2010-03-15,54.33713736012357,54.44150613352133,53.79119661218246,54.184593200683594,-0.003395809806866379,-0.0034015886552775376
2010-03-16,54.457554910295734,54.67432266230031,54.064152281223244,54.650238037109375,0.008593675968022296,0.008556960531790697
2010-03-17,54.77066495798323,55.300545065497104,54.7546044583485,54.971378326416016,0.005876283449828268,0.005859085436946692
2010-03-18,54.94728637297938,55.22025357750037,54.70642791287314,54.802772521972656,-0.0030671562106773242,-0.003071869574503839
2010-03-19,54.1203498840332,55.00348738673592,53.91963653681508,54.1203498840332,-0.012452337838671279,-0.012530517891774359
2010-03-22,53.734979816068915,55.00348969376139,53.61455057762979,54.883060455322266,0.014092861057316997,0.013994479927884343
2010-03-23,54.93122755667409,55.597597341448726,54.68234496548958,55.58154296875,0.012726741322968582,0.012646436974656177
2010-03-24,55.277323265619415,55.510731452627276,54.93123611116544,54.947330474853516,-0.011410487367237376,-0.011476086467425359
2010-03-25,55.430234461230555,55.824610755568585,54.56099165120481,54.60123062133789,-0.006298756473237854,-0.006318677334953153
2010-03-26,54.82659220977585,55.18877362759965,54.375870324290716,54.577083587646484,-0.00044224339665288603,-0.0004423412151046002
2010-03-29,54.81855751906501,55.05196570767104,54.577099078288235,54.87489700317383,0.005456748436348358,0.0054419143241441065
2010-03-30,54.96341926845143,55.325600709426276,54.62538243813599,55.04390335083008,0.003079848106985583,0.0030751150902961224
2010-03-31,54.83463905990389,55.381939409208805,54.56099195552233,54.56904220581055,-0.008626952598055015,-0.00866438016632495
2010-04-01,54.99562673901156,55.285374414442074,54.239062681993744,55.07611083984375,0.009292239950277281,0.009249332686877079
2010-04-05,55.22096706090178,56.14654927654987,55.08414351908233,56.10630416870117,0.018704903326473676,0.01853211791973724
2010-04-06,55.9131502157011,56.57312956373474,55.800471264125285,56.43630599975586,0.005881724628705509,0.005864494814073966
2010-04-07,56.37193726379695,56.589244996884105,55.89707052772561,56.25925827026367,-0.0031371246993548985,-0.003142055790710816
2010-04-08,56.098265087839096,56.50069168428139,55.66364976735886,56.20289993286133,-0.0010017611169277352,-0.0010022632149449507
2010-04-09,56.291436795065735,56.548989582695796,55.93729940937083,56.54093933105469,0.006014625554858766,0.005996609896776352
2010-04-12,56.56507804620719,56.88702053230478,56.43630473609347,56.77434158325195,0.004128022189915592,0.004119525281905571
2010-04-13,56.653615609369645,56.93531299804214,56.291434129725374,56.90311813354492,0.002268217414800544,0.002265648892924253
2010-04-14,57.233097826301346,58.11843490600586,57.136513254854236,58.11843490600586,0.021357648092477755,0.02113276980591378
2010-04-15,58.094299868154685,58.4162423521375,58.021859892501034,58.29551315307617,0.003046851611828494,0.0030422193662476963
2010-04-16,58.142581596232155,58.327700496334245,57.09627633384795,57.51479721069336,-0.013392384767808019,-0.013482871550021546
2010-04-19,57.19284815835689,57.76429301095956,56.16263737391598,57.23309326171875,-0.004897938663378176,-0.00490997287625848
2010-04-20,57.538946495922524,58.05405198954105,57.28944399947844,58.01381301879883,0.013641054721784007,0.01354885307369607
2010-04-21,58.11039637252701,58.5289234593048,57.885038467589304,58.41624450683594,0.006936821889412803,0.006912872830234699
2010-04-22,57.82065018905291,59.14865917990149,57.51480818762324,59.035980224609375,0.010608961993455734,0.010553081829083506
2010-04-23,59.14865940162056,59.728154682748006,58.4645354160561,59.66376495361328,0.010633934197677775,0.010577791579970318
2010-04-26,59.695960677653694,60.09034316887511,59.422313535705094,59.43840789794922,-0.0037771175828288373,-0.0037842689047146963
2010-04-27,59.19695825024298,59.75230281019899,57.96552763515282,58.07821273803711,-0.022884111604191237,-0.023150017396662594
2010-04-28,58.40820525805553,58.577223718596564,57.885049371308405,58.17479705810547,0.0016630043438836672,0.0016616230833093023
2010-04-29,58.60939762550742,59.43034501744226,58.25526032596544,59.40620040893555,0.021167299468189738,0.020946384200130706
2010-04-30,59.39813639047343,59.502765039113086,57.60331202639503,57.667701721191406,-0.02926459992015662,-0.02970135031880014
2010-05-03,58.02993287125338,59.00380481483503,57.99773799619144,58.963565826416016,0.022471228548170297,0.022222470199731514
2010-05-04,58.102345334178935,58.11038944372302,56.76628628486438,57.11237335205078,-0.03139553126442518,-0.03189893542095134
2010-05-05,56.64556129418642,57.104327334409085,55.84875841180854,56.27532958984375,-0.014656084366295619,-0.014764545822128505
2010-05-06,55.87290699530545,56.49264739052263,50.995498627199886,54.166622161865234,-0.037471258602083446,-0.038191352073393726
2010-05-07,53.69175223207364,54.424171536927574,52.02570647790964,52.605201721191406,-0.028826247204558175,-0.029249884582213167
2010-05-10,55.17269107180748,55.58316179567795,54.48856091760443,55.559017181396484,0.05615063460568703,0.05463082151793905
2010-05-11,54.89901894354812,56.75822729175138,54.71390620388271,55.929229736328125,0.006663410796539537,0.006641308405364886
2010-05-12,56.218995401620944,57.70797260966129,56.17070617407085,57.64358901977539,0.030652295615895442,0.030191898508265855
2010-05-13,57.51481281947065,58.02991841101555,56.81458827758476,57.08824157714844,-0.009634157970913937,-0.009680866712513935
2010-05-14,56.718007452117114,56.742152066254214,55.2290302217495,55.98558807373047,-0.019314896955231253,-0.019503866823870283
2010-05-17,56.33970477342374,56.798470695242855,54.52878569142083,56.09020233154297,0.001868592639854505,0.0018668489924009487
2010-05-18,56.82262675289485,56.98360105472982,54.834638644160606,55.0117073059082,-0.01922786834071133,-0.019415128091220663
2010-05-19,54.76221743855168,55.37390764545935,53.587132396691665,54.35979080200195,-0.011850504844015952,-0.01192128179398329
2010-05-20,52.93518421475009,53.21688770435852,51.57498668910154,51.607181549072266,-0.05063686251030086,-0.051963900783555124
2010-05-21,50.76208931036208,52.83056171669659,50.51258372175455,52.371795654296875,0.014816040757768434,0.014707355434941973
2010-05-24,52.154482776774884,52.645443653751876,51.623276789012856,51.671566009521484,-0.013370357766565144,-0.013460545799622853
2010-05-25,50.544787388862865,51.703775053058685,49.66749715581028,51.663536071777344,-0.0001554034136039828,-0.00015541548996561742
2010-05-26,51.86474115764254,53.08006504466006,51.49450635948426,51.792301177978516,0.002492378880575963,0.0024892780555522925
2010-05-27,53.08811242327764,54.03783937491765,51.79229837551775,54.013694763183594,0.04289042067413651,0.04199610882538477
2010-05-28,53.85272779118727,54.06198519123982,52.90300081838581,53.3215217590332,-0.012814768683852118,-0.01289758611699855
2010-06-01,52.7983705659334,53.498595085382725,51.663530706735195,51.70376968383789,-0.030339570624149492,-0.030809341582900017
2010-06-02,52.01766788408296,53.20080324749484,51.52670686742165,53.176658630371094,0.028487070779166235,0.028088859083066606
2010-06-03,53.2812759302733,53.99759474060056,53.015679058300755,53.86077117919922,0.012864902881231544,0.012782852978219916
2010-06-04,52.40399311680238,52.87885356435156,51.00354717721039,51.156471252441406,-0.050209082929027926,-0.05151340590402671
2010-06-07,51.38181374527258,51.59912441567973,49.78820523255725,49.83649444580078,-0.025802733736792538,-0.026141463748709508
2010-06-08,49.9894083829144,50.3837845393791,48.85456604674505,49.812339782714844,-0.0004846782133163252,-0.00048479570776775797
2010-06-09,50.19868917526065,51.04378435304038,49.57090471238502,49.84455490112305,0.000646729676797575,0.0006465206372833323
2010-06-10,50.729888554430396,51.57498674305644,50.54477271481132,51.56693649291992,0.03455506013071186,0.03397144069307521
2010-06-11,50.9391534787711,52.33959615459897,50.85061914645318,52.26716232299805,0.013578968961521776,0.013487600955468826
2010-06-14,52.95933647485301,53.5227311890473,52.444230981720565,52.59714889526367,0.006313458730098809,0.006293612338644982
2010-06-15,53.05591031638987,54.061976604885764,52.60519458411692,53.9171028137207,0.025095541225731655,0.02478581919843397
2010-06-16,53.44225985840351,54.23101264647168,53.321530636401114,53.66761779785156,-0.004627196248490839,-0.004637934860299878
2010-06-17,53.98955120804415,54.08612965687046,53.096163713147085,53.731998443603516,0.001199618101076494,0.0011988991342152752
2010-06-18,53.90101805439839,54.35173386694118,53.48249096514374,53.76419448852539,0.0005991968632186317,0.0005990174164572324
2010-06-21,54.62536693973421,54.72999560308684,52.894932027116816,53.208824157714844,-0.010329743356037424,-0.010383465432005964
2010-06-22,53.41005664358714,54.00564626770626,52.04985282663256,52.11424255371094,-0.020571430046254835,-0.02078596926563742
2010-06-23,51.97740678599561,52.524707056583814,51.357669624586315,51.969356536865234,-0.0027801616169779164,-0.002784033444154765
2010-06-24,51.534745735787,51.937172307068224,51.0196402157904,51.1403694152832,-0.01595146018392546,-0.016080054065146187
2010-06-25,51.33353426636807,52.25106639010892,50.86672102370658,52.01765823364258,0.017154526421883753,0.017009048908545845
2010-06-28,51.98546459217391,52.5086203937576,51.43816724764943,51.71986770629883,-0.005724796875826166,-0.005741246335379294
2010-06-29,50.882817820756195,50.882817820756195,49.40188788170973,49.76407241821289,-0.03781516416848352,-0.038548709733389
2010-06-30,49.60309226680165,50.39989503378882,49.04774172044088,49.1926155090332,-0.011483322835342258,-0.01154976533051697
2010-07-01,49.257025082307074,49.41799636455835,47.582928659328786,48.8385009765625,-0.007198530283588522,-0.007224564717723067
2010-07-02,49.0557059472929,49.168755640978404,47.981727696534385,48.30472946166992,-0.010929318144894173,-0.010989481910000631
2010-07-06,49.14452534402248,49.66132563829305,47.36802202218786,47.67487335205078,-0.013039222383367965,-0.01312497932851116
2010-07-07,47.82023275199676,49.3787106632175,47.63450780407581,49.33833312988281,0.034891750326180526,0.03429683219068519
2010-07-08,49.87935278323474,50.1539033325565,49.28987723800299,50.048927307128906,0.014402476374210993,0.014299745918478516
2010-07-09,50.04893801171982,50.82413864135742,49.87936345155662,50.82413864135742,0.015489069914952802,0.015370338725777198
2010-07-12,50.67877959905318,51.01793174260708,49.75822862142152,50.25080490112305,-0.011280736979727868,-0.011344847088635984
2010-07-13,50.93717445502438,52.03537652125059,50.74337282200757,51.84157180786133,0.03165654579799049,0.031165807208365304
2010-07-14,51.69622845312364,51.99500614007404,51.252106452287144,51.65585708618164,-0.003582351290736252,-0.0035887832768049517
2010-07-15,51.760846173522324,51.760846173522324,50.55767063434367,51.179447174072266,-0.009222766574457197,-0.009265559602727935
2010-07-16,50.7999203471865,50.904896406975425,49.16876691204791,49.314117431640625,-0.0364468521140382,-0.037127631376638444
2010-07-19,49.47560810569884,49.64518264998315,48.57120745580933,49.5240592956543,0.004257236567291267,0.004248200173329459
2010-07-20,48.8134578934232,50.444611012451674,48.61965621139953,50.35578536987305,0.01679438410436873,0.016654917770428324
2010-07-21,50.75146403763047,50.84836642785221,49.33833652415211,49.45138931274414,-0.017960122168405146,-0.018123362662374288
2010-07-22,50.21043481035497,51.40553645348936,50.202358071746104,51.211734771728516,0.035597492475923476,0.03497854756740437
2010-07-23,50.96139853530593,52.5764008500721,50.824121736757135,52.47142791748047,0.024597744078909134,0.02430009076269318
2010-07-26,52.69755033370094,53.71499780183872,52.422996616367854,53.66654968261719,0.022776619820909616,0.02252110517959714
2010-07-27,54.151049936784965,54.32062451662329,53.27895297772322,53.47275161743164,-0.0036111519434669503,-0.003617687892260035
2010-07-28,53.4000706876397,53.64232359608884,52.30994492111328,52.60872268676758,-0.01615830314560429,-0.016290272052497477
2010-07-29,53.06090031235297,53.28699965070104,51.639699630722625,52.47142791748047,-0.00260973394287789,-0.002613145234839682
2010-07-30,51.76083107123931,52.980159735064326,51.534731697443064,52.50373077392578,0.0006156275467881223,0.0006154381258877692
2010-08-02,53.43236893676308,53.731146688161985,52.96401662183954,53.416221618652344,0.01737954296344446,0.017230246032608906
2010-08-03,53.238558895508504,53.723058424612915,52.56025462616572,52.98823547363281,-0.008012287879045399,-0.008044558748827618
2010-08-04,53.27892801767537,53.68267858835548,53.06089925949102,53.5453987121582,0.010514847938324579,0.010459951408535588
2010-08-05,53.02054843733899,53.46467054067897,52.859044450058576,52.91556930541992,-0.011762530896894274,-0.01183225677128207
2010-08-06,52.04347274309644,52.818679657170605,51.567049782918545,52.600650787353516,-0.005951339505557374,-0.005969119304020534
2010-08-09,52.988227359607365,53.383901195699885,52.36644802786001,53.18202590942383,0.011052622227443853,0.010991988364750089
2010-08-10,52.657159354492286,52.81866331192375,51.78505646660049,52.18073654174805,-0.018827589783456444,-0.019007085402688802
2010-08-11,51.13905722735464,51.13905722735464,49.99240381499289,50.12968063354492,-0.039306764222504675,-0.040100134522328475
2010-08-12,49.13644230221098,50.18619623067759,49.06376707763056,49.87934494018555,-0.004993761982833411,-0.005006272479210141
2010-08-13,49.661343330626124,49.80669385021884,49.23336851203304,49.314117431640625,-0.011331895180715201,-0.01139659031490595
2010-08-16,48.966890114377904,50.000491041212136,48.75694108125485,49.70979309082031,0.008023577826941297,0.007991560076949338
2010-08-17,50.24273616391156,50.99371268349665,49.95203517821756,50.56573486328125,0.017218775602166003,0.017072212517938168
2010-08-18,50.5091947111796,51.21979656310006,50.01661853247471,50.719146728515625,0.0030339095367479807,0.003029316520727875
2010-08-19,50.54150552801462,50.75145450665352,49.209127176231,49.33025360107422,-0.027384000264746855,-0.027765930669399055
2010-08-20,49.15260541720446,49.4110055980706,48.56312981208026,49.37870788574219,0.0009822427644465836,0.000981760679679453
2010-08-23,49.74207767415587,50.00047783762892,48.67617622973631,48.70847702026367,-0.01357327670520192,-0.013666235756481111
2010-08-24,47.93327282430366,48.708473254794974,47.48107103299737,48.15129852294922,-0.011439045755478161,-0.011504974899258141
2010-08-25,47.75562173828645,48.9991743584681,47.55374643294681,48.878047943115234,0.015093038868300601,0.014980272202526963
2010-08-26,49.055703340501346,49.48367803824645,48.33702768565655,48.514678955078125,-0.007434195990396408,-0.007461967349501565
2010-08-27,49.07187225237522,49.90359790873568,48.09479606261937,49.782474517822266,0.026132205552015453,0.025796593761300144
2010-08-30,49.540205184095726,49.790531704424275,48.66810535264533,48.69232940673828,-0.021898170423282348,-0.02214149414586107
2010-08-31,48.57120060072733,49.184900185016176,48.191674033906935,48.59542465209961,-0.001990144152464013,-0.0019921271207030277
2010-09-01,49.44331633548917,50.509218066044035,49.273741760258574,50.4769172668457,0.038717484788247436,0.037986764448013965
2010-09-02,50.460751575327734,51.179427153771805,50.283100324791846,51.03407669067383,0.011037905125677705,0.0109774320414131
2010-09-03,51.80928616411758,52.10805770108079,51.36515798654257,51.94655990600586,0.017879880944309923,0.01772191602324242
2010-09-07,51.785055309651575,51.79313204752921,50.79990583431337,50.96140670776367,-0.01896474376791768,-0.019146880988069256
2010-09-08,51.0825187533731,51.67199727313292,51.058294705844325,51.260169982910156,0.005862539801142708,0.005845421984686459
2010-09-09,52.043457678090874,52.06768789274948,50.90488401898269,51.292484283447266,0.0006303978419868184,0.0006301992247347687
2010-09-10,51.48628101747813,51.768908317874036,51.1552056110057,51.453983306884766,0.003148590396695239,0.0031436439660883814
2010-09-13,52.043446232609135,52.87517758541312,51.93847330182563,52.705596923828125,0.024324912018539147,0.024033773182407157
2010-09-14,52.59256478057884,52.98824490845905,52.293793200818634,52.479515075683594,-0.004289522580899208,-0.004298748976894269
2010-09-15,52.334157796555765,52.947860515603786,51.94656061875937,52.77828598022461,0.005693095755746613,0.005676951331624006
2010-09-16,52.6490709179275,52.8186515757366,51.99499697771545,52.439125061035156,-0.00642614501191896,-0.006446881566919619
2010-09-17,52.81057363564221,52.907469825616154,51.90617017783668,52.65714645385742,0.004157609276823404,0.004148990300672193
2010-09-20,52.82673537502976,54.26408675249324,52.46336224189437,54.118736267089844,0.027756722717840132,0.027378487974009737
2010-09-21,54.11873513797474,54.449813632554054,53.72306122069978,53.803810119628906,-0.005819170386882178,-0.005836167731249392
2010-09-22,53.658473791758425,54.02185317391399,52.75407602798859,53.165897369384766,-0.01185627465463479,-0.011927120816815531
2010-09-23,52.74088109508873,53.55850813000994,52.34421312172497,52.52230453491211,-0.012105369537941169,-0.012179236251613369
2010-09-24,53.258978025845344,54.2870783809862,53.1780262632413,54.230411529541016,0.032521554599598934,0.03200392176066704
2010-09-27,54.24661665877334,54.36804741557352,53.841851586922644,54.092803955078125,-0.002537461372350669,-0.002540686183836906
2010-09-28,54.2142246136753,54.748511197362504,53.2265970341239,54.6270866394043,0.009877148996932705,0.009828688798571064
2010-09-29,54.546119390036466,55.00755116019863,54.33564607468015,54.7808837890625,0.0028154009140817227,0.0028114450959980755
2010-09-30,55.1856598443619,55.49328520398294,54.198032234213315,54.64327621459961,-0.002511963388410421,-0.0025151236618796103
2010-10-01,55.16136739809137,55.258513210423104,54.4408862745777,54.93470001220703,0.0053332050674070874,0.005319033892121405
2010-10-04,54.78899960423776,55.12900077752921,53.81756591591226,54.18994903564453,-0.013557022726928714,-0.01364975825848021
2010-10-05,54.78897600631998,55.86565210090392,54.4408779522899,55.72802734375,0.028383091984341302,0.027987755185702658
2010-10-06,55.679473478741805,55.90614089488944,55.22613864644654,55.54185485839844,-0.003340733455415301,-0.003346326164733277
2010-10-07,55.87376295444799,55.92233895868967,54.98328110885852,55.37995529174805,-0.00291491105335151,-0.0029191676803811957
2010-10-08,55.46088568743862,56.39184614836993,55.16135745225597,56.08422088623047,0.012716976580646744,0.0126367948974801
2010-10-11,56.132808685302734,56.553767754861255,55.970905151610324,56.132808685302734,0.0008663363474519237,0.0008659612947173784
2010-10-12,55.987101170549415,56.52138779141627,55.37995363361374,56.278526306152344,0.002595943874224238,0.0025925802318854376
2010-10-13,56.65901643095032,57.58997738736035,56.48091880044446,57.13664245605469,0.015247665605780725,0.015132588252181422
2010-10-14,57.17708974835549,57.43613904726404,56.57803940267118,57.09613800048828,-0.0007089050708144473,-0.0007091564628298982
2010-10-15,57.589966207486604,57.67901500545259,56.57805366353129,56.9018669128418,-0.0034025258879124554,-0.003408327643274964
2010-10-18,57.120417735046075,57.5008977094147,56.877562513434675,57.37946701049805,0.008393399436046778,0.008358370729133082
2010-10-19,56.699495218563136,57.28235794324888,55.81710410029577,56.26234817504883,-0.019468965008769268,-0.01966098163734437
2010-10-20,56.53757645158602,57.17710594042447,56.2056723384713,56.83710479736328,0.010215652935889219,0.010163825819801912
2010-10-21,57.120449851468564,57.54949987615184,55.82520274594582,56.5618782043457,-0.004842375310966651,-0.004854137597258367
2010-10-22,56.69948765568284,56.98282194899433,56.47282022103365,56.92615509033203,0.006440325136839897,0.006419674858488181
2010-10-25,57.34711465460075,57.92997736902229,56.95854362913646,57.26616287231445,0.005972786699591559,0.005955020317220925
2010-10-26,56.95853490569884,57.61425227088466,56.659006563265926,57.22568130493164,-0.0007069020404435467,-0.0007071520135021907
2010-10-27,56.83711360195196,57.169023942706836,56.294729859778315,57.07997512817383,-0.002546167619768558,-0.0025494146173135894
2010-10-28,57.525212489279276,57.5737884998067,56.46472993217808,56.731876373291016,-0.006098439147899981,-0.006117110577676716
2010-10-29,56.56996198894845,57.2094915184152,56.529489189093354,56.909969329833984,0.0031392044107818595,0.003134287396270492
2010-11-01,57.201382032836925,57.61423780849851,56.108511796895115,56.5213737487793,-0.006828251458061763,-0.006851670635956857
2010-11-02,57.20950022679951,57.72759908311636,56.8856868975451,57.69521713256836,0.020768132583019794,0.020555415040196416
2010-11-03,57.76806612544178,57.97854567238756,57.07186977311856,57.921878814697266,0.003928604369545896,0.003920907555305956
2010-11-04,58.982346729455486,59.40329954365486,58.78806129030367,59.38711166381836,0.02529670789527816,0.024982041819035673
2010-11-05,59.4599715102439,59.905215446892555,59.3385469604518,59.71902084350586,0.005588909283320342,0.005573349278546982
2010-11-08,59.52472886851026,59.83235416422144,59.19282484172293,59.67044448852539,-0.000813415127949968,-0.0008137461295417973
2010-11-09,59.8323550109335,59.94568869741326,58.553296347835996,58.87710952758789,-0.013295274867443974,-0.01338444830656837
2010-11-10,58.95809402267824,59.54095683469807,58.37523121065841,59.532859802246094,0.011137609843957064,0.011076043381152964
2010-11-11,58.87709720454214,59.532814278535916,58.65852072906328,59.29804992675781,-0.0039442062126405775,-0.003952005107685877
2010-11-12,58.71522423570757,59.1766562012275,58.205222434730366,58.31045913696289,-0.01665469254072849,-0.01679494131329597
2010-11-15,58.59377205302487,58.97425209496383,58.26186800501244,58.31853485107422,0.00013849512130170716,0.00013848553173778996
2010-11-16,57.881369016233634,58.0270845978688,56.78850524208041,57.18517303466797,-0.01943398988504208,-0.019625312700084812
2010-11-17,57.314731046950065,57.49282247314233,56.990917785849504,57.33901596069336,0.0026902589930457577,0.0026866467234976654
2010-11-18,58.0190145508458,58.7556898272814,58.01092369759678,58.45616149902344,0.019483165513267453,0.01929579840292333
2010-11-19,58.28616559567303,58.77997943717877,57.90568547094983,58.65045166015625,0.0033236900294257854,0.003318178780133115
2010-11-22,58.42379177600435,59.08760627846074,58.07569355055617,58.933799743652344,0.004831132164811347,0.0048194996960989915
2010-11-23,58.2213895199937,58.48043884358899,57.8813884408167,58.37520217895508,-0.009478390450421093,-0.00952359627224761
2010-11-24,58.90139670917414,59.702829573427564,58.89329968090651,59.686641693115234,0.022465695453007806,0.022217058692806713
2010-11-26,59.322369729934024,59.686662011312585,59.20093896947451,59.273799896240234,-0.006916820668143253,-0.006940852753415468
2010-11-29,59.055194405444325,59.5085352776608,58.31042849738999,59.36281967163086,0.0015018401983077911,0.0015007135641923713
2010-11-30,58.674770557424026,59.298106295136655,58.431908948523,58.893341064453125,-0.007908630516115678,-0.007940069604231438
2010-12-01,60.00235246887209,60.36663841730441,58.94186420507007,60.212825775146484,0.02240465028549332,0.022157353032093468
2010-12-02,60.28569030498146,60.94950455020815,60.19664152533447,60.819976806640625,0.010083417007556328,0.01003291853930167
2010-12-03,60.577146339364155,61.44334340618745,60.52047947242152,61.25714874267578,0.00718796617474915,0.0071622558755417625
2010-12-06,61.23284261472714,61.807608116405135,61.11950892009898,61.63760757446289,0.006210847869940972,0.006191640044536293
2010-12-07,62.382368170978225,62.528083790808424,61.85617871024608,61.993797302246094,0.005778772762276674,0.005762139703306279
2010-12-08,62.13139797965096,62.341877408989,61.823778949249835,61.95330047607422,-0.0006532399680960754,-0.0006534534222869692
2010-12-09,62.39855985958008,62.39855985958008,61.912843203979044,62.163795471191406,0.003397639730242874,0.003391880793216735
2010-12-10,62.37430272008655,63.09478408480931,62.14762908209136,62.94097137451172,0.012502066475018836,0.012424560959455957
2010-12-13,63.191903409448344,63.297146251549094,62.59285299959634,62.61713790893555,-0.005145034442657348,-0.005158315706992674
2010-12-14,62.90856430647507,62.916661334369415,62.47951447141449,62.58475112915039,-0.0005172191011389993,-0.0005173529050775818
2010-12-15,62.53620334321317,63.19192078051705,62.269056914598686,62.39048767089844,-0.0031040062434868343,-0.003108833663015132
2010-12-16,62.4795123728623,63.11904167813692,62.22046307494799,62.96522903442383,0.009212003062984087,0.009169831355519284
2010-12-17,63.030028080002836,63.28098049035125,62.56859606756092,63.159549713134766,0.0030861585305232975,0.0030814061185728023
2010-12-20,63.39430169697691,63.79906675682475,63.08668247493343,63.41049575805664,0.0039732082648096245,0.003965335918277097
2010-12-21,63.669516066421856,64.17951758543134,63.62094008159582,64.11475372314453,0.011106331162825,0.011045108754028815
2010-12-22,64.26685494660794,64.38883554200628,64.01476626585793,64.09608459472656,-0.0002911830325136311,-0.0002912254345242068
2010-12-23,64.20992809821338,64.34004238087063,63.92531086013872,64.01476287841797,-0.0012687470197716433,-0.0012695525606955848
2010-12-27,63.81145110811125,64.32376203342469,63.68133685166955,64.20991516113281,0.0030485512081876998,0.003043913798483389
2010-12-28,64.33190572983452,64.37256799234329,63.85211708982975,64.03102111816406,-0.0027860812854185735,-0.0027899696337319903
2010-12-29,64.12047741735535,64.25871919241926,64.03915909109367,64.16927337646484,0.00215914498764036,0.002156817383921991
2010-12-30,64.11234555705462,64.42136389155364,64.04729461669922,64.04729461669922,-0.0019008904627921819,-0.0019026994478864685
2010-12-31,63.974090676403776,64.14486099272138,63.56749291254583,63.62441635131836,-0.0066025937225239195,-0.0066244872671212375
2011-01-03,64.19366368935465,65.07191023639885,64.02289335509077,64.7303695678711,0.01738252828043141,0.01723318034815286
2011-01-04,64.92553399731221,64.97432995236537,63.07958270744162,63.77079772949219,-0.01482413656502879,-0.014935112188348918
2011-01-05,63.75454404834009,64.53521117494947,63.51871655110536,64.5189437866211,0.01173179705705496,0.011663513069665416
2011-01-06,64.56774541334123,64.67345862998883,63.95784858551532,64.21807098388672,-0.004663324987610351,-0.004674232210072796
2011-01-07,64.43760590535867,64.60024871833778,62.97385781368025,63.85210418701172,-0.005698813297690397,-0.005715113491531625
2011-01-10,63.6244353416253,64.47829338225812,63.12025793463835,64.21807098388672,0.005731475908814954,0.005715113491531636
2011-01-11,64.53519492080562,64.79541723080125,64.13673086579124,64.478271484375,0.004051826791146906,0.004043640247162381
2011-01-12,65.00687037890766,65.16137335288697,64.65719595749465,65.03126525878906,0.008576436087435635,0.008539867396725838
2011-01-13,65.04751488353001,65.2996097406143,64.70597421750757,65.0068588256836,-0.000375303063970045,-0.0003753735077906968
2011-01-14,64.94183087274952,65.60865132216081,64.80358904640407,65.49480438232422,0.007506062674848657,0.007478032363869755
2011-01-18,65.29146759312634,65.56795108576601,64.94992697132817,65.5435562133789,0.0007443618087641379,0.0007440849089135602
2011-01-19,65.5191526553743,65.6248658231009,63.72199157889109,63.860233306884766,-0.02568250799535554,-0.026018061304792235
2011-01-20,63.54311773179153,63.86839728452195,62.892558626330704,63.193443298339844,-0.010441396374808343,-0.010496290200410135
2011-01-21,63.60002947507428,63.624424351302785,62.71364921642356,62.770572662353516,-0.006691685306494999,-0.00671417501814584
2011-01-24,62.778680013368174,63.48616221799886,62.689228026431365,63.234073638916016,0.0073840488767833445,0.007356920252082681
2011-01-25,62.86812869243871,63.3479171611451,62.575377878628565,63.33164978027344,0.0015430943436383071,0.0015419049969205474
2011-01-26,63.429223145028786,64.55143024408744,63.22592435289728,64.34000396728516,0.01592180514024455,0.015796382749811082
2011-01-27,64.34003757967187,64.78729143350253,64.02289179459903,64.52706909179688,0.0029074465803085037,0.002903228132130295
2011-01-28,64.49452928541837,64.60837615231496,62.88440576548725,62.949462890625,-0.02444875032100957,-0.024752583467623424
2011-01-31,63.32355226873412,63.83586333331441,62.819368694248894,63.38860321044922,0.006976077311211082,0.006951857060206941
2011-02-01,63.900918493438574,65.06378857255986,63.73014814388532,64.85235595703125,0.02309173372573614,0.022829154235414567
2011-02-02,64.72222241515044,65.1613486994484,64.58398067866466,64.6083755493164,-0.0037620901216988134,-0.0037691845816620996
2011-02-03,64.55960794531717,64.93367723335186,63.835864248264485,64.83609771728516,0.003524653979187775,0.0035184569436861367
2011-02-04,64.7303848302013,65.03126951152792,64.43763384409745,64.949951171875,0.001756019541556908,0.0017544795418245865
2011-02-07,65.03938818242585,66.07214388625033,64.98246473739916,65.59236145019531,0.009890850827898534,0.009842256526119204
2011-02-08,65.59236404306094,66.08840768122211,65.33213547929182,66.0558853149414,0.0070667354322659914,0.007041883072109486
2011-02-09,65.87697707527651,66.11280454299929,65.39718844668464,65.76313018798828,-0.004431931016552482,-0.004441781136963824
2011-02-10,65.32399730698103,66.10466425804977,65.2508064843427,66.02334594726562,0.0039568639530007665,0.003949056156311914
2011-02-11,65.77939676383176,66.76336277275703,65.69807843827085,66.73896789550781,0.010838922777615334,0.010780602693592609
2011-02-14,66.77149326709295,67.17809107960518,66.72270351493236,67.08050537109375,0.005117512097590149,0.0051044621358451265
2011-02-15,66.90160213131419,67.08050616360364,66.54380027092563,66.69830322265625,-0.005697663521214258,-0.0057139571258079044
2011-02-16,66.85281292506889,67.3488627625845,66.82841804850098,67.23501586914062,0.008046871067959316,0.008014667643484845
2011-02-17,67.16997569046086,67.90998688890257,67.0479950726286,67.7066879272461,0.0070152739909139505,0.006990781437595628
2011-02-18,67.86114922648076,68.12137148935709,67.52774236038366,67.77983093261719,0.0010802921780739272,0.0010797090823836156
2011-02-22,67.27567256316462,67.51149381992457,65.94202611402326,66.03961181640625,-0.02567458626358865,-0.026009930793302834
2011-02-23,66.16970431429336,66.226627737573,64.47825658800139,64.90111541748047,-0.01723959859259716,-0.017389930755100872
2011-02-24,65.02312127176225,65.64115168242678,64.53520513879141,65.31587219238281,0.006390595481054362,0.006370262207593104
2011-02-25,65.62486021846762,66.85278689587835,65.5760704843281,66.8283920288086,0.023157002818101624,0.022892948134193323
2011-02-28,67.21062201781226,67.36512497316268,66.34863040605781,66.90160369873047,0.001095517454472228,0.0010949178131307805
2011-03-01,67.15373137419172,67.20252115190515,65.34030145078926,65.55986785888672,-0.020055361391422277,-0.02025920012894529
2011-03-02,65.4866370037692,66.16972449565019,65.25080954848825,65.83631134033203,0.004216657087234177,0.004207791900968223
2011-03-03,66.4949841057663,67.51147834013724,65.89322125619148,67.33258056640625,0.022727112069500066,0.02247269876444632
2011-03-04,67.32447321316168,67.36512927592838,66.39743060508493,67.03985595703125,-0.004347443791884675,-0.0043569214045468
2011-03-07,67.30008108890169,67.3488708478948,65.38907234331458,65.9420394897461,-0.016375579147854924,-0.016511140916442325
2011-03-08,65.99895506715605,67.34072278674026,65.50290527591724,67.01544952392578,0.01627808363959682,0.016147016075764433
2011-03-09,66.88534260237824,67.1536986574482,66.47874477500817,66.74710083007812,-0.004004281038984203,-0.004012319638688094
2011-03-10,65.86885589040385,65.89325077028526,64.81169893147397,65.03126525878906,-0.025706518334888573,-0.0260427048481764
2011-03-11,64.51895390544213,65.62490072597079,64.47016414118674,65.20204162597656,0.002626065577963299,0.002622623492531231
2011-03-14,64.51894274776726,65.32401094390634,64.16927455881827,64.85235595703125,-0.005363109194513327,-0.005377542291943925
2011-03-15,63.396733457684384,64.7872973038144,63.079587643875286,64.27498626708984,-0.00890283292597649,-0.008942699938988217
2011-03-16,63.982235113788875,64.76290220699568,63.234096591656176,63.63256072998047,-0.009994954093647368,-0.010045238991386797
2011-03-17,64.51080870659592,64.60026071930494,63.77079772949219,63.77079772949219,0.002172425530670097,0.002170069226307028
2011-03-18,64.51079531090475,64.7222216568687,64.299362760752,64.61650848388672,0.013261724558973453,0.013174557699377481
2011-03-21,65.4460107060808,66.12909230436111,65.34842496167252,66.11283111572266,0.02315697129022487,0.02289291731988315
2011-03-22,66.21038404399489,66.35675949967835,65.6004873460122,65.76313018798828,-0.00528945624975985,-0.0053034949500792
2011-03-23,65.61674871174078,66.16158822294213,64.933661246497,65.96642303466797,0.003091289087039595,0.0030865208770129407
2011-03-24,66.4056728297291,66.65014337857184,65.79450267476655,66.4219741821289,0.006905803384572362,0.006882067538447141
2011-03-25,66.80493096058933,67.68501067668319,66.45452672145764,67.00050354003906,0.008709909108148839,0.00867219667286044
2011-03-28,67.22054316851838,67.44056782996422,66.79680140954225,66.85384368896484,-0.0021889365501047697,-0.0021913357735195774
2011-03-29,66.89460653835364,67.54652384575057,66.47901531660371,67.48133087158203,0.009385955212037667,0.0093421808308282
2011-03-30,67.77466752740412,68.44287971825199,67.66873364711256,68.35324096679688,0.01292076021550459,0.012837999320011886
2011-03-31,68.28807013893082,68.68736616841132,68.20657582434258,68.5895767211914,0.0034575647189769576,0.0034516010845651486
2011-04-01,69.0785047476983,69.28222807990086,68.65476295225979,68.89108276367188,0.004395799724877358,0.004386166417675631
2011-04-04,69.07032897274816,69.24145574814854,68.89105152695541,69.04588317871094,0.0022470312387177227,0.002244510439527262
2011-04-05,69.00518654239247,69.87712239826817,68.87480058925675,69.42078399658203,0.005429734556378074,0.00541504669118682
2011-04-06,69.77933833388232,69.98306173856541,69.19262015079673,69.57561492919922,0.0022303253248308064,0.002227841841268868
2011-04-07,69.64078777391136,69.90155340781854,68.95628031633366,69.16000366210938,-0.005973519134725214,-0.0059914319708884375
2011-04-08,69.46965760027298,69.55929636551572,68.12508233877462,68.43474578857422,-0.010486666210697493,-0.010542038750567626
2011-04-11,68.46735357531665,68.67922763985933,67.55467677509169,67.82359313964844,-0.008930443766298257,-0.008970559190179236
2011-04-12,67.46500743547747,67.67688140407334,66.86198822024171,66.9353256225586,-0.013096733392772397,-0.01318325184184763
2011-04-13,67.35093722404278,67.48131692829601,66.55233899834863,67.02497863769531,0.0013393976096010007,0.0013385014167724637
2011-04-14,66.48715060703894,67.39983346810821,66.3730660265482,67.33464050292969,0.00462009644058603,0.004609456553974407
2011-04-15,67.35908447860307,68.05174255371094,67.03312590880448,68.05174255371094,0.010649823707754802,0.010593513776337066
2011-04-18,67.0249821341367,67.03313280893488,66.35676979498058,66.92719268798828,-0.016524923881781395,-0.016662983499334986
2011-04-19,67.15535543020833,67.39166900061504,66.55232995143884,66.9434814453125,0.00024338025651471362,0.00024335064434466398
2011-04-20,68.04359894449883,68.36955754814065,67.8398755943656,68.31251525878906,0.020450591811466357,0.02024428642833327
2011-04-21,68.72811024701176,68.84220104921657,68.23103096475569,68.8177490234375,0.007395918050074002,0.007368702355821681
2011-04-25,68.75255566112291,68.88293536702179,68.2636146668589,68.72810363769531,-0.0013026492004505341,-0.0013034983854604775
2011-04-26,68.88294615848876,69.81192424569886,68.73626508065854,69.41262817382812,0.00995989267711117,0.009910619844014387
2011-04-27,69.45334357421456,69.89338038933103,69.17627667961926,69.82819366455078,0.005986885983944701,0.005969035791332856
2011-04-28,69.75487503683033,70.4882803532991,69.6896820715568,70.14602661132812,0.004551642110408816,0.004541314713344027
2011-04-29,70.2356825166467,70.63497864634513,70.02380843639769,70.3986587524414,0.003601517481711225,0.003595047547360124
2011-05-02,70.71646723885355,70.74091305267233,69.49412681075496,69.57561492919922,-0.011691186136605802,-0.011760065433356627
2011-05-03,69.50223037091332,69.66520649731734,68.22284850550557,68.69548797607422,-0.012649934233720073,-0.012730625869938384
2011-05-04,68.79327083601422,68.82586730456724,67.41610578820746,67.8072509765625,-0.012930063177090778,-0.013014384082358221
2011-05-05,67.34278789843303,68.51623634592895,67.15536590410096,67.49761962890625,-0.004566345681279338,-0.004576803285220062
2011-05-06,68.2554728964743,68.7281063432493,67.50576624375657,67.85617065429688,0.005312054371130248,0.005297995177133436
2011-05-09,67.77467843874659,68.71995770913362,67.66874454140026,68.64661407470703,0.011648806774511078,0.011581481757876357
2011-05-10,68.99699873392245,69.70595798398237,68.90735999366863,69.69780731201172,0.015313111236057386,0.015197048898763114
2011-05-11,69.46151448304653,69.55930393317105,68.0843488090347,68.4103012084961,-0.018472691655161078,-0.018645442581011057
2011-05-12,68.01915754443701,69.2170519155793,67.61986149310414,69.0133285522461,0.00881486169622514,0.00877623761420574
2011-05-13,69.07035919861741,69.25778117968034,67.85616368154622,68.05174255371094,-0.013933337497367582,-0.014031317635850067
2011-05-16,67.60354843822628,68.36139946730475,67.00052912796099,67.05757141113281,-0.014609047546335185,-0.014716810512086505
2011-05-17,66.5197141600335,67.08199232634995,66.33229224935486,66.84567260742188,-0.003159953443762187,-0.00316495663933577
2011-05-18,66.92718778229853,67.89691284647508,66.82125388626001,67.87246704101562,0.015360671731497355,0.015243890982260307
2011-05-19,68.33698835359135,68.42662716081495,67.41616068146655,68.01918029785156,0.0021616019460037883,0.0021592690457801923
2011-05-20,67.83987212155174,68.00284830645805,67.05757524314414,67.52206420898438,-0.007308469268379136,-0.0073353069715392846
2011-05-23,66.34860989155716,66.78050233863883,66.19378439478635,66.30786895751953,-0.01798219982888627,-0.018145844344790562
2011-05-24,66.48714575438231,66.78865853346913,65.86783128181793,65.99006652832031,-0.004792831291303035,-0.004804353738703199
2011-05-25,65.81893693120503,67.05757837607696,65.81079247357926,66.82125854492188,0.012595714178358142,0.012517048052475086
2011-05-26,66.5767754384438,67.7339285680486,66.53603450659605,67.70133209228516,0.013170562281038745,0.013084584519826178
2011-05-27,68.01097795156122,68.39397870652282,67.84800181704782,68.16580963134766,0.00686068537660911,0.006837257965716038
2011-05-31,68.94813706533805,69.15186043304863,68.26362331691575,69.13555908203125,0.014226332173389533,0.014126087533541906
2011-06-01,69.02960998664538,69.11924874609443,66.84569571643162,66.910888671875,-0.032178381714055626,-0.03270748731717581
2011-06-02,67.0820320479683,67.3590990683086,66.49530773867727,66.88645935058594,-0.00036510232899256145,-0.0003651689950750011
2011-06-03,65.85152705235086,66.60123363010156,65.75374383314097,65.9085693359375,-0.014620149192272502,-0.014728076810449625
2011-06-06,65.80258338194216,66.06334878876403,64.77581687258326,64.82471466064453,-0.016444821761621542,-0.01658153877317816
2011-06-07,65.2240618516343,65.54186974795573,64.80846451908218,64.9795913696289,0.0023891614455251453,0.0023863119370401515
2011-06-08,64.75954649665547,64.96326974285502,64.14022608740962,64.25431060791016,-0.0111616700941235,-0.011224428966631188
2011-06-09,64.44178547119398,64.95516618581428,64.15657396307158,64.59661102294922,0.005327275505729645,0.005313135768858179
2011-06-10,64.19731490796683,64.30325505179532,63.27648740546787,63.56169891357422,-0.016021151775397757,-0.01615087786762468
2011-06-13,63.74909855811041,64.08320154131904,63.031988554291644,63.38239288330078,-0.0028209760490707225,-0.0028249625008939373
2011-06-14,63.92024817358833,64.93071437348519,63.87950101170261,64.7432861328125,0.021471156067228048,0.02124389803617564
2011-06-15,64.05062104648871,64.5477065260084,63.33351708090552,63.58613204956055,-0.017872958763294755,-0.018034609100422483
2011-06-16,63.63502152962784,64.27878805063632,62.93421893742724,63.732810974121094,0.002306775390052307,0.002304118868250611
2011-06-17,64.3684526237091,64.48253724611251,63.42317914991726,63.74913787841797,0.00025617737625771575,0.00025614456843662403
2011-06-20,63.52907290528921,64.56399074729403,63.5046271041168,64.3358154296875,0.009202909573278406,0.009160820829835182
2011-06-21,64.84922265828241,65.81894164233294,64.71883672121874,65.72930908203125,0.02165968742351132,0.02142844946362731
2011-06-22,65.37074110033613,66.09599563530054,65.19961425449377,65.22406005859375,-0.0076868147633644135,-0.007716510599443382
2011-06-23,64.48251361050716,65.607070500779,63.806156801928076,65.4766845703125,0.0038731797973294846,0.003865698348234265
2011-06-24,65.70483493333751,65.81077502581793,64.75956207647128,65.14256286621094,-0.005102911155233647,-0.0051159754693366295
2011-06-27,65.1181588441657,65.77822075464843,64.75145294722874,65.64783477783203,0.007756402103165971,0.007726475863394326
2011-06-28,65.86782047933777,66.69900882837989,65.73743457988073,66.66641235351562,0.015515783256686344,0.015396644267778604
2011-06-29,66.90274195095635,67.14721243974179,66.36491557962829,66.9842300415039,0.004767283505567654,0.004755955996255978
2011-06-30,67.15536712471204,67.67689839593552,67.04942700524457,67.47317504882812,0.007299404755735317,0.007272893035851551
2011-07-01,67.53834823022603,68.63845905737026,67.3264804681297,68.52436828613281,0.015579424512689233,0.015459311203115042
2011-07-05,68.59956782417996,68.77120902977887,68.2726295219694,68.6894760131836,0.0024094746318761295,0.0024065765022549647
2011-07-06,68.58323845424235,69.07364289503504,68.33803311593061,68.9673843383789,0.004045864684452782,0.004037702182774925
2011-07-07,69.64576883757618,70.26695101883051,69.4250890583019,70.00540161132812,0.015050842987698765,0.014938702852703998
2011-07-08,69.16355058831307,69.64577985134942,68.91834525182733,69.58039093017578,-0.006071112676590551,-0.00608961681296833
2011-07-11,68.70582211878717,69.08997416736096,67.9129987395314,68.10099029541016,-0.021261746520657043,-0.021491033302816
2011-07-12,67.74136956722721,68.46880416624676,67.65963653373201,67.71685028076172,-0.005640740508795927,-0.005656709565389147
2011-07-13,68.15004454093415,69.04095148944971,68.01927292765681,68.32168579101562,0.008931831704312776,0.008892178835768623
2011-07-14,68.45245814244004,68.79574061503264,67.0629779043287,67.234619140625,-0.01591100450471572,-0.01603894344305845
2011-07-15,67.52069986312355,67.76590523615465,67.16924215422254,67.68416595458984,0.0066862402094460816,0.006663986446306374
2011-07-18,67.38175542464388,67.53704634623288,66.20477957015274,66.59710693359375,-0.016060758164995526,-0.01619112993889043
2011-07-19,67.21008978772169,68.17455437756432,67.16922016032163,68.10099029541016,0.022581812199679696,0.02233061766526301
2011-07-20,68.1255190407587,68.18273278556849,67.55338159266081,67.986572265625,-0.001680122848270349,-0.0016815358375484907
2011-07-21,68.1990785788058,68.90199381714575,68.03560629324414,68.60774993896484,0.00913676999206392,0.00909528222708383
2011-07-22,68.53419766916024,68.86931123547421,68.16639587592745,68.69766998291016,0.001310639745878639,0.001309781607332055
2011-07-25,67.85579431029251,68.46063245246341,67.63511450521914,67.88848876953125,-0.011778874211894053,-0.011848794749909495
2011-07-26,67.74134441773916,67.91298559510521,67.19372643721482,67.37354278564453,-0.007585173763918429,-0.007614087497691098
2011-07-27,66.93220415379525,66.94855450253482,65.26482402472341,65.36290740966797,-0.029843100018854485,-0.03029746800736104
2011-07-28,65.35472094123679,66.18023880665925,65.13404115803627,65.25663757324219,-0.0016258431675892915,-0.0016271662849073976
2011-07-29,64.34122460760004,65.53454431751184,63.86716429883452,65.17491149902344,-0.00125237948594914,-0.0012531643685198776
2011-08-01,65.95141910395503,66.1966183012647,64.13691635903069,64.74992370605469,-0.00652072681334015,-0.006542079626952871
2011-08-02,64.50467279833569,65.12585488476499,62.61661349601455,62.731040954589844,-0.031179693131840103,-0.031676126116357055
2011-08-03,62.68201831818259,63.22146129765267,61.20262368084156,63.14790344238281,0.006645234662927546,0.006623252422092299
2011-08-04,62.175261074674516,62.28968855773758,59.330905637233755,59.339080810546875,-0.06031590004110221,-0.06221152407371876
2011-08-05,60.0910400328249,60.360764653965546,56.93610255545782,58.301063537597656,-0.017492978636850065,-0.017647788838658432
2011-08-08,56.404835721768485,58.36645994447117,53.1926778498944,53.225372314453125,-0.08706001083275738,-0.09108512982756095
2011-08-09,54.69658472385263,56.903414269225046,52.11378131514683,56.77263641357422,0.06664611152297839,0.06451925050468596
2011-08-10,55.0480328670619,56.86253476655549,53.83836909128637,53.99365997314453,-0.04894922300570215,-0.05018782459787044
2011-08-11,54.36144748328367,57.573603525039736,54.00181481386908,56.69087219238281,0.0499542394529251,0.04874658174632733
2011-08-12,57.2058091720149,57.704388677310874,56.23317567852441,57.04234313964844,0.006199780205760286,0.006180640635144999
2011-08-15,57.68805450302827,58.70973297083836,57.524582206680364,58.65251922607422,0.02822773395692768,0.0278366735850911
2011-08-16,57.69623154601326,58.36645870144599,56.93610864557942,57.57363510131836,-0.01839450613531768,-0.018565788754436777
2011-08-17,58.00680850050495,58.456343213657455,57.017824648574056,57.589962005615234,0.0002835830023264485,0.0002835428002670785
2011-08-18,55.62835776500416,57.54094346193432,53.79751134965805,54.312435150146484,-0.056911425903513835,-0.05859507276760521
2011-08-19,53.135445115775006,55.09706863778139,53.04553692931181,53.35612487792969,-0.017607574942516968,-0.01776443226894245
2011-08-22,54.86004727298515,54.91726101568493,52.77582077952283,53.168148040771484,-0.003523060147045287,-0.003529280738086901
2011-08-23,53.50325544002412,55.82451208282145,53.012851039267865,55.73460388183594,0.04827055174267847,0.04714171264108393
2011-08-24,55.677382872983024,56.91156576939262,55.18697230039622,56.56010818481445,0.014811342424334573,0.014702725685193029
2011-08-25,57.19764006269397,57.45101428284543,54.96629193623861,55.17062759399414,-0.024566441532963057,-0.024873231472266867
2011-08-26,54.97445934145793,56.6581829280115,53.99364458130915,56.486541748046875,0.02385171623815241,0.023571707770393725
2011-08-29,57.27119285120328,59.216465896436404,57.246673572169534,59.15925216674805,0.04731587978287921,0.04623058627427712
2011-08-30,58.76696494843714,59.886720905637084,58.12943838445974,59.5025749206543,0.005803365345771194,0.005786590689452811
2011-08-31,59.82947855667847,60.393446971887016,58.76693686967459,59.37994384765625,-0.0020609372478682664,-0.0020630639014735564
2011-09-01,59.42081114752844,60.18094009967044,57.777956828245614,58.104888916015625,-0.02147282144476048,-0.02170671679823469
2011-09-02,56.6908899786266,57.2466832621751,55.661036434086476,55.95528030395508,-0.03699531402886902,-0.03769700118221501
2011-09-06,53.88741608498163,55.832689885715695,53.88741608498163,55.79999542236328,-0.0027751604629316917,-0.002779018359904395
2011-09-07,56.72357764895808,57.990454936607236,56.453853094540754,57.908721923828125,0.03779080061751605,0.03709422360070505
2011-09-08,57.49189055662286,58.27654514577223,56.54377613479947,56.846195220947266,-0.01834830173386459,-0.018518719627022586
2011-09-09,56.15143625688894,56.50289383766164,54.55762062072754,55.17062759399414,-0.029475457775856473,-0.02991858846597876
2011-09-12,54.2552126007727,55.78364587552119,54.24704366260367,55.64469909667969,0.008592824177645397,0.008556115998697858
2011-09-13,56.02067855129437,56.77263246144655,55.440365887861866,56.54377746582031,0.016157484607447037,0.016028341679217302
2011-09-14,57.0832173654327,58.358276356076225,55.93894245000091,57.55727767944336,0.017924168830702802,0.017765425010666587
2011-09-15,58.088540084324244,58.3909591003427,57.205808553104994,58.36643981933594,0.014058381016542887,0.013960478478621443
2011-09-16,58.56260314177766,58.87319110929981,57.93324579822874,58.45634460449219,0.0015403506781386245,0.0015391655548803237
2011-09-19,57.29572495032253,58.039509838524104,56.76445092101143,57.410152435302734,-0.017896982376641057,-0.018059070199812684
2011-09-20,57.61448907602123,58.26836577460423,56.48655831858742,56.51925277709961,-0.015518155246271204,-0.015639822156054296
2011-09-21,56.42934674909434,56.91157600010871,54.3859897820899,54.42685317993164,-0.03702100601754177,-0.03772368052424857
2011-09-22,52.55515088563599,53.879242390721146,51.89310201517768,52.90660858154297,-0.02793188489811893,-0.028329399711685084
2011-09-23,52.71788041269473,53.76813446056038,52.59480239708375,53.44813537597656,0.010235522724896695,0.010183494485145056
2011-09-26,54.022475321774465,54.54760845231982,52.74247935733576,54.45735168457031,0.018882161210947768,0.01870610595490519
2011-09-27,55.671720989212865,56.93530983549812,55.195822671779226,55.630699157714844,0.021546172130088692,0.02131733457717703
2011-09-28,55.622500682162055,55.893271102947665,53.41532173819681,53.497371673583984,-0.03834802575611729,-0.03910266690737553
2011-09-29,54.75275123651858,54.990694132624256,52.816343026774575,54.42454528808594,0.017331199374786666,0.017182727151756744
2011-09-30,53.45634104421625,54.301467133727535,52.7096723569733,52.758907318115234,-0.03060453626491444,-0.03108263503808663
2011-10-03,52.356853490015325,53.3004400811824,49.928136442741774,50.04301071166992,-0.051477499146628136,-0.052849767322948916
2011-10-04,49.49325813689955,53.234788929554334,49.30454084955102,53.160945892333984,0.062305107872675736,0.06044117710694247
2011-10-05,53.15273934262078,54.26042872761698,52.44709888047368,53.89120101928711,0.013736684227404483,0.013643191197129312
2011-10-06,53.75173268107723,55.228650245036896,53.45634791628358,55.08916473388672,0.022229300738183078,0.021985831329979166
2011-10-07,55.28609041546876,55.47481090976423,53.49737419566239,53.7435302734375,-0.02442648144965398,-0.024729756766103186
2011-10-10,54.949671009377916,56.106589281887324,53.77633899682858,56.098388671875,0.043816593112815605,0.0428837969324144
2011-10-11,55.565043665922275,56.713761098225525,55.41735133519748,56.484012603759766,0.006874064318323159,0.0068505456558810626
2011-10-12,56.91889254985832,57.87068276075912,56.467608661064766,57.28812026977539,0.014236022353024236,0.014135641745492799
2011-10-13,56.95992578758931,57.534287784778144,56.270698902972356,57.2389030456543,-0.0008591174555793168,-0.000859486708483449
2011-10-14,57.91170466876109,58.53528891766938,57.27990729183297,58.37118911743164,0.01978175701365603,0.019588640690577093
2011-10-17,57.854277841862604,57.944534623613336,56.31171194285513,56.59889602661133,-0.030362463359360325,-0.030832950884423622
2011-10-18,56.787615839225666,58.494281732728325,55.6717193903976,58.100433349609375,0.026529445420491404,0.026183642326509948
2011-10-19,57.9363439099236,58.379421072977465,56.67275487306826,56.9681396484375,-0.019488558619838336,-0.019680964489634214
2011-10-20,57.07481135005596,57.21430314432304,55.589686668822594,57.124046325683594,0.002736734571432864,0.0027329965318373052
2011-10-21,57.903537090140354,58.387642471332974,57.45225294326676,58.36302185058594,0.021689211542167852,0.02145734723891525
2011-10-24,58.62556836789861,60.37326259063929,58.38762544349616,60.24197769165039,0.03219428640749156,0.03168691136306337
2011-10-25,59.80709775962048,59.84812584893041,58.38761601360543,58.55171585083008,-0.028057874352531154,-0.028459017809314088
2011-10-26,59.56914665841248,59.93017380046581,57.8788946024488,59.56093978881836,0.017236453677283103,0.017089591199821286
2011-10-27,61.77633044528038,63.15479043649692,59.61017992479837,62.70350646972656,0.05276220778333274,0.051417384082272
2011-10-28,62.60504079447253,63.11375400615572,62.16196375655014,62.38349914550781,-0.0051034996643011254,-0.005116566997091748
2011-10-31,61.415320349492575,61.89942567209746,60.66045083154251,60.72609329223633,-0.026568016798891536,-0.026927324919868892
2011-11-01,58.40402537963193,59.872742132256356,58.223511796850154,58.576332092285156,-0.035400946831961155,-0.036042752927636534
2011-11-02,59.58556889753615,60.14351716938889,58.93736382729485,60.02043914794922,0.02465342236500767,0.024354430891442604
2011-11-03,60.93941659545804,61.702492919580926,59.31480652475065,61.51377868652344,0.024880516700205524,0.024576036722698855
2011-11-04,60.86554595921857,61.39067284118491,60.34862594540971,61.21015930175781,-0.004935794731662946,-0.004948015997503736
2011-11-07,61.1281252593943,61.43171685992298,59.81530771387868,61.08709716796875,-0.0020104854356346458,-0.0020125091743979037
2011-11-08,61.653235635017275,62.06349139849756,60.27477601932326,61.981441497802734,0.01464047845283667,0.014534341326280023
2011-11-09,60.15993016663926,60.652236037526535,58.92916235941669,59.027626037597656,-0.04765644987959483,-0.04882943731418643
2011-11-10,59.99582014531696,60.0860769367096,58.773253156455844,59.462486267089844,0.007367062826060478,0.007340058565669303
2011-11-11,60.17631505008076,61.15272581364976,59.51170268698262,61.02964782714844,0.026355466419942797,0.026014145244660232
2011-11-14,60.799934781179054,60.93942031151148,59.708652375617135,60.151729583740234,-0.014385110756245711,-0.014489579535581451
2011-11-15,59.83172707859103,61.243008567840704,59.429677994796116,60.91480255126953,0.012685802599690543,0.01260601190332298
2011-11-16,60.282992228215356,61.43991040529049,59.8235077051225,59.930171966552734,-0.016164061007799768,-0.016296124497116045
2011-11-17,59.85633847917536,60.258393803129565,58.477878285639434,59.07685470581055,-0.014238525149209091,-0.014340865560942618
2011-11-18,59.281971658358735,59.46248523802001,58.62555977959185,59.0604362487793,-0.00027791691201251023,-0.0002779555380742245
2011-11-21,57.87890843064358,58.13326510876521,57.11583213626985,57.649166107177734,-0.023895355863219336,-0.0241854809631553
2011-11-22,57.54248514973761,57.952741013157976,56.86146517406564,57.1650505065918,-0.008397616709422961,-0.008433075344182545
2011-11-23,56.53325868334008,56.689151653123496,55.27787675504365,55.368133544921875,-0.031433838433549854,-0.031938485028539285
2011-11-25,55.015341835111926,55.82764710598966,54.66252136230469,54.66252136230469,-0.012744012438936636,-0.012825913945379274
2011-11-28,56.68915349452966,57.370179745729445,56.541467389940046,57.26351547241211,0.04758276869206157,0.046485385150414234
2011-11-29,57.30450823426131,57.583485341429395,56.71374533556147,57.156822204589844,-0.0018631980056074138,-0.001864935918063655
2011-11-30,59.53631930842866,60.545551324315966,57.148633823047156,60.49632263183594,0.05842697859045631,0.056783823469610716
2011-12-01,60.282988783104386,60.8327300575315,59.946576019346246,60.06144714355469,-0.007188461535551194,-0.007214423015391413
2011-12-02,60.791689226563804,61.234766152753494,60.15169130873606,60.30759048461914,0.004098191981224408,0.0040898172654651125
2011-12-05,61.48915354944585,61.858381338954935,60.82453476431835,61.341461181640625,0.01714329305338702,0.016998004932202455
2011-12-06,61.38250821894118,61.77635678148149,60.791738505135996,61.398921966552734,0.0009367364879353524,0.000936298024106785
2011-12-07,60.94760053559728,61.587598580832704,60.00401094531137,61.27580642700195,-0.0020051742865754285,-0.002007187340000655
2011-12-08,60.63581937170799,60.8655616593289,59.257359385974695,59.372230529785156,-0.031065701264732182,-0.031558472552887476
2011-12-09,59.487108610990646,61.51377386458025,59.388644936238336,61.160953521728516,0.030127266164373223,0.02968235399159921
2011-12-12,60.29942369003864,61.210192489132424,59.48711858220161,60.283016204833984,-0.014354539397143817,-0.014458562466621763
2011-12-13,60.90659897449184,61.10352007084499,58.70762690852048,59.027626037597656,-0.020824939531404185,-0.021044836841115543
2011-12-14,58.46147989470921,58.986607072962656,57.91173835810165,58.2891731262207,-0.012510293246531634,-0.012589205801977124
2011-12-15,59.126077033710274,59.16710512683155,58.28915777010591,58.830692291259766,0.009290218680344742,0.00924733002414324
2011-12-16,59.30658768672892,60.12709942840476,58.855309984811875,59.29018020629883,0.0078103434983261,0.007780000655158946
2011-12-19,59.839934450769256,60.061469914301604,58.11686067437708,58.26455307006836,-0.017298431758207222,-0.017449797765031503
2011-12-20,59.5281359580821,60.69326125795149,59.495314733577665,60.603004455566406,0.040135060895186925,0.0393505709667625
2011-12-21,60.33222522598436,61.037865799622224,59.675819611907734,60.849151611328125,0.004061632883930466,0.004053406720004234
2011-12-22,61.145984475316965,61.566482245780534,60.997571647346,61.23667526245117,0.006368595795687382,0.006348401981627472
2011-12-23,61.46753692626953,61.574721509068745,61.080014240738535,61.46753692626953,0.003769990170578774,0.0037629015680243354
2011-12-27,61.22842426738352,61.970488281423194,61.080011464575584,61.648921966552734,0.002950907899575972,0.00294656251730979
2011-12-28,61.73963010274211,61.75612391187024,60.412161542455046,60.5275993347168,-0.01818884412032873,-0.018356294742284136
2011-12-29,60.79143898100952,61.37684334904327,60.68424810157243,61.137733459472656,0.01008026307770482,0.010029796089489704
2011-12-30,61.11299104860991,61.44279167609944,60.7584497125693,60.807918548583984,-0.005394621164804936,-0.005409224677518747
2012-01-03,62.39921640945175,62.55587607398431,61.64890569041925,61.813812255859375,0.016542149958178598,0.016406818999508205
2012-01-04,61.492251400446406,61.72311429808141,61.071747528015685,61.47575759887695,-0.005468917781403793,-0.0054839270602743745
2012-01-05,61.03877889230808,62.11889036937093,60.49460284779965,61.82207107543945,0.00563333401797439,0.005617526131512124
2012-01-06,61.8550438047226,62.151869378162296,61.23665824181376,61.665409088134766,-0.0025340785997530757,-0.0025372948114991242
2012-01-09,61.95402533459409,62.08595068748833,61.35213321101855,61.978759765625,0.0050814659648552585,0.005068598887348704
2012-01-10,62.79503610834931,63.01765228659567,62.63012941099339,62.88572692871094,0.014633515845035694,0.014527479159987481
2012-01-11,62.62184039956061,63.215491529804716,62.555884055511434,63.13304138183594,0.003932759708818567,0.003925046625210899
2012-01-12,63.31445741036947,63.42164201079748,62.6136214740889,63.32270431518555,0.003004178623401188,0.002999675096146314
2012-01-13,62.81146436030882,63.058821027649095,62.333244825073,62.98461151123047,-0.005339203491250721,-0.005353507977304941
2012-01-17,63.57003860138093,63.71020449471288,62.770258883302446,62.95989990234375,-0.0003923435946304732,-0.0003924205815161298
2012-01-18,62.92693925391645,64.08950758657033,62.786773314539175,64.08126068115234,0.017810714129913086,0.017653961870886636
2012-01-19,64.41929688768256,64.60893793537659,64.03178046942887,64.47701263427734,0.006175782887514192,0.006156790893886619
2012-01-20,64.39453302414941,64.7325867357442,64.22963276371499,64.5182113647461,0.0006389677310645325,0.0006387636781014075
2012-01-23,64.52651100834507,65.00472467070932,63.94110642759398,64.4358139038086,-0.0012771194240286388,-0.0012779356360477466
2012-01-24,64.04825699220649,64.93048684759333,63.71020318407878,64.80680847167969,0.00575758332819265,0.005741071792680999
2012-01-25,64.80682979809961,65.60660976291416,64.46878216927179,65.3592529296875,0.008524481779552895,0.00848835355581284
2012-01-26,65.84570408363416,65.88693230958157,64.9304928243897,65.2850341796875,-0.0011355507701387157,-0.0011361959964188803
2012-01-27,64.97176411008516,65.77978503359627,64.94702338379346,65.73031616210938,0.006820582818357845,0.0067974278705664574
2012-01-30,65.20257529133004,65.49115396270494,64.74084312658692,65.21906280517578,-0.007778044999398714,-0.007808451764151265
2012-01-31,65.68080154347922,65.81272053907783,64.79032473364902,65.15310668945312,-0.0010113011884221867,-0.0010118128984934645
2012-02-01,65.76328396614984,66.70323007415818,65.52417398561481,66.55481719970703,0.021514100884475695,0.021285939276667065
2012-02-02,66.8186352812118,67.2226455005838,66.57127849108107,66.93406677246094,0.005698303875073529,0.00568212995506635
2012-02-03,67.99770735287458,68.61609318723605,67.80806626249682,68.39347076416016,0.021803605578910812,0.02156930656258306
2012-02-06,68.08015557147108,68.37698126662843,67.91525520329292,68.17085266113281,-0.0032549613368064723,-0.0032602702467865946
2012-02-07,68.11311301008645,68.42642611593743,67.67612152621358,68.12960052490234,-0.0006051286527913868,-0.0006053118170302815
2012-02-08,68.26975163894222,68.607799057961,67.55242230023163,68.27799224853516,0.002178080048753195,0.002175711471081455
2012-02-09,68.45115133268753,68.45939823425879,67.47822453518987,67.93995666503906,-0.004950871757705255,-0.004963167924571127
2012-02-10,67.19793426178447,67.33810022229258,66.85163966857151,67.00829315185547,-0.01371304249981975,-0.013807934773639409
2012-02-13,67.7008609528866,67.96470524326807,67.28860385600655,67.87400817871094,0.012919520646400784,0.01283677556203302
2012-02-14,67.53599467786688,67.7091419909815,67.08250912646153,67.5689697265625,-0.004494186513124054,-0.004504315729115292
2012-02-15,67.95648612040716,67.96473302706842,66.78567699637475,67.00829315185547,-0.008297841109254356,-0.008332459832917652
2012-02-16,67.04951413743414,68.35224846485711,67.01653280490554,68.2697982788086,0.018826104465820004,0.0186510865528778
2012-02-17,68.67380812127209,68.69029564214995,68.1296255741137,68.26155090332031,-0.00012080562263561134,-0.00012081292022257381
2012-02-21,68.36873828190657,68.46768228281526,67.47002052986747,67.7998275756836,-0.006764032189814473,-0.006787011938005767
2012-02-22,67.58541494368265,67.90697490689655,67.19789234941392,67.26385498046875,-0.007905220623408593,-0.007936632534872753
2012-02-23,67.37107426640556,68.31102022655986,67.00004528391422,68.2697982788086,0.014955183562285201,0.014844457393101158
2012-02-24,68.29453054048213,68.45943090735148,67.9977048476807,68.13787078857422,-0.0019324429478404515,-0.0019343125246690876
2012-02-27,67.4782403887419,68.39345167134888,66.9917800209739,68.02242279052734,-0.0016943294046434243,-0.001695766404105495
2012-02-28,68.06367162265946,68.48416947074406,67.47826081665089,67.84104919433594,-0.002666379537082042,-0.002669940658609537
2012-02-29,68.06366830507324,68.40171594826475,66.76093400374452,66.82689666748047,-0.014948951098181729,-0.015061812856722059
2012-03-01,67.09895482799736,67.91522831174332,67.08246731392623,67.17316436767578,0.005181561877970919,0.005168183779287739
2012-03-02,67.13193924281589,67.31333335868092,65.82920540209767,66.1672592163086,-0.014974806693061393,-0.015088061175774077
2012-03-05,65.95288401785078,66.29093783327963,65.48291121166348,66.24146270751953,0.0011214533001639992,0.0011208249411514234
2012-03-06,65.4829341600536,65.64784081947248,64.65017911953517,64.9222640991211,-0.019914998166981723,-0.020115974514613378
2012-03-07,65.06242154510488,65.59835076741106,64.95523066820812,65.53239440917969,0.009397859401931274,0.009353974257947609
2012-03-08,65.96114874741379,66.53006566833474,65.42521315573198,66.38165283203125,0.012959368118748316,0.012876114016640204
2012-03-09,66.38991063011501,67.73387340965012,66.34044176872494,67.28038787841797,0.013538907334242456,0.013448075254716049
2012-03-12,67.3957956396321,67.55245536616388,66.82688506270436,67.14844512939453,-0.0019610878174761703,-0.001963013267920191
2012-03-13,67.65961685898553,68.50886527289987,67.11544088981064,68.484130859375,0.01989153624341733,0.019696284625740842
2012-03-14,68.40170459916753,68.62432697970276,67.61841854153865,67.9234848022461,-0.00818651051117425,-0.008220204002430037
2012-03-15,67.81628455556871,68.53361408537216,67.63489044753497,68.49238586425781,0.008375616528922603,0.008340735683191911
2012-03-16,68.61606360098112,68.65728553116998,68.14609082113371,68.4346694946289,-0.0008426684061392242,-0.0008430236507435336
2012-03-19,68.34397117374493,69.58074228624925,68.22853970648798,69.01182556152344,0.008433679466221866,0.008398314689229422
2012-03-20,68.53364300076372,68.68205585263232,68.08840444515795,68.39347076416016,-0.008960128098799869,-0.009000511454249502
2012-03-21,68.59958446794128,68.78922551710733,68.13785849159912,68.37696838378906,-0.0002412859032698833,-0.0002413150173967548
2012-03-22,67.68439537261453,67.98946801612557,67.29687882399894,67.71737670898438,-0.009646401272172533,-0.009693229191527191
2012-03-23,67.81743305570814,68.47079688744867,67.19715165580837,68.37982177734375,0.009782497499958298,0.009734958652298273
2012-03-26,69.25647939384169,69.8519505065385,69.1572384149444,69.80233001708984,0.020803041054684446,0.020589612693571246
2012-03-27,69.81884981977069,70.01734434531672,69.26473346639789,69.3143539428711,-0.00699082787206784,-0.007015378194193128
2012-03-28,69.30608612367159,69.48802996890596,68.32190463574798,68.90910339355469,-0.005846560290389657,-0.005863718333712771
2012-03-29,68.42116136707901,68.8264100259223,67.83395621816074,68.71062469482422,-0.0028802972170006713,-0.002884453255365405
2012-03-30,69.13240375004791,69.14067593273174,68.25574168036015,68.48731231689453,-0.0032500414444129877,-0.0032553343002200284
2012-04-02,68.26400260432435,69.35569707495327,68.1316729425145,69.33088684082031,0.012317237972816253,0.012241997999581042
2012-04-03,69.19031943832998,69.47151061926186,68.58657615305249,68.86776733398438,-0.006679843976310829,-0.006702253986751343
2012-04-04,68.12343523268167,68.17305572146027,67.36255198238341,67.76780700683594,-0.015972063125177516,-0.016100991199954538
2012-04-05,67.4865774194609,67.81739524358979,67.33770971409416,67.47003936767578,-0.004393939428054994,-0.004403621150915209
2012-04-09,66.23775128879929,66.63473398861387,66.03926309380498,66.36180877685547,-0.01642552162717803,-0.016561916137345013
2012-04-10,66.09716885562378,66.29566339981042,64.62503569028912,64.79871368408203,-0.023554136356189637,-0.0238359693790569
2012-04-11,65.34456958113375,65.80771093594223,65.21223987414406,65.71673583984375,0.01416728980512505,0.014067871645223771
2012-04-12,65.78289142691229,66.91594072155196,65.70018852660743,66.65955352783203,0.014346690777308213,0.014244750852730526
2012-04-13,66.47760224248559,66.50241879100355,65.69191523807189,65.78289031982422,-0.013151351330935368,-0.013238596120684483
2012-04-16,66.0723615623268,66.3287424727202,65.23704767030557,65.89041137695312,0.0016344836264590157,0.0016331493118421653
2012-04-17,66.43627347612617,67.4452655449961,66.38664667432975,66.84152221679688,0.014434738226212218,0.014331549211292522
2012-04-18,66.50241007180524,66.71743631882141,66.02272448724442,66.33699798583984,-0.007548066145481203,-0.007576696959255303
2012-04-19,66.4279869880066,66.9821033951006,65.54305264942325,65.95657348632812,-0.005734725885439107,-0.005751232563697674
2012-04-20,66.39489063847125,66.96555129285657,66.21294049882226,66.33699798583984,0.005767802652613119,0.005751232563697641
2012-04-23,65.31975013243955,65.46861787690784,64.76562744980228,65.41899108886719,-0.013838535430388488,-0.013935180616251992
2012-04-24,65.44380106793558,66.10543688734941,65.22050260703382,65.91521453857422,0.007585311871180389,0.007556688049039808
2012-04-25,66.78361780806578,67.29638593769656,66.60166762304107,66.94075775146484,0.015558520442810142,0.01543872759880422
2012-04-26,66.94903033314829,67.70991357492416,66.84151717205613,67.6023941040039,0.009883908918323803,0.009835382581842734
2012-04-27,67.80087935655474,68.25574849233597,67.01518597866988,68.1316909790039,0.007829558139401005,0.00779906620457566
2012-04-30,68.1069146384523,68.11518682607917,67.34603743236976,67.37911987304688,-0.011045830437247606,-0.011107288612383229
2012-05-01,67.45350207790125,68.61963361050233,67.2302036513531,67.44523620605469,0.0009812584838209126,0.0009807773644241477
2012-05-02,66.91594720621626,67.66855187469842,66.63474974613739,67.627197265625,0.0026979082557350154,0.00269427543380345
2012-05-03,67.53622577826104,67.61892868326785,66.30392914729885,66.67610168457031,-0.014063803018761645,-0.014163635417193
2012-05-04,66.22120896762796,66.61819164186066,65.28665439616998,65.41070556640625,-0.018978255869702254,-0.019160654391983917
2012-05-07,65.1378234852227,65.83253567036347,65.02203812103257,65.58442687988281,0.00265585445031169,0.0026523339008813563
2012-05-08,65.07992650594926,65.58442254939295,64.48445535238761,65.5430679321289,-0.0006306214710033453,-0.0006308203963586537
2012-05-09,64.71603048523916,65.55134459435669,64.48445975633427,65.17090606689453,-0.0056781270235893855,-0.0056943088709665805
2012-05-10,65.60094125542031,65.79116360495134,65.03028051665405,65.41899108886719,0.0038066836406724924,0.003799456555513948
2012-05-11,64.88141329633889,65.79943000967188,64.85660305703155,65.25358581542969,-0.0025283984158790407,-0.0025316002132386704
2012-05-14,64.58366579969382,64.88967341719741,64.18668942491556,64.38517761230469,-0.013308206626089447,-0.013397554399058537
2012-05-15,64.36867173669722,64.91451610233865,64.07093615186412,64.26942443847656,-0.0017978233208446603,-0.0017994413447627218
2012-05-16,64.49272831541332,64.83181220371793,63.76492742569435,63.80628204345703,-0.00720626330585683,-0.007232353840343207
2012-05-17,63.864167358094754,63.971680518119825,62.32586914017394,62.358951568603516,-0.022683197147700507,-0.022944418648649264
2012-05-18,62.35070506811374,62.780770505026624,61.60636589640348,61.77177810668945,-0.009416025240066572,-0.009460636265603787
2012-05-21,61.97026989686245,63.22737121582031,61.54021074585425,63.22737121582031,0.023564047429828205,0.023290701034661833
2012-05-22,63.20252147297073,63.70701738500985,62.41683442822892,62.846893310546875,-0.006017613858635862,-0.006035792662281402
2012-05-23,62.23490244341126,63.38449016980557,61.77176100251251,63.252166748046875,0.006448583472494107,0.0064278803144564006
2012-05-24,63.21082053276548,63.46720153451379,62.48302584176686,63.384498596191406,0.0020921314628106202,0.0020899460034298264
2012-05-25,63.43414150856351,63.591281563774594,63.07851306928662,63.34316635131836,-0.0006520875890549949,-0.0006523002906386297
2012-05-29,63.955145111941505,64.43483087932755,63.483731529463014,64.26114654541016,0.014492174088684306,0.014388166196496686
2012-05-30,63.59951137794617,63.715296717324286,62.94614764298238,63.02885055541992,-0.019176377270508693,-0.019362628925580383
2012-05-31,63.078463671782494,63.34311674656122,62.08601621881901,62.94614028930664,-0.0013122604233525292,-0.001313122191053478
2012-06-01,61.531901257159596,62.03639717857304,60.961240488059474,61.052215576171875,-0.030088019764676677,-0.030549953627455086
2012-06-04,61.275518980350355,61.490551597721044,60.32442603509024,60.911624908447266,-0.002302793869113584,-0.0023054493764226485
2012-06-05,60.58910099603012,61.7552269793641,60.547746370522056,61.69733428955078,0.012899169613098893,0.012816683898943498
2012-06-06,62.18529080928569,63.276986011114936,62.05296105884346,63.219093322753906,0.024664907337185404,0.024365639469447684
2012-06-07,64.22808968332656,64.27771018799336,62.80557632446289,62.80557632446289,-0.006541014376461818,-0.006562500556523698
2012-06-08,62.7724676527832,63.73183276447061,62.317592183991174,63.65740203857422,0.013562899410566098,0.013471746563423814
2012-06-11,64.33557533818849,64.39346800545948,62.10255893667655,62.251426696777344,-0.022086596322999474,-0.02233415716514292
2012-06-12,62.3920141853358,63.07018797822745,61.846163754317,63.037105560302734,0.012621057945424896,0.01254207625431197
2012-06-13,62.92959211107309,63.301764615761364,62.02811979871522,62.30931091308594,-0.011545495954292662,-0.011612662675265147
2012-06-14,62.34242516160242,63.24390424401567,62.16048121756007,63.020599365234375,0.011415444043998413,0.011350779513542514
2012-06-15,63.14463010747233,63.94686153522876,62.93786969041458,63.864158630371094,0.013385452909577822,0.013296659219695028
2012-06-18,63.35138838132117,64.17843002157295,63.144627971258224,63.9385871887207,0.0011654198527906168,0.0011647412782389763
2012-06-19,64.21982520774928,65.40249575302687,64.12885006504862,65.04686737060547,0.017333510648484873,0.017184999048140286
2012-06-20,65.06336375401008,65.40245385225835,64.49270931792012,64.94757843017578,-0.001526421554845836,-0.0015275877230880206
2012-06-21,64.81527761579972,64.94760104203937,63.260434766137244,63.36795425415039,-0.024321525362544838,-0.024622178567513985
2012-06-22,63.740107358600106,64.29422381620674,63.39275133829397,64.08746337890625,0.011354463517476265,0.011290485432329753
2012-06-25,63.186004963442464,64.17845275942926,62.85518692817047,63.08675765991211,-0.015614687588392129,-0.015737880922332116
2012-06-26,63.24218736100285,63.64945534231527,62.685318498191926,63.333614349365234,0.0039129715745398475,0.003905335813796406
2012-06-27,63.524756890352755,64.38083986550568,63.466576678677335,64.36421966552734,0.016272643315080826,0.016141662876512027
2012-06-28,63.815648761949355,64.30603019647705,63.267093465288326,64.25615692138672,-0.0016789257246057065,-0.0016803366999030497
2012-06-29,65.61096530643083,66.26757439000905,65.29512433339576,66.12627410888672,0.029104093321173474,0.028688611425775005
2012-07-02,66.42546688244546,66.91584838754214,65.89353170682134,66.89091491699219,0.01156334329144837,0.011496998790422099
2012-07-03,66.95740996936635,67.82180631717945,66.8493628038278,67.76362609863281,0.013046781954225262,0.012962405793719005
2012-07-05,67.83843470085148,68.02128229183883,67.34805312450936,67.68882751464844,-0.001103816136927227,-0.0011044257906309863
2012-07-06,67.1319616496873,67.18183494603784,66.61665286969618,66.93248748779297,-0.011173779405350026,-0.011236675038619092
2012-07-09,66.84103967646926,66.93246662658557,66.37559799672617,66.67481231689453,-0.0038497772990347956,-0.003857206765652005
2012-07-10,67.16519455011088,67.28986825352443,65.64419566020301,65.93509674072266,-0.011094378078728262,-0.011156379697301821
2012-07-11,65.98492065401928,66.20102117626314,65.28675851607365,65.71063995361328,-0.003404208050107327,-0.0034100155500359536
2012-07-12,65.19538123641607,65.74393671357211,64.48889895381572,65.48628234863281,-0.0034143268904220925,-0.003420169006198612
2012-07-13,65.71897923803881,66.56674878992031,65.67741923382744,66.30078125,0.012437702556254315,0.012360989766109314
2012-07-16,66.17615136378879,66.39224575269368,65.75226317741854,66.03485107421875,-0.004010965945914102,-0.00401903144400669
2012-07-17,66.47537323390124,66.61666719808485,65.3699423210446,66.26758575439453,0.003524421973999825,0.003518225753337351
2012-07-18,66.15949735634517,67.08207378666974,66.11794368703514,66.67481231689453,0.006145184827002659,0.00612638017809644
2012-07-19,66.94908840232337,67.10700248033008,66.33403326510368,66.45039367675781,-0.003365868344257117,-0.003371545622005188
2012-07-20,65.93508401706417,66.04313115721621,65.50288277412253,65.60262298583984,-0.012757948358317894,-0.012840029856466343
2012-07-23,64.42243160366158,64.85462676878622,64.1481506101862,64.55541229248047,-0.015962939371881757,-0.016091719399168078
2012-07-24,64.78810164015114,64.81304145198263,63.350216541743116,63.707611083984375,-0.013132922219673437,-0.01321992158613475
2012-07-25,63.998506994422755,64.31434149936732,63.55799880502189,63.848899841308594,0.002217768880675264,0.0022153132612652195
2012-07-26,64.81304333313602,64.97927070316554,63.998514001188916,64.39746856689453,0.008591670756259884,0.008554972403366435
2012-07-27,64.6883771581803,66.25924944996953,64.32266929218291,65.92678833007812,0.02374813478258031,0.023470534237284884
2012-07-30,66.09302764774216,66.41718189548594,65.44473183459378,65.702392578125,-0.0034037112627059996,-0.0034095170658144467
2012-07-31,65.4364005492625,66.05144938140455,65.12055969238281,65.12055969238281,-0.00885558140139786,-0.00889502509962544
2012-08-01,65.58600181529476,65.66080221709856,64.03175016353839,64.04837036132812,-0.01646468236943155,-0.016601731649766596
2012-08-02,63.39175917426412,64.25615527338361,63.37513897710466,63.81564712524414,-0.0036335543710336315,-0.0036401717643527224
2012-08-03,64.77980878159093,65.67744562630836,64.53877461087133,65.33667755126953,0.02383475674923785,0.023555143233645867
2012-08-06,65.41147235394558,66.18444175178652,65.32004538873667,65.84367370605469,0.007759748028009605,0.007729796030135157
2012-08-07,66.36726328087109,66.96569172783518,66.19272270736744,66.44207000732422,0.009088136605817976,0.00904708800839555
2012-08-08,66.15951513023317,66.64989675270508,66.10964817719736,66.34236907958984,-0.001500569258654716,-0.0015016962402551147
2012-08-09,66.292493982985,66.8161159490448,66.23431376453391,66.65819549560547,0.0047605537818031785,0.004749258180341584
2012-08-10,66.3007947479745,66.53352194130554,66.07638716657912,66.42546844482422,-0.0034913493989886524,-0.0034974583825102233
2012-08-13,66.32574949090115,66.50029016931462,65.56940020994031,66.31743621826172,-0.001626367552864716,-0.0016276915242773768
2012-08-14,66.74130089075071,66.84103476269676,65.88521166249046,66.15949249267578,-0.00238163195974761,-0.002384472556209938
2012-08-15,65.97667035497872,66.7413330078125,65.9184901212906,66.7413330078125,0.008794512974855895,0.008756066493249035
2012-08-16,66.6415957994494,67.57248592227191,66.35069461768306,67.43949890136719,0.010460772389322193,0.010406437107352158
2012-08-17,67.50596938047066,68.03790460026617,67.31480218843413,67.9132308959961,0.00702454796293428,0.006999990760985667
2012-08-20,67.81349304562472,67.8716796053396,67.30649762181443,67.76362609863281,-0.0022028814619700077,-0.002205311374533173
2012-08-21,68.09606053672262,68.74435595837191,67.48101184710225,67.7220458984375,-0.0006136064816659736,-0.0006137948151688577
2012-08-22,67.54751823800015,67.73868541640557,67.14857002218436,67.39791107177734,-0.004786252724057638,-0.004797743511496894
2012-08-23,67.37297768821472,67.37297768821472,66.65818859768724,66.92415618896484,-0.007029222052712614,-0.007054043419033996
2012-08-24,66.77457158913415,67.38131373053105,66.58341068704549,67.1070327758789,0.0027325945865899204,0.002728867837588276
2012-08-27,67.51432132589741,67.66392858848728,66.97407252536888,67.30653381347656,0.002972878241598531,0.002968467977701884
2012-08-28,67.29817153638761,67.7469929973619,67.11531764400917,67.61400604248047,0.004568237459025681,0.00455783473167245
2012-08-29,67.75532961354197,68.12103755853586,67.43949496906441,67.82182312011719,0.0030735803097683423,0.0030688665181495666
2012-08-30,67.47271498937019,67.53089519927981,67.02389350956722,67.14856719970703,-0.009926833125936119,-0.009976432651012524
2012-08-31,67.72205823470482,67.76361190143606,66.7745420521956,67.42284393310547,0.0040846252546642425,0.004076305819750179
2012-09-04,67.47273515044692,68.48673883285976,66.94911310480042,68.2457046508789,0.012204479517207156,0.012130605313840442
2012-09-05,68.32050169657856,68.57816241139875,68.02960057452563,68.26232147216797,0.0002434852328665471,0.00024345559514803533
2012-09-06,68.63634779715073,69.76671196313123,68.58647450021351,69.51736450195312,0.01838558963009862,0.018218618151224893
2012-09-07,69.70020035649834,70.1490218653346,69.56721338743529,70.03266143798828,0.007412492399948123,0.007385154887773136
2012-09-10,69.9661748134353,70.19058241927209,69.64202697102198,69.71682739257812,-0.004509810692969518,-0.0045200105670997566
2012-09-11,69.7251382821614,70.2820069830601,69.67527133616095,69.8664321899414,0.0021458922179697915,0.002143593079811835
2012-09-12,70.22380065917969,70.35678758729897,69.73342562936277,70.22380065917969,0.005115023882523717,0.005101986586353316
2012-09-13,70.34851272957252,71.60355059899956,69.97449788706348,71.14641571044922,0.013138210159648,0.01305265244527416
2012-09-14,71.36251112023146,72.27677448831534,71.33757764473707,71.81133270263672,0.009345755306824799,0.009302353938518821
2012-09-17,71.46221586455304,71.66168991058827,71.12144162562583,71.47883605957031,-0.0046301416580477595,-0.004640893966580169
2012-09-18,71.26274446469147,71.39573140626374,70.94690999020692,71.24612426757812,-0.003255674054320701,-0.00326098529200016
2012-09-19,71.42898754794604,71.50378795655591,70.98847934301978,71.1214599609375,-0.0017497696600649038,-0.0017513022950963334
2012-09-20,70.76407353016161,70.98017419281265,70.32356527484185,70.80563354492188,-0.004440662722462241,-0.004450551751925336
2012-09-21,71.51212269633297,71.54536944608563,71.03836760940356,71.06330108642578,0.0036390824939152022,0.003632477053527764
2012-09-24,70.83134460449219,71.28191582854055,70.58937081569462,70.83134460449219,-0.0032640825628336145,-0.003269421300875467
2012-09-25,71.28190488145715,71.34865757829915,69.73828537083952,69.8133773803711,-0.01437170549006539,-0.014475978711197114
2012-09-26,69.96355528188953,70.030307966821,69.12082014081739,69.37113952636719,-0.006334571834197611,-0.00635472036764941
2012-09-27,69.66319159573811,70.38076721945687,69.312749463007,70.12210845947266,0.010825379808270696,0.01076720485169817
2012-09-28,69.90514166685877,70.08870835012702,69.47126198758583,69.62145233154297,-0.007139775727352027,-0.007165385899466661
2012-10-01,70.05533897014745,70.53928638940555,69.51298454276417,69.85508728027344,0.003355789643943119,0.0033501715471347454
2012-10-02,70.21388280144672,70.28897480627892,69.56305996268563,69.98859405517578,0.0019111961648072828,0.0019093721530768154
2012-10-03,70.0386571054409,70.27228514836126,69.39617362152319,69.78833770751953,-0.0028612711879649755,-0.002865372449452948
2012-10-04,70.05535674267573,70.30567619293727,69.42121880366439,70.26395416259766,0.006815128009946436,0.0067920100004104115
2012-10-05,70.57266027064885,71.1316996669045,69.95520750241887,70.18049621582031,-0.001187777542155044,-0.0011884835089762595
2012-10-08,69.77164996340288,70.0052779970982,69.57973758378944,69.73827362060547,-0.006301217846264806,-0.006321154312909426
2012-10-09,69.77168983346391,69.8384361913135,68.7871094389185,68.92060852050781,-0.011724768303642996,-0.011794045437511638
2012-10-10,68.97895568189604,69.11246101347992,68.57010674421844,68.81208038330078,-0.0015746833862434473,-0.001575924503208863
2012-10-11,69.33775847951132,69.62145418827882,68.92056377582487,69.06240844726562,0.003637850542672849,0.0036312495684487725
2012-10-12,69.03738092815404,69.27100895431816,68.3448425265636,68.50337219238281,-0.008094653335318891,-0.008127592918392415
2012-10-15,68.70365237897832,68.95397186279297,68.21971113796631,68.95397186279297,0.006577773560470845,0.006556234409476318
2012-10-16,69.32109169268494,69.5547197695469,69.15420994786378,69.46293640136719,0.007381221484775047,0.007354113580705234
2012-10-17,69.60478991542116,70.21389722077029,69.46294518879482,70.08873748779297,0.009009136653967742,0.008968796488024006
2012-10-18,70.03866740265616,70.21388846060775,69.62981190154811,69.70491027832031,-0.005476303657766746,-0.005491353579083807
2012-10-19,69.1291972777871,69.15422795455596,67.97774158519425,68.29480743408203,-0.020229605613262702,-0.02043702621015187
2012-10-22,68.11958584199128,68.3949360162515,67.87761202514648,68.27812194824219,-0.0002443155851336032,-0.000244345435048138
2012-10-23,67.71072223129913,68.0277880106095,67.10996065712123,67.93600463867188,-0.005010643231072698,-0.0050232385954004696
2012-10-24,68.16960555268066,68.29476522506037,67.51044358552592,67.75241088867188,-0.0027024513875443246,-0.0027061096015454245
2012-10-25,68.31983667967317,68.53677981694094,67.47710753862502,68.02780151367188,0.004064661631783206,0.0040564232114082
2012-10-26,67.95266613629659,68.33648444760695,67.13496182723703,67.70234680175781,-0.004784142728008867,-0.004795623370152582
2012-10-31,67.71905596014645,68.12790503924589,67.48542154905996,68.11121368408203,0.006039183302189555,0.006021020523593493
2012-11-01,68.26972661229341,69.0123325184659,68.01940729668902,68.82876586914062,0.010535008058831341,0.010479901555185961
2012-11-02,69.16256243628594,69.21262378171747,67.72741111895797,67.74410247802734,-0.015758867348798278,-0.015884358443271178
2012-11-05,67.73574718054412,68.28644099976161,67.51880410466455,68.19466400146484,0.006650933541906934,0.006628913664655021
2012-11-06,68.4449698314991,68.89554092649196,68.39490849846213,68.70362854003906,0.007463407086561569,0.007435693669479005
2012-11-07,67.89430080998027,67.89430080998027,66.67609245705445,67.03487396240234,-0.024289176759626385,-0.02458902413445791
2012-11-08,66.89300844029313,67.16835851855475,66.04193390353281,66.09199523925781,-0.014065495575830589,-0.014165352119071817
2012-11-09,65.80829168971462,66.72611872055415,65.66644065920256,66.23382568359375,0.002145954949952733,0.002143655677464997
2012-11-12,66.38402754202525,66.46747158594019,65.9418021191779,66.04193115234375,-0.00289722855760588,-0.0029014336482999416
2012-11-13,65.74151831258051,66.38399512210673,65.56629736452791,65.66641998291016,-0.005685950772205239,-0.005702177328464042
2012-11-14,65.81666381094041,66.00023058179735,64.29807466006326,64.4482650756836,-0.0185506520310319,-0.018724873353313982
2012-11-15,64.32307641697344,64.6568334534019,63.65556871000252,64.1144790649414,-0.005179131049535823,-0.005192589236670686
2012-11-16,64.06443721118245,64.8153891799416,63.52208265786263,64.64851379394531,0.008329393559651121,0.00829489559349278
2012-11-19,65.34939251905914,66.06696807666232,65.26595483312822,66.01690673828125,0.0211666574222793,0.02094575546269208
2012-11-20,65.90009993475071,66.20882004315376,65.61640413239624,66.13372802734375,0.0017695662343832907,0.0017680023966588486
2012-11-21,66.25888659695983,66.52589103610627,66.02525214255469,66.48416900634766,0.005298975113863458,0.00528498494584039
2012-11-23,66.66770888239584,67.2184025311102,66.6343325452184,67.143310546875,0.009914263055080141,0.009865439185695353
2012-11-26,67.04318036565991,67.41031370232116,66.80955237537923,67.3602523803711,0.003231026765423417,0.0032258182147394585
2012-11-27,67.3185622419306,67.77747913004363,67.22677886430799,67.27684020996094,-0.0012382995529640617,-0.0012390668793742078
2012-11-28,67.018156410027,67.84420013427734,66.44242568645673,67.84420013427734,0.008433213012765783,0.008397852136685353
2012-11-29,68.37820454773977,68.76202924994215,68.10286090087011,68.62017822265625,0.011437648123834965,0.011372732743782926
2012-11-30,68.75372936818101,68.76207504967081,68.19468966027063,68.48672485351562,-0.0019448123365054526,-0.001946705939550918
2012-12-03,69.01236740338145,69.05408943236704,68.21135410078338,68.41160583496094,-0.0010968405733425834,-0.0010974425431811345
2012-12-04,68.4783330195265,68.68693035495406,67.9693550118124,68.4950180053711,0.0012192692949115624,0.0012185265897485722
2012-12-05,68.82046134817858,68.8454920192148,67.91931899554781,68.41160583496094,-0.001217784487677842,-0.0012185265897484972
2012-12-06,68.40325890792005,68.67860262455777,68.09453247909937,68.52007293701172,0.001585507323310864,0.001584251733564016
2012-12-07,68.8371337800122,68.87885580138506,68.27809434258126,68.57012939453125,0.000730537131295117,0.0007302704189326347
2012-12-10,68.72865399359418,68.97062767231829,68.59514864013856,68.87049865722656,0.004380468074765886,0.004370901750965323
2012-12-11,69.3461085331142,69.72158124377721,69.18757249862315,69.59642791748047,0.010540496648164366,0.01048533291024445
2012-12-12,69.81338559210609,69.92186032870546,69.06243357902252,69.20428466796875,-0.0056345312718733,-0.0056504651245828956
2012-12-13,69.23765629151488,69.42956234704212,68.51173500079842,68.76205444335938,-0.006390214518235737,-0.006410719339176397
2012-12-14,68.60350001484474,69.09578672336215,68.52006234494692,68.7203140258789,-0.000607026910675712,-0.0006072112261042454
2012-12-17,68.98732539629584,69.69655521129472,68.85382001818995,69.6882095336914,0.01408456177089068,0.013986295943255633
2012-12-18,69.84676078264894,70.73121182452003,69.66319403073875,70.63943481445312,0.013649730522949266,0.013557412083807946
2012-12-19,70.76313326772632,71.13344024728676,70.49381618212519,70.79679870605469,0.0022277059834199253,0.0022252283254257117
2012-12-20,70.81362822179048,71.20918909590611,70.56955860965475,71.15027618408203,0.004992845502731935,0.004980422582945272
2012-12-21,70.0814281832384,70.85572052001953,69.92152535737111,70.85572052001953,-0.004139908934442049,-0.004148502082201057
2012-12-24,70.6032289914035,70.67055987278127,70.28341693639848,70.51065063476562,-0.004870035654445326,-0.004881932920540137
2012-12-26,70.67056962637986,70.70423507171508,69.92153112549583,70.00569152832031,-0.007161458615109417,-0.007187224949914046
2012-12-27,70.07301840733217,70.2160917260456,69.05466282309406,69.95519256591797,-0.0007213550969911164,-0.0007216153987666302
2012-12-28,69.59330283702596,70.16560258028575,69.45022308544053,69.4586410522461,-0.007098136613718609,-0.007123448233420664
2012-12-31,69.56806049183969,71.05771967499844,69.3071548698304,70.96514129638672,0.0216891695736956,0.021457306161381456
2013-01-02,72.66519587369963,73.14492364322261,72.41271467087527,73.0523452758789,0.02941167933105282,0.02898745393770016
2013-01-03,73.09441450547011,73.45630997002056,72.69044205542973,72.8840103149414,-0.0023043060465997023,-0.0023069650453278094
2013-01-04,73.2290773065946,73.59097277627033,72.93451271988795,73.42264556884766,0.007390307580205091,0.00736313306038224
2013-01-07,73.05233436620856,73.279568056918,72.90084309872692,73.14491271972656,-0.0037826592459224706,-0.003789831594153707
2013-01-08,73.11965360053524,73.22906787652677,72.70726323225146,73.09440612792969,-0.0006905004041826146,-0.0006907389093849818
2013-01-09,73.23748704702625,73.51522211666197,73.18699209655657,73.44789123535156,0.004836007652941454,0.004824351731576427
2013-01-10,73.73403675727421,73.80136763172393,73.17856667460242,73.6162109375,0.0022916886968080696,0.0022890667832422603
2013-01-11,73.55729915765328,73.67512497923761,73.22065120125845,73.50679779052734,-0.0014862643102556694,-0.0014873698966538294
2013-01-14,73.35533611708377,73.6583123103876,73.26275773931425,73.54890441894531,0.0005728263192468219,0.0005726623168777378
2013-01-15,73.07757520660394,73.96968680021727,73.0270738413439,73.86869049072266,0.00434793793740007,0.004338512964834459
2013-01-16,73.70038967225375,73.85188096697581,73.47315594068426,73.64989471435547,-0.0029619555310063106,-0.0029663508025015916
2013-01-17,73.986514039542,74.4914826856575,73.91918317445335,74.33157348632812,0.009255665260846424,0.009213094072633207
2013-01-18,74.34842512738902,74.58408322536036,74.15485685891012,74.54199981689453,0.002830914518513694,0.002826915026377036
2013-01-22,74.60089858323403,75.1227032124937,74.38207645857348,75.08061981201172,0.0072257250468226175,0.007199744572369465
2013-01-23,75.10588639393563,75.14796980512537,74.82815771157529,74.90390014648438,-0.0023537321078304085,-0.0023565064895373013
2013-01-24,75.03014625722572,75.61927550576507,74.84498951596272,75.1479721069336,0.0032584679832678987,0.0032531706807434027
2013-01-25,75.51829903576609,75.69503784179688,75.14798548730441,75.69503784179688,0.007279846940976942,0.007253476758489896
2013-01-28,75.753931882116,75.93908861016389,75.22370917524677,75.74551391601562,0.0006668346520184443,0.0006666124165825829
2013-01-29,75.71186404660754,75.88019129810641,75.4509648330694,75.78761291503906,0.0005557952787820231,0.0005556408817921614
2013-01-30,75.72025592562916,75.76233290823552,74.64298757131297,74.8786392211914,-0.011993697371978862,-0.012066202076457061
2013-01-31,74.79445898933282,75.47616628431803,74.70188066272691,75.39200592041016,0.006855983289203005,0.006832587907133041
2013-02-01,75.71185689538858,76.3346516145393,75.61927852106554,76.05692291259766,0.008819462807362344,0.008780798511174364
2013-02-04,75.59403078782196,75.89701338985952,75.03014899776275,75.13955688476562,-0.01206157168475297,-0.01213490269519188
2013-02-05,75.50145798950017,76.06533982120139,75.40046164102004,75.81285858154297,0.00896068229161795,0.008920773606904384
2013-02-06,75.45094475339373,76.18314723421229,75.38361387071286,76.13265228271484,0.004218198695514319,0.004209327034931572
2013-02-07,76.07373334620583,76.20839510091228,75.3667783970746,75.88016510009766,-0.003316411224970728,-0.0033219227056084486
2013-02-08,75.98115606606517,76.46929530221762,75.94749062691403,76.4188003540039,0.007098498707741374,0.0070734229626205816
2013-02-11,76.34307372921296,76.37673917816194,75.96434866533569,76.33465576171875,-0.0011010980530361536,-0.001101704706861804
2013-02-12,76.36831258074092,76.78912101350832,76.31781762353751,76.67129516601562,0.004410046799028011,0.004400351038031596
2013-02-13,76.74702688954073,77.05000940717643,76.57028815775753,76.99109649658203,0.004171069888332379,0.004162395090086216
2013-02-14,76.73862882594983,77.32775808467616,76.72179931328367,77.18468475341797,0.002514423948287714,0.0025112680734230906
2013-02-15,77.15100987185949,77.45399243101609,76.98268908167317,77.20992279052734,0.000326982447230284,0.0003269290001204128
2013-02-19,77.32775155683414,77.900051254582,77.31934001172482,77.89163970947266,0.008829395164593468,0.00879064398769716
2013-02-20,77.95896000091898,78.00104340831935,76.36830480078696,76.44405364990234,-0.018584614022373325,-0.01875947786859969
2013-02-21,76.39354031149114,76.4356237123001,75.2152821411457,75.70341491699219,-0.009688637605511197,-0.009735877831427533
2013-02-22,76.09056748799526,76.61236572265625,76.05690205010976,76.61236572265625,0.01200673452658263,0.011935225513667776
2013-02-25,77.00791187611892,77.03315934445209,74.87862309969508,74.92070007324219,-0.0220808433920191,-0.022328274319037163
2013-02-26,75.2489745915942,75.56036875367784,74.72716977095487,75.2153091430664,0.003932278656448851,0.003924567457178661
2013-02-27,75.20687532571397,76.46088251920894,75.16479191866641,76.00640869140625,0.01051779959895005,0.010462872351578313
2013-02-28,75.99801430509754,76.62922702716304,75.89701795799704,76.14950561523438,0.0018826955028110604,0.001880925452928004
2013-03-01,75.6444951884172,76.63760300033144,75.08061362615886,76.4945297241211,0.004530877857960691,0.004520644330477732
2013-03-04,76.30936749050994,76.73017574589515,75.91380670308392,76.6965103149414,0.0026404579719458976,0.0026369780871088803
2013-03-05,77.10049912468371,77.72329362602316,77.09208116059088,77.58863830566406,0.011631924152210926,0.01156479339422767
2013-03-06,77.82430722749575,77.93371510091606,77.52974262903594,77.79064178466797,0.002603518806556515,0.002600135522491975
2013-03-07,77.83271968895681,78.21986262255676,77.69805792716923,78.16094970703125,0.004760314529713261,0.0047490200617993075
2013-03-08,78.77530559073969,78.90154935391085,78.20300609591834,78.88471984863281,0.009259996767112533,0.009217385846383194
2013-03-11,78.62381495092092,78.90154994778301,78.54807254506285,78.85946655273438,-0.00032012911938961164,-0.0003201803716546724
2013-03-12,78.67431460468154,78.90154823835726,78.42182708190903,78.6995620727539,-0.0020277144516763768,-0.0020297730479261304
2013-03-13,78.72482354926461,79.1287959523549,78.48075394609417,78.994140625,0.003743077400783612,0.0037360895185970977
2013-03-14,79.13722219583597,79.79368223530254,79.00256685439409,79.78527069091797,0.01001504744096926,0.009965229198592392
2013-03-15,79.65903418134938,79.91993334371656,79.44021200783315,79.74319458007812,-0.0005273668996229608,-0.0005275060064554123
2013-03-18,78.89314519891427,79.62535401664114,78.83423228859318,79.3055419921875,-0.005488275083476046,-0.005503390997403757
2013-03-19,79.45705720566585,79.7095384312939,78.27879222298559,78.96891784667969,-0.004244648445136057,-0.004253682538778316
2013-03-20,79.41498700715606,79.73479918125255,79.33082658460737,79.70113372802734,0.00927220356203029,0.00922948057037711
2013-03-21,79.14559856124131,79.50749383137453,78.72479040625025,79.00252532958984,-0.008765350827021345,-0.008803992485423904
2013-03-22,79.32237786163053,79.42337418214845,79.06147872657529,79.24663543701172,0.0030899025873347696,0.0030851386492155917
2013-03-25,79.43568018106485,79.94206867988098,78.726731131459,79.29219818115234,0.000574948625760241,0.0005747834061246109
2013-03-26,79.62136554733829,79.74796430489904,79.12341859043435,79.54541015625,0.00319340339788754,0.0031883153145806677
2013-03-27,79.03902850965189,79.65513264399021,78.69299230452093,79.59605407714844,0.0006366667894346367,0.0006364642031163456
2013-03-28,79.5622634201507,79.89142266794714,79.45254796360413,79.69730377197266,0.0012720441483955458,0.0012712357856805685
2013-04-01,79.56226523027257,79.73106567389041,78.24565396544612,78.62545013427734,-0.013449057709180035,-0.013540315429705239
2013-04-02,79.14874066851607,79.26689779721376,78.06844324094827,78.1359634399414,-0.006225550295737459,-0.006245009840268484
2013-04-03,78.43978405722679,78.47354415076707,76.73493474837935,76.91217041015625,-0.015662352851460226,-0.015786303441961858
2013-04-04,77.02188253536387,77.59579117445284,76.76868508552984,77.57047271728516,0.008559143548001913,0.008522721757524658
2013-04-05,76.39734626960453,77.43544830072771,76.31294924864588,77.41857147216797,-0.0019582353928769836,-0.0019601552425584337
2013-04-08,77.63798323093913,78.08529312652588,77.0809578791581,78.05997467041016,0.008284875141008952,0.008250743948490203
2013-04-09,78.18659416067811,78.3469530107822,77.6802055866042,77.83212280273438,-0.0029189334052160953,-0.0029232017994573955
2013-04-10,78.07687520651041,79.41880519014055,78.02623184399698,79.24156951904297,0.018108804765364583,0.017946793325976138
2013-04-11,79.19090497624491,79.81545042406353,79.12338480916249,79.35125732421875,0.0013842205024652277,0.0013832633524348242
2013-04-12,79.08121553982924,79.2837761241816,78.42290973838453,79.03057861328125,-0.004041255573648317,-0.004049443514105893
2013-04-15,78.5410785584275,78.6170403986442,75.78125618612232,76.05133056640625,-0.03769740901750562,-0.03842633413406405
2013-04-16,76.64211670154629,77.47766475332654,76.37204231971018,77.3679428100586,0.017312152645412304,0.01716400472617193
2013-04-17,76.73495140697094,76.81934843960389,75.30862416995558,76.02600860595703,-0.017344835022899185,-0.01749701897827617
2013-04-18,76.08508166984791,76.2707589916598,75.22421525764373,75.60401153564453,-0.00555069348043391,-0.00556615582385517
2013-04-19,75.92472205236037,76.54083257410936,75.29173470110662,76.47331237792969,0.011498078271618084,0.011432477744093707
2013-04-22,76.54928984359374,76.86156601166458,75.28331477602109,76.6927719116211,0.0028697532102028855,0.0028656433294772465
2013-04-23,77.30886137283005,77.93340715033366,76.68431559532645,77.90808868408203,0.015846562096639705,0.015722316192960835
2013-04-24,77.89121789256089,78.37228810588643,77.5873833958204,78.3132095336914,0.005199984449010708,0.00518651121675747
2013-04-25,78.51572694344483,79.24999437316647,78.39756985439699,78.8280029296875,0.0065735193214706555,0.006552007962099771
2013-04-26,78.56640408780285,78.79428318985589,78.06845702027063,78.40605163574219,-0.005352809639509459,-0.005367187255072647
2013-04-29,78.75205156997184,79.14872460972322,78.54949745317,78.97148895263672,0.007211654012644786,0.007185774384639301
2013-04-30,78.97995478148738,79.45258334517693,78.63391855515663,79.4188232421875,0.005664503677005106,0.005648520704716592
2013-05-01,79.17405432788253,79.25001615690944,77.44389279748995,77.4945297241211,-0.02422969063893432,-0.024528059034958135
2013-05-02,77.93340695256055,78.8871121061579,77.78993135144479,78.72675323486328,0.015900780547076998,0.015775687445687185
2013-05-03,79.7817187677599,80.57506491596386,79.62980155723318,79.97583770751953,0.015866073746619413,0.015741523289118122
2013-05-06,80.0349024388508,80.60036945403952,79.95894062717005,80.49065399169922,0.006437147755331107,0.0064165178044184885
2013-05-07,80.60882292066168,81.1658483854247,80.28810524060208,81.14897155761719,0.008178807517029929,0.008145542327465189
2013-05-08,80.96328531596802,81.4190368854003,80.75228957673522,81.3852767944336,0.002911992996098789,0.002907761357505011
2013-05-09,81.27555092150148,81.45278654707413,80.81135777899351,81.10675048828125,-0.003422318103750599,-0.003428187629768506
2013-05-10,81.19960571113745,81.80727451676024,81.08144860327518,81.7228775024414,0.007596494871893178,0.0075677868002050706
2013-05-13,81.64691983341609,81.96763751884535,81.38528714400151,81.66380310058594,-0.0007228624794043403,-0.0007231238704605213
2013-05-14,81.81572994366954,82.73566850127737,81.8072883090906,82.7103500366211,0.012815309798223762,0.012733888602987074
2013-05-15,82.54154705414882,83.27580820610612,82.44870840106091,82.87913513183594,0.0020406768335536896,0.002038597480961422
2013-05-16,82.7356796924668,83.18298979944771,82.45716366541332,82.66815948486328,-0.002545582149681702,-0.002548827652888746
2013-05-17,83.04793680684048,83.61340392810507,82.67658218913601,83.59652709960938,0.011230050608736164,0.011167461738607106
2013-05-20,83.35176235207403,84.06070497680072,83.3433207191856,83.73155212402344,0.0016151989693684587,0.0016138959384272614
2013-05-21,83.72312632945402,84.01852558471819,83.45305197764598,83.74845123291016,0.00020182486121456122,0.0002018044973171735
2013-05-22,83.90035463903054,84.71901275501848,81.95919112827126,82.524658203125,-0.014612724316318437,-0.014720541799484307
2013-05-23,81.57095211531671,82.65124924397979,81.45279501931161,82.62593078613281,0.0012271796722689299,0.001226427302760387
2013-05-24,82.11954931413175,82.66813311846975,81.62159599072605,82.60905456542969,-0.00020424847917066558,-0.0002042693407319638
2013-05-28,83.7231187523613,84.48270481029012,83.11545634509812,83.68092346191406,0.012975198688848444,0.012891741935093065
2013-05-29,83.17454671680042,83.70625381333241,82.17864628585741,82.90447235107422,-0.009278711069593215,-0.009322026458009124
2013-05-30,83.13236432538608,83.66407154564126,82.97200541998814,83.46151733398438,0.00671911860859864,0.00669664593935032
2013-05-31,83.03105498648334,83.57120365487913,82.51622478081235,82.54154968261719,-0.011022656677637355,-0.0110838562948734
2013-06-03,82.82850836987618,83.41929401738945,81.8916865294761,83.32646179199219,0.009509296983071902,0.009464368221237468
2013-06-04,83.28425257026247,83.723120949092,81.79884051123624,82.44026947021484,-0.010635184822674337,-0.01069214259837984
2013-06-05,82.33897521769735,82.46557394905282,81.1489625967455,81.3852767944336,-0.012797055159583293,-0.012879642812350342
2013-06-06,81.3262087051427,82.24614715576172,80.79450169195665,82.24614715576172,0.01057771620661252,0.010522163569842325
2013-06-07,82.62594407357061,83.09013089993032,82.0942306169617,82.87913513183594,0.007696262961417899,0.007666797814082268
2013-06-10,83.25048056760518,83.3855209350586,82.54997314936865,83.3855209350586,0.00610993107513913,0.006091341130026902
2013-06-11,82.44030405000382,83.10705175140002,81.74823787523911,82.48250579833984,-0.010829399715833521,-0.010888464475931548
2013-06-12,82.98885625390845,83.11545500136316,81.55408118122129,81.66380310058594,-0.00992577383324822,-0.009975362738043801
2013-06-13,81.63850370406398,83.30114532010504,81.33466921484968,83.1070327758789,0.017672819786697103,0.017518471368380233
2013-06-14,82.94666156053214,83.25049600456254,82.22083554857956,82.46559143066406,-0.0077182558899037135,-0.007748195782225019
2013-06-17,83.20831439150788,83.43619349917091,82.50781311308026,83.0057601928711,0.006550232076625528,0.0065288725290892635
2013-06-18,83.1492237075284,84.22952763414088,82.98887127486982,83.98477172851562,0.01179450116919245,0.01172548815959879
2013-06-19,83.98474599390222,84.14509837742563,82.84537028787021,82.95508575439453,-0.012260389031592545,-0.012336167621518434
2013-06-20,81.62158666595808,82.88756103425476,80.42313247601611,80.76072692871094,-0.026452372458277473,-0.026808531338146754
2013-06-21,80.7185619088538,81.17431366135276,79.86613697700862,80.99707794189453,0.002926558764041687,0.0029222847277237877
2013-06-24,80.10244001171169,80.6172637845421,79.19093670809171,79.93363952636719,-0.013129342965807145,-0.013216294707240797
2013-06-25,80.67632000236259,80.88731572130055,80.06865774064704,80.70164489746094,0.009608037062298624,0.009562173413279085
2013-06-26,81.46123354803416,81.55407218999363,80.7269724840917,81.0814437866211,0.004706210011490075,0.004695170428002981
2013-06-27,81.57097554259725,82.49091411699851,81.53721544274573,82.33899688720703,0.015509752193058945,0.015390705333459808
2013-06-28,82.20398104742598,82.67660967136923,81.73978762099455,81.86638641357422,-0.0057398133508989035,-0.005756349385745156
2013-07-01,82.41493236786957,83.63870501052874,82.4064907358359,83.19983673095703,0.016288129668341034,0.016156901144874135
2013-07-02,83.20833419138988,83.79322943146981,82.60647524964662,83.14051818847656,-0.0007129646500664277,-0.0007132189302315794
2013-07-03,82.84381532660731,83.61520119269431,82.7251341106898,83.3100357055664,0.0020389278390777754,0.002036852046826134
2013-07-05,84.24252168863788,84.55616593562159,83.33550342551385,84.48834991455078,0.014143724690609538,0.014044635450825418
2013-07-08,84.87823607377375,85.14102139537492,84.6747945887343,84.82737731933594,0.00401271187244201,0.00400468241691667
2013-07-09,85.36142354936565,85.78526379830448,85.02235652404575,85.61573028564453,0.009293614764733338,0.009250694842916015
2013-07-10,85.6496316272734,85.93783986986139,85.39532491075232,85.85307312011719,0.002772187233359924,0.0027683518090393117
2013-07-11,86.8194450483436,86.96354919744465,86.41256198414186,86.86183166503906,0.011749824534650344,0.011681331346247222
2013-07-12,86.87029955757437,87.40433593864525,86.86182094182404,87.03983306884766,0.0020492476430269413,0.0020471507992218707
2013-07-15,87.26869918522834,87.88750875539738,87.17545381893865,87.80274200439453,0.008765055132210708,0.008726865033115773
2013-07-16,87.83667457369175,87.87905472740626,87.15852744135606,87.36196899414062,-0.005020036962306351,-0.005032679676868636
2013-07-17,87.85360202802954,88.11638090011313,87.51452855184154,87.70101928710938,0.003880982730500193,0.0038734711456378315
2013-07-18,87.9298949565201,88.65889418559264,87.8705575843646,88.28591918945312,0.0066692486255939265,0.006647107575240847
2013-07-19,88.20965726493735,88.42157745361328,87.93839968212379,88.42157745361328,0.0015365787138608145,0.0015353993847223365
2013-07-22,88.56570546665195,88.8030550897517,88.26901197048507,88.60808563232422,0.002109306168042391,0.002107084705069012
2013-07-23,88.93016616781841,88.96406769729356,88.37069392214205,88.5487060546875,-0.0006701372364945613,-0.0006703618788188271
2013-07-24,88.93016270955867,88.98950008476635,87.68407136290863,87.81121826171875,-0.008328611741805436,-0.008363488413083786
2013-07-25,87.70951338188382,88.7097767561606,87.59083861436707,88.61653137207031,0.009170959318106187,0.009129161427514007
2013-07-26,88.1248889124235,88.30290109166395,87.61628176212349,88.2605209350586,-0.004017426901048005,-0.004025518439213573
2013-07-29,88.02313145744199,88.38763429569389,87.3110830109713,87.64167785644531,-0.00701155026117084,-0.007036246687564509
2013-07-30,87.89599155692311,88.04857430291074,87.40433532348641,87.71797943115234,0.0008706083289735655,0.0008702295693605673
2013-07-31,88.06555316202201,88.73522173486977,87.82820358527414,87.87059020996094,0.0017397890352499612,0.0017382773553884377
2013-08-01,88.73520859954336,89.30315306944544,87.94686535501882,89.06580352783203,0.013601972116213279,0.013510295678200642
2013-08-02,88.76912352673732,89.24382264700101,88.63349151106743,89.14210510253906,0.0008566876588407268,0.0008563209114120393
2013-08-05,89.04883074238987,89.54048047104105,88.92167738588297,89.44723510742188,0.0034229616243841576,0.0034171166255831504
2013-08-06,89.19294505862992,89.27771181689597,88.285927163876,88.5487060546875,-0.010045353013486524,-0.010096148027596927
2013-08-07,88.26052134477722,88.44700567582996,87.70952756802325,87.92144775390625,-0.00708376585868864,-0.00710897484832249
2013-08-08,88.41307254901164,88.66737280084016,87.8027415969616,88.28591918945312,0.004145421223807011,0.004136852637350035
2013-08-09,88.09943498612,88.64194999096871,87.75188287539152,88.19268035888672,-0.0010561008077213385,-0.0010566588751309341
2013-08-12,87.59084727483042,88.69282829177045,87.59084727483042,88.65892028808594,0.005286605728524574,0.005272680684378555
2013-08-13,88.73520681332413,88.73520681332413,87.9722929682883,88.54023742675781,-0.0013386454622104083,-0.0013395422484557243
2013-08-14,88.56566184995357,88.70128736752126,88.16725097854834,88.19268035888672,-0.003925413777646547,-0.00393313843592266
2013-08-15,87.1754513396763,87.27717531835982,86.37015752711892,86.55664825439453,-0.018550656333775173,-0.018724877737384633
2013-08-16,86.30235770714097,86.78553537863998,86.08196541297622,86.1921615600586,-0.004210961280116665,-0.004219852346303463
2013-08-19,86.15824792829356,86.3616894431803,85.26818079131927,85.31904602050781,-0.010129871716262673,-0.01018152801059664
2013-08-20,85.42077051496751,86.74315663786588,85.36991174891786,86.54818725585938,0.01440641090919037,0.014303624583446955
2013-08-21,86.20065622167752,86.88727554916716,85.62423306178165,86.02264404296875,-0.006072261355826947,-0.006090772509230716
2013-08-22,86.3108422470651,87.30262704073887,86.28541286270783,87.23481750488281,0.01409132996782314,0.01399297011482039
2013-08-23,87.47217268962665,87.52303146162104,86.84488432100709,87.45521545410156,0.002526490632096756,0.0025233044201344625
2013-08-26,87.61627449058156,88.00620682235957,87.11613953273587,87.46369171142578,9.692111877157572e-05,9.691642222340444e-05
2013-08-27,86.41255577002734,86.79400942369652,85.2427524931686,85.41229248046875,-0.02345429504308294,-0.023733724889322405
2013-08-28,85.29363979248177,85.92092173957661,85.19191577378089,85.58184814453125,0.0019851435799040917,0.0019831757861926837
2013-08-29,85.52249171854642,86.7685831843447,85.45467572117072,86.43798828125,0.010003758452059808,0.009954052085907463
2013-08-30,86.454930273637,86.50579550015179,84.9714894348505,85.09016418457031,-0.015592960033893544,-0.01571580896083427
2013-09-03,86.34475787454764,86.77707684867345,84.87826739662194,85.66661071777344,0.006774537794435931,0.006751693727233882
2013-09-04,85.75137377464566,86.47190100105517,85.40382161958694,86.42103576660156,0.008806523831245805,0.008767972569991605
2013-09-05,86.48883226860552,86.91267247885432,86.33624953422441,86.55664825439453,0.0015692069250270446,0.0015679770063367726
2013-09-06,87.0568005395337,87.21786193325374,85.3953472345195,86.79402160644531,0.002742404619840766,0.002738651089191817
2013-09-09,87.09069725278553,88.18420593028208,87.08222510379645,88.10791778564453,0.015138095399668039,0.015024657820119297
2013-09-10,88.65040275174327,88.98947614770441,88.328280115301,88.97251892089844,0.009812978867090871,0.009765144268667071
2013-09-11,88.82846282138175,89.19296578719697,88.60806402483773,89.01495361328125,0.0004769415646255215,0.0004768278641483736
2013-09-12,88.93016398249881,89.0234028871979,88.3367837546396,88.36221313476562,-0.007332930614685318,-0.0073599487126393345
2013-09-13,88.65890719015013,88.86235518220107,88.24354552413602,88.84539794921875,0.0054682289783325455,0.005453332494501782
2013-09-16,89.89652630605964,89.92195568818701,88.87930574993894,89.04036712646484,0.002194476942491974,0.002192072594847546
2013-09-17,89.05731354013074,89.92195129394531,89.04036277530399,89.92195129394531,0.009900949377582347,0.009852256120812945
2013-09-18,89.89652461163699,91.21890419565052,89.22685620331777,90.77810668945312,0.009521094495704707,0.00947605453629516
2013-09-19,91.00696116937745,91.06629853406187,90.37967953310105,90.68484497070312,-0.0010273591524555536,-0.0010278872475961878
2013-09-20,90.90526461171929,90.93917261137575,90.32036940269178,90.3542709350586,-0.003645306288513006,-0.003651966608345194
2013-09-23,90.46447118869615,90.59162456726546,89.684606618829,90.36274719238281,9.381136316521932e-05,9.380696315446837e-05
2013-09-24,90.4842871505078,91.30022584645616,89.91483094883097,90.66277313232422,0.0033202392497280186,0.0033147394258486607
2013-09-25,90.74777507332509,91.35123607919144,90.37380718450562,90.4927978515625,-0.001874807871954598,-0.0018765675239164918
2013-09-26,90.73076145079075,91.34271703861177,90.39928658813832,90.9942398071289,0.005541236070399025,0.005525939902241441
2013-09-27,90.42477549716685,90.98573689688422,90.27178661401695,90.58626556396484,-0.0044835172427266645,-0.004493598349990388
2013-09-30,89.6088524044201,90.80726012537843,89.44736230976802,90.61177825927734,0.000281639773465292,0.0002816001204293665
2013-10-01,90.56926825135336,91.73368406500849,90.47577467951591,91.66568756103516,0.011631040930927927,0.011563920327999265
2013-10-02,91.019761946701,91.58072355155159,90.81577885607602,91.291748046875,-0.004079383726993457,-0.004087727111096838
2013-10-03,91.12173313259929,91.24922496290749,89.75333422193252,90.3567886352539,-0.01024144494572532,-0.010294249381548543
2013-10-04,90.38232378440401,91.21526514011678,90.22084011684738,90.96028137207031,0.006678997183626523,0.006656791501559073
2013-10-07,90.08482960298974,90.65429237676994,89.85534944378378,89.89784240722656,-0.01168025152096741,-0.011749001528031343
2013-10-08,89.95731406203717,90.11880414032072,88.32543684871081,88.44442749023438,-0.016167406003009366,-0.016299524455141004
2013-10-09,88.6484479022179,88.69944205650013,87.5435270063931,88.08748626708984,-0.0040357683719977056,-0.004043934062468868
2013-10-10,89.25189943168782,90.35681380496723,89.17540171839222,90.21232604980469,0.024121925517003984,0.023835587416996935
2013-10-11,89.95732987841188,91.56371679042365,89.94883517716924,91.5212173461914,0.014509007290911757,0.014404758796227348
2013-10-14,90.99425639462964,92.09067594192655,90.88376691510543,91.98018646240234,0.005014893043596924,0.0050023603500921965
2013-10-15,91.78469694857043,91.9886865021571,90.87526459680396,91.07925415039062,-0.00979485198565,-0.00984313710412979
2013-10-16,91.7166972703191,92.30314934282136,91.48721066779304,92.20965576171875,0.012411186519617257,0.012334799133532604
2013-10-17,91.79318624812821,93.03409335815687,91.7676891783577,93.01709747314453,0.008756585248645976,0.008718468708243457
2013-10-18,93.68006497720802,94.14752647542548,93.3485900383702,94.07953643798828,0.011421975031531195,0.0113572367675672
2013-10-21,94.21552135425794,94.41100973030683,93.72255630553042,93.89254760742188,-0.0019875611386506176,-0.0019895389594182123
2013-10-22,94.30051408826553,94.75948087819809,93.80755552234253,94.13903045654297,0.0026251588161361195,0.002621719105274264
2013-10-23,93.6970397264235,93.96052456837923,93.2975683557681,93.82453155517578,-0.0033407918038030893,-0.0033463847087025697
2013-10-24,93.89253437521707,94.5639853329247,93.77354372291488,94.32600402832031,0.005344790587626047,0.0053305578857634735
2013-10-25,94.54700494103669,94.72549096098038,93.9775486177155,94.41101837158203,0.0009012821452309971,0.0009008762343535161
2013-10-28,94.45352270013429,94.58951577045435,93.88406630830865,94.3685302734375,-0.00045003325753045775,-0.0004501345528888929
2013-10-29,94.62347652731015,94.86995900617457,93.94352441427006,94.64047241210938,0.0028817036556987308,0.0028775595072819083
2013-10-30,94.68298793493678,94.75098445469233,93.08510214320627,93.34858703613281,-0.013650453585555722,-0.013744477655046272
2013-10-31,93.29760035430725,93.6460777067815,92.54965797867575,92.80464172363281,-0.005827033164299,-0.005844076562596114
2013-11-01,92.99159461462894,93.17857527614106,91.72518402916006,92.40513610839844,-0.004304802085482784,-0.0043140944233526525
2013-11-04,92.84714851081259,93.62059456366421,92.49867759097798,93.46760559082031,0.011497948351870013,0.011432349301183923
2013-11-05,93.11060813828844,93.43358188882233,92.52414948793235,93.14459991455078,-0.0034558034757365963,-0.003461788557390337
2013-11-06,93.79052823144934,93.8075305994325,92.56662360130294,92.74510955810547,-0.004288926645364288,-0.004298150474247065
2013-11-07,93.17009992638344,93.33158355324987,91.06225323058071,91.18124389648438,-0.01686197438411907,-0.017005756061300087
2013-11-08,91.31722000240654,93.03408963817945,91.27472056481903,92.83860778808594,0.018176587868039107,0.018013368574165585
2013-11-11,92.6771499625216,93.15311270354032,92.33717379700565,92.96612548828125,0.0013735417110776194,0.001372599265555034
2013-11-12,92.70262644906195,93.076600796513,92.3626503590614,93.0426025390625,0.0008226335170964383,0.0008222953395961022
2013-11-13,92.35414382712517,93.96052399997654,92.32014557402998,93.93502044677734,0.009591497694189988,0.009545791309554996
2013-11-14,93.89253161521526,94.00302107924678,93.27207481687446,93.84153747558594,-0.000995187638718531,-0.0009956831667261715
2013-11-15,94.00303610110583,94.33451103067475,93.62906820989004,94.19852447509766,0.0038041469600238464,0.0037969294913937687
2013-11-18,94.61497764276032,94.69997003783054,93.28057693819547,93.53556060791016,-0.007037943225562504,-0.007062826367477636
2013-11-19,93.58654727992997,94.07951221030471,92.63461567139635,92.95759582519531,-0.006179091448840546,-0.006198261042317826
2013-11-20,93.43357540908953,93.66305554772424,92.51564188554116,92.92361450195312,-0.0003655572515676164,-0.00036562408390756383
2013-11-21,93.33158865504541,94.6489937224987,93.22109916909658,94.5979995727539,0.018018940392870553,0.017858523449229877
2013-11-22,94.58950511100248,95.16746262571874,94.42801497932263,95.06546783447266,0.004941629461828301,0.0049294596868383
2013-11-25,95.30343891021252,95.43093076438362,94.87847038597889,95.1844482421875,0.0012515628484783825,0.0012507802965704125
2013-11-26,95.18446602798204,96.05990031396271,95.10797479188957,95.8899154663086,0.007411580748213131,0.00738424994351806
2013-11-27,95.90690707066499,96.52736405743285,95.73692223060841,96.42536926269531,0.005584047016652605,0.005568514023923539
2013-11-29,96.84182203948154,97.02880921349671,96.42534824844607,96.47634887695312,0.0005286950379097544,0.0005285553279286794
2013-12-02,96.63781152802639,96.6888121454684,95.24391569533724,95.50740051269531,-0.010043377216664928,-0.010094152183791436
2013-12-03,95.30341618892695,95.70288754398942,94.57246998274957,95.0484390258789,-0.004805507053407876,-0.004817090627291275
2013-12-04,94.60649272742042,95.54992338930126,93.80755629496217,94.7934799194336,-0.0026824123474126216,-0.0026860164620038283
2013-12-05,94.75947068358785,95.20993623880732,94.47049522722233,94.86146545410156,0.0007171963169381179,0.0007169392545617198
2013-12-06,95.71987410389163,96.12784009119346,95.35440106116157,95.60088348388672,0.007794714389510737,0.0077644925487920635
2013-12-09,95.72840548993808,95.94939093371218,95.09945390250948,95.5754165649414,-0.00026638790372268684,-0.00026642339128275615
2013-12-10,95.3884022968646,95.68587885619938,94.5469602632428,94.70845031738281,-0.009071017200008802,-0.009112409379448086
2013-12-11,94.79346229276163,94.81046466224048,92.91510250459777,93.15308380126953,-0.01642267940084552,-0.016559026450505394
2013-12-12,93.23805741030534,93.70552520923184,92.94908203242547,93.35704803466797,0.002189559648219097,0.0021871660557980224
2013-12-13,93.53555481867006,93.94352088355824,93.00009044231176,93.66304016113281,0.0032776542629242567,0.0032722944627119675
2013-12-16,94.02002304072506,94.8274605090369,93.62055165668514,94.7764663696289,0.011887572799053059,0.011817470621788343
2013-12-17,94.7254648051134,94.80196249796978,94.02002210712644,94.64047241210938,-0.0014348916216094798,-0.0014359220644261617
2013-12-18,94.79346624526512,95.95788219196511,93.79904157792147,95.94087982177734,0.013740499984038257,0.013646955241098333
2013-12-19,95.80490907519415,95.91539856161057,95.09945973971425,95.2269515991211,-0.00744133495526067,-0.007469159810201718
2013-12-20,95.27793438435017,97.07980312059387,95.26943319886898,96.83332061767578,0.016868848488577504,0.016728149545531135
2013-12-23,97.41949479670082,97.96554854554567,97.2232536793937,97.9314193725586,0.01134009190099361,0.011276275064833188
2013-12-24,98.04233080366191,98.49453090799882,98.00820163415885,98.30682373046875,0.0038333392931027,0.003826010770539829
2013-12-26,98.65662439898412,98.94671904995174,98.20442434931694,98.31534576416016,8.668811958334466e-05,8.668436238544092e-05
2013-12-27,98.52011576266909,98.75047949566667,97.93139904243684,98.25562286376953,-0.0006074626491564539,-0.0006076472293456797
2013-12-30,98.21298306390192,98.43481944012277,97.99114668768105,98.19591522216797,-0.0006076765874696299,-0.0006078612977202965
2013-12-31,98.42625427246094,98.72487631325976,98.26414237482489,98.42625427246094,0.0023457090834362315,0.002342962202634371
2014-01-02,98.19589061044387,98.22149236662798,96.95873928325949,97.35974884033203,-0.010835578779383792,-0.010894711207130384
2014-01-03,97.71808235536841,98.03377221171678,97.35973592998172,97.85459899902344,0.005082697568406402,0.005069824263438365
2014-01-06,98.30682740861158,98.34948398998128,97.01847887693,97.06114196777344,-0.00810853081374252,-0.008141583744784485
2014-01-07,97.42802264056203,98.25563713282487,97.35976429884528,97.87168884277344,0.00835088953794827,0.008316213775138255
2014-01-08,97.93140597000807,98.1873714776435,97.32562787870906,97.99966430664062,0.0013075840968961305,0.0013067299533062093
2014-01-09,98.33240928165755,98.4518581084002,97.40241391495066,98.02525329589844,0.000261113029711435,0.0002610789456373606
2014-01-10,98.05085776633567,98.57131620730283,97.6071915837682,98.56278228759766,0.005483576666480472,0.00546859659790311
2014-01-13,98.37508746858173,98.5371928957762,96.6345387852404,97.2147216796875,-0.01367717688789094,-0.013771571158001624
2014-01-14,97.64132663169082,98.55426081090523,97.41949027231452,98.40921020507812,0.012287115621503641,0.012212241715335819
2014-01-15,98.66518704745191,99.21977475473714,98.59692869682227,99.14298248291016,0.007456337433283888,0.0074286763644007886
2014-01-16,99.01501077223944,99.29656508997249,98.8273035541008,99.26243591308594,0.0012048601644234491,0.0012041349029162202
2014-01-17,99.23680733419368,99.33919483047178,98.707821543772,98.91259002685547,-0.003524453969040109,-0.003530679488939914
2014-01-21,99.59517347520749,99.71462231524414,98.78462033556048,99.5013198852539,0.005952021458932588,0.0059343781534824955
2014-01-22,99.5610335646824,100.14121637204498,99.39892165234683,100.00469970703125,0.005059026577314274,0.005046272699079606
2014-01-23,99.586631086389,99.63782158220182,98.68223094317324,99.3306655883789,-0.006740024425121671,-0.006762840970253313
2014-01-24,98.70783291598119,98.75048949557369,96.60040390180241,96.79663848876953,-0.0255110250656152,-0.02584207365995208
2014-01-27,97.07821101442883,97.1294015199307,94.83427156044867,95.38032531738281,-0.014631842525719918,-0.014739943709107813
2014-01-28,95.49975379723841,96.40415391870161,95.38030497023281,96.38709259033203,0.010555292924396609,0.010499974745934618
2014-01-29,95.45711011088076,96.0543608767548,94.72334916188998,94.99637603759766,-0.014428452143953052,-0.014533554460427315
2014-01-30,95.84101756064085,96.96725375639879,95.59358604292878,96.41266632080078,0.014908887499482937,0.014798842454179582
2014-01-31,94.91957522585483,96.41269213951996,94.85131689038515,95.69599914550781,-0.007433330107356917,-0.007461094981484947
2014-02-03,95.44855340659927,95.73010760707943,92.27461288215655,92.70121765136719,-0.03129474085522632,-0.0317948834897198
2014-02-04,93.16197359117756,93.8104083067394,92.48793711545846,93.40087127685547,0.007547404912409572,0.0075190657540320695
2014-02-05,92.83772779258905,93.12782242057783,91.52378432228362,92.70121765136719,-0.007490868296232467,-0.007519065754032162
2014-02-06,92.8974485164558,93.82745026138537,92.87185327283358,93.43497467041016,0.00791528997820179,0.007884128397771925
2014-02-07,93.82747080982463,94.56975907531964,93.4264612133293,94.49297332763672,0.011323368588246785,0.011259739132807046
2014-02-10,94.52709980489172,94.78305879935337,93.8189342188821,94.74040222167969,0.002618489876332397,0.002615067604537089
2014-02-11,94.80865041986013,95.84956063452806,94.59534802587963,95.58506774902344,0.008915578861142581,0.00887606974537314
2014-02-12,95.73009428891048,96.42119834532497,95.53385976767855,95.96046447753906,0.003927357456096514,0.003919665520545406
2014-02-13,95.03048818244254,97.32562421694226,95.01342685366295,97.18058013916016,0.012714774446581423,0.012634620413877575
2014-02-14,96.95874639631386,97.44507564792657,96.53214156123346,97.31709289550781,0.0014047328813244775,0.0014037471670926896
2014-02-18,97.60719338813726,98.50305968953839,97.38535703801593,98.3324203491211,0.010433187258310994,0.010379137178148824
2014-02-19,98.03378811613109,98.66516142178621,97.24883681618442,97.32562255859375,-0.010238716660820435,-0.010291492869740002
2014-02-20,97.4365404613957,98.57984478946837,97.18911538860328,98.37507629394531,0.010782913150334528,0.010725192105618397
2014-02-21,98.64810654908928,99.06617747389204,98.460399376063,98.68223571777344,0.0031223297139850725,0.0031174653653336863
2014-02-24,98.83581521820349,100.09003460367515,98.76756338478017,99.407470703125,0.007349194919191948,0.007322321172822735
2014-02-25,99.53542841440381,100.0302850021622,99.12588496958172,99.50982666015625,0.001029660611091554,0.0010291308742061563
2014-02-26,99.57809947099406,100.77259430688736,99.33920180571003,100.12415313720703,0.006173525747852127,0.006154547605753311
2014-02-27,99.79142195839059,100.72995147911436,99.62078259443153,100.67022705078125,0.005453967863537246,0.005439148838050095
2014-02-28,100.64460988699294,101.28451712674452,99.65489007443647,100.26919555664062,-0.003983615671576235,-0.003991571403901183
2014-03-03,99.41599949494548,100.04737941130453,98.61398673792084,99.731689453125,-0.005360630456160309,-0.005375050191271508
2014-03-04,100.84939900796518,102.88004256350405,100.8323376755837,102.2401351928711,0.02515194271250265,0.024840838397069333
2014-03-05,102.26571670308181,102.35103637247221,101.93296543582778,102.1803970336914,-0.0005842926465912113,-0.0005844634120608868
2014-03-06,102.48755393787688,102.59846885809677,101.89030322802918,102.163330078125,-0.0001670276888900979,-0.0001670416395679805
2014-03-07,102.73497309392356,102.78616358790549,101.55753965655676,102.12918853759766,-0.00033418586200384404,-0.0003342417145427915
2014-03-10,101.8390933224594,102.02680046665908,101.0967986638895,101.78790283203125,-0.0033417058380010856,-0.003347301807154688
2014-03-11,101.88176527367625,102.22304391887117,100.26066567110882,100.72992706298828,-0.01039392442134135,-0.010448318493987814
2014-03-12,100.15825888845318,101.05413143329024,99.7572493971351,101.03706359863281,0.0030491090840607527,0.00304446997865756
2014-03-13,101.4039603352555,101.49781391264004,99.296531567667,99.8681869506836,-0.011568790761700587,-0.011636229851913217
2014-03-14,99.50980832895402,100.56779265423437,99.5012809219146,100.2862319946289,0.00418596809163807,0.004177231300007286
2014-03-17,100.86644372864455,101.61726586133543,100.5763490688614,100.72992706298828,0.0044242869587836076,0.004414528573248447
2014-03-18,100.86644378691555,102.28276839181677,100.76405628761418,102.19744873046875,0.014568874516932784,0.014463768089636096
2014-03-19,102.1121194010039,102.16330989107134,100.76404674713473,101.53193664550781,-0.006512022493987413,-0.006533318214957018
2014-03-20,101.30158425205713,101.9926819830929,100.81525501364807,101.66846466064453,0.0013446804980525862,0.0013437772248835358
2014-03-21,102.14623598003837,102.60696986230093,101.15650989751774,101.19917297363281,-0.004615902173581099,-0.004626588346920058
2014-03-24,101.59166288513727,101.72817954040782,99.13442167551898,100.04735565185547,-0.011381687102101634,-0.011446954208523794
2014-03-25,100.65641822890784,101.2038818749785,99.34763774607387,100.0234146118164,-0.00023929707969860825,-0.00023932571581323456
2014-03-26,100.62221691822819,100.66499017367347,98.07309013498231,98.10730743408203,-0.01915658633701567,-0.0193424512571723
2014-03-27,98.12439828299233,98.69752327386651,97.2518801272049,97.85922241210938,-0.0025287109437729383,-0.0025319135333796766
2014-03-28,97.92763668252425,99.22786095450275,97.49993038530657,97.76510620117188,-0.0009617510605300916,-0.0009622138398240846
2014-03-31,98.40671998076785,99.80959688811652,98.05599749078878,99.51875305175781,0.01793734921105128,0.01777837321979757
2014-04-01,99.76676027332924,100.99000044307107,99.7325429892333,100.82747650146484,0.013150520977954772,0.01306480354508313
2014-04-02,101.18675736326468,101.34928784587692,100.69061648833907,101.28085327148438,0.004496559725095883,0.004486480403966672
2014-04-03,101.28087856587142,101.31509586161329,99.80956748038037,100.25437927246094,-0.010134926453196025,-0.010186634488401035
2014-04-04,100.90450984372188,101.04137904704211,97.53418076421363,97.93622589111328,-0.02312271442075986,-0.023394238124690173
2014-04-07,97.47428931884966,97.72235982257844,95.8746715043765,96.50767517089844,-0.014586540447281693,-0.01469396999182244
2014-04-08,96.49907806220422,97.68810086613108,95.97727593659268,97.18341064453125,0.007001883243340057,0.006977483886950647
2014-04-09,97.5170379440076,98.5863037109375,97.08933163723563,98.5863037109375,0.014435519983319267,0.01433231984421386
2014-04-10,98.45799847545665,98.46655442964246,95.29297415991654,95.77200317382812,-0.02854656713128345,-0.028961944541765882
2014-04-11,94.98504422392016,96.01153703964036,93.97565679373969,94.44613647460938,-0.01384399046986906,-0.013940712220116199
2014-04-14,95.42129788213478,95.78056968215694,93.79601230062492,94.7113037109375,0.002807602790606545,0.002803668835493671
2014-04-15,94.97647257555933,95.56670943653198,92.94914862053339,95.0791244506836,0.0038835991622361288,0.003876077458907359
2014-04-16,95.74636135833694,96.18262374282644,95.14757496886678,96.11418914794922,0.010886350744663265,0.010827521004084916
2014-04-17,95.7976741767356,97.01236526873753,95.56671560066033,96.59320831298828,0.0049838548219109935,0.00497147652817802
2014-04-21,96.77286084032599,97.1150273119921,96.04576116696218,97.04659271240234,0.0046937502887880456,0.004682768991804757
2014-04-22,97.2005533229853,98.38957658319994,97.06369066976634,98.04741668701172,0.010312819302943588,0.010260004981307719
2014-04-23,97.92764420509054,98.17570813340592,97.32029547325982,97.43150329589844,-0.006281791116224955,-0.006301604585672437
2014-04-24,98.02171120528874,98.09014576877728,96.38787679124474,97.18341064453125,-0.002546328887215621,-0.002549576296435835
2014-04-25,96.8070676483849,96.84128494447138,95.13045929783901,95.47262573242188,-0.017603672280724236,-0.017760459667015425
2014-04-28,95.81478913495062,96.26815687275628,93.51372662463687,94.9166030883789,-0.005823896009745422,-0.005840921025573354
2014-04-29,95.31010251073403,95.78913816636897,94.86529068008987,95.1561279296875,0.0025235294302048406,0.002520350676474915
2014-04-30,94.84816428010761,95.85755159583863,94.0526301539274,95.78912353515625,0.006652179100188782,0.006630150992779164
2014-05-01,95.59236757268849,96.4648856400434,94.557319006733,95.75489807128906,-0.00035730010468904005,-0.0003573639515802323
2014-05-02,95.88320133298173,96.76428184940096,95.53248553821965,95.83187866210938,0.0008039337137928371,0.000803610732177032
2014-05-05,95.05350065427596,95.96023640066633,94.54880356010594,95.71216583251953,-0.0012491963140149887,-0.00124997721012657
2014-05-06,95.30152982249935,95.5581497107607,94.08683885678464,94.1552734375,-0.01626640021649739,-0.01640015051172246
2014-05-07,94.29218527186633,94.48037066457763,92.75243914034635,94.21519470214844,0.0006364090131203426,0.0006362065907820661
2014-05-08,94.12106060883285,95.15610921766472,92.97481069577779,93.2656478881836,-0.01007848911172704,-0.010129620927517272
2014-05-09,92.97479821445508,94.14670930760242,92.62407591345635,94.12104797363281,0.00917165220869709,0.009129848021144788
2014-05-12,94.67706295022668,96.69583712562195,94.5316443804916,96.25957489013672,0.022721027469891686,0.022466749359530323
2014-05-13,96.13126576436012,96.53331073109118,95.24163587604211,95.3186264038086,-0.009775115747208019,-0.009823205838575266
2014-05-14,95.03635480497199,95.05346671461487,93.59926113019272,93.77034759521484,-0.016243192616253288,-0.01637655944346552
2014-05-15,93.29985959717011,93.41961684879234,91.9055392954081,93.1373291015625,-0.006750732079878197,-0.006773621342699796
2014-05-16,93.18011355724704,93.77035045860465,92.41024075684177,93.72757720947266,0.006337395688752467,0.00631739883753249
2014-05-19,93.4709401050673,94.98502419420053,93.19720831017891,94.73695373535156,0.010769258695581652,0.010711683223737188
2014-05-20,94.50598878859337,94.53165012289604,92.74383435987298,93.29129791259766,-0.015259682370538874,-0.01537730949277626
2014-05-21,93.79600893339783,94.2066033968883,92.85505621776075,93.77034759521484,0.005134987864205742,0.005121848774206591
2014-05-22,94.06117356083793,94.99357673656048,93.77033639446245,94.7455062866211,0.010399435604267815,0.010345733467555013
2014-05-23,94.68562103214767,95.82331480914446,94.53164650594267,95.78054809570312,0.010924442220519248,0.010865201558559181
2014-05-27,96.41357205257485,97.38018612849167,96.36224937503563,97.15778350830078,0.014379072160054296,0.014276673730963163
2014-05-28,96.94391222224007,97.05511351157976,96.25957952680123,96.65306854248047,-0.0051947970362785645,-0.005208336906008365
2014-05-29,96.94392449293693,97.16632709976699,96.4050103060246,96.97814178466797,0.0033632997595376413,0.00335765651663966
2014-05-30,96.94393042054773,97.02947039196508,96.097067082556,96.54188537597656,-0.004498502452852549,-0.004508651162445528
2014-06-02,96.72152644094601,96.74718778111395,95.25877131483641,96.02008819580078,-0.0054048787025825495,-0.005419537904141222
2014-06-03,95.49827980370084,96.11417803381215,95.04491208605818,95.78912353515625,-0.002405378551346038,-0.0024082761217687526
2014-06-04,95.36142843501756,96.29382531912407,95.0876965810679,96.16551208496094,0.003929345377782445,0.003921645663533824
2014-06-05,96.42214709626273,98.26983564255706,95.88323277028637,98.18429565429688,0.02099280215502164,0.020775489358483293
2014-06-06,98.60344175142754,99.43319330560327,98.46657908159413,99.125244140625,0.009583492757753831,0.009537862391582011
2014-06-09,99.1252246902874,100.49389027775693,98.93703937197748,99.99774932861328,0.008802048313248045,0.008763536111840548
2014-06-10,99.76678520979293,99.93787167303532,99.19366024206373,99.8010025024414,-0.001967512543960659,-0.001969450639334534
2014-06-11,99.24496569513371,99.51014803556994,98.71461406682154,99.31340026855469,-0.004885744848853513,-0.004897719118288758
2014-06-12,99.0396650634975,99.15942229968736,98.29546031378612,98.7060546875,-0.006115444435618511,-0.006134220353802531
2014-06-13,98.94558607200051,99.15088982022857,98.08162393842788,98.87715148925781,0.0017333972297799427,0.0017318966306411742
2014-06-16,98.79161798733789,99.35619354248047,98.45800753249233,99.35619354248047,0.004844820527366123,0.004833122153527165
2014-06-17,99.2620680366211,100.46819627711113,99.03965895757462,100.05760192871094,0.0070595335954630745,0.007034731746084207
2014-06-18,99.9977430148819,100.77616515548245,99.65557663961847,100.7333984375,0.006754074610648253,0.006731368032667327
2014-06-19,101.08411505195863,101.13544425074267,100.16882374339369,100.81893920898438,0.000849179843142478,0.0008488194939259094
2014-06-20,100.82748766876384,101.19531535568508,100.56230531921945,101.15254211425781,0.0033089309200320383,0.003303468454745272
2014-06-23,101.36642686198572,101.40920011674423,100.67354451361795,100.95582580566406,-0.0019447490343005303,-0.001946642513997204
2014-06-24,100.71626845079899,101.71710606089418,99.78387193500832,99.87796783447266,-0.010676530676557827,-0.010733933773082165
2014-06-25,99.27924144756437,100.75910896945878,99.27069201556208,100.72489166259766,0.008479586103800285,0.008443836366705594
2014-06-26,100.75906920652174,100.78473054496976,99.7325699846315,100.55377197265625,-0.0016988818465509814,-0.0017003265828379511
2014-06-27,100.13463336912761,101.37498600703479,100.10897202597826,101.22956085205078,0.006720671598259953,0.006698188562744243
2014-06-30,101.0755711150745,101.69146279741409,100.79328334840977,101.63158416748047,0.003971402345775754,0.003963537144521757
2014-07-01,102.01652462613502,103.47927962015642,101.96519542415237,102.66663360595703,0.010184328493501482,0.010132817660350152
2014-07-02,102.66578219284878,103.00926220599084,102.09045693785421,102.27078247070312,-0.003855694117460007,-0.0038631464681812646
2014-07-03,102.68292225635248,102.96629365494569,102.3995508577593,102.88900756835938,0.006044982571961288,0.006026784964137391
2014-07-07,102.56275183472408,102.58851169150138,101.06861462827193,101.12872314453125,-0.01710857617766981,-0.01725661882931658
2014-07-08,100.90545993054315,101.06860786299093,99.351214311869,99.9007797241211,-0.012142380346829906,-0.012216701281847708
2014-07-09,100.18414483438116,100.54479588476397,99.62599065564427,100.02957916259766,0.0012892736055938325,0.0012884432060436422
2014-07-10,98.00305527909569,99.6517579770645,97.86566720921103,98.96479797363281,-0.010644663287386669,-0.010701722997814649
2014-07-11,98.9046958502019,99.07643258647948,98.32937057720179,98.83599853515625,-0.0013014671995882354,-0.001302314843557739
2014-07-14,99.96948111134783,100.00382976993005,99.09361324717993,99.34263610839844,0.005126042947418252,0.005112949515204453
2014-07-15,99.2309797396865,99.60880835054692,97.7797869005219,98.36370086669922,-0.009854129908844489,-0.009903003181072957
2014-07-16,98.79303703795934,98.82737913351244,97.73683743800201,98.09748840332031,-0.0027064095904613117,-0.002710078538175649
2014-07-17,97.479235602389,98.12325805538171,96.34575634717524,96.58619689941406,-0.015406016285480106,-0.015525922062120825
2014-07-18,96.76653450098244,98.27783599603595,96.56903137477896,98.08892822265625,0.015558448013095916,0.015438656278722363
2014-07-21,97.47065990571635,97.88283063459191,97.04131157485853,97.69391632080078,-0.004027079396349498,-0.004035209916088518
2014-07-22,98.29501704214539,98.96479945226362,98.05458300275282,98.51828002929688,0.008438229723426227,0.008402826881782292
2014-07-23,98.75872105652275,99.12796094352643,98.32937265541786,98.63850402832031,0.0012203217411803635,0.00121957775381216
2014-07-24,98.93903994681247,99.30827980899087,98.18338261881783,98.44099426269531,-0.0020023597029441564,-0.002004367105276123
2014-07-25,97.69389705843956,97.8999889335777,97.21302911911921,97.54792022705078,-0.009072176102379759,-0.00911357889115755
2014-07-28,97.7712221425295,97.78839319663867,96.37154866017092,97.05850219726562,-0.005017206196154644,-0.005029834632515945
2014-07-29,97.36762923282139,97.98589197452662,97.05849786196876,97.32469177246094,0.002742568339394902,0.0027388143609752944
2014-07-30,98.04600421533897,98.15763244464826,97.29893561549004,97.71111297607422,0.00397043336665992,0.003962571997923783
2014-07-31,96.71498840445622,97.02411968124574,95.35825285780741,95.47846984863281,-0.022849428887255607,-0.023114523038387628
2014-08-01,95.4527275271121,95.91641797610113,94.33641920581118,95.0405502319336,-0.004586579753461439,-0.004597130383610797
2014-08-04,95.45272411761776,96.00228945733518,94.36217568784355,95.88207244873047,0.00885434916720551,0.008815379283982733
2014-08-05,95.40980208518056,96.37154486080155,94.93751622408617,95.64164733886719,-0.002507508481231935,-0.002510657545929428
2014-08-06,95.03199172626695,96.57764888676289,94.9976430614406,95.94221496582031,0.0031426437678157004,0.003137715984369384
2014-08-07,96.25129148927195,96.62053126147417,95.11781232482195,95.47846984863281,-0.004833587773147685,-0.004845307338811968
2014-08-08,95.59869814659517,96.51750328591132,95.3067378833908,96.40586853027344,0.00971317076101963,0.009666301175032576
2014-08-11,96.93828083456347,98.0803491462503,96.70643558209233,97.32469177246094,0.009530781229349916,0.009485649865431323
2014-08-12,96.98122385018004,97.43633213018897,96.2083953787795,96.65491485595703,-0.006881880685220221,-0.00690567003255989
2014-08-13,96.96401944402464,97.5908708507171,96.77510514197117,97.4105453491211,0.007817817586308617,0.007787416792844311
2014-08-14,97.47920958607745,97.65954158996139,97.23019340255536,97.5564956665039,0.0014983009987237228,0.0014971796657055176
2014-08-15,98.27781571711533,98.27781571711533,96.39727476215437,97.36759948730469,-0.001936274749402167,-0.001938151752675474
2014-08-18,98.32074222389024,98.87030742051094,97.96867353940895,98.78443908691406,0.01455144839833622,0.014446592056849674
2014-08-19,98.86175213456082,99.37697541346368,98.80164362553363,99.1279525756836,0.003477404861987443,0.003471372669904831
2014-08-20,98.6213078547101,98.9390279701873,98.24348578778459,98.7071762084961,-0.004244780167997897,-0.004253814823149519
2014-08-21,98.64706944405773,99.09359537375029,97.7540241360082,98.9218521118164,0.002174876352119215,0.002172514732080221
2014-08-22,98.78445832997991,99.29108618282558,98.41521852738545,98.93043518066406,8.676615595470949e-05,8.676239198952152e-05
2014-08-25,99.57448295660501,99.96090045833023,99.02491751317686,99.39415740966797,0.004687356607267157,0.004676405160176235
2014-08-26,99.50575529197954,100.39880050303167,99.43706454600235,100.29576110839844,0.009070992925815258,0.009030098584962811
2014-08-27,100.37305531256975,100.41599276749396,99.85783861015827,100.0467529296875,-0.00248273881128247,-0.00248582591799666
2014-08-28,99.63458696778557,99.8063302556779,99.18806752193859,99.53154754638672,-0.005149646222530224,-0.005162951348087936
2014-08-29,99.74620249648275,100.30435005826143,99.30826538602899,100.08967590332031,0.00560755228560561,0.00559188849402597
2014-09-02,100.4503667812821,100.89688628907932,100.03818938449142,100.63927459716797,0.005491062778328226,0.005476041855243457
2014-09-03,101.12010757414036,101.15445622230453,99.84064499753045,100.00379943847656,-0.006314385325560501,-0.006334405377290229
2014-09-04,100.27857162698,100.88824532788436,99.36835547511349,99.61737823486328,-0.00386406522335192,-0.0038715500107362947
2014-09-05,99.41991050902115,99.9694759150976,98.89610495770822,99.93512725830078,0.003189694700540757,0.0031846184160668175
2014-09-08,99.83207084819215,100.2957678090252,99.46283103964001,100.08967590332031,0.0015464897004640044,0.0015452951167162336
2014-09-09,99.91796375530059,99.94372361201052,98.75013554131375,98.90470123291016,-0.01183912985745661,-0.01190977045774866
2014-09-10,98.88751660605134,99.5487101924222,98.5010991544297,99.48860168457031,0.005903667311881744,0.005886308953161574
2014-09-11,98.8960964323909,100.23566772664415,98.870336579848,100.13262176513672,0.006473305179303557,0.006452443321049022
2014-09-12,100.08110294359825,100.08968519363108,98.72436058611726,99.06784057617188,-0.01063370927670615,-0.01069065119213087
2014-09-15,99.05925654615359,99.0936052019471,97.6424056135183,97.98588562011719,-0.010921353990983484,-0.010981429783906257
2014-09-16,97.70249654338996,98.54402208057196,97.37619419906859,98.26065063476562,0.0028041285018709505,0.0028002042678693492
2014-09-17,98.31218809438649,99.1537137835967,98.05458300275282,98.51828002929688,0.0026218979099665862,0.002618466731798788
2014-09-18,98.95623787283321,99.20526078251937,98.67287284921754,99.11939239501953,0.0061015312644912,0.006082992295120443
2014-09-19,99.5143499156628,99.53152751666349,97.55652268703913,97.86565399169922,-0.012648770064326076,-0.01272944678589511
2014-09-22,97.41058095745865,97.48786053581989,96.21699275962602,96.49177551269531,-0.014038413099660474,-0.014137883657329875
2014-09-23,96.08817174622635,96.70643448089142,95.4784978138029,95.59012603759766,-0.009344314272453524,-0.009388246267488446
2014-09-24,95.70635288716562,96.5329656616918,95.23276957238451,96.4554672241211,0.00905262104354887,0.009011891690063285
2014-09-25,96.20575063042055,96.29185488152295,94.50085755352683,94.82805633544922,-0.016872147691643802,-0.017016103906562562
2014-09-26,95.18974035082559,95.76664627553708,94.88836550509846,95.6805419921875,0.00898980417485995,0.00894963643920808
2014-09-29,94.56115812848871,95.878572596778,94.47505385285359,95.60303497314453,-0.0008100604096630271,-0.0008103886858910353
2014-09-30,95.5083056780245,95.60302233950716,94.12200534468826,94.15644836425781,-0.015131178725582006,-0.015246823049957748
2014-10-01,94.10477902560723,94.1908832824581,92.50321488471279,92.82180786132812,-0.014174711622155,-0.014276132394473317
2014-10-02,92.81321840110986,94.09618988244053,92.08132218300855,93.7087173461914,0.009554968873136893,0.009509608871418964
2014-10-03,94.50087630187632,94.99167785679833,93.9239704787694,94.4147720336914,0.007534567834192041,0.007506324755510597
2014-10-06,94.67309228871423,94.77642136026853,93.43317627673808,93.60538482666016,-0.008572675542153796,-0.008609632288843098
2014-10-07,93.01123929653478,93.42454894736188,92.00380564489465,92.06407928466797,-0.01646599225938128,-0.016603063468562034
2014-10-08,91.85742058786663,93.88951252667934,91.06525093560636,93.82923889160156,0.019173163090846934,0.018991674141800648
2014-10-09,93.76038051677108,93.76899291556074,91.28054178152176,91.29776000976562,-0.026979637815888968,-0.027350269796078484
2014-10-10,91.07389842748915,92.03828359925902,90.05785199325653,90.18701171875,-0.012166216245577233,-0.012240830453749121
2014-10-13,90.27306339161309,91.36660765143915,89.42923260636086,89.8253173828125,-0.0040104925204247355,-0.0040185561120897086
2014-10-14,90.60892922420075,92.12438311204264,90.29033612709617,90.8758544921875,0.01169533423297442,0.011627472410211333
2014-10-15,89.71339525612912,92.13295966476468,89.1537077386914,91.78853607177734,0.010043169164019261,0.009993071686319384
2014-10-16,90.54000892344445,93.48481786534697,90.36779384040898,92.82180786132812,0.011257089760564165,0.011194200254061572
2014-10-17,93.99286165690725,94.0445229067741,92.16742085270438,92.5462875366211,-0.0029682714768780594,-0.0029726855315640485
2014-10-20,92.14160241681762,93.6312255859375,92.13299001758887,93.6312255859375,0.01172319363850316,0.011655009378116641
2014-10-21,94.13926641996525,95.22419239252687,93.86372872655228,95.17253112792969,0.016461447902094806,0.016327427053314778
2014-10-22,95.40498546632239,95.6288552448676,93.73453510865828,93.81202697753906,-0.014295134680844535,-0.014398294420363188
2014-10-23,94.7506007134713,96.0766277093955,94.51811192032311,95.47388458251953,0.017714760660467954,0.017559683051284945
2014-10-24,95.50832960543745,95.85275331808602,95.09502640572789,95.63748931884766,0.0017136072030956573,0.0017121406534267622
2014-10-27,95.07778145371996,95.65468727275385,94.29422407863439,95.58580780029297,-0.0005403897459330675,-0.0005405358090948826
2014-10-28,96.0163496822071,98.34119809182869,95.83552872317748,98.30675506591797,0.02846601737477461,0.02806838860708579
2014-10-29,98.47033411629675,98.92669260353053,97.28207957014088,98.07424926757812,-0.002365105004065504,-0.002367906282655938
2014-10-30,97.72123115957974,99.34862626684726,97.41986291181449,98.90949249267578,0.008516437610639693,0.008480377347857995
2014-10-31,100.66604460885617,100.70909346062429,99.77915154721185,100.36466979980469,0.014712210834937345,0.014605036166569935
2014-11-03,100.52825505204787,101.06211196203817,99.79635900579265,100.19244384765625,-0.001716001781224108,-0.0017174757987999062
2014-11-04,99.79638696889268,100.3130192304614,99.26252990931481,99.72750091552734,-0.0046404989665274066,-0.004651299508077774
2014-11-05,100.45939283038138,100.51966648214032,99.49501440223808,99.90831756591797,0.0018131072044389462,0.0018114655096511155
2014-11-06,99.8652598962858,100.33883666992188,99.50361144831956,100.33883666992188,0.004309141766098312,0.00429988400053926
2014-11-07,100.21828260114926,100.49382019042969,99.62415200547125,100.49382019042969,0.0015446015286946224,0.001543409858699112
2014-11-10,100.46800335772258,101.0104662134494,100.27857000734124,100.99324798583984,0.004969736392384849,0.0049574280152291745
2014-11-11,100.84683936054775,101.1223769037733,100.63157544961113,101.06210327148438,0.00068178107960426,0.0006815487724664176
2014-11-12,100.47660168173552,101.6734686976711,100.45077105927183,101.51847839355469,0.004515788879282834,0.004505623296941815
2014-11-13,101.55290835781372,101.81983351473541,100.41631513019,100.65740966796875,-0.008481891565078947,-0.008518067512896802
2014-11-14,100.69186459106551,100.92434676017875,100.20106306130715,100.47660064697266,-0.0017962812831416874,-0.0017978965309485275
2014-11-17,100.39050235409765,100.68326477068801,99.60694491577573,99.64138793945312,-0.00831250960065888,-0.008347251168962027
2014-11-18,100.02023022199704,100.84684288052593,99.6671942424586,100.21826934814453,0.005789576205441405,0.005772881016839452
2014-11-19,100.09774917294118,100.09774917294118,98.47896643299752,99.15058898925781,-0.010653550154390956,-0.010710705520663435
2014-11-20,98.69423104131451,100.27857076680247,98.69423104131451,100.2613525390625,0.011202793257486743,0.011140506726148977
2014-11-21,101.67346534918921,101.70790836778455,100.02023987261721,100.38188171386719,0.0012021498987631052,0.0012014278951533377
2014-11-24,100.51964911886216,101.64763664884428,100.38188361121092,101.57875061035156,0.01192315661003418,0.011852635778754556
2014-11-25,101.79403736665054,102.27622660549434,101.19990664783535,101.65626525878906,0.0007630990534117643,0.0007628080413670385
2014-11-26,101.66485135338944,102.03510558579903,101.46680564191426,101.99205017089844,0.0033031403549457217,0.003297696970391893
2014-11-28,102.01789127499767,102.05232772503841,100.37327158884776,100.47660064697266,-0.014858506338351729,-0.014969999739029658
2014-12-01,100.15802090598977,100.28718060341349,98.85782467210524,98.90949249267578,-0.015596747344219564,-0.01571965626937407
2014-12-02,99.01280798882156,100.43355142127783,99.00420216044802,100.09774017333984,0.012013484759837878,0.011941895637998502
2014-12-03,100.12354920374743,101.35485903707823,99.89967289696004,101.06210327148438,0.009634214483509096,0.009588101378278726
2014-12-04,100.90715390695964,101.00187059172252,100.0719285427792,100.57994842529297,-0.004770876823097403,-0.004782293783008034
2014-12-05,100.95878747861384,101.58736107154631,100.70908052083705,101.33765411376953,0.0075333672400852425,0.007505133139003877
2014-12-08,100.97604249342604,101.92320942641143,99.75334445000038,100.07193756103516,-0.012490091307159945,-0.012568748137869856
2014-12-09,98.98694331275769,101.83703502559017,98.79751004435207,101.75093078613281,0.016777862665781074,0.016638669084290656
2014-12-10,101.3807206020873,101.74236907554842,99.5036184629552,99.58972930908203,-0.021240115056965325,-0.021468932169468276
2014-12-11,100.06330883598464,101.32906210416571,99.77055297306855,99.9858169555664,0.003977193725018591,0.0039693055982104476
2014-12-12,98.83197926798164,99.87385595122524,98.67698896811615,98.7717056274414,-0.012142835505005167,-0.012217162034764995
2014-12-15,99.24528506094086,99.65858813160489,97.43706934578448,97.77288055419922,-0.010112461528301142,-0.010163939809520987
2014-12-16,97.57482768458917,99.31415723719641,97.32512075344586,97.63510131835938,-0.001409176400029133,-0.001410170222849831
2014-12-17,97.85040225870895,100.73493851371943,97.72124254623532,100.64883422851562,0.03086730970175733,0.03040049617193776
2014-12-18,102.00064056446574,102.24173506949933,101.14819740185912,102.14701843261719,0.014885261370241487,0.014775563118927115
2014-12-19,102.16430598568112,102.87898411417699,101.72516554211496,102.37957000732422,0.002276635953504913,0.0022740483444907995
2014-12-22,102.6378555231407,103.07699584960938,102.2934384358204,103.07699584960938,0.006812158345998798,0.006789060433757474
2014-12-23,103.70556016890629,103.70556016890629,102.85311021741428,103.20614624023438,0.0012529506662517509,0.0012521663786131767
2014-12-24,103.39199773796558,103.77227636766582,103.07222397555152,103.50435638427734,0.002889461092257184,0.0028852946235253074
2014-12-26,103.83275960120575,104.4291043488898,103.77226133649987,104.178466796875,0.006512869952013389,0.0064917528535274015
2014-12-29,104.25625124128582,104.90444978403053,104.23896884809191,104.61924743652344,0.004231014845974546,0.0042220892699674295
2014-12-30,104.3945230062752,104.78343944314877,103.94510171665414,104.00559997558594,-0.005865531209348629,-0.005882801001648782
2014-12-31,104.40317147030876,104.93037342983388,103.31419617429438,103.38333892822266,-0.00598295714374375,-0.006000926741909285
2015-01-02,103.77226380862479,104.19575167165462,101.88816647085045,102.78700256347656,-0.0057682056986002594,-0.005784906048759421
2015-01-05,102.18198213819306,102.59682535451044,100.93743930161283,101.41278076171875,-0.01336960673514298,-0.013459784590852947
2015-01-06,101.65481155884777,101.78444598263663,98.8373069244196,99.65835571289062,-0.017299841653591552,-0.01745123247974174
2015-01-07,100.30651983584441,100.91150884608845,99.80525151672242,100.88558197021484,0.012314333791135113,0.012239129150036616
2015-01-08,101.68935855734706,102.71782877112976,101.50785721992386,102.59683227539062,0.016962288086725952,0.016820034851576286
2015-01-09,102.68324292968892,102.70916980457683,101.38684643478476,101.61155700683594,-0.009603369292241037,-0.009649779008562398
2015-01-12,101.72394320484108,101.99186972101587,100.45347975139246,101.27452850341797,-0.003316832389403279,-0.003322345271532358
2015-01-13,102.06101459570729,103.18456133594329,100.09913664071688,101.3523178100586,0.000768103370019535,0.0007678085295949732
2015-01-14,100.23738653505156,101.20535842873561,99.86575258477957,100.94608306884766,-0.0040081445593800336,-0.00401619869942671
2015-01-15,101.31775157017141,101.44738599741589,98.94102369471757,99.24351501464844,-0.016866113101565605,-0.017009965771483303
2015-01-16,98.88052744566231,101.06711608062629,98.69902605618901,100.85968780517578,0.01628492088665734,0.016153743785602033
2015-01-20,100.98931655716248,101.18810031519327,99.52871387612768,100.43618774414062,-0.004198903152002664,-0.004207743300472393
2015-01-21,100.08186740018184,100.96341460302928,99.64109050184952,100.1164321899414,-0.0031836687690077747,-0.0031887474244589598
2015-01-22,100.73867356389286,102.19063826769502,99.47684811558382,102.15606689453125,0.020372626750424283,0.02016788092650353
2015-01-23,102.19065211981194,102.64871133714595,101.59431398489416,102.08694458007812,-0.000676634453091185,-0.0006768634734972988
2015-01-26,101.87950006381361,103.08082722877741,101.17944790699998,103.07218933105469,0.009651035742417768,0.009604761985201082
2015-01-27,101.86222575874616,103.06355301905208,101.65480410208309,102.5795669555664,-0.004779391790214582,-0.004790849605325938
2015-01-28,103.00305303230284,103.2364015679053,100.53125580301834,100.85103607177734,-0.016850635414924264,-0.016994222681946246
2015-01-29,101.13621348666094,102.2597598030817,100.33244736031409,102.24247741699219,0.013796996039034504,0.013702683981130694
2015-01-30,101.53380356240503,101.94864685929083,99.9089819671256,99.99540710449219,-0.02197785469668745,-0.022222965744259186
2015-02-02,100.35839317532167,100.98065805829754,98.85456824180633,100.9115219116211,0.009161568852573243,0.009119856255643719
2015-02-03,101.40416286618492,102.84748310540049,101.35230250855582,102.71784210205078,0.017900039125479328,0.017741719913605354
2015-02-04,102.34620808852283,103.05490476726517,102.06964369178961,102.33757019042969,-0.003702101833908178,-0.003708971573126372
2015-02-05,102.64870227078137,103.9278167629893,102.50177887325795,103.65989685058594,0.01292122392290218,0.012838457112279222
2015-02-06,103.79818392836525,104.42045553606468,103.14998543598101,103.54754638671875,-0.0010838373110589883,-0.0010844250874584528
2015-02-09,103.19320518817442,103.90190196942108,102.60550493588575,102.72650146484375,-0.007929158637990708,-0.007960761583711291
2015-02-10,103.30555168159937,103.57347161080146,102.06965297884939,103.38333892822266,0.006394041011935858,0.006373685853440782
2015-02-11,103.16727588613765,103.55619234956255,102.51907738455205,103.23641204833984,-0.0014211852838765804,-0.0014221961255244954
2015-02-12,103.85002989601531,104.50686619636745,103.57345891420583,104.41179656982422,0.011385367799628732,0.011321042285639698
2015-02-13,104.49822546837636,105.17235073374154,104.27351484864965,105.03406524658203,0.005959754522006255,0.005942065431986479
2015-02-17,105.14644451037859,105.49214510856362,104.8007373183773,105.36251068115234,0.0031270372502409938,0.003122158237848386
2015-02-18,105.05999600326065,105.48349037795063,104.6883619850764,105.47484588623047,0.0010661781344416532,0.001065610170199329
2015-02-19,105.23288292685857,105.7687228778896,105.04274361759579,105.4835205078125,8.224351037577904e-05,8.22401285636997e-05
2015-02-20,105.31064046182962,105.9069851473829,104.4895917272462,105.7686996459961,0.0027035420965351165,0.002699894100129962
2015-02-23,105.526698871567,105.89833288701365,104.80935772182801,105.87240600585938,0.0009805014168688952,0.000980021039336245
2015-02-24,105.84647641354714,106.34775141574063,105.60448340388545,106.01068878173828,0.0013061266962353102,0.0013052744547715036
2015-02-25,105.93290722822564,106.33911262786553,105.63906044182295,106.1316909790039,0.0011414150653690225,0.001140764146458646
2015-02-26,106.03660576170572,106.56380759516512,105.72547003724395,106.52059173583984,0.0036643226283172847,0.003657625353818597
2015-02-27,106.33046762246036,106.6156765094023,105.91562432674051,105.9415512084961,-0.005435949217966307,-0.005450777752437327
2015-03-02,105.91564766646366,106.97868961558758,105.89835867893991,106.71076965332031,0.007260781403043426,0.007234548832524205
2015-03-03,106.46874169162973,106.46874169162973,105.6649754743834,106.07981872558594,-0.005912720241679437,-0.005930269582428675
2015-03-04,105.62177043602343,105.96747757665794,105.10321302197927,105.75141143798828,-0.003095850761653418,-0.0031006528211568185
2015-03-05,105.89831816800503,106.23538076379195,105.36247844845363,106.06253051757812,0.0029419851268110975,0.0029376659577816577
2015-03-06,105.42296661603571,106.03659350339325,104.47227057129936,104.72290802001953,-0.012630497226695625,-0.012710940029645172
2015-03-09,104.89578983889734,105.37113138071996,104.67972370339203,105.18099212646484,0.004374249293743304,0.004364710073137431
2015-03-10,104.23893579954601,104.31671643498339,103.56481058383092,103.97101593017578,-0.011503753404742967,-0.011570433449734503
2015-03-11,104.11794992155306,104.69700557935107,103.60803041547808,104.61058044433594,0.006151373134505755,0.006132530670655435
2015-03-12,105.28471468831022,106.43418820389316,105.21557193688815,106.34776306152344,0.016606184668976898,0.016469809692050287
2015-03-13,106.25270772192289,106.46877390382443,104.75752684188494,105.96749877929688,-0.0035756678963390076,-0.0035820758765578503
2015-03-16,106.39962055050543,106.80582598705128,106.2008367816666,106.58975982666016,0.005872187741821522,0.005855013647589919
2015-03-17,106.27858683146485,106.9786388360979,106.10573000736103,106.87493133544922,0.0026754118712042363,0.002671839327462613
2015-03-18,106.65023734033822,108.13677328965254,106.17488924242447,107.7305679321289,0.008005961603793743,0.007974083921165453
2015-03-19,107.47993676778306,107.998494163592,107.43672090404272,107.93799591064453,0.0019254328877789106,0.0019235816178260435
2015-03-20,108.34420284943539,109.03561711632922,108.30098698507386,108.88868713378906,0.008807753146830244,0.008769191153343701
2015-03-23,108.85413840311969,109.1739187219912,108.71585947726747,108.79364013671875,-0.0008728822026620175,-0.0008732633861668872
2015-03-24,108.69856506832164,109.16526878319877,108.60350202056195,108.76770782470703,-0.00023836238937435805,-0.00023839080220381515
2015-03-25,108.8223066133753,108.88298954436453,106.0915614909725,106.16958618164062,-0.023886884214325943,-0.02417680196323289
2015-03-26,105.84019068627569,106.5510575399306,105.36339797495147,106.03958129882812,-0.0012245021148531432,-0.0012252524301387614
2015-03-27,106.09155771242473,106.82843035183413,105.6407711859803,106.71572875976562,0.006376368641366703,0.006356125608631089
2015-03-30,107.25321580340446,108.35417945264832,107.23587404354289,108.16345977783203,0.013566238406387932,0.01347504087335163
2015-03-31,107.73867910500631,108.1114475741842,107.40925842147793,107.81670379638672,-0.0032058514229994506,-0.003211001173842067
2015-04-01,107.69534696750411,107.86005401611328,106.54236455751969,107.86005401611328,0.00040207331702912796,0.0004019925072132494
2015-04-02,107.80802277156981,108.5882365422372,107.74733984573695,108.0594253540039,0.0018484260897999594,0.0018467198525406584
2015-04-06,107.41791050850284,108.77894740409431,107.39189787329798,108.53620910644531,0.004412236608509312,0.004402531230375527
2015-04-07,108.33683908207792,108.79629648709931,107.81669874835453,107.84270477294922,-0.006389612639003728,-0.006410113589254737
2015-04-08,107.82535914537993,108.93500019517298,107.82535914537993,108.7702865600586,0.008601247428486669,0.008564467451797871
2015-04-09,108.6749460374055,108.99570248541698,107.29656701297442,108.38019561767578,-0.0035863741350669054,-0.0035928205923388707
2015-04-10,108.74430968029442,109.04772439423492,108.55358997040476,108.90035247802734,0.004799371853751566,0.004787891586051979
2015-04-13,108.96100126247927,109.56783050012453,108.86564143742893,108.96966552734375,0.0006364814046895262,0.0006362789363072868
2015-04-14,109.00433984371222,109.29909019068069,108.17211407441576,108.94365692138672,-0.00023867748727290916,-0.00023870597527742834
2015-04-15,109.3684666454182,110.20935685354969,109.16040519954083,109.70655822753906,0.00700271431775823,0.006978309182403477
2015-04-16,109.63719551434916,109.87992723422934,109.36845776933085,109.64586639404297,-0.0005532197388802285,-0.0005533728213814163
2015-04-17,108.46688608637321,108.83965457338383,107.33990974500796,107.86872100830078,-0.016208047272439075,-0.016340834439307592
2015-04-20,108.40619783833634,109.18640506756127,108.21547816401257,108.92633819580078,0.009804669765377305,0.009756915877793938
2015-04-21,109.2731008204854,109.44647873528072,108.72694782238749,108.81363677978516,-0.0010346571626509427,-0.001035192789865284
2015-04-22,108.81365698709963,109.12574258284208,107.90341284447143,108.9783706665039,0.001513908473182779,0.001512763669023687
2015-04-23,108.77895494499853,109.69786970100222,108.58823529059563,109.47247314453125,0.004533949948099414,0.004523702559456913
2015-04-24,109.51582853890682,109.62852351800521,108.96101129513383,109.10838317871094,-0.003325858595882969,-0.0033314015570652445
2015-04-27,109.41179794686072,110.01863385499668,107.53062052092004,107.90338897705078,-0.011044011161694844,-0.01110544901866353
2015-04-28,107.96405910233707,108.68358990436282,106.84575386657167,108.50154113769531,0.005543404765273374,0.005528096643763219
2015-04-29,107.90337875626629,108.2761471770878,107.17517705826823,107.32255554199219,-0.010866072346446431,-0.010925539284283062
2015-04-30,106.68105972299776,107.01048703002373,104.60049823035047,105.05128479003906,-0.021163032695996953,-0.021390180141521633
2015-05-01,105.3460271550709,105.90085104142742,104.81722252281725,105.73613739013672,0.006519221554181165,0.0064980633363007235
2015-05-04,105.87482303168844,106.93244537055058,105.58875017090095,106.11756134033203,0.0036073187427678732,0.003600827973344673
2015-05-05,106.06556734867567,106.29963483296086,104.27107862958054,104.76521301269531,-0.01274386925741322,-0.012825768915604994
2015-05-06,104.99059434604055,105.32001501555713,104.23638655984615,105.1292953491211,0.0034752216499733812,0.0034691970211274538
2015-05-07,105.01659251041761,105.96151989232169,104.52245823615631,105.52806854248047,0.0037931690879797753,0.0037859931627222494
2015-05-08,106.56838875402602,106.84579745649522,106.10893121061878,106.31698608398438,0.00747590240587348,0.007448096345086361
2015-05-11,106.28230280287254,107.20122444858664,106.14360176691905,106.3776626586914,0.0005707138336210615,0.000570551038417823
2015-05-12,106.06558478806271,106.55971925242346,104.78257200275019,106.18695068359375,-0.0017927821530497878,-0.001794391110268028
2015-05-13,106.42101820636452,106.81112192572212,105.76217004923511,106.18695068359375,0.0,0.0
2015-05-14,106.69840358327845,107.3745867430912,106.15225055885752,107.31390380859375,0.01061291540763798,0.010556993734279518
2015-05-15,107.11452595474229,107.25323360087785,106.57705036082848,107.19255065917969,-0.001130824106730044,-0.0011314639707381401
2015-05-18,106.97579060971559,108.50154115809428,106.77640008583703,108.40618133544922,0.011321968446560193,0.011258354666968222
2015-05-19,108.1894571334701,108.40618280351796,107.76467005813764,108.25880432128906,-0.0013594890286202643,-0.0013604139722252298
2015-05-20,108.51024112570036,108.76164377594306,107.79071008679314,108.4582290649414,0.0018421110865078916,0.0018404164806626955
2015-05-21,108.34549338795186,108.77027382388715,107.91204207383034,108.33682250976562,-0.0011193853728064251,-0.0011200123525444885
2015-05-22,108.1548005338088,108.57091019459881,107.49595252129016,107.86872100830078,-0.004320797773283869,-0.004330159396167704
2015-05-26,107.44393308467873,107.53062204022491,106.21292610572688,106.83709716796875,-0.009563697712264951,-0.009609723555807583
2015-05-27,106.94110123638926,108.25012596497892,106.44696703756215,108.1460952758789,0.012252280739640131,0.012177829066286302
2015-05-28,107.8860294871266,108.11142602247358,107.29653543510216,108.05074310302734,-0.0008816977867607267,-0.0008820867108801446
2015-05-29,108.02474472547333,108.1287754292883,106.90643946174723,107.40057373046875,-0.00601725961235311,-0.006035436271439305
2015-06-01,108.09411129808348,108.27616009080965,106.65504948804303,107.73867797851562,0.003148067429280088,0.003143122639979293
2015-06-02,107.32256711969166,108.63158555923494,107.0451584938478,107.94673156738281,0.0019310946892134861,0.001929232522825152
2015-06-03,108.15480276663084,109.16907752643266,107.8600523547044,109.0217056274414,0.009958375250922469,0.009909117381055568
2015-06-04,108.43222578442804,108.90035418496443,107.56532280875582,107.9294204711914,-0.010018969616772067,-0.01006949726614283
2015-06-05,107.69533531962621,108.81363408607622,106.90645061476648,108.70960998535156,0.0072287010414218145,0.007202699213150273
2015-06-08,108.60559215959047,108.90034257915798,107.99009190613212,108.20681762695312,-0.0046250957800896275,-0.004635824629663618
2015-06-09,108.11146414139957,108.24150090433169,107.06251238458427,107.87740325927734,-0.0030443032601832343,-0.003048946577525256
2015-06-10,108.30218485109746,109.64588705730233,108.23283102836356,109.22109985351562,0.012455774366470163,0.012378839406519822
2015-06-11,109.37712351829694,109.69787993188443,109.15173355474796,109.49848937988281,0.0025397064004959446,0.002536486796276396
2015-06-12,109.16039650310576,109.35978705270082,108.73561599268206,109.1690673828125,-0.0030084615681541527,-0.0030129960855556364
2015-06-15,108.45819859167585,109.0563635781173,107.4439240081869,108.82229614257812,-0.0031764605904196497,-0.0031815162502691697
2015-06-16,108.69226191975032,109.7932320907938,108.64024987240566,109.59384155273438,0.0070899570906441944,0.007064941514846773
2015-06-17,109.87125382866442,110.06197349388384,109.20374161433959,109.42913818359375,-0.0015028524122076004,-0.0015039828276009937
2015-06-18,109.94062656846214,111.17163372487285,109.87127274844998,110.89421844482422,0.013388392575772956,0.013299560052663329
2015-06-19,110.8075090705011,111.10225944429946,110.6167894075627,110.8421859741211,-0.00046920814658168997,-0.0004693182591692618
2015-06-22,111.32764916371104,111.6917467300436,111.0935817182522,111.60506439208984,0.006882563811461351,0.006858987086210344
2015-06-23,111.55304707270028,111.90848039895562,111.31031534449835,111.83912658691406,0.002097236322555318,0.00209504019245883
2015-06-24,111.62241371311893,111.91717075514276,110.72951138972573,110.89421844482422,-0.00844881546312437,-0.008484709019499855
2015-06-25,111.26696932618208,111.32764563803951,110.31337104368747,110.83351135253906,-0.0005474324372948258,-0.0005475823331392551
2015-06-26,111.0502525553436,111.25830075884348,109.9406114297782,110.53010559082031,-0.00273749119752853,-0.0027412449787505852
2015-06-29,109.7758982178154,110.15733756292364,107.59130609115778,107.73867797851562,-0.025254907677718874,-0.025579285938690174
2015-06-30,108.51890952877888,108.64027541040777,107.74736644673325,108.24150085449219,0.004667060014202473,0.0046562030565577995
2015-07-01,109.03033164334569,109.36842972527667,107.5479290650981,108.56221008300781,0.0029629044865771004,0.0029585237361091166
2015-07-02,108.65713372906541,108.78772211281516,107.40350251427058,107.76043701171875,-0.00738537904373926,-0.00741278597933182
2015-07-06,107.0291485426737,108.39595940335658,106.92467651132183,107.7256088256836,-0.0003232001187167821,-0.00032325235913152676
2015-07-07,107.84748840332031,107.94325277054887,105.80162596543911,107.84748840332031,0.0011313890816244676,0.0011307495433297684
2015-07-08,106.90726963176573,107.3860848390426,105.5839837803075,106.20209503173828,-0.015256668430039921,-0.015374248852490995
2015-07-09,107.38609168066769,107.54279641932409,106.44586324872928,106.58515930175781,0.0036069370374007814,0.0036004476398889965
2015-07-10,107.81266305265011,108.24795321027612,107.39478822084952,108.06513214111328,0.013885355607204719,0.013789837245698398
2015-07-13,108.62229271027046,109.37969990383093,108.60488402809669,109.283935546875,0.011278414985605112,0.011215287869079152
2015-07-14,109.22300575971809,110.12841008632162,109.17077306614505,109.89335632324219,0.005576490024060243,0.005560998967364686
2015-07-15,109.9629861333372,110.11098981955973,109.05758190197585,109.31005096435547,-0.005307921956364425,-0.005322059021929528
2015-07-16,109.78887641305009,110.33733958219855,109.66699570879489,109.9629898071289,0.00597327361036859,0.005955504336933617
2015-07-17,109.96299179913287,110.02393215236442,109.13594319927601,109.48417663574219,-0.004354312048322262,-0.004363819674514905
2015-07-20,109.5015925987097,109.57124061903345,108.61360358658472,108.8921890258789,-0.005407060892761217,-0.005421731955294158
2015-07-21,108.88347820878178,109.51900475232512,108.0477219151088,108.3785400390625,-0.0047170416116286695,-0.0047282019621339546
2015-07-22,108.02160634002162,108.90088766991364,107.8474862930128,108.77900695800781,0.003695075785307367,0.0036882657633205444
2015-07-23,108.81384405338898,109.16207754728458,107.34256767073224,107.57762145996094,-0.011044277123348323,-0.011105717950438293
2015-07-24,107.49927319393474,107.69950297103226,105.76681337573486,105.84516906738281,-0.01610420800410539,-0.016235289981139843
2015-07-27,105.45338126466285,105.61879363442384,104.70468173269215,104.96585845947266,-0.00830751762841786,-0.008342217365747752
2015-07-28,105.27056921200366,106.04538515448925,103.89505073177058,105.86256408691406,0.0085428313606144,0.008506547872821969
2015-07-29,105.65363873514265,106.4981027927349,105.31411290773978,106.15857696533203,0.0027961997800747262,0.0027922976858006697
2015-07-30,105.88869346218598,106.59386811474285,105.34893785588488,106.4632797241211,0.0028702603925123693,0.0028661490603357266
2015-07-31,106.60256434347434,107.66467346450678,106.40233457659187,107.04656219482422,0.005478719725849013,0.005463766133761458
2015-08-03,107.10748248107801,107.22066215958287,105.74067181313399,106.51548767089844,-0.00496115440829592,-0.004973501789933819
2015-08-04,106.55030880352882,107.04653924559364,105.87125731880852,106.26301574707031,-0.0023702836962845586,-0.002373097265535841
2015-08-05,106.72442759001828,107.54277513459108,106.13243940781676,106.50678253173828,0.0022939946034299386,0.00229136741488009
2015-08-06,106.61997495500717,106.78538734450831,104.27811172259986,105.07034301757812,-0.013486836049451667,-0.013578609512656468
2015-08-07,104.59153374386105,104.85271053319515,103.66001293683856,104.36518096923828,-0.00671133288507364,-0.0067339551534819925
2015-08-10,104.75691897143822,105.79290491178058,104.73950364760057,105.56655883789062,0.011511290044200262,0.01144553924819674
2015-08-11,104.88750841891864,105.4185562454701,104.1649252381683,104.6611557006836,-0.008576609365446686,-0.008613600134998083
2015-08-12,104.09528013062886,104.76562400002933,102.70235306031607,104.46092224121094,-0.0019131592626905336,-0.0019149916893951506
2015-08-13,104.55669159468076,104.98327407740445,103.93858038526463,104.1126937866211,-0.0033335762993337292,-0.0033391450441400614
2015-08-14,104.02565082238759,104.8962312281299,103.61647696896848,104.7830581665039,0.006438834262195936,0.0064181935230220154
2015-08-17,104.49575988174156,105.93221880872846,104.1214100600662,105.88868713378906,0.010551600484195456,0.010496320866752673
2015-08-18,105.74068021081393,105.74068021081393,104.92233262063328,105.04421997070312,-0.007975046116295292,-0.008007016888946776
2015-08-19,104.38259144802478,104.9049383604233,103.37271499431981,103.95600891113281,-0.010359552004611139,-0.010413585663767556
2015-08-20,103.02446447753617,103.25952486656568,101.32683563232422,101.32683563232422,-0.025291210256601415,-0.025616529783461992
2015-08-21,100.22990185045987,101.56189521302518,99.56826564231002,100.1428451538086,-0.011684865821842805,-0.01175367037296157
2015-08-24,95.337235985474,100.04707123695897,94.24901077629545,96.23393249511719,-0.039033369310485844,-0.03981559414280122
2015-08-25,99.28968031714882,99.33320534451352,95.38077020658807,95.49394989013672,-0.007689414594150734,-0.007719130572885987
2015-08-26,97.35698076023075,98.10568022821676,95.25887938920036,97.92285919189453,0.02543521662421755,0.025117124057229687
2015-08-27,98.63675862672348,100.22121463522932,97.81841095307723,99.67274475097656,0.017870041515565482,0.01771224938527676
2015-08-28,99.55956867675805,100.72614314962273,99.42898029675057,100.65650177001953,0.009869869857610514,0.009821480827221908
2015-08-31,100.20376820851314,100.96988294759831,99.90777416259318,100.29082489013672,-0.0036329186237598066,-0.0036395336988359742
2015-09-01,98.47134732469972,99.35063536836309,97.15676909098534,97.4179458618164,-0.028645482091381735,-0.029063771343683358
2015-09-02,98.73251836791565,99.22004122705049,97.57464493546956,99.16780853271484,0.017962426280067056,0.01780300809556005
2015-09-03,99.31582550527176,100.22993104940736,98.85441890080301,99.01112365722656,-0.0015799973580801208,-0.0015812468702299269
2015-09-04,97.96640462598123,98.98498202999735,97.74875954091792,98.26240539550781,-0.00756196106117113,-0.007590697650357188
2015-09-08,99.73366802116466,100.61295590438897,99.34190957840136,100.50848388671875,0.022857963655280367,0.02260063437319866
2015-09-09,101.13529414289242,101.35293917977151,99.25484447809684,99.3506088256836,-0.011520172390026007,-0.011587043651039056
2015-09-10,99.02852106808331,100.36050802500411,99.01111238246402,99.80333709716797,0.0045568746566888585,0.00454652353729394
2015-09-11,99.38545609354028,100.29085381394027,98.95016591788603,100.27344512939453,0.004710343821157759,0.004699284865758363
2015-09-14,100.56945060592285,100.58686593443419,99.62052110410826,99.81204986572266,-0.0046013704134377775,-0.004611989305102508
2015-09-15,99.9948456113548,101.15271890973912,99.88167257273079,100.93507385253906,0.011251386864884694,0.011188560825851113
2015-09-16,100.9437696396387,101.8752901704847,100.80448026409147,101.80564880371094,0.00862509847115911,0.00858811481563687
2015-09-17,101.78822756708726,103.50327149199924,101.57929019490489,102.15386962890625,0.003420446991764692,0.0034146105679518767
2015-09-18,100.77836953855434,101.71859114140396,100.46496012360444,100.74354553222656,-0.013805880303927487,-0.013902067797524488
2015-09-21,101.45745739565402,102.11910046886028,100.18641059844362,100.56076049804688,-0.001814359750930361,-0.0018160076951940953
2015-09-22,99.63792742465536,99.88169552401364,98.41912013787183,99.0372314453125,-0.015150333442078168,-0.015266272241926133
2015-09-23,99.26358077141354,99.61181428256742,98.43653199417462,98.7412338256836,-0.0029887509506195675,-0.002993226185875481
2015-09-24,98.19276342409874,98.74122668113013,97.39183105579858,98.57582092285156,-0.0016752160817035122,-0.001676620825215533
2015-09-25,99.37383292302654,99.45241348207931,96.85063561794315,97.2784423828125,-0.013161224810437355,-0.01324860123029071
2015-09-28,96.95537111274344,97.04267763145285,94.18770717612617,94.55440521240234,-0.028002475200933574,-0.028402021027958402
2015-09-29,94.51077413415985,95.26162238764877,93.41069305050316,93.88215637207031,-0.0071096511983965716,-0.007135045201731266
2015-09-30,94.71157603241586,95.54099809555828,94.21392146231811,95.3401870727539,0.015530434717596187,0.015411071769014602
2015-10-01,95.48861763455677,95.75926989383113,93.7948428637288,95.17430877685547,-0.0017398570423599047,-0.001741372351493077
2015-10-02,94.27503109783639,96.58868408203125,93.52418296147313,96.58868408203125,0.014860893904592665,0.014751552761191822
2015-10-05,97.48796522478732,99.0507701460479,97.38319338883906,98.89361572265625,0.023863371393148425,0.02358309134134707
2015-10-06,98.84124902017888,99.24286446426603,97.59274608399083,98.21263122558594,-0.006886030934293186,-0.006909849049802889
2015-10-07,98.74518243602489,99.96749373530628,98.33483445273907,99.95003509521484,0.01769022831328315,0.017535577433662027
2015-10-08,99.862751403224,101.05887176507832,99.48732725031078,100.84933471679688,0.008997491804033197,0.00895725554482743
2015-10-09,101.03264359501088,101.39933496094578,100.75325874557568,101.05010223388672,0.001990766896515783,0.0019887879460817404
2015-10-12,101.09378890033703,101.26840198528775,100.46517113681487,100.9017105102539,-0.0014684965215507884,-0.0014695758193271182
2015-10-13,100.50007482360516,101.53904045445796,99.46984184355792,99.52222442626953,-0.013671582741346944,-0.01376589945442876
2015-10-14,99.56586509506621,100.18574998190157,98.40466918289613,98.54436492919922,-0.009825538996013461,-0.009874128142641976
2015-10-15,98.82378549066654,100.9017105102539,98.36105482059112,100.9017105102539,0.0239216679994676,0.023640027597070682
2015-10-16,101.10249553706778,101.10249553706778,99.90637556364972,100.77072143554688,-0.0012981848775865945,-0.0012990282495556331
2015-10-19,100.31670767428137,101.46043822601573,100.09843807823684,100.96278381347656,0.0019059343348308833,0.0019041203465159048
2015-10-20,100.91041900937104,101.5390366224302,100.43022314910068,100.82311248779297,-0.001383394161769802,-0.0013843519348936165
2015-10-21,101.20729260158289,101.25968185895238,99.2254066622422,99.2865219116211,-0.015240459635263881,-0.01535778906966216
2015-10-22,99.88890896843493,100.77071340967862,99.2952153541701,100.15956115722656,0.008793129508379849,0.00875469508667723
2015-10-23,100.97154325229478,101.32077603083674,100.1683125243911,101.14615631103516,0.009850234390103463,0.00980203707611365
2015-10-26,100.92786880814339,101.16360372292088,100.34290783764521,100.45640563964844,-0.0068193463453585235,-0.006842704339046549
2015-10-27,100.0460800365668,100.29054765564315,98.74519470366704,99.35635375976562,-0.01095053991707462,-0.01101093841482189
2015-10-28,99.65320448044531,102.27244063814629,99.46112609644398,102.2549819946289,0.029174060089522724,0.028756597152835517
2015-10-29,101.92320948901114,102.24625101840536,100.8929763169849,101.16363525390625,-0.0106727977398694,-0.01073016055859611
2015-10-30,100.89297560258677,101.30332367021755,100.47390154364705,100.70089721679688,-0.004574153903702305,-0.004584647357010542
2015-11-02,100.79692896980998,103.08439746464529,100.7707376756922,102.79627990722656,0.02080798432131714,0.020594455209183928
2015-11-03,102.66532335979745,103.92255884657358,102.49071028043944,103.32886505126953,0.005180976826434147,0.00516760174343549
2015-11-04,103.59078284496856,103.89635903934256,102.75262814280207,103.27647399902344,-0.0005070321078248785,-0.0005071606920701254
2015-11-05,103.23282627444077,103.54713514739875,102.22878441143955,103.35505676269531,0.0007608970429473505,0.0007606077075526956
2015-11-06,103.03198534382925,104.21063986871661,102.40336782094006,104.08840942382812,0.0070954695793608025,0.007070415180422574
2015-11-09,103.9574907551614,104.14956915380075,102.38594627635085,102.86614227294922,-0.011742586495889884,-0.011812075184999632
2015-11-10,102.42956887581013,103.17168426513672,102.11526008439128,103.17168426513672,0.0029702872630019694,0.002965884675601287
2015-11-11,103.29394623190477,103.32013752900272,102.22006308451505,102.27244567871094,-0.008715943650923319,-0.008754149650679761
2015-11-12,101.565244725676,101.70493385111261,100.16832016600118,100.31674194335938,-0.01912248917460535,-0.019307688756565702
2015-11-13,99.91513596230331,100.7009015216716,99.23413559161753,99.59209442138672,-0.007223595064339339,-0.007249811555001146
2015-11-16,99.49605643048021,100.48263304855321,98.9722104975305,100.44771575927734,0.008591257597921231,0.008554562764426064
2015-11-17,100.53502383097134,101.40810261949726,99.92386468236568,100.06356048583984,-0.0038244301578557183,-0.003831761990228915
2015-11-18,100.34292681635505,101.84462311979865,99.98496138215828,101.75731658935547,0.016926802277391628,0.016785140314301818
2015-11-19,101.6612724158952,101.84461811914186,101.05011341067866,101.32949829101562,-0.0042043001199246754,-0.004213163039980803
2015-11-20,101.6962030756041,102.46450988201218,101.60888988261972,101.98431396484375,0.0064622413499719755,0.006441450590207968
2015-11-23,101.89702120405704,102.92725440652896,101.8708299070466,102.49071502685547,0.00496547990886409,0.004953192571732047
2015-11-24,102.04541898460766,103.38996075697727,101.76603411379453,103.24153900146484,0.007325775553547853,0.007299072394743505
2015-11-25,103.28519521108767,104.17573240192506,103.11930815491708,104.04476928710938,0.007780107633160505,0.007749998662292895
2015-11-27,104.13207739105516,104.6821211494205,103.79157728400081,104.43766021728516,0.003776171862053035,0.003769060023148497
2015-11-30,104.78690391076515,104.83056051071802,103.94002315681219,103.98367309570312,-0.0043469675655074536,-0.004356443098876452
2015-12-01,104.42891708312828,104.69084329044234,103.8090321642825,104.67337799072266,0.006632819119447131,0.006610918762112002
2015-12-02,104.5337484200529,104.8044007702768,103.41620173876439,103.54716491699219,-0.010759307622901892,-0.010817607528014849
2015-12-03,103.83523132880946,104.28922924005519,101.3993413958405,101.80095672607422,-0.016863891853705515,-0.017007706419648924
2015-12-04,101.80096659945613,102.96216277228855,101.57396429128664,102.8311996459961,0.010120169328998063,0.010069303309326197
2015-12-07,102.70896624876744,102.73515754106847,100.84931122372224,101.28585052490234,-0.015028018018011347,-0.015142082902942382
2015-12-08,100.36911587260877,101.28585107448568,99.93257656905999,100.72708129882812,-0.0055167550371395535,-0.005532028529520976
2015-12-09,100.4302214934561,101.42553047737138,99.18171893839599,99.60079956054688,-0.011181518651770528,-0.011244501769490354
2015-12-10,99.43492448861652,100.4738901882972,99.22538748282808,99.93257904052734,0.0033310925358462917,0.003325556737203615
2015-12-11,98.89361094160938,98.95472617769252,97.37445602964189,97.70623016357422,-0.022278509154159187,-0.022530423689444825
2015-12-14,97.6713160264525,98.11658136502379,96.28311743738287,97.00777435302734,-0.0071485289052454215,-0.007174202061363549
2015-12-15,97.54911051101772,98.62299385075488,97.43560598851327,98.40472412109375,0.014400389838681082,0.014297689005444076
2015-12-16,99.08568372330812,100.0984580483162,98.50945533854137,99.90637969970703,0.015259994802336863,0.01514473220691421
2015-12-17,100.32546998841684,100.35166128191717,98.63169529074067,98.84123229980469,-0.01066145528547735,-0.010718695808261684
2015-12-18,98.36103590713967,98.56184025011491,97.29587897499327,97.33080291748047,-0.01528136939595004,-0.01539933282606939
2015-12-21,97.93323059584155,98.33484597561258,97.34826949885297,98.06419372558594,0.007535032961017096,0.007506786403907131
2015-12-22,98.34358537413227,99.11189224104855,97.60146980274945,98.96347045898438,0.009170286311789733,0.009128494536998925
2015-12-23,99.46113443269317,100.36913717612708,99.29525399165782,100.21198272705078,0.012615890108500727,0.012536972815004143
2015-12-24,100.3487572581487,100.98010317024706,100.0944647829996,100.4013671875,0.0018898384733594398,0.0018880549752937343
2015-12-28,99.94540843080692,100.02432333239354,99.05099940633065,99.93663787841797,-0.004628714947816914,-0.004639460620777698
2015-12-29,100.38382804395125,101.09408881660671,100.02430903707061,101.01516723632812,0.010792131702712426,0.010734312273975673
2015-12-30,100.88364711476248,101.1467034513375,99.96293321182321,99.99800872802734,-0.010069364196775621,-0.010120403153385266
2015-12-31,99.57710457094255,99.93662357775892,98.65639740099276,98.75285339355469,-0.012451801293955844,-0.012529974581724385
2016-01-04,96.990360437886,97.1832724492324,95.64875360075845,96.46424102783203,-0.023175151776141267,-0.02344791811457883
2016-01-05,96.81499996843438,96.96406592419181,96.0608929464036,96.67469787597656,0.0021817084331157144,0.00217933196315416
2016-01-06,95.31555140870272,96.10473396726955,94.70174646869077,95.2015609741211,-0.015238081258297287,-0.01535537388707494
2016-01-07,93.57931353103692,94.26326920463832,92.50076341422537,92.65859985351562,-0.026711338496820725,-0.027074569157071612
2016-01-08,92.83401354076754,93.37766739559898,90.89613614763937,91.06273651123047,-0.017223046158781452,-0.017373088100066207
2016-01-11,91.37842816765188,91.87824274040567,89.71237736181492,90.66816711425781,-0.00433294025733566,-0.0043423546474746595
2016-01-12,91.38716110605057,92.06234635309363,89.3879036379571,90.93995666503906,0.0029976292609814603,0.0029931453289307416
2016-01-13,91.11536171863446,91.56255960456637,87.37990197573068,88.02001190185547,-0.03210849081376499,-0.032635275273635786
2016-01-14,88.44089193068422,90.06309611600604,86.97652422604061,89.23883819580078,0.013847149842519224,0.013752154006328971
2016-01-15,86.88007167226796,87.94108101057637,85.50338936008602,87.7920150756836,-0.01621293093196352,-0.016345798569815547
2016-01-19,88.62505264959603,88.73904308655315,85.70508046703367,86.6082534790039,-0.013483704590436796,-0.013575435247822237
2016-01-20,85.4332093818559,87.97612672550855,83.35503078953211,86.96772766113281,0.004150576506153136,0.004141986623925683
2016-01-21,87.09927389703427,88.48472652669307,86.26624553313921,86.76605987548828,-0.0023188807051545135,-0.0023215734726266556
2016-01-22,88.2567385741121,89.09853079413413,87.80076360703566,88.8880844116211,0.024456850284293008,0.024162569980937767
2016-01-25,88.33564428270459,88.63378275943381,86.67836497638294,86.91512298583984,-0.022196016922188422,-0.02244605533616106
2016-01-26,87.26588388675714,88.914399696082,86.96775203441494,88.65133666992188,0.019975967638737657,0.019779065880119236
2016-01-27,88.20415183316999,89.08101986224203,86.8625448190853,87.43251037597656,-0.013748538259309107,-0.013843924703312718
2016-01-28,88.1690543045411,88.51979605004321,87.00281859983369,87.41494750976562,-0.0002008734066472062,-0.00020089358441211807
2016-01-29,87.72185804167736,90.29985158872854,87.65170701006373,90.28231048583984,0.032801746815141586,0.032275251888080704
2016-02-01,89.5632758331301,90.39629756041111,88.78286403263347,89.87017822265625,-0.004564928178795724,-0.004575379281251339
2016-02-02,88.85300285560217,88.97576379454851,87.48508473739093,87.93228912353516,-0.021563205252802642,-0.021799088256615605
2016-02-03,88.61629225307412,88.62506280768294,86.05583888508673,88.04633331298828,0.0012969546294070433,0.0012961143102437527
2016-02-04,87.68678581338351,89.41421656430249,87.66048084803482,88.3882827758789,0.0038837445016031147,0.003876222236007599
2016-02-05,87.99367916313673,88.07260074102535,85.89796573323517,85.9681167602539,-0.027381072916210836,-0.027762920905904
2016-02-08,85.06494324363278,85.06494324363278,83.24982724861111,84.55635833740234,-0.016421883787319014,-0.01655821755303688
2016-02-09,83.41643895933834,85.17017471814687,83.3199829574062,83.98640441894531,-0.006740521111171405,-0.0067633410268207106
2016-02-10,84.57391203211118,85.86290900318997,83.89872664676933,84.03025817871094,0.000522153080239951,0.0005220168057557132
2016-02-11,82.49571847046622,83.65318361806335,82.10989452461054,83.11829376220703,-0.010852809883844294,-0.010912131217569785
2016-02-12,83.88117466412136,84.87203284262125,83.46904573900231,84.6966552734375,0.01898933964821281,0.018811292604130794
2016-02-16,85.74889875262033,86.89759337340338,85.24908439877113,86.70468139648438,0.02370844653267712,0.023431765893896943
2016-02-17,87.30972828609573,88.64256442457776,87.27465277061324,88.06383514404297,0.01567566739958859,0.015554073192738679
2016-02-18,88.13400258353875,88.24799301260134,87.28343957215195,87.64295196533203,-0.004779296495803442,-0.004790753853282831
2016-02-19,87.30094812710054,88.17781584775031,86.90636032879605,88.08135986328125,0.005002203692575646,0.004989734237566038
2016-02-22,88.86180160445842,89.44930826004777,88.7741161407796,89.06348419189453,0.011150194889562481,0.011088489725907773
2016-02-23,88.77409757244901,88.9933145307798,88.16906331663604,88.24797821044922,-0.009156457204034796,-0.009198635223207057
2016-02-24,87.35359110105807,89.28269799266492,86.78362557263776,89.09855651855469,0.009638501927795584,0.00959234790154589
2016-02-25,89.2563886550506,89.96664954756679,88.90564014011456,89.9140396118164,0.00915259601418894,0.009110964836715434
2016-02-26,90.36998881099483,90.72950780221376,90.05431588357285,90.4839859008789,0.006338790822024265,0.006318785184011022
2016-02-29,90.43136919153405,91.22055150926171,90.07185689066205,90.08062744140625,-0.004457788363948945,-0.004467753929781579
2016-03-01,90.86105121819239,92.01851654052734,90.37877121306492,92.01851654052734,0.021512828608810652,0.021284693795614734
2016-03-02,91.88697910047138,93.0269032455403,91.71160152355812,92.96552276611328,0.01029147459868951,0.010238877931029452
2016-03-03,92.99180044639222,93.95635335212746,92.8778033905538,93.93881225585938,0.010469359616195995,0.01041493539904256
2016-03-04,93.88623424307313,94.98231898332101,93.53548578819975,94.4561996459961,0.005507706321935535,0.005492594370206094
2016-03-07,94.00899382110434,95.56981739794857,94.00899382110434,95.48213195800781,0.010861460823712088,0.010802898822416149
2016-03-08,94.95598140362857,94.95598140362857,93.07071495997617,93.17594146728516,-0.02415311057085423,-0.024449580460197816
2016-03-09,93.49166149019068,93.83363944910197,93.00938145071504,93.64949798583984,0.005082390487258559,0.005069518735151492
2016-03-10,93.91256114824473,94.25453913190444,91.9045326321569,92.88662719726562,-0.00814602112111229,-0.008179381242856427
2016-03-11,93.64073296168264,94.9911104619667,93.5267425319729,94.87711334228516,0.021429200360481238,0.021202823387947493
2016-03-14,94.5877524113944,94.99987474677691,94.17562338604004,94.631591796875,-0.0025877847329144332,-0.002591138835539665
2016-03-15,94.00901023045428,94.07039071812385,92.9743058026163,93.158447265625,-0.015567153666949607,-0.015689594165893352
2016-03-16,92.71123718340331,94.11422435182844,92.71123718340331,93.81608581542969,0.007059354992570377,0.007034554395190265
2016-03-17,93.81608767818956,95.66627934296395,93.23735838658537,95.254150390625,0.015328550138240749,0.01521225483339681
2016-03-18,95.37692989992198,96.41163441276625,95.31554940720969,96.1135025024414,0.009021676307985782,0.008981224102050173
2016-03-21,95.96442726782355,96.40286122765102,95.64875428155008,95.88550567626953,-0.0023721622897477923,-0.0023749803241509605
2016-03-22,95.38566047396426,96.18361323474834,95.11383364730861,95.771484375,-0.0011891401152379633,-0.0011898477033480243
2016-03-23,95.46106629643718,95.5050373328153,93.93073600320055,94.00109100341797,-0.018485600209034336,-0.018658594164922843
2016-03-24,93.43818109542022,94.30009499772187,92.99843061078997,94.28250122070312,0.00299369096976676,0.002989218800261363
2016-03-28,94.48478407711151,94.792608057012,93.7108256833532,94.39683532714844,0.0012126757878185845,0.0012119410904418986
2016-03-29,94.14179567373907,97.04414518905314,93.90432662635823,97.01776123046875,0.02776497638122133,0.02738651869767941
2016-03-30,97.52786559581345,97.73015377874314,96.78908797480447,97.02655029296875,9.05923038063694e-05,9.05882005714274e-05
2016-03-31,97.16727455246497,97.77412568661921,97.04413823779028,97.2991943359375,0.002809994193810894,0.0028060535405420766
2016-04-01,96.40212257470732,97.81811997750094,96.2877898396595,97.73017120361328,0.004429398111846394,0.004419617199762944
2016-04-04,97.54545029336785,97.90604218146754,96.8330499850693,96.9122085571289,-0.00836960210353277,-0.008404823889126133
2016-04-05,96.1909830729278,96.62193648827002,95.72484211830877,95.81279754638672,-0.011344401568292528,-0.01140924012794054
2016-04-06,95.80404345006981,96.98257156003538,95.50500962317432,96.89462280273438,0.011291030885763442,0.011227762990943815
2016-04-07,96.19100227486894,96.63954283933153,95.10041648152149,95.58414459228516,-0.013524777459706816,-0.013617070367793388
2016-04-08,96.40210707618392,96.80667673907371,95.54019312650723,95.96235656738281,0.003956848457564943,0.003949040721947651
2016-04-11,96.51643180945379,97.22883213762609,95.64572775286513,95.66331481933594,-0.0031162401460711475,-0.0031211057332498834
2016-04-12,95.68093224572362,96.90343832443776,95.3643112905109,96.6923599243164,0.010756945929836004,0.010699501570372886
2016-04-13,97.2552308088166,98.88230646099007,97.19366600176336,98.77676391601562,0.021557070210415086,0.02132800274127236
2016-04-14,98.73276116090648,99.11973694800537,98.3985465642492,98.65360260009766,-0.0012468652650200474,-0.0012476432482753756
2016-04-15,98.4161503654968,99.05818225386135,98.38096952489256,98.89987182617188,0.0024963024115043364,0.002493191824208433
2016-04-18,98.48653502571366,99.726628073572,98.38978936899397,99.64747619628906,0.007559204641146344,0.007530777023977754
2016-04-19,99.83216607679122,100.37745243342063,99.2868730101013,99.72662353515625,0.0007942733914432232,0.0007939581232614195
2016-04-20,99.72662321216524,100.44781380251716,99.35723438272996,99.87613677978516,0.0014992309909720447,0.0014981082661989973
2016-04-21,99.79697266847984,100.19274540719054,99.08457905477671,99.37480926513672,-0.005019492451473262,-0.005032132418929458
2016-04-22,99.3660219770379,100.43021733946907,99.3660219770379,100.35985565185547,0.00991243549550469,0.009863629565516787
2016-04-25,100.08722674135643,100.18397239807612,99.21651583087927,99.64747619628906,-0.007098251097905406,-0.007123563536047861
2016-04-26,99.97288265405479,100.72925409318604,99.53313212944641,100.62371826171875,0.009796957260680195,0.009749278228275399
2016-04-27,100.68528701497274,101.18660236428215,100.17517477600927,100.97551727294922,0.0034961837756328773,0.003490086332857147
2016-04-28,100.50060012398671,101.14263895849824,99.55074391863205,99.8233871459961,-0.011409994799420287,-0.011475588214421373
2016-04-29,99.39241929052193,99.78819209393474,98.25786208799494,98.92628479003906,-0.008986895572326903,-0.009027521300957273
2016-05-02,99.23410908523769,99.83217009176721,98.66243203766287,99.8057861328125,0.008890471775424347,0.008851184216150339
2016-05-03,98.98784283611441,98.99663301510219,97.56304876303925,98.16990661621094,-0.01639062803858571,-0.016526440461200102
2016-05-04,97.61579671136508,98.49529755459584,97.07051048299972,97.3607406616211,-0.00824250508613833,-0.008276662354986364
2016-05-05,97.75654847089032,97.91485893707232,96.83306963315188,96.97379302978516,-0.003974370256495718,-0.0039822890544173135
2016-05-06,96.56920931782047,97.56304299961411,96.34053718650108,97.54545593261719,0.005895024675960148,0.005877717004120082
2016-05-09,97.55422397725614,98.40734079933321,97.29916794828044,97.82687377929688,0.002884991863425057,0.002880838261220415
2016-05-10,98.20508430122717,98.85591315856918,97.68617522505849,98.81193542480469,0.01006943805370053,0.010019079038175803
2016-05-11,98.59206238241005,98.74157594445903,97.51027989222005,97.58943176269531,-0.012372024258544112,-0.012449194916105516
2016-05-12,97.79170897621476,98.0555552249223,96.3053502812756,97.07051849365234,-0.005317310078255089,-0.005331497285691498
2016-05-13,96.79789381411405,97.57185911569455,96.1822456970034,96.42850494384766,-0.006613888127595335,-0.006635856804837209
2016-05-16,96.67476182269336,98.0819622773785,96.6307907925832,97.65100860595703,0.01267782449620336,0.012598133709619399
2016-05-17,97.51910126070968,97.99403276563955,95.66335298980421,96.10310363769531,-0.015851397649233157,-0.01597837468289858
2016-05-18,95.69850043124394,97.32558262835325,95.68091336389672,96.60438537597656,0.005216082720606696,0.005202526082395702
2016-05-19,95.90079076824009,96.54282274678589,94.97731202532768,95.83042907714844,-0.008011606262137594,-0.008043871626733968
2016-05-20,96.12063688763584,97.43988800048828,96.06786899034034,97.43988800048828,0.016794862955733514,0.016655388712498338
2016-05-23,97.4223080749375,97.96760102804154,97.18484579329844,97.32556915283203,-0.0011732243335057513,-0.0011739130999451836
2016-05-24,97.89723515950634,99.57708496425197,97.86205432112823,99.33082580566406,0.020603595440404243,0.020394212510825467
2016-05-25,99.64746963433953,100.17516891165833,99.45397833364187,99.91131591796875,0.005844007714587818,0.005826997740277354
2016-05-26,100.06084339061405,100.28071867922934,99.60350574272125,99.7969970703125,-0.0011442032026693916,-0.0011448583029134327
2016-05-27,99.87611269873763,100.7907943725586,99.83214168301267,100.7907943725586,0.009958188436731241,0.009908932408869501
2016-05-31,100.98429058667364,101.61753229271348,100.70285057399583,101.1426010131836,0.003490464013256922,0.0034843864819066963
2016-06-01,100.79959883711955,101.9781268240602,100.6324915186497,101.82861328125,0.00678262434616439,0.0067597258326844226
2016-06-02,101.57356251524901,102.61137390136719,101.46802669602121,102.61137390136719,0.007687039967393172,0.007657645218631678
2016-06-03,102.43547801964132,102.43547801964132,101.14261053313,101.9957275390625,-0.005999786757523218,-0.006017857795931317
2016-06-06,102.0925000971626,103.41175188670535,102.03093528205308,103.09513092041016,0.010778916018091111,0.010721237606492278
2016-06-07,103.1566950415748,103.76355300790178,102.86645803941306,103.39415740966797,0.0029004909018317537,0.0028962925942387567
2016-06-08,103.48209653264657,104.34400380208716,103.47329964334928,104.15930938720703,0.007400340567672359,0.007373092395340017
2016-06-09,103.72835955223195,103.72835955223195,103.1566825080555,103.49089050292969,-0.0064172745404113,-0.006437953763650366
2016-06-10,102.53223424391233,102.79608053345372,101.7494788445033,102.08368682861328,-0.013597367531363203,-0.013690658371738839
2016-06-13,101.714301672493,102.1804361732469,100.7820259609244,100.97551727294922,-0.010855500913917293,-0.010914851777017807
2016-06-14,100.60610601826981,101.23934773109299,99.97286430544665,100.68526458740234,-0.0028744857504644505,-0.0028786250187106525
2016-06-15,101.04585212530526,101.63511608442383,100.66766649138191,100.755615234375,0.0006987183999658253,0.000698474409911545
2016-06-16,100.01686157018436,100.78202319758888,99.28687408031011,100.7468490600586,-8.700432522812385e-05,-8.700811032397611e-05
2016-06-17,100.62371818621516,101.07225888973558,99.98167946834205,100.31588745117188,-0.004277668362906439,-0.004286843761775788
2016-06-20,101.84622176661495,102.41789206699227,101.4064712524414,101.4064712524414,0.010871496320065566,0.01081282644052031
2016-06-21,101.44164761888833,101.50321913388417,100.55335639197239,101.21298217773438,-0.0019080545089213974,-0.0019098771637781418
2016-06-22,101.40643979529472,101.91654513385112,100.6940396204852,100.81716918945312,-0.003910693863225845,-0.003918360621228369
2016-06-23,101.86380799985761,102.8224676021299,101.78465612878408,102.7433090209961,0.019105275887318474,0.018925061845604652
2016-06-24,98.45134960165396,100.29830046309293,98.06436699275913,98.83832550048828,-0.03800718078595089,-0.03874829277874998
2016-06-27,97.68616630382985,97.68616630382985,95.15320608572452,95.59295654296875,-0.03283512687093726,-0.03338629844584631
2016-06-28,96.43727676065909,97.51905912947299,96.36691507697996,97.07051849365234,0.015456807741053957,0.015338568136263712
2016-06-29,98.24024956452875,99.42758116834666,98.0907360193275,99.27806091308594,0.02274163622169123,0.022486900059091906
2016-06-30,99.48913556102642,101.16018175747966,99.00540742412126,101.12500762939453,0.01860377508708111,0.018432841614141392
2016-07-01,101.18659908277014,101.97814466438595,100.96672381897451,101.48562622070312,0.0035660673829582823,0.003559724040719278
2016-07-05,101.16019439851168,101.3712794537524,99.44517026255353,99.99046325683594,-0.014732755953199006,-0.01484236085587114
2016-07-06,99.52266086580671,100.82262915948188,99.31926166637646,100.71650695800781,0.007261129486988649,0.007234894407266621
2016-07-07,101.00833479042085,101.68926700788832,100.29202850690251,100.92874145507812,0.002107246403598939,0.002105029274042051
2016-07-08,101.91918064654072,103.54634697322574,101.83074886737954,103.28105163574219,0.023306643348079747,0.023039191172055398
2016-07-11,103.961985518489,104.7313561787438,103.88239893996905,104.47489929199219,0.011559212821152576,0.011492915527860156
2016-07-12,105.2354497276946,106.49119885308505,105.08511499020011,105.8721694946289,0.013374219186673253,0.013285573817652205
2016-07-13,106.4115919190453,106.46464964051182,105.19121035001392,105.45651245117188,-0.003926027448394875,-0.003933754525265622
2016-07-14,106.38506576733862,106.43812349015622,105.50073440351008,105.56263732910156,0.0010063378302864745,0.0010058318118273662
2016-07-15,106.02246386373486,106.15511488915787,105.48302130808298,105.85443878173828,0.0027642493596196083,0.002760435848406014
2016-07-18,105.70413648935644,106.42928800402326,105.52727289920882,106.03134155273438,0.0016711889745204545,0.0016697940920847034
2016-07-19,105.90754700840202,106.09325582197745,105.17355021171284,105.5007553100586,-0.005004051018366984,-0.0050166132070755525
2016-07-20,105.72182665519092,106.50888109930418,105.18238393548452,106.19052124023438,0.006538018880989149,0.006516738738500879
2016-07-21,106.1286205033643,106.65037282673556,105.45652670399755,105.68645477294922,-0.004746812252148236,-0.004758114144919053
2016-07-22,105.74835162647352,106.69458596529175,105.54495243353283,106.47350311279297,0.007447012406032627,0.007419420310255986
2016-07-25,106.25242049633232,106.52656107502757,105.90753178542113,106.31432342529297,-0.0014950169088676635,-0.0014961355617222004
2016-07-26,106.29661295748502,106.97755179445217,106.04900128837406,106.82721710205078,0.004824313979839401,0.004812714269288587
2016-07-27,107.00410094128617,107.4197377847791,106.42928417362387,107.1279067993164,0.0028147292929889822,0.002810775360255054
2016-07-28,106.89795702034054,107.21631680398596,106.58844243816078,106.85374450683594,-0.0025592051657843395,-0.0025624855292686456
2016-07-29,106.74765726305051,107.676208060369,106.1640019666412,107.0660171508789,0.0019865718793727893,0.0019846012548833634
2016-08-01,107.18096306661658,107.62312876696882,106.50887605985866,107.15443420410156,0.0008258180847249275,0.0008254772845834384
2016-08-02,107.14559677608676,107.18980929839837,105.32386948525253,105.65991973876953,-0.013947294635379914,-0.014045472091447407
2016-08-03,105.56263509959733,106.5619270907297,105.32386185813534,106.51770782470703,0.008118386688710899,0.008085609864621172
2016-08-04,106.51772086414165,107.17213099744079,106.34970247589548,106.61499786376953,0.000913369626978966,0.000912952758758425
2016-08-05,107.30478336239331,108.40135930460468,106.97758501812774,108.15374755859375,0.014432769550775548,0.014329608546927674
2016-08-08,108.19795449212532,108.64012022911555,107.91496869032812,108.10067749023438,-0.0004906909798074732,-0.0004908114080232763
2016-08-09,108.12721391470808,108.4455738073524,108.01225324394203,108.21565246582031,0.001063591628242433,0.0010630264154015286
2016-08-10,108.22448582549181,108.41903983371158,107.13676186595602,107.43743133544922,-0.007191391565253391,-0.0072173742643569065
2016-08-11,107.91498145701142,108.24218656998252,107.50818974048532,107.95035552978516,0.004774166581984263,0.004762806391321315
2016-08-12,107.7380824572473,108.2952087399072,107.56121215146554,108.05644226074219,0.000982736281287755,0.0009822537121214159
2016-08-15,108.2952141207368,109.38294462787542,108.26868526027948,109.1264877319336,0.0099026531764701,0.009853943214434918
2016-08-16,108.84353324849113,108.87890732156879,108.11838161768547,108.2421875,-0.008103442622526713,-0.008136453971696146
2016-08-17,108.27753149301482,108.33058921443431,107.29592316527794,107.92379760742188,-0.002941458408516784,-0.002945792999400647
2016-08-18,107.959162984115,108.74621727410255,107.92378892371069,108.71968841552734,0.007374562661337736,0.007347503525541494
2016-08-19,108.56934697208098,108.83464905165725,108.13602653922442,108.71968841552734,0.0,0.0
2016-08-22,108.48980629428719,109.07346167060048,108.18029156844568,108.96734619140625,0.002277947807690195,0.002275357217989091
2016-08-23,109.3121997907836,110.06388009631064,109.3121997907836,109.72783660888672,0.006979067069731393,0.006954826102023642
2016-08-24,109.60405717570686,109.87819780397174,108.56938410897222,108.83468627929688,-0.008139687769233794,-0.008172995896028105
2016-08-25,108.43672142413259,109.38295577605439,108.42787622077445,109.04690551757812,0.0019499228190600348,0.0019480241872828698
2016-08-26,109.17070197868746,110.01966600823762,108.15372632818953,108.82581329345703,-0.002027496544461327,-0.0020295546979835367
2016-08-29,109.01154472839691,109.80744445473549,108.98501586200466,109.39180755615234,0.005200919208102395,0.005187441139829019
2016-08-30,109.50672967095957,109.80739902823942,109.10877659896342,109.59516143798828,0.0018589498279526495,0.0018572241190610796
2016-08-31,109.4625593397804,109.55983635106467,108.3748353000227,108.97618103027344,-0.00564788079686418,-0.005663890384229708
2016-09-01,109.07343927583096,109.32989620942007,107.90612201596095,109.05575561523438,0.0007302016294628011,0.0007299351619617448
2016-09-02,109.66595040313193,110.12579981113106,109.32990011756155,110.10811614990234,0.009649747771047101,0.009603486324456349
2016-09-06,110.47068269820561,110.51490196930428,109.63057052263869,110.21422576904297,0.0009636857195536308,0.0009632216725769617
2016-09-07,110.14349654889352,110.93055108362142,110.08159361066484,110.90402221679688,0.006258687959205922,0.006239183710089721
2016-09-08,110.81556667706991,110.90400521547996,110.3380269066911,110.68292236328125,-0.0019936143802198325,-0.001995604274529463
2016-09-09,109.8162884627829,109.84281732888614,107.18982276793656,107.2251968383789,-0.031239918960157764,-0.031738292134048926
2016-09-12,106.72994305944178,108.74621727410255,106.63266608005796,108.71968841552734,0.013937876741798805,0.013841637751549188
2016-09-13,107.94149722895303,108.02993577361487,106.01365435162306,106.6326904296875,-0.01919613656234298,-0.019382774740190234
2016-09-14,106.80067953827664,107.41971544661124,106.37620432670442,106.65034484863281,0.00016556291390723565,0.0001655492098805698
2016-09-15,106.72110644455351,108.05644865788331,106.57077173592313,107.92379760742188,0.01194044670550709,0.011869722004768015
2016-09-16,107.92380547208742,107.92380547208742,107.09253179240403,107.7646255493164,-0.0014748559783307469,-0.0014759446489624123
2016-09-19,108.17141949410544,109.25915011406923,107.87958850497938,108.4809341430664,0.00664697334676112,0.006624979626744121
2016-09-20,108.9496239231057,108.97615953206018,108.02108001708984,108.02108001708984,-0.004239031767279022,-0.004248041934379303
2016-09-21,108.40133351257897,109.63055349274534,107.97685151547613,109.58633422851562,0.014490266262641827,0.01438628562226939
2016-09-22,110.30266558005572,111.24889996899593,110.2407626479536,111.16046142578125,0.014364265474773319,0.01426207682754363
2016-09-23,111.03666939056446,111.31965522212037,110.37342071533203,110.37342071533203,-0.007080221693526401,-0.007105405404380465
2016-09-26,109.78282848950354,110.11093115098059,109.16208147339539,109.2773666381836,-0.009930416852580004,-0.009980052315952186
2016-09-27,109.22414236568336,109.85375219141038,108.90490262791185,109.72074127197266,0.004057332706937089,0.0040491239289275425
2016-09-28,109.91579953030029,110.63409214872287,109.13543967491205,110.56314849853516,0.007677739111098036,0.007648415270394263
2016-09-29,110.50998393528293,110.52771647143544,108.80736954550748,108.94925689697266,-0.014597011965373663,-0.014704596570573483
2016-09-30,109.4458014052112,110.65181630490154,108.94920942259459,110.14635467529297,0.010987663545537929,0.01092773773395374
2016-10-03,109.80940675832552,110.04883315551085,109.18865987742608,109.800537109375,-0.0031396188002537073,-0.003144557743668107
2016-10-04,109.97789137712299,110.23505707661033,108.76301330694477,109.25960540771484,-0.004926494131092696,-0.00493866930705285
2016-10-05,109.68529096234467,110.56319703071183,109.6498191216803,109.91584777832031,0.006006267075161276,0.005988301355122382
2016-10-06,109.73846309784105,109.97788949502636,108.9137616499985,109.800537109375,-0.0010490813770355212,-0.0010496320480695154
2016-10-07,109.99565090795063,110.2439470040073,108.39058916875486,108.92265319824219,-0.00799526062662459,-0.008027394114548487
2016-10-10,108.92262769502588,110.61636524830317,108.92262769502588,110.22618865966797,0.011967533136135744,0.011896488469350451
2016-10-11,110.00451683451526,110.05772120599441,107.6013489841052,108.21322631835938,-0.018262106000269784,-0.018430916641828284
2016-10-12,108.2664228051268,108.72754987623357,107.76983066599071,108.12454223632812,-0.0008195308932971157,-0.0008198668923265822
2016-10-13,107.29097874595936,107.66342964255,106.51061864776945,107.2289047241211,-0.008283387783038498,-0.008317885678002257
2016-10-14,107.61906634681552,108.04471476300223,106.7677627488825,106.79436492919922,-0.004052450186261436,-0.00406068361374874
2016-10-17,106.9273698175249,107.1667961773213,106.55492580648217,106.67020416259766,-0.0011626153372781278,-0.001163291698772351
2016-10-18,107.76096497875119,107.81417611387278,106.99834420798959,107.28211212158203,0.005736446871814849,0.005720056113726707
2016-10-19,107.45058422636032,108.14226802431203,106.8564462733054,107.7343521118164,0.004215427728733179,0.004206567703734677
2016-10-20,107.42396974587508,108.18659711927207,106.7766275026451,107.41510009765625,-0.002963326069189254,-0.0029677254131621625
2016-10-21,106.64362955772111,107.62795095965392,106.50174222222496,107.3619155883789,-0.0004951306588085735,-0.0004952532764693989
2016-10-24,108.22208266981269,108.7275444334334,107.69888160750487,108.04472351074219,0.0063598708966887685,0.006339732258768127
2016-10-25,108.0181378324224,108.1777577171942,106.94514012695244,107.23777770996094,-0.007468627569776842,-0.007496657418877049
2016-10-26,106.51063261741578,107.29986246954185,105.93422704442571,106.17366027832031,-0.009922971683716475,-0.009972532500176464
2016-10-27,106.51947462537579,106.53720715838446,104.71931469201192,104.95874786376953,-0.011442691260393989,-0.011508662594611611
2016-10-28,104.91441852073135,105.55289803187219,104.41782635231553,104.66612243652344,-0.0027880041749916984,-0.0027918978974585166
2016-10-31,104.79913310011955,105.20704903475398,104.46216083208947,105.08290100097656,0.00398198151179141,0.003974074407090503
2016-11-01,105.22478243826156,105.26024750401615,103.11425245118122,103.79707336425781,-0.012236316512681755,-0.012311796597709423
2016-11-02,103.63745720126653,103.75273558297924,102.32502645807119,102.47577667236328,-0.01272961413138951,-0.012811329883356976
2016-11-03,102.78613293058967,103.07876365103243,101.87274864710939,101.97916412353516,-0.004846145742480212,-0.0048579263826353785
2016-11-04,102.24522982903225,103.66406944206484,102.02353592807214,102.63540649414062,0.006435063243021899,0.006414446622454905
2016-11-07,104.63951956884688,105.36667528166898,104.3823538360053,105.14498138427734,0.024451356270313918,0.024157207111130785
2016-11-08,104.90554382367495,105.93419988036173,104.38234276323968,105.41986846923828,0.002614362391261338,0.0026109508905441
2016-11-09,104.7104558977052,108.92263965279803,104.68385371437323,108.66547393798828,0.03078741717171729,0.03032299286448415
2016-11-10,110.19073258445133,111.20165617797798,108.7364212125161,110.40355682373047,0.015994803342357367,0.015868234322695008
2016-11-11,110.87355423211793,113.25898280512989,110.44790572497502,112.93974304199219,0.02297196115077149,0.022712078139102043
2016-11-14,114.34972428667487,115.5113982935501,113.8531320575792,114.5270767211914,0.014054695330845801,0.013956843882759827
2016-11-15,114.26104231339409,115.18328299048805,113.7733130235801,114.88178253173828,0.0030971349370103596,0.0030923486944809085
2016-11-16,114.61575817833561,115.28083994726212,114.42066644362731,114.87291717529297,-7.716938447455135e-05,-7.717236218469447e-05
2016-11-17,115.2364676607517,116.01683439104039,115.05911527599143,115.54684448242188,0.005866720578711515,0.00584957838649574
2016-11-18,115.89270180448341,116.2474066212475,115.54685987224593,116.15873718261719,0.0052956244970272515,0.005281651984698588
2016-11-21,116.4424811697804,117.05435838997984,115.82174106636045,116.69965362548828,0.004656700442780215,0.004645891556115487
2016-11-22,117.16080231533489,117.85248628570098,116.76175595260422,117.7638168334961,0.009118820621549784,0.009077495212794771
2016-11-23,117.48001692934794,118.51754266249853,117.14305143340196,118.49981689453125,0.006249797950042435,0.006230348955627031
2016-11-25,118.58849304196048,118.91660920362064,118.42000351888768,118.89000701904297,0.0032927487547005363,0.003287339528415981
2016-11-28,118.80131135848191,118.82791354021775,117.18737350053543,117.34700012207031,-0.012978440624749177,-0.0130633964485644
2016-11-29,117.5066288956925,118.02096036309777,117.14306118640539,117.2849349975586,-0.0005289025236875355,-0.0005290424419649121
2016-11-30,117.87020808171782,118.02095830608681,116.61098838599902,116.70853424072266,-0.004914533625720474,-0.004926649658834613
2016-12-01,117.27607050068447,117.5421058810124,115.53798440951394,116.14099884033203,-0.00486284404206494,-0.004874706139464317
2016-12-02,116.11438942606968,116.58437937190122,115.74194532924773,116.07891082763672,-0.0005345916886824176,-0.0005347346337663278
2016-12-05,117.02775394922821,118.23376906877687,116.95681029147603,118.07414245605469,0.017188579856513675,0.017042527464378444
2016-12-06,118.40224690219081,119.6348640805966,117.71056322113536,119.35108947753906,0.010814789715365869,0.010756728117940529
2016-12-07,119.35111310759582,120.76108292651038,118.98753189961292,120.51278686523438,0.00973344602701709,0.009686381196786643
2016-12-08,120.82313952805859,122.56122514028249,120.42409333308856,122.41046142578125,0.015746665643613378,0.01562397322573412
2016-12-09,122.72973178466495,123.10218942632028,122.15333308455472,122.6499252319336,0.0019562364471399363,0.001954325508380894
2016-12-12,122.33068485801377,122.88049490216147,121.05372589642329,121.35523986816406,-0.010555940913304696,-0.01061205006347904
2016-12-13,121.95825090036678,122.41937801512685,120.81431629521606,121.3641128540039,7.311580323587918e-05,7.311313040582106e-05
2016-12-14,120.97388758379108,121.79859566793438,119.5461787767194,119.8476791381836,-0.012494910399456605,-0.012573628194275334
2016-12-15,120.04280974826827,121.61240636344665,119.67924203257049,120.74337005615234,0.007473577497783879,0.007445788686147226
2016-12-16,120.91185853905772,121.95824725269568,120.27337902421624,120.52167510986328,-0.001836083804733657,-0.0018377714727189549
2016-12-19,120.63695492390941,121.65675505235404,120.52168328918573,121.3109130859375,0.006548514824032958,0.006527166450244185
2016-12-20,121.73655464089968,122.56126299426516,121.47939566773013,122.33956909179688,0.008479500975568932,0.008443751954253306
2016-12-21,122.24200306473632,122.50802487890971,121.49710139169161,121.54144287109375,-0.006523859995814285,-0.0065452333791239945
2016-12-22,121.59756729913244,121.766751797294,120.0393090494413,120.49343872070312,-0.00862260744676313,-0.008659997213024998
2016-12-23,120.61808980333869,121.20576540170926,120.44890531784844,121.13452911376953,0.005320541930523115,0.005306437852745608
2016-12-27,121.30367786972508,122.25644765498492,121.28587899318224,121.67765808105469,0.004483684142405409,0.004473662375785504
2016-12-28,121.89140894725254,121.97154468013656,120.05711859759623,120.43109893798828,-0.010244766070662048,-0.01029760487718107
2016-12-29,120.4666741912311,121.33039528531381,119.93242254516494,120.53791046142578,0.0008869098129919983,0.0008865167408796474
2016-12-30,120.74276088793751,120.76947279997687,119.67423005862788,120.07493591308594,-0.0038409040489216784,-0.003848299263157182
2017-01-03,121.53523006370287,121.83797408512079,119.76326313787665,120.6715087890625,0.0049683380752199024,0.0049560366119986874
2017-01-04,121.14343805469561,122.84416870618234,121.10781311846125,122.68388366699219,0.016676470677493338,0.01653894519405206
2017-01-05,122.42569358377128,122.66610082021161,120.66262566159595,121.26812744140625,-0.011539871279497516,-0.01160697231848197
2017-01-06,121.46401193944791,121.73114465172937,120.81398583594509,120.8228988647461,-0.0036714393637791165,-0.003678195639186489
2017-01-09,120.68933037989923,120.84961544823693,119.7632856733897,120.0304183959961,-0.006559025451269296,-0.006580630382049901
2017-01-10,120.20844746498237,121.43724927577486,119.99473866708371,121.17901611328125,0.009569221974181419,0.009523726973821355
2017-01-11,121.30368197944485,121.80232227811139,120.58243343409295,121.39273071289062,0.0017636271234418022,0.0017620737592285375
2017-01-12,121.2413720220793,121.2947958332297,118.95295247364635,120.4577865600586,-0.007701813340399211,-0.007731625475078456
2017-01-13,120.78727184943959,121.96265032852254,120.78727184943959,121.33043670654297,0.007244447797065234,0.007218332834926587
2017-01-17,120.74274602719215,120.82288175344728,119.43380815062949,119.6831283569336,-0.013577041295859238,-0.013670052155360025
2017-01-18,119.994786590034,120.155071649204,119.27353779110372,120.07493591308594,0.0032737075102502455,0.0032683605961295256
2017-01-19,120.33315307231376,120.6002857740481,118.57899842147637,119.09545135498047,-0.00815727737564187,-0.00819073000854341
2017-01-20,119.09545297968597,120.10164694894064,119.09545297968597,119.70985412597656,0.005158910470600464,0.005145648882654084
2017-01-23,119.34474880192124,119.92352488940332,118.53445140990151,119.21118927001953,-0.004165612426795362,-0.004174312760124216
2017-01-24,119.6207898257696,121.34823236433608,119.51394219226884,121.03657531738281,0.015312203984717332,0.015196155330330518
2017-01-25,122.04275745040974,122.47907455690921,121.94480926678457,122.17633056640625,0.009416618456320025,0.009372558486062707
2017-01-26,122.29208776262301,122.43456033005253,121.47289088030102,121.68659973144531,-0.004008393710062785,-0.004016448852791472
2017-01-27,121.78458044605944,122.02498768249977,120.78728579465462,121.26812744140625,-0.003438934861871412,-0.003444861590019314
2017-01-30,120.41330350568539,120.42221653522252,118.64134975551346,119.5762939453125,-0.013951180180556522,-0.01404941260376586
2017-01-31,119.20230209387722,120.70713655199124,118.85503364869199,120.41329193115234,0.006999698336717541,0.006975314170062141
2017-02-01,121.29478798776604,121.87356402036698,119.94132598280001,120.3420181274414,-0.0005919097681649221,-0.0005920850159090599
2017-02-02,120.47560086170186,120.80505676010276,119.7543522263211,120.0392837524414,-0.0025156165710916722,-0.0025187860510380343
2017-02-03,121.09000899947392,121.97152912262654,120.6625913047431,121.87358093261719,0.015280807439326916,0.015165231806792042
2017-02-06,121.45507654864532,121.79344549436446,120.59135530389082,120.95643615722656,-0.007525378087460233,-0.007553836609126943
2017-02-07,120.93866366485332,121.51743990540734,120.00370593347523,120.42221069335938,-0.004416676622091997,-0.004426458952503814
2017-02-08,120.42216676331074,120.42216676331074,119.2200767490711,120.20845794677734,-0.0017750275912665758,-0.0017766048194334705
2017-02-09,120.20848143499053,122.2119561255737,120.20848143499053,121.90029907226562,0.014074227008530116,0.013976104667880322
2017-02-10,122.69281233574627,123.2092653387173,122.1674598900627,122.82638549804688,0.007597080834331971,0.0075683683447731525
2017-02-13,123.56540099237634,123.95719371728856,122.95989943925825,123.14689636230469,0.002609462640768667,0.0026060639044316125
2017-02-14,122.8263399841142,123.72567249450337,122.532495440261,123.55648803710938,0.003326041393683532,0.0033205223523280294
2017-02-15,123.0489692957489,124.45585541892638,122.94212165677658,124.29557037353516,0.005981736355308298,0.0059639167963552635
2017-02-16,124.17980162776242,124.51815695445227,123.06676029288582,123.94828033447266,-0.002794066095990533,-0.0027979767848456518
2017-02-17,123.28045969817961,123.91267317599618,123.10237579596944,123.86814880371094,-0.00064649167011821,-0.0006467007359690529
2017-02-21,124.10857412690405,124.94558344382024,124.10857412690405,124.8387222290039,0.007835536694998257,0.00780499829677946
2017-02-22,124.66062422417454,124.67843668911833,123.99279945154504,124.2866439819336,-0.004422331767042431,-0.004432139201337811
2017-02-23,124.6250375801647,124.66954837095093,122.6037503967414,123.547607421875,-0.005946226693240075,-0.005963975894676646
2017-02-24,122.39894547530517,123.45854949951172,122.25647291195705,123.45854949951172,-0.0007208389075409327,-0.0007210988368251789
2017-02-27,123.18247696592671,124.66059875488281,123.0667299347647,124.66059875488281,0.00973646021473673,0.009689366324428633
2017-02-28,124.10861023423163,124.19764542106202,122.66609890345266,122.73733520507812,-0.015427998654060304,-0.015548248639715486
2017-03-01,124.34904077404741,125.42647135604281,124.23329365077954,124.98125457763672,0.018282288505036437,0.018117176844804964
2017-03-02,124.95449351880465,124.98120542804938,123.44965922566685,123.547607421875,-0.01147089746063601,-0.011537195692692728
2017-03-03,123.59212262274988,124.14418682205952,122.77292576389539,123.45854949951172,-0.0007208389075409327,-0.0007210988368251789
2017-03-06,122.6838690285015,122.85305348809727,121.98043287152662,122.61263275146484,-0.006851828014148298,-0.006875409567278029
2017-03-07,122.34552346685606,122.6482810987954,121.64208717558492,121.81127166748047,-0.006535713865705284,-0.0065571651610085435
2017-03-08,122.23867466118078,122.5414187033061,120.90302479505168,121.00987243652344,-0.0065790235992666535,-0.006600760767040642
2017-03-09,120.94755747477033,121.53524671706174,120.11054799397967,120.529052734375,-0.0039733923560711926,-0.003981307252428216
2017-03-10,121.35710148757036,121.37491395101462,120.06597641989894,121.06327056884766,0.0044322743965306,0.00442248079631971
2017-03-13,120.78725881704585,121.80235212721452,120.78725881704585,121.34823608398438,0.002353856077055738,0.002351090097468228
2017-03-14,120.87629495228072,120.94753123167142,119.81667737510682,120.76944732666016,-0.004769651179137413,-0.004781062264379062
2017-03-15,121.35714011238957,122.89759939778274,121.07220854123837,122.63936614990234,0.015483376504857205,0.015364732140512441
2017-03-16,123.07563835243238,123.3338579190183,122.48794936884346,122.79960632324219,0.001306596555171291,0.0013057437007026069
2017-03-17,123.00443779789265,123.52979010834366,122.2653766349334,123.28938293457031,0.003988421673265741,0.003980489005098658
2017-03-20,123.12906902013061,123.34277782251623,122.31877176304666,122.75508880615234,-0.0043336588739479875,-0.004343076391620581
2017-03-21,123.33389678114601,123.41404609465603,119.24681168249414,119.29133605957031,-0.02821677520882082,-0.028622519156464597
2017-03-22,119.05981931201731,119.59407103571122,118.23170943924143,119.31803894042969,0.00022384593669100283,0.00022382088692743843
2017-03-23,119.31806684567837,120.83180079722919,118.99751030172007,120.01260375976562,0.005821121646850891,0.005804244382967652
2017-03-24,120.50999143233675,120.97435387647286,119.53662757675359,120.0992202758789,0.0007217284968390469,0.0007214681760738848
2017-03-27,118.55431196486693,120.61714709236267,118.23283240450913,120.32245635986328,0.0018587638077214308,0.0018570384439732638
2017-03-28,119.91167271229597,121.35832393402397,119.786653639135,121.26009368896484,0.007792704350194191,0.007762498053988356
2017-03-29,121.17972007064523,121.8851955052804,120.82252663294435,121.65300750732422,0.0032402565956051177,0.0032350182768169033
2017-03-30,121.73340885373885,122.67998389226098,121.67981756528219,122.57281494140625,0.007560909943197691,0.007532469530582204
2017-03-31,122.71568656369554,123.3854345345085,122.2870516776713,122.7692642211914,0.0016027149240152028,0.0016014319470992746
2017-04-03,123.20687423068989,123.32296827362921,121.09047437748141,121.47445678710938,-0.010546674220912489,-0.010602684552702035
2017-04-04,121.3850977301352,121.93876523647519,120.86717136693329,121.3315200805664,-0.0011766811749853723,-0.0011773740078280573
2017-04-05,122.18885368871403,122.72464403118133,119.73311048073798,119.95635986328125,-0.011333907432891532,-0.01139862563314299
2017-04-06,120.14386872737884,121.11724628585908,119.5098481800829,121.07259368896484,0.009305332597252969,0.009262304709784395
2017-04-07,120.74219304702412,121.47444388161405,120.33140821830787,121.0190200805664,-0.0004424916223078057,-0.0004425895506150812
2017-04-10,120.97431081809542,122.20665110095898,120.6974839142182,121.286865234375,0.002213248410293467,0.002210802783885046
2017-04-11,120.79573607335804,122.26917601530499,120.62606442376473,122.25131225585938,0.007951784553262842,0.00792033572069129
2017-04-12,122.0191406757129,122.0727183292181,120.48318435363412,120.59033966064453,-0.01358654205476828,-0.013679683728286129
2017-04-13,120.44750141458955,120.88506144803776,119.3580434264755,119.41162109375,-0.009774568760744673,-0.009822653452626407
2017-04-17,119.72416202418138,120.84040871885276,119.37587997442796,120.81360626220703,0.011740776614667547,0.011672388463114759
2017-04-18,120.30458927194329,120.96541213497339,119.80451299767468,120.84039306640625,0.00022172009451559838,0.00022169551824807683
2017-04-19,121.17080213731101,122.30491248916509,121.03684437074475,121.26009368896484,0.00347318154061238,0.0034671639749786253
2017-04-20,121.75122608303138,122.93891390738982,121.58155444725806,122.80496978759766,0.012740185593089315,0.012659712205115163
2017-04-21,122.55499470931781,122.83182178329554,122.08170707456974,122.52820587158203,-0.0022536866097057073,-0.0022562299834031213
2017-04-24,124.19806624904778,124.43024064190998,123.67120111175042,124.05518341064453,0.012462253308947346,0.012385238621094098
2017-04-25,125.23393810154015,125.80545579127785,125.09998033962967,125.26072692871094,0.009717800457203385,0.009670886324264957
2017-04-26,125.17139948670128,126.64485284925689,125.13568559884574,125.9036636352539,0.005132787604760436,0.0051196597529506605
2017-04-27,126.21626469941927,126.62704954918091,125.44828629634713,125.86799621582031,-0.000283291354705284,-0.00028333148928114056
2017-04-28,125.9393734383592,126.06439248087985,124.16230439548004,124.18016815185547,-0.013409509285194354,-0.013500228669243539
2017-05-01,124.69813180580516,125.27857455094302,123.93015364817533,124.89459228515625,0.005753125832678396,0.005736639804828326
2017-05-02,125.00175609282886,125.32323566035238,123.84979559106955,124.26056671142578,-0.005076485395643648,-0.005089414522539973
2017-05-03,123.67117165882786,123.91227106189966,122.95677126300717,123.49256134033203,-0.006180604124213507,-0.006199783123923429
2017-05-04,123.70690401770928,123.88550073681738,122.43884959816869,123.32292175292969,-0.0013736826377326317,-0.001374627004666617
2017-05-05,123.84978914337371,124.11769104003906,122.81390907683118,124.11769104003906,0.0064446193441771715,0.006423941577605987
2017-05-08,123.822996005875,124.10874802659588,123.01929034385701,123.59974670410156,-0.00417300975870083,-0.004181741062935027
2017-05-09,123.76051428226025,123.97483857729907,123.03718852233646,123.54620361328125,-0.00043319741543235146,-0.00043329127253946965
2017-05-10,123.2693292196507,124.55524738583652,123.10859626190552,124.31414794921875,0.00621584729824054,0.006196608601464684
2017-05-11,123.83195753028419,123.97484039573918,122.32278962580834,123.4479751586914,-0.006967612333884654,-0.00699199949089283
2017-05-12,122.9746613821752,123.13539435201277,122.48351015313187,122.79605102539062,-0.005280962546876378,-0.005294956117678421
2017-05-15,123.21574501764057,124.34985523254348,123.21574501764057,123.75154876708984,0.007781176460647243,0.007751059237821086
2017-05-16,124.09986527332856,124.1623680135871,122.8943131822813,123.79624938964844,0.00036121263130795,0.0003611474097308741
2017-05-17,121.74233164679762,122.37635214140326,120.3313941837645,120.45641326904297,-0.026978491974287033,-0.02734909218359288
2017-05-18,120.17064111472608,121.35831541333907,119.86701170746151,120.89396667480469,0.0036324625139254607,0.0036258810550877625
2017-05-19,121.12618828435278,122.12634118948735,120.92972773140686,121.47445678710938,0.004801646668325166,0.004790155532529548
2017-05-22,121.6798196101843,122.51923933801723,121.59052804670644,122.29598999023438,0.006763011952091169,0.006740245376199814
2017-05-23,122.59956183041193,122.95676883429363,121.76015602991131,122.69779205322266,0.003285488453222074,0.0032801030286435163
2017-05-24,122.79605600713896,123.26041842671486,122.18882437281925,122.77820587158203,0.0006553811361535988,0.0006551664677247577
2017-05-25,123.35863491574867,123.77834469749793,122.51921535225013,122.85855865478516,0.0006544547758513541,0.0006542407137154364
2017-05-26,122.67996862299664,123.0460871458343,122.14416481358715,122.82283782958984,-0.0002907475521968239,-0.0002907898274608631
2017-05-30,122.44781987130057,122.73358562821987,121.64412752557224,121.85845184326172,-0.007851845824195625,-0.007882833881166288
2017-05-31,122.19774722258987,122.26918864169386,120.23315588843087,121.7333984375,-0.0010262185664607903,-0.001026745489256681
2017-06-01,122.09062010935594,124.1266533329336,121.68877395687151,124.08200073242188,0.019292998676346818,0.019109248411990194
2017-06-02,124.52848926242396,125.93050177224471,124.17129573977456,124.88569641113281,0.006477133459864781,0.006456246972135252
2017-06-05,124.98390415616502,125.11784829651177,124.08196819097363,124.10875701904297,-0.0062212039842585165,-0.006240636310665382
2017-06-06,123.33183013311313,124.71597836452565,123.06392827766967,123.9926528930664,-0.0009355030923301477,-0.0009359409484464939
2017-06-07,124.00160170676558,124.59990824374269,123.67119707653896,124.10875701904297,0.0009363790778531556,0.0009359409484465768
2017-06-08,124.10875510299375,126.32339811362051,123.8944444817476,125.80545806884766,0.01367108244863302,0.013578476264225694
2017-06-09,126.32337705104656,127.60928144228814,125.64469052744333,126.45732116699219,0.005181516828846933,0.005168138962384302
2017-06-12,126.50201419359539,126.7967049689505,125.8144023844335,126.2519760131836,-0.0016238296993293933,-0.0016251495397665166
2017-06-13,126.62702605021866,127.08244979008283,126.3323352916978,126.89492797851562,0.00509260912688525,0.005079685650597899
2017-06-14,126.83241771108602,126.84134277956963,125.42148020532706,126.14480590820312,-0.005911363694847571,-0.005928904967938674
2017-06-15,124.74282946269919,125.89479030232756,124.74282946269919,125.50186920166016,-0.005096814743294598,-0.005109847807160262
2017-06-16,125.04638720826733,125.21605884338638,124.3766393597794,125.18927001953125,-0.0024907930385212884,-0.002493900224144919
2017-06-19,125.51969729417347,126.43055834811372,125.47504470432258,126.11800384521484,0.0074186376000011656,0.007391254853136547
2017-06-20,125.80543427998421,125.88580074775483,124.75169062923739,124.84099578857422,-0.01012550165484627,-0.01017711323774399
2017-06-21,125.06430738890882,125.73405553955338,124.32311780040149,124.52850341796875,-0.0025031230216610023,-0.0025062610718026073
2017-06-22,124.45701828170866,125.36787926206782,124.13553873723227,125.00174713134766,0.003800284275404131,0.0037930814379031285
2017-06-23,125.14463318014013,125.98405276934066,124.61776807663992,125.83224487304688,0.006643889071618725,0.006621915712632184
2017-06-26,125.9929948924831,126.38591591304939,125.19822778308617,125.98406982421875,0.0012065663401701343,0.0012058390239815537
2017-06-27,126.00189403114256,126.46624270416795,124.79634251704994,124.876708984375,-0.008789689374131271,-0.008828546556386478
2017-06-28,125.61794866225158,127.03781132626067,125.376835537363,126.78777313232422,0.015303607562146215,0.01518768851694092
2017-06-29,127.01989213045113,127.1181223408107,124.70701965490358,126.03759002685547,-0.005916841087553526,-0.005934414947226323
2017-06-30,126.13588493506406,126.51094221443414,125.70724999093528,125.84119415283203,-0.0015582325398445507,-0.0015594478468199896
2017-07-03,126.21624127668889,127.25212146553952,126.18052737840975,126.89492797851562,0.008373520553244695,0.008338657114628903
2017-07-05,126.53771389000343,126.6716716597965,125.64471659561237,126.43948364257812,-0.0035891453125266315,-0.003595601747916566
2017-07-06,125.49686977703534,125.98117897154498,124.5103378323333,124.78836059570312,-0.013058603209282538,-0.01314461639681827
2017-07-07,125.0484375637534,126.16950587879063,124.82422390074595,125.99911499023438,0.009702462543393242,0.009655695911361357
2017-07-10,125.48794795101026,126.35789838189174,124.9946749719144,125.45207977294922,-0.004341579838299303,-0.004351031863781973
2017-07-11,125.36236452664954,125.90048288781726,124.64487794006538,125.81975555419922,0.0029308065830031538,0.0029265201424993927
2017-07-12,126.50138939581315,127.55070801162225,126.46550753540323,126.78837585449219,0.0076984754582178905,0.007668993410565494
2017-07-13,126.63590814064823,126.95877644948939,125.90049424462755,126.89600372314453,0.0008488780452229339,0.0008485179520241677
2017-07-14,126.54620452489219,127.62242743540075,126.54620452489219,127.11121368408203,0.0016959553856954468,0.001694518877300409
2017-07-17,126.9946732972355,127.76596914355896,126.68973219711971,127.40721893310547,0.0023287107442708788,0.0023260034995176617
2017-07-18,126.94082672361532,127.2367904599545,126.4923993082381,127.07536315917969,-0.002604685799632911,-0.00260808389562112
2017-07-19,127.2457258980735,128.3757576864312,127.2457258980735,128.3398895263672,0.009950995501807114,0.009901810370927052
2017-07-20,128.35789167671555,128.71664191130188,128.07090517396867,128.4296417236328,0.0006993320439721007,0.0006990876252648219
2017-07-21,128.2592176592834,128.5462178035116,127.57761284412153,127.84667205810547,-0.00453921429432802,-0.004549547810085312
2017-07-24,127.63138274193437,128.08878737066965,127.32645544605477,128.0260009765625,0.0014026874190007366,0.0014017045719804397
2017-07-25,128.8063008298614,129.37132381564842,128.43860070863707,129.19195556640625,0.009107170269710974,0.009065950071773379
2017-07-26,129.28158996584474,129.28158996584474,128.29505807978555,128.47442626953125,-0.005553978138415738,-0.0055694588211873675
2017-07-27,128.68073155954508,128.86009979467073,126.94980824745004,127.65831756591797,-0.0063523047139446565,-0.006372566452937385
2017-07-28,127.37132161023248,127.67624895565551,126.87804873680224,127.31751251220703,-0.002669665872221394,-0.0026732357852215075
2017-07-31,127.55069046946343,127.6941905215273,126.4296219719361,126.9139175415039,-0.003169987873148483,-0.0031750229282311443
2017-08-01,127.50587030537902,127.53277485986737,126.42964707108175,127.15609741210938,0.0019082215354850884,0.001906403193602802
2017-08-02,126.98568392316498,127.1919704064206,125.31753323659144,125.76596069335938,-0.010932521106279403,-0.010992720269634743
2017-08-03,125.95429425416361,126.04397152602685,124.80632116893248,125.13815307617188,-0.004991872313671708,-0.005004373327933375
2017-08-04,125.47894956987565,125.84666329651905,125.10227222243019,125.74800872802734,0.004873458948081444,0.004861622089075082
2017-08-07,125.95427703857422,126.32199075223426,125.29957693529138,125.95427703857422,0.0016403306313421684,0.0016389867584486468
2017-08-08,125.92735263272023,127.16500262546636,125.28161625175937,125.55963897705078,-0.0031331850795552896,-0.0031381037807478437
2017-08-09,124.77043577298089,125.01259040148803,124.01708102309007,124.47447204589844,-0.008642641377383131,-0.008680205595017396
2017-08-10,124.01708211728064,124.01708211728064,122.2054315680578,122.21440887451172,-0.01815684079024127,-0.01832369905592084
2017-08-11,122.1605986179611,122.63593056829059,121.76598031544192,122.3937759399414,0.001467642539709546,0.0014665666049937514
2017-08-14,123.10228633700676,124.2951048769134,123.07538178749083,124.25025939941406,0.015168119826482362,0.015054234074766353
2017-08-15,124.48346458545643,124.50140551548307,123.17405039191033,123.22785949707031,-0.008228553463676458,-0.00826259487941739
2017-08-16,123.47002097843101,124.11575764587555,123.05747535945963,123.26374816894531,0.00029123829644905896,0.00029119589480885424
2017-08-17,122.85113548177848,123.48790824947346,121.00361725242834,121.01258087158203,-0.018263011881464397,-0.018431839374482378
2017-08-18,120.60004972341923,121.48794078178312,120.28614511194975,121.00363159179688,-7.395330072867967e-05,-7.395603540885058e-05
2017-08-21,120.79739160297771,121.09335536935268,120.30411865901942,120.9229507446289,-0.0006667638492052763,-0.0006669862350786483
2017-08-22,121.3085710059215,122.37583036954103,121.20095281292379,122.23233032226562,0.010828213912857043,0.010770008600664016
2017-08-23,121.55070214672648,122.48343858893443,121.26371579252678,122.0350112915039,-0.001614294927058113,-0.001615599305070085
2017-08-24,122.54622775041723,122.80630959648913,121.99018220610817,122.41170501708984,0.0030867676546211253,0.0030820133684164
2017-08-25,122.76148986816406,123.14713086486402,122.34893063723737,122.76148986816406,0.0028574461161650078,0.0028533713773970576
2017-08-28,123.20096515553212,123.41621527893219,122.66286037441353,123.28169250488281,0.004237506707334804,0.004228553758995378
2017-08-29,122.41170849167091,123.5955496333052,122.17851750072857,123.30856323242188,0.0002179620265838622,0.00021793827631238813
2017-08-30,123.19192972067603,124.22330688029606,123.09327518224092,124.09774780273438,0.006400079196648978,0.00637968565704962
2017-08-31,124.58210630550721,125.50586567512781,124.36685622217986,125.31752014160156,0.009829125511658265,0.009781133878442715
2017-09-01,125.54174507275937,126.124708968723,125.31753134775484,126.02605438232422,0.0056539120780720875,0.005637988708539208
2017-09-05,126.12466796107965,126.35784523269899,124.28611327683848,124.81525421142578,-0.009607538511244962,-0.009653988663209987
2017-09-06,125.3264813817432,125.55965867843312,124.73455399216486,125.07536315917969,0.002083951592273481,0.0020817831772127647
2017-09-07,125.19193046849817,125.28162140256373,124.29507586750327,124.76144409179688,-0.0025098393436867594,-0.0025129942704641343
2017-09-08,124.60002713275509,125.35339554314848,124.32200434251419,124.86012268066406,0.0007909381747344124,0.0007906255479710534
2017-09-11,125.90945089270848,126.38478286482326,125.76595083341223,126.1695327758789,0.010487015927124421,0.010432408622257612
2017-09-12,126.49239139928187,127.07535521377355,126.29509593897703,126.9408187866211,0.0061130923906349555,0.006094483242465694
2017-09-13,126.82423963877677,127.55068983195673,126.74352599173858,127.31751251220703,0.002967475152489296,0.002963080889197377
2017-09-14,127.15605937381919,127.4968685419478,126.83319113162283,127.2009048461914,-0.0009158808062986745,-0.0009163004813921569
2017-09-15,127.03046468440185,127.7748555255634,126.94975106768761,127.7210464477539,0.004089134445949494,0.004080796657521041
2017-09-18,127.90941559104543,128.97667489579524,127.89148834981317,128.59103393554688,0.006811621983921379,0.006788527700599812
2017-09-19,128.76143852167223,128.86905670873375,128.33093840359228,128.59103393554688,0.0,0.0
2017-09-20,128.7255630285083,129.16502678891422,128.48340841074034,129.0035858154297,0.0032082476301542595,0.003203112184648418
2017-09-21,129.16504334172916,129.38027975406806,128.6807340441278,128.86907958984375,-0.0010426549365719628,-0.001043198879359634
2017-09-22,128.8511756161866,129.7480307512766,128.75252100392976,129.41619873046875,0.004245542393616297,0.00423655550567194
2017-09-25,129.38924724504892,129.99013832544063,128.86906981316096,129.59552001953125,0.0013856170311103977,0.0013846579496761028
2017-09-26,129.72048374364448,130.49364682068065,129.62159031339388,130.0081787109375,0.003184204911898636,0.003179146067524808
2017-09-27,130.92513363618653,132.92995735964323,130.5025904063127,132.5523681640625,0.01956945692456613,0.01938043713210632
2017-09-28,132.38162400767038,133.10983312311274,131.95908054497247,132.90306091308594,0.0026456920678277207,0.0026421983853508356
2017-09-29,132.98398573160765,133.44248426500275,132.82216756148742,133.2177276611328,0.0023676410903181733,0.00236484264442513
2017-10-02,133.33457116631791,134.8539276123047,133.1277989850333,134.8539276123047,0.012282148779281687,0.012207335148483009
2017-10-03,134.95281739544808,135.15060424804688,134.25157808825256,135.15060424804688,0.0021999851320244623,0.002197568708149317
2017-10-04,134.9347973587511,135.40229467930695,134.30548195687606,134.7190399169922,-0.0031932105184125925,-0.0031983196944690307
2017-10-05,135.11461616786207,135.42029544412986,134.73702688099445,135.087646484375,0.002736113377959981,0.0027323770335743215
2017-10-06,134.59321439838905,135.15959155911554,134.46735128288861,134.8988800048828,-0.0013973630039814111,-0.0013983402261259939
2017-10-09,135.0247297852061,135.46524378692658,134.11670466058342,134.34146118164062,-0.004132123433656432,-0.004140684246721331
2017-10-10,134.79098255772902,135.11463251678427,134.32349884202165,134.72805786132812,0.002877716799319252,0.002873584098926524
2017-10-11,134.79995225610614,135.0247087421359,134.36842364398217,134.62913513183594,-0.0007342400021382867,-0.0007345096883463384
2017-10-12,134.36844007364616,134.86289342893227,133.9728664149781,134.53025817871094,-0.0007344394883631589,-0.0007347093211695271
2017-10-13,134.78198845058648,134.84492686093566,134.16165825965564,134.2875213623047,-0.0018043287784655915,-0.0018059585403485566
2017-10-16,134.50327425308726,135.1685584011374,133.9818375507854,134.17063903808594,-0.0008703885739569373,-0.0008707675820305981
2017-10-17,134.19763092141108,134.6471439752074,133.5053769775108,133.78407287597656,-0.0028811531709231897,-0.0028853116821796745
2017-10-18,134.4044246915203,134.77302874722082,134.02683531179733,134.4224090576172,0.004771391451300788,0.004760044442807749
2017-10-19,133.74809256137436,134.251544891481,133.20867151166178,134.215576171875,-0.001538678611640809,-0.0015398635932690153
2017-10-20,135.13261777426678,135.2225258760629,134.72805875228494,134.8359375,0.004622126178041919,0.004611476954932579
2017-10-23,134.988793679091,134.988793679091,133.68520828556433,133.8290557861328,-0.007467458101570235,-0.007495479151317837
2017-10-24,134.30552917942353,134.65614886360845,133.99086450882476,134.1077423095703,0.0020824067075753128,0.0020802415040958896
2017-10-25,133.90093110928106,133.95487047297314,132.3546053325519,133.4604034423828,-0.004827005928510819,-0.004838693547600216
2017-10-26,133.90092176364922,134.26052664186292,133.51433348742503,133.7390899658203,0.002088158856479172,0.0020859816831033146
2017-10-27,133.84699685369154,134.77299254720575,133.3255601213552,134.66510009765625,0.006924005031532676,0.0069001441871140165
2017-10-30,133.84703589807825,134.35947374024005,132.50748181296893,133.24468994140625,-0.010547722871181553,-0.010603744381192614
2017-10-31,133.7661010017168,134.70109592301594,133.6312525602078,134.1886444091797,0.007084368376619965,0.00705939213021449
2017-11-01,135.30342353825858,135.3303932229153,132.5524059588802,133.29859924316406,-0.006632790501270858,-0.006654885210097956
2017-11-02,133.27162475569372,134.1616517533891,132.80412737507626,133.6941680908203,0.0029675394182848702,0.002963144964847991
2017-11-03,133.48738552810556,133.91892791383736,133.109796229127,133.60426330566406,-0.0006724660203216715,-0.0006726922270124755
2017-11-06,133.73015616413855,134.2965470976692,133.40650616184274,133.7571258544922,0.001144144243948375,0.0011434902097483357
2017-11-07,133.7750949191522,133.82004897061697,131.7432870245681,132.15684509277344,-0.0119640785602676,-0.012036224162672901
2017-11-08,131.8512017510291,132.5614264990922,131.11399359309132,132.336669921875,0.0013606925087787936,0.0013597676056378537
2017-11-09,131.5005199206217,132.50742452113278,130.61047935678306,131.86911010742188,-0.003533108508239957,-0.0035393646762659067
2017-11-10,131.89611150532724,132.24673109928855,131.57246159412844,131.77024841308594,-0.0007496956205695904,-0.0007499767828642176
2017-11-13,131.19488370265483,131.9950301712073,130.80830903039092,131.8062286376953,0.00027305271897626326,0.00027301544686727256
2017-11-14,131.31179308332983,131.69838156664017,130.88924958015662,131.4466552734375,-0.0027280453129889803,-0.0027317732100621724
2017-11-15,130.67347515531006,131.44663830406353,129.90929733084883,130.92520141601562,-0.00396703785529684,-0.0039749274223561185
2017-11-16,131.4466422511193,133.4154983383184,131.4286578839425,132.84912109375,0.014694800213605141,0.014587877832891335
2017-11-17,132.38157501439795,133.98184015481917,132.3096512901259,133.4604034423828,0.004601327758890106,0.004590774012099812
2017-11-20,133.7390816975063,134.4762894857279,133.35250716322855,134.43133544921875,0.007275056734375118,0.0072487211605232246
2017-11-21,135.03372955285127,136.01366479715784,134.90786643631697,135.8338623046875,0.010433035205534846,0.010378986695376182
2017-11-22,136.00467237771613,136.44520012162687,135.62708304781415,135.654052734375,-0.001323746282861138,-0.0013246232089423552
2017-11-24,135.94176341381254,136.08559718609905,135.54618967440828,135.7080078125,0.0003977402594130819,0.00039766118172366183
2017-11-27,136.0226731725365,136.3103544366199,135.24951005561303,135.29446411132812,-0.003047305076817941,-0.0030519575650382836
2017-11-28,135.7709355265794,137.52403380791148,135.447285557868,137.42514038085938,0.01574843644584023,0.01562571657448749
2017-11-29,137.85663627589773,138.63879818291232,137.5060167031144,137.88360595703125,0.0033361113905452378,0.0033305589166274237
2017-11-30,138.5399640615687,138.94452316973258,137.8027558803362,138.13539123535156,0.0018260711748341318,0.0018244059337906085
2017-12-01,137.56900024414062,138.1893305498519,133.7301543259643,137.56900024414062,-0.004100259796896877,-0.004108688911026543
2017-12-04,139.25914513719914,139.71765725321654,136.92168537820697,137.05653381347656,-0.0037251592274030187,-0.003732114912433675
2017-12-05,136.11256111138673,137.51505350571102,135.68103237669908,135.6900177001953,-0.009970455805784262,-0.010020493678363641
2017-12-06,135.18651465201967,135.92372244446435,134.8089254356624,135.05166625976562,-0.004704483433999651,-0.00471558434591114
2017-12-07,136.0316367706939,136.55307355399577,134.87189913955754,135.9956817626953,0.006990032252648604,0.006965715229290796
2017-12-08,136.78682207949842,136.90369986778697,136.0046737253833,136.12155151367188,0.0009255422624094845,0.0009251142122683677
2017-12-11,136.1394911799022,136.76882031081612,135.7709009711105,136.0675811767578,-0.00039648634851652265,-0.0003965649700110556
2017-12-12,136.38227493397943,136.5890471236821,135.5911411880535,135.64508056640625,-0.00310507915770708,-0.0031099099185165385
2017-12-13,135.58215178054996,137.29030995205733,135.58215178054996,136.45420837402344,0.005965036138712465,0.0059473157442553465
2017-12-14,136.51712818089146,136.8317791067472,134.53027432701694,134.94383239746094,-0.01106873869673941,-0.011130453007181162
2017-12-15,135.79790871443308,137.7757635884052,135.37536530777822,136.8677520751953,0.014257188665486309,0.014156510745544531
2017-12-18,138.15335094013926,139.09733116937198,137.9645631251232,138.71974182128906,0.01353123521073285,0.013440505587195803
2017-12-19,139.1242659797886,139.14225033986992,137.38915247824136,137.62289428710938,-0.007906931773220438,-0.007938357320974948
2017-12-20,138.22527445524793,138.3960916234466,137.40715734337573,137.89263916015625,0.0019600290667054487,0.0019581107160073657
2017-12-21,138.28878223974024,138.99267859494012,138.14438971302505,138.496337890625,0.0043780344922370595,0.0043684787792385394
2017-12-22,138.41513201885098,138.42415138864573,137.89171940012048,138.24366760253906,-0.0018243824489098115,-0.0018260486614173918
2017-12-26,138.07221006956647,138.4602495405393,137.98196128699882,138.32489013671875,0.000587531679304254,0.0005873591501414191
2017-12-27,138.2617409570677,138.9295324433444,137.9007595604011,138.18954467773438,-0.000978460628818123,-0.0009789396339030983
2017-12-28,138.28878908886378,138.74902479927988,138.08121965766932,138.73097229003906,0.003918007064625195,0.0039103516643724055
2017-12-29,139.10996879144935,139.10996879144935,137.5216924981432,137.58486938476562,-0.00826133405075058,-0.008295647987511734
2018-01-02,138.2527296004769,138.94760684977425,137.58493800897574,138.88442993164062,0.009445519356061416,0.009401189366004497
2018-01-03,138.85732890176595,139.3897747127482,138.5414856874876,139.02879333496094,0.0010394498749166647,0.0010389100209637948
2018-01-04,139.8500201368109,140.01245144050975,138.99271168165794,139.3988037109375,0.002661393853035099,0.002657858615465156
2018-01-05,139.76879044888085,139.8590254629743,138.92050145022182,139.68756103515625,0.002071447648987812,0.0020693051594996023
2018-01-08,139.6334117155414,140.12073309836987,138.5234233191464,139.90414428710938,0.0015504834528439204,0.0015492826943856604
2018-01-09,140.0936654894809,140.32829304797698,139.6334159727738,139.7146453857422,-0.0013544909790399462,-0.0013554091311255582
2018-01-10,139.39883123611548,140.030531603065,138.90249031564258,139.73272705078125,0.00012941853725600971,0.00012941016339959734
2018-01-11,139.94025839707328,142.2775560023677,139.85902898130524,142.13316345214844,0.01717877015664926,0.01703288348354634
2018-01-12,142.29558215329482,143.36045990440203,142.10607899667684,142.728759765625,0.004190410591101035,0.004181655271041924
2018-01-16,143.36048705150284,143.85682788668393,140.59904465762799,140.90586853027344,-0.012771716354467944,-0.012853975871156172
2018-01-17,141.50142179626232,142.53019431757969,141.03215303056552,142.2414093017578,0.009478248034768155,0.009433611272406542
2018-01-18,141.88050725985102,142.13318738025765,141.13148627077638,141.266845703125,-0.00685147597606639,-0.006875055100513205
2018-01-19,141.43829571116063,143.2070701432976,141.27586440894044,143.1258544921875,0.013159554740602264,0.013073720011280288
2018-01-22,142.94531110588687,143.8928680419922,142.86409548079934,143.8928680419922,0.0053590146415269935,0.005344706219162149
2018-01-23,143.70339672946565,144.65997324566905,143.1890034499802,144.3531494140625,0.0031987782183615643,0.003193673011369246
2018-01-24,144.71414378280807,144.9578045271219,142.9453691985834,143.4597625732422,-0.00618889746740281,-0.006208128078577719
2018-01-25,144.0643547334529,144.3170347861952,142.77388259052108,143.5138702392578,0.0003771626625130864,0.00037709155455503874
2018-01-26,143.96512813727628,144.109520714812,143.27928404903287,144.02830505371094,0.0035845651266701584,0.0035781558847600725
2018-01-29,143.54094077074768,144.2628896732458,143.14386818587218,143.216064453125,-0.005639451219557445,-0.005655412963189964
2018-01-30,142.27755325263755,142.78291339860664,141.4382836194858,141.84437561035156,-0.009577758249476265,-0.009623919962970394
2018-01-31,142.34976237115728,142.9634100980542,140.70732797852293,141.10440063476562,-0.0052168087201331925,-0.005230463777997779
2018-02-01,140.53586616967073,141.87147672390302,140.35538235073014,141.54660034179688,0.0031338477399853737,0.0031289474742785617
2018-02-02,140.89682605315878,140.9148647932742,138.53244294512956,138.82122802734375,-0.019254240708516335,-0.01944201784627032
2018-02-05,137.77444116917212,138.78516169863693,133.43374074598225,133.48788452148438,-0.03841878927053477,-0.03917625498291656
2018-02-06,131.33105062639484,135.69882228457413,130.16691831697494,135.08517456054688,0.011965805322245782,0.011894781087138664
2018-02-07,135.01297957790888,136.0778437339639,134.1105467256456,135.2205352783203,0.001002039773896568,0.0010015380671677594
2018-02-08,135.355935729691,135.36495510281847,131.24986267089844,131.24986267089844,-0.029364420124866064,-0.02980418507406132
2018-02-09,132.44104010086724,133.50591802422045,128.59668111730886,132.4500732421875,0.009144471063550874,0.009102913543602398
2018-02-12,132.58540057672263,134.39026583984713,131.2858953840683,133.7044219970703,0.009470351538343191,0.009425788887600239
2018-02-13,133.0005420834832,134.27296178602114,132.56736445237624,133.9932098388672,0.00215989746250278,0.0021575682373006027
2018-02-14,133.22617137522448,136.73663475119068,132.82006556047173,136.40272521972656,0.01798236928391317,0.017822599003810807
2018-02-15,137.36834139975423,137.9549172949322,135.87029943448806,137.89175415039062,0.010916416283218933,0.01085726232113938
2018-02-16,137.72024111207463,139.23632128670127,137.6570642197841,138.37901306152344,0.003533633422353688,0.003527404808551186
2018-02-20,137.66611836983347,138.7670874232636,136.87197314571182,137.24197387695312,-0.008216847045041331,-0.008250791404344643
2018-02-21,137.54881436122557,139.70562833786536,137.17881358518306,137.38638305664062,0.0010522231326763887,0.0010516699339409154
2018-02-22,137.90070688476982,139.00167562649585,137.08852315006632,137.16973876953125,-0.0015768978139563128,-0.0015781424259034634
2018-02-23,138.05411053061286,138.99264797749015,137.30508995455588,138.95654296875,0.013026227324241635,0.012942115675949111
2018-02-26,139.4529169125597,140.11168889433148,138.49634050258243,139.8680419921875,0.006559597727200828,0.006538177188414562
2018-02-27,140.0395379320951,140.6712520102385,137.84663248322215,137.85565185546875,-0.014387776564650512,-0.01449228425528387
2018-02-28,138.19856775569542,138.61369293048858,135.64468110716126,135.6807861328125,-0.01577639867051972,-0.015902170620872604
2018-03-01,135.41002721894858,136.7817287565744,133.9029662865041,135.3197784423828,-0.002660713434224249,-0.0026642594235179663
2018-03-02,134.2007866647786,137.84660908856907,133.92102093220765,137.4856414794922,0.016005517168590222,0.015878779425591703
2018-03-05,137.00735422002305,139.20927868382077,136.69149723220767,138.71295166015625,0.008926824412039736,0.008887215859538477
2018-03-06,139.36272455264782,140.22906630994007,137.8917680948996,140.2110137939453,0.010799727897502276,0.0107418273366762
2018-03-07,139.38978091039533,141.61877733094283,139.17319207409284,141.44732666015625,0.008817516062096464,0.008778868783194288
2018-03-08,141.59168740695213,142.10608066386774,140.32828711457583,141.1585235595703,-0.0020417713604430343,-0.002043858617205189
2018-03-09,141.9617247380151,143.4868386221732,141.5646520379936,143.41464233398438,0.01598287313809954,0.01585649186666702
2018-03-12,143.7123607024449,144.0733281569525,143.0265170308701,143.667236328125,0.0017612845524683785,0.0017597353096691904
2018-03-13,144.38928302664414,144.66001568632612,142.71075706065798,142.99954223632812,-0.004647504252618284,-0.004658337478514718
2018-03-14,143.68533072713367,143.838742628532,142.05192979868278,142.32266235351562,-0.004733440906362185,-0.004744679115392249
2018-03-15,142.67464973133355,142.71074098921034,141.11343087000023,141.60977172851562,-0.005008974770505992,-0.005021561734078821
2018-03-16,141.6639138122985,142.82805997294767,141.45635809940472,142.40391540527344,0.0056079722964337275,0.0055923061626676285
2018-03-19,141.83537602703765,141.87148105394735,139.38075745843696,141.03221130371094,-0.009632488668999795,-0.009679181173255143
2018-03-20,141.38413321169165,141.69999017309274,140.5719492681325,140.99609375,-0.00025609435870754815,-0.0002561271564674961
2018-03-21,141.06831460355153,142.8190228263108,140.96001329418146,141.81732177734375,0.00582447361130356,0.005807576942599997
2018-03-22,140.79701101775265,141.66533893949023,138.67139218527015,138.70758056640625,-0.021927795363530178,-0.022171782800890695
2018-03-23,138.89750308906576,139.24122365577242,135.67742768040887,135.72265625,-0.021519547123649896,-0.021754468966542907
2018-03-26,137.56789361585132,138.73472748096032,136.0663931050377,138.6894989013672,0.021859597603971714,0.021624102308758563
2018-03-27,138.98800465767974,139.02417924382334,135.41516734701992,136.0030975341797,-0.01936989742170747,-0.01955995211432533
2018-03-28,136.34678914353256,136.89854462692213,135.12568664365986,135.9578399658203,-0.00033276865880205175,-0.0003328240385783022
2018-03-29,136.65434582225737,138.4814729010616,136.35585373994093,137.33273315429688,0.01011264366087472,0.010061853011444697
2018-04-02,137.05236430526054,137.5498512145334,133.12675162267624,133.98605346679688,-0.024369133349584793,-0.02467097450780091
2018-04-03,134.79099821352776,136.22013536210602,134.13974549261056,135.90354919433594,0.014311159093989057,0.014209721107990628
2018-04-04,134.3206623012251,138.0110902348108,134.1126274295113,137.63119506835938,0.012712294007516833,0.012632171114069921
2018-04-05,138.4271686711664,138.94274958775665,137.7759296319408,138.77088928222656,0.008280784115120898,0.008246686529512267
2018-04-06,137.8211706776135,138.75282154135496,134.9086265282268,136.0030975341797,-0.019945045840398468,-0.02014663321663844
2018-04-09,136.9437321772907,138.0291625399995,136.05731026277758,136.1658477783203,0.0011966657163799965,0.001195950282661405
2018-04-10,137.613166085279,139.2503390552012,137.18804214480065,138.73477172851562,0.018866140020495914,0.018690381549253617
2018-04-11,138.19199580974905,139.5759046105532,138.05632388881654,139.033203125,0.0021510930011718887,0.002148782713125124
2018-04-12,139.6844486320961,140.57088456275136,139.23219047222764,139.98294067382812,0.006831012502634071,0.006807786846568615
2018-04-13,140.46232312712897,140.49851150633964,138.85228529782205,139.25027465820312,-0.0052339664540422826,-0.005247711638664325
2018-04-16,140.05532113988752,140.9417571813305,139.3950280084661,140.5347137451172,0.00922396088673283,0.009181679959054353
2018-04-17,141.29447824557303,142.45225784932788,141.0683492010612,142.0633087158203,0.01087699209659676,0.010818263097515674
2018-04-18,142.47941042666204,143.25729499119976,142.1537840089062,142.44322204589844,0.0026742537078177087,0.002670684253705246
2018-04-19,142.13570847621463,142.4975095204032,140.99602276537797,141.4573211669922,-0.006921360418178146,-0.006945424133241292
2018-04-20,141.14976790450402,141.7557921543831,140.33569497342793,140.697509765625,-0.00537131196249796,-0.005385789323483525
2018-04-23,140.90554118407513,141.366839505745,139.81108424389092,140.48947143554688,-0.00147862126646503,-0.0014797155056664342
2018-04-24,141.01410373667088,141.67441065767906,138.56287197828084,139.68446350097656,-0.005730023227681014,-0.005746502793123072
2018-04-25,139.621151106352,140.0191405279368,138.35483367569563,139.47642517089844,-0.0014893448051699343,-0.0014904549815714983
2018-04-26,139.67541908584417,140.57089527930773,139.2412550837822,140.11863708496094,0.004604447764384512,0.004593879722358479
2018-04-27,140.09153809994956,140.53474240924362,139.09656430021707,139.919677734375,-0.001419934954586366,-0.0014209440175396127
2018-04-30,140.2181408691628,140.7879768349274,138.65331750765776,138.6804656982422,-0.008856595842690163,-0.008896048605173583
2018-05-01,138.4000420159722,139.55782184209437,137.224181800128,139.3588409423828,0.004891642386150696,0.004879717176961399
2018-05-02,139.09652853105794,140.90556130040642,139.00607137186063,139.88345336914062,0.003764471799637903,0.0037574039080384945
2018-05-03,139.39498431412582,139.74774506026333,137.63118058343818,139.12362670898438,-0.005431855175544786,-0.005446661341843231
2018-05-04,138.6261496390468,141.55678713366487,138.21007991067745,140.8603057861328,0.012482991697601253,0.012405721534106953
2018-05-07,141.27642135968964,142.78696211964856,141.1950181946091,142.05430603027344,0.008476484822867558,0.00844076115750552
2018-05-08,141.9367134145396,142.75982666015625,141.78294728104393,142.75982666015625,0.004966555746169776,0.004954263092810971
2018-05-09,142.9225557010938,143.90848854431374,142.35272005612956,143.52857971191406,0.005384939655242338,0.005370492708447751
2018-05-10,143.7276508600991,144.87639055597353,143.6010191158013,144.29750061035156,0.0053572668243555555,0.005342967717129267
2018-05-11,144.31560766960197,144.8402288861305,143.85429542995428,144.57791137695312,0.001943282214975861,0.0019413964847011993
2018-05-14,144.74071396983896,145.3467382839398,143.86333198328975,144.02613830566406,-0.003816441018091976,-0.003823742211416748
2018-05-15,143.55584110158557,144.3518063545208,143.0673943900429,144.05331420898438,0.0001886873010692458,0.00018866950185940812
2018-05-16,144.26132721120598,145.91659389785866,144.2432330184935,145.55477905273438,0.010422980213921074,0.010369035475163426
2018-05-17,145.6271521678599,146.53166864095218,145.40102304958683,146.22413635253906,0.004598662470314263,0.004588120927699248
2018-05-18,146.48644073318965,146.82112121502058,146.12463966301289,146.41407775878906,0.0012989743758311523,0.0012981314385069793
2018-05-21,146.86633123125785,147.65326992618472,146.85729103543594,147.3819122314453,0.00661025556743744,0.006588503632717709
2018-05-22,147.67136526328886,147.73468804592795,146.1970126892144,146.31459045410156,-0.007241877657738982,-0.007268227344954922
2018-05-23,145.92564187909144,146.7849297541427,145.74474134779,146.50453186035156,0.0012981713283719554,0.001297329432510996
2018-05-24,146.45929475755588,146.84824398896342,145.28342066975816,146.5587921142578,0.00037036570280268855,0.00037029713435552726
2018-05-25,146.30551846625684,146.67637347928914,146.05225499438697,146.29647827148438,-0.0017898199008691273,-0.0017914235422797804
2018-05-29,145.51859847678483,146.73968729900483,144.82211700519818,146.0974884033203,-0.0013601822170646871,-0.0013611081045755496
2018-05-30,146.85727097904658,148.69343801340003,146.85727097904658,148.4130401611328,0.01584936047237262,0.015725070912012865
2018-05-31,148.41304839768432,148.68440607042393,146.83918493725426,147.22813415527344,-0.007983840264796926,-0.008015881774297516
2018-06-01,148.1869131744256,148.6843999202327,147.68942642861848,148.19595336914062,0.006573602385305577,0.006552090483475407
2018-06-04,148.6301492937608,148.98291015625,147.72563284616535,148.98291015625,0.005310244775369455,0.005296195141630436
2018-06-05,148.83817956934365,149.94169070513328,148.64822504847075,149.90550231933594,0.006192603984700895,0.006173508605511218
2018-06-06,149.88745396823768,150.99095153808594,149.7698623919978,150.99095153808594,0.007240889773596937,0.007214800395745281
2018-06-07,151.1537357228456,151.26227327395054,149.45324047913547,150.16781616210938,-0.005451554332174258,-0.005466468281993723
2018-06-08,150.2039725870337,150.7014593058316,149.9326149402509,150.62005615234375,0.003011564007471268,0.003007038332548863
2018-06-11,150.72859986739965,151.1537236443561,150.41201363287502,150.84619140625,0.0015013621670512123,0.001500236249671841
2018-06-12,150.98185961549328,151.9044701089108,150.80999930966004,151.5336151123047,0.0045571167534708135,0.004546764535846525
2018-06-13,151.7507185395034,151.84116189736363,150.71051641042473,150.9366455078125,-0.003939519320843465,-0.003947299667690036
2018-06-14,151.49745920661397,151.81403167053818,150.70148034540992,151.74166870117188,0.0053335171896191635,0.005319344358504144
2018-06-15,151.2713285779258,151.8411645279744,150.6291158574154,151.78689575195312,0.0002980529420057998,0.0002980085330516078
2018-06-18,151.027113861706,152.51052029844772,150.81002494346606,152.50148010253906,0.004707813194583688,0.004696766100248819
2018-06-19,151.5517432767895,152.65525451779052,150.63817277294555,152.51052856445312,5.933360061805004e-05,5.93318404495933e-05
2018-06-20,153.2703092040803,153.94869653942013,152.81805098052038,153.74066162109375,0.008065889405928894,0.008033533987017805
2018-06-21,153.74970832997758,153.84016549925173,151.7507346261857,152.302490234375,-0.009354528408777374,-0.009398556801337589
2018-06-22,152.87229173631098,153.04415203805243,151.3346168184409,151.79592895507812,-0.003326020989659062,-0.0033315644927556336
2018-06-25,151.27132461449548,151.38890235885265,148.46731831104557,149.31756591796875,-0.016326940084426145,-0.016461693322558653
2018-06-26,149.45324174732335,150.7467073835408,149.1095348986329,150.18589782714844,0.005815336620587086,0.005798492820611496
2018-06-27,150.33967500341382,150.61101887850043,147.71656919570339,147.77989196777344,-0.016020184945354288,-0.01614989529612914
2018-06-28,147.64420329486657,148.53967947033453,146.7668213113198,148.23214721679688,0.0030603300828102586,0.003055656804790319
2018-06-29,148.62110802161817,149.29045521880806,147.987949214453,148.13267517089844,-0.0006710558253801846,-0.0006712810841203369
2018-07-02,147.2190297764139,149.20897616094638,146.96576638234973,149.15469360351562,0.00689934500567202,0.006875653433382878
2018-07-03,149.558747214249,150.4211469316175,149.51335483927,149.7493896484375,0.003987109158647639,0.003979181703691894
2018-07-05,150.56636149010802,151.48322630054858,149.63133696359594,151.45599365234375,0.011396400398778317,0.011331950629113172
2018-07-06,151.57405015320296,152.9085056669069,151.1655464728832,152.73602294921875,0.008451493176382385,0.008415979264687273
2018-07-09,153.425901851011,153.71640190374725,152.86307531359063,153.6982421875,0.006299884072542339,0.006280122755456815
2018-07-10,153.94339442974632,154.2066480584,152.11873719524684,152.99928283691406,-0.004547607966350453,-0.004557979792068589
2018-07-11,152.1641103508421,153.06282953410204,151.64667604664402,151.70114135742188,-0.008484624603606217,-0.008520823934863002
2018-07-12,152.57259372423954,152.73598961998871,151.2744440835202,152.43641662597656,0.004846867083368345,0.004835158840064547
2018-07-13,152.37287113532386,153.1717185628244,151.98251342773438,151.98251342773438,-0.002977655919030875,-0.002982097956514621
2018-07-16,152.2911765021709,152.53628421354492,150.65716203116074,151.39247131347656,-0.003882302647523761,-0.003889858346460456
2018-07-17,151.37429215968214,152.5090319809691,151.22904213812433,152.064208984375,0.004437061269100484,0.004427246534424132
2018-07-18,151.92800310695344,152.56345445816967,151.21085383596667,152.49082946777344,0.0028055285740662406,0.00280160042408584
2018-07-19,152.3002637658936,153.64379201251947,151.83728099275302,153.5711669921875,0.0070846065182061935,0.007059628596557877
2018-07-20,153.235263217193,153.6982320624623,152.82675966527256,152.94476318359375,-0.004078915468719524,-0.004087256934903876
2018-07-23,152.78141390394973,153.55302888141827,152.3365907862503,153.1354522705078,0.0012467840215304449,0.0012460074317583978
2018-07-24,153.82536456654043,154.10677789391858,150.89320003844765,151.5014190673828,-0.010670508878888096,-0.01072784700820714
2018-07-25,151.5467535936788,152.05511474609375,150.82051743945635,152.05511474609375,0.0036547227221988,0.0036480604506799615
2018-07-26,152.2003894823551,153.7527058356274,152.06421238966846,152.8721466064453,0.005373261279081998,0.005358876815343304
2018-07-27,152.96290233331325,153.1626176166107,149.5949890120717,150.0216522216797,-0.018646263875027214,-0.018822297129387856
2018-07-30,150.01258657295304,150.7115900984241,148.94139895763632,149.0594024658203,-0.006414072512929692,-0.006434731060356549
2018-07-31,149.3590167555035,151.25629871238652,149.23192642948757,150.57545471191406,0.010170792455989952,0.010119417998705152
2018-08-01,150.42112063776906,150.9113360389588,149.33177308773335,150.4755859375,-0.0006632473705966424,-0.0006634674164358731
2018-08-02,149.74933343415285,151.7918648751904,149.7311737206166,151.57398986816406,0.007299549118355175,0.007273036352336036
2018-08-03,151.7374174993248,152.21854612023344,150.33942400404052,151.04750061035156,-0.0034734802341116477,-0.0034795267723277557
2018-08-06,150.93858500543118,152.06423825970316,150.60269253443735,151.8917694091797,0.005589425812519977,0.005573862936824442
2018-08-07,152.40919052359385,152.9538712364325,152.1459369518656,152.25486755371094,0.0023905057261732754,0.002387653012740532
2018-08-08,152.2548919117857,152.49999965695656,151.13831150882004,152.1187286376953,-0.0008941514856173338,-0.0008945514775102882
2018-08-09,152.19127005589795,153.15354087502263,152.1004991987138,152.50900268554688,0.002565588414698672,0.00256230291104213
2018-08-10,151.64661552045288,153.117233731726,151.56491758689393,152.0823516845703,-0.002797546331453349,-0.0028014667776520455
2018-08-13,152.27300827083926,152.5544215250293,150.58451489389483,151.19273376464844,-0.005849580244307373,-0.005866756052422959
2018-08-14,151.51952177355176,153.0536920215879,151.5013620603518,152.69056701660156,0.009906780667678694,0.009858030224961198
2018-08-15,152.23670733762904,152.3456517909236,149.9218350933539,150.77516174316406,-0.012544358900895558,-0.012623703621781954
2018-08-16,151.4741683033486,152.66337356489464,151.31984533103713,152.1731719970703,0.009272152241412757,0.009229429721241807
2018-08-17,152.027875330952,152.935667020346,151.5376600616702,152.8267364501953,0.004294873035423086,0.004285676391104728
2018-08-20,153.2443617013855,153.58024030091184,152.354729440804,153.25344848632812,0.0027921294797252916,0.0027882387268507616
2018-08-21,153.54393827780467,155.5592376253176,153.5257785593045,155.01455688476562,0.01149147647789861,0.011425950974141784
2018-08-22,154.86021908414858,155.67724011677302,154.7058961211852,155.39581298828125,0.0024594858133164532,0.002456466228154648
2018-08-23,155.31409565598392,155.70445333271675,154.488001793985,154.9237518310547,-0.0030377984332317087,-0.003042421908724125
2018-08-24,155.36855950792727,155.94047276890433,155.2505559943092,155.7679901123047,0.005449379267361554,0.005434585121765822
2018-08-27,156.24005702065014,156.99352592397562,155.79523402418926,155.9949493408203,0.0014570338126080884,0.0014559733687859104
2018-08-28,156.28543250094071,156.5759186607848,155.3231754530151,156.1401824951172,0.0009310119007734929,0.0009305787780012592
2018-08-29,156.15831907466594,156.8391627928215,155.64995798139793,156.59405517578125,0.002906828168195874,0.0029026115126153033
2018-08-30,156.29452782289667,157.25678500867687,155.97680897291912,156.46701049804688,-0.0008112994940437934,-0.0008116287755876573
2018-08-31,156.10388972373275,157.40202539627515,156.09480294024658,157.06614685058594,0.0038291544692516943,0.0038218419185898486
2018-09-04,156.85735852054776,157.1569315139934,155.34134768836296,156.36715698242188,-0.004450289780324246,-0.004460221797746464
2018-09-05,156.3035774142397,156.34896977225944,154.65140362638354,155.9495391845703,-0.002670751364357904,-0.0026743241836087715
2018-09-06,156.29455431982205,156.57596763675258,154.70591824519485,154.8965606689453,-0.006752046342238804,-0.006774944538470052
2018-09-07,154.51524497931453,155.64089792143855,154.01595672991922,154.81480407714844,-0.0005278141195892427,-0.0005279534624952544
2018-09-10,155.4593738874265,155.84971778321122,154.67867224405097,155.00547790527344,0.0012316252910153924,0.0012308674627631306
2018-09-11,154.86929969659585,155.77709157324222,154.3246190298861,155.2596435546875,0.0016397204334248627,0.0016383775596329531
2018-09-12,155.04175886028668,155.3140991766778,153.71639055994913,154.88743591308594,-0.0023973238188612633,-0.0024002020004832165
2018-09-13,155.48657831418188,155.72259919540863,154.56062680016328,154.9237518310547,0.00023446651921554817,0.00023443903623703992
2018-09-14,155.02365412566678,156.0766823889864,154.6877616438889,155.57740783691406,0.004219211051460947,0.004210335137988919
2018-09-17,155.61366415122035,155.72259473146337,153.7345423830122,153.9251708984375,-0.01062003128505995,-0.010676826284989616
2018-09-18,154.14305414275114,154.96914802518685,153.9887311952308,154.56971740722656,0.0041874016122700475,0.00417865884396261
2018-09-19,154.57879501158098,155.29595832963548,153.48037463078975,154.0068817138672,-0.0036413063490083886,-0.003647952042547634
2018-09-20,154.66046989100406,155.50472338801256,154.15210874742152,155.43209838867188,0.009254240193322216,0.009211682073097948
2018-09-21,155.91325344527172,155.97680552494535,154.5243329943403,154.68772888183594,-0.0047890333756839265,-0.004800537539934012
2018-09-24,154.56063861839712,154.77851365359143,153.19895081499308,154.11582946777344,-0.0036971220548422945,-0.0037039733023983916
2018-09-25,154.3699968725331,154.79666012256519,154.18844128464366,154.35183715820312,0.0015313656698647815,0.0015301943251429435
2018-09-26,154.67041601184857,154.76144164770557,152.7134898379821,152.9410400390625,-0.009140138174673185,-0.009182165524135115
2018-09-27,153.25048691520303,153.55085481185137,152.69526393447012,152.9501190185547,5.936261117267527e-05,5.936084928259924e-05
2018-09-28,152.41315626865747,153.8239706111473,152.41315626865747,153.4143829345703,0.003035394277524528,0.00303079676946477
2018-10-01,154.08784739126716,154.11516618566492,150.8839514052778,151.39366149902344,-0.013171655726756049,-0.013259171317025123
2018-10-02,151.25710473424647,151.57568044847446,149.43670382678764,149.75527954101562,-0.010821998370244668,-0.010880982128703434
2018-10-03,150.346973571625,151.75778770282537,149.73714065319655,151.0660400390625,0.008752683057747346,0.008714600383116097
2018-10-04,150.58360018011766,150.77473454209837,148.48103886697015,148.9452362060547,-0.01403891855813133,-0.014138396312799555
2018-10-05,149.04539108550247,149.41857677200983,146.23287375644185,147.59817504882812,-0.009044002960678754,-0.009085148221907136
2018-10-08,147.24315296438658,147.8165698904307,146.13270713628253,147.28866577148438,-0.0020969722507839794,-0.002099173975603296
2018-10-09,147.10668127743142,148.12611584236092,146.52415319257102,146.71530151367188,-0.0038927928011925905,-0.0039003894402591145
2018-10-10,146.37848629033363,146.53321874593024,142.3189849727865,142.5010223388672,-0.028724196667461954,-0.0291448105154317
2018-10-11,141.81836640102404,143.19277832301896,139.7249020493864,139.77952575683594,-0.01909808461275131,-0.019282808730269968
2018-10-12,141.59082465912658,141.77286202911466,138.25038961545334,139.8068389892578,0.0001954022398773514,0.00019538315134626417
2018-10-15,139.5884078425868,141.34508887863248,138.84203645271066,140.32566833496094,0.0037110441052385923,0.0037041751697663443
2018-10-16,141.3360111721246,144.59453244188157,140.20735692422994,144.394287109375,0.028994116491233513,0.028581739139972216
2018-10-17,143.97559155556345,144.01200737418228,141.89123731801442,143.77536010742188,-0.00428636765583601,-0.004295580465427794
2018-10-18,143.27471835125056,143.47496364824474,140.50770000472903,141.0811309814453,-0.018739157557759345,-0.01891696032389986
2018-10-19,141.50890292501614,142.3189809866629,139.02405892063732,139.58837890625,-0.010580805985965891,-0.010637180726372035
2018-10-22,140.09811839231364,140.58052374972672,138.8238427101966,139.2880401611328,-0.002151602787212714,-0.0021539208100628225
2018-10-23,137.3766199801275,139.16061991755433,135.54712110695849,138.04107666015625,-0.008952408975918091,-0.008992722572047075
2018-10-24,137.8316919634615,138.33230515025042,132.7254791238979,132.8437957763672,-0.0376502488211119,-0.03837732767677297
2018-10-25,133.5537795817103,136.36631103202257,133.26252250395746,135.72006225585938,0.021651492737637223,0.021420428476952635
2018-10-26,134.29098371247295,136.00216519943098,131.70601747070614,134.2363739013672,-0.010931975198295585,-0.01099216832768456
2018-10-29,135.73824551698047,137.10354667442002,132.04283260634725,133.4991455078125,-0.005492016598246163,-0.005507153167033826
2018-10-30,133.6629789506297,136.42998298008817,133.3990129688505,136.2843475341797,0.020863070065150202,0.02064841663820853
2018-10-31,137.6770080201767,138.22313421431815,136.55746459960938,136.55746459960938,0.0020040237222487267,0.0020020183454771837
2018-11-01,137.34018343369482,139.96156590102447,137.26736571087338,139.7067108154297,0.023061692197156702,0.022799790329266573
2018-11-02,140.22555404788415,140.9810224917684,138.7510329751697,140.1709442138672,0.0033229140943042967,0.003317405415137112
2018-11-05,140.20731284412156,140.7716467349292,138.6690852932048,140.0616912841797,-0.0007794263661433654,-0.0007797302768010661
2018-11-06,139.85237503374452,141.18127457562866,139.73405835055826,140.75347900390625,0.004939164402369967,0.004927006745881941
2018-11-07,141.40881977675014,143.2747344970703,140.89910946825694,143.2747344970703,0.017912562524256215,0.017754023009447176
2018-11-08,142.5465295743097,143.7206823448591,142.30077150100948,142.8924102783203,-0.002668469218191527,-0.002672035928693523
2018-11-09,141.99134325174418,142.01864816820748,139.21522767327616,140.24375915527344,-0.018535981847376926,-0.01870992599607607
2018-11-12,140.18907946258923,140.32560397687217,137.29463476277922,137.4675750732422,-0.019795419765934463,-0.01999397376300046
2018-11-13,137.98641407439865,139.34260405572948,136.79403964310262,137.03070068359375,-0.003178017721020221,-0.003183078344015156
2018-11-14,138.18669589719437,138.76922386956412,135.1466145868449,136.02951049804688,-0.007306320266570299,-0.007333142150528721
2018-11-15,135.15571421999363,138.1684764770384,134.8280413948085,137.96823120117188,0.014252206716224514,0.014151598814376602
2018-11-16,137.0853146983929,138.61444505970465,136.58470158419235,138.29588317871094,0.002374836400282021,0.002372020932953126
2018-11-19,138.05925172928366,138.3778275671355,135.04648928050108,135.49249267578125,-0.020270961351084082,-0.020479236722826987
2018-11-20,134.0270357219119,135.1010657423433,132.51609942228515,132.88018798828125,-0.019280069588438087,-0.01946835415187978
2018-11-21,133.59929410252244,135.95671122575456,133.37174386540974,134.73704528808594,0.013973921379223597,0.013877186277340088
2018-11-23,133.63569618910063,135.8929904205593,133.62658529187098,134.60960388183594,-0.0009458527606680533,-0.0009463003616558296
2018-11-26,135.9112034461226,136.89420818455372,135.38328526374244,136.35719299316406,0.012982648049853829,0.012899095850197873
2018-11-27,135.78374000330146,136.28435318903348,134.97366189859366,135.22853088378906,-0.008277246580102204,-0.008311693199378802
2018-11-28,135.80195161811474,138.68728638201532,134.43665046802263,138.5689697265625,0.024702175058339604,0.02440200945067598
2018-11-29,137.99554024060419,139.02407156209003,136.9306069990361,138.19578552246094,-0.002693129672811767,-0.002696762670751417
2018-11-30,137.8590334756104,139.13330917140976,137.51315269165195,138.91485595703125,0.005203273253607588,0.005189783002738001
2018-12-03,140.52591921777017,140.60783396716008,138.368747485786,140.24375915527344,0.009566314481535665,0.009520847035755522
2018-12-04,139.94337429616098,140.2892550477044,133.9269463968941,134.2728271484375,-0.042575384764359514,-0.04350829185116639
2018-12-06,132.38870075800415,133.98155212402344,130.55009129243035,133.98155212402344,-0.0021692775120617513,-0.002171633802772943
2018-12-07,133.92693424709293,134.94635461571357,130.40446188236487,131.0871124267578,-0.021603270385958107,-0.021840037200572544
2018-12-10,131.3146974836135,131.72428514131798,128.74792408848685,130.70486450195312,-0.002915984018019069,-0.0029202437823676393
2018-12-11,132.59807317041074,133.06228456263997,129.6035180330029,130.56832885742188,-0.0010446102756123121,-0.001045156261187482
2018-12-12,131.86990218664627,133.58107032218305,131.76066864158798,131.81529235839844,0.009550275414325293,0.009504959823208241
2018-12-13,132.19756841170766,132.60715599157805,129.7400151553615,129.94937133789062,-0.014155573204924332,-0.014256718983511035
2018-12-14,129.0027809432863,130.3680824126162,127.5191627908385,127.98336029052734,-0.015129053931714043,-0.015244665613830201
2018-12-17,127.55321684195482,128.65825193021647,124.347724636657,125.13311767578125,-0.022270415531174703,-0.02252214567821079
2018-12-18,126.2655040727617,127.10568949995087,124.46640666903848,124.97783660888672,-0.001240927020589866,-0.001241697608086279
2018-12-19,124.93217801620902,126.6490727028872,121.69014875212712,122.37508392333984,-0.020825714031937448,-0.021045627813915845
2018-12-20,122.03721200341747,122.74954361243698,118.93216356418753,120.35682678222656,-0.016492386165615103,-0.01662989961269433
2018-12-21,120.89562652976815,121.41617000556059,116.87733886106804,117.2334976196289,-0.025950577512723894,-0.026293234853538097
2018-12-24,116.6490307888131,117.3248315507789,114.92298772014323,114.95951843261719,-0.019397008817307326,-0.019587599409986237
2018-12-26,115.32481055427911,120.63991388480022,114.89558342201883,120.48464965820312,0.04806153766923149,0.04694230332497866
2018-12-27,118.96867824897383,120.98694610595703,116.77688428286514,120.98694610595703,0.0041689663303901,0.004160300267591675
2018-12-28,120.98690805396635,123.29742088276325,120.12845400341808,121.33394622802734,0.0028680790220658725,0.0028639739307052743
2018-12-31,122.11938230991193,122.42075547325064,120.36594985188513,122.28376007080078,0.007828096524516104,0.00779761594353404
2019-01-02,120.7038616823169,123.44360284947712,120.1285115779991,122.97785186767578,0.005676075028058669,0.005660026812808082
2019-01-03,122.29290215262091,122.95956852285734,120.22895513168785,120.77690887451172,-0.017897068128432392,-0.018059157514273123
2019-01-04,122.30203149828178,125.66278756519839,122.11025743985522,125.2883529663086,0.03735353167950595,0.036672788871875445
2019-01-07,125.35226608022721,128.19246453294565,124.87738771938518,127.48013305664062,0.01749388541264829,0.01734262889409767
2019-01-08,128.5851658347053,129.48927134395768,127.297484366025,129.43447875976562,0.015330590392909738,0.015214264284050804
2019-01-09,129.88198945149287,130.95048676926044,129.3340356774895,130.50299072265625,0.008255234409942691,0.00822134633727681
2019-01-10,129.7358554234398,131.2518486573618,129.08745791287458,131.1787872314453,0.0051783986332178955,0.00516503683564067
2019-01-11,130.60347335557813,131.4984656194577,130.30210011591,131.21534729003906,0.0002787040448029021,0.0002786652140452993
2019-01-14,130.42993549973113,130.99614414696455,129.76325519600644,129.9093780517578,-0.00995286957854502,-0.010002730500336086
2019-01-15,130.27469432670682,131.1879414343179,129.76327817605178,131.0052947998047,0.008436009505104813,0.00840062523898451
2019-01-16,131.215299198051,132.64910342474917,131.2061717462716,131.98243713378906,0.007458800313968839,0.0074311210139434035
2019-01-17,131.49844653688635,133.63544126982444,131.48017769424197,133.17881774902344,0.009064695585380145,0.009023857834679285
2019-01-18,133.88200916184687,135.08748789608808,133.33405541489188,134.54867553710938,0.010285853345443075,0.010233313923981852
2019-01-22,133.75415355447228,134.02811648964817,131.5532250749429,132.42080688476562,-0.01581486137897259,-0.015941250622578684
2019-01-23,132.71300437382973,133.49838308268644,131.01436511773485,132.0554656982422,-0.00275894094831608,-0.0027627538405386384
2019-01-24,131.90022167799026,133.11484153012893,131.808905363831,132.85000610351562,0.006016717301872365,0.0059986891357713375
2019-01-25,133.900276568044,134.83179245081254,133.72675740080788,134.5578155517578,0.012855170265566151,0.012773243935199132
2019-01-28,133.2975371063437,134.16511896188217,132.75871079033948,133.8363494873047,-0.005361755179323691,-0.005376180976794112
2019-01-29,133.9825191976728,134.08297695933678,133.22452225694417,133.51675415039062,-0.0023879561728810117,-0.0023908118873426304
2019-01-30,134.22899054504325,135.47100656337633,133.04176709685103,134.9778594970703,0.010943235970475529,0.010883792043148793
2019-01-31,134.8043503268102,136.34773952959105,134.73128891623037,136.12855529785156,0.008525070741740581,0.008488937539668815
2019-02-01,136.3934692364552,136.69482853711406,135.69026501981094,136.2382049560547,0.000805486093371055,0.000805161863544477
2019-02-04,136.44823393243868,137.8728969843881,135.96421415030315,137.86376953125,0.011931782099739552,0.011861159600833348
2019-02-05,137.90944521157888,138.44827161331622,137.20625494896555,138.00990295410156,0.0010599842391401104,0.0010594228525187893
2019-02-06,137.9368072048427,138.23818035745666,137.07836681456763,137.8363494873047,-0.0012575435753664488,-0.0012583349468140484
2019-02-07,136.91400717012456,137.62633881210468,135.51674018508317,136.70396423339844,-0.008215432707832648,-0.00824936535047792
2019-02-08,136.12859421235115,136.89571834017508,135.6171781271352,136.85006713867188,0.0010687539757368025,0.0010681832648033335
2019-02-11,137.25183564171294,138.03722833382,136.64910343128898,137.9915771484375,0.008341318595108227,0.008306722051213786
2019-02-12,138.74042501734053,139.90025212804863,138.7039012839099,139.7176055908203,0.012508215921948063,0.012430634456447752
2019-02-13,140.11032104492188,140.4208216095451,139.452782240402,140.11032104492188,0.0028107800190311227,0.0028068371634785085
2019-02-14,139.3432265348716,140.97793250532823,139.17883483147736,140.42999267578125,0.002281570896956797,0.0022789720662715184
2019-02-15,141.35234178228032,142.6856882718177,140.88659092037372,142.66741943359375,0.01593268443001472,0.015807091479029756
2019-02-19,142.05555641174283,143.47109187710757,142.05555641174283,143.06011962890625,0.0027525569388691107,0.0027487755913451818
2019-02-20,143.06928023835349,143.90946581715315,142.9505536675845,143.73594665527344,0.004724077039221397,0.004712953605500537
2019-02-21,143.49848755411122,143.7176578881684,142.52130669796776,143.18797302246094,-0.003812363194898749,-0.0038196487742080034
2019-02-22,143.62634487396306,144.53959178037977,143.47109457207728,144.42999267578125,0.008674050111216358,0.008636646675773981
2019-02-25,145.27931136031563,145.66287336719674,144.37519195728376,144.46652221679688,0.0002529221274532034,0.0002528901480440122
2019-02-26,144.30217467266385,144.46656640305977,143.27934234147273,143.47113037109375,-0.006890121188141918,-0.006913967673041764
2019-02-27,142.9140460688868,143.78162804128513,142.57613516044484,143.6720428466797,0.0014003686669663562,0.0013993890651937536
2019-02-28,143.46196786574453,143.81813363829355,142.80442891103203,143.17886352539062,-0.0034326742455758064,-0.0034385793893098827
2019-03-01,144.24732714196205,144.60349283129864,143.15143378516024,144.51217651367188,0.009312219383867504,0.00926912798010403
2019-03-04,144.78613553078927,145.00531977030585,142.09206036962317,143.2062225341797,-0.009036982287569661,-0.009078063499416594
2019-03-05,143.32497420937497,143.3341016619824,142.4299961273702,142.53958129882812,-0.004655113608575623,-0.00466598239333266
2019-03-06,142.48476596412692,142.53955854110774,139.6171716434637,139.74502563476562,-0.01960547125646339,-0.019800207980698918
2019-03-07,139.74501668587612,139.85460183282026,138.23815124019902,138.52125549316406,-0.00875716424282591,-0.008795733542502522
2019-03-08,137.7541258213816,138.5943110945,137.54408298686158,138.48472595214844,-0.00026371072717734645,-0.0002637455049654789
2019-03-11,138.9139597628606,140.9230997689105,138.7221718193788,140.9048309326172,0.017475609413452498,0.017324666954871795
2019-03-12,141.00534734813363,141.5350323409015,140.45740744650973,140.9779510498047,0.0005189326491046309,0.0005187980501206692
2019-03-13,141.48021107655393,142.21993885163667,141.32496077246614,141.53500366210938,0.003951345640623494,0.00394355957798137
2019-03-14,141.46191506407146,141.57151414917246,140.8226451303133,140.9596405029297,-0.004065165113170677,-0.004073450358419084
2019-03-15,141.1240330563667,142.34778047743524,140.94138647539305,141.33407592773438,0.002656330730333556,0.002652808919210558
2019-03-18,141.60804717301318,142.8774596729419,141.0783623545842,142.23818969726562,0.006396997777050828,0.006376623828678143
2019-03-19,142.90483326212254,142.95049838206853,141.16054273450564,141.51670837402344,-0.005072346075113643,-0.005085254090246867
2019-03-20,141.50942789411113,142.31523217080897,139.55903559301998,140.3373565673828,-0.008333657701560138,-0.008368576764580327
2019-03-21,139.85201783944714,142.90123861146134,139.85201783944714,142.1778564453125,0.01311482503980299,0.0130295703134379
2019-03-22,141.1980328378246,141.50936108057635,136.95843854528334,137.00421142578125,-0.03638854283558035,-0.03706711835318125
2019-03-25,136.87607925773162,138.56094399107917,135.89630722843717,137.60862731933594,0.004411659227586018,0.004401956385637279
2019-03-26,138.6982437485968,139.93441905788907,138.07557321647877,139.05535888671875,0.010513378380161642,0.010458497140709141
2019-03-27,138.9180234887352,139.3758641628535,136.87604402219188,138.51512145996094,-0.0038850529104593745,-0.003892619332174939
2019-03-28,138.99127972468887,140.03515600811363,138.20379312686384,139.7512969970703,0.008924480764843423,0.008884892945862628
2019-03-29,140.72190453222677,140.98745995073935,139.2751402806587,140.18165588378906,0.003079462559319124,0.003074730726338176
2019-04-01,141.28047457904265,141.85735832202008,140.75854345573995,141.71084594726562,0.010908631759523946,0.010849561829247106
2019-04-02,141.81161236148952,141.82077812017357,140.5662847612618,141.34461975097656,-0.00258432016153054,-0.002587665281362488
2019-04-03,142.60824539741134,142.98366420291126,141.6833981171385,142.0771484375,0.005182572126296803,0.005169188819428274
2019-04-04,142.18703563259575,142.8554792785206,141.78413349898884,142.7730712890625,0.00489820396324081,0.004886246792087136
2019-04-05,143.12100201142866,144.1923475457953,143.0202765010768,144.1099395751953,0.009363588483896512,0.009320021838186527
2019-04-08,143.62461753956063,144.21980479587484,142.91038724310846,143.87184143066406,-0.001652197934667865,-0.0016535643189077374
2019-04-09,143.26753719207588,143.4872918153256,141.84822803742617,142.11376953125,-0.012219708053582745,-0.012294982536057614
2019-04-10,142.37015386120422,144.09163952997713,142.23280722686198,144.0458526611328,0.013595326731924873,0.013503739449764263
2019-04-11,144.23816473039017,144.3846631626347,143.58802466832338,143.86273193359375,-0.0012712669206093041,-0.001272075665894436
2019-04-12,144.7966960803917,144.8241654030661,143.86269719289606,144.38462829589844,0.003627738437120609,0.0036211740651293884
2019-04-15,144.63189404577784,144.76925465781073,143.30415862927396,143.91766357421875,-0.0032341719973313365,-0.0032394132353466124
2019-04-16,144.41211733992176,144.58608506638933,143.74365986906315,144.25643920898438,0.0023539545206063828,0.0023511883098362592
2019-04-17,144.7600631792934,144.77838071874802,142.11374460174432,142.9378662109375,-0.009140479310851823,-0.009182509807166958
2019-04-18,142.9470646135472,143.10272881920605,141.61932899994503,142.51669311523438,-0.002946546684008733,-0.00295089629901968
2019-04-22,142.2144915482351,142.67233229829554,141.4911093109035,142.1412353515625,-0.0026344827084101574,-0.0026379590649236737
2019-04-23,142.26942514053547,144.72345873908074,142.2602733558486,144.283935546875,0.0150744447240303,0.014961954359865116
2019-04-24,144.32967248200785,145.30945811480797,144.10075217215964,144.73257446289062,0.0031094169584102715,0.0031045927192932705
2019-04-25,144.06413207754366,144.19232689306745,142.36096440147804,143.5330352783203,-0.008287969650383586,-0.008322505826412707
2019-04-26,143.72537099786626,145.1263625420473,143.21257763332065,144.92491149902344,0.00969725344415795,0.00965053685424744
2019-04-29,145.24537112654278,146.15190069216086,145.1263420522452,145.6208038330078,0.004801744067230773,0.0047902524659902065
2019-04-30,145.73067803073826,145.76731310835115,143.72534765536287,144.9431915283203,-0.004653265789306804,-0.004664125933748769
2019-05-01,145.2911724686664,145.3461111195389,143.49644466994508,143.56968688964844,-0.009476158377563437,-0.009521342843022819
2019-05-02,143.43235495848865,144.8150290451445,142.55329453789068,144.2381591796875,0.004656082384249194,0.004645276362168279
2019-05-03,144.961510047048,147.09504923630269,144.8516327578431,146.99432373046875,0.019108428493930685,0.01892815534517777
2019-05-06,144.84249264320496,147.5254466978141,144.6868284652119,147.1591796875,0.0011215124016186184,0.0011208839763990248
2019-05-07,145.87714934961912,146.38992851440668,143.07516750475548,144.2472381591797,-0.01978769883403786,-0.019986096936423524
2019-05-08,144.00009241562324,144.7601098679437,143.4415260457103,143.54225158691406,-0.004887348841214223,-0.004899330987122031
2019-05-09,142.40678926768388,143.44149985051706,140.7768773329081,143.02029418945312,-0.003636263132913875,-0.003642890408255483
2019-05-10,142.47085083881836,143.60630068658514,140.71274441053254,143.41400146484375,0.0027528070587596876,0.0027490250246252584
2019-05-13,140.73104281690325,141.03321928302387,138.41437054883116,138.84474182128906,-0.031860624464026155,-0.0323792190784076
2019-05-14,139.14695513019777,141.1706032497777,138.90886901811328,140.59371948242188,0.012596643115113215,0.01251796543373196
2019-05-15,139.54982738562296,141.39035577847125,139.24766484596748,141.05154418945312,0.0032563667048335354,0.0032510762248260704
2019-05-16,141.48194457662981,143.0111310162251,141.41785413669723,141.93063354492188,0.0062323979543819075,0.006213056881494527
2019-05-17,140.85018279971294,142.17791863051718,139.7879885461913,139.9528045654297,-0.013935180377153689,-0.014033186557676842
2019-05-20,139.11949386306432,139.93446387155743,138.64334950787594,138.98214721679688,-0.006935604839408693,-0.006959767935255167
2019-05-21,139.76048014711267,141.05158052020911,139.7146932749452,140.8501434326172,0.013440547964095328,0.013351025065117702
2019-05-22,140.30073734109854,140.63953506554992,139.18360465960785,139.66891479492188,-0.008386421262399413,-0.008421785149631853
2019-05-23,138.32284178661283,138.32284178661283,136.051955634117,136.7936553955078,-0.020586251447831883,-0.020801102083054426
2019-05-24,137.70017328619824,138.35029925522028,137.159910641793,138.07559204101562,0.009371316540971009,0.009327678174890566
2019-05-28,138.27708823437519,138.86312396241672,136.9676701124206,136.97682189941406,-0.007957743474858114,-0.007989575300933182
2019-05-29,136.29005518635992,136.37246318259395,134.93485023913618,135.83221435546875,-0.008356213321884742,-0.008391322194047998
2019-05-30,136.20759143618088,136.9676085810251,134.64177028770658,135.45672607421875,-0.002764353677304876,-0.0027681815589714726
2019-05-31,133.86348639893413,134.45867381030516,133.06684793124242,133.56130981445312,-0.01399278068131593,-0.014091602582082864
2019-06-03,133.80851995464874,134.79745748789273,133.07597208126188,134.0282745361328,0.0034962574291044213,0.003490159729717077
2019-06-04,135.44758695712497,137.61774733906722,134.0740648982372,137.49871826171875,0.025893370168324825,0.025563813636534632
2019-06-05,138.04814581897227,138.1671888918935,136.07943607005862,137.52621459960938,0.00019997523059300804,0.00019995523821185894
2019-06-06,137.46207814576772,137.82835906469725,135.80469715765327,137.1690673828125,-0.0025969391932779695,-0.0026003170892590958
2019-06-07,137.6726865305909,138.73486620033756,137.37051003044476,138.13967895507812,0.00707602370406768,0.007051106124209066
2019-06-10,138.6799741248206,140.22747824874077,138.6799741248206,138.95468139648438,0.005899843170124042,0.005882507248136424
2019-06-11,139.9802767807473,140.30992279819907,137.88337153931525,138.54266357421875,-0.0029651237232518612,-0.0029695284117179773
2019-06-12,138.4327172556412,138.98213172384908,137.91993787048202,138.69827270507812,0.0011231856443703059,0.0011225553432937113
2019-06-13,139.4674489626436,140.26408740758495,139.06454686150835,140.1633758544922,0.010563240052234857,0.010507838834763278
2019-06-14,139.98932086868092,140.04425949513998,138.9271275165264,138.936279296875,-0.008754758867188461,-0.00879330691944689
2019-06-17,139.55476937005398,140.50124495257637,139.3709902900249,139.894775390625,0.0068988179228688384,0.006875129962051059
2019-06-18,140.8412258398887,142.56876570961458,139.91311851597936,141.52120971679688,0.01162612629121007,0.011559062181642502
2019-06-19,141.68666505953112,142.1553038800002,140.96071866659912,142.0266571044922,0.003571531000242212,0.003565168228789238
2019-06-20,143.3958289175623,143.55204184850533,141.91638407575368,142.69744873046875,0.0047229980600265176,0.004711879698943603
2019-06-21,142.55036919323632,142.58711938677746,141.15362347419708,141.46604919433594,-0.008629443252757163,-0.008666892497921368
2019-06-24,141.84282301138424,141.88877127513433,139.67419676392873,139.74771118164062,-0.012146645944248968,-0.012221019319734659
2019-06-25,139.95908091177373,140.13367593177549,138.75531190621703,138.8931427001953,-0.00611508034170638,-0.006133854019661003
2019-06-26,139.39856136190258,139.8763982039681,138.53478423174604,138.57154846191406,-0.0023154076006143276,-0.0023180923017116356
2019-06-27,138.9758501400769,141.30068959019204,138.9758501400769,141.1720428466797,0.018766438086533777,0.018592520987822735
2019-06-28,141.46611411257578,143.368263499693,141.4569300653359,142.8904266357422,0.012172266933395237,0.012098780621256794
2019-07-01,144.76497490712538,145.21524554280717,142.63311247568132,143.44175720214844,0.0038584150064280287,0.00385099041522177
2019-07-02,143.3682626714108,143.46014520761724,141.75097299398118,142.5688018798828,-0.006085782405993445,-0.006104376256877027
2019-07-03,142.9822757075107,143.66225953502985,142.58713746428822,143.5887451171875,0.00715404228594152,0.0071285735230233235
2019-07-05,142.88124093567734,144.02987779245234,142.302323473,143.9747314453125,0.0026881377632348435,0.002684531182795376
2019-07-08,143.5428518711161,143.79094732806928,142.32988466245203,142.60556030273438,-0.009509801677235252,-0.00955530857874873
2019-07-09,142.00827543555235,142.82610437274315,141.9531431060817,142.7985382080078,0.001353228477653845,0.0013523136891830194
2019-07-10,143.53366705165735,143.86447504624212,142.29314758804958,143.04664611816406,0.0017374681370676548,0.001735960485382553
2019-07-11,143.24879393868918,143.294742215587,141.71421683613053,142.3482666015625,-0.004882180292606564,-0.004894137067439532
2019-07-12,142.55958461433588,143.96551468585267,142.3206732501335,143.450927734375,0.007746221005267895,0.007716373075353831
2019-07-15,143.86446771039135,143.89203387341388,142.29314033232302,142.69744873046875,-0.005252520954771689,-0.005266363937945046
2019-07-16,142.55043916673552,143.5336650677928,142.12773461560144,142.65151977539062,-0.000321862482383084,-0.0003219142912290477
2019-07-17,142.65150553519368,142.74338806569648,141.26394331658287,141.6315155029297,-0.007150321805662996,-0.007176007872291559
2019-07-18,141.58554190197182,142.44012079216247,141.26391804912691,142.16445922851562,0.0037628893801882057,0.0037558274219787803
2019-07-19,142.37580783047662,142.826064409468,141.3466339111328,141.3466339111328,-0.005752670687321659,-0.005769281030528723
2019-07-22,141.73258809235296,142.15527855595954,140.96069355536605,141.21798706054688,-0.0009101514979608094,-0.0009105659373229158
2019-07-23,141.76930275889964,142.17362502895367,141.08930493913235,142.15524291992188,0.006636943911211279,0.006615016366754855
2019-07-24,141.77852832890602,144.68228546302527,141.62231540998405,144.5076904296875,0.016548440011395105,0.016413006675795292
2019-07-25,144.43417233831346,144.48931868016535,142.51365506308997,142.7617645263672,-0.012081889193086393,-0.012155468467991525
2019-07-26,142.96390142339692,144.6546910619988,142.89038700153046,144.45252990722656,0.011843264801809639,0.011773682192588907
2019-07-29,144.44339043251264,144.59960336913966,142.98232765337178,143.4877166748047,-0.006679102353150279,-0.006701507376628514
2019-07-30,142.4860825256019,145.0406494140625,142.16447266380584,145.0406494140625,0.010822757342897393,0.010764610468110726
2019-07-31,144.98557292103283,146.31798919623327,142.93640819375352,143.864501953125,-0.008109088491322414,-0.008142145981434352
2019-08-01,144.15852008521452,145.3439071151785,141.13530012000652,141.77853393554688,-0.01449953247158764,-0.014605677982156211
2019-08-02,140.9147325949619,141.2822906694276,139.01258380492536,140.20716857910156,-0.011083238857298783,-0.011145115570123383
2019-08-05,137.6342538617224,137.7629006215862,134.3537544744731,135.99859619140625,-0.030016813193976866,-0.030476540824596887
2019-08-06,136.825601787971,137.560732100099,135.42886961851679,137.24830627441406,0.009189139579418582,0.009147176311302898
2019-08-07,135.9250663770182,137.5699219293151,134.7948118274052,137.2115478515625,-0.00026782423659255095,-0.0002678601079083523
2019-08-08,137.9742326398086,140.25313791244432,137.82721780080297,140.17042541503906,0.021564347970751907,0.021335126899701802
2019-08-09,139.7569258556278,139.8120581756344,137.86397475436306,138.4061279296875,-0.012586802673442365,-0.012666687511878856
2019-08-12,137.6618139599518,137.94667362842938,136.30183198394033,136.6142578125,-0.012946465189010992,-0.013031001089507239
2019-08-13,136.31103107552394,139.48126602787698,135.6953633966626,138.08453369140625,0.010762243285939999,0.0107047425358134
2019-08-14,135.95266863796948,135.9802348034674,133.9035042144226,134.22512817382812,-0.0279495857675357,-0.02834760937241325
2019-08-15,134.73052755286912,134.77647583937124,133.04892122132034,133.69216918945312,-0.003970634944634122,-0.003978538844838408
2019-08-16,134.28938008406257,136.834762307496,134.26181393179843,136.5774688720703,0.02158166555386254,0.02135207877978909
2019-08-19,138.13049716623703,138.65426834467237,137.79049108121822,137.95590209960938,0.010092683946502312,0.010042092926565901
2019-08-20,137.76287717992628,137.8455756497428,136.90829828226978,137.05531311035156,-0.006528093220741993,-0.006549494411448988
2019-08-21,138.4061524881019,138.43371865299648,137.6434558759756,138.1856231689453,0.008247108652283064,0.008213287077948273
2019-08-22,138.45209996315435,138.8288562431138,137.04616947593692,137.86399841308594,-0.0023274834855009363,-0.0023301962853372327
2019-08-23,137.11963673220336,137.93746538789395,133.17750827458664,133.636962890625,-0.030660909092418365,-0.03114078928863611
2019-08-26,134.89590878283275,135.12563614315042,133.89430085699453,135.1072540283203,0.01100212924547428,0.010942046114726158
2019-08-27,135.96184326646312,136.01697558795368,132.94780748434496,133.10403442382812,-0.014826884158805287,-0.014937901129602877
2019-08-28,132.83754566676328,135.43806105012428,132.55268598537324,134.656982421875,0.01166717451329835,0.011599637833306638
2019-08-29,136.13642598582368,137.18398217162544,135.96184497272762,137.01858520507812,0.017537915529729498,0.017385901060230587
2019-08-30,137.73530427559626,137.80881869675707,136.03531658717793,136.77044677734375,-0.001810983724309989,-0.0018126255378326588
2019-09-03,135.49317461528435,136.2926352475601,134.16075892341578,134.76724243164062,-0.014646470731826011,-0.014754789241284953
2019-09-04,136.00777541562113,136.32939931459947,135.24507893009815,135.8515625,0.008045872637850948,0.008013677182989926
2019-09-05,137.69851061907963,139.59146079688176,137.25742423131854,138.3784942626953,0.018600682363850707,0.018429805371785755
2019-09-06,138.47963712492017,138.96665796181435,137.68019047217769,137.7445068359375,-0.004581545926885644,-0.004592073375391531
2019-09-09,138.36018705741435,139.89476398376908,137.89153431689186,139.59152221679688,0.013408994836064725,0.013319889919299666
2019-09-10,139.38017599431794,141.46610433214266,138.65424371206316,141.3742218017578,0.012770829894613867,0.012689970546138808
2019-09-11,141.98990707837376,144.41582772074042,141.1077477441282,144.268798828125,0.020474574427197245,0.020267788138370185
2019-09-12,144.4341429444044,145.09575869753456,142.95471257640818,144.3054962158203,0.000254368151626716,0.0002543358055335294
2019-09-13,145.04983825755585,146.03306391499208,144.3882224414643,144.55361938476562,0.0017194297892453303,0.001717953262126108
2019-09-16,144.24120046161582,145.87685796782299,143.99309101339858,145.0957794189453,0.0037505808328228696,0.0037435649415041815
2019-09-17,144.59957721352583,144.79255434824503,143.76336633214942,144.7190399169922,-0.002596488357289428,-0.0025998650795306657
2019-09-18,144.70985824478504,144.7282403600419,142.49529709620947,143.8277130126953,-0.006159016151628172,-0.006178061130763632
2019-09-19,144.08499183287037,145.02228331505557,142.91797300848398,143.1293182373047,-0.004855773346886028,-0.004867600917820064
2019-09-20,143.01902690555298,143.94712014709816,141.92552271734573,142.8260498046875,-0.002118842151643374,-0.0021210900735642805
2019-09-23,142.30232909081485,143.30393710431713,142.02665343001652,142.71583557128906,-0.0007716675882947222,-0.0007719654769853581
2019-09-24,143.06988032469357,143.1989792400045,140.01760205712887,140.56166076660156,-0.015094154030380502,-0.015209230226959707
2019-09-25,140.4233841390454,142.34143574446622,139.98076117494224,142.1016845703125,0.010956215196319397,0.010896630689340181
2019-09-26,141.93565202212818,141.93565202212818,140.11903682545972,140.51556396484375,-0.011161870531407603,-0.011224631666403593
2019-09-27,140.92134925682404,141.29019938694793,138.78197910405999,139.39059448242188,-0.00800601336022344,-0.008038233570701329
2019-09-30,139.58421212378113,140.40491548377364,139.04936967660103,139.55654907226562,0.001190572365803888,0.0011898641965535418
2019-10-01,140.2666162729342,141.41007412572534,136.52273278509492,136.81781005859375,-0.019624582521409972,-0.019819701613783217
2019-10-02,136.13545167375298,136.13545167375298,134.50326090543854,135.7850341796875,-0.007548548529346832,-0.007577183011996405
2019-10-03,135.26865857628349,136.4213330626575,133.6456838941994,136.23690795898438,0.003327861439419655,0.003322336362938981
2019-10-04,136.46739277999865,137.62928317044776,135.66512206377413,137.52784729003906,0.00947569458522457,0.009431081794651073
2019-10-07,137.1958968880753,138.38546457705195,136.5872815156096,137.28811645507812,-0.0017431439500056323,-0.0017446649932761065
2019-10-08,135.94177969952042,136.41206569706063,134.73377941645722,135.05653381347656,-0.01625474002574545,-0.016388297585634592
2019-10-09,136.05244391005743,136.1907732655716,135.2225240598961,135.67437744140625,0.004574703722094453,0.00456427156892903
2019-10-10,135.86802731992296,136.93771249144456,135.64672285045765,136.21844482421875,0.004010096770463933,0.004002077763257537
2019-10-11,138.127245959198,140.12830071520472,136.19076178186367,138.52377319335938,0.016923760744115945,0.01678214940304119
2019-10-14,138.23795064928015,138.45925514774856,137.49101982548203,138.01663208007812,-0.0036610402791538155,-0.0036677582887312235
2019-10-15,138.47766525283527,140.2850645797691,138.12724779529924,139.60267639160156,0.01149168971608594,0.011426161789724328
2019-10-16,139.43673531192962,140.41420103804796,139.37217878588265,139.75025939941406,0.0010571646019057468,0.0010566061969239878
2019-10-17,140.43256892214674,141.55757984252674,140.21126452517177,141.40081787109375,0.011810772150070203,0.011741569340145839
2019-10-18,141.02278422663562,141.5484104853207,139.65802173309675,140.7277069091797,-0.00476030458697696,-0.004771670922683067
2019-10-21,142.1662541052509,142.9131848966328,141.92650288540398,142.04637145996094,0.009370326425003572,0.009326697250985928
2019-10-22,142.1938793428082,142.977703387659,141.7697031381611,142.20310974121094,0.0011034303772707865,0.00110282204543214
2019-10-23,142.32301555281765,142.70109614737302,141.59453149543336,142.3783416748047,0.0012322651305773924,0.0012315065150477291
2019-10-24,142.88546616255164,142.9869020373358,141.52070408696,142.1754150390625,-0.0014252633747180443,-0.0014262800286762892
2019-10-25,141.9264815165451,143.42034287438878,141.91725111707686,142.93161010742188,0.005318747043232541,0.005304652463093255
2019-10-28,143.5402188231958,144.75743548424603,142.9408197856141,144.16726684570312,0.008645090735020622,0.008607935922367282
2019-10-29,143.86298061491487,145.08942785788582,143.7246653160105,144.63758850097656,0.0032623331603893746,0.0032570232967933112
2019-10-30,144.58222677104465,144.6006734983945,143.18980137682982,144.15805053710938,-0.0033154449603116642,-0.0033209532262254635
2019-10-31,143.94595663074378,143.94595663074378,142.23077689517558,143.3465576171875,-0.005629189052559935,-0.005645092648233996
2019-11-01,144.22260436383002,145.87324185907832,143.8998639987417,145.79025268554688,0.01704746252006517,0.016903785122059107
2019-11-04,146.98898020412236,147.2656247732849,146.13139751751848,146.5740203857422,0.0053759952106386955,0.0053615961315861185
2019-11-05,146.98897289473524,147.96645219993232,146.5924598195441,146.75843811035156,0.0012581883482765122,0.0012573974926107256
2019-11-06,146.61094540921817,146.61094540921817,145.52281362168156,145.9101104736328,-0.005780435167079601,-0.005797206544241312
2019-11-07,147.3025363260241,147.6990494696705,145.8547708761991,146.29739379882812,0.002654259694123695,0.0026507433676498664
2019-11-08,145.956209683891,146.86913267139963,145.65190202138814,146.6939239501953,0.002710438929024672,0.002706772313361582
2019-11-11,145.72564723161472,146.52790378112942,145.5873319888455,146.41725158691406,-0.0018860519633736583,-0.0018878327988957728
2019-11-12,146.55561492569169,147.4316586531485,146.1498853901758,146.46340942382812,0.00031524862278042853,0.0003151989423741916
2019-11-13,145.4582373460174,146.15905804785135,144.9510579897501,145.8363037109375,-0.004281654478463848,-0.004290847009879669
2019-11-14,145.6334765967901,146.53718338879264,145.5043776366085,145.79025268554688,-0.0003157720280808629,-0.0003158218945656257
2019-11-15,146.83221709449305,146.8875431937517,146.02074418748748,146.54635620117188,0.005186241889955534,0.005172839655666033
2019-11-18,146.36193051342863,146.3803772366732,145.64266308488783,146.17750549316406,-0.002516955846390778,-0.002520128704838381
2019-11-19,146.7216033935547,147.26566227332071,145.9838890448439,146.7216033935547,0.003722172563794812,0.0037152624213510313
2019-11-20,146.20519789725589,147.1734470364556,145.01563024686686,146.16830444335938,-0.003771080313995645,-0.0037782087643119643
2019-11-21,146.4541628649192,146.5187052958282,144.98795075940114,145.4490203857422,-0.004920930432602222,-0.0049330780789639496
2019-11-22,145.98389859992312,146.19598674018764,145.09865258011288,145.90090942382812,0.003106855150261545,0.0031020388489211245
2019-11-25,146.64782460174754,149.22981768211216,146.5187256512658,148.99928283691406,0.02123614873492974,0.021013804049844192
2019-11-26,149.15604937981504,149.88453332167686,148.73185906062727,149.10072326660156,0.0006808115298013728,0.0006805798827645038
2019-11-27,149.7369414921647,150.24410670648157,149.46029696662137,150.1519012451172,0.007050119915488651,0.007025384012748951
2019-11-29,149.76465286485725,150.11505624427295,149.0822646910821,149.1744842529297,-0.006509521252027972,-0.006530800581258908
2019-12-02,149.52489939839225,149.58023958229327,147.45931612947075,147.71751403808594,-0.009766886221462712,-0.009814895108679925
2019-12-03,146.45415093919198,147.3209499467181,145.7902096056672,147.24717712402344,-0.003184029443802028,-0.0031891092512551346
2019-12-04,148.00336826524895,148.66730973452718,147.81894320616726,148.26156616210938,0.006889021969036069,0.006865401078363517
2019-12-05,148.8978207951036,149.06379910054918,147.95723485206184,148.40908813476562,0.0009950115628412082,0.0009945168669609997
2019-12-06,149.93064377577332,150.68680484834917,149.84765460558253,150.1427459716797,0.011681615045971983,0.011613911726911529
2019-12-09,150.07819108556555,150.45627162595162,149.7462203304733,149.85687255859375,-0.0019040108214076756,-0.0019058257541453144
2019-12-10,149.76462588358038,150.27180524091054,149.33121934829163,149.9490509033203,0.0006151092249073731,0.0006149201227697626
2019-12-11,150.1980607040886,150.38248575855937,149.3404637982414,149.90296936035156,-0.00030731466915689953,-0.0003073618999865714
2019-12-12,150.0781900997861,152.2452233577835,149.61712039133823,151.19398498535156,0.008612341906960586,0.008575467257205373
2019-12-13,150.98191785107718,151.97783034109312,149.8937998403973,150.61306762695312,-0.0038421988709056443,-0.003849599078448478
2019-12-16,151.841147739866,152.57231807980457,151.5449880226556,151.674560546875,0.007047814221213811,0.007023094457473846
2019-12-17,151.9152272362311,152.4335174560547,151.50799517141277,152.4335174560547,0.0050038510508498835,0.004991373395090316
2019-12-18,152.76672049159959,152.9703365432661,152.08184297449463,152.72970581054688,0.0019430657996695189,0.001941180489111872
2019-12-19,152.9703280827607,153.38681030273438,152.60012480330627,153.38681030273438,0.004302401348186935,0.004293172480898233
2019-12-20,153.7754738992099,154.01611865633413,153.3775062198813,153.60888671875,0.0014478195066272015,0.0014467724264988298
2019-12-23,153.85885384834617,153.96991202079445,153.04438959078786,153.9143829345703,0.0019887925910149207,0.0019868175612127773
2019-12-24,154.053216543976,154.28459716783968,153.67374893147493,154.26608276367188,0.002285035500880106,0.0022824287774750817
2019-12-26,154.40491961140162,154.54374233677882,153.96992290874968,154.26608276367188,0.0,0.0
2019-12-27,154.67327884270554,154.67327884270554,153.10914393065516,153.5071258544922,-0.0049197911529417215,-0.0049319331659181875
2019-12-30,153.61818402029664,153.83106431270517,152.31320833899045,153.118408203125,-0.0025322449964677585,-0.002535456551604065
2019-12-31,152.78525918985912,153.9606767436992,152.44282037685056,153.33131408691406,0.0013904656291008344,0.0013894998269407904
2020-01-02,154.3215978575394,154.33084799676158,151.99852777892434,153.43309020996094,0.0006637660653530109,0.0006635458700916274
2020-01-03,151.54500666970986,153.09062701391943,151.5079778740361,152.83148193359375,-0.003920981292522607,-0.003928688492792795
2020-01-06,151.6468422118581,153.21096311558574,151.35991842150068,153.03512573242188,0.0013324728403576458,0.0013315858862299325
2020-01-07,152.57234094637866,153.0258377879409,151.9800073008367,152.52606201171875,-0.0033264501745384756,-0.0033319951099693456
2020-01-08,152.5445805387418,153.6644545271422,152.45202266691683,152.99807739257812,0.003094653953782167,0.003089875368409162
2020-01-09,153.74776621234884,154.05319027845752,152.95181643707025,153.18319702148438,0.0012099474193472126,0.0012092160228764875
2020-01-10,153.22022312144492,153.3497956815378,151.970762338703,152.609375,-0.0037459854125115877,-0.0037530191869723376
2020-01-13,152.65566414262426,153.6737302907207,151.85046418840287,153.59970092773438,0.006489286308487774,0.00646832153880839
2020-01-14,152.84072633677968,155.10825276572615,152.69263940433615,154.1642303466797,0.003675328894103158,0.0036685913762130994
2020-01-15,153.77550960073344,155.4414524038333,153.76625946267527,154.90464782714844,0.004802783880565098,0.0047912873097317125
2020-01-16,156.03380011923056,157.2184675254827,155.8857131628617,156.90379333496094,0.012905652192200634,0.01282308390256871
2020-01-17,157.5979319059086,157.85707701320075,156.10784047780422,156.47805786132812,-0.002713353607225688,-0.002717041423534963
2020-01-21,155.82093993734796,156.404023524002,154.81212398770046,155.1823272705078,-0.008280589678385408,-0.00831506420594942
2020-01-22,155.66357358940692,156.06154133753572,154.72878717407193,155.0804901123047,-0.0006562419831841471,-0.0006564574042050949
2020-01-23,154.65477441472174,155.45997425718727,153.12765422100398,154.97869873046875,-0.0006563777414052563,-0.0006565932515841789
2020-01-24,155.4970076345637,155.4970076345637,151.99853422071538,153.0721435546875,-0.01230204661285117,-0.012378343169879428
2020-01-27,150.7213193065133,152.23917538514658,150.32333735513706,151.3321533203125,-0.011367125291175895,-0.011432224860004723
2020-01-28,152.24844256135168,153.08140711487428,151.31366997374505,152.59088134765625,0.008317650940177224,0.008283249907148153
2020-01-29,152.80377527649384,153.22950773156592,151.69313694315977,151.7209014892578,-0.005701388252790207,-0.00571770320827787
2020-01-30,150.71208532142066,151.9152674342972,149.86985643017178,151.7209014892578,0.0,0.0
2020-01-31,151.1563273811642,151.71163235596222,148.1113507316359,148.57411193847656,-0.02074064627808747,-0.020958754557473067
2020-02-03,149.56444236915135,150.7953748724085,149.46263432876702,150.23081970214844,0.011150716245626358,0.011089005332720791
2020-02-04,152.07255982226488,152.99808207947285,151.93373713262326,152.49830627441406,0.015093351529074983,0.014980580214417755
2020-02-05,154.0809663190556,155.05276767059803,153.34980983156913,154.84915161132812,0.015415550469680683,0.015297938038353177
2020-02-06,155.38592883187334,155.626559531038,154.34008417800052,154.49742126464844,-0.002271438642186041,-0.002274022272051249
2020-02-07,153.90507316370335,153.9698664933738,152.15583685311742,152.60009765625,-0.012280616678697731,-0.012356646555441502
2020-02-10,152.30392796134873,153.53487415769447,152.21138421658716,153.46083068847656,0.00564044876409886,0.0056246009973860865
2020-02-11,154.36781057304708,155.45068375759465,153.88654929363173,154.52516174316406,0.0069355225689353706,0.0069115824599875406
2020-02-12,155.5062449650644,155.7561257925274,154.82135344876104,155.58953857421875,0.006888048645590672,0.006864434413820952
2020-02-13,154.7658492282967,156.36699894710654,154.6640412044215,155.99679565429688,0.002617509402046636,0.0026140896904301067
2020-02-14,156.1356386999399,156.20968219261832,154.87692756911102,155.3952178955078,-0.003856346896523477,-0.0038638017741178645
2020-02-18,155.02502754806258,155.54331791790045,154.0347116381304,155.06204223632812,-0.002144053489494868,-0.002146355262849754
2020-02-19,155.64507451137413,156.54283222033715,155.05274083846186,155.85794067382812,0.0051327741207418676,0.005119646337789176
2020-02-20,155.3951676708767,156.51505571744926,154.18273588013096,156.23739624023438,0.0024346245354309737,0.002431665638678699
2020-02-21,155.62658764800432,156.07084857305546,153.94214420482683,154.65480041503906,-0.010129430362253777,-0.010181082140074951
2020-02-24,149.80500853369654,154.61772065694606,149.1016168176901,149.99937438964844,-0.030102046705935415,-0.030564415808534303
2020-02-25,150.4158483975819,150.63796465257616,144.34442597374465,144.66835021972656,-0.03554030936204877,-0.036187240523753085
2020-02-26,145.35327925684058,146.6860336212405,142.73404946726143,142.99319458007812,-0.01157928211045578,-0.011646844049781373
2020-02-27,140.0777818610739,143.46518216830424,137.73621197126008,137.9583282470703,-0.035210531157048974,-0.035845368447156745
2020-02-28,134.06185686756035,138.02308958807112,133.19186399600392,135.43162536621094,-0.01831497172344887,-0.018484767213289035
2020-03-02,136.94955044842146,139.96674838376242,134.56170096538986,139.78164672851562,0.032119686598621966,0.0316146357210074
2020-03-03,139.83715433495104,142.7155291173486,135.41315907899389,136.93101501464844,-0.020393462093086456,-0.02060427986870537
2020-03-04,139.0874825238737,141.09586411058953,137.45856844881328,140.8274688720703,0.028455597564985835,0.028058257146836473
2020-03-05,137.75468358589643,141.1235829174683,134.6541935282151,136.347900390625,-0.031808911409993534,-0.032325805619286864
2020-03-06,132.08128033439746,135.10772778227098,130.48938100905661,133.64540100097656,-0.01982061609974195,-0.02001967927199242
2020-03-09,124.14028429717041,126.02834317501883,120.55850415240361,120.65106201171875,-0.09722997493316554,-0.10228743677556769
2020-03-10,124.67708214137997,124.76037573689916,118.48533733889546,124.41792297363281,0.031221117320527014,0.030743650827776144
2020-03-11,121.16937082396934,122.4188315057547,114.92209565974008,116.5047378540039,-0.06360164942880375,-0.06571430482443352
2020-03-12,108.07323233345672,110.97012155697058,103.28828389345735,103.63072967529297,-0.1105020140455043,-0.11709803612333486
2020-03-13,109.49855702887143,111.02567045890676,101.39098558205163,110.5721664428711,0.06698241717806863,0.06483449343788775
2020-03-16,100.5302376712386,103.01063778931713,93.87572988248694,95.90262603759766,-0.13266937672649015,-0.14233503317125204
2020-03-17,97.14282407020318,102.2702186870106,93.11680329883188,100.29885864257812,0.04584058629694843,0.04482095087039674
2020-03-18,95.37508577324297,98.82728035754775,89.08153065326908,92.52447509765625,-0.07751218358951051,-0.08068111029777071
2020-03-19,92.23756933713062,98.84579896355756,88.56324413737829,96.13401794433594,0.03901176248630378,0.03827003302153973
2020-03-20,98.21643573994095,100.65981421427142,92.96871857329515,93.84796905517578,-0.023779812162681435,-0.024067115721080324
2020-03-23,94.31070767497471,94.56985274492754,88.76683202193831,92.45966339111328,-0.01479313487589995,-0.01490364450576923
2020-03-24,97.52230252388041,101.18737055694316,92.48745816597157,100.9189682006836,0.09149184086672091,0.08754542182345966
2020-03-25,101.71796035879979,105.91749292423442,98.50326530060828,102.1732177734375,0.012428283751967806,0.01235168662767915
2020-03-26,103.63192316677643,109.26227278331132,103.31602515059497,108.52828216552734,0.06219892581030173,0.060341217718041386
2020-03-27,104.29157084736168,107.79427794753697,103.00941422086721,104.57958984375,-0.03638399358201205,-0.03706239731878934
2020-03-30,105.21140428359854,107.0881924341967,102.9444024692283,106.8837890625,0.02203297242026525,0.021793753903223058
2020-03-31,106.47497561446718,107.93366393424826,104.02214948551656,106.34490203857422,-0.0050418031457574175,-0.005054555917940485
2020-04-01,100.99327544365319,102.55416540068629,98.04802698716418,99.09791564941406,-0.0681460629540237,-0.07057919648614458
2020-04-02,98.22455658639952,102.56345645499053,97.15608904337212,100.03630065917969,0.009469270908637695,0.009424718395255166
2020-04-03,99.03285256015226,100.34288811298504,95.32574228964044,97.20252990722656,-0.02832742447771719,-0.0287363877291361
2020-04-06,101.35563460778025,105.30431424425987,101.29059781495386,104.6446533203125,0.07656306291810466,0.07377361754454596
2020-04-07,108.5933245736457,110.22854435223272,104.42166298215776,104.9140853881836,0.002574733245533034,0.002571424298443939
2020-04-08,106.73513219222428,110.7860135695757,105.25786484048905,109.69896697998047,0.04560761859661411,0.04459816964086137
2020-04-09,113.27598732407998,115.77527117439826,112.72782116023586,114.94837188720703,0.047852819873723584,0.046743136984572914
2020-04-13,114.14005048462361,114.75326051513956,110.67450790475598,111.83588409423828,-0.027077267314606912,-0.02745061137241467
2020-04-14,115.11562147421321,116.0261365333609,112.69996016271645,114.10289764404297,0.020270895769862074,0.020068176123068934
2020-04-15,109.50384101895598,110.66521723281011,108.38892268904718,109.4480972290039,-0.040794760791792006,-0.041650213223482675
2020-04-16,109.71751751620641,110.02412250225048,106.43779260376333,108.62118530273438,-0.007555288280063355,-0.007583974048063213
2020-04-17,113.25739918030638,114.01926162166754,111.54784986769278,113.40605163574219,0.04405094935828657,0.04310829033698913
2020-04-20,111.11118106195343,114.18651007793103,110.60017978401385,112.06816101074219,-0.011797347722653062,-0.011867488626156652
2020-04-21,109.0950372080949,110.78600073664043,108.22168709234812,109.39234924316406,-0.02387664563641445,-0.024166312887684782
2020-04-22,111.78943007334651,112.41192603118023,110.34932071324478,110.72096252441406,0.012145394905969775,0.012072231401306184
2020-04-23,111.59432464987083,114.18651735954235,111.19481092568894,111.80801391601562,0.00981793661125252,0.009770053823302685
2020-04-24,112.91364117707695,114.57673278501437,111.57573349505401,113.73125457763672,0.01720127738845023,0.017055010353920486
2020-04-27,115.16204479131069,119.33371261259275,115.07842911926237,118.23737335205078,0.03962076028395556,0.03885599307788009
2020-04-28,121.82372581004526,122.13963094327167,118.25598116087356,119.95623779296875,0.014537403802096227,0.014432748802795041
2020-04-29,124.02567306544067,127.14745237513202,122.52982018419371,125.85600280761719,0.049182644631042605,0.0480114273478851
2020-04-30,122.54840350880087,123.51467638759806,120.91319102223872,121.07113647460938,-0.038018578583986495,-0.038760140960284885
2020-05-01,118.1352107200214,118.42322980352658,114.54887977223544,116.26771545410156,-0.039674369634047135,-0.04048285373712463
2020-05-04,114.83687747762542,116.97381252546992,113.58259259670704,116.7694091796875,0.004314987386021096,0.004305704521997665
2020-05-05,118.98998323002043,120.70881173787262,117.15964586271879,117.670654296875,0.007718161147845182,0.007688528517372062
2020-05-06,118.45108525127104,119.11074611480844,116.13762573147396,116.80657958984375,-0.007343162253957147,-0.007370255987170374
2020-05-07,118.35815943061338,119.38946196485881,117.57771810117204,118.40461730957031,0.01368105910932349,0.013588318324207324
2020-05-08,120.93181036195809,123.33817896336842,120.03058110279599,122.975830078125,0.038606710383626286,0.037880113396643544
2020-05-11,121.16405303941539,123.52396311225111,120.16062235568022,122.36258697509766,-0.004986696187679773,-0.004999171247282366
2020-05-12,122.88287876053269,122.910750653111,117.84715363170402,117.96794128417969,-0.03591494589610411,-0.036575757865431845
2020-05-13,116.7415223454377,117.14103599148318,111.87303591269138,114.01925659179688,-0.033472523546635435,-0.034045551919048504
2020-05-14,111.46426028817501,114.530289670232,108.87206736420829,114.39093017578125,0.0032597439686439245,0.0032544425210570623
2020-05-15,113.35963481254325,116.63006778535686,112.84862633781644,116.21197509765625,0.015919486965239704,0.015794100903277247
2020-05-18,122.1303343340685,123.93279270058444,121.55429620013523,123.27312469482422,0.0607609464621377,0.058986524596556254
2020-05-19,122.84575966469518,123.98855015129976,120.83889770507812,120.83889770507812,-0.01974661545874079,-0.01994418508292606
2020-05-20,123.31956480454771,125.41004193663326,122.99438797906319,124.49952697753906,0.030293467931122198,0.029843681980935725
2020-05-21,124.54598746884547,125.48437434186495,123.18020791312111,124.72251892089844,0.0017911067517517587,0.0017895046328124397
2020-05-22,125.1220431575011,125.47510611134237,123.5890320166935,125.32644653320312,0.004842169782408812,0.004830484185554945
2020-05-26,130.15776342458395,130.42721066969634,125.41935654908943,128.94064331054688,0.02883826101609155,0.028430263755345644
2020-05-27,131.5328147506414,133.32597259453593,127.5934220246325,132.94503784179688,0.031056107899241736,0.030583624406866773
2020-05-28,134.47807144481317,134.47807144481317,127.82570549569247,129.79539489746094,-0.023691316317379085,-0.02397646830822639
2020-05-29,128.4946871190579,129.40520224277063,126.73868657770431,129.05213928222656,-0.0057263635263913315,-0.005742822007582027
2020-06-01,129.38659745276064,131.6257342184433,128.78268748616182,130.28782653808594,0.009575100906750844,0.009529550165856536
2020-06-02,131.06828038934043,131.79297801038234,129.6653288541022,131.36558532714844,0.008272137295554982,0.008238110687565189
2020-06-03,133.4839400601416,135.71379098454676,132.9636457642006,134.53382873535156,0.024117758089480024,0.023831518139795328
2020-06-04,133.64190400636406,135.27713107905802,133.02869385410384,134.33872985839844,-0.0014501845282119952,-0.0014512370634982548
2020-06-05,140.16417519233462,141.52066886856772,138.9470551700531,139.53237915039062,0.038660848568887296,0.037932237818497576
2020-06-08,141.5485278736212,142.51478657236078,140.8795740910497,142.23605346679688,0.019376680401128832,0.01919134285395676
2020-06-09,140.1642015964018,141.00968705466323,138.49181667263156,139.6067352294922,-0.018485596114479308,-0.018658589993251984
2020-06-10,139.44875169301469,139.60669714592916,135.555816625381,135.8159637451172,-0.02715321347600852,-0.027528674226920718
2020-06-11,130.21348940782622,131.0311027612137,125.21493605477065,125.45649719238281,-0.07627576513888867,-0.07934169900466695
2020-06-12,130.3807426314591,131.0218245779724,124.63889118512587,128.466796875,0.02399476910311793,0.02371141830653225
2020-06-15,124.24932177288598,132.43441258535574,124.24932177288598,131.43692016601562,0.023119773850247105,0.022856561103579368
2020-06-16,136.75070773972473,136.75070773972473,131.47420972540328,134.59722900390625,0.02404430074821362,0.02375978813095063
2020-06-17,134.79297973462656,135.16588538042544,131.74455609526018,132.1640625,-0.018077389274006816,-0.018242781547841043
2020-06-18,130.85892857960962,133.59972492417506,130.33687484253,132.11746215820312,-0.000352594653307281,-0.0003526568294177904
2020-06-19,134.63450620709523,134.71840464682637,130.36483238927465,131.43692016601562,-0.0051510374258672,-0.00516434975369178
2020-06-22,130.7377245619676,132.90052028184428,129.4232589088897,132.75135803222656,0.010000522414483681,0.009950848095097364
2020-06-23,134.5412665935741,134.85822568181902,132.9844088441777,133.31069946289062,0.004213451665995516,0.004204599934043715
2020-06-24,131.53948879903373,132.00561028418284,127.07403700536207,128.98513793945312,-0.03244721947199436,-0.0329853020488707
2020-06-25,128.3791659554127,131.05469831673338,127.0553686232638,130.93350219726562,0.015105339180449429,0.014992389552517953
2020-06-26,130.02922219310412,130.35551286414685,127.24182531577544,127.40962219238281,-0.02691350911528889,-0.027282309806603858
2020-06-29,129.31139347683674,132.36914844925286,127.8104821341347,131.5767364501953,0.03270643289029107,0.032182960871415
2020-06-30,131.13860633820335,133.88872003359003,131.06402519961247,133.47853088378906,0.014453880563557009,0.014350418987748538
2020-07-01,133.9166544171443,134.71838368570224,131.66996038394203,132.21066284179688,-0.00949866644169195,-0.009544066495817818
2020-07-02,134.76500572738058,135.43622162576526,132.27591936457702,132.75135803222656,0.004089648889187503,0.004081309005567219
2020-07-06,135.47353092222087,135.82777351433285,133.2454569677703,133.71157836914062,0.007233224210640099,0.007207189910305272
2020-07-07,132.54629132958996,133.7209265108809,130.96148121305725,131.3437042236328,-0.017708819044606305,-0.01786749629601439
2020-07-08,131.222471292094,132.84457863640566,129.6749592922315,132.32252502441406,0.007452361775290406,0.007424730123069804
2020-07-09,132.3971319623683,132.70477380619016,127.9410123304578,129.6470184326172,-0.020219585375227944,-0.020426799133631306
2020-07-10,129.7122793215373,131.91237318176263,129.0783609638799,131.73524475097656,0.016107013825734207,0.01597867217826197
2020-07-13,133.12426815760327,134.8395914115221,129.94531695149917,130.06651306152344,-0.012667313843061412,-0.012748228301847875
2020-07-14,129.98260991178987,132.35983195411796,129.2461443409775,132.22000122070312,0.016556822417166384,0.01642125258998993
2020-07-15,135.56677618012796,137.76687024254707,134.97945853457685,137.06768798828125,0.03666379309349965,0.03600766558366037
2020-07-16,136.20999207205543,136.73204574872224,135.0633374447411,136.25660705566406,-0.0059173751634779,-0.005934952202146149
2020-07-17,136.74135387426082,137.58969815433193,135.6506316105529,136.65745544433594,0.0029418638650535733,0.002937545051720636
2020-07-20,136.21929266771664,136.89984005014387,135.3150161512479,136.0701446533203,-0.0042976856923466755,-0.004306947288647038
2020-07-21,137.47786992642364,139.0533627988165,137.22616034520914,137.9999237060547,0.014182237092869032,0.01408261001999206
2020-07-22,137.12357138103206,138.59651651161116,137.0676390966256,138.074462890625,0.0005401393172439484,0.000539993494510297
2020-07-23,137.953313311445,140.0228938817494,136.76004342540088,138.21434020996094,0.0010130571316924186,0.0010125443356149761
2020-07-24,137.31004323705508,137.66430007233046,135.69726708812254,136.18203735351562,-0.014703994197404202,-0.01481316945001391
2020-07-27,136.28459413337313,137.68295850703814,135.53879695577223,137.59906005859375,0.01040535692236455,0.01035159382390279
2020-07-28,137.104948156848,138.009210538014,136.16337387482156,136.2286376953125,-0.009959532882693245,-0.010009460812829869
2020-07-29,137.03969246619414,139.32368449565146,137.0210436271053,139.23046875,0.022035242409172096,0.021795974953274497
2020-07-30,137.1701912890511,139.01602786526863,136.41507697263916,138.680419921875,-0.003950635468394914,-0.003958459842996923
2020-07-31,138.10245345142476,138.36348030807133,134.8675696655941,137.37530517578125,-0.009410951789942557,-0.009455514602765454
2020-08-03,138.2423031185061,139.8084786977593,137.24481054219913,139.61270141601562,0.016286742638143448,0.016155536343787115
2020-08-04,139.2677569525533,140.7034046636314,138.9414662694053,140.57289123535156,0.006877524821146341,0.006853982527481164
2020-08-05,141.97127967036457,143.46287415464374,141.49584086313897,143.36964416503906,0.01989539309542332,0.01970006624817456
2020-08-06,143.37898454485463,143.97561953039647,142.54928879582144,143.313720703125,-0.0003900648720985833,-0.0003901409671894639
2020-08-07,143.05267695972893,145.6629600487828,142.77300123145557,145.58837890625,0.01587188017982566,0.015747239019530148
2020-08-10,146.03584594807128,148.06814288584746,146.03584594807128,147.09860229492188,0.010373241326111282,0.010319808455348503
2020-08-11,148.4783346804483,148.99107113429093,145.57905861406334,146.25027465820312,-0.005767067963147077,-0.005783761713194286
2020-08-12,147.91895149574535,148.12404603327437,145.88666918282428,146.8468780517578,0.004079331782104179,0.004071033867187214
2020-08-13,146.3528151328797,147.7884629118785,146.03584174214964,146.5392608642578,-0.002094815985067,-0.0020970131810898046
2020-08-14,145.6908696707953,147.07058471007386,145.30864679795488,146.44598388671875,-0.0006365323326249506,-0.0006367350053399101
2020-08-17,146.8282346846301,147.32232220938673,146.11973530806668,147.2011260986328,0.005156455587735254,0.005143206596327611
2020-08-18,147.15455323646916,147.15455323646916,145.15955392108415,145.79347229003906,-0.0095627923909396,-0.009608809493076341
2020-08-19,146.29685242727663,147.33164248058586,145.6070018750011,145.80276489257812,6.373812484938846e-05,6.373609366141775e-05
2020-08-20,144.3111707095918,145.88666312569893,144.0687785071787,145.20611572265625,-0.004092166361601368,-0.004100562186937485
2020-08-21,144.63746858717337,145.16885382529432,143.19250358855663,144.13406372070312,-0.007382967284936814,-0.007410356279202885
2020-08-24,145.29934660636445,145.6815695242229,143.87301642498494,145.64427185058594,0.010477801644510842,0.010423289925550448
2020-08-25,146.18498784580405,146.19431937752404,144.30185344993853,145.80276489257812,0.0010882202230018123,0.001087628540589877
2020-08-26,145.89598398916903,146.1476935036225,144.66541678508082,144.88916015625,-0.006266031628420987,-0.00628574559999756
2020-08-27,145.54176432556835,146.3621426708502,144.15273143855075,145.2434539794922,0.002445274876740955,0.0024422900569425598
2020-08-28,145.9892277519617,146.54856489542243,145.17816684535447,146.47398376464844,0.008472187568122624,0.008436500013130592
2020-08-31,146.5392550458912,146.70705192999986,144.77731663826563,144.89849853515625,-0.0107560755091064,-0.010814340266022576
2020-09-01,144.70275374732626,146.65113812457275,143.98492268337802,146.55792236328125,0.011452319001928002,0.011387237613876418
2020-09-02,147.257068939295,148.20794628874765,145.59766378116444,147.7231903076172,0.007950903817041777,0.007919461932262766
2020-09-03,147.40618931383838,147.5646688423508,142.59582850606495,143.36026000976562,-0.029534498197380188,-0.02997942383370629
2020-09-04,145.15953098063866,145.3273278547623,139.17451975543312,142.4467010498047,-0.006372470026900778,-0.006392860886944817
2020-09-08,140.9365167319899,142.14843570759558,138.90423343320208,139.70596313476562,-0.019240444986372784,-0.019427951382067377
2020-09-09,141.16953164509917,142.42806521552183,140.36781642900158,141.82211303710938,0.01514716948984085,0.015033596554325563
2020-09-10,142.4746600117222,143.45351773610957,139.89234363259814,139.9762420654297,-0.01301539606307156,-0.013100838518415583
2020-09-11,140.6941263874566,140.8153225419446,137.6736536344621,139.04405212402344,-0.006659629717523874,-0.006681903998899883
2020-09-14,140.3864734235753,143.03404019499447,140.18137882051752,142.707763671875,0.02634928637280809,0.026008123874927135
2020-09-15,143.91964744833714,144.21795774621455,142.502634414955,142.9780731201172,0.001894146760394122,0.0018923551264741385
2020-09-16,143.66792016300676,146.22227023035504,143.41621065612233,144.32981872558594,0.009454216132379623,0.009409804728288602
2020-09-17,142.2788910846292,143.93828212481299,141.46784440344283,143.27639770507812,-0.007298706738561589,-0.007325472615637875
2020-09-18,143.54676860233158,144.76800461759822,140.8992019803139,142.9035186767578,-0.0026025153779191124,-0.0026059078082449464
2020-09-21,139.6686703562793,140.07884537807703,136.4151367630558,137.89739990234375,-0.035031459132491394,-0.03565977831184393
2020-09-22,138.57792098595797,139.1838874915628,136.62953646348814,138.96014404296875,0.00770677432190614,0.007677228839831346
2020-09-23,138.88152754661328,139.83602945891045,134.73594265465752,134.82017517089844,-0.0297924912253269,-0.030245303791906777
2020-09-24,134.7920881460729,137.12222599363616,132.96728827948377,134.82017517089844,0.0,0.0
2020-09-25,134.23060249564068,137.42167080494485,134.1463842688431,137.00991821289062,0.016241953692883504,0.016111464203159488
2020-09-28,138.84406565304818,140.7811704740001,137.0005461556737,140.3881378173828,0.02465675221587249,0.024357680619966987
2020-09-29,140.22903511408822,140.63142053667724,138.4978068172274,139.75177001953125,-0.004532917152012872,-0.004543221973358999
2020-09-30,140.27588129527686,142.2129867890435,138.9564191608857,140.17294311523438,0.003013722800392804,0.0030091906413315427
2020-10-01,141.12746352594556,142.4282200496467,139.89221960920133,142.4095001220703,0.01595569699208843,0.015829742882802818
2020-10-02,139.81729715582026,143.7195651354476,139.42426451173353,143.03643798828125,0.004402359854318361,0.004392697814978783
2020-10-05,144.57117845164075,147.2101166458755,144.56181134981554,146.98553466796875,0.02760902561074019,0.02723476940958949
2020-10-06,148.32370890687756,150.67255240586678,146.3023855351646,146.5644073486328,-0.0028650936317456965,-0.002869205869013128
2020-10-07,148.4079297821504,150.25144961053826,148.28628597459664,149.76483154296875,0.021836298813825206,0.021601301665875875
2020-10-08,151.33697615198523,151.86101978623188,150.2701689596636,151.46798706054688,0.011372199334324096,0.011308021975624515
2020-10-09,152.86231969532852,153.1992069088815,151.42118550658412,152.25404357910156,0.005189588465584372,0.0051761689591507945
2020-10-12,152.90907269528014,153.69515224913218,152.16044725978662,153.27403259277344,0.006699257305057715,0.0066769170009645705
2020-10-13,152.08560711188372,152.74066161625967,151.11237103756744,152.25404357910156,-0.0066546759187959825,-0.0066769170009646234
2020-10-14,152.54413299129806,153.38635813639283,150.60704228790198,150.74740600585938,-0.009895550474883996,-0.009944836847892994
2020-10-15,149.06296598772659,152.70321252643947,148.61378782322078,152.3008270263672,0.010304794368716674,0.010252061930457664
2020-10-16,152.7312682687363,153.18979916057427,151.88904331877123,151.92648315429688,-0.002457924092595376,-0.002460949746920473
2020-10-19,152.42245544602372,153.49861512305836,149.75543116243193,150.1110382080078,-0.011949496286603911,-0.012021465421882682
2020-10-20,151.18723848178502,152.0200965654986,150.04556592490337,150.4385986328125,0.0021821208401129333,0.002179743472273608
2020-10-21,150.54152872448242,151.00942682013044,149.0629690287406,149.14720153808594,-0.00858421380192842,-0.008621270385385125
2020-10-22,149.8584175875937,151.77680284147812,148.96004686471417,151.7206573486328,0.01725446930286334,0.017107301404745
2020-10-23,152.6002655029297,152.8435673303073,150.89710987394352,152.6002655029297,0.005797550377570904,0.0057808092562123955
2020-10-26,150.58831053440258,151.00941593430622,147.27559853882946,149.3062744140625,-0.021585749395723997,-0.021822129502372053
2020-10-27,149.21271146949638,149.78354776181786,147.79966425104976,148.0242462158203,-0.00858656612572628,-0.00862364307968885
2020-10-28,144.73021879179504,145.46013855975005,143.21421949909936,143.46688842773438,-0.030787914173474484,-0.03127182021808704
2020-10-29,142.96159558113177,145.7876899449312,141.9322140054979,145.17942810058594,0.011936828710927161,0.011866146694521806
2020-10-30,144.41205629209404,145.31041252246544,141.67016638345456,143.26101684570312,-0.013214070891322538,-0.013302153540193117
2020-11-02,144.8331765511353,145.8812636873123,143.80379505730696,145.81576538085938,0.01783282424909638,0.01767568484818331
2020-11-03,148.25817756063444,150.87840964299878,147.91193755358722,149.9519805908203,0.02836603572430918,0.027971169536239893
2020-11-04,147.62186326633397,151.9265318687903,147.5844376979215,150.1204376220703,0.0011234065104459567,0.0011227759615497406
2020-11-05,151.60829622351125,154.94909460806662,151.51472519628487,154.32211303710938,0.02798869681966165,0.027604171660911305
2020-11-06,154.9865519950772,155.0707844997279,152.8155123774123,153.11495971679688,-0.007822296471680756,-0.00785305111902334
2020-11-09,165.58913164461762,166.66530582200846,158.45836930298063,158.66424560546875,0.036242610773864925,0.03560129670502219
2020-11-10,160.20827497112415,162.20152505312404,158.8513736046977,161.61196899414062,0.018578372067526994,0.018407902244246648
2020-11-11,162.21091612031293,162.3419270221875,159.89014545319924,161.5465087890625,-0.0004050455265507402,-0.0004051275796476042
2020-11-12,160.39546403114684,161.55585646731777,157.53192992483153,159.06663513183594,-0.015350834108489697,-0.015469878015944107
2020-11-13,160.3486702817758,162.950182343444,160.31123044080925,162.36062622070312,0.02070824649139702,0.02049674564558201
2020-11-16,165.15867205769635,166.36584284057272,164.13864337487058,166.22547912597656,0.02380412662377762,0.023525225726500214
2020-11-17,164.73757293253945,167.32037983665097,163.09057659938526,167.00221252441406,0.004672769797515963,0.004661886299609862
2020-11-18,167.45137312585618,168.18129301435357,164.56911913679,164.66270446777344,-0.014008844681016486,-0.014107894684457303
2020-11-19,164.3726002393068,166.1880471897489,163.82985099763377,165.926025390625,0.007672174017394617,0.007642892563228444
2020-11-20,165.3271082632611,166.5155734017911,164.54104290448757,166.10382080078125,0.0010715341956615276,0.0010709605126726783
2020-11-23,167.74145606579458,170.30554259885798,167.25483808072883,169.21066284179688,0.018704217796060574,0.018531444976432925
2020-11-24,171.61566718928873,173.53405228465044,170.6517982307769,172.3923797607422,0.018803288548784103,0.018628691982878885
2020-11-25,171.71859244296385,172.476585035029,170.21196007979282,171.8028106689453,-0.003419925478232333,-0.0034257867906873417
2020-11-27,171.92445311699217,172.6450200806379,171.45655508745082,172.53271484375,0.004248499613962453,0.004239500219755534
2020-11-30,172.01807478213863,172.4859729105473,168.74278788327797,169.39784240722656,-0.01816972763317648,-0.018336824296328103
2020-12-01,171.8121652211999,172.3923542188544,169.39780963224507,170.96994018554688,0.009280506504569574,0.009237707199781361
2020-12-02,170.26811540233695,171.69988244321718,169.15451564184858,171.14776611328125,0.0010401005436475597,0.0010395600138482025
2020-12-03,171.56883937653802,173.29070063133577,171.19452667909994,172.11160278320312,0.005631605318668909,0.005615807114517724
2020-12-04,173.14105658057397,176.35083142780542,172.11167481314462,176.11688232421875,0.02327140922660975,0.023004758943654287
2020-12-07,176.14496132086654,176.81873590541952,175.40568841012902,176.28533935546875,0.0009565070027748312,0.000956049841447102
2020-12-08,175.10614425073854,178.71831740872125,175.06871869327074,178.5498809814453,0.01284588743599513,0.012764078881416103
2020-12-09,179.69160487638126,180.4308776514477,175.8361145103041,177.24917602539062,-0.007284826788486409,-0.007311490712787977
2020-12-10,175.70511883637678,179.34536609366313,175.28401333158288,178.96170043945312,0.00966167771531512,0.009615302178234609
2020-12-11,177.791921459937,179.41084485392426,176.21042363035556,178.08201599121094,-0.00491548999636271,-0.004927610753267336
2020-12-14,180.1960128105206,181.28491298698464,178.24348091072068,178.2904052734375,0.0011701871245486384,0.0011695029892542714
2020-12-15,180.00823295333123,182.95580156929196,179.04135630795926,182.74928283691406,0.025009071893903334,0.024701463179403298
2020-12-16,183.17171065121371,183.2468096717786,181.1346980607901,182.09217834472656,-0.0035956611264729155,-0.0036021410536859724
2020-12-17,182.79620981251804,184.34510020617856,182.1672716491552,184.26060485839844,0.011908400093752158,0.01183805302730629
2020-12-18,184.56103985632294,185.70627505910994,182.86196539157325,183.36886596679688,-0.004839552612382114,-0.004851301167620169
2020-12-21,180.13967025495185,183.78189444675914,179.7454110883658,183.27499389648438,-0.0005119302549948523,-0.0005120613360259813
2020-12-22,183.97901834657324,185.60299358396105,183.41578282010346,185.3589324951172,0.011370556093483364,0.011306397210600566
2020-12-23,186.4008980326292,187.4146990071379,185.77194552209374,186.9359588623047,0.008507959913013785,0.008471971204990943
2020-12-24,187.6775823018358,187.6869786339557,185.92218703665856,186.81396484375,-0.0006525979233591439,-0.0006528109580729803
2020-12-28,188.8321983506035,188.85096236594356,185.98788874592017,186.1193084716797,-0.0037184392111763165,-0.003725369792223816
2020-12-29,186.46663575036507,186.80457424657223,181.58531305689843,182.51463317871094,-0.019367551505368064,-0.019557559863131704
2020-12-30,183.0966209893263,185.37769477042386,183.07784265230688,184.37327575683594,0.010183526360350026,0.010132023613712031
2020-12-31,184.57040236987444,184.7769211107728,182.69296968801655,184.0447235107422,-0.001781994948807375,-0.001783584590575937
2021-01-04,185.4340246375181,185.76258109508862,179.23850521611325,181.64161682128906,-0.013057188728982316,-0.01314318320200933
2021-01-05,181.25679533307158,185.5091806309678,181.2380313130356,184.4484405517578,0.01545253659149215,0.015334361991293496
2021-01-06,187.25514576095526,194.10777842984402,186.95476395757768,191.99566650390625,0.04091780841069581,0.040102832059180415
2021-01-07,193.10337833650314,195.74116942090353,193.09398200430996,195.41261291503906,0.017796997574751394,0.017640485251513432
2021-01-08,196.4921406978531,196.91456024960982,192.11771845827502,194.9901885986328,-0.0021617044575823474,-0.0021640443133225185
2021-01-11,192.52133009038712,195.3656394452004,192.27726899932455,194.82118225097656,-0.0008667428288103851,-0.0008671186675620873
2021-01-12,195.74111332881134,198.43522433963068,195.71295298765574,198.3131866455078,0.0179241515434021,0.017765408027770043
2021-01-13,198.47278852606274,198.75440629228007,196.37007309547909,196.895751953125,-0.007147455579525008,-0.00717312100828411
2021-01-14,198.29444819575073,201.8240165377484,198.1911888236449,200.8289794921875,0.019976192985610375,0.019779286813606863
2021-01-15,197.89077808286814,200.84774297981028,195.4970486873456,197.83445739746094,-0.0149108067087651,-0.015023090344888147
2021-01-19,200.26572867288013,200.51918608029257,198.74501287575305,200.36898803710938,0.012811371047240838,0.012729999682071712
2021-01-20,201.22324346313349,202.74395941268907,200.0123056373161,201.25140380859375,0.00440395382603298,0.0043942847989540575
2021-01-21,201.7958256891317,201.9741840615967,198.96089871194718,199.50535583496094,-0.008675954257161056,-0.008713809460679033
2021-01-22,197.59044457345354,202.13382907238528,196.70804875678556,201.8240509033203,0.011622219657488664,0.011555200437502952
2021-01-25,201.75832708348008,204.5557125195784,198.63241379577877,201.6269073486328,-0.0009768090265016571,-0.0009772864153425897
2021-01-26,203.0443905884855,203.41048946635792,199.73072234619275,200.22824096679688,-0.0069369034134789676,-0.006961075579478078
2021-01-27,196.6610901897988,199.93721565545053,194.5865205970738,196.55783081054688,-0.01833113120570562,-0.01850122831312562
2021-01-28,197.91898370098315,199.35521880211115,194.90571175299968,195.9289093017578,-0.0031996766864773596,-0.003204806597553685
2021-01-29,196.8769853172745,198.0597771409526,192.2866627232285,192.96253967285156,-0.015140030327722709,-0.015255810685394104
2021-02-01,195.4125936293909,198.60423802214555,193.15028364038415,197.70306396484375,0.024567070375572708,0.024270153001589388
2021-02-02,200.0873949689296,200.93224832329705,197.96590106104563,200.5192108154297,0.014244325778818956,0.01414382858920801
2021-02-03,200.6037134355969,201.57998661807432,198.6230210451781,201.12001037597656,0.0029962194550021692,0.0029917397354089132
2021-02-04,201.9085003326949,205.41930470862007,201.89911832552968,205.22216796875,0.0203965661353378,0.020191342065566262
2021-02-05,207.39998671701446,208.24482567833275,205.36297401473317,208.06646728515625,0.0138596105116644,0.013764444411814581
2021-02-08,210.07533766174515,213.39840175178733,209.7092388372838,213.37962341308594,0.025535859753162304,0.02521526598637215
2021-02-09,213.21069852907564,215.54809361465925,212.44094406847125,214.38409423828125,0.004707435551382311,0.00469639022651977
2021-02-10,215.82967423635318,216.20516939276314,211.1642525550672,212.97598266601562,-0.006568171847210591,-0.0065898372079009815
2021-02-11,214.15875599529454,214.96605266120505,209.72801350197307,212.73190307617188,-0.0011460427921889949,-0.0011467000014043327
2021-02-12,212.08419282677838,213.78328157030626,210.8732549534963,213.3326873779297,0.0028241382372380386,0.0028201578511924293
2021-02-16,215.40725304428994,215.55745110568648,211.0140528523325,211.99032592773438,-0.006292338350462168,-0.00631221855059429
2021-02-17,209.90634641095997,210.96710038318966,207.41875401659445,210.32876586914062,-0.007837905108746157,-0.007868782937815821
2021-02-18,208.7142260657424,209.2399050212416,205.94501521708798,207.07147216796875,-0.015486677191832388,-0.01560784843162868
2021-02-19,208.8268650206277,212.43153270349714,208.55462923245244,211.38955688476562,0.02085311255861555,0.02063866258265519
2021-02-22,209.81250894471077,212.51601690894825,209.31499037124712,210.01902770996094,-0.006483428959320858,-0.006504537672215491
2021-02-23,207.4188075337726,209.31500458172846,202.34972975668555,208.16976928710938,-0.00880519466743468,-0.00884418946729193
2021-02-24,208.97701069779924,213.5110119845542,208.12278978114063,213.08859252929688,0.023628902789450734,0.02335406131502747
2021-02-25,212.8914609249699,213.64243682106368,204.6495330516987,205.2127685546875,-0.03696032659996362,-0.037660670317103816
2021-02-26,206.06705139472334,208.61096510456332,201.6456903493249,204.9311981201172,-0.0013720902288556491,-0.0013730324065875648
2021-03-01,209.78433560314878,212.81639986711912,209.2774350530895,212.2156219482422,0.03554570458254647,0.03492853857385786
2021-03-02,211.95277046271121,212.11236485615495,207.97262207866936,208.1322021484375,-0.019241843566071726,-0.01942937739998277
2021-03-03,208.78933091440035,210.51656590871647,205.7760588450533,205.8793182373047,-0.010824292867117613,-0.010883301730969483
2021-03-04,205.11888680947717,207.1652957244749,196.5953413670023,200.1249237060547,-0.02795032828220878,-0.02834837323707068
2021-03-05,203.59821132986124,204.78098890650912,194.5114429218141,204.3679656982422,0.02120196681958375,0.0209803323719619
2021-03-08,205.91682317330995,208.64849124340924,204.33039021870914,205.33482360839844,0.004730966063359654,0.004719810214870256
2021-03-09,208.77990898609042,211.20179891281276,207.381216453698,209.6529083251953,0.021029480732562167,0.020811413136447757
2021-03-10,211.77441955679902,214.937889151406,211.3989244132547,213.29513549804688,0.01737265274279931,0.01722347349228708
2021-03-11,215.4823677667609,218.04505970987805,214.76893408501178,217.98873901367188,0.022005206563503465,0.021766586253372897
2021-03-12,217.77281218323492,219.80042862246165,217.19079830348966,219.27474975585938,0.005899436585606654,0.0058821030482527886
2021-03-15,219.04010900166745,220.1571839505349,217.6977512555006,220.05392456054688,0.003553417826516858,0.0035471193537190203
2021-03-16,219.67840049659264,219.74410319166287,215.07868186571915,216.37411499023438,-0.01672230830539001,-0.01686370463470252
2021-03-17,214.93790222984546,218.55196621661253,213.4265682038471,218.07321166992188,0.007852587541555822,0.007821916436399328
2021-03-18,216.65576959143053,218.6552259827334,210.8451122041559,211.43650817871094,-0.030433373454674117,-0.03090608407657694
2021-03-19,210.80757976307794,214.59060626440947,209.2868492317847,213.03233337402344,0.007547538545063626,0.007519198385652716
2021-03-22,213.7269612757486,214.12123480215595,210.3663688824245,211.42710876464844,-0.007535121941121936,-0.007563654393157058
2021-03-23,209.48394213426948,210.14104070835697,202.79089003811666,203.7577667236328,-0.03627416600372091,-0.0369484293904156
2021-03-24,206.38619476932502,207.76610906662762,199.04542541503906,199.04542541503906,-0.0231271739201252,-0.0233988031909581
2021-03-25,196.88046699643903,204.57361599025737,195.6484380692777,203.76480102539062,0.023710043074393505,0.023433325459490877
2021-03-26,205.9278407427468,207.5454557609435,203.10639617165876,207.47962951660156,0.018230962720337862,0.01806677129534089
2021-03-29,205.97488809769325,207.78061120584093,201.3383202917213,201.63926696777344,-0.02814908896085533,-0.028552869990765065
2021-03-30,201.62985443003052,205.66451427541196,200.45425240216042,205.03439331054688,0.016837624902276804,0.01669744345621915
2021-03-31,206.12539749201653,209.16314973364996,206.07837053118476,207.79005432128906,0.013439993974905695,0.013350478422946966
2021-04-01,209.1631292063299,210.57385178915303,208.80575591043103,210.4233856201172,0.012673038213640409,0.0125934073358823
2021-04-05,212.92505162349607,213.05671848777072,210.2635010349878,211.58016967773438,0.005497412059064288,0.0054823564421399296
2021-04-06,211.60839209598663,213.19780853716114,210.51742983036698,210.95945739746094,-0.00293369780929309,-0.0029380095356441715
2021-04-07,210.88418440218598,211.01585125169476,206.84952466675853,207.5548858642578,-0.016138511044748727,-0.016270155094819137
2021-04-08,208.63642026204474,209.55810249870302,206.3322433716177,209.31356811523438,0.008473335829476625,0.008437638627278251
2021-04-09,209.24777257686273,209.81205297025505,208.07217048569774,209.34181213378906,0.0001349363961877792,0.0001349272930911546
2021-04-12,209.46408705423258,209.66158017647598,207.2821626044161,208.5236053466797,-0.003908472840516319,-0.00391613088116421
2021-04-13,208.2979097891969,209.32304588100752,205.80563870268813,207.9781494140625,-0.0026157994521068817,-0.0026192266333441793
2021-04-14,208.66470171370352,212.54889631375764,208.5988754470761,210.02841186523438,0.009858066613959604,0.009809792873178291
2021-04-15,211.69303157324083,211.72124487741326,209.03146652494578,210.94064331054688,0.0043433716286815915,0.004333966413856974
2021-04-16,211.9845665877759,212.24790031218413,209.73681592904097,211.27920532226562,0.0016050108049605605,0.0016037241516628558
2021-04-19,210.39516887202308,211.2886236230614,206.84954882040336,208.5330047607422,-0.012997969001893206,-0.013083181801930894
2021-04-20,207.630171198125,208.4295721185037,202.4293079873158,204.26324462890625,-0.02047522470955998,-0.020687748103805505
2021-04-21,204.10336586200958,209.37005537313024,202.67382949657656,209.2572021484375,0.024448635037615185,0.02415455082462556
2021-04-22,209.97193962696073,211.91874363843766,207.6395490241203,208.39193725585938,-0.0041349348251552565,-0.004143507307423805
2021-04-23,209.5581463973997,213.1601788021607,208.80575814173156,212.32315063476562,0.018864517652041446,0.018688789220602763
2021-04-26,213.4893289818593,215.07874522500256,213.2542085754916,214.53326416015625,0.010409197107254853,0.010355394454576842
2021-04-27,215.09757703019136,215.73709770119467,213.96898750388348,214.85304260253906,0.0014905774339222244,0.0014894676260784375
2021-04-28,214.5051028492264,215.83118570669058,213.58343465105057,215.21986389160156,0.0017073125175197656,0.0017058567162731156
2021-04-29,217.11021906947533,217.2042586346889,212.35136933055125,214.42044067382812,-0.0037144490444249723,-0.003721364740923078
2021-04-30,212.28551480554376,214.2417183192509,210.79955210713322,211.50491333007812,-0.01359724536796858,-0.013690534524353364
2021-05-03,213.68686336300414,213.87495684167678,211.5331521329566,212.5394744873047,0.004891428482382443,0.0048795043144178206
2021-05-04,211.23218032173466,212.68051572098102,207.80882775472338,210.00013732910156,-0.011947602506915955,-0.012019548740634151
2021-05-05,210.93125735217384,211.17577745441233,208.18505221308885,209.16314697265625,-0.003985665757606727,-0.0039936296914681165
2021-05-06,209.39823873806714,209.54871924988302,205.62691239582992,209.34181213378906,0.0008541904428134295,0.000853825829775008
2021-05-07,209.4077080988738,212.48307364993462,208.9374671380934,211.9752197265625,0.012579463060587548,0.012500998954151554
2021-05-10,211.82471901807006,212.23853332027736,206.52040205924197,206.58624267578125,-0.02542267467741166,-0.02575141446764815
2021-05-11,202.12831774076375,207.27275359689807,201.6580769082148,205.92787170410156,-0.003186906171254278,-0.003191995171714104
2021-05-12,204.17858738524384,205.7491901373627,198.9494969615624,199.24105834960938,-0.0324716285326373,-0.03301052999408536
2021-05-13,200.61414271735114,204.49833660637086,199.1940205619721,202.90892028808594,0.018409167110729374,0.01824176970398079
2021-05-14,204.9685795966509,208.2320521736845,202.84308181586027,207.86526489257812,0.024426450041995507,0.02413289504308758
2021-05-17,206.69908047033675,208.21325668093237,204.93097016587126,208.14743041992188,0.0013574443401573877,0.0013565238455084134
2021-05-18,208.2132256504458,209.95312239080423,206.4075026588871,206.5673828125,-0.0075910022248857345,-0.007619960523696543
2021-05-19,203.17227356812666,205.175504310142,201.31012370055075,204.97799682617188,-0.0076942737265098815,-0.007724027370650433
2021-05-20,205.27898580554807,206.78374821666546,203.45444864589763,206.3417205810547,0.006653025085610942,0.006630991387390374
2021-05-21,208.15681753391635,209.13491219305473,206.29466777579236,206.8777618408203,0.0025978326547637653,0.002594464120177568
2021-05-24,208.01573387080012,209.210149638515,206.90597236188003,208.22264099121094,0.00650083961864123,0.006479800293726039
2021-05-25,209.0032384342223,210.39516164444478,206.14418045899274,206.2100067138672,-0.00966578018491615,-0.009712797053320264
2021-05-26,207.02824260620727,210.3763551846375,207.01882860475234,210.0565948486328,0.01865374137785203,0.018481894117692972
2021-05-27,211.64600161719054,212.88744438563697,210.83718675761213,212.21969604492188,0.010297706662567796,0.01024504649209679
2021-05-28,213.56460675017954,213.6586463188798,211.6554298631438,212.07864379882812,-0.0006646520031953207,-0.0006648729822595403
2021-06-01,213.9219866463152,214.95650796809056,212.51126401157472,214.48626708984375,0.011352502297682587,0.011288546229245149
2021-06-02,215.28570030260641,215.29509995473578,213.3294963636545,214.74021911621094,0.001184001334037843,0.0011833009572352088
2021-06-03,213.32007948783664,214.07245341462811,210.70552699496898,212.94387817382812,-0.008365181658917309,-0.008400366144817125
2021-06-04,214.01602007165013,214.48626093640613,212.74637834717635,213.86553955078125,0.0043281891212705315,0.004318849450279633
2021-06-07,214.3263628006172,217.04435419707286,213.72445511820314,216.73399353027344,0.013412417846827118,0.013323267632541668
2021-06-08,217.4487908893759,219.5836741211643,216.29198800891626,219.02879333496094,0.010588093576409552,0.010532432266994133
2021-06-09,219.6401173087024,219.73417123068248,217.23248615239498,217.57106018066406,-0.006655440739554153,-0.006677686945750252
2021-06-10,218.21810631161821,218.6890535517992,215.42069292733885,215.9575653076172,-0.007415944343457603,-0.007443579169032017
2021-06-11,216.9183223450114,218.33116420000866,216.70169061811958,218.23696899414062,0.010554868421842833,0.010499554677239805
2021-06-14,218.81148827183338,219.79106650747252,216.76757912507222,217.59645080566406,-0.0029349664790009333,-0.0029392819390061
2021-06-15,217.6907035892825,218.02037249091183,215.20410209763548,216.97486877441406,-0.0028565816627457163,-0.0028606694787865644
2021-06-16,216.35315481277797,217.27620736033154,214.41285452270523,216.51327514648438,-0.0021274059550628888,-0.002129672097685686
2021-06-17,215.91989665927562,216.82410731538835,211.47415354557523,214.08319091796875,-0.011223719316386105,-0.011287180548209028
2021-06-18,210.70180466657987,212.62327756695606,208.28114318445157,209.22303771972656,-0.02270217095234006,-0.022963833017426098
2021-06-21,211.03145841545634,214.28099145540114,210.30619565093843,213.697021484375,0.021383800815671927,0.021158375320708207
2021-06-22,213.12245376514042,215.1381072426937,211.66251454431332,214.6671600341797,0.004539785080137859,0.004529511337837444
2021-06-23,214.74254382577593,216.59807724075432,214.74254382577593,215.3736114501953,0.0032909151819175975,0.0032855119716428513
2021-06-24,216.74876671403987,218.43476598725312,215.4301201083173,218.41592407226562,0.014125744568172616,0.014026905930453587
2021-06-25,218.7926779316421,219.84760959703365,218.28406120017328,218.78326416015625,0.0016818374825504634,0.0016804247776298676
2021-06-28,218.7455684950411,219.07522292359315,215.4771936597523,217.05015563964844,-0.007921577215518338,-0.007953119595671982
2021-06-29,217.79426391451727,218.26521117036367,215.47721146416802,216.0140838623047,-0.004773421029302782,-0.0047848501887623905
2021-06-30,215.36416271929022,216.9371391163804,214.5258772240407,216.04232788085938,0.00013075081980629122,0.00013074227266287377
2021-07-01,217.39866102881302,218.3782393292163,216.3625857317419,217.94496154785156,0.00880676340444464,0.008768210051773025
2021-07-02,218.51950853371022,218.59486181303723,215.279389383491,215.87278747558594,-0.00950778608300451,-0.009553273634654033
2021-07-06,216.03292843897185,216.12712364016977,210.86192233207376,212.73629760742188,-0.014529343438059672,-0.014635928010794316
2021-07-07,212.4348717828901,213.4992171297917,208.91219567417548,210.75830078125,-0.0092978812192267,-0.009341376335031348
2021-07-08,206.5668811357604,211.05972193889457,205.19172320991265,208.81800842285156,-0.009206244077723413,-0.009248883443435146
2021-07-09,211.13508245962274,213.2920146214746,210.3627220421176,213.22608947753906,0.021109678652624808,0.020889956187478635
2021-07-12,212.45372190894489,213.70644332325452,211.50241363439525,213.40504455566406,0.0008392738363465213,0.0008389218429924404
2021-07-13,212.14290761285304,212.62328303638907,209.30781016272766,209.38316345214844,-0.018846232580348232,-0.019026086114298128
2021-07-14,210.71123099585148,211.3234566896408,205.85105178635897,206.15245056152344,-0.015429668925425966,-0.01554994508525745
2021-07-15,205.17287308892767,206.33139925697142,202.45079865925706,204.9844970703125,-0.005665484392883169,-0.005681594124689681
2021-07-16,207.0566701059147,207.10376770545008,202.00811500014711,202.46022033691406,-0.012314476311506506,-0.01239092776299742
2021-07-19,198.39126222011154,201.98929208272799,196.903067042281,199.42733764648438,-0.014980141211852205,-0.015093476807041142
2021-07-20,199.87002276214855,206.52922420014303,198.98463957618097,205.61558532714844,0.031030087217198243,0.030558387166923558
2021-07-21,206.69875910631976,209.3078110716835,206.61399204491718,209.1571044921875,0.017223982118885983,0.017077330889246706
2021-07-22,208.6013711611312,209.03463457253147,204.9374022171478,205.8321990966797,-0.01589668877650774,-0.016024396360276586
2021-07-23,207.0943675578654,207.16972085287463,204.30636750338155,206.79296875,0.004667732539110903,0.00465687245710859
2021-07-26,207.58415852371434,209.1477070708334,206.41620399957029,207.39578247070312,0.0029150590774287277,0.002910818531678399
2021-07-27,206.28429985904978,206.35023936968255,202.86523275312408,204.97506713867188,-0.011671960264540093,-0.011740612318302831
2021-07-28,206.27489610728833,209.6562939229227,204.7678591539837,207.98915100097656,0.01470463654130949,0.014597571664008343
2021-07-29,209.8446637090528,211.39879821571586,209.23243804932343,209.59036254882812,0.007698533986727263,0.007669051491935167
2021-07-30,208.77090810037626,211.03146350120184,207.48051724730053,208.20578002929688,-0.006606136382863004,-0.006628053480032245
2021-08-02,209.54325573054945,211.50239787651594,206.87769275959266,207.169677734375,-0.0049763378076059794,-0.0049887610084266695
2021-08-03,207.80076509164192,208.27171235320193,204.4853067182218,208.02682495117188,0.004137416373721781,0.00412888080197365
2021-08-04,206.36909574200286,208.34706561703769,205.22939704539692,205.43661499023438,-0.012451326705320231,-0.012529494009209345
2021-08-05,206.35967294586905,209.51502542860857,205.97349273210423,209.12884521484375,0.01797260057456107,0.01781300280989022
2021-08-06,210.74888788229194,212.1240601336805,209.23243720912367,210.40980529785156,0.006125219510928037,0.006106536606345609
2021-08-09,209.96713168218287,210.22144723527913,208.35650004763704,209.2512969970703,-0.0055059615645824955,-0.0055211752405998245
2021-08-10,209.70339516501846,210.2496957107763,208.3376509867087,209.6657257080078,0.001980531145493014,0.0019785724793903174
2021-08-11,210.06134564890718,210.73008279174542,207.65951145377076,210.69241333007812,0.004896783289702444,0.004884833042378954
2021-08-12,210.75831963582743,210.83367292459576,208.82744730329858,210.1931915283203,-0.0023694341617118697,-0.002372245712903543
2021-08-13,210.02365484191222,210.32506801392935,207.876136293889,208.28115844726562,-0.009096550973664908,-0.009138177222629447
2021-08-16,207.00015884863703,207.46167795669584,205.00333273016523,206.34083557128906,-0.00931588286929863,-0.00935954709825374
2021-08-17,204.07086001317376,204.80553655249747,201.3299436468366,203.82595825195312,-0.012187976812118029,-0.012262859267279574
2021-08-18,203.54339948830383,205.37066267646168,201.91391171706954,202.0457763671875,-0.008733833021234316,-0.008772196477540423
2021-08-19,200.0866564698974,201.63137736092688,198.4383409735224,199.62513732910156,-0.011980646572323228,-0.012052992936569805
2021-08-20,199.77583847397148,203.46806336073212,199.13534271070668,202.9971160888672,0.016891553863813247,0.016750478011765824
2021-08-23,204.84318752647286,207.16025404525462,204.80551807469777,206.8588409423828,0.019023545397684583,0.018844860350170058
2021-08-24,207.51821359118048,209.0252362437864,206.92481542719722,208.89337158203125,0.009835357436886794,0.009787305126470457
2021-08-25,208.8839461717586,210.9561111862394,208.0174049610546,209.62803649902344,0.0035169374280681343,0.003510767465647699
2021-08-26,209.2324288675916,210.19316521389894,206.97188797622334,207.4051513671875,-0.010603949590713757,-0.010660572101402265
2021-08-27,207.82899720139437,213.83828817629907,207.7536582956007,213.2543182373047,0.028201647025448695,0.027811302491173036
2021-08-30,214.0455141372196,214.139709331252,211.9074097077693,212.37835693359375,-0.004107589993728511,-0.004116049314400858
2021-08-31,212.1523347632874,213.4427257046713,211.29520726883126,212.79281616210938,0.0019515134898855369,0.0019496117611991122
2021-09-01,213.64991586713694,214.9779904663974,211.80379645552293,214.22447204589844,0.006727933346670989,0.006705401807118331
2021-09-02,215.06279793934561,216.48505362589117,214.37521889853045,215.71270751953125,0.006947084333642106,0.006923064524202441
2021-09-03,214.987406981197,215.66557213108644,213.9890011694622,214.71426391601562,-0.004628580369680946,-0.004639325416830295
2021-09-07,214.4882256121623,215.69384947254088,213.10363948979202,213.23550415039062,-0.00688710539605053,-0.00691093096222387
2021-09-08,212.50081582367244,212.8398984139378,209.69397427613487,210.9090118408203,-0.010910435946583696,-0.010970391243963738
2021-09-09,210.55110436556512,213.14131441475377,210.00481816633715,210.805419921875,-0.0004911687653418317,-0.0004912894282320349
2021-09-10,212.07697519721987,212.19941171268238,208.6484796930413,208.74266052246094,-0.009785134557633857,-0.009833323601993686
2021-09-13,210.2402702580791,210.40039059277476,207.45225631259814,209.929443359375,0.005685387136216802,0.005669286320194864
2021-09-14,210.74887490351435,210.76771681598098,206.34081594942458,207.2544403076172,-0.012742391009814225,-0.012824271587357284
2021-09-15,207.23564234850218,209.7975966672699,206.7081837014918,209.12884521484375,0.00904397948938751,0.009003327626123898
2021-09-16,209.34545089342586,210.36269860275627,207.4616620329255,209.27952575683594,0.0007205153446785406,0.0007202558981135895
2021-09-17,208.74264353746202,210.07071816209407,207.81959100010522,209.55267333984375,0.001305180628730973,0.0013043296208929802
2021-09-20,204.81495575492093,206.26548133053382,201.7726405500053,204.570068359375,-0.023777339134147812,-0.024064582455089703
2021-09-21,206.05827333088607,206.54804814560342,203.2796873016555,204.8809051513672,0.0015194636951780804,0.0015183104782506367
2021-09-22,206.16189739079843,209.61864889414204,206.1524692464835,208.06451416015625,0.015538827332088445,0.015419336001701416
2021-09-23,209.2700969922588,212.53847180528467,208.68612704633352,211.74728393554688,0.017700133971696008,0.01754531085737915
2021-09-24,210.6976871577701,211.9636459228346,209.58287710540353,210.7260284423828,-0.00482299217341986,-0.00483466033224901
2021-09-27,211.26454515027407,215.10021976013192,211.17952128923835,213.92874145507812,0.01519846900911448,0.015084129348655568
2021-09-28,212.95564975387188,213.13515418006028,208.64760118819223,209.0632781982422,-0.02274338279065513,-0.02300600307659237
2021-09-29,209.9891290690487,210.3575801897377,208.00515262490205,208.61924743652344,-0.002123906051533897,-0.0021261647387180453
2021-09-30,209.8474470527087,210.31037881951355,206.52194406148578,206.6636505126953,-0.009374000471472077,-0.009418212929212206
2021-10-01,207.7972711013645,211.15112859985027,205.7093865826362,209.99853515625,0.016136774102661233,0.016007960275591565
2021-10-04,209.86632560136763,210.03638774195989,206.83367809958494,208.09019470214844,-0.009087398884385811,-0.009128941159293996
2021-10-05,208.75151445070583,210.73547650650428,207.73118492956243,208.80819702148438,0.003450438019742652,0.003444498916229968
2021-10-06,206.67303948951272,208.03347873302553,204.78354374368013,207.72171020507812,-0.005203276652470001,-0.0052168608384386165
2021-10-07,209.28998301111892,212.52101881945532,209.13881990043816,210.9243927001953,0.015418140414669601,0.015300488660790205
2021-10-08,211.04725659993645,211.7274763178879,209.26168344424156,209.33726501464844,-0.007524628447326154,-0.007553081285177677
2021-10-11,209.57344158915885,211.19840923278193,208.08073808323954,208.13742065429688,-0.005731632923873353,-0.005748121767378529
2021-10-12,208.64758397773628,210.1780709956921,208.18465230710467,209.2805633544922,0.005492249767493851,0.005477222361474632
2021-10-13,209.63011640536052,210.39535991774565,207.6839379872677,210.27255249023438,0.004739996490079612,0.00472879807972454
2021-10-14,212.33209993085006,213.5130348581629,211.92586523539504,213.3902130126953,0.014826759296631131,0.014717917430247265
2021-10-15,215.38364907730607,215.7898982211592,212.62498659501478,212.71946716308594,-0.003143283096912586,-0.0031482335878110592
2021-10-18,211.51016433429882,213.21069902068064,211.36844349996107,212.59661865234375,-0.0005775141898414216,-0.0005776810153936635
2021-10-19,213.4941358629272,214.3444176600182,212.1998357956194,213.3902130126953,0.0037328644518532794,0.003725914603204592
2021-10-20,213.48473145984207,215.38366997030624,212.68168980047145,214.807373046875,0.006641166969055812,0.006619211572396555
2021-10-21,214.6372519986096,216.35668547449,214.09873884057154,215.35525512695312,0.002550573903990605,0.0025473267106697933
2021-10-22,215.21358968015977,215.77098752069773,213.22017089395408,214.8451385498047,-0.0023687212872874897,-0.002371531145613714
2021-10-25,215.20415367662827,217.27315422908262,214.72233735695573,216.8858184814453,0.009498376111347628,0.009453550162574379
2021-10-26,217.32035823931704,217.9722365966972,215.21357445914623,215.25135803222656,-0.007536041132899518,-0.007564580564171838
2021-10-27,214.62785186941912,214.89239458191685,211.15118601695858,211.2928924560547,-0.018389967953555186,-0.018561165541445025
2021-10-28,212.379341074056,215.64816089334295,212.35099978894206,215.50645446777344,0.01994180666817802,0.019745573382536154
2021-10-29,215.21359632624547,216.186685608662,214.42001146954445,215.4497833251953,-0.00026296726340790944,-0.0002630018453614689
2021-11-01,216.58344956561433,221.2410496530905,216.24333975520793,221.03321838378906,0.025915250284407332,0.025585141274858433
2021-11-02,221.4300299245892,221.8740626159313,219.79560558594292,221.49615478515625,0.002094420036735656,0.0020922297967456973
2021-11-03,221.21274235288644,226.56001958739333,220.99545434543575,225.4546661376953,0.017871693332006888,0.01771387220060066
2021-11-04,226.24823759015294,227.6275759556758,224.43432323550925,225.36962890625,-0.0003771810666068909,-0.00037725221727708045
2021-11-05,227.84484009450608,229.95162378986706,226.9284335153272,228.44947814941406,0.013665768799953293,0.013573234265416796
2021-11-08,230.2728758990962,230.95309559223483,228.56286996047461,229.15806579589844,0.0031017258267533876,0.0030969253990467643
2021-11-09,228.6289997611998,229.1297150123787,226.30491350335976,227.82595825195312,-0.005813051089075594,-0.00583001263471977
2021-11-10,226.81505839151782,228.2132811289418,223.25335507315384,224.23590087890625,-0.015757894318068066,-0.015883369833654123
2021-11-11,225.14286714435832,227.09850219433076,224.52878678272833,226.04037475585938,0.008047212198762033,0.008015006051107335
2021-11-12,226.6639280320293,226.93791301225824,225.54913236271096,226.2671356201172,0.0010031874372122829,0.001002684580973134
2021-11-15,227.27802382324685,227.4575138265821,224.42488094555787,225.36962890625,-0.003966580084232896,-0.003974467828169834
2021-11-16,224.62325852599992,226.1443032420218,223.85801502325327,225.78530883789062,0.0018444363318073087,0.0018427374477844383
2021-11-17,224.90673583394388,224.97287512208965,222.1386307533533,222.8282928466797,-0.013096582795535272,-0.013183099246116386
2021-11-18,223.829677572418,223.9713984111706,220.1735077008092,221.8834991455078,-0.004240007806468049,-0.004249022129123343
2021-11-19,220.38136965342719,221.46782408545218,219.54998680169368,219.86175537109375,-0.009111735582862046,-0.00915350134483102
2021-11-22,221.27886495191896,222.71488586550137,218.82251452729457,218.9264373779297,-0.004254118646443872,-0.004263193154339478
2021-11-23,218.60525130222496,220.1262962434541,215.98829516027058,218.54856872558594,-0.001726007406275154,-0.0017274986732640314
2021-11-24,216.71571360064996,219.17206383208406,215.91267214383652,218.7847137451172,0.001080515058544007,0.0010799317223127104
2021-11-26,212.53054374669952,213.673680900868,207.504476820987,210.53712463378906,-0.03769728227419267,-0.038426202425695194
2021-11-29,213.72086018516663,214.22157539335862,209.01601991965126,210.40480041503906,-0.0006285077702099517,-0.0006287053640157248
2021-11-30,208.46810467456385,209.6017994323976,203.9522102245999,206.1156768798828,-0.02038510303327512,-0.020595746826280868
2021-12-01,210.83938370852468,211.82192958145572,201.37300586698726,201.4769287109375,-0.022505557263597264,-0.02276267231892757
2021-12-02,202.52564435186167,207.7878981563893,202.00604443259235,207.09823608398438,0.02790050160587798,0.027518374027551185
2021-12-03,208.11851298392742,208.2035512526787,200.9573364351179,202.84683227539062,-0.02052844045890223,-0.020742077709644115
2021-12-06,204.57571586380868,208.49642852707905,201.90209183657785,206.918701171875,0.020073613429448578,0.019874794720919627
2021-12-07,209.86630528630073,213.55081645917883,209.7151421572315,211.718017578125,0.023194212891678223,0.02292931537486544
2021-12-08,212.19042381773673,214.02322297754972,210.73550370665131,213.16351318359375,0.006827456737050541,0.006804255199431973
2021-12-09,211.5762938769119,213.33352558537192,208.29801744007673,208.3358154296875,-0.022647861642945633,-0.02290826367220925
2021-12-10,209.9230033265348,210.53709817774458,206.2573908785719,207.75953674316406,-0.002766104739767794,-0.0027699374769500733
2021-12-13,206.9502659313103,207.5756971954291,203.50093746488392,204.72335815429688,-0.014613907195127007,-0.014721742220423096
2021-12-14,203.33984072919134,206.12583953186476,202.13636200664513,202.96078491210938,-0.00860953658672925,-0.00864681275474892
2021-12-15,202.9892409773165,206.73232886889863,200.02319226108597,206.18270874023438,0.015874612573656632,0.015749928719097216
2021-12-16,207.95470494715843,208.38113002758757,201.13186028179587,202.0131378173828,-0.020222699315221027,-0.020429977340599904
2021-12-17,201.0844999332171,205.9647404164073,199.2840318462929,203.87049865722656,0.009194257660225968,0.009152247776728543
2021-12-20,200.98025487385792,201.78573578421984,197.8246858781871,201.00868225097656,-0.014037422898845464,-0.014136879358246687
2021-12-21,202.97976626662947,206.95028787414728,200.95186438936412,206.75128173828125,0.028568912660869916,0.028168430939550553
2021-12-22,206.4574942483618,208.80759690325152,205.7562663005889,208.7412567138672,0.009624970442045244,0.009578945504151297
2021-12-23,209.47095559659383,211.12928704754705,208.7981404743116,210.40908813476562,0.007989946248070368,0.00795819563918895
2021-12-27,210.69333791047836,212.49382040386055,209.04449219468114,212.38009643554688,0.009367505549564559,0.009323902558783369
2021-12-28,212.06736421588846,213.90574491504415,210.702806838509,211.08184814453125,-0.006112852912323774,-0.00613161288807467
2021-12-29,211.053465283621,211.7831351340851,209.66993675178665,211.309326171875,0.0010776768791032065,0.0010770966022385512
2021-12-30,211.26194209835174,213.62150147288904,211.0345085913774,211.25245666503906,-0.00026912918547516984,-0.00026916540723344106
2021-12-31,210.83550497518385,212.38011226989602,210.74073740444024,210.79759216308594,-0.00215317970325124,-0.0021555011275629006
2022-01-03,211.9915923965016,214.81548949835894,211.06291650663186,213.5172576904297,0.012901786493081158,0.012819267449883563
2022-01-04,214.16162732567167,215.23244008934017,211.67887326424605,213.19505310058594,-0.0015090330089894133,-0.0015101727460453869
2022-01-05,213.09081736299763,214.07634800609839,205.9363142953654,205.97421264648438,-0.033869643545128336,-0.03445650930355802
2022-01-06,206.41013593526063,208.87393377588614,204.51490015347107,207.14927673339844,0.005704908744721626,0.005688697379843919
2022-01-07,207.14927259643326,208.8360312517797,204.6191201539124,204.75180053710938,-0.011573664335669531,-0.011641160479293545
2022-01-10,203.51986874561146,204.10738712510008,200.05158430130896,204.0410614013672,-0.003471222884867231,-0.003477261557460963
2022-01-11,204.19268996097662,206.419597688914,201.8047033934235,206.21112060546875,0.010635404409276461,0.010579246320880501
2022-01-12,207.07342068423617,207.88837247214656,203.39665943745462,204.6759490966797,-0.007444659164265954,-0.007472508946821016
2022-01-13,205.45303083949926,206.76074814469646,202.20270844232246,202.79969787597656,-0.009166935485013239,-0.009209210390658583
2022-01-14,200.88553351865926,203.16928177862331,199.54938874491313,203.08399963378906,0.0014018845234491373,0.001400902800741401
2022-01-18,201.08447464747573,201.31190810270417,196.65910168841725,196.94338989257812,-0.030236797346339328,-0.030703358262691823
2022-01-19,197.87204642280696,198.48800659354268,193.67410702026993,193.7404327392578,-0.016263339201520566,-0.016397038886567912
2022-01-20,194.6217431104736,198.04264385403616,189.83627045841524,190.23426818847656,-0.018097226795709465,-0.01826298448631577
2022-01-21,189.29614047832692,192.38538398815965,186.67124938964844,186.67124938964844,-0.018729637056232318,-0.018907258056235554
2022-01-24,183.90419830953553,191.78837109764876,181.21295269627285,190.97341918945312,0.023046772408023886,0.02278520675328204
2022-01-25,188.0831886573253,191.13451932090356,184.36852838416502,188.42433166503906,-0.013347865557589822,-0.013437749046273024
2022-01-26,191.2103233819608,192.8876109792062,183.5725260335615,185.7046661376953,-0.014433727870020951,-0.014538907435764118
2022-01-27,187.27769195731324,189.1539709674703,180.61594063756743,181.4877471923828,-0.02270766283376946,-0.022969452488478745
2022-01-28,181.65835337585528,185.07925466433758,178.23745208737296,185.02239990234375,0.019475985374451055,0.019288755457689922
2022-01-31,184.20743552203044,190.69862365722656,183.69572823899136,190.69862365722656,0.030678575987981738,0.030217396959242113
2022-02-01,191.09661786493973,192.90657141701007,187.59990570754232,192.7075653076172,0.010534641581900539,0.010479538898776898
2022-02-02,192.95394834975733,193.21928019974263,188.8507611888754,190.7933807373047,-0.009933105466082282,-0.009982767899986502
2022-02-03,188.4243145916986,190.6986059235478,186.72808513950037,187.1829376220703,-0.01892331432716443,-0.019104651551639464
2022-02-04,186.71861492880635,189.6183376977592,184.70966971248035,187.98843383789062,0.004303256621854379,0.004294024090236333
2022-02-07,188.03579167404052,190.6227986590773,187.6188519912123,188.91708374023438,0.004939931055250701,0.0049277696304579005
2022-02-08,189.02130588636004,192.48010474618133,188.91706735981617,192.1389617919922,0.01705445578541731,0.016910661144631262
2022-02-09,193.85421917797584,195.8252518730482,193.59835827198447,195.787353515625,0.018988297269881826,0.01881026965048096
2022-02-10,192.27167968983792,198.09953886166016,191.532538832456,192.7834014892578,-0.015342931871886512,-0.015461852614443094
2022-02-11,192.98238106718173,195.26614369440233,189.22982225102425,190.831298828125,-0.01012588555888505,-0.010177501068841638
2022-02-14,191.06820206504202,192.8686702937008,188.80339585932833,190.16795349121094,-0.003476082492691712,-0.0034821381047169414
2022-02-15,192.15797323341397,195.50306355311747,192.01583631991497,195.2661590576172,0.0268089626712098,0.026455898717705335
2022-02-16,194.54594695010246,196.4127552661156,193.38985201959173,195.67361450195312,0.0020866669693426765,0.0020844929036642444
2022-02-17,193.83524661124392,194.2900991599204,190.26272303766567,190.6607208251953,-0.0256186491444802,-0.02595252131524262
2022-02-18,190.49959792653465,192.10107426110002,188.3485015537486,189.0213165283203,-0.008598542425411582,-0.00863572317827707
2022-02-22,188.0831773894028,189.9499856170666,185.11714350007162,186.3585205078125,-0.014087278987440888,-0.01418744654031316
2022-02-23,187.85575567922285,188.48117243068444,182.4638081467968,182.87127685546875,-0.018712552787182868,-0.01888984784904424
2022-02-24,178.45541172572158,188.0831987006954,178.07635588607582,187.66624450683594,0.02622045262557471,0.025882589774959903
2022-02-25,188.28220203185433,192.0063334218238,186.68072547441648,191.8926239013672,0.022520722390100945,0.022270875125645868
2022-02-28,189.96896094446393,193.88262748562235,189.9594899709157,192.669677734375,0.0040494200204757025,0.0040412431860828895
2022-03-01,192.04422994285952,193.11502824182142,187.4388067815488,189.040283203125,-0.018837393480533482,-0.019017077271552687
2022-03-02,190.3195640479545,194.54594598836292,190.177427155357,193.54147338867188,0.023810746097488122,0.02353169127214428
2022-03-03,194.3469452596762,194.36590166571426,189.7983765971202,191.2482452392578,-0.011848768686434363,-0.011919524816860996
2022-03-04,189.23928514035813,190.33852533631404,186.66176338546214,188.25376892089844,-0.015657536175629705,-0.015781410137251067
2022-03-07,188.7844073360811,189.13502127287205,183.53459695870214,183.572509765625,-0.024866748655855253,-0.025181149277239696
2022-03-08,184.16006164767535,189.1161137409645,183.32616771712435,184.58648681640625,0.005523577860736539,0.005508378847480185
2022-03-09,187.83680426977244,190.47118063624,187.26822779750592,189.7888946533203,0.028184120769839893,0.027794256802680436
2022-03-10,187.06923837007412,189.5614634182503,186.26375743473739,189.44775390625,-0.0017974747557988335,-0.0017990921519908444
2022-03-11,190.26272111582142,191.1913826106769,186.1500628933884,186.42486572265625,-0.01595631577183887,-0.016084988374477933
2022-03-14,186.90815583724168,187.09767652132177,181.82892342258825,182.61544799804688,-0.020434064467969804,-0.020645728363352597
2022-03-15,183.32616171938108,185.5340986589415,182.77654161296428,185.52462768554688,0.015930633029091368,0.015805072247809103
2022-03-16,187.19241153247893,191.3619384765625,185.87522338516501,191.3619384765625,0.03146380544640959,0.030978963671074455
2022-03-17,190.25323265843943,194.46065806817614,189.80785112888168,194.3658905029297,0.015697750818588707,0.015575815545772283
2022-03-18,193.5130570524703,196.58332978377948,193.31405093197725,196.4127655029297,0.010531040167097272,0.010475975021723528
2022-03-21,196.34640625695604,197.27506765697302,193.25717741881786,194.67860412597656,-0.008829168371580542,-0.008868376432299842
2022-03-22,195.50303921538844,197.8531274695331,195.01975931015136,196.63070678710938,0.010027309728754874,0.009977369823012708
2022-03-23,195.3514089057968,196.3464105142823,193.0771319088304,193.21926879882812,-0.01734946715100194,-0.017501732879129244
2022-03-24,194.0548522343072,195.49805233411632,192.48820053080306,195.4410858154297,0.01149894123093298,0.01143333089346227
2022-03-25,195.6784411812857,196.1816647088885,194.11180408409567,195.70692443847656,0.0013601982507298604,0.001359274019086464
2022-03-28,195.21317126085629,195.79235487020807,192.7729997383332,195.7733612060547,0.0003394707048243184,0.00033941309768152427
2022-03-29,197.49194727901514,201.52723947101424,197.37801425325873,201.0145263671875,0.026771595118175506,0.026419506132182764
2022-03-30,200.69165947501966,201.0429770607373,196.17213816765886,196.9792022705078,-0.02007478847229416,-0.02027902499728659
2022-03-31,196.6658753917335,198.3559493060594,194.78589381141256,194.89984130859375,-0.010556246232830802,-0.010612358640371699
2022-04-01,195.76390251987434,197.22611075237697,194.65301196002252,197.0836944580078,0.011205002193697355,0.01114269118787384
2022-04-04,197.36853731911148,197.9002441629954,195.47908010516153,197.40652465820312,0.0016380360693111218,0.0016366959514702568
2022-04-05,197.45396549550475,198.8591925386115,192.27928532847687,192.73504638671875,-0.023664254662163486,-0.02394875035321611
2022-04-06,191.101950207604,191.6051737291486,188.64278462565383,190.00054931640625,-0.014187855927488058,-0.014289465784392696
2022-04-07,190.00054888150814,191.06396243585914,186.7438231394236,189.38339233398438,-0.0032481852533706723,-0.003253472058543422
2022-04-08,189.15552284352654,190.19045320156232,187.52241508225725,187.87371826171875,-0.007971523023535543,-0.008003465479791201
2022-04-11,187.16160133632897,189.18399954349405,185.98425472687381,186.61090087890625,-0.006721628732834883,-0.006744320620705007
2022-04-12,188.66177860392784,191.49122652956657,186.49696415237565,187.1995849609375,0.003154607149199906,0.0031496418157773466
2022-04-13,187.69329937188692,191.27284493421837,187.62684327022217,190.7601318359375,0.01902005752706648,0.018841437586679523
2022-04-14,190.95005374599555,192.1463941471183,188.82321187829686,188.90867614746094,-0.009705674192282965,-0.0097530812423575
2022-04-18,188.43389661085175,189.11750920643217,186.60139180737622,187.63632202148438,-0.006735286869425594,-0.006758071278013371
2022-04-19,187.8642138373729,192.0229430973301,187.7028038896109,191.37728881835938,0.019937327467155708,0.019741181748789464
2022-04-20,192.79199495574392,193.5705613372562,191.66211098020693,192.10836791992188,0.003820093314501838,0.0038128152873095882
2022-04-21,193.91237229608578,194.45358306226953,187.06662692793768,187.80722045898438,-0.02238917287939468,-0.022643615420933967
2022-04-22,186.92423346259454,187.39897374323337,182.5756107533921,182.94590759277344,-0.025884589816782988,-0.026225491411238415
2022-04-25,181.3412634804679,184.30363763791522,179.65118955854774,184.05677795410156,0.006072124683984992,0.00605376362450211
2022-04-26,182.6041316841946,182.9744285705922,178.00863417330288,178.25550842285156,-0.031518912781884456,-0.032026324236842214
2022-04-27,178.18900034843307,180.19240474530775,176.85022939148595,177.51487731933594,-0.004154884805908643,-0.0041635403232216745
2022-04-28,179.61321840599962,181.73055579317455,175.3785436316498,180.82855224609375,0.01866702654334018,0.018494935918176747
2022-04-29,180.01198807417447,182.04387557904883,175.18862583622794,175.6063995361328,-0.028879027372037958,-0.02930423284028329
2022-05-02,175.55892352754742,178.33141909802336,173.16624330502043,177.44839477539062,0.010489340047535212,0.010434708619883928
2022-05-03,177.47688381389662,179.93603470005684,176.29952284131645,178.9675750732422,0.008561251285335691,0.008524811605348494
2022-05-04,179.49933499047177,184.1327911033119,176.30907915661936,183.74351501464844,0.026686062765569174,0.0263362004430419
2022-05-05,181.85399525732447,181.88247851270353,174.1157351370059,176.2900390625,-0.04056456605586445,-0.04141025715432057
2022-05-06,175.61593913104758,176.05269209624817,171.42872618457102,173.35617065429688,-0.016642281230438538,-0.016782319875158547
2022-05-09,170.77357800928073,173.42262245761788,165.30457507417475,166.06414794921875,-0.04206381969303952,-0.04297412086398256
2022-05-10,168.59925142826623,169.8715517614665,162.5510510752697,166.11160278320312,0.0002857620658667237,0.00028572124366435227
2022-05-11,166.2825142569532,169.18792208814455,161.69652198869005,161.9813690185547,-0.02486420993745342,-0.025178545822692723
2022-05-12,161.2502605129286,165.5324119661366,160.36723619383486,163.8803253173828,0.011723300712507267,0.01165511521141088
2022-05-13,166.1970657888347,170.34630556152388,166.16858253193558,169.07400512695312,0.03169190566049851,0.031200081460478646
2022-05-16,168.53277535690947,170.37476969859608,167.2414814000101,168.2669219970703,-0.004773549483711559,-0.004784979259287415
2022-05-17,171.29579408731541,173.60302493136496,169.94753340878017,173.4131317138672,0.030583608802724038,0.030125252266513917
2022-05-18,171.35275494353638,172.24526897301007,166.2540490581293,167.33645629882812,-0.03504161048810084,-0.03567029824961955
2022-05-19,166.05462338334274,169.77658474122092,166.05462338334274,167.6117706298828,0.0016452740612782346,0.0016439220806258705
2022-05-20,169.48223462051777,169.9284915233701,163.11121539259125,167.1844940185547,-0.002549204090634083,-0.002552458843912162
2022-05-23,168.8936093688688,169.91905012873374,166.633840963541,169.20693969726562,0.012097088851352966,0.012024503863707708
2022-05-24,167.64978264558079,167.99158172493534,163.62398001852543,166.70030212402344,-0.014814035273771342,-0.014924858953523553
2022-05-25,166.0451616852172,170.6976105420407,165.97869109312842,169.70065307617188,0.017998473391585224,0.017838418511867897
2022-05-26,170.7641154191138,174.5145614123519,170.62168461657998,173.48912048339844,0.022324412655772674,0.02207887062460383
2022-05-27,174.47656332956154,178.17004256959657,174.1347497076181,178.16055297851562,0.026926371417994588,0.02657023550196752
2022-05-31,177.46741689535045,178.19850650327308,174.78987473254688,175.9482421875,-0.012417511924103675,-0.012495253466726693
2022-06-01,176.8597438398503,177.49589406165148,172.58708141957572,174.95127868652344,-0.005666231663253196,-0.005682345653113059
2022-06-02,175.26459103123813,179.2239227294922,174.86581098478683,179.2239227294922,0.024421908059468533,0.02412846134987742
2022-06-03,177.82817868263177,178.46434330336987,176.4039580750928,177.60980224609375,-0.009006166469387455,-0.009046967143140863
2022-06-06,179.72716689212896,179.74616055974303,177.39145285292082,178.37890625,0.004330301560949934,0.004320952784110846
2022-06-07,176.99268541518717,181.29383145415505,176.50844102790867,181.25584411621094,0.01612824030986526,0.0159995619685445
2022-06-08,180.3633296586245,181.0659359855856,177.60982740131263,178.45486450195312,-0.015453182367250906,-0.015573827302566352
2022-06-09,177.59235137964063,178.08738638346304,174.71735995026984,174.7554473876953,-0.02073026770428732,-0.02094815622235071
2022-06-10,171.84240787137395,172.83247810573656,169.11973651603356,170.0146026611328,-0.027128451773208107,-0.02750322172194145
2022-06-13,165.29275873431519,166.5588974522464,161.16114282934367,162.02745056152344,-0.046979212224076305,-0.048118562579555865
2022-06-14,162.4748927759193,163.01752991119514,159.68559031538638,161.24684143066406,-0.004817758522732363,-0.0048294013312025
2022-06-15,162.9889745853543,165.70211673326594,160.561415644304,163.60775756835938,0.014641627189395212,0.014535473486816353
2022-06-16,159.7807670276838,160.33291871658642,154.96373706634677,156.0299530029297,-0.046316902560463835,-0.04742384569626252
2022-06-17,156.58208922654686,159.47612437729512,155.83954398318014,157.24847412109375,0.007809533328137164,0.0077791967633157955
2022-06-21,159.91400927646418,161.91317824931573,158.8001915433953,160.0663299560547,0.0179197658400867,0.017761099540976964
2022-06-22,157.99104571300632,161.13257681182208,157.4293649141923,159.76173400878906,-0.0019029357851163553,-0.0019047486676486021
2022-06-23,160.1139808069752,162.05601922258208,158.55272968035666,161.67523193359375,0.011977198023523039,0.011906039014124301
2022-06-24,162.99844945589064,166.6921463094756,162.69380807468337,166.6826171875,0.030971876112495522,0.03050192640136329
2022-06-27,167.23477636669693,168.4914003319105,165.81631710767877,167.30142211914062,0.003712474294452317,0.003705600070093172
2022-06-28,168.43427416189544,169.5956940940282,164.07420664420553,164.15988159179688,-0.01877772757428542,-0.01895626768531238
2022-06-29,164.2646153790056,164.4074069714683,160.8565156199002,162.49392700195312,-0.010148366176252144,-0.010200211908853455
2022-06-30,160.12347983588725,163.0841464771266,158.7526224870545,161.227783203125,-0.007791945349520102,-0.007822461177488105
2022-07-01,160.93267214015174,163.5886973793407,159.6094168191754,163.17935180664062,0.012104418759246505,0.012031746134663453
2022-07-05,160.5804218468497,164.59778967729085,158.72405863754682,164.53115844726562,0.00828417704604445,0.00825005158939271
2022-07-06,164.16944663808692,165.3689543773844,161.5990957377591,163.3126678466797,-0.007405834931724975,-0.007433394278197355
2022-07-07,164.55973607856922,167.52991756206998,164.55022148062088,167.1776885986328,0.02366638671031729,0.02339067930664108
2022-07-08,166.66362506447118,168.49143017994686,165.3117967923209,167.1586456298828,-0.0001139085538843787,-0.00011391504195640533
2022-07-11,165.8925159738101,166.56843014708357,163.36025278892487,163.79815673828125,-0.02010359008915541,-0.020308417077206785
2022-07-12,163.3031272157762,165.03574292775642,162.3701881156896,163.2364959716797,-0.0034289809957934736,-0.00343487342500284
2022-07-13,161.02790378007825,164.00761494346824,160.68518935065924,163.09371948242188,-0.000874660341168898,-0.0008750430797188666
2022-07-14,160.5804329586314,161.8370570802546,159.00015273521547,161.41818237304688,-0.010273461876351364,-0.010326598127936357
2022-07-15,163.303110393218,165.02621132885326,161.18019298198038,164.7786865234375,0.020818622171226764,0.020604876164588695
2022-07-18,166.72070952658524,167.82499825068814,163.7981161098372,164.31219482421875,-0.0028310196486024397,-0.002835034564054565
2022-07-19,166.35897291332284,170.30018061760723,166.27329795860211,170.1097869873047,0.03528400414399058,0.03467578921562116
2022-07-20,170.0717329902719,173.08000232937945,169.83373727406604,172.77537536621094,0.015669811985039805,0.015548308132478646
2022-07-21,171.7852831410339,173.73685067022151,170.26211946725866,173.6606903076172,0.0051240805556334035,0.005110997129516816
2022-07-22,174.09863408417482,174.45086310211164,169.5005550216249,170.89044189453125,-0.015952075326769677,-0.016080679179672142
2022-07-25,171.40446894655065,172.2326891549377,169.86224726659685,171.77574157714844,0.00518051023101429,0.0051671375528679125
2022-07-26,171.14742917804767,171.55678924606178,169.96696553491338,170.7190399169922,-0.006151634977408338,-0.006170634241623173
2022-07-27,171.81381755170213,175.40279606218257,171.3568699657686,174.60313415527344,0.022751382857880476,0.02249642992411555
2022-07-28,175.46945803032892,177.20205898871922,173.03237011926615,177.00213623046875,0.01373974234083275,0.013646207866904798
2022-07-29,177.1068530995548,178.7157061684091,176.15487041039634,178.25875854492188,0.007099475414335865,0.007074392784462366
2022-08-01,176.86883768631483,179.27736698507616,175.37423258472774,178.1920928955078,-0.0003739824621142862,-0.00037405241099558423
2022-08-02,177.5162327519922,179.94379178181362,176.57376455657314,178.02078247070312,-0.000961380620323804,-0.0009618430430723067
2022-08-03,179.2583304969066,181.01948963065922,178.630018480581,180.63870239257812,0.014705698320957694,0.01459861805628295
2022-08-04,180.72439680828978,180.91479044783787,179.39162680534955,180.2579345703125,-0.0021078972403051344,-0.002110121982594853
2022-08-05,178.4681714821604,181.8477124715341,178.18257380926522,181.63827514648438,0.007657585667239841,0.0076284151804726676
2022-08-08,182.92343821571475,185.28436536035093,182.67592798611128,183.561279296875,0.01058699852131828,0.010531348684383646
2022-08-09,182.8187458970523,182.94250829273653,180.0770456800772,181.05758666992188,-0.013639546621942444,-0.013733419807096461
2022-08-10,184.33243123112717,186.54102373783294,183.8373961158241,186.22686767578125,0.028550479993325384,0.02815051008613694
2022-08-11,187.94042792756838,189.94911205944413,186.6266871180078,186.92181396484375,0.003731718724241162,0.003724773135881363
2022-08-12,187.87379506292598,190.8058890491348,187.14076430332204,190.7392578125,0.020422677089867225,0.020216930764435627
2022-08-15,189.25417150576516,191.50085135188618,188.70201977375785,191.41517639160156,0.003543678353650659,0.003537414319632915
2022-08-16,190.8725125513577,192.2909718640537,189.473096958095,191.3389892578125,-0.0003980203410475225,-0.00039809957216789543
2022-08-17,189.17797809267702,189.75868804332484,186.9503423578384,188.12127685546875,-0.01681681509254851,-0.016959823289648315
2022-08-18,188.3783525277291,189.68256425594112,187.44539896744948,189.368408203125,0.00662940082324881,0.006607522983693808
2022-08-19,187.3787507959742,187.64530478165207,184.75128385453422,185.3034210205078,-0.021466026045151687,-0.02169977230434383
2022-08-22,182.77117496557744,183.11388933955368,180.88623864565622,181.48599243164062,-0.020600961211853175,-0.02081612114369834
2022-08-23,181.77156755631972,183.66600371269882,181.24797419924175,181.7810821533203,0.0016259641734654995,0.0016246437248597797
2022-08-24,181.62876817892365,184.01825398997366,181.02902897139995,183.17098999023438,0.0076460532661026814,0.0076169703530883535
2022-08-25,184.09440061815795,186.06499705495375,183.71359886087978,186.01739501953125,0.015539606077625168,0.015420102831306725
2022-08-26,185.9602959390155,186.05550001884617,179.6010585163322,179.9056854248047,-0.032855581028241265,-0.033407447242875095
2022-08-29,177.97315395674002,179.91520670220737,177.56380838874693,178.24923706054688,-0.00920731526825569,-0.00924996458782562
2022-08-30,178.80139155683761,178.9822560617105,174.72689237650516,175.75503540039062,-0.013992776077403568,-0.014091597912834748
2022-08-31,176.05966956449586,176.82125857219415,174.39369996532554,174.68881225585938,-0.006066529713372182,-0.0060850058667417635
2022-09-01,173.0514050542836,173.15612372688784,170.30969037235644,172.78485107421875,-0.010899159236665734,-0.010958990208056752
2022-09-02,174.7840345883708,175.11721982735062,170.53818523201826,171.44256591796875,-0.007768534960703399,-0.0077988672220306475
2022-09-06,172.0328142585894,172.38504323820806,168.97694314875142,169.748046875,-0.009883887550887094,-0.009933057428750502
2022-09-07,169.42435861540233,173.70828067271486,169.38627117360858,173.4417266845703,0.021759777962513382,0.021526413235410408
2022-09-08,172.01374134033622,174.9648787365246,170.9951129679108,174.88873291015625,0.008342895641355819,0.008308286050412528
2022-09-09,176.44049845788683,178.62054732549456,176.21203186991437,178.40158081054688,0.020086187611612738,0.01988712138489752
2022-09-12,179.5439470767737,180.74344007640917,178.94419331390418,180.56256103515625,0.01211301051700997,0.01204023510194459
2022-09-13,175.98350018619934,176.9830847996605,172.82291105047088,173.4988250732422,-0.039120712075737196,-0.03990648880242564
2022-09-14,173.80348624402072,174.51747325970575,171.8995208688606,174.1747589111328,0.0038958986471826496,0.0038883292873178933
2022-09-15,173.1847142584078,175.8217107582385,172.17561478530212,172.9086456298828,-0.00726921219334653,-0.007295761657002251
2022-09-16,170.4905752948719,171.0522415918495,168.41526001745504,170.3953857421875,-0.014535189252913527,-0.014641860031350883
2022-09-19,168.51044502658843,172.07086539613215,168.46285751458083,171.85191345214844,0.008547929297596735,0.008511602615109005
2022-09-20,170.18595440383186,170.347789722607,168.224872330776,169.51004028320312,-0.013627274331149075,-0.013720977890547508
2022-09-21,170.7571280629096,172.40406855231348,166.91112444071643,166.92063903808594,-0.015275798653525352,-0.015393675650004842
2022-09-22,166.59696684937032,167.14911853977483,162.54152591431978,163.16030883789062,-0.022527652792758146,-0.022785276824820438
2022-09-23,160.8850675997836,161.06594662717868,157.07713700570588,159.27621459960938,-0.023805386652830607,-0.024093313525087052
2022-09-26,158.33941055062363,161.68858522179565,156.53085681224044,157.09542846679688,-0.013691850589835908,-0.013786448448432156
2022-09-27,159.14320143899232,160.40632569239193,156.24377438606572,157.63128662109375,0.003411035951374819,0.003405231563815326
2022-09-28,158.61689671916832,163.62153076809327,157.9566431639703,162.6167755126953,0.031627534092171894,0.031137685335954936
2022-09-29,160.54986862381597,160.69339884523777,156.7413825359105,158.97097778320312,-0.02241956721868199,-0.02267470633251188
2022-09-30,158.63603566764672,162.2148729772104,157.76524682422144,157.81309509277344,-0.007283610546880759,-0.0073102655468054055
2022-10-03,160.12883082566185,162.96128227002905,158.12889848826305,161.9947967529297,0.026497811589703435,0.02615282556001797
2022-10-04,165.17171996780962,168.4921884684022,165.0951656546809,168.41563415527344,0.03963607184332374,0.038870720993288976
2022-10-05,165.93725768734214,167.77451750045128,164.0330073710696,167.17166137695312,-0.007386326005657029,-0.007413739987412582
2022-10-06,166.35830457248608,168.57832144379236,165.45880956554757,166.23390197753906,-0.005609559608907189,-0.005625352276039825
2022-10-07,164.52102481802817,165.03776281026768,160.68383274053298,161.34410095214844,-0.029415185273406586,-0.02985648737697681
2022-10-10,161.99478000837226,162.2627274021814,159.41113402219455,160.44459533691406,-0.005575075939721841,-0.0055906746787070865
2022-10-11,159.76520281913463,162.77945409796538,157.69828014729748,160.49244689941406,0.00029824353010776683,0.0002981990643470052
2022-10-12,160.66469657250963,161.2005768146316,158.34898313800323,160.05227661132812,-0.0027426230741052215,-0.0027463909555978695
2022-10-13,156.9327635768953,164.77939883549138,155.49740293442372,164.0138702392578,0.024751873024274618,0.024450508187196813
2022-10-14,165.29610876850214,166.42525194020183,159.5259611339055,159.62164306640625,-0.02677960812975344,-0.027144714870334433
2022-10-17,162.88472160595833,165.1812927191144,162.77946124486618,164.71241760253906,0.03189275864059948,0.03139474561379388
2022-10-18,168.28166490558021,169.65003490130448,165.24827148031966,166.66448974609375,0.0118513963425948,0.011781718524295793
2022-10-19,165.05687087260566,165.92764502530497,162.0330416662554,163.83203125,-0.01699497295680008,-0.017141044867172064
2022-10-20,164.0330095292262,166.07122627739892,161.21013656988055,161.74600219726562,-0.01273273020433463,-0.01281448613913785
2022-10-21,162.10007679728795,165.73632714388643,160.94222724085833,165.25787353515625,0.021712260520711624,0.0214799066613879
2022-10-24,165.851148718616,166.5018385503306,163.67896547216858,165.96597290039062,0.004284814696491557,0.004275661016566144
2022-10-25,166.09037768318603,171.19067984069125,166.08079926708288,170.4921417236328,0.02727166746378007,0.026906421246965684
2022-10-26,171.429910470095,174.51115266817004,170.64525419796573,171.334228515625,0.004939153109808414,0.0049269955088220106
2022-10-27,172.80784289339536,174.15708535566893,171.16196157797862,171.3724822998047,0.00022326994734855887,0.00022324502632320602
2022-10-28,172.08060275898265,175.50633187366572,171.03757754116882,175.26710510253906,0.022726068680740674,0.022471678561423136
2022-10-31,174.41545987069506,176.30056801136942,173.72648559586773,175.42977905273438,0.0009281487823977752,0.0009277183186523181
2022-11-01,177.25746023375228,177.6019473422666,174.9991591004344,175.6689910888672,0.001363577138524974,0.0013626483114742994
2022-11-02,174.96089013165448,177.0278129657148,169.78401923198027,169.84144592285156,-0.033173442449314194,-0.03373616099069632
2022-11-03,167.7362427349427,170.27205536512054,166.60709934130233,168.70272827148438,-0.00670459230478071,-0.006727169052275981
2022-11-04,171.20982654803788,172.1858759352137,167.90849978107659,170.98016357421875,0.013499694557810749,0.013409385536227218
2022-11-07,171.9944757822639,172.807838001528,170.0232350244907,171.7552490234375,0.004533189306970664,0.004522945351184589
2022-11-08,172.46334579120327,174.10922701141843,169.7170273533843,171.8222198486328,0.00038992010768867935,0.00038984410859856317
2022-11-09,170.3294316806809,170.97055756463345,166.76973677183932,167.1046600341797,-0.027456052067125425,-0.02784001383412584
2022-11-10,174.0135230587773,177.4583790876169,173.3436765575882,177.3914031982422,0.061558685209367914,0.05973828580433603
2022-11-11,177.75505849165637,180.70233412593393,177.68808258698198,178.84593200683594,0.008199545087132831,0.008166111453370404
2022-11-14,177.78377322073453,179.69758752339112,176.67377202213945,176.84600830078125,-0.011182382979660122,-0.011245375871546143
2022-11-15,179.7454226544319,181.39130400243457,178.08997749206344,179.46792602539062,0.014825993245773494,0.014717162571213692
2022-11-16,178.55887243503722,178.5971422948618,175.793411473223,176.3101348876953,-0.01759529520193237,-0.01775193251474578
2022-11-17,173.79346010018605,175.0661482753478,172.7312926518176,174.67381286621094,-0.009280930007379729,-0.009324266180013899
2022-11-18,176.63546771255278,177.32444195219526,174.70252599695175,175.80296325683594,0.006464336995321895,0.006443532777777515
2022-11-21,174.9034500885592,175.29578543996962,173.61161987342388,174.88430786132812,-0.005225482998063691,-0.0052391835833036976
2022-11-22,175.82211936072815,176.97040498366616,174.47287681818517,176.7503204345703,0.010669982893615648,0.010613460333824582
2022-11-23,176.34840010768778,177.77419691947225,175.6402982102357,177.20962524414062,0.002598608072907682,0.0025952375288353607
2022-11-25,177.1139501812726,178.33879022943282,176.70248709378296,177.5828399658203,0.0021060634893026453,0.002103848846499279
2022-11-28,176.1952925158986,176.9512426296476,173.4776655091324,174.00396728515625,-0.020153257383162093,-0.020359104631801128
2022-11-29,174.1188181114896,175.6977089476435,174.1188181114896,174.51113891601562,0.002914713030814031,0.002910473490818493
2022-11-30,174.79822421018787,179.3530969062266,173.0088125441091,179.29568481445312,0.02741685102828928,0.027047740540322503
2022-12-01,180.0420426135022,181.0850823196134,178.10910102500335,178.90333557128906,-0.002188280457335545,-0.0021906782416705566
2022-12-02,176.42495494272848,180.72147301943926,176.38668508379885,179.94638061523438,0.005830215745360912,0.005813285809124404
2022-12-05,178.8076580215143,178.99903651776728,174.32932528272985,174.98959350585938,-0.027545911690070146,-0.027932414568043535
2022-12-06,174.99917888951128,175.09486084082593,171.3629289109454,172.31027221679688,-0.015311317864012186,-0.01542974651232994
2022-12-07,172.00408806210058,173.67867584573716,171.3916679709919,171.80313110351562,-0.0029431856078967478,-0.0029475252957542977
2022-12-08,172.98009746110253,174.7599452193146,171.77438519187427,173.0470733642578,0.007240509836765829,0.007214423190146677
2022-12-09,172.02316598340343,173.0183427839274,170.86530215276608,170.92271423339844,-0.012276192191864932,-0.012352167067645877
2022-12-12,171.14283938544875,173.28630192849576,170.32946251608243,172.9322509765625,0.011756990591782923,0.01168841415622744
2022-12-13,178.54635113619926,179.4211577755563,173.1725640691967,174.36460876464844,0.008282768425191378,0.008248654540952303
2022-12-14,174.2973028597929,175.83542404537096,171.91322822389657,173.2206268310547,-0.006560860840389093,-0.006582477890721547
2022-12-15,171.1441992174653,171.6921599416152,168.26984040551156,168.8850860595703,-0.02502900982867884,-0.025347562097378942
2022-12-16,167.07775602643343,168.33708542025843,165.99145754079416,167.62570190429688,-0.007457047775250136,-0.007484990556449769
2022-12-19,167.85642224757234,168.27940624239784,164.83787198376402,165.3569793701172,-0.013534455088963449,-0.01362688072745179
2022-12-20,165.0301740776344,167.2892870297125,164.55912093673393,166.23182678222656,0.005290659126949926,0.005276712758645195
2022-12-21,167.70264345566983,169.96175633953797,167.46231292200775,169.0965576171875,0.017233347490754003,0.017086537641073627
2022-12-22,167.58730493900134,167.7411200151881,164.06886208144772,166.8855438232422,-0.013075451239822122,-0.013161687495874383
2022-12-23,166.77018223306138,167.7026660025273,165.67427543896713,167.64498901367188,0.004550694883638684,0.0045403717780313855
2022-12-27,167.61610916040087,167.81799324019417,165.9049571263816,166.52020263671875,-0.006709334908074127,-0.006731943678815845
2022-12-28,166.48177846377962,167.3662078328611,163.75162682294996,163.9342803955078,-0.015529180245188567,-0.015651021002137507
2022-12-29,165.07823062343073,168.47169643083106,164.77060051340834,168.08717346191406,0.025332670240702404,0.025017116265750778
2022-12-30,166.63558192004396,167.96221121252248,165.9338208410804,167.6161346435547,-0.0028023483806520755,-0.0028062823100880934
2023-01-03,169.12538091335261,170.46163264233078,165.25125423226422,166.6932373046875,-0.005506017310504041,-0.005521231295157171
2023-01-04,167.86606918723146,169.83678252901956,167.53922317660448,168.76971435546875,0.01245687638176829,0.012379927863641881
2023-01-05,167.83722424613777,168.0006472451708,165.72231853053,166.96241760253906,-0.010708655636657016,-0.010766405944906406
2023-01-06,168.51975011626365,171.1537630174588,167.14505202383455,170.71156311035156,0.022455026476302598,0.02220662408124364
2023-01-09,172.08625341495696,173.1533214680562,170.77885485141744,170.99996948242188,0.0016894366545274764,0.0016880111617166842
2023-01-10,170.78848488164093,173.6339900344882,170.44240834482318,173.5282440185547,0.014785233844107237,0.014676997833132125
2023-01-11,174.24923998280084,175.72006163427696,173.69167140003174,175.69122314453125,0.012464709351552417,0.012387664429679158
2023-01-12,176.46990391950388,178.75784052964434,174.8837136624913,178.64248657226562,0.016798012871175327,0.0166584865945565
2023-01-13,177.3639332483257,180.0940845811123,177.20051024621648,179.8153076171875,0.006565185401443907,0.006543728433215602
2023-01-17,179.7672081595395,180.5747150928381,179.03660874397545,179.59417724609375,-0.0012297638839765535,-0.001230520664085909
2023-01-18,180.19981384873734,181.6514195201449,176.5948561910461,176.6909942626953,-0.016165240031252637,-0.01629732289220674
2023-01-19,175.6624144453104,176.01811366018245,173.78783895087454,174.9990997314453,-0.009575442926845312,-0.009621582253025002
2023-01-20,175.64315864931768,177.98877213555596,174.25885254687515,177.88302612304688,0.01647966415842861,0.016345348139396636
2023-01-23,178.2579518457818,180.84391066908634,177.44083685331375,180.08447265625,0.012375809998196985,0.012299855683693474
2023-01-24,179.37308991445798,180.56513461773864,178.69055942724148,179.69993591308594,-0.0021353131532781955,-0.0021375961849801972
2023-01-25,178.23873842397253,180.25750608198993,176.7582941394816,180.1998291015625,0.00278182174042807,0.002777959635131365
2023-01-26,181.67062970547644,182.5069898305017,179.08467114643344,181.26687622070312,0.005921465766425493,0.005904002791708048
2023-01-27,180.7093153715692,182.9395895749172,180.52666183456617,182.2474365234375,0.005409484199090375,0.005394905491334038
2023-01-30,180.57477893690444,182.2763235304322,179.6038486858661,179.7095947265625,-0.013925253739021093,-0.0140231196858343
2023-01-31,180.17100874249607,184.17011269883636,180.13256230787928,184.073974609375,0.024285736604398478,0.023995527345725815
2023-02-01,183.7951936231781,188.60180461946976,182.7761944389423,186.96755981445312,0.015719686670636834,0.015597412142950351
2023-02-02,188.42874759494126,191.55304455349355,186.8329639888718,190.6494140625,0.019692476340284593,0.019501088053756915
2023-02-03,188.52486625959781,191.42806293389867,188.1307207018774,189.37083435058594,-0.006706444487130203,-0.006729033738311993
2023-02-06,188.08264871936103,188.78442436048613,185.89083567124027,186.6310577392578,-0.01446778549993566,-0.01457346444055014
2023-02-07,185.92931363175103,188.51527246598056,184.23737732281262,188.015380859375,0.007417431679839881,0.0073900578126629615
2023-02-08,186.84258960228502,187.81351977592516,184.76613006065318,185.26602172851562,-0.014623054338919972,-0.014731025065305502
2023-02-09,186.71758063679516,187.57315668817134,182.1032317896136,182.58389282226562,-0.014477176555236504,-0.01458299340358783
2023-02-10,181.9590732704162,183.25686416797183,181.2380815870216,182.94923400878906,0.002000949705235344,0.001998950471839997
2023-02-13,183.14147560374542,185.40058850010433,181.98789196951157,185.15065002441406,0.012032933767403664,0.011961113584176375
2023-02-14,183.8817104836602,186.4484390147514,182.7281267695964,185.0641326904297,-0.000467280746640486,-0.0004673899563109525
2023-02-15,183.59330889937948,187.0252361803048,183.16071684486784,186.938720703125,0.010129396687747594,0.010078438179497497
2023-02-16,184.38158937872092,187.33284072073073,183.85285926801865,185.15065002441406,-0.009565009710056582,-0.009611048223186577
2023-02-17,184.4585186919375,185.89087946171193,183.58371192080233,185.66017150878906,0.0027519292225428593,0.0027481495979050446
2023-02-21,183.37219959731058,183.93937614375022,179.99796414099086,180.18060302734375,-0.02951396864989919,-0.02995826972745366
2023-02-22,180.56515240768877,181.83409009681063,179.52692266098208,180.6708984375,0.002721133140407117,0.002717437560215665
2023-02-23,182.02632973347036,182.93958271563287,179.47881758799514,181.9590301513672,0.007129713335171095,0.0071044170945124795
2023-02-24,179.4307848944405,180.5170836873033,178.59443926445962,180.2575225830078,-0.009351047688833769,-0.009395043219608778
2023-02-27,181.81484339248934,182.84345035481581,180.3440218344773,180.8919677734375,0.0035196599916518245,0.0035134804840223433
2023-02-28,180.8439190870195,182.67043998250867,180.79586471416374,180.90159606933594,5.322677406272014e-05,5.322535756824498e-05
2023-03-01,180.91120898339304,182.1609306515185,179.94988688000598,181.13230895996094,0.0012753502215456791,0.0012745376532512748
2023-03-02,179.63265863603667,181.9782870433821,178.921274959979,181.56491088867188,0.0023883200694281292,0.0023854725659829905
2023-03-03,182.3339793032507,184.5065621872756,181.13232655727424,184.09320068359375,0.013924991247191487,0.013828929303842101
2023-03-06,184.15088672130014,184.32393235290624,180.632443787647,181.40150451660156,-0.014621377416423331,-0.014729323258624185
2023-03-07,181.35341716230732,181.75718537242176,179.01741138605416,179.2961883544922,-0.01160583627858891,-0.011673709659082218
2023-03-08,179.5653751103806,180.35366638967326,177.95996872664057,179.3827362060547,0.0004827088202867813,0.00048259235386226295
2023-03-09,179.5076738846545,180.02679603960922,174.26847130744832,174.39344787597656,-0.027813648267395075,-0.028207773008096106
2023-03-10,173.41289520207903,173.41289520207903,167.5199859613886,169.36572265625,-0.02882978277545223,-0.029253525102068176
2023-03-13,165.8472972045086,169.57721707692855,164.45338305620518,166.6067352294922,-0.01629011693444926,-0.016424259685032663
2023-03-14,171.69216378190484,172.3266253337782,167.85648263290213,169.69261169433594,0.018521919060433545,0.01835247737650325
2023-03-15,165.2801127371761,167.18354118469708,163.79007511676963,166.8951416015625,-0.016485514984072913,-0.01662291323308402
2023-03-16,164.83790445038287,170.51932167800797,163.90542082411162,169.1734619140625,0.01365120812167886,0.013558869784242478
2023-03-17,167.30849046638374,168.00064354623214,164.2514932542291,164.607177734375,-0.026991728655450076,-0.02736269596427863
2023-03-20,166.3567795472455,168.58703902007898,165.85688798647195,166.74130249023438,0.012964955630933694,0.012881630029375618
2023-03-21,169.72144249621817,171.28838775513174,169.15426590146657,169.81756591796875,0.018449318685839877,0.018281194706155156
2023-03-22,169.69258413784434,170.4904832548952,164.89558149507275,165.00132751464844,-0.028361249775814223,-0.028771199750918002
2023-03-23,166.22768068005894,168.26355547793128,162.7831049586322,164.2689971923828,-0.004438329880713243,-0.004448208507350715
2023-03-24,162.8217017445329,166.06366332817802,161.57702676920155,165.75489807128906,0.009045534484915851,0.009004868683165792
2023-03-27,167.7328746914777,168.59160777502674,166.30487225739617,167.59779357910156,0.011118196380657697,0.011056843571474873
2023-03-28,167.01888720914351,168.37934177758257,166.6232872496829,167.35658264160156,-0.001439225018115553,-0.0014402616972376786
2023-03-29,169.18017868477372,169.38280771476747,167.47237063266198,169.2573699951172,0.01135770893210819,0.011293694405584703
2023-03-30,170.66609225585998,171.08097900195006,168.32145212189678,169.0258026123047,-0.001368137664074398,-0.0013690744189121945
2023-03-31,170.2029365939927,172.36424910031243,170.17399169315806,172.13267517089844,0.018381054907457006,0.018214165287020953
2023-04-03,172.66335913580485,173.4642024254542,170.28978889091675,172.20986938476562,0.0004484576434460319,0.00044835711637068325
2023-04-04,172.63441027782045,172.80809440451338,168.1960204114574,169.18983459472656,-0.01753694373515524,-0.017692537711746194
2023-04-05,168.12847242239576,168.68809837279701,166.46889607920224,167.53025817871094,-0.009808960567819769,-0.009857385346233507
2023-04-06,167.61710190960733,168.33111051707772,166.61362955733878,167.7811279296875,0.001497459346770258,0.0014963392725602822
2023-04-10,166.9899475815127,169.7012281336346,166.9513445622917,169.57579040527344,0.010696450177269279,0.010639647850567832
2023-04-11,170.3669785685366,171.71778969310364,169.93277560738423,170.9169464111328,0.007908888424781102,0.007877777096414105
2023-04-12,172.53794952538098,172.6923174368344,169.41176743532026,169.66262817382812,-0.007338758757645225,-0.007365819925907916
2023-04-13,170.3380248838302,172.41250277506845,169.749454004161,171.9107666015625,0.013250640119938817,0.013163618275342431
2023-04-14,172.06513588216075,172.9238689295589,169.1801715116838,170.30906677246094,-0.009317041979190366,-0.009360717108501988
2023-04-17,170.75293267730962,172.5765351879878,170.5406602392211,172.4993438720703,0.012860601852370257,0.012778606569857832
2023-04-18,173.28085873981834,173.3194617531396,170.72396120987943,171.76602172851562,-0.0042511590310658764,-0.004260220899033126
2023-04-19,170.85906544805414,172.50898378393464,170.3766307753601,171.9879608154297,0.0012921012239828222,0.0012912671795655493
2023-04-20,170.92658138247862,172.1616128420157,170.31872376774066,171.1002655029297,-0.0051613805308886596,-0.0051747464663364166
2023-04-21,171.5634066543351,171.70814588194557,169.68191447729515,171.3221893310547,0.0012970396479086155,0.0012961992186194045
2023-04-24,171.14851583908117,172.1809183022498,170.29942617012998,171.20640563964844,-0.0006758242575485296,-0.000676052729705892
2023-04-25,169.46002240092687,169.7591295680569,166.93205448735824,166.9803009033203,-0.024684267627363976,-0.024994032330785686
2023-04-26,166.17942890753926,167.30832417759305,164.99264383739094,165.3689422607422,-0.009649992447379074,-0.009696855352650094
2023-04-27,165.9864627716211,167.75217533895102,164.93475877903663,167.5784912109375,0.013361329642608721,0.013272854305161145
2023-04-28,167.2022161048811,169.65299268801033,167.09607987926938,169.0451202392578,0.008751893024709245,0.008713817204681246
2023-05-01,168.85213781027764,171.10992857668364,168.62056386395213,169.1416015625,0.0005707430247359202,0.0005705802128819857
2023-05-02,168.27320453796358,168.32145094880323,163.95059408055243,165.66806030273438,-0.02053629164958637,-0.020750093483123584
2023-05-03,166.16980372202485,169.52754500004045,166.14085881880615,166.27593994140625,0.0036692627266901034,0.0036625474040536655
2023-05-04,165.30140419894144,165.53296339249871,162.8506281003956,164.41371154785156,-0.011199626321227951,-0.011262814367402636
2023-05-05,167.20215944613344,168.9485848798968,167.0188466846849,168.3214111328125,0.023767479902816024,0.023489430425521533
2023-05-08,169.10301541222782,169.38283579896012,167.04785348418685,167.93553161621094,-0.0022925159313040844,-0.002295147769074454
2023-05-09,166.9031109797103,168.14780079735257,166.111925697717,167.4337921142578,-0.0029876911522200844,-0.002992163211072314
2023-05-10,169.77841787370662,169.8363076792628,166.65223586903087,168.28286743164062,0.005071110835281001,0.005058296057907932
2023-05-11,167.13465369852105,167.6749781262315,166.06364823547477,166.98992919921875,-0.007683124563747312,-0.007712791821127736
2023-05-12,167.5495430348833,168.08988219378992,165.61980449271252,166.6522216796875,-0.002022322670299226,-0.002024370325936658
2023-05-15,167.22148968998857,169.53718475587044,166.74871317345765,168.68809509277344,0.012216299264218522,0.012142282478129
2023-05-16,167.51095428537505,168.66879446297366,166.17942998363148,166.22767639160156,-0.0145856096117436,-0.014693025378077387
2023-05-17,167.33726910400708,170.29942480636274,166.11189574118148,169.93276977539062,0.02228926893654304,0.022044493744952192
2023-05-18,169.39246814036247,171.3318650412528,168.8714451465752,170.9652099609375,0.006075580283376292,0.006057198361805711
2023-05-19,172.238806559059,172.605461589681,169.09333806695724,169.92312622070312,-0.00609529705179479,-0.006113949207112175
2023-05-22,170.41520411269758,172.73089917200778,169.855578174766,171.99758911132812,0.012208243437862532,0.012134323844763213
2023-05-23,171.65989451163531,174.18784727527853,171.14851497887904,171.18710327148438,-0.004712193025677491,-0.004723330408672449
2023-05-24,170.34769646731584,170.53102400997938,168.53373727389385,169.3731689453125,-0.010596209010530266,-0.010652748591392218
2023-05-25,169.09333005093126,169.36349225350762,166.63291060635626,168.05126953125,-0.00780465655979623,-0.007835272292696366
2023-05-26,168.17671638577818,170.1836462302906,167.90655416851078,169.9617156982422,0.011368234065241234,0.011304101285636425
2023-05-30,170.50207791817732,171.31256467960853,168.6205708125667,169.33457946777344,-0.0036898676145527,-0.0036966919685397686
2023-05-31,168.5530375769477,169.82665752712356,166.30489011174947,167.6653594970703,-0.00985752571004439,-0.009906432783847261
2023-06-01,167.75218418120647,170.0485779235976,166.8548480384345,169.4792938232422,0.010818778140057939,0.010760673862367702
2023-06-02,171.75639830257148,175.69306726046494,171.2160737888341,175.6255340576172,0.036265434530221796,0.03562332195738201
2023-06-05,174.8922136810238,174.8922136810238,172.1712897605096,173.271240234375,-0.013405190969952074,-0.013495851670040427
2023-06-06,172.64405111534413,178.46222634829076,172.64405111534413,177.83505249023438,0.026339121539651567,0.025998219952717193
2023-06-07,178.95645200334968,181.67524079536108,178.95645200334968,181.16244506835938,0.018710555267543283,0.018537666067559303
2023-06-08,180.68835864944907,181.2979144631922,178.90808599502094,180.48516845703125,-0.0037385044735545048,-0.0037455101473496647
2023-06-09,180.27232186203648,180.55290237384696,178.46300939353287,179.02418518066406,-0.008094755313453939,-0.008127695728746883
2023-06-12,179.21767465869377,180.62060662068774,178.24046323987238,179.76918029785156,0.004161421633818163,0.004152786865795648
2023-06-13,180.388390099268,182.84593833864034,180.22390986104497,181.83001708984375,0.01146379367463135,0.011398582298543831
2023-06-14,182.20741938928302,183.09755578311712,178.55978386010077,179.87564086914062,-0.010748369559562043,-0.010806550559823653
2023-06-15,179.07255880403096,181.4817421338647,178.90807854250153,181.35595703125,0.00822966442235673,0.008195985386047135
2023-06-16,181.84938527605436,182.42991596431102,179.0822165539139,179.90463256835938,-0.008002629120368754,-0.008034822023728743
2023-06-20,179.14995096128987,179.5466464382185,177.7953842808404,179.1209259033203,-0.004356233932671372,-0.004365749965809555
2023-06-21,178.4533243311252,179.87561125984405,177.6309082995363,178.7048797607422,-0.002322710986893184,-0.002325412664345524
2023-06-22,178.2210896325159,178.26946964617972,176.5666024151684,177.37933349609375,-0.007417515774740702,-0.007445162342283761
2023-06-23,174.90245918048106,176.48922645118193,174.2058282066602,174.70895385742188,-0.015054626635693569,-0.01516909786132287
2023-06-26,174.58316695481477,176.80851505583803,174.51543197251166,174.8831024169922,0.000996792412325087,0.0009962959446578649
2023-06-27,175.31849332759376,178.01794201801803,174.54445727873158,177.40838623046875,0.014439838832772223,0.014336577226939906
2023-06-28,177.0504078443149,178.4339849734544,176.2086367788389,178.2791748046875,0.004908384506060015,0.004896377660278831
2023-06-29,178.72424579981575,181.00764405872025,178.4436505306292,180.3303680419922,0.011505512293019438,0.011439827233176238
2023-06-30,182.1493237441298,182.3138039970494,180.84315181911796,181.19146728515625,0.004775120533018207,0.004763755809223191
2023-07-03,180.8431414610697,182.71048901682758,180.67866121757095,181.55911254882812,0.002029042918965329,0.0020269871916847315
2023-07-05,181.05601889089894,181.1334239710934,179.42087163512596,179.7498321533203,-0.009965241458322449,-0.010015226831772226
2023-07-06,177.6695838412022,177.7469889038394,174.85403558723743,176.84716796875,-0.016148355466025888,-0.01628016104650965
2023-07-07,177.04069681221966,180.43677610631497,176.99231679619254,178.7145538330078,0.010559320150310691,0.010503959899362371
2023-07-10,178.5887983748086,181.94616830772094,178.18243274707274,181.77200317382812,0.017108004218152395,0.016963310265633483
2023-07-11,182.3621968009909,183.910268928252,181.59784559989328,183.6393585205078,0.010273063585561903,0.010220654298197945
2023-07-12,186.50323141578826,186.78382662385775,185.15834977424925,185.64212036132812,0.010905950973449263,0.010846909967797911
2023-07-13,186.26137953346347,187.40308600079024,185.5744334441521,187.141845703125,0.008078583345621393,0.008046126278755056
2023-07-14,187.06441865828447,187.2095587015045,184.11341494156795,185.31317138671875,-0.00977159496068658,-0.009819650302536646
2023-07-17,185.1293633793954,188.0513424693105,184.9358580568568,187.29666137695312,0.010703448521180103,0.01064657210530373
2023-07-18,187.4127167744049,190.0154048157911,187.2095414015828,189.60903930664062,0.012346071268369396,0.012270480064152952
2023-07-19,190.31539510358562,191.24424136635298,189.5703840734969,190.4121551513672,0.004235641125883927,0.004226696047874978
2023-07-20,190.54759810406148,190.54759810406148,187.96426444036794,188.7479705810547,-0.008739907223830112,-0.008778324217403568
2023-07-21,190.0154341589926,190.23796452285467,187.79008622984645,188.14808654785156,-0.0031782277253440405,-0.0031832890178863926
2023-07-24,188.24483263408302,189.88964988848255,187.69334177107942,188.6125030517578,0.0024683562422949112,0.0024653148548158662
2023-07-25,188.26419439716068,189.8412914946958,188.10938424059705,188.59315490722656,-0.00010258145254526951,-0.00010258671438232033
2023-07-26,188.4480435813939,190.76046694875146,188.38999345925683,190.08319091796875,0.00790079582408576,0.007869747964737023
2023-07-27,191.21519513224757,191.4764206580145,186.90962446238436,187.6256103515625,-0.01292897364852652,-0.013013280282189357
2023-07-28,189.6574422278248,190.55724851460621,189.15431663802326,190.0541229248047,0.012943395993179063,0.012860346107288855
2023-07-31,190.5378947966876,192.29882699070905,190.52822469887172,192.2601318359375,0.011607266799497973,0.01154041925910371
2023-08-01,191.02165364445264,191.51510910926896,189.42521655635886,191.37965393066406,-0.004579617713072137,-0.004590136288593453
2023-08-02,189.24140851061455,189.72517918409952,187.79009649015958,188.77699279785156,-0.013599466188581544,-0.013692785960800143
2023-08-03,187.99328709338013,189.28978895800464,186.79353050556543,188.24484252929688,-0.002818936040180131,-0.0028229167229996063
2023-08-04,188.49640337964433,189.93803046973613,187.42243194480972,187.86749267578125,-0.0020045694131402003,-0.002006581251435524
2023-08-07,188.341586320208,188.72859692107613,186.42584398443887,187.99327087402344,0.0006695048539304693,0.0006692808355377754
2023-08-08,185.90339025881735,187.01605688113708,184.33597803104303,186.81288146972656,-0.006278891785907903,-0.0062986869314908865
2023-08-09,186.60969010150058,186.61937496336898,184.55850722261536,185.35189819335938,-0.007820570320810294,-0.007851311360749411
2023-08-10,186.00011614589823,187.81908347023008,183.7263885361005,184.52944946289062,-0.004437228528465176,-0.004447102245757956
2023-08-11,183.7554645617739,185.46801700753085,183.58131419280392,184.79074096679688,0.0014159880965709526,0.001414986530784811
2023-08-14,183.77481980171035,184.51014596654574,182.51701300215444,184.47145080566406,-0.0017278471825067365,-0.0017293416321516198
2023-08-15,183.36843009325358,183.48453032416057,181.93645834902756,182.03321838378906,-0.0132173971160644,-0.013305524312160692
2023-08-16,181.88809929714944,182.9233608395569,179.7788515281976,179.80787658691406,-0.012224921454628168,-0.012300260445371932
2023-08-17,180.29163798180278,180.6786633506409,177.66960938915022,177.68894958496094,-0.011784394778328267,-0.01185438113306825
2023-08-18,176.29569072601515,179.23700951441103,176.03445046500565,178.65647888183594,0.005445072972376286,0.005430302157057775
2023-08-21,178.7048539152597,179.2660295741757,177.12777182290793,178.39524841308594,-0.001462194208600609,-0.001463264257759428
2023-08-22,179.03384543146677,179.5273009700554,177.27292784634355,177.86312866210938,-0.002982813475751356,-0.002987270929909915
2023-08-23,178.02759854214048,180.06911126813688,177.47609291669428,179.75949096679688,0.010661919190064761,0.010605481729674895
2023-08-24,179.2370109371588,180.29162732331787,177.25354848420807,177.2729034423828,-0.013832858065187525,-0.01392942359870202
2023-08-25,178.08563800277594,178.99512912916103,175.71516492106426,178.027587890625,0.004257190092717522,0.00424815389576916
2023-08-28,178.8403742178199,180.68838209737334,178.821034016802,179.61441040039062,0.008913351737038111,0.008873862299468585
2023-08-29,179.51761175481005,182.25575548853976,178.5791102477524,182.12030029296875,0.013951496914930583,0.013855070607708814
2023-08-30,181.63651953712662,183.45550185960252,181.24950893228456,182.8072509765625,0.00377196107456812,0.0037648650677042537
2023-08-31,183.0587913190031,184.08438262453757,182.41054048934464,182.48794555664062,-0.0017466780897154033,-0.0017482053105244617
2023-09-01,183.90057716553864,185.63246955127812,183.68771690402764,184.65525817871094,0.011876470061950695,0.011806498258541114
2023-09-05,183.494190433876,183.73607574410443,180.70768169922985,180.76573181152344,-0.02106371844241328,-0.021288723802053707
2023-09-06,180.98829213434507,181.98485859643438,179.08223439302628,180.08848571777344,-0.0037465402704541795,-0.00375357613137505
2023-09-07,179.13061474352838,179.36282999508956,177.6309226163216,178.34690856933594,-0.009670674621401476,-0.009717739272302597
2023-09-08,178.56942115809403,178.8306614446207,177.4954497173831,177.9501953125,-0.0022243909917939453,-0.002226868624266906
2023-09-11,179.24666612962517,179.6917415495907,178.22107488425536,178.37588500976562,0.002392184490261906,0.0023893277719020346
2023-09-12,178.06631176307224,179.32411852873187,177.77606115550546,178.20176696777344,-0.0009761299403372448,-0.0009766066654231245
2023-09-13,178.51138880081447,178.8790592581692,176.4698758505466,177.0310516357422,-0.006569605632715025,-0.006591280474060238
2023-09-14,178.5404168513454,180.0304389040407,178.25983633580458,179.52731323242188,0.01410069913506451,0.014002209049898524
2023-09-15,178.79194490878996,179.06287004700147,176.85686236747566,177.65025329589844,-0.010455567471749139,-0.01051061092720623
2023-09-18,177.73732531271818,177.7953754257661,176.45049367396058,176.4698486328125,-0.006644542527726283,-0.00666671577573345
2023-09-19,176.5666341377498,177.35034030398174,175.1927271311996,175.7829132080078,-0.003892650388305219,-0.003900246470831565
2023-09-20,176.47950550114865,177.55347680255116,173.98326224616565,174.02195739746094,-0.010017787158090208,-0.010068302841260545
2023-09-21,172.70613259901796,172.95768803752006,171.3225555419922,171.3225555419922,-0.015511846297093346,-0.01563341378093144
2023-09-22,171.79662750704597,172.58033358256236,170.82908622596236,170.93551635742188,-0.0022591256787285463,-0.002261681352929668
2023-09-25,169.98733785662623,172.0869007615547,169.842197799681,171.69989013671875,0.004471708370415994,0.004461739988624308
2023-09-26,170.60045233785632,172.07802166228544,169.42422616852537,169.49227905273438,-0.012857382041575716,-0.012940753575479039
2023-09-27,170.55184943858285,171.99052719796435,169.58949738195327,171.0767822265625,0.00934852715819079,0.009305100120929966
2023-09-28,171.17398266167706,173.58475764266984,171.05733752262256,172.6223907470703,0.009034589617549216,0.008994021871648225
2023-09-29,173.97358674725498,174.15828477483905,171.23230728420768,171.80584716796875,-0.0047302298129909826,-0.004741452755416828
2023-10-02,171.40728903787027,171.79611605945547,168.31605933490764,169.21038818359375,-0.015106930451776246,-0.015222202537275518
2023-10-03,168.12163398125085,168.65628222286873,165.6136598201334,166.36216735839844,-0.01683242297219356,-0.016975698259615545
2023-10-04,166.23579758600835,166.81905293001344,164.36940125111144,166.43994140625,0.0004674984047545738,0.00046738916142141304
2023-10-05,166.03165123452013,167.100932809635,165.19565990636954,166.56629943847656,0.000759180946345861,0.0007588929142609752
2023-10-06,165.61366104703893,169.0353949859434,164.77766965380656,168.1702423095703,0.009629456117479451,0.009583388406813997
2023-10-09,167.04264755475592,169.67699756652743,166.97460949512856,169.14234924316406,0.0057804931493425915,0.0057638502043042585
2023-10-10,169.4436519423874,172.09743228970132,169.4144906619728,171.05731201171875,0.011321604418546238,0.011257994714261933
2023-10-11,171.2031506741785,172.28216275123427,169.5117367602212,170.76571655273438,-0.001704665270107819,-0.0017061198652496292
2023-10-12,170.9698519355417,170.9698519355417,166.02194140066112,166.9065399169922,-0.022599247165343228,-0.022858523904250357
2023-10-13,167.53841272631473,167.87863267709915,164.95266990290966,165.5164794921875,-0.008328376021071504,-0.008363250712663356
2023-10-16,166.94546329969427,168.54939358197913,166.2455626736202,168.18972778320312,0.016150949435471906,0.016021910399529944
2023-10-17,167.13983350698675,171.49475807009455,167.10094190850967,170.0657958984375,0.0111544750084418,0.011092722637934368
2023-10-18,168.79236126411587,168.81180706229557,166.226064717923,166.56629943847656,-0.020577309161277868,-0.020791971880680965
2023-10-19,166.09000663094955,167.34398645467837,163.65980052598587,163.91253662109375,-0.015932171311538457,-0.016060452711591795
2023-10-20,163.9514200969374,164.31108583614463,161.7836656791637,161.79339599609375,-0.012928484109172689,-0.013012784330814665
2023-10-23,161.03516136162236,162.78491251146815,160.0533487213427,160.42274475097656,-0.008471614287336449,-0.008507702372419339
2023-10-24,161.80310974114127,162.9404443497184,160.79215058889497,161.8225555419922,0.008725762629161693,0.008687913179944433
2023-10-25,160.40328682778886,161.03514919034228,158.8382338110491,159.14930725097656,-0.016519627205627274,-0.016657597839830535
2023-10-26,159.5672868933073,161.14207014061344,158.64381177162366,159.5575714111328,0.002565290212117821,0.0025620054715243114
2023-10-27,159.9269959424488,160.22833910442253,157.1565552500327,157.68148803710938,-0.011758034153010022,-0.011827706515099541
2023-10-30,159.217359577952,160.2088877156677,157.41901615274543,158.5563507080078,0.005548290302109127,0.005532955235589484
2023-10-31,158.83827472452825,160.38389717399167,158.28419541203525,159.92701721191406,0.008644664800783852,0.008607513638721018
2023-11-01,159.86867688431272,160.97685021905608,158.54664423647853,160.84075927734375,0.005713494075981762,0.0056972339739688885
2023-11-02,163.0668146704274,165.2539999640695,162.65854186221682,165.12762451171875,0.026652853751970795,0.0263038540891749
2023-11-03,167.97584593177237,170.7462719421085,167.95640013009685,169.61866760253906,0.02719740627348277,0.02683412890508628
2023-11-06,169.61867446184937,169.90057184994137,166.60521289070763,167.49952697753906,-0.012493557784369003,-0.012572258465475465
2023-11-07,166.77044897854125,167.69392426322983,165.8080969254952,166.9065399169922,-0.003540231254661297,-0.0035465127028977772
2023-11-08,166.90653699715028,167.3245401218799,164.57354528371854,165.12762451171875,-0.010658152797117126,-0.01071535773671287
2023-11-09,166.25524582026208,166.25524582026208,162.31830927258835,162.57106018066406,-0.015482353958729989,-0.01560345720246997
2023-11-10,163.52370223923774,164.97211035260662,162.1336166965226,164.38885498046875,0.011181539923431627,0.011119488630125192
2023-11-13,163.5431142308456,165.03039880624803,162.84321386209186,164.4471435546875,0.0003545774087037046,0.0003545145609901371
2023-11-14,169.36589491359854,173.487529203892,169.35617943040967,173.47781372070312,0.05491533614271904,0.05346051360613001
2023-11-15,173.37088675367488,176.68567617375632,173.13758165834759,173.77915954589844,0.0017370856752925157,0.0017355786868971056
2023-11-16,173.16674940616747,173.64307509794423,170.26994815349948,170.9698486328125,-0.0161659828510331,-0.016298077917431614
2023-11-17,172.49601539568036,173.65279580133787,172.1655109462925,173.31256103515625,0.013702488602976626,0.013609458373092612
2023-11-20,173.536117383216,174.63456017586273,172.77789445870698,174.32350158691406,0.005833048370641469,0.005816102011349785
2023-11-21,173.26395981755365,173.52641136700572,171.97108853887784,172.07801818847656,-0.012881128350430426,-0.012964809465725442
2023-11-22,173.20562044794403,174.38184658015012,172.46684322544704,173.1570281982422,0.006270469762057473,0.006250892164406006
2023-11-24,173.07923756552503,174.7123285312992,172.83621701708506,174.32350158691406,0.006736506169050305,0.00671391730131939
2023-11-27,173.51670535647284,174.10967620338397,172.28215657694304,173.7402801513672,-0.0033456271256465664,-0.0033512362502657288
2023-11-28,173.56530579105578,174.21659918273795,172.2529886912428,173.0695343017578,-0.0038606237369077645,-0.0038680951805478273
2023-11-29,174.5373856749532,176.6759638387663,173.71110975964393,173.98329162597656,0.0052797121567655925,0.005265823341054253
2023-11-30,175.02341385620153,175.59693882965345,173.76941943460193,174.64430236816406,0.0037992771375341405,0.0037920781124498376
2023-12-01,174.1971452383561,180.0101932406713,173.23479325409917,179.74774169921875,0.0292219056782983,0.028803085379182525
2023-12-04,179.08671243609786,181.76966899409675,178.88258346577953,181.67245483398438,0.010707857114479635,0.010650934001655302
2023-12-05,180.85592405365367,180.85592405365367,178.8437064708608,179.2422637939453,-0.013376772181890817,-0.013467047161331784
2023-12-06,180.51570815635603,182.67373238386796,178.65902711535952,178.92149353027344,-0.0017895905624168984,-0.0017911937926434252
2023-12-07,179.18390498378744,180.37956187840314,178.27014538701903,180.2143096923828,0.007225605692200654,0.007199626073977231
2023-12-08,179.98106175324932,182.50848208542226,179.6991643659414,181.5850067138672,0.00760592776358382,0.007577148531398679
2023-12-11,181.4683093644441,182.38206906303537,180.7003709046823,181.96408081054688,0.002087584782134666,0.0020854088048551586
2023-12-12,181.75024240196777,182.42098161234784,180.16574338804384,181.77940368652344,-0.0010149097734059032,-0.0010154251430619556
2023-12-13,181.87659470627167,188.23400608778508,180.48650937725944,187.9326629638672,0.033850145575100354,0.03328983867335702
2023-12-14,191.37384804270795,194.4553473210428,190.99473651844087,193.16249084472656,0.027828200794796754,0.0274480332174758
2023-12-15,193.3958046144035,193.9790600300502,190.47955720177274,191.53912353515625,-0.008404153945577586,-0.008439667964181816
2023-12-18,192.43343844878487,193.2208228196119,191.18915933048993,191.60716247558594,0.0003552221560478852,0.0003551590795948052
2023-12-19,192.93889686159824,195.68017615416375,192.49174729580338,195.32049560546875,0.01937992860969362,0.019194529314322292
2023-12-20,194.99267835905937,197.24641902541336,191.38278987384578,191.49986267089844,-0.019560839853118517,-0.019754685095606263
2023-12-21,193.6657952854759,194.9536555788133,192.7096660565075,194.75851440429688,0.017016470340757373,0.01687331196061171
2023-12-22,195.98781761092275,197.87080767134262,195.31461933657826,196.5731964111328,0.00931760037493845,0.00927445931031454
2023-12-26,197.2854691690198,199.57822932406404,196.77812886213025,199.1294403076172,0.013004030779140363,0.012920204310101161
2023-12-27,199.46114354146206,200.4855751934117,198.44646299369373,199.83189392089844,0.003527623098804833,0.003521415630563374
2023-12-28,198.82696548478955,200.17336222772755,198.32939119974736,199.0708770751953,-0.003808285207987705,-0.0038155551894117337
2023-12-29,198.5245207135407,199.0611291985704,195.82199096679688,195.82199096679688,-0.016320248125351045,-0.016454890313932012
2024-01-02,194.54387727990783,196.70981337951437,193.6072651156997,194.6609649658203,-0.005928986807071213,-0.0059466330334172705
2024-01-03,192.59258539219937,192.8560140776504,189.0607503350419,189.47052001953125,-0.02666402556465508,-0.027025958930629933
2024-01-04,189.3339533664618,190.72913557301553,188.97296893306643,189.0998077392578,-0.0019565697092889245,-0.001958486292162612
2024-01-05,187.99729582650482,190.6998403594464,187.60702835780148,188.5436553955078,-0.0029410518730768054,-0.0029453852647089106
2024-01-08,188.58269294766532,192.1730795712642,187.57777831018032,191.9389190673828,0.018007838369064944,0.017847617871836172
2024-01-09,189.61689047361605,191.00230662395168,188.61197583719525,190.22178649902344,-0.008946244861140151,-0.008986502794446002
2024-01-10,189.99737012711702,190.62178317778026,188.37779365949064,190.32908630371094,0.0005640773681201416,0.0005639183362828921
2024-01-11,189.76322585380433,189.99738635049042,186.6411603339032,188.83636474609375,-0.00784284518255518,-0.007873762049730155
2024-01-12,191.11934679059917,192.29988532491475,187.94849642046907,188.5241241455078,-0.0016534982602836035,-0.001654866797322446
2024-01-16,187.0509412056386,188.5534302093284,185.4801498036438,186.19236755371094,-0.012368478582598597,-0.012445604829890902
2024-01-17,183.54837993797418,185.30453171989402,182.96298608587816,184.86549377441406,-0.007126359671612792,-0.007151873458571532
2024-01-18,186.065527874157,186.51431687260282,183.6264119216139,185.9582061767578,0.005910851073576584,0.005893450527724458
2024-01-19,186.63138557174958,188.15340639791134,184.62155645298486,187.74362182617188,0.00960116623042162,0.009555367945211857
2024-01-22,189.4217306272097,192.02671945120622,189.3631942288604,191.75352478027344,0.021358397771905402,0.021133503808497416
2024-01-23,193.3926225211996,193.75360691022328,190.23152295784917,191.19741821289062,-0.002900111317484466,-0.002904324788640119
2024-01-24,193.54875091554126,193.62680441937465,189.39248743771853,189.62664794921875,-0.008215436580439994,-0.008249369255163959
2024-01-25,192.2999033627396,192.8462629419696,189.6754122744122,191.19741821289062,0.00828348905947296,0.008249369255164056
2024-01-26,192.09501033551456,193.0706566909973,190.62178969812106,191.20716857910156,5.099632778549079e-05,5.0995027516972745e-05
2024-01-29,191.38278412964087,194.5536346435547,190.33883542998225,194.5536346435547,0.01750178138885361,0.01735038908379652
2024-01-30,193.55849774476923,194.08534027502623,192.299920380321,192.8950653076172,-0.00852499794710182,-0.00856154359135787
2024-01-31,192.40721322609554,194.09507715539297,188.01680487945586,188.1826629638672,-0.02442987505271299,-0.02473323534449522
2024-02-01,189.5778583809776,190.97304053892034,186.86556245435187,190.6803436279297,0.01327263959774072,0.013185329822426985
2024-02-02,188.5339257355241,190.7388813575605,187.7046202964874,189.67543029785156,-0.005270146418652311,-0.005284082625755189
2024-02-05,187.78265534258304,188.4070684149766,185.4313440515455,187.26556396484375,-0.012705210839503822,-0.012786612247094023
2024-02-06,187.03142074472936,189.08028423646522,186.36798830721233,188.9534454345703,0.009013304069313222,0.008972926685252132
2024-02-07,189.3436943908991,189.42173299822048,187.36311860313998,188.51438903808594,-0.0023236220724877077,-0.0023263258714722795
2024-02-08,188.6509697227125,191.58765973503264,188.01680558070507,191.37301635742188,0.01516397413440096,0.015050150317144887
2024-02-09,192.12428903960242,194.69024385871393,191.66573403647945,194.4853515625,0.016263187278531044,0.016132358207529056
2024-02-12,195.00243801432887,198.59282444893373,194.97316981378225,198.01719665527344,0.01815995428138173,0.017997031798477035
2024-02-13,191.44133571599002,192.81700069794587,188.35828955261138,189.87054443359375,-0.04114113500890593,-0.04201138386436042
2024-02-14,192.8657726163381,194.92438710952982,191.45108831810094,194.2804718017578,0.023225968942783615,0.022960351084334914
2024-02-15,196.09518904328945,199.78313150287028,195.83176032840979,199.46116638183594,0.02666605929063448,0.026316716717167062
2024-02-16,197.19765988929782,198.73918309942923,196.1927452154754,196.74887084960938,-0.013598113263983969,-0.013691414384423832
2024-02-20,194.29997386682135,194.85609945855583,193.18773757053495,194.03656005859375,-0.013785648574770493,-0.013881553051766778
2024-02-21,192.84625076962016,193.51944909695877,191.6071758031734,193.1194305419922,-0.004726580992389318,-0.004737786599744873
2024-02-22,193.81214728333526,195.21708045140585,192.9926078976882,194.58291625976562,0.007578138117257938,0.007549568275283964
2024-02-23,194.7390264931314,196.24151539181375,193.7341118967593,195.02195739746094,0.0022563190342423933,0.0022537773689374546
2024-02-26,194.82681593099554,196.72932327666328,194.2999585816221,196.25125122070312,0.0063033611171117165,0.006283578026213921
2024-02-27,198.1342978536439,199.24653429536642,197.60744039393168,199.03189086914062,0.014168774115536298,0.014069335219665552
2024-02-28,197.50986455508675,198.89528069139627,196.95373894728135,197.39279174804688,-0.008235359237839024,-0.008269457143437865
2024-02-29,200.1831168892436,201.02217337063684,197.58790883546754,198.7684326171875,0.00696905321090191,0.006944881596771768
2024-03-01,199.5489746751778,201.30514132815887,198.1928266545504,200.8758544921875,0.010602397207904346,0.010546585936883488
2024-03-04,201.98807169515084,202.71005538586888,200.44654860665503,200.69046020507812,-0.0009229296750375982,-0.0009233558368619035
2024-03-05,199.32455819904243,200.89534946465594,198.06596603336146,198.7684326171875,-0.009577074993632362,-0.00962323010002162
2024-03-06,201.01243736795928,201.06122266800892,199.10992976349078,200.25143432617188,0.00746095186975948,0.007433256638241404
2024-03-07,201.66610695529315,203.03202084118672,201.3734100592315,201.91978454589844,0.008331277253221137,0.008296763724901577
2024-03-08,203.65644175086345,205.28576950724792,200.78803885635813,201.79295349121094,-0.0006281259410648721,-0.0006283232948101233
2024-03-11,200.94412292972785,201.80268156937828,199.76358433033406,200.19287109375,-0.00792932741098229,-0.007960931705640998
2024-03-12,200.1538233078374,200.90507509278353,198.43669125799804,199.919677734375,-0.001364650788424293,-0.00136558277229631
2024-03-13,199.88068674309557,201.54904875046307,199.7831310287972,200.7002410888672,0.003904384817633,0.003896782489083316
2024-03-14,200.05630442383057,200.2806989354128,195.2951450583304,197.10984802246094,-0.017889331108558393,-0.018051279532091312
2024-03-15,196.3488374266932,198.13427211994193,196.23176462293347,197.4805908203125,0.0018808943417647495,0.0018791276749311984
2024-03-18,197.96842310205102,198.23183692259633,196.0171302182195,196.34884643554688,-0.005730914517039332,-0.005747399219424406
2024-03-19,194.9146244507666,197.81229526911113,194.79755165396296,197.17813110351562,0.004223527069413979,0.004214633013025253
2024-03-20,196.61227183762202,201.9490589761482,196.21225323023813,201.0807342529297,0.019792271726955635,0.01959895138599832
2024-03-21,202.4716135453782,204.37895184740313,202.31511016547262,203.39105224609375,0.011489504460720834,0.011424001358998234
2024-03-22,203.30302991037584,203.68449758057275,200.58384704589844,200.58384704589844,-0.013802009327326337,-0.013898142638241193
2024-03-25,201.2196186196047,202.48139168745053,201.01420606554498,201.04354858398438,0.0022918173365213956,0.0022891951288192235
2024-03-26,202.52056417927187,203.0976537202145,200.50563125666747,200.6816864013672,-0.0017999193963988969,-0.0018015411976822332
2024-03-27,202.27599564150438,205.12233935227442,201.6499970349246,205.05386352539062,0.0217866273820273,0.021552690514404654
2024-03-28,205.484228706239,207.2448543514005,205.24947364522308,205.6994171142578,0.003148214706948149,0.0031432694554515365
2024-04-01,206.15914122462675,206.18848374231078,203.4106159516751,203.7627410888672,-0.009415077847862219,-0.00945967986839219
2024-04-02,201.24895578518067,201.37611664502512,198.95035906867366,200.0165252685547,-0.01838518563449565,-0.018556293639922092
2024-04-03,198.93080931515644,201.88473223869454,198.83299097199983,201.32720947265625,0.006552879580033588,0.006531502800129759
2024-04-04,203.49867053113275,203.98773245746327,198.7645546662497,199.3123016357422,-0.010008124794416928,-0.010058542750225328
2024-04-05,198.69609230510733,201.2000871497047,198.44178545916702,199.97743225097656,0.0033371277626905727,0.0033315719088032342
2024-04-08,201.4739105995167,201.90428740494548,200.1045434231368,201.07289123535156,0.005477913042708504,0.005462963845808189
2024-04-09,201.70870046026388,202.44229334383337,199.9969837319351,201.86520385742188,0.003940424873798198,0.003932681733880635
2024-04-10,196.7789547978559,198.4906715859722,195.17483223342063,196.534423828125,-0.02640762215295922,-0.026762566173646734
2024-04-11,197.55166268979463,198.47110143866777,195.7225759819201,197.86465454101562,0.00676843622089307,0.0067456331925230565
2024-04-12,196.82785757003344,197.49298954704406,193.35551492788255,194.3434295654297,-0.017796129297342533,-0.017956384534974345
2024-04-15,195.00853106142793,195.8497180998186,190.71456831225544,191.4970703125,-0.01464602770103629,-0.014754339625307575
2024-04-16,190.15704169501916,191.94700994734552,189.13000877319465,190.79281616210938,-0.003677623627564519,-0.0036844027110529806
2024-04-17,192.171952774145,192.31866535017448,188.76808668542026,188.77786254882812,-0.010560951160599408,-0.01061711377570606
2024-04-18,189.46258603054196,191.37971533615433,187.94649108388208,188.62139892578125,-0.0008288239994581614,-0.0008291676639739207
2024-04-19,187.74106472963916,190.1374648015198,187.15418454163515,188.91481018066406,0.001555556562266025,0.0015543479373840564
2024-04-22,189.96140614560613,192.00568105142912,188.68005158993978,191.02755737304688,0.011183597465769468,0.01112152341830444
2024-04-23,190.98844149334832,194.9596365268902,190.86129555254644,194.22604370117188,0.01674358596272496,0.016604957413255687
2024-04-24,193.83478528682633,194.55860224804084,192.16220200176824,193.35549926757812,-0.004482119992791134,-0.00449219480823173
2024-04-25,191.16452049627736,192.5241120000276,189.531055518749,192.1817626953125,-0.006070355261224458,-0.006088854771450911
2024-04-26,192.69038097048391,194.53903428228767,192.12306739794835,194.0206298828125,0.009568375072172453,0.009522888098838089
2024-04-29,194.8911578922146,196.02578502831352,194.5292568794009,195.58563232421875,0.00806616514105496,0.008033807515852826
2024-04-30,193.77610102055345,194.30428129031125,191.46772832219833,191.61444091796875,-0.020304105976798104,-0.02051306769554201
2024-05-01,191.59490158581937,195.93777380144422,190.76349035603175,192.01548767089844,0.002092988143317376,0.002090800895024794
2024-05-02,194.43141790774322,195.74210001644235,192.24041555925953,195.54647827148438,0.018389092689428344,0.01822205796158795
2024-05-03,198.9601305254508,199.69372324561004,196.72021906190795,197.483154296875,0.009903916667330037,0.009855194315286654
2024-05-06,199.0188600624698,200.3001999122354,198.93083249836042,200.03610229492188,0.012927421617993096,0.012844575728400495
2024-05-07,200.29041643131868,201.6402171379631,200.02631882404665,200.4860382080078,0.002249273545745112,0.0022467477168143673
2024-05-08,198.28524323876928,199.4981220338999,198.1287398603685,199.32205200195312,-0.005805821774217623,-0.005822741076204816
2024-05-09,199.50791398571306,201.48372825363984,198.9601670421258,201.3565673828125,0.010207176578933774,0.010155435143522006
2024-05-10,201.8358502520742,202.09993292966737,199.22424659599832,199.84046936035156,-0.007529419289208361,-0.007557908461330009
2024-05-13,201.57172951083007,202.03144883384812,200.1241106452535,200.26104736328125,0.0021045687306273653,0.0021023572281521343
2024-05-14,202.59876860090674,203.1954246603364,201.40545648204738,202.3346710205078,0.010354603076977442,0.010301361390162569
2024-05-15,204.63329680235955,205.18104376922926,203.17588689587836,204.85826110839844,0.012472356196604695,0.012395217103964613
2024-05-16,204.3300372973675,204.77020490738923,203.38125610351562,203.38125610351562,-0.007209887445550844,-0.007236004292773498
2024-05-17,203.45952404868294,203.95837673323908,202.81397369070342,203.5279998779297,0.0007215206417023889,0.0007212604708224395
2024-05-20,203.46930692753128,204.89735924646007,203.23455185422145,203.97792053222656,0.00221060814515317,0.0022081683459325508
2024-05-21,203.28344988482115,204.12463686184591,203.04869482437826,203.78228759765625,-0.0009590887781376622,-0.0009595489980645459
2024-05-22,202.9900208528757,203.66492862906927,201.29787094262585,202.06080627441406,-0.00844764941809395,-0.008483533039517195
2024-05-23,202.97046696758756,203.07806118396655,197.92335943785957,198.74497985839844,-0.016410042487470244,-0.01654617862254886
2024-05-24,200.30996558259753,201.18049516389365,199.4981359660388,200.9457550048828,0.011073362195374026,0.01101250139716317
2024-05-28,202.44227662480517,202.55964670048775,199.50790533286713,200.671875,-0.0013629549172420319,-0.0013638845851215347
2024-05-29,198.09938864544324,198.56888383504986,197.36579588200286,197.70814514160156,-0.014769034566495365,-0.014879182623204819
2024-05-30,199.06774673746622,200.45668065024682,198.63736990604446,199.58615112304688,0.009498880180683678,0.009454049488994441
2024-05-31,200.46645554705543,201.76736189939834,198.63736894732472,201.26852416992188,0.008429307531652386,0.008393979308395253
2024-06-03,202.99003083521433,203.01937335518883,198.7058438191192,200.1339111328125,-0.005637309866452167,-0.005653259467858509
2024-06-04,198.7058298387284,200.0263028446154,197.2386442432911,197.55165100097656,-0.012902661609017874,-0.012986623954410912
2024-06-05,198.85257362889018,200.57406616210938,197.3755971232733,200.57406616210938,0.015299366752029142,0.015183511619565389
2024-06-06,199.71328935058253,200.3295120558757,198.5493346877822,199.13619995117188,-0.007168754358179985,-0.007194573345018072
2024-06-07,197.12129033889752,198.72541279114117,196.2898791299666,196.7985076904297,-0.011739162750496357,-0.011808610764276752
2024-06-10,195.15525541164402,197.70815900441931,194.65640274553712,197.47340393066406,0.0034293768187307894,0.003423509915436883
2024-06-11,195.81771461212773,197.17129807802678,194.62107139637706,196.79856872558594,-0.003417347306754581,-0.0034231997751441043
2024-06-12,201.9284410522336,203.30164585569366,199.21148580606388,199.81961059570312,0.015350934154047202,0.015234300671728762
2024-06-13,199.37823783586003,199.64305769442012,196.67107065962247,198.07369995117188,-0.008737433925160465,-0.008775829114854694
2024-06-14,195.7392511186089,196.21005691835862,194.1502721902995,194.92514038085938,-0.015895899208671627,-0.0160235940384976
2024-06-17,194.326825057048,197.10264417822856,193.63042697162834,196.56317138671875,0.00840338502595861,0.008368273154591955
2024-06-18,196.622007278221,197.82845355574491,196.20023225872066,196.9064483642578,0.001746395192534278,0.0017448720175691375
2024-06-20,196.48471056121315,197.99521936726705,195.4057650092842,196.07273864746094,-0.004234039685965918,-0.004243028613955102
2024-06-21,196.10217296293538,196.57299375477965,194.66033105868527,196.51414489746094,0.002251237234940806,0.0022487069971289728
2024-06-24,196.84762590387558,198.80933424519017,196.69068564457515,197.3674774169922,0.004342346552084209,0.004332945769773029
2024-06-25,197.27921738984924,197.3086418196144,195.99430073461141,196.72012329101562,-0.003279943253309381,-0.0032853340580986054
2024-06-26,195.51364622387337,196.73971382802148,195.003597909887,196.2002410888672,-0.0026427504896352483,-0.0026462487193686306
2024-06-27,196.788791864349,198.2796795400099,196.13162131652848,198.19140625,0.010148637688120576,0.010097486053152678
2024-06-28,199.9765441374714,200.72198788575787,197.46555996782612,199.0054931640625,0.004107579281392271,0.004099166207991085
2024-07-01,199.62343511329925,199.91769434324794,196.64163020090027,197.33804321289062,-0.008378914193073128,-0.008414214619063254
2024-07-02,197.66172346643827,198.39736404532292,197.05358374390778,198.01483154296875,0.0034295887354471866,0.0034237211078724595
2024-07-03,198.37777731240433,199.38805601930866,197.7696524506382,197.9658203125,-0.0002475129266168441,-0.00024754356299663626
2024-07-05,197.3576717102359,197.7696286605852,196.05313388413973,197.024169921875,-0.004756631165615088,-0.004767979937888614
2024-07-08,198.63277305511275,199.79999191487573,197.9756025556342,198.4071807861328,0.007019498495063781,0.006994976503348759
2024-07-09,198.05406995971023,198.64258844168106,196.6906832775697,197.5440216064453,-0.004350443246395996,-0.004359933960493785
2024-07-10,198.41699400350808,199.69210748556907,197.63232259914534,199.476318359375,0.009781600765318421,0.009734070604584762
2024-07-11,203.91957368105489,207.1858198267085,202.9779620696834,206.64634704589844,0.035944260178323306,0.035313339473186135
2024-07-12,208.84344552771162,210.82477492781194,208.58842885904335,209.05923461914062,0.011676410484557254,0.011608767247932457
2024-07-15,210.67766399639913,214.06162291094753,210.19705502397994,213.03172302246094,0.019001736089569565,0.018823457958046703
2024-07-16,214.94436527366065,220.55485188118536,214.82666757186433,220.29983520507812,0.034117511136361856,0.03354841676270335
2024-07-17,218.10272182192847,222.3007762408747,217.41612693409073,217.9948272705078,-0.010463048837165756,-0.010518171369619871
2024-07-18,217.17090711395036,220.47638059962935,212.82571572349795,213.7771453857422,-0.01934762369169407,-0.01953723868038184
2024-07-19,213.46331402061344,214.4637745740204,211.71739466272913,212.6884307861328,-0.00509275487632177,-0.005105767150117916
2024-07-22,213.5123272113188,216.4254652754002,211.25637460769204,216.07235717773438,0.015910251343215887,0.015785009962388106
2024-07-23,215.01303447512478,219.46610551682355,214.8462761069888,218.3675537109375,0.010622351526970997,0.010566330716952888
2024-07-24,216.83742862872043,219.5740050525371,213.5515613228425,213.6790771484375,-0.021470573273474236,-0.021704419295668666
2024-07-25,214.26760943759177,219.73097483279935,214.02239587335404,216.34703063964844,0.012485796582496267,0.012408491833492552
2024-07-26,219.61325874087595,221.07473694907478,217.4553824023584,219.92713928222656,0.016547990661083922,0.016412564640381325
2024-07-29,220.40775860085392,221.10415671648744,216.543190575194,217.48480224609375,-0.011105209862247278,-0.011167333060900172
2024-07-30,218.45582268739892,220.16251418078247,216.8766470142045,218.30870056152344,0.003788302938507959,0.00378114538987753
2024-07-31,219.42689824335588,224.2526990800412,217.73000971238173,219.5740203857422,0.005796011890337738,0.005779279635853667
2024-08-01,219.48573917808903,220.5842910459812,210.94249287456947,212.4333953857422,-0.03252035458227498,-0.033060892627441704
2024-08-02,204.85140719224356,207.14660244545317,203.02701776790187,204.92005920410156,-0.03536796165215794,-0.03600855777087021
2024-08-05,194.1110439576524,200.82009819041016,192.9340218881564,198.32872009277344,-0.032165416782176104,-0.032694091413637105
2024-08-06,199.12321597389396,203.2820433833365,197.34787217543902,200.48660278320312,0.010880333869044634,0.010821568907174388
2024-08-07,203.87055472137237,203.97844928376605,197.7009733232523,198.11293029785156,-0.0118395566207401,-0.011910202334165282
2024-08-08,200.50621349254345,203.03681912106453,199.28014574422784,202.92892456054688,0.024309338393282642,0.024018569272530446
2024-08-09,203.08582612943934,203.15447812760783,201.0162235659477,202.5071258544922,-0.0020785538925419678,-0.002080717083743519
2024-08-12,202.6542812750583,203.0171925297285,199.91770471780933,200.68276977539062,-0.009008848806695391,-0.009049673861232687
2024-08-13,202.14422491212997,204.39038926062378,200.93777851780345,203.9882354736328,0.01647109864958396,0.01633692146325533
2024-08-14,204.635608496383,204.7533062064322,201.80094056840653,202.72293090820312,-0.0062028310725460445,-0.006222148552675694
2024-08-15,207.21523588747928,209.0200188419224,205.8910918062065,207.9803009033203,0.02593377064727731,0.02560319363902514
2024-08-16,207.32314064846028,209.88317062495946,207.23486736535784,208.52960205078125,0.0026411210344208236,0.002637639403187248
2024-08-19,208.88271491831836,211.0896368461416,208.7453959303641,211.07981872558594,0.01222951873366962,0.012155342318341825
2024-08-20,210.77575030894116,210.83459916400756,207.99012808038816,208.6178741455078,-0.011663571605008638,-0.01173212462636851
2024-08-21,210.17743837850986,211.53102197414032,208.74539961693188,211.33485412597656,0.013023716168125254,0.012939636807030358
2024-08-22,211.44273305494016,212.22740438958226,209.04944657100125,209.47120666503906,-0.008818457649331202,-0.008857570359282717
2024-08-23,211.06019092684994,216.84723944979717,210.6776584031846,216.16064453125,0.03193488008549017,0.031435564376084066
2024-08-26,217.68095377088247,218.19100211824397,215.86638257799373,216.2292938232422,0.00031758460075392847,0.00031753418143925995
2024-08-27,214.7187911433238,215.16997568271603,213.54176912609364,214.5520477294922,-0.007756794022187763,-0.007787034429516591
2024-08-28,213.69870926049484,214.92477706497584,212.12935145074795,213.1003875732422,-0.006766004666989955,-0.006788997849911892
2024-08-29,214.59128785062182,216.74916416941173,212.99249066186053,214.62071228027344,0.007134312256981357,0.0071089834490239414
2024-08-30,215.50348277844557,216.27835101080117,213.23769700539629,215.86639404296875,0.005804107858278673,0.005787328917479273
2024-09-03,213.95372527392354,215.16997486824388,208.83366530003838,209.26524353027344,-0.030579797017322385,-0.03105711507967276
2024-09-04,208.68654789458046,211.2465781231934,207.64684476903585,208.9121551513672,-0.0016872767448129489,-0.0016887017994196656
2024-09-05,209.45158173421737,209.93220563994234,206.88174873485252,207.87240600585938,-0.00497696816518145,-0.004989394518763249
2024-09-06,207.8724274876193,209.1083133824453,203.17414236305413,203.91958618164062,-0.019015606256596373,-0.019198728061762656
2024-09-09,204.16478069732509,206.23438350547067,203.54685277418375,204.48846435546875,0.002789718165284061,0.0027858341234743766
2024-09-10,204.7238853726393,204.86120435898943,201.84997484643335,204.3217315673828,-0.0008153652510984877,-0.0008156978421459152
2024-09-11,203.49782359676982,205.2437428885256,200.3002442687935,204.92005920410156,0.002928360248950934,0.002924080954252608
2024-09-12,205.89109890639108,208.70614553696942,204.41981767647542,207.5585479736328,0.01287569786861753,0.01279351079628615
2024-09-13,209.93222461332172,213.0905763554851,209.84395132673484,212.67861938476562,0.024668082625935783,0.024368738320406445
2024-09-16,213.46328582374093,214.11063816495042,212.0018078044876,213.44366455078125,0.0035971888863521873,0.0035907344762672504
2024-09-17,215.37597193742508,217.5534695083518,214.2872231519617,215.209228515625,0.008271803094083818,0.008237779227918345
2024-09-18,215.03265448979607,220.63333835954984,214.071421598366,215.24844360351562,0.0001822184306923269,0.000182201830930576
2024-09-19,220.35870707251442,220.3783133804312,217.2592042238715,219.68191528320312,0.020596997615712764,0.020387747859860788
2024-09-20,219.17186126260893,219.18167938296156,217.0532126637091,217.32786560058594,-0.01071571904124402,-0.01077354583331566
2024-09-23,218.4264119958399,218.83836894083876,215.8075332240745,216.53335571289062,-0.0036558123161044564,-0.003662511129335933
2024-09-24,217.3867130925977,217.68095736839356,215.29748893456627,216.8962860107422,0.0016760941826108322,0.0016746911043317835
2024-09-25,216.83920147379607,217.12461319541637,214.10310849964594,214.25074768066406,-0.012197250486562505,-0.012272247407693065
2024-09-26,217.00651480630808,217.63640293531932,214.92984979980386,215.39242553710938,0.005328699520558811,0.005314552236764029
2024-09-27,217.37067021659072,219.08318565254282,216.06168086312377,216.8490447998047,0.006762629925648689,0.006739865915978862
2024-09-30,215.9534153632483,218.0891300648541,215.12668999831402,217.4001922607422,0.0025416181170929697,0.002538393668156005
2024-10-01,216.69156346013295,216.85887585201414,212.8827098492838,214.4475860595703,-0.013581433256648734,-0.013674504576634468
2024-10-02,213.56181680117868,215.29400545007854,212.7941410917341,214.15232849121094,-0.0013768285938055014,-0.0013777772931914743
2024-10-03,212.8138194337146,213.7980206252175,211.68199407057358,212.7154083251953,-0.006709804073293579,-0.006732416013195641
2024-10-04,215.82547067028938,216.50457188894754,213.8570683055843,215.68768310546875,0.013973011187461637,0.01387628862883919
2024-10-07,215.18576318090535,215.20545141109378,212.45952148200377,213.994873046875,-0.007848431742697115,-0.007879392786597847
2024-10-08,214.19169963297668,214.91999886771654,213.2763847604478,214.14248657226562,0.0006897993549512815,0.0006895615527271659
2024-10-09,214.09328849935463,216.14042882296116,213.4929251591733,214.6149139404297,0.0022061356236500185,0.002203705679656126
2024-10-10,212.4890233777441,213.4535513224932,211.20957389029593,213.4240264892578,-0.005548950113981488,-0.005564402728033343
2024-10-11,213.34528966452635,218.1088196748162,213.28623999775945,217.76434326171875,0.02033658929529847,0.020132562366812413
2024-10-14,217.95133926535607,219.58511676062827,216.94744989844312,219.36859130859375,0.007366899570637964,0.007339896504150948
2024-10-15,219.05367575043337,221.93737815610737,218.47298560919705,219.5457763671875,0.0008077047745842503,0.0008073787566218394
2024-10-16,221.33702799885353,223.5810057436185,220.84492735276083,223.15780639648438,0.016452286575788122,0.016318414052761562
2024-10-17,223.32508897236082,223.374302033938,221.3566866510166,222.5475616455078,-0.002734588410016614,-0.0027383342273068585
2024-10-18,223.07905959065477,223.44320924856424,221.82911979448744,222.0850067138672,-0.0020784542783597315,-0.0020806172620815504
2024-10-21,222.06530854281561,222.1243582085188,218.0300778522986,218.59107971191406,-0.015732385781696112,-0.015857453236834195
2024-10-22,217.9710321131208,218.3253451314401,216.8195185580126,217.76434326171875,-0.003782114308071849,-0.003789284587311639
2024-10-23,216.55378797187203,217.3116270978141,213.9358091860491,215.77627563476562,-0.009129445147793458,-0.009171373918183222
2024-10-24,216.94746218259502,217.5478255121908,215.0774859193785,216.24868774414062,0.0021893607533325365,0.0021869675954325337
2024-10-25,217.81355823898372,218.46313461456856,215.06764358614672,215.43179321289062,-0.0037775698885004205,-0.0037847229253783893
2024-10-28,217.30177484445562,219.44734125490072,216.9966748773907,218.94540405273438,0.01630962072701858,0.016178047541079845
2024-10-29,217.2525694698598,218.3942314020209,216.49473037168104,218.2367706298828,-0.003236575921369389,-0.003241824962222999
2024-10-30,217.57736342832175,220.93347805959087,217.41003601108596,217.94151306152344,-0.0013529231004801856,-0.0013538391272404856
2024-10-31,217.72495276267887,218.2662663319878,214.1916746740235,214.31961059570312,-0.016618690101494638,-0.016758329779267677
2024-11-01,216.03215930265284,217.47893624063022,214.89048232805388,215.52037048339844,0.005602659898260365,0.005587023376182379
2024-11-04,215.0479472910709,218.236764364374,214.39837093985255,216.61282348632812,0.005068908337895861,0.005056104670876051
2024-11-05,215.8746805950171,220.74647337330256,215.5991054693816,220.6874237060547,0.018810521714028416,0.018635791625812116
2024-11-06,232.85216217314363,233.8265267837137,229.07283310659346,233.4722137451172,0.057931665630802875,0.05631574309953785
2024-11-07,233.14741448508082,234.722142363658,231.68094933587727,232.64547729492188,-0.0035410485767606303,-0.003547332929122823
2024-11-08,232.2025682870025,234.70244759828742,231.9269931685846,234.35797119140625,0.007360959329174799,0.007333999686437388
2024-11-11,236.7200737577675,238.56052517221966,236.06066076444893,237.8814239501953,0.0150344907872213,0.014922592987561125
2024-11-12,236.16890734078422,237.9699821746236,232.82261452246854,233.70840454101562,-0.01754243496563812,-0.01769812697619115
2024-11-13,235.174867229253,236.0901821291402,231.11996320312068,231.39553833007812,-0.00989637585126557,-0.009945670473805894
2024-11-14,232.2222607529842,232.6946731049341,227.55715686482824,228.27561950683594,-0.013483055229836505,-0.013574777011977988
2024-11-15,228.55120291322285,228.62008918772221,224.21087203505317,224.8702850341797,-0.014917644205776792,-0.015030031361790855
2024-11-18,225.5985981419545,226.95680059084026,224.52582244830452,225.31317138671875,0.0019695192384878712,0.0019675822783090644
2024-11-19,223.0101468572096,227.17332875629904,222.82314622591056,226.986328125,0.007425916239088837,0.007398479866176719
2024-11-20,226.5926326147036,227.2815704345703,224.4372296357706,227.2815704345703,0.0013007052539646402,0.001299860069696822
2024-11-21,228.49213713492662,231.84826658057955,227.45872294854712,230.73611450195312,0.015199402489069369,0.015085048853121164
2024-11-22,231.91717185632433,235.46030220921605,231.61207188493728,234.9977264404297,0.01846963553007419,0.01830114330960149
2024-11-25,237.6747466225972,241.1095991042826,237.57632049823133,238.5703582763672,0.01520283574676684,0.015088430702917053
2024-11-26,237.36963169936627,237.79284601297633,235.6472796465892,236.8184814453125,-0.007343229241518978,-0.007370323470273844
2024-11-27,238.18653091558747,239.83999676794366,236.64134281543596,237.14328002929688,0.001371508600182425,0.0013705689413309107
2024-11-29,238.54082187600838,239.63328572553775,237.72393314007948,238.04872131347656,0.003818119088459193,0.0038108485723602026
2024-12-02,238.41289752601398,238.82626021649946,236.21811809772365,237.93063354492188,-0.0004960655444948836,-0.0004961886257130186
2024-12-03,237.72393124939822,238.31445792682672,235.58821662712205,236.23779296875,-0.00711484919344052,-0.007140280431035874
2024-12-04,236.4838651777293,237.85190425684,235.4307776938446,237.084228515625,0.00358298109814692,0.003576577512763955
2024-12-05,236.72007205683727,237.054696853839,233.98399397741233,234.31861877441406,-0.011665093703306706,-0.011733664688463158
2024-12-06,236.00159550443476,236.10002163000584,234.61388324727952,235.15518188476562,0.00357019478318521,0.0035638367662025783
2024-12-09,236.74960625769094,237.56649507166898,233.895413711674,233.97415161132812,-0.005022344240818155,-0.005034998599131111
2024-12-10,233.82652055415966,235.0469354363044,232.1927429742848,232.96041870117188,-0.004332670524392901,-0.004342083740745765
2024-12-11,234.93868612028788,235.50950962756895,233.08838297150902,234.01353454589844,0.004520578433873101,0.004510391308778935
2024-12-12,233.41315024129776,233.89539919739025,230.64754739008433,230.97232055664062,-0.012995889298280439,-0.01308107471262774
2024-12-13,230.66722110047593,231.1494850753316,228.21656982302287,229.3877716064453,-0.006860341301401673,-0.006883981625286857
2024-12-16,229.23028797980948,231.9073162453354,228.6791377517984,230.73611450195312,0.00587800686176565,0.005860798779322233
2024-12-17,229.67399284788596,230.4340820607531,227.58129612198954,228.0946044921875,-0.011448186234163438,-0.011514221188931887
2024-12-18,229.24953814999105,230.0787181704625,216.1010475583409,217.99632263183594,-0.04427233990402191,-0.04528228089174076
2024-12-19,220.37527806897825,221.5400763401749,216.50575651685637,217.0289306640625,-0.004437652691083316,-0.004447528298961885
2024-12-20,215.78516681118214,221.7671318045284,215.26199264921004,219.06240844726562,0.009369616193477537,0.009325993612532018
2024-12-23,218.88472771881425,219.53621765468327,216.5551161096499,218.55897521972656,-0.0022981269634869683,-0.0023007717100096002
2024-12-24,219.16111940890602,220.75038852530804,217.6409410911443,220.5134735107422,0.008942658561839734,0.008902909788143797
2024-12-26,219.5559551312023,223.22805488762947,218.61819104047242,222.7739715576172,0.01025106543779919,0.010198879603753474
2024-12-27,221.40189557869732,222.53709649952296,217.364564582108,219.5263671875,-0.014578024297049685,-0.014685327818985766
2024-12-30,217.82849783684438,218.95381780169035,215.04481795003855,217.83836364746094,-0.0076892974710291995,-0.007719012542184364
2024-12-31,219.25982822145764,220.40489489389375,217.31519406540366,218.11477661132812,0.0012688901956430243,0.0012680858348371844
2025-01-02,220.05940944536687,221.48086953268947,216.77230182131774,218.29246520996094,0.0008146563996873635,0.0008143247472722065
2025-01-03,219.21047310877037,221.9250621174923,218.5293556384312,221.54006958007812,0.014877308600613093,0.01476772696139215
2025-01-06,222.85297541376195,224.24482303553296,221.25384031097443,221.6289520263672,0.0004012025745840919,0.00040112211435101456
2025-01-07,222.67526972076195,223.60316800730897,218.52935498681032,219.8520965576172,-0.008017253398096669,-0.00804956438692011
2025-01-08,218.05553525670416,219.44738275217873,216.18987278530653,218.85511779785156,-0.004534770308657676,-0.004545083570192938
2025-01-10,215.4988868862963,215.89374524674597,212.5375169633024,214.03794860839844,-0.022010767844609314,-0.022256619073993632
2025-01-13,211.7379710523388,214.71908796245663,211.21479685099365,214.4525604248047,0.0019370948894898987,0.001935221140547251
2025-01-14,216.3576920180562,217.39417456428149,214.42293865658905,216.8907470703125,0.011369351994110266,0.01130520664787099
2025-01-15,222.53708729873432,222.67528396329504,220.12850394869875,221.1551055908203,0.019661320633126866,0.01947053356418636
2025-01-16,221.26367084628455,222.32976576561,219.84222601615613,221.59930419921875,0.0020085387909618557,0.002006524373830094
2025-01-17,224.00788111035772,224.04737447687387,221.77698789598801,222.55682373046875,0.00432095008019151,0.004311641580136686
2025-01-21,224.5903107671182,226.92978830707236,224.06713659204243,226.83106994628906,0.019205190585379173,0.01902309862634456
2025-01-22,226.3967356684347,226.8902973201537,224.89630402976312,225.35037231445312,-0.006527754915526152,-0.00654915388329119
2025-01-23,224.00789383195348,226.39674558574671,223.6327972025842,226.3769989013672,0.004555690662367828,0.004545344913117805
2025-01-24,225.87357011207757,227.26540257550081,225.10360004879388,225.7452392578125,-0.0027907413148009486,-0.0027946426935271124
2025-01-27,223.79072231312628,226.6632395704867,222.31003741378984,223.5834197998047,-0.009576367878743608,-0.009622516147811429
2025-01-28,223.82036490133186,224.6297982560744,222.28043974662464,223.83023071289062,0.0011038873692286177,0.0011032785335827733
2025-01-29,223.7611275713081,225.28130605911156,221.68817744563233,223.31692504882812,-0.0022932812177677286,-0.0022959148142949913
2025-01-30,225.57741446314196,227.0877118651762,223.99801120212166,225.5872802734375,0.010166516595699004,0.010115185180480397
2025-01-31,225.804464388399,227.35425526460043,222.63579183448448,223.56369018554688,-0.008970319981861596,-0.009010795536411955
2025-02-03,218.65768160476313,222.64566826000538,217.82850162934676,220.94781494140625,-0.011700805448190521,-0.011769798583828385
2025-02-04,220.7207813782625,224.20532550868623,220.33580388420825,224.0078887939453,0.013849758384578692,0.01375472691754552
2025-02-05,225.12334902283388,226.54480905826662,223.9684165096215,226.4460906982422,0.010884446603305342,0.010825637366869045
2025-02-06,227.5417995578942,227.7293554056589,224.37314201739747,225.70574951171875,-0.0032693926587145095,-0.003274748800299113
2025-02-07,225.90316635307,226.29800963612786,222.67526904288658,223.08985900878906,-0.01158982661535557,-0.011657512139749446
2025-02-10,224.4422248478872,224.5903023835346,222.9516740544649,224.09674072265625,0.004513345959968218,0.004503191356784997
2025-02-11,222.15210755240747,223.50446168923332,221.91519253171188,222.79373168945312,-0.005814493459392778,-0.005831463439686646
2025-02-12,219.39802073354483,221.58943567949154,218.93407157439262,220.74050903320312,-0.009215800824737497,-0.009258529036221009
2025-02-13,222.1422162287724,223.42547950480028,220.86883382541703,223.22805786132812,0.01126910886914212,0.01120608549795729
2025-02-14,224.34353562805182,225.0443847955776,222.70490719617717,223.06027221679688,-0.0007516333123118724,-0.0007519159302555421
2025-02-18,223.23792317257926,224.73835477176357,222.60616487749732,224.28428649902344,0.005487370162611915,0.005472369398437528
2025-02-19,222.50748824295152,224.22507331161776,222.18173571488882,223.51434326171875,-0.003432889790556226,-0.003438795676757965
2025-02-20,223.09973447392886,223.27742450260862,220.13836453592134,221.3722686767578,-0.009583611296268058,-0.009629829628403835
2025-02-21,223.0898607449862,223.4452257274262,214.65983458141767,214.99545288085938,-0.028805847426218056,-0.02922887952103554
2025-02-24,215.97271208830898,215.97271208830898,212.37958368067632,213.4456787109375,-0.007208404406490843,-0.007234510484632623
2025-02-25,213.58386038760102,214.47228038161808,210.74095556874195,212.63623046875,-0.003792291542635162,-0.003799500511653594
2025-02-26,213.27786742819774,215.5976133129728,212.0735757427792,212.9027557373047,0.0012534330013618256,0.0012526481100213847
2025-02-27,212.8632716322231,213.7023324772139,209.4873116930725,209.65512084960938,-0.015254076333809818,-0.015371616600273103
2025-02-28,208.9147810436258,211.8958977188834,208.24354440886015,211.88601684570312,0.010640789440550025,0.010584574668673803
2025-03-03,212.6263498461741,213.17915153884454,204.74911023886884,206.0915985107422,-0.02734686517412077,-0.02772775076928053
2025-03-04,203.278312782724,207.0688780534571,200.57360432987707,203.7620086669922,-0.011303662354914312,-0.011368034298426134
2025-03-05,203.7916054404408,206.15082956162226,202.18260467879742,205.7855987548828,0.009931145168468491,0.0098821554287504
2025-03-06,203.1302346313165,205.44009957432266,201.27443797848775,202.6366729736328,-0.015301973511765432,-0.015420256906041948
2025-03-07,202.33067326593022,204.4431166221169,199.13238820512598,203.2980499267578,0.0032638561590037085,0.003258541341882821
2025-03-10,200.8203708781385,202.10363420818052,196.19076009166673,198.18475341796875,-0.025151724331006764,-0.025473434791981806
2025-03-11,198.53023935717115,200.60320437558988,195.97359354681294,198.16500854492188,-9.962861777379484e-05,-9.963358103419252e-05
2025-03-12,200.435400841176,201.12638417926914,196.98046908840328,198.51051330566406,0.001743520530083309,0.0017420023625452597
2025-03-13,198.67831237904136,199.42852067054167,194.46329163727495,195.54913330078125,-0.014918000843224477,-0.015030393400061204
2025-03-14,197.66157977839913,200.45514059220528,196.77315974960302,200.27745056152344,0.024179689170339635,0.023891988928314185
2025-03-17,200.0997807980763,203.36715667484629,199.99119662714253,202.8044891357422,0.01261768894667692,0.012538749240395067
2025-03-18,201.67663298490262,201.74587882090398,200.19262542826937,201.04345703125,-0.008683398045067348,-0.008721318423954823
2025-03-19,201.18197806377356,205.46580022975144,200.7367636883321,204.16976928710938,0.015550430250378167,0.015430761317695316
2025-03-20,202.14163275290943,205.08985701077944,202.02290187743182,202.8737335205078,-0.006347833820486093,-0.006368066987562015
2025-03-21,200.5586947456185,202.24056711616862,199.60892317734283,201.61727905273438,-0.006193283112455927,-0.006212541044702569
2025-03-24,204.7534875142631,206.9992748745765,204.48636191203715,206.6332244873047,0.0248785493889061,0.024574117168999134
2025-03-25,206.46503088436938,207.0388489617127,204.88208342300126,205.48558044433594,-0.005554015070985185,-0.005569495960025797
2025-03-26,205.7428289193623,206.59366058282515,202.49778494309655,203.39808654785156,-0.010158833977403359,-0.01021078708612553
2025-03-27,203.1408679903647,204.14999744740373,201.5875993606033,202.4285430908203,-0.0047667285051039565,-0.004778125587713758
2025-03-28,202.35927194773265,202.3988539379929,197.2542972199104,198.31288146972656,-0.020331429344167318,-0.020540957726073374
2025-03-31,195.37456386309174,198.50087716391937,193.40578989841512,197.36314392089844,-0.004789086527256736,-0.004800590947277793
2025-04-01,196.86845894010844,199.08456735414356,194.5632985946401,197.38290405273438,0.00010012067827536164,0.00010011566653476893
2025-04-02,194.68201384991858,201.16218354577023,194.44456719358118,200.49932861328125,0.01578872585497204,0.015665380539178604
2025-04-03,191.05113874138848,192.9803455992747,187.1828219801231,187.62802124023438,-0.0641962617135381,-0.06634950580862857
2025-04-04,180.66309856158014,182.08774837337117,174.78642563599576,179.25823974609375,-0.04460837693013964,-0.04563394604685778
2025-04-07,172.46147609597847,188.22162946697748,169.8990781823626,177.63571166992188,-0.009051344465225486,-0.009092556756457202
2025-04-08,183.7102660191954,183.9378096442369,170.50259118269673,172.95616149902344,-0.0263435213950326,-0.026696728920501213
2025-04-09,170.87855664243386,190.06183064419227,169.90900908422347,187.65773010253906,0.0850017049181484,0.08158155834432047
2025-04-10,182.55274384157508,183.50250034564607,175.09312311431802,179.772705078125,-0.04201812001086003,-0.04292641560650292
2025-04-11,179.20876863776098,182.87922097887963,176.67606458709795,182.39443969726562,0.014583607772944651,0.014478289675510706
2025-04-14,185.80764222572287,185.96593999256433,181.09839688298416,184.54129028320312,0.011770372986702915,0.011701640955292338
2025-04-15,184.3533090400387,187.03442267662058,183.85863985289933,184.76882934570312,0.0012329981119716393,0.0012322385940582384
2025-04-16,183.72015292779608,184.73917035567794,180.61363070087228,182.99794006347656,-0.009584350826368104,-0.009630576314731505
2025-04-17,183.0177167291053,185.4316897533257,182.49336858284985,184.4918212890625,0.008163377276638961,0.008130237147116698
2025-04-21,183.02761703797304,183.31451855212384,178.8427195347715,180.79171752929688,-0.02005565197368986,-0.02025949665825849
2025-04-22,183.17599540758985,186.09455571167288,182.58240143599258,185.4712677001953,0.025883653492810632,0.025554342163365558
2025-04-23,190.86316567406905,193.42554855208022,187.81600153693162,188.2216339111328,0.014829068917474153,0.014720193304620563
2025-04-24,188.72619274755672,192.29770506998756,187.86547314751564,191.9910125732422,0.02002627744634844,0.01982838916664227
2025-04-25,190.66528636437317,192.18886076785955,189.50776231645517,192.05035400390625,0.00030908441946686516,0.00030903666271801117
2025-04-28,192.42632198220545,194.05872433075854,190.47732409428588,192.86163330078125,0.004224305136446116,0.004215407807390993
2025-04-29,192.39665092023128,194.76116922836817,190.9522101308763,193.99937438964844,0.005899260881467194,0.005881928374574273
2025-04-30,191.0808226644386,193.39587095422277,188.68662548917814,192.78248596191406,-0.0062726409895026425,-0.006292396658803706
2025-05-01,193.6234365497615,195.56253147654894,191.67443857687076,193.97959899902344,0.006209656604106106,0.006190456131102478
2025-05-02,196.2155033707866,199.06480303586073,196.06709354050142,198.3425750732422,0.022491932639992385,0.022242719065056565
2025-05-05,196.4529346057361,198.36235048396455,195.96815335200006,196.81898498535156,-0.007681608889710145,-0.007711264412981044
2025-05-06,194.4940608701894,196.47273795949462,193.55419227199107,194.67214965820312,-0.010907663848120253,-0.010967588571001096
2025-05-07,195.98794351033263,196.44303072151615,193.94989372111246,195.315185546875,0.0033031735140383045,0.0032977300203153917
2025-05-08,197.64015467366085,200.5784912011014,196.14624388998868,199.0351104736328,0.019045753745885907,0.018866653866427368
2025-05-09,199.39126496704912,200.12338085610278,197.82812349751595,198.66905212402344,-0.0018391647018372037,-0.001840858041776664
2025-05-12,206.61343757711927,207.49394819080115,203.62564633740706,205.65377807617188,0.035157594388622204,0.03455368023595708
2025-05-13,206.7024748825894,207.375232877817,205.74283047557435,206.4056854248047,0.0036561805752690635,0.003649512994048175
2025-05-14,205.82196998117112,206.31663921935478,204.32807431645503,204.57540893554688,-0.008867374391799854,-0.008906923527684827
2025-05-15,204.3775483129719,205.97038389535874,203.20023308736762,205.91102600097656,0.006528727340100238,0.006507507508680586
2025-05-16,206.1979242802322,207.8896997240591,205.56474825659961,207.61268615722656,0.008264055545242677,0.008230095209994251
2025-05-19,204.59518761792833,206.86076595016306,204.06093641902518,206.74205017089844,-0.004193558700304023,-0.004202376327716683
2025-05-20,206.43537076340826,207.52363403323545,205.74283684695328,206.85089111328125,0.0005264576910832819,0.0005263191608511032
2025-05-21,204.42699244884116,205.3965398255987,200.67739156859537,201.04345703125,-0.02807546078615064,-0.02847711208906884
2025-05-22,200.13328291689348,202.19110885360857,199.38139107498344,201.03358459472656,-4.910598270257971e-05,-4.91071884408211e-05
2025-05-23,197.65003098823627,201.09292450905807,197.52141216115888,200.400390625,-0.003149692480502897,-0.0031546632021042524
2025-05-27,203.4475457776959,205.53505038302353,201.98332918839913,205.48558044433594,0.025375149237366612,0.02505854488494929
2025-05-28,205.49549587355833,205.81207632724664,203.01224670518715,203.31893920898438,-0.010544006205527867,-0.01059998810233088
2025-05-29,204.74359231267877,204.85242014767312,202.2900371463869,203.9224395751953,0.0029682447122676425,0.002963848171788465
2025-05-30,202.95289757783968,204.05106390744038,201.36994995272084,202.88365173339844,-0.005094034006070336,-0.005107052828332755
2025-06-02,203.13097380148645,203.64541891616273,200.50921790293182,203.51681518554688,0.0031208204640384984,0.0031159608119634328
2025-06-03,204.2588149938513,207.37522495031067,203.3585134167031,206.80140686035156,0.016139166052741682,0.01601031423750509
2025-06-04,206.94981320615076,207.77096594499687,205.9209078431296,206.21771240234375,-0.002822487848943789,-0.0028264785787322777
2025-06-05,206.47491789162018,207.59287509721472,204.79304565665623,206.30673217773438,0.00043167860972559424,0.00043158546331979015
2025-06-06,209.2450787703504,209.86836681446297,208.35468021828086,209.64080810546875,0.016160771355061998,0.016031576160436295
2025-06-09,211.58982332121067,211.9954557353286,210.28390433170196,211.08526611328125,0.006890156648727386,0.006866527994068442
2025-06-10,212.1735370962374,213.13318153356872,211.53045802647262,212.22299194335938,0.0053898874659852325,0.005375414006124814
2025-06-11,213.28157811304752,213.6278375019258,211.02588772611938,211.3523712158203,-0.004102386454769347,-0.00411082432692964
2025-06-12,209.90793179000187,210.99621009578516,209.37369568286684,210.5114288330078,-0.0039788641971457706,-0.003986800937097766
2025-06-13,207.6027713158215,209.18571883302033,206.00004789933482,206.66290283203125,-0.01828179126573448,-0.01845096828997865
2025-06-16,208.8117315906993,210.27008158388728,207.97839306254846,209.0994415283203,0.011789918088344065,0.011720958493522319
2025-06-17,207.40298597680172,208.78196821771664,206.71845250148286,206.89703369140625,-0.010532825055947215,-0.010588687866164662
2025-06-18,206.78791068328735,209.71452600810034,206.1331381984843,207.98831176757812,0.005274498414508777,0.0052606369678349545
2025-06-20,209.43675348921056,209.5756432508214,206.80776330948765,207.55181884765625,-0.002098641583329175,-0.0021008468174476837
2025-06-23,206.82757514914755,210.10142224799273,205.17081345083153,210.0915069580078,0.012236404982871818,0.01216214534636176
2025-06-24,211.59947107212963,213.22647193635999,210.67684945606405,212.77012634277344,0.012749774722216722,0.012669180658985934
2025-06-25,212.95862925221405,213.0280665673084,210.21057976547968,210.28994750976562,-0.011656612117681542,-0.011725083033420763
2025-06-26,211.14311446070195,213.84155699293507,211.0141399946212,213.70266723632812,0.016228639395157174,0.01609836261362427
2025-06-27,214.33758415539003,215.6868053595331,212.43280395033756,213.7720947265625,0.0003248789129879359,0.0003248261512610228
2025-06-30,214.96258084911778,214.9923569950784,213.68281208671033,214.0796356201172,0.0014386390980920538,0.001437605248303809
2025-07-01,212.9189282836715,218.78208956648587,212.4526522680119,216.2820587158203,0.010287868294074132,0.010235308356166612
2025-07-02,216.63920139164748,219.3475743966071,215.6372120695638,219.2781219482422,0.013852574042484411,0.013757504108122947
2025-07-03,220.25034792116276,221.55989289486305,220.01225984437957,221.31187438964844,0.00927476222131407,0.00923201571999429
2025-07-07,219.8138462672938,221.05393878320933,216.67888875397574,217.98841857910156,-0.015017069552695994,-0.015130967455328442
2025-07-08,218.83169586971758,220.52813401882995,218.58367735709953,219.4963836669922,0.006917638550340888,0.006893821464359623
2025-07-09,220.80593841187797,221.91705655326825,219.367418865011,221.8773651123047,0.010847474594045226,0.010789062775671671
2025-07-10,221.61940630477616,224.2583267308287,221.0936083051748,223.0182342529297,0.005141890611723987,0.00512871623370153
2025-07-11,221.40116009793311,221.76822264598167,219.8138507280582,219.94281005859375,-0.013790012303873,-0.013885977788387559
2025-07-14,219.61540811331412,221.56979502938833,219.3078676071644,221.42098999023438,0.00672074677615897,0.0066982632387674245
2025-07-15,222.29403626623335,222.45275660705258,217.05587143514026,217.0856475830078,-0.01957963609239477,-0.019773856524305005
2025-07-16,218.47455669680136,219.6154358419552,215.1907938901863,219.26821899414062,0.010053964577728447,0.010003759700800443
2025-07-17,219.32773124642722,222.42299741652428,218.960668694623,222.1452178955078,0.01312091152363526,0.013035577989368647
2025-07-18,223.5043405657758,223.57379301062724,220.2205781100318,220.56781005859375,-0.007100795830122464,-0.007126126463830852
2025-07-21,221.7682187951121,222.63133348245407,219.49637595995378,219.67494201660156,-0.0040480432831744295,-0.004056258789029857
2025-07-22,219.86345017430898,222.03609480595935,218.9110675459287,221.50038146972656,0.008309729987260095,0.008275394263619673
2025-07-23,223.0380881563305,224.91310744621026,222.29403264228537,224.88333129882812,0.015272884889202532,0.015157428467087846
2025-07-24,223.73253951622797,224.05992576271663,221.70870001754315,221.7781524658203,-0.013807954618395457,-0.013904171152845772
2025-07-25,222.64125405970353,222.81983525843995,220.77615002190456,222.60157775878906,0.0037128332246145757,0.003705957672601135
2025-07-28,223.5341288822318,223.65317292234687,221.65909442332904,222.3436279296875,-0.0011587960503185446,-0.001159467973593176
2025-07-29,223.82182694255772,223.90119468306995,220.29996103880117,220.9249725341797,-0.006380463468719011,-0.006400905625772725
2025-07-30,221.88728612509,223.14720927200207,218.37533550347146,219.80392456054688,-0.005074337956336605,-0.005087256128494589
2025-07-31,218.71263420271504,220.2602671746793,217.145155512743,217.65110778808594,-0.009794259937646932,-0.009842539199920484
2025-08-01,214.50626737636688,214.84356894398692,210.6570149477507,213.21656799316406,-0.020374533536670625,-0.02058495744402652
2025-08-04,214.8336304847795,217.99834900745165,214.3673544877674,217.98841857910156,0.02238029919931228,0.022133535284228758
2025-08-05,218.8118384034569,219.5062871739371,216.51023460160138,219.09954833984375,0.0050971963005410625,0.005084249571520625
2025-08-06,219.19873684936954,219.238428284677,217.641188615113,218.81182861328125,-0.0013131917831077367,-0.001314054775036023
2025-08-07,220.99440376717203,221.07377150550113,216.77808917222055,218.09754943847656,-0.003264353574171097,-0.0032696931997501693
2025-08-08,219.31781652050623,219.81385354329163,217.99835622335522,218.57376098632812,0.0021834795901083393,0.0021810992628490543
2025-08-11,219.0201916867943,219.9229675651786,218.06779394062085,218.52415466308594,-0.00022695461256805327,-0.000226980370663489
2025-08-12,220.0916350104429,225.18096461546935,219.39717106212598,225.01231384277344,0.029690810106053345,0.029258572814144852
2025-08-13,226.45081381443396,229.6254628372028,226.02422924548537,229.38735961914062,0.019443583782815743,0.019256972358318886
2025-08-14,226.62938100547922,226.9865282415746,224.37736884627094,226.43096923828125,-0.01288820092688614,-0.012971974359433789
2025-08-15,226.82781460305037,226.96670436724077,224.24841596768744,225.3297882080078,-0.004863208570708433,-0.004875072449483067
2025-08-18,225.40914273382572,226.64923524776202,225.14127851221804,226.1531982421875,0.0036542440337252735,0.003647583505195779
2025-08-19,226.21272001763919,227.1651025901236,223.9011857576049,224.4170684814453,-0.00767678624152357,-0.0077064044441335165
2025-08-20,224.13928068770906,224.58572611618044,221.91704452537363,223.6234130859375,-0.0035365197526116,-0.003542788021526754
2025-08-21,222.63135242170605,224.5262175858548,222.00634089457284,224.17898559570312,0.002484411189771718,0.002481330142295893
2025-08-22,225.56787095741672,233.55407005395904,225.37937446665228,232.96875,0.039208690238918376,0.03845954877088746
2025-08-25,232.28420101985316,232.44293648970114,230.518310546875,230.518310546875,-0.010518318242790037,-0.010574026736233675
2025-08-26,230.98460659384287,233.0084310277463,230.74650336838704,232.42311096191406,0.008263119795213436,0.008229167129241675
2025-08-27,231.88738647647187,234.2485123461812,231.70880528150497,234.0699462890625,0.007085505913473122,0.007060521664389017
2025-08-28,235.08185748160577,235.09177277180257,233.48461776475776,234.34771728515625,0.0011867008152799396,0.0011859972424327506
2025-08-29,234.8636090102301,235.14138852488009,232.51238328843456,233.30604553222656,-0.004444983569702021,-0.00445489188159367
2025-09-02,230.15126214760778,232.54214908088824,229.63537940785517,232.04611206054688,-0.005400346436824965,-0.00541498101930031
2025-09-03,231.42112381266548,233.39534153453508,230.6175462336282,231.8179473876953,-0.000983272983225092,-0.0009837567132232837
2025-09-04,232.37348748241786,234.79415045094183,231.72864544116172,234.71478271484375,0.01249616502860218,0.012418732365312159
2025-09-05,235.83583028461328,237.78028682922667,233.08778109172584,235.88543701171875,0.004987561002057772,0.00497516432206166
2025-09-08,236.61958236965287,236.66918910101273,234.5163901730666,236.3616485595703,0.0020188255531345956,0.0020167904633614587
2025-09-09,236.01441345827743,236.07395061783174,233.55407402140946,234.97274780273438,-0.005876168004835591,-0.005893500612944618
2025-09-10,235.42907548509132,236.38147317347537,233.59374769144318,234.55604553222656,-0.001773406807404121,-0.001774981154837363
2025-09-11,234.97274425494072,239.02039304828537,234.36757848032448,238.8914337158203,0.01848337856206772,0.01831463702486999
2025-09-12,238.2961707128953,238.4152298861025,236.3120227217174,236.45091247558594,-0.010216026595317618,-0.010268568346618833
2025-09-15,237.33386745765316,238.13744500497398,236.65926437915857,237.4529266357422,0.0042377259181003435,0.004228772044749645
2025-09-16,237.2310493105571,237.70859131754398,235.54968609963942,237.06192016601562,-0.0016466694062962084,-0.001648026656529284
2025-09-17,237.5991737132261,243.0312540181507,235.80837216954163,237.66880798339844,0.002560039237671674,0.0025567679191688185
2025-09-18,239.56905299641505,243.89680704129447,238.90247980368525,243.58839416503906,0.02490687032879002,0.02460175024669916
2025-09-19,244.31465600587245,244.31465600587245,241.2702859421236,241.73788452148438,-0.007596871147731776,-0.007625874355809239
2025-09-22,241.00168283425543,243.5386351764631,239.877454497923,243.14068603515625,0.005802985810224648,0.0057862133437098645
2025-09-23,243.75750775963897,245.91641293642488,242.19554146580737,242.59349060058594,-0.0022505301086926943,-0.0022530663575619034
2025-09-24,242.65319009444508,243.35956729173796,240.32515569342962,240.36495971679688,-0.00918627650837589,-0.009228730542766739
2025-09-25,237.7583443324688,238.76319098879063,236.33566169342092,238.06675720214844,-0.009561304265631065,-0.009607307000864665
2025-09-26,238.39506881161327,240.44453575819483,238.10655795771424,240.1062774658203,0.008567009891011557,0.008530521312348011
2025-09-29,241.5986065348969,241.68814281456875,239.57898504032542,240.3848419189453,0.0011601714710047784,0.0011594989921606363
2025-09-30,239.87745311727886,240.89224315679317,238.17618790929274,240.72311401367188,0.0014072105879314734,0.0014062213950051768
2025-10-01,239.34021358907427,241.79757298421202,239.32031157844233,241.25039672851562,0.002190411656164404,0.0021880162019354862
2025-10-02,241.7577929595841,242.8422172763844,240.23561547763484,242.7725830078125,0.006309570056416636,0.006289748054448132
2025-10-03,244.0957764928079,246.82175989286654,243.77740504652553,244.5733184814453,0.00741737576509971,0.007390002309611332
2025-10-06,246.4636044811587,247.20977049475755,244.8121019084577,245.54830932617188,0.003986497181214466,0.003978572156403781
2025-10-07,246.09550389665787,246.37407133080848,241.9468226300724,242.911865234375,-0.0107369669904539,-0.010795024166495451
2025-10-08,244.02614476004806,245.69756461278692,242.5537146660734,245.4587860107422,0.010484958295099212,0.010430372342634288
2025-10-09,245.0508679357961,245.9860651117596,242.7626224334829,243.8769073486328,-0.0064445795068837075,-0.006465435462927026
2025-10-10,244.49373248381895,245.627904226665,236.34559711880976,236.5744171142578,-0.0299433444263576,-0.030400801382499378
2025-10-13,240.59378569229128,243.37947534647657,240.16597592479903,243.1605987548828,0.027839788092742346,0.027459306728576188
2025-10-14,239.99684972553442,248.32407336265314,239.13130194499462,246.63275146484375,0.014279257115421995,0.014178268747460105
2025-10-15,249.08016891289878,251.47785271931943,245.79703536304635,249.05032348632812,0.009802315414824347,0.009754584384022888
2025-10-16,249.68705832975604,249.97556918841522,242.75268731773323,243.80726623535156,-0.02105220012398168,-0.02127695771381492
2025-10-17,242.07615891253647,243.90674921535603,240.23561001387122,242.1656951904297,-0.006733068584335089,-0.00675583795331744
2025-10-20,245.35928238159258,247.06054760131977,244.88174037531994,246.89141845703125,0.019514420747684502,0.019326455854045486
2025-10-21,246.16515500380586,247.100352245621,244.25497167576947,245.7274169921875,-0.0047146290953257175,-0.004725778014894917
2025-10-22,244.77230535652328,245.59806425846776,239.53919968652795,242.09605407714844,-0.014778012805768959,-0.014888295491656394
2025-10-23,243.0411924561978,245.85672742928668,242.4343101449555,245.16030883789062,0.012657185894346279,0.01257775327699772
2025-10-24,248.52304139192023,249.82634232666942,247.69728247721022,248.15492248535156,0.012214920358258663,0.01214092021306759
2025-10-27,250.49290733076975,250.92071707827967,248.22456383364664,249.02047729492188,0.0034879614754423915,0.003481892645617527
2025-10-28,248.27431245124546,249.61740219154274,246.84167125029907,247.6873321533203,-0.0053535562861469765,-0.005367937920157708
2025-10-29,247.5679315600426,249.85617704503406,243.43915234424338,245.57815551757812,-0.00851548045435202,-0.008551944310438408
2025-10-30,244.01619405100655,246.87151787064127,243.37946631203894,243.5983428955078,-0.008061843358574294,-0.008094515735950443
2025-10-31,243.73763147930202,245.52841784410376,242.44427396411083,244.97128295898438,0.005636081293317607,0.005620258013498998
2025-11-03,244.91158199695184,245.00111827533942,241.25040137109733,244.18531799316406,-0.0032083963325281184,-0.0032135542714711043
2025-11-04,240.5539755468743,242.8123756767865,239.7680206649049,239.9669952392578,-0.01727508757927998,-0.017426042942189725
2025-11-05,240.7231177065099,244.47383470067655,240.4047462457835,243.42919921875,0.014427834027926245,0.014324743232040483
2025-11-06,243.0113384497933,243.5386278775759,238.77312101682764,239.121337890625,-0.01769656779856499,-0.01785502426136721
2025-11-07,237.19126964290277,240.42465588718122,235.0622097692863,240.37490844726562,0.005242403575100418,0.005228710014742122
2025-11-10,243.7575177851394,243.98635296879596,241.0116322083444,242.78253173828125,0.010016117350051257,0.009966288498172165
2025-11-11,242.12590738362127,243.48891437734937,241.28026162335368,242.99147033691406,0.0008605998015460692,0.0008602296978624084
2025-11-12,243.58837857612627,245.12051462440985,242.08610313469302,242.39451599121094,-0.0024566884791282773,-0.0024597110896931833
2025-11-13,240.60371637203306,241.43941866981595,234.6343882208069,235.57952880859375,-0.028115269665854536,-0.02851807174527906
2025-11-14,232.14717060911974,237.50961651436373,232.07753634062914,236.26600646972656,0.0029139953908752236,0.0029097579362591286
2025-11-17,235.25122720242112,236.6241623430809,230.57524137743374,231.57012939453125,-0.019875381758725497,-0.020075553931165658
2025-11-18,230.12755789286345,233.87829018123904,229.7793561755495,232.27651977539062,0.0030504382525773366,0.003045795105836168
2025-11-19,232.60481321218722,235.16166743174745,231.2418063540041,232.2366943359375,-0.00017145701809051506,-0.0001714717185253938
2025-11-20,236.02724153302157,237.877733874726,227.72986383137405,227.9387969970703,-0.01850653856039708,-0.018679927091577973
2025-11-21,228.784461906465,235.89790536829736,228.40639959085433,234.3956298828125,0.028327046430034253,0.02793325498825225
2025-11-24,234.75379872469873,239.16114564524418,234.27624151473154,238.67364501953125,0.01825125809238659,0.018086703089335437
2025-11-25,239.5093495095928,244.29475849901908,238.81291574482913,243.8769073486328,0.021800741044013305,0.021566503148211544
2025-11-26,243.79731431477165,247.55798984641424,243.5187468813749,246.0358123779297,0.008852437292107496,0.008813484186924184
2025-11-28,246.74218617242542,247.53809966908852,245.8070041331926,247.47840881347656,0.005863359571942839,0.005846236977226334
2025-12-01,244.3146628843094,246.42382066793164,244.08582770530379,244.36439514160156,-0.012582971123844655,-0.012662807128090035
2025-12-02,246.10545295219046,246.10545295219046,243.86695483167222,243.9167022705078,-0.00183207079261416,-0.0018337510869010922
2025-12-03,244.71260335965434,248.56281507415667,244.22510277300714,248.35389709472656,0.018191434956749353,0.01802795050488154
2025-12-04,247.6972778424488,251.36841715837824,247.26946808897856,250.53271484375,0.008773036278115542,0.00873477680037197
2025-12-05,250.20440350291395,251.3684207106213,249.00058227159312,249.4880828857422,-0.004169642909347515,-0.004178360110525891
2025-12-08,251.4082018460714,251.47785129486618,248.90107976283056,249.58755493164062,0.0003987045984235049,0.000398625136865527
2025-12-09,248.97073241459307,251.65692709080093,248.82150528066526,250.1049041748047,0.002072816664700161,0.002070671344296502
2025-12-10,249.61739994190353,255.2584284149878,249.2592396448948,253.50741577148438,0.013604337779404618,0.013512629592790187
2025-12-11,253.338312270169,256.6910955839816,253.01995596326472,256.4821472167969,0.011734297540210603,0.011665984554769436
2025-12-12,256.6313847251182,256.8801067376986,252.1444299024636,252.55233764648438,-0.015321961442371856,-0.015440555650361912
2025-12-15,254.243640633335,254.3829243511421,250.45311964513996,250.6421356201172,-0.007563588775967078,-0.007592337769001282
2025-12-16,249.89547419240455,251.71224977749893,248.0287995763503,249.4562530517578,-0.004731377529262448,-0.004742605927117208
2025-12-17,249.9254112929038,251.71224130661219,246.26192996644315,246.8009796142578,-0.010644244852619833,-0.010701300061117566
2025-12-18,249.73574728530446,250.91365987611826,247.7692594335851,248.26837158203125,0.005945648878975085,0.005928043258769432
2025-12-19,248.83735231755918,250.95358295969004,248.61774175299533,250.34466552734375,0.008363102928020227,0.008328325943861965
2025-12-22,251.83203553493956,254.66698900784033,251.75217575985428,253.12973022460938,0.011124921281621791,0.011063494503704915
2025-12-23,251.9717778628382,252.77036035515005,251.01349105741926,251.63238525390625,-0.005915326379775654,-0.005932891224980055
2025-12-24,251.52258476011664,252.41100380141046,250.67408798993623,252.2612762451172,0.0024992450418350742,0.0024961271228274022
2025-12-26,252.13150038449373,252.30119669096328,249.95536344804316,250.9735565185547,-0.005104706301855222,-0.005117779825044617
2025-12-29,249.81560943454147,251.05341305787886,248.90723689181124,249.43629455566406,-0.0061251949576487386,-0.006144030919632119
2025-12-30,249.5261266488213,249.7057997095627,247.50970932090274,247.58956909179688,-0.007403595644157823,-0.00743113828564768
2025-12-31,247.73930253480913,247.83913105872463,245.57315760475174,245.722900390625,-0.0075393673005658135,-0.007567931993924314
2026-01-02,247.1902897181618,248.64768867487382,245.42342843203028,248.33824157714844,0.010643457253539879,0.010587214389429772
2026-01-05,249.34645272641694,253.0997860162791,249.12685738341997,252.28123474121094,0.01587751100684809,0.015752781855715426
2026-01-06,251.79211209377667,255.79498619928023,251.07338935304213,255.62527465820312,0.013255206715721446,0.01316812514196684
2026-01-07,255.9447165002269,256.34400014638345,253.51903864802088,255.02635192871094,-0.0023429714854801276,-0.0023457205379781936
2026-01-08,254.24771813167035,258.47020252240264,253.90832553599873,257.8113708496094,0.010920514291311134,0.010861316068531404
2026-01-09,259.11904366947834,261.09553869903476,257.63169924933896,259.7679138183594,0.0075890483895348915,0.00756039643123064
2026-01-12,258.8195854509196,261.19536406878757,257.78142368861864,261.03564453125,0.004880243653868188,0.004868373867442735
2026-01-13,261.94404060738924,262.4231992352616,259.99749104900724,260.88592529296875,-0.0005735585979076419,-0.0005737231455617481
2026-01-14,260.6663166267548,262.99216584448385,259.72798334662684,262.72265625,0.0070403604754400995,0.0070156928492747725
2026-01-15,263.5911062804896,266.5757871898798,263.2617056653059,265.0385437011719,0.008814951417696282,0.008776326551701168
2026-01-16,265.39790651257925,266.7455154952865,264.2399625959103,265.2881164550781,0.0009416470163963186,0.0009412039449673521
2026-01-20,260.67632396176185,264.60929991337446,260.59644895347304,262.1137390136719,-0.011965773227327281,-0.01203793935184391
2026-01-21,264.1700833100514,268.11305086679903,262.4531363609282,267.3144836425781,0.019841556755004763,0.01964727871551256
2026-01-22,269.3508506420506,271.1177271573394,268.94160548504385,269.3109436035156,0.007468581326879997,0.007440829565229525
2026-01-23,268.56228260274906,268.57224413095685,263.9903981062369,264.33978271484375,-0.018458815011953233,-0.018631304874399998
2026-01-26,264.5993218148539,266.2164403024499,263.0221103655134,263.5112609863281,-0.0031343058544063274,-0.003139228078863004
2026-01-27,263.58113300593817,264.3896923094651,262.1936169710598,264.25994873046875,0.002841198290115754,0.0028371697151035494
2026-01-28,265.50772289941403,266.20646166458965,262.0937822272714,262.83245849609375,-0.005401841032789179,-0.005416483731554263
2026-01-29,263.6011129845145,264.58934534861123,258.9493838302234,262.90234375,0.0002658927832053237,0.00026585743998410957
2026-01-30,260.6064262411151,262.51303831651757,257.4819792968363,259.1889343261719,-0.014124672191432763,-0.014225374758834125
2026-02-02,258.0210352856685,263.3016200475048,257.8912612488776,261.7144470214844,0.009743906320222484,0.009696740603088803
2026-02-03,262.5928866002107,264.58933523578645,258.090885178703,262.3133850097656,0.0022885171036510776,0.0022859024367643125
2026-02-04,263.6909549168584,264.18007511299356,256.68343076157873,260.0574035644531,-0.008600329126279616,-0.0086375253770376
2026-02-05,258.0409895577826,261.1554445962914,254.59711866224782,255.375732421875,-0.018002452836986094,-0.018166468428128846
2026-02-06,259.2787845758739,265.2481771938009,259.1190650232475,264.5494079589844,0.03592226814235677,0.03529211027172287
2026-02-09,264.36971137645025,267.1947031132644,262.8723749750453,266.4060974121094,0.007018308857500211,0.006993795157537646
2026-02-10,266.75548522013577,268.04317260725713,265.4078763499184,265.6873779296875,-0.002697834206512484,-0.0027014799197115193
2026-02-11,267.993291961257,268.48241214355653,261.6346077378051,264.47955322265625,-0.004546037212768472,-0.004556401863927291
2026-02-12,266.5458614197577,266.98508258145665,257.9312106600573,259.07916259765625,-0.020418934315325266,-0.02063028271008059
2026-02-13,260.13727761267194,264.6991703070259,258.05099232938085,262.4930725097656,0.013177091811938269,0.013091029150278764
2026-02-17,261.9141052965086,263.89056997875,258.59999320062315,262.57293701171875,0.00030425375111620134,0.000304207475329817
2026-02-18,262.56295337421034,266.4360687825878,261.38505593532153,263.521240234375,0.0036115802087171023,0.003605074113067113
2026-02-19,262.10376334797866,264.17009497269345,260.61638841687596,264.1301574707031,0.0023106950915476876,0.0023080295410379172
2026-02-20,262.38328253736444,266.8553082318626,261.6745517622793,264.14013671875,3.778155490619106e-05,3.778084120122203e-05
2026-02-23,262.932271639436,263.90055041833654,257.6416950928997,260.0274353027344,-0.015570149493769447,-0.015692637371318142
2026-02-24,259.93760629987247,263.67098596408636,259.39855663843406,262.8623962402344,0.010902545472555314,0.010843541200775774
2026-02-25,264.7789921332282,264.8089376433034,261.96399233260627,264.11016845703125,0.004746864651026472,0.0047356338158318035
2026-02-26,264.53942936815383,265.7672257507315,261.65454654188096,265.5176696777344,0.005329220108888366,0.005315070065604503
2026-02-27,261.6346085382168,262.2934402656055,259.308728740458,260.9458312988281,-0.017218584301584183,-0.017368548059672168
2026-03-02,257.3522068755043,263.8107193785221,257.33225335612786,263.341552734375,0.009180914765422488,0.009139026354877976
2026-03-03,256.34399330696124,260.65632968253124,252.86020017686482,258.7796630859375,-0.017323090872175984,-0.017474891266618088
2026-03-04,260.7361933750741,262.49304738774214,258.36041472133206,261.2951965332031,0.00972075400851824,0.00967381144551544
2026-03-05,258.5300978072766,260.2969742881813,253.70868791492651,256.3040771484375,-0.019101458622226897,-0.019286248437365514
2026-03-06,251.04344448021388,252.85022809660097,249.4961937085378,250.4445037841797,-0.022861803173206074,-0.02312718676153196
2026-03-09,247.15035578448328,254.1978170480747,243.95604100615924,253.16964721679688,0.010881226744610784,0.010822452172128618
2026-03-10,252.51082684439007,257.19248603928344,251.9518084390785,252.9101104736328,-0.001025149523322666,-0.0010256753484922487
2026-03-11,251.89192733037353,253.9283135220525,250.135057968197,252.40103149414062,-0.002012885046544066,-0.002014913622299682
2026-03-12,248.49796988942882,249.36642019196987,246.14215983536485,246.97068786621094,-0.021514744198086855,-0.021749560423136395
2026-03-13,248.81738721962282,250.16499613725875,245.1039915500912,246.15213012695312,-0.0033143922719333085,-0.0033198970366646705
2026-03-16,249.3165016024684,251.02347189793113,247.86907937945062,248.47799682617188,0.009448899337247907,0.00940453771464046
2026-03-17,249.8699951171875,251.7100067138672,248.9600067138672,250.0500030517578,0.006326540964050276,0.006306612412134169
2026-03-18,248.41000366210938,249.22999572753906,245.8800048828125,246.02000427246094,-0.016116771566136334,-0.01624805926254866
2026-03-19,243.02999877929688,250.08999633789062,242.52000427246094,247.6300048828125,0.006544185766977462,0.006522865548398748
2026-03-20,246.97000122070312,247.5,240.3300018310547,242.22000122070312,-0.021847124966417497,-0.022089307222802293
2026-03-23,247.1699981689453,251.36000061035156,246.11000061035156,247.4499969482422,0.02159192346289207,0.02136211993251812
2026-03-24,245.50999450683594,250.16000366210938,244.60000610351562,248.77999877929688,0.005374830662587815,0.0053604378099921185
2026-03-25,251.74000549316406,253.07000732421875,249.52000427246094,251.82000732421875,0.012219666210460778,0.012145608783628092
2026-03-26,248.88999938964844,251.86000061035156,247.16000366210938,247.44000244140625,-0.017393395105311238,-0.017546437415215596
2026-03-27,246.00999450683594,246.74000549316406,242.41000366210938,243.10000610351562,-0.017539590587897558,-0.017695231814380267
2026-03-30,245.35000610351562,245.3699951171875,238.69000244140625,239.61000061035156,-0.014356254239162647,-0.014460302284415413
2026-03-31,243.0399932861328,248.9199981689453,242.24000549316406,248.0,0.035015230450635704,0.03441614202030402
2026-04-01,249.9199981689453,252.44000244140625,249.11000061035156,249.55999755859375,0.0062903127362650135,0.006270611294760471
2026-04-02,244.94000244140625,252.3699951171875,244.8699951171875,251.2899932861328,0.006932183621026322,0.006908266504427214
2026-04-06,250.99000549316406,253.0500030517578,250.25,252.36000061035156,0.004258057832809747,0.0042490179570135265
2026-04-07,251.2100067138672,253.47999572753906,249.52000427246094,252.91000366210938,0.0021794383041193743,0.0021770667735699013
2026-04-08,261.5199890136719,262.2699890136719,258.4100036621094,260.4700012207031,0.02989204637667875,0.02945398740563106
2026-04-09,258.7799987792969,262.8999938964844,258.7799987792969,261.9599914550781,0.005720390937121733,0.0057040916302820155
2026-04-10,262.3999938964844,262.75,260.3399963378906,261.29998779296875,-0.0025194826829979533,-0.002522661920638387
2026-04-13,260.239990234375,265.3599853515625,260.0199890136719,265.07000732421875,0.01442793611700055,0.014324843869134364
2026-04-14,267.0899963378906,269.4200134277344,266.2799987792969,268.7200012207031,0.013769924154489077,0.013675980167532817
2026-04-15,268.7799987792969,269.5899963378906,267.5899963378906,269.3900146484375,0.0024933515357647984,0.0024902482920722635
2026-04-16,269.45001220703125,270.3500061035156,268.04998779296875,269.95001220703125,0.0020787613799440052,0.002076603745127842
2026-04-17,273.739990234375,277.6300048828125,273.1199951171875,275.7799987792969,0.021596541243326328,0.02136664010333352
2026-04-20,274.6499938964844,277.6700134277344,274.5299987792969,277.3500061035156,0.005692970234129291,0.005676826520560189
2026-04-21,278.17999267578125,279.7900085449219,273.760009765625,274.510009765625,-0.01023975581536729,-0.010292542774509823
2026-04-22,277.5899963378906,278.010009765625,274.8999938964844,276.4800109863281,0.00717642763695614,0.007150799618840062
2026-04-23,276.7300109863281,277.8699951171875,271.95001220703125,275.5199890136719,-0.0034723015571050952,-0.003478343987639026
2026-04-24,276.6700134277344,278.1300048828125,274.2300109863281,276.6499938964844,0.004101353541925423,0.004092965917408656
2026-04-27,276.82000732421875,278.239990234375,276.25,277.1400146484375,0.001771266086260992,0.0017696992444098704
2026-04-28,276.04998779296875,276.9700012207031,272.9200134277344,273.9100036621094,-0.01165479835319172,-0.011723247878910912
2026-04-29,273.9200134277344,274.3800048828125,270.3599853515625,272.0799865722656,-0.006681088917443234,-0.006703507300604895
2026-04-30,273.1300048828125,278.2200012207031,272.44000244140625,277.9700012207031,0.021648099599832493,0.021417107243182062
2026-05-01,278.6600036621094,279.80999755859375,276.57000732421875,279.2799987792969,0.004712729981080299,0.004701659835921343
2026-05-04,278.70001220703125,280.7900085449219,276.1000061035156,277.8800048828125,-0.005012868456758857,-0.00502547502954854
2026-05-05,280.1300048828125,282.95001220703125,280.0,282.55999755859375,0.016841775563358308,0.01670152537894557
2026-05-06,285.3599853515625,287.04998779296875,283.3599853515625,286.79998779296875,0.015005628082565892,0.014894157387309617
2026-05-07,287.5299987792969,287.5799865722656,281.1499938964844,282.260009765625,-0.015829770643578267,-0.015956399578756535
2026-05-08,284.0400085449219,284.9700012207031,282.6099853515625,284.1700134277344,0.006766823481992201,0.0067440312946738905
2026-05-11,284.9200134277344,287.04998779296875,284.5899963378906,285.3299865722656,0.004081968855683682,0.004073660223524893
2026-05-12,284.0400085449219,284.05999755859375,278.2799987792969,282.57000732421875,-0.00967293792427193,-0.009720024679185679
2026-05-13,282.9200134277344,283.55999755859375,279.92999267578125,282.6700134277344,0.000353916201024429,0.00035385358745862314
2026-05-14,283.8399963378906,285.6600036621094,281.9599914550781,284.45001220703125,0.006297090935512228,0.006277347100852543
2026-05-15,280.29998779296875,280.3299865722656,277.239990234375,277.6000061035156,-0.024081581330817392,-0.024376283491784584
2026-05-18,278.739990234375,279.0799865722656,273.94000244140625,275.9700012207031,-0.005871775385353106,-0.005889082038883156
2026-05-19,273.80999755859375,275.0799865722656,270.6300048828125,273.0,-0.01076204372781775,-0.010820373395534044
2026-05-20,274.9100036621094,280.0899963378906,273.4100036621094,279.8699951171875,0.025164817279075047,0.024853397009303103
2026-05-21,278.6600036621094,283.67999267578125,277.1499938964844,282.489990234375,0.00936147197948256,0.00931792496580365
2026-05-22,284.1000061035156,286.6099853515625,283.6700134277344,285.1199951171875,0.009310081679816173,0.009267009996913014
2026-05-26,288.3900146484375,290.54998779296875,287.739990234375,290.510009765625,0.018904372687794657,0.018727905565883357
2026-05-27,291.1600036621094,291.7200012207031,289.30999755859375,290.3699951171875,-0.0004819615287970924,-0.00048207770958599275
2026-05-28,289.6400146484375,292.739990234375,287.9800109863281,292.0299987792969,0.005716856734592879,0.0057005775236073485
2026-05-29,291.3800048828125,291.4100036621094,288.3299865722656,290.42999267578125,-0.005478910078429489,-0.005493974355328509
2026-06-01,288.3699951171875,290.6099853515625,286.2699890136719,288.9800109863281,-0.0049925342630566805,-0.00500503859848418
2026-06-02,288.4599914550781,291.8699951171875,288.3999938964844,291.6600036621094,0.009273972502921835,0.009231233258437974
2026-06-03,289.989990234375,290.010009765625,286.7799987792969,287.6700134277344,-0.013680279038182586,-0.013774716330248838
2026-06-04,287.55999755859375,292.8800048828125,286.6600036621094,292.010009765625,0.01508671788963123,0.014974045188738306
2026-06-05,289.1000061035156,289.3999938964844,280.1499938964844,281.6499938964844,-0.03547829020469484,-0.03612293802984477
2026-06-08,285.510009765625,286.8399963378906,283.5799865722656,284.1099853515625,0.008734214480339286,0.008696291885121775
2026-06-09,287.17999267578125,290.8699951171875,277.6199951171875,285.0199890136719,0.003202997814326425,0.003197879143974661
2026-06-10,284.5899963378906,289.0,281.760009765625,282.04998779296875,-0.010420326065484042,-0.01047499779293765
2026-06-11,284.44000244140625,291.05999755859375,284.07000732421875,290.4100036621094,0.0296401922742755,0.02920941332329124
2026-06-12,291.6300048828125,295.7200012207031,290.30999755859375,292.95001220703125,0.0087462846075963,0.008708257430526167
