Date,Open,High,Low,Close,Simple,Log
2020-01-02,5.941884393688347,5.9707536697387695,5.891363041927383,5.9707536697387695,,
2020-01-03,5.851045086775378,5.918988068029837,5.826157518294826,5.875185966491699,-0.016005969854598234,-0.016135448873692206
2020-01-06,5.781858699107725,5.905051443474641,5.7557269623863725,5.899825096130371,0.004193761657792283,0.004184992348417413
2020-01-07,5.928196548695039,6.0170449229818495,5.883150279100278,5.971251964569092,0.012106607784960977,0.01203390897804862
2020-01-08,5.967021135605146,6.023764739731018,5.926952474390596,5.982451438903809,0.0018755655264874882,0.0018738088496308182
2020-01-09,6.068811004490261,6.120576999500233,5.994397505336159,6.048154354095459,0.010982607357977958,0.010922736485782349
2020-01-10,6.155419203881554,6.185781859126946,6.066322091859231,6.080507755279541,0.005349301504214088,0.005335044810558041
2020-01-13,6.163634002769199,6.296284043113698,6.1409860181036064,6.271147727966309,0.031352640331926196,0.03087118373280752
2020-01-14,6.22833908695966,6.253724606953968,6.140984093935381,6.1541748046875,-0.01865255426166501,-0.018828707057395182
2020-01-15,6.166866351354734,6.189265113518231,6.0857331416853295,6.111616134643555,-0.0069154145591590055,-0.0069394368518897395
2020-01-16,6.165125624680976,6.201212580149905,6.141731430548025,6.195239543914795,0.013682699866770509,0.013589936936002819
2020-01-17,6.214403577975669,6.22186999285586,6.156415799010118,6.203950881958008,0.0014061341747100276,0.0014051464938175443
2020-01-21,6.167365874333107,6.20419951976106,6.136505265317551,6.1706013679504395,-0.005375528375724858,-0.005390028515671232
2020-01-22,6.215895459222514,6.311214340256056,6.196980925833093,6.224606037139893,0.008751929669277958,0.008713853531322417
2020-01-23,6.264676098533878,6.301509269273523,6.175827715920401,6.2930474281311035,0.010995296824063638,0.010935288023620227
2020-01-24,6.4085242141438945,6.458299349372817,6.17955944653442,6.233814239501953,-0.009412480885551133,-0.009457058226522968
2020-01-27,5.929192787115326,6.028991819907899,5.779619081655654,5.977972507476807,-0.041040961792532804,-0.04190691803755053
2020-01-28,6.043923483285389,6.203701127903374,5.990664110182417,6.171347618103027,0.032347942447771505,0.03183576377055213
2020-01-29,6.1569130145371735,6.19299997011159,6.071050915088323,6.110871315002441,-0.009799529510083782,-0.009847860908576804
2020-01-30,6.013063007373622,6.131029877336464,5.9580619920465185,6.117590427398682,0.0010995342644091188,0.0010989302193480947
2020-01-31,6.071797229542552,6.083743301311046,5.842334960195534,5.884145736694336,-0.03815958153373977,-0.038906727247104866
2020-02-03,5.865977109635358,6.000618425103622,5.859755336536209,5.98120641708374,0.0164952883107774,0.01636071886723578
2020-02-04,6.123065746362249,6.169605393823703,6.073041867526822,6.150441646575928,0.028294497412564068,0.027901602088796485
2020-02-05,6.27139460720877,6.281598562985633,6.157409927409583,6.240783214569092,0.014688631025945753,0.014581797968865207
2020-02-06,6.275128796942113,6.327641010284424,6.193995566539658,6.327641010284424,0.01391777165285335,0.013821808836249394
2020-02-07,6.287573449837381,6.309723483547889,6.236056179713211,6.261441707611084,-0.010461924525387079,-0.010517035170371692
2020-02-10,6.284087985183651,6.545406305582232,6.279110375824013,6.5446600914001465,0.04523213614602484,0.04423900060002591
2020-02-11,6.652920487059736,6.781837531508206,6.590950532170923,6.6671061515808105,0.018709307812878162,0.01853644152401997
2020-02-12,6.719868661055368,6.789305041192352,6.681044156211654,6.782834053039551,0.01735804092924198,0.017209111086880776
2020-02-13,6.724844697684495,6.806226658607772,6.69746832287338,6.739030361175537,-0.006458022048229872,-0.00647896528925249
2020-02-14,7.149175663875109,7.3410580636010705,7.117817583677653,7.212141036987305,0.0702045621484988,0.06784980977936438
2020-02-18,7.108858240876231,7.399295506798921,7.089446230395402,7.380878448486328,0.02339629946692079,0.02312680146177832
2020-02-19,7.503325127505003,7.849758840322369,7.503325127505003,7.832088470458984,0.06113229273748444,0.05933653869931851
2020-02-20,7.784055495050813,7.872405915479174,7.375403114951804,7.682763576507568,-0.019065782328000824,-0.019249878064747938
2020-02-21,7.5705207982384355,7.5956571049615285,7.233793118792383,7.31865930557251,-0.04739235657965846,-0.04855216690167005
2020-02-24,6.724346724805658,7.015032728613473,6.669843188096239,6.801249027252197,-0.07069741283439035,-0.07332088042873439
2020-02-25,6.876409681886865,6.938379636288666,6.41997344513621,6.521763324737549,-0.04109329056983002,-0.041961487839816056
2020-02-26,6.522010416956391,6.855253824367376,6.520517514289085,6.661131381988525,0.021369689501356648,0.021144559346943
2020-02-27,6.347610483142865,6.648929237527504,6.197947365481088,6.290335178375244,-0.0556656493243628,-0.057274990507599016
2020-02-28,6.03782676252008,6.784897622495817,6.021142320573181,6.725380897521973,0.06916097581609293,0.06687420612803816
2020-03-02,6.89546430619151,6.912646997105689,6.499516704618739,6.88375997543335,0.023549458435838666,0.023276447800585673
2020-03-03,6.939540411907499,6.999306015519978,6.535873107011647,6.621288299560547,-0.03812911501991756,-0.03887505252151566
2020-03-04,6.728618217428023,7.094433875085668,6.653910847652948,7.084970951080322,0.07002906844436141,0.067685814875236
2020-03-05,6.885502676379965,7.052348512985512,6.76099087219597,6.805566310882568,-0.039436243581937314,-0.04023492061305411
2020-03-06,6.626020817874118,6.683545501636067,6.424809580590504,6.625024795532227,-0.026528507269357404,-0.026886737874822247
2020-03-09,5.974076456092532,6.459672694457818,5.931244648976201,6.112035751342773,-0.07743201875039052,-0.08059421337110638
2020-03-10,6.388450932818215,6.501507759094238,6.125731447548591,6.501507759094238,0.06372214162292833,0.061774211723902954
2020-03-11,6.361557585907616,6.389946359754205,6.040566234422032,6.137685298919678,-0.05595970560300412,-0.057586429005023684
2020-03-12,5.614486920815418,5.879946119674955,5.3739301811778155,5.386630535125732,-0.12236775383810272,-0.13052762712060134
2020-03-13,5.739994165932216,6.001967021688667,5.468807747955837,5.9974846839904785,0.11340190215041135,0.10742010518184418
2020-03-16,5.289509591350956,5.630423213148676,4.831057286094867,4.890822887420654,-0.1845209875273074,-0.20397959303066654
2020-03-17,5.003133264971401,5.4999355774252425,4.756351060498618,5.41053581237793,0.10626287987119576,0.100987560093645
2020-03-18,4.982962115786236,5.228001143281701,4.499358442377343,5.05069637298584,-0.06650717264801553,-0.06882199963782261
2020-03-19,5.029280412841666,5.397088566428177,4.815867575219832,5.303455829620361,0.05004447663621803,0.04883252197348758
2020-03-20,5.453616536843475,5.735511233684111,5.108221033415552,5.123660564422607,-0.033901529676853004,-0.034489513812429505
2020-03-23,5.122664568096636,5.390863392659207,4.943616623224455,5.296483039855957,0.033730274139037286,0.03317388532512987
2020-03-24,5.702640156905498,6.29183025625637,5.678983086676754,6.205169677734375,0.17156415512719758,0.15833974069903864
2020-03-25,6.320220535822808,6.5199375305689005,6.067710549633546,6.116519451141357,-0.014286511279637648,-0.014389545996986412
2020-03-26,6.323706009766051,6.529897835657393,6.2255909210386315,6.405884265899658,0.04730873776659128,0.04622376689840603
2020-03-27,6.225591175797797,6.552310269100053,6.192720061989183,6.293574810028076,-0.01753223305476137,-0.017687742957306764
2020-03-30,6.359066374433606,6.623031728248877,6.314989186529954,6.6138176918029785,0.05088409869453403,0.04963180864403405
2020-03-31,6.653910565095111,6.858110320495774,6.418583333995227,6.564262390136719,-0.007492692416919411,-0.007520903643785458
2020-04-01,6.366289194622449,6.512714924766712,6.0084421721262595,6.0530171394348145,-0.07788312232461758,-0.08108329808499305
2020-04-02,6.082153516472062,6.375005474274907,6.034092229865185,6.361807346343994,0.051014262771113206,0.04975566246982494
2020-04-03,6.324204046373109,6.365790946733612,5.936474454401283,6.073935508728027,-0.04525000867582085,-0.046305761963519466
2020-04-06,6.356078033453487,6.72064873714971,6.298553361056934,6.683793067932129,0.10040566916256499,0.09567890196573929
2020-04-07,6.905423556642297,6.929081100031503,6.407376411266441,6.450457572937012,-0.034910640204381393,-0.03553458110586757
2020-04-08,6.559532083650061,6.672588942297645,6.489556401478478,6.64768648147583,0.030575956249413228,0.030117826782877815
2020-04-09,6.773443687969431,6.796353628919148,6.485074056401709,6.54807710647583,-0.01498406630300142,-0.015097461598753244
2020-04-13,6.488310013179635,6.728617826628868,6.399906748639716,6.719902038574219,0.02624051752971268,0.025902141819486326
2020-04-14,6.848148669477411,7.1051409096792435,6.820507036012327,7.0710248947143555,0.052251186717393816,0.05093185645825513
2020-04-15,6.902935179098929,7.0765047828116625,6.857613073884868,6.993579864501953,-0.010952447681282118,-0.011012867303238928
2020-04-16,7.148970258403204,7.4458062782420305,7.135772131696852,7.338726043701172,0.04935186069027586,0.04817269804338324
2020-04-17,7.420903174994001,7.442319315033417,7.145483321026608,7.279458045959473,-0.008076060802483465,-0.008108848832932572
2020-04-20,7.1529536684937245,7.308842295500524,7.103895896984549,7.148221969604492,-0.018028275666459037,-0.018192764999922714
2020-04-21,7.030185707489499,7.091445112329841,6.651669709020383,6.711435317993164,-0.06110423731504455,-0.06305081479102564
2020-04-22,6.903681973130234,7.168643384661599,6.858110983321336,7.1258111000061035,0.061741753049755266,0.059910722862740316
2020-04-23,7.167895192131679,7.299877392298321,7.047367484462369,7.072518825531006,-0.007478766097946621,-0.007506872289896108
2020-04-24,7.062309523825545,7.213466463069181,6.987602158038459,7.211474418640137,0.019647256732285623,0.019456740751271667
2020-04-27,7.345948667480106,7.557867748351384,7.321295094747298,7.397994518280029,0.025864350174740647,0.02553552570243951
2020-04-28,7.545414690746777,7.575297730946533,7.250072978732017,7.255551338195801,-0.019254296516746483,-0.019442074750142917
2020-04-29,7.390274070522347,7.485152200070191,7.315068924983544,7.432359218597412,0.024368634740523643,0.02407645669850482
2020-04-30,7.378321614986375,7.432359986140536,7.264518100117333,7.278463363647461,-0.020706191725081036,-0.02092357087833835
2020-05-01,7.080986271988057,7.194291996413237,6.993579026001482,7.041889667510986,-0.03250324750112088,-0.03304321067413936
2020-05-04,6.994574835078078,7.267504872616787,6.994574835078078,7.253808498382568,0.030094028858376864,0.029650088228615847
2020-05-05,7.357900502172547,7.477431715733212,7.253808345175907,7.3148193359375,0.008410869623665329,0.008375695352932231
2020-05-06,7.394258543064645,7.520513510750665,7.356406846446579,7.415674209594727,0.01378774635782598,0.01369356013933491
2020-05-07,7.554878755504124,7.655235248420218,7.503580043298903,7.591983318328857,0.023775196125257914,0.023496967482045206
2020-05-08,7.663702768316783,7.7882145938783065,7.6298356315598355,7.781989097595215,0.025027159741992433,0.024719109548584913
2020-05-11,7.777007644992657,8.080816769532566,7.748369985297888,8.034000396728516,0.03238391829810938,0.031870611734130826
2020-05-12,8.091773941626728,8.14058236175115,7.762315680862196,7.772027492523193,-0.032608027292604924,-0.03315151642859591
2020-05-13,7.8865779921689985,8.046948977792091,7.56508841049822,7.74961519241333,-0.0028837134366064276,-0.0028878793489912446
2020-05-14,7.811124761788539,8.0046162389776,7.65747702951931,7.999137878417969,0.03219807433134414,0.03169058113429933
2020-05-15,7.858936085271432,8.467300485063323,7.843247666290746,8.457589149475098,0.057312585184217335,0.05573039182010654
2020-05-18,8.726285957195563,8.88167683840197,8.646598471953777,8.716075897216797,0.03056269856259708,0.03010496235302941
2020-05-19,8.755921791733181,9.05201075403629,8.728529033833569,8.771112442016602,0.006314371908736849,0.006294519787726366
2020-05-20,8.955885888143905,9.007682848110791,8.854035125997962,8.934967994689941,0.018681273755928096,0.018508921953442347
2020-05-21,9.016150202023102,9.017145749409037,8.70337638192657,8.740979194641113,-0.02171119137350197,-0.021950347197293163
2020-05-22,8.790783051898014,9.057488103343827,8.679220949290434,8.990998268127441,0.02860309673767536,0.028201664987702494
2020-05-26,9.120988085794831,9.14589101839165,8.638131479647026,8.68370246887207,-0.03417816243438909,-0.03477589494139962
2020-05-27,8.591313828721544,8.599033119211315,7.965517427372133,8.49195384979248,-0.022081435858372522,-0.022328880163118334
2020-05-28,8.379394654282432,8.726284915463808,8.34652354679556,8.453853607177734,-0.004486628553177718,-0.0044967236777643405
2020-05-29,8.52109100854398,8.840837478637695,8.451862463225005,8.840837478637695,0.04577603178879186,0.04475922396727417
2020-06-01,8.79875319671636,8.80622360267872,8.655564399421785,8.771858215332031,-0.0078023449104612785,-0.007832942462529996
2020-06-02,8.761895905306496,8.802735191457245,8.624185501823682,8.79078197479248,0.00215732618972031,0.002155002502942659
2020-06-03,8.787796002330985,8.831623838211076,8.666022881980009,8.735251426696777,-0.006316906534018951,-0.006336942610012194
2020-06-04,8.697880093507253,8.912387299046383,8.647554448398513,8.736248016357422,0.00011408826282877094,0.00011408175525786689
2020-06-05,8.764149807557894,8.965950355172382,8.677948158898555,8.889216423034668,0.017509622711126438,0.017358095499846148
2020-06-08,8.846615376117425,8.859072050015294,8.655776508944166,8.774615287780762,-0.012892152671290513,-0.012975977707705175
2020-06-09,8.769629699287476,9.078310297164291,8.721048020934704,9.014780044555664,0.027370403020329226,0.027002530986022955
2020-06-10,9.136112317494959,9.467215360522856,9.121910741750701,9.33442497253418,0.03545787322582106,0.03484371848207316
2020-06-11,9.118421408581415,9.229287389818175,8.755678265745098,8.76589298248291,-0.060907018024584314,-0.06284078233822636
2020-06-12,9.130882024444821,9.155546372764283,8.673216375848513,8.9016752243042,0.015489835672489516,0.015371092803069293
2020-06-15,8.784830305263167,9.150563471402632,8.713576265400734,9.14209270477295,0.027008116383794745,0.02664983391791389
2020-06-16,9.193165484284528,9.234771362037131,8.808247914587062,9.03720474243164,-0.01147308015007853,-0.01153940371251392
2020-06-17,9.082302405878096,9.266912510219766,9.038951610505988,9.204130172729492,0.01847091385615074,0.018302398452837685
2020-06-18,9.195158418164446,9.250466921441895,9.083046458766479,9.186189651489258,-0.001949181606903938,-0.0019510837335009739
2020-06-19,9.21060547299909,9.412406059960434,9.195407893756292,9.229290008544922,0.004691864493422182,0.004680892004777487
2020-06-22,9.267906669276206,9.49835845482481,9.241248418658067,9.493873596191406,0.02866781598600987,0.02826458256258832
2020-06-23,9.518039245168492,9.609223760973583,9.375035085564633,9.417387962341309,-0.0080563147460464,-0.008088942205903284
2020-06-24,9.44355098508008,9.523524812244903,9.112945803952664,9.203632354736328,-0.022697971928071436,-0.022959536461020103
2020-06-25,9.323464192064792,9.47219917351608,9.150562864873292,9.457250595092773,0.027556320220236685,0.02718347875249275
2020-06-26,9.4672151136185,9.4672151136185,9.093509253870403,9.123405456542969,-0.03530044331520965,-0.035938566342595575
2020-06-29,9.138109634058477,9.172739712626514,8.869289823879992,9.168254852294922,0.004915861293853796,0.004903817900697306
2020-06-30,9.281860226431489,9.493377570166425,9.234524477242928,9.46497631072998,0.032364006369302256,0.03185132421862362
2020-07-01,9.487895459840797,9.542705967758568,9.380517348684924,9.497113227844238,0.003395351035144767,0.0033895998453475325
2020-07-02,9.605736929256501,9.703897268706609,9.545196562472253,9.579079627990723,0.008630664727274251,0.0085936334575629
2020-07-06,9.708131608857562,9.874555120077645,9.678982404276315,9.80529499053955,0.023615563429268516,0.0233410297886001
2020-07-07,9.911928592670913,10.035251304374011,9.816758140630343,9.837685585021973,0.0033033778701887506,0.0032979337036436506
2020-07-08,9.959263970260519,10.189716751183488,9.931111711651702,10.180747032165527,0.03487217030658818,0.03427791213956463
2020-07-09,10.344427021104382,10.533521899501254,10.198183016858287,10.472732543945312,0.028680165694842774,0.028276588026849122
2020-07-10,10.55220674980637,10.61847696084942,10.342931448761039,10.443084716796875,-0.0028309542923998787,-0.0028349690223041625
2020-07-13,10.558435344150633,10.755004019606048,9.990401852728793,10.017558097839355,-0.040747215070762954,-0.041600646623181206
2020-07-14,10.04023152466325,10.366850682254316,9.751730337959055,10.34118938446045,0.032306404760547025,0.03179552682988819
2020-07-15,10.378311468876817,10.396996003532037,10.02104815021368,10.191956520080566,-0.014430918807476156,-0.014536057238247177
2020-07-16,9.980438549107026,10.171526393548673,9.86135078427712,10.099775314331055,-0.00904450539676982,-0.00908565524363155
2020-07-17,10.190212395992338,10.213132788399555,10.052938091572605,10.166295051574707,0.006586259116998727,0.0065646644791479344
2020-07-20,10.23879412998473,10.49490720598803,10.121699312228516,10.474477767944336,0.030314162121616972,0.029863767503471562
2020-07-21,10.476721191189911,10.523559885167359,10.25125224063376,10.292858123779297,-0.017339255301191292,-0.01749134078508551
2020-07-22,10.331722094937254,10.565910768554447,10.255984157807204,10.402726173400879,0.010674202276990119,0.010617635163035197
2020-07-23,10.413936738581402,10.510602112104115,9.996632039770423,10.094792366027832,-0.02960126050038825,-0.030048220302427462
2020-07-24,9.840922467199292,10.32898230288005,9.743261080131965,10.159319877624512,0.006392158378000445,0.006371815178914115
2020-07-27,10.196938356220194,10.405714725652683,10.182487780384779,10.38553524017334,0.022266782154094722,0.022022497006406207
2020-07-28,10.338450010177334,10.346172824798396,10.1740194451191,10.18024730682373,-0.019766716746144608,-0.01996469150894234
2020-07-29,10.354894135095087,10.479960793275243,10.311295295130234,10.429386138916016,0.024472768154196967,0.024178107722948063
2020-07-30,10.339197927038796,10.586342272548213,10.259723067690757,10.577373504638672,0.01418946079390615,0.014089732680049559
2020-07-31,10.526794782802703,10.729344229172773,10.396994311073172,10.578117370605469,7.032615104973772e-05,7.03236782819098e-05
2020-08-03,10.69546229744022,11.06044840939836,10.678271766238865,10.972253799438477,0.037259600647676416,0.036582236054648894
2020-08-04,11.011869584577683,11.189005851745605,10.868366436984433,11.189005851745605,0.01975456057334557,0.019561971452007953
2020-08-05,11.205197994341091,11.332506580940676,11.127716100125092,11.24779987335205,0.005254624261124441,0.0052408668952099585
2020-08-06,11.310580667455152,11.318802431737298,11.140171273584539,11.296380043029785,0.004319081973784833,0.004309781509265981
2020-08-07,11.273462404012015,11.465049231458748,10.999411764399314,11.160852432250977,-0.01199743725534741,-0.012069987366527455
2020-08-10,11.295136017955185,11.36888005134779,10.819033954905294,11.126469612121582,-0.0030806625513692953,-0.0030854175604771946
2020-08-11,11.035536173478329,11.098319449331218,10.758495619381051,10.812559127807617,-0.028212945818139823,-0.028618578583054482
2020-08-12,10.952823156927446,11.427429397401577,10.920435042632398,11.400772094726562,0.05440090176304202,0.052972740003829934
2020-08-13,11.506153367122069,11.681297569830996,11.31656048998082,11.403509140014648,0.00024007543220272431,0.0002400466187076666
2020-08-14,11.490210564033843,11.664357841752082,11.401019946468677,11.524093627929688,0.010574331675844428,0.010518814459347011
2020-08-17,11.81035296440147,12.366925960878032,11.77647084788185,12.294426918029785,0.06684545570101275,0.06470612181149299
2020-08-18,12.407036010306534,12.452877747550117,12.044541772145244,12.218439102172852,-0.006180671646068947,-0.006199851065702402
2020-08-19,12.254064801327434,12.27250033410157,12.05624919671835,12.096610069274902,-0.009970916242180494,-0.010020958751861701
2020-08-20,11.933675460535376,12.332294707284191,11.837757080597434,12.099102020263672,0.00020600407672044518,0.00020598286079429398
2020-08-21,12.159642451084375,12.764548088001417,12.153164638813207,12.639730453491211,0.04468335189852035,0.04371382696189838
2020-08-24,12.839291958291644,12.867943168729225,12.464340019448425,12.676356315612793,0.0028976774668059146,0.00289348729202021
2020-08-25,12.587162502642434,12.717212003155831,12.530359043130268,12.706001281738281,0.002338603095983993,0.002335872819623694
2020-08-26,12.755079279788657,12.824090403622819,12.633998562589216,12.728919982910156,0.0018037697827730792,0.0018021449436555095
2020-08-27,12.737391908262952,12.805656037139427,12.523133704353224,12.584671020507812,-0.011332380327318647,-0.011397081022272874
2020-08-28,12.631260528605571,13.10262784564443,12.598872415476373,13.102378845214844,0.041137970461316176,0.040314317316852255
2020-08-31,13.137257437320157,13.52815388381572,12.992758311577335,13.328346252441406,0.017246288624076067,0.01709925945267844
2020-09-01,13.437501233016851,13.949631612697642,13.394138428428857,13.777426719665527,0.033693637508994234,0.033138443508054546
2020-09-02,14.65739345260157,14.680321655884619,13.85617738039282,14.301270484924316,0.03802188724481237,0.03731687049905204
2020-09-03,13.78514895398756,13.840723073185023,12.838144401724493,12.97446346282959,-0.09277546519334634,-0.09736530183438426
2020-09-04,12.74344435701428,13.133461413536873,11.667846759486407,12.582703590393066,-0.03019468770780942,-0.03065993660657394
2020-09-08,11.697506018600537,12.510435350767597,11.667351787133146,11.875443458557129,-0.05620891621224655,-0.057850446876079174
2020-09-09,12.360904118495581,12.76886406789316,12.193184504037099,12.674911499023438,0.06732111042895261,0.06515187402536846
2020-09-10,12.94829871786249,13.024059324113075,12.128640676598586,12.272934913635254,-0.03171435046462889,-0.032228142741568704
2020-09-11,12.446136279849737,12.612609582792775,11.858245343800984,12.126148223876953,-0.011960194590066697,-0.01203229316939351
2020-09-14,13.039760506816634,13.273022041293633,12.591428464582796,12.83166790008545,0.05818168005066071,0.0565520389685955
2020-09-15,13.238133086859497,13.256824165575098,12.787309325791663,12.950044631958008,0.009225358136939477,0.00918306443791491
2020-09-16,12.9164012983545,13.051474082556064,12.474299886610241,12.47504711151123,-0.03667921879393243,-0.037368816518553914
2020-09-17,12.094000865150567,12.550058975439136,11.996808402477319,12.424206733703613,-0.004075365596070912,-0.0040836925296742245
2020-09-18,12.554045465543362,12.592672993531387,11.950953315876442,12.1508207321167,-0.02200430236284534,-0.02225000810100962
2020-09-21,11.88740160372533,12.483017581146514,11.866966056083665,12.477784156799316,0.026908752247360335,0.026553078165011238
2020-09-22,12.535355981981281,12.608125797229098,12.11717909459638,12.597908020019531,0.009627018844909019,0.009580974377094984
2020-09-23,12.535852009546938,12.686875066180855,12.04116736498731,12.085526466369629,-0.04067195544178204,-0.0415221931873261
2020-09-24,12.034188858042343,12.52987072793665,11.976122083308846,12.30906867980957,0.01849668808901228,0.018327704925889397
2020-09-25,12.408256652197235,12.842881933702188,12.207142912715822,12.833162307739258,0.042577845778807966,0.04169634411287652
2020-09-28,12.999135631045021,13.010599730507748,12.709800926062767,12.993902206420898,0.012525353831510655,0.012447560506286114
2020-09-29,12.896711278367409,13.400368327891107,12.89247510346008,13.184052467346191,0.014633807297036006,0.014527766408490413
2020-09-30,13.116019306510315,13.579553477522746,13.108792330522316,13.48784351348877,0.023042311678825422,0.022780846504030762
2020-10-01,13.714624981038467,13.71935930583392,13.418311387565605,13.571577072143555,0.006208076077621083,0.006188885357341786
2020-10-02,13.183304746291645,13.476875649121473,13.00985259385237,13.02106761932373,-0.04056341056705759,-0.04140905281261067
2020-10-05,13.19426999628857,13.601232733408866,13.181061420646227,13.599488258361816,0.04442190578748617,0.04346353214172385
2020-10-06,13.786397839796917,14.097414465703828,13.621918076224542,13.693192481994629,0.006890275711308291,0.006866646241896251
2020-10-07,13.955612003069618,14.074735405554517,13.819791075017143,13.919974327087402,0.01656164881863531,0.016426000371820865
2020-10-08,14.030625334081545,14.040095885233358,13.714625307805663,13.795120239257812,-0.008969419403786705,-0.009009886807154035
2020-10-09,13.723597477510634,13.7806670103337,13.617682638155124,13.7193603515625,-0.005491788863116742,-0.005506924174298577
2020-10-12,13.94539343424756,14.30176637112015,13.868636537321477,14.181147575378418,0.03365953018088952,0.033105447376923336
2020-10-13,14.251427164697901,14.303263268238275,13.974552820948032,14.203329086303711,0.001564154861754874,0.001562932845654755
2020-10-14,14.245444791209522,14.297529966845348,13.915987137027978,14.050810813903809,-0.01073820591448349,-0.01079627653797204
2020-10-15,13.767207595825163,13.961592497317445,13.72434294529411,13.925955772399902,-0.008885967020519359,-0.008925682675179918
2020-10-16,13.99249296513583,14.07697592933186,13.74901277141863,13.767952919006348,-0.011345925261855516,-0.01141078130642529
2020-10-19,13.859165412616278,13.939411256075054,13.364479876319214,13.455193519592285,-0.022716477987247075,-0.022978472505211556
2020-10-20,13.54067417932236,13.75624280985995,13.464415427510037,13.602478981018066,0.01094636514973324,0.010886887344945665
2020-10-21,13.58204420681316,13.748019370402716,13.43500919480444,13.482110023498535,-0.008849045654656273,-0.008888430979666512
2020-10-22,13.479868040929487,13.568836277147218,13.190034178145442,13.318877220153809,-0.01210736324360362,-0.012181254389593636
2020-10-23,13.407594359777686,13.550393182013844,13.249345288495318,13.547402381896973,0.01715798996910678,0.01701245403651426
2020-10-26,13.384668685989434,13.649580786393301,12.997393298631682,13.09981918334961,-0.03303830401800545,-0.03359639550056899
2020-10-27,13.264051434538397,13.39962331395523,13.149912360113271,13.35451602935791,0.019442775693578218,0.019256179681244198
2020-10-28,13.156392524997964,13.218197340340454,12.569249631247708,12.58719253540039,-0.0574579784299688,-0.05917477543367036
2020-10-29,12.79802533706943,13.151158482041751,12.70980431956466,12.982940673828125,0.03144054063801183,0.030956408278777273
2020-10-30,12.809487666588163,12.895714171196541,12.261221483654902,12.494483947753906,-0.03762296527002407,-0.03834897710640692
2020-11-02,12.617845017655036,12.796280599298889,12.355923696333516,12.541088104248047,0.0037299785000339813,0.0037230393800547017
2020-11-03,12.668432382996889,13.063681927532116,12.563015709327276,12.9784517288208,0.03487445594330896,0.034280120754563
2020-11-04,13.34703534632998,13.783904144590073,13.294950174627308,13.750758171081543,0.05950682395695228,0.05780353943879503
2020-11-05,14.117850049572407,14.293792964075415,13.946890534905274,14.115357398986816,0.026514845462997316,0.026169419586592288
2020-11-06,14.06526480662683,14.542754714559118,13.851192528563923,14.51608943939209,0.0283897905719368,0.027994268872899075
2020-11-09,14.506617206699142,14.645178892872087,13.567836875389528,13.587773323059082,-0.06395084021829256,-0.06608728274942867
2020-11-10,13.563601087866017,13.563601087866017,12.588435764036982,12.72973918914795,-0.06314751604333946,-0.06522944354906073
2020-11-11,13.012596256393248,13.392644692449075,12.907428639416796,13.37569808959961,0.05074407973749673,0.04949856056648977
2020-11-12,13.436502877183004,13.722597713712116,13.27401668464067,13.414322853088379,0.0028876820656413837,0.002883520720954058
2020-11-13,13.584284964818861,13.625654212568513,13.018075946608024,13.25507640838623,-0.011871374086205533,-0.01194240153615709
2020-11-16,13.13096916459676,13.60646550624664,13.114521665227775,13.472639083862305,0.016413536125557737,0.016280290090223214
2020-11-17,13.50977173125303,13.553383607027966,13.261806251274743,13.379932403564453,-0.006881107682079612,-0.006904891673143484
2020-11-18,13.422798478821212,13.562855596647298,13.14343241864319,13.38641357421875,0.00048439487277018856,0.0004842775914459252
2020-11-19,13.171092151529422,13.44497565299042,13.05869758608169,13.39787483215332,0.0008561858537408096,0.000855819535708703
2020-11-20,13.411583145369244,13.451955146489949,13.023808681876831,13.046487808227539,-0.02622707170561811,-0.026577135687349117
2020-11-23,13.12972325050562,13.340306562625956,12.974464034474613,13.09857177734375,0.003992183174644559,0.003984235556603928
2020-11-24,13.101066842254754,13.120505145946135,12.844378941677542,12.916899681091309,-0.01386961107978768,-0.013966692838286249
2020-11-25,12.991412739855924,13.227665063876367,12.978952338704527,13.193024635314941,0.02137703017294812,0.021151746406915535
2020-11-27,13.332832293979013,13.365230096581229,13.128976828642482,13.219440460205078,0.002002256921390666,0.0020002550766939206
2020-11-30,13.223178161034154,13.370213157845031,12.931350792165748,13.359247207641602,0.01057584455691507,0.01052031150898581
2020-12-01,13.449714647947333,13.486099554890952,13.186546046984063,13.347786903381348,-0.0008578555424664236,-0.0008582237111043573
2020-12-02,13.308408129801464,13.630389717182007,13.192524609305062,13.50179672241211,0.011538228782461912,0.011472171061222124
2020-12-03,13.548665129635559,13.620958145313168,13.29090480160538,13.357712745666504,-0.010671466894953019,-0.010728815357515806
2020-12-04,13.410060816255628,13.521242861894294,13.350481990906417,13.519497871398926,0.012111738649635884,0.012038978455542445
2020-12-07,13.562373622565351,13.692002161308737,13.46141332691698,13.56785774230957,0.0035770463792854645,0.0035706639644865596
2020-12-08,13.546170890394157,13.559881665713313,13.243538190304427,13.311842918395996,-0.018869214932525802,-0.01904951019124914
2020-12-09,13.262484401385127,13.37565963790805,12.831469836351852,12.893791198730469,-0.03140449614889984,-0.03190819092848963
2020-12-10,12.832217643916875,13.031396655684688,12.812772649418692,12.935172080993652,0.0032093650056359557,0.003204225986156797
2020-12-11,12.930187096081763,12.982786912708411,12.786349472675026,12.976056098937988,0.0031606860495043687,0.003155701581483254
2020-12-14,13.050591101752886,13.350481252818426,13.040121159359513,13.270709991455078,0.022707507602499177,0.022453529765532405
2020-12-15,13.401335220553591,13.425515937821444,13.149059056353826,13.322312355041504,0.0038884403034691317,0.0038808998601938126
2020-12-16,13.38413382690294,13.39884214592736,13.174734036543057,13.204648971557617,-0.008832054102031361,-0.00887128787254763
2020-12-17,13.328544212374,13.341258393471877,13.140832689289908,13.303117752075195,0.007457129737388435,0.007429462804233025
2020-12-18,13.340760540292104,13.366686251250297,13.033142941006943,13.2340669631958,-0.00519057187692884,-0.005204089692217599
2020-12-21,13.037377156557108,13.331783154794788,12.930433506327743,13.294140815734863,0.0045393341824648825,0.004529062477791412
2020-12-22,13.2811795382145,13.299127738654636,13.016687499991681,13.240296363830566,-0.0040502393235196665,-0.004058463757604423
2020-12-23,13.218109557528855,13.237055302531518,12.967827545846838,12.972064971923828,-0.020258715102441704,-0.02046673717282577
2020-12-24,12.999983423390296,13.09496128670315,12.901765679220919,12.956607818603516,-0.001191572302001842,-0.0011922827887309083
2020-12-28,13.025163617065004,13.025163617065004,12.726769309604906,12.863127708435059,-0.0072148598983010626,-0.007241012869248831
2020-12-29,12.88805646583581,13.035134902377251,12.805542671902463,12.906253814697266,0.0033526920699020746,0.0033470843283690166
2020-12-30,12.95311933575246,13.175980752150302,12.859887402739746,13.108175277709961,0.015645241904568286,0.015524116828007514
2020-12-31,13.09895299632336,13.113411217008528,12.878085702431163,13.017685890197754,-0.006903278724543882,-0.006927216583202045
2021-01-04,13.066796036911752,13.613479253749597,12.92545084499774,13.076019287109375,0.0044810880676990905,0.004471077885761358
2021-01-05,13.062307460654432,13.405074943901147,13.049594230220292,13.366436004638672,0.022209872221249816,0.021966825123102662
2021-01-06,13.184708458178918,13.207144188690481,12.550028240039332,12.578446388244629,-0.05895285894613789,-0.0607620438886868
2021-01-07,12.930433708618178,13.339511720637944,12.849665861110775,13.30585765838623,0.05782997738269291,0.05621961861545521
2021-01-08,13.324304563885628,13.38263668450352,13.004720314461348,13.238799095153809,-0.005039777589245231,-0.005052520099293272
2021-01-11,13.380395567585643,13.921096308910437,13.324306724946876,13.582566261291504,0.025966642719394084,0.02563523425065078
2021-01-12,13.713190565215053,13.715185654983586,13.306856014425799,13.446206092834473,-0.010039352345781682,-0.010090086487771356
2021-01-13,13.451443789096095,13.586058171685414,13.346744347714584,13.493074417114258,0.003485616980447803,0.003479556296978206
2021-01-14,13.536199426324881,13.5608784418514,13.142827216100367,13.162520408630371,-0.02449804975985459,-0.024803119699908175
2021-01-15,13.190189882912284,13.287161896457812,12.811775176828125,12.82274341583252,-0.02581397652193329,-0.02615300437852303
2021-01-19,12.97904584526776,13.056573821043251,12.807288385767938,12.988020896911621,0.012889400943251417,0.01280703958562321
2021-01-20,13.074270546993267,13.392109800780052,13.01942840763839,13.327545166015625,0.02614133991613299,0.025805495463646563
2021-01-21,13.380146684400248,13.959237226928826,13.215120034647857,13.827863693237305,0.03754018620754396,0.03685270606660443
2021-01-22,13.700726105452485,13.802185641575923,13.588298330647525,13.673304557800293,-0.011177369032976614,-0.011240305235783525
2021-01-25,13.742358087685238,13.788974533130535,13.198666607439788,13.614225387573242,-0.004320767520193058,-0.004330129011792613
2021-01-26,13.541681919123254,13.605748262959864,13.34923373913582,13.39684772491455,-0.015966950485270304,-0.016095795588697993
2021-01-27,13.192186547498755,13.194929083249145,12.757183670871319,12.880829811096191,-0.03851786065006202,-0.03927928994493256
2021-01-28,12.95910082020239,13.301619074247753,12.923452622356281,13.013693809509277,0.010314863278344966,0.010262028090680117
2021-01-29,13.037629611862155,13.296637574814783,12.87459708533729,12.95262336730957,-0.004692783086311936,-0.00470382876305067
2021-02-01,13.015938521101374,13.23281654648727,12.865868417998428,13.199163436889648,0.01903398736987194,0.018855107334879335
2021-02-02,13.360453169364302,13.53320722236084,13.247526137181742,13.518001556396484,0.024155933899244753,0.02386879422249703
2021-02-03,13.597025697699792,13.891931010643143,13.47786803999946,13.491827964782715,-0.001936202737111259,-0.001938079600681079
2021-02-04,13.492324230974786,13.634416844530163,13.299626897697083,13.62519359588623,0.009884919334254505,0.009836383108157003
2021-02-05,13.68577136233769,13.6979862959355,13.50703298248736,13.552153587341309,-0.005360658403193219,-0.005375078288925954
2021-02-08,13.68801261621437,14.432378862406338,13.68801261621437,14.397479057312012,0.06237572977038108,0.06050765475994347
2021-02-09,14.299762477447947,14.541569693071047,14.181850554001468,14.222484588623047,-0.012154521495906678,-0.012228991740964009
2021-02-10,14.421909473206185,14.862396381578142,14.300507596143618,14.72204875946045,0.0351249577895143,0.0345221515935732
2021-02-11,14.937431095439102,15.228596265602246,14.882338853622967,15.207157135009766,0.03295114582728065,0.03241989553150161
2021-02-12,15.006983766434686,15.247544255487185,14.732769210253142,14.918487548828125,-0.018982481973377374,-0.019164962260594536
2021-02-16,15.021190889000872,15.328560224455654,14.907267274456522,15.286430358886719,0.02466354641208235,0.024364311302554217
2021-02-17,15.127635715976565,15.179986376068083,14.737753530677445,14.863393783569336,-0.0276739935606648,-0.028064133183557594
2021-02-18,14.686898922585039,14.830736516708235,14.533338832562045,14.786613464355469,-0.0051657326941538795,-0.00517912121888409
2021-02-19,14.981555252381096,15.133619512638292,14.804313681704349,14.883835792541504,0.00657502330877846,0.006553502126366299
2021-02-22,14.732518363727369,15.089994124865994,14.284053959471905,14.314716339111328,-0.03823741818727733,-0.038987655228157864
2021-02-23,14.035018027091663,14.19805147445636,13.351228116185384,14.101577758789062,-0.014889472852488095,-0.015001433803110658
2021-02-24,14.082382854481477,14.465285082228274,13.716680430519219,14.45755672454834,0.0252439104225346,0.024930545669889854
2021-02-25,14.005354056686674,14.3336633080336,13.178474888234955,13.269463539123535,-0.0821780061500621,-0.08575181364548815
2021-02-26,13.713192095526345,13.814900794289937,13.322811562682315,13.675301551818848,0.030584357197165124,0.030125978451330908
2021-03-01,13.83534082862855,13.885198102885361,13.514510804567648,13.802186012268066,0.009278366547781358,0.009235586918013228
2021-03-02,13.860270705346387,13.880712294925438,13.357711524851588,13.367932319641113,-0.03146267498793065,-0.03196825788743167
2021-03-03,13.387876896937527,13.413054212607022,12.762169821894238,12.768153190612793,-0.04486700820194023,-0.045904689769673754
2021-03-04,12.764160832619908,12.937913367179982,12.049210257649234,12.334891319274902,-0.033933010112725426,-0.03452209946466633
2021-03-05,12.514128448535434,12.514128448535434,11.645866892554002,12.425881385803223,0.007376641120958816,0.0073495667675112005
2021-03-08,12.414410543445083,12.435599570485776,11.533435996099383,11.560110092163086,-0.06967483969622423,-0.07222111920757349
2021-03-09,12.09975442063535,12.585031142216502,12.028932816334903,12.488774299621582,0.08033350894193148,0.07726979804167139
2021-03-10,12.808216705140989,12.947365643867661,12.426180209828113,12.43690299987793,-0.0041534339959385935,-0.0041620834612146225
2021-03-11,12.917442013123948,13.01345056221535,12.702483926792517,12.960832595825195,0.042127014736097035,0.04126383104277453
2021-03-12,12.616450011981625,12.856345807578716,12.55834698640387,12.823678016662598,-0.010582235218960845,-0.010638625244566019
2021-03-15,12.832405805122997,13.17354596831994,12.735151088409987,13.158084869384766,0.02607729641118972,0.025743081543579384
2021-03-16,13.322917915939444,13.478525827859501,13.083770801871202,13.257832527160645,0.007580712449116733,0.00755212324196371
2021-03-17,13.006967363859617,13.419427631953024,12.956843642184772,13.307709693908691,0.003762090571431287,0.0037550316074659884
2021-03-18,13.103473263809228,13.15085349936061,12.685027598463575,12.690513610839844,-0.04637883582261759,-0.047488788939374686
2021-03-19,12.717948335324834,12.889017414487567,12.580794180787498,12.813457489013672,0.009687856767973013,0.009641230381561785
2021-03-22,12.880285290303775,13.360823620782522,12.874299857877881,13.153097152709961,0.026506480704953983,0.026161270856779537
2021-03-23,13.220928454072864,13.310951581234148,12.988514412800267,13.037890434265137,-0.008758904241887078,-0.008797488915177688
2021-03-24,13.11818512863964,13.126165388010351,12.604979014868762,12.611212730407715,-0.03272597710562608,-0.03327344942730001
2021-03-25,12.468074080612768,12.682782915136395,12.241146098262075,12.50373363494873,-0.008522502772460139,-0.008559026965626706
2021-03-26,12.522935565816912,12.823927099731126,12.342390872874107,12.80696964263916,0.02425163687451448,0.02396223556366842
2021-03-29,12.788019583374783,13.029661010785414,12.668072141761849,12.915698051452637,0.008489784222762475,0.008453948685823881
2021-03-30,12.809715674519502,12.942630924656342,12.673060003954117,12.839390754699707,-0.0059081047303012335,-0.005925626629282215
2021-03-31,12.98277686105414,13.436632836630071,12.949859836344844,13.314690589904785,0.037018877631020075,0.036350133161755956
2021-04-01,13.538129196852404,13.835130162239196,13.477281731340076,13.777027130126953,0.03472379152187832,0.03413452300690224
2021-04-05,13.832635263043771,13.97876657407877,13.698472914587166,13.952333450317383,0.01272453908485649,0.012644262409280654
2021-04-06,13.964551469176358,14.018914070443666,13.73887061935649,13.826648712158203,-0.009008151834008826,-0.009048970552791807
2021-04-07,13.845852528976325,14.207690603431818,13.67702849951117,14.107942581176758,0.020344327455951383,0.02014014626745012
2021-04-08,14.216918348018499,14.435118400784658,14.213176976612907,14.281006813049316,0.01226714886857172,0.012192517123821748
2021-04-09,14.178264931921397,14.371777448243606,14.139363421566275,14.363797187805176,0.005797236556193575,0.0057804972436944
2021-04-12,14.253824546574181,15.313902572730411,14.10370261858076,15.17076301574707,0.05618053620438235,0.05465913298643463
2021-04-13,15.193206795688422,15.660529096417902,15.087722573627937,15.640080451965332,0.03093565140600485,0.030466789319791066
2021-04-14,15.585716806366602,15.6809766998769,15.189216132761569,15.238592147827148,-0.0256704756328624,-0.02600571185166686
2021-04-15,15.623122755169474,16.17348576432492,15.592200556342737,16.0966796875,0.056310158533589005,0.054781852892081755
2021-04-16,16.0126405831472,16.125108122447834,15.82536274319291,15.8724946975708,-0.01392740579308982,-0.01402530213338735
2021-04-19,15.497439688816309,15.767758276852438,15.194702542617696,15.323128700256348,-0.03461119425659853,-0.03522435128246952
2021-04-20,15.284725469092292,15.458038566239265,14.925381656950178,15.133108139038086,-0.012400898337105448,-0.01247843112787448
2021-04-21,15.08074025890028,15.323878028896175,15.064282220242037,15.321883201599121,0.012474308702920212,0.01239714555605608
2021-04-22,15.336344329965497,15.399685082246794,14.746331191725861,14.81291389465332,-0.03321845625952036,-0.03378272038417862
2021-04-23,14.896702404932322,15.296445004947893,14.862788442781444,15.2268705368042,0.027945659111695553,0.027562304849504393
2021-04-26,15.146823331502622,15.440083849597968,15.08697376083181,15.439085960388184,0.013936903388719779,0.013840677777996024
2021-04-27,15.539334614946952,15.63110332965213,15.31589778572029,15.343079566955566,-0.006218398788564228,-0.006237813558010214
2021-04-28,15.325871147226541,15.49319975361543,15.177245590486669,15.238341331481934,-0.006826415454379009,-0.006849822011095741
2021-04-29,15.361280071833985,15.397688278646893,15.03360621051782,15.286219596862793,0.003141960423339807,0.003137034780442019
2021-04-30,15.136350655609169,15.326371032074357,14.95929618068849,14.97176456451416,-0.02057114451065256,-0.020785677732830014
2021-05-03,15.08697327520045,15.208417054015928,14.7503221859339,14.799448013305664,-0.011509435007875934,-0.01157618118977979
2021-05-04,14.600450555269253,14.600699789762439,13.975027035475872,14.315169334411621,-0.03272275279852632,-0.03327011603712359
2021-05-05,14.672020570032824,14.776258621126953,14.35132901002754,14.422150611877441,0.007473280613499389,0.007445494004147753
2021-05-06,14.458809043562871,14.534618194500736,14.182256705395886,14.486489295959473,0.004461101940583356,0.0044511807207599985
2021-05-07,14.77102236151806,14.933113264389581,14.634865165982426,14.775012016296387,0.019916676459174054,0.019720934213482907
2021-05-10,14.750071681096927,14.76877473037972,14.214172860878566,14.229883193969727,-0.03689532175847976,-0.037593172944486705
2021-05-11,13.790242830465013,14.318660873982997,13.715431575761658,14.270282745361328,0.002839064161027194,0.002835041630055783
2021-05-12,13.974277782332045,14.224397903406471,13.674783549250568,13.723909378051758,-0.038287494162452584,-0.03903972346185435
2021-05-13,13.998466030075901,14.04534874580516,13.425161115583645,13.630892753601074,-0.0067777061104354885,-0.0068007790741040925
2021-05-14,13.855080192512533,14.291978764788404,13.713935458707894,14.207192420959473,0.042278937834511865,0.04140960216619364
2021-05-17,14.121407897860808,14.13362704722991,13.818671694394718,14.129886627197266,-0.005441313911407342,-0.005456171782017913
2021-05-18,14.231133153637117,14.368038055729718,13.968793845011385,13.980514526367188,-0.010571358763952543,-0.010627632521760105
2021-05-19,13.532393535433826,14.044104340700125,13.50920235882469,14.030388832092285,0.0035674156077041275,0.0035610674737866555
2021-05-20,14.266541704450896,14.646833580285021,14.234622566942482,14.575762748718262,0.038870905372096365,0.038134455477531096
2021-05-21,15.125627113969413,15.183731096129877,14.832117340430838,14.954059600830078,0.02595382887561626,0.02562274464010751
2021-05-24,15.1742545652697,15.705416097601091,15.137846351089925,15.57275104522705,0.04137280851566416,0.040539850896523594
2021-05-25,15.726364404401615,15.778732192206977,15.443577398975853,15.60841178894043,0.0022899450206204097,0.0022873270923677845
2021-05-26,15.69469424475512,15.754044403313245,15.547066551912085,15.660530090332031,0.003339116246825924,0.003333553777220013
2021-05-27,15.66027906156566,15.710402780852254,15.42113191055747,15.449061393737793,-0.013503291100266601,-0.01359528966316331
2021-05-28,15.462031299114846,16.236578947504775,15.462031299114846,16.20366096496582,0.048844363550390346,0.047688951915238524
2021-06-01,16.229094980518518,16.347047573880385,15.863266335432474,16.223608016967773,0.0012310213133366332,0.0012302642278615623
2021-06-02,16.211390186002433,16.876214600887355,16.194681963051526,16.736066818237305,0.03158722774450462,0.031098613932998783
2021-06-03,16.658761189100893,17.215608058599543,16.54130706968029,16.92708396911621,0.011413503121937563,0.011348860496056068
2021-06-04,17.06948062344339,17.61660182614419,17.05252506393666,17.534061431884766,0.03585835953056038,0.035230415890606416
2021-06-07,17.527078500823215,17.767721108576737,17.14953002820666,17.57470703125,0.0023180938154649944,0.0023154111809288364
2021-06-08,17.483185585690848,17.57719836078649,17.207629259933416,17.41311264038086,-0.009194713208123817,-0.009237245499177833
2021-06-09,17.475716134562592,17.53483058843353,17.216310173340066,17.318574905395508,-0.005429111781320439,-0.005443902968317021
2021-06-10,17.31035015277787,17.45202583585592,17.13674801084878,17.385177612304688,0.0038457383054324445,0.003838362358468646
2021-06-11,17.439552830587203,17.898253261934265,17.40388509556701,17.784513473510742,0.022969904024645604,0.022710067205985222
2021-06-14,17.865076259269316,17.998270294606797,17.622382309836595,17.977567672729492,0.01085518586191836,0.010796691264295643
2021-06-15,17.874054743695652,17.975073024219547,17.687481873167364,17.74784278869629,-0.012778418538881509,-0.012860764784394269
2021-06-16,17.750088435017112,17.913713159463825,17.544308692765206,17.769542694091797,0.001222678477258654,0.0012219316146491821
2021-06-17,17.733876709616816,18.791952156008932,17.715668906709517,18.614608764648438,0.04755699598491181,0.046460782775350214
2021-06-18,18.74106970383863,19.330718581922177,18.54152604115206,18.59615135192871,-0.0009915552324032406,-0.0009920471484942263
2021-06-21,18.393120605009667,18.49414082431992,17.782021067546644,18.38513946533203,-0.011347072983184492,-0.011411942199830266
2021-06-22,18.42928050020568,18.920405816851837,18.34397521012506,18.84358024597168,0.024935398586674262,0.02462958483506598
2021-06-23,18.964302672722702,19.108971696291004,18.864530866710464,19.013689041137695,0.009027413736961254,0.008986910216430433
2021-06-24,19.18380992868427,19.37561988275195,19.04462715758127,19.161609649658203,0.00777969010645263,0.00774958435882411
2021-06-25,19.236435003149623,19.30128697907614,18.851317522351227,18.987504959106445,-0.009086120306957768,-0.009127650857201028
2021-06-28,19.31699836660214,20.03285915279017,19.274845251778927,19.93932342529297,0.050128675054277094,0.048912704331819705
2021-06-29,19.8370606251026,20.052815878812567,19.612075871754318,19.980981826782227,0.002089258527017801,0.002087079061538069
2021-06-30,19.95354441508654,20.116421295455844,19.81835413049353,19.956787109375,-0.0012108873135951992,-0.0012116210299967063
2021-07-01,20.079002860645495,20.409245712086076,19.973244233081605,20.165803909301758,0.010473469440808403,0.01041900263395225
2021-07-02,20.39353374130317,20.458385715167392,20.241382131269432,20.440176010131836,0.013605810215357783,0.013514082265030035
2021-07-06,20.690105954402014,20.794366948413263,20.30374197663126,20.651195526123047,0.010323762177322449,0.010270836097085057
2021-07-07,20.805837070095645,20.827287563769445,20.285529389265694,20.32518768310547,-0.015786390797820404,-0.01591232296634475
2021-07-08,19.81111987540912,20.086986749821186,19.655725557948074,19.857263565063477,-0.023021884242226953,-0.023291026619321434
2021-07-09,19.91687611559388,20.03435717009147,19.709102017056413,20.004425048828125,0.007410964923866059,0.007383638649636726
2021-07-12,20.193741842138916,20.485822176822126,20.141611349333026,20.465620040893555,0.023054648705959524,0.022792905587615864
2021-07-13,20.35387740282785,20.41448952793503,20.068033125156855,20.20372200012207,-0.012796975622931028,-0.01287956224467226
2021-07-14,20.311222848316984,20.371085187091623,19.7076060162833,19.796152114868164,-0.02017300996575999,-0.020379263684065247
2021-07-15,19.766471657258307,19.801640805909646,18.815399378990502,18.922903060913086,-0.044112060206852655,-0.0451145905908726
2021-07-16,18.987009407333584,19.113219490789987,18.031697155658193,18.119495391845703,-0.04245689292394528,-0.043384538495760044
2021-07-19,17.874307343819012,18.99848131527796,17.82466976343855,18.736831665039062,0.03407027954383213,0.03350274238753222
2021-07-20,18.687192164183777,18.794945132479892,18.122485771322793,18.569461822509766,-0.008932665112298066,-0.00897280055505142
2021-07-21,18.838847442192375,19.48237382941793,18.699168004217075,19.36564064025879,0.04287570772696814,0.04198200087054911
2021-07-22,19.597109765716453,19.841548769491073,19.2319451068273,19.549219131469727,0.009479598151238111,0.009434948711395183
2021-07-23,19.611075532676935,19.654975593030052,19.20600332552339,19.5132999420166,-0.0018373720817985717,-0.0018390621203524433
2021-07-26,19.26686979543014,19.397569038478153,18.870775787687926,19.249908447265625,-0.013498049819028024,-0.013589976652721599
2021-07-27,19.220971495871236,19.577155964444557,18.69816886887377,19.16410255432129,-0.004457470183788059,-0.004467434324940799
2021-07-28,19.274842265866965,19.601094497910577,18.951583435446086,19.45842170715332,0.015357836454787055,0.01524109859454249
2021-07-29,19.4743906867944,19.807628906073607,19.283827210408294,19.6170654296875,0.0081529594188956,0.008119903592253449
2021-07-30,19.37362299502884,19.585138401380597,19.218978436987207,19.454439163208008,-0.008290040478397986,-0.00832459396300187
2021-08-02,19.654973822672737,19.91537695317592,19.316747951416353,19.704858779907227,0.01287210670008987,0.012789965272485444
2021-08-03,19.6948831028393,20.175781820042896,19.176071129798512,19.769712448120117,0.003291252626434593,0.0032858483092445797
2021-08-04,19.944317380841728,20.27156883485217,19.782686938684932,20.22766876220703,0.023164540975934234,0.02290031565456714
2021-08-05,20.45314818824978,20.685615479502886,20.295508346135612,20.589834213256836,0.01790445825998832,0.017746061327051168
2021-08-06,20.477094039344426,20.522988437706402,20.163810582897227,20.319454193115234,-0.013131724002300005,-0.013218707423991744
2021-08-09,20.399273064432922,20.46113164731858,20.096966025159155,20.248619079589844,-0.00348607363427067,-0.0034921641477343945
2021-08-10,20.275555576217656,20.38330854964685,19.789667174813598,19.890438079833984,-0.017689156892525926,-0.017847479873512314
2021-08-11,19.997195897643458,20.00318270372501,19.38559779435754,19.653982162475586,-0.011887919029703542,-0.011959145390729826
2021-08-12,19.82459056189546,19.98322568110956,19.57516190406229,19.85951042175293,0.010457334171684929,0.010403034477996613
2021-08-13,19.859508704764945,20.167802514416586,19.80563126679169,20.141860961914062,0.014217396812152172,0.01411727746786472
2021-08-16,20.08898032367069,20.240633343657066,19.408537969464135,19.904403686523438,-0.011789242108245612,-0.011859286279050738
2021-08-17,19.640008912743852,19.72481563269579,19.222964992831216,19.413528442382812,-0.024661640301888554,-0.0249708325994049
2021-08-18,19.455434460739273,19.589128991914862,18.956577166874165,18.99648666381836,-0.021482018572882677,-0.02171611579250455
2021-08-19,19.449446238959755,20.44815982346293,18.719118863786036,19.75275230407715,0.03981081626526284,0.03903878916886943
2021-08-20,19.945311597000565,20.817314696928367,19.887445490471492,20.7684268951416,0.05141939591146549,0.05014105693275477
2021-08-23,20.9230685315231,21.946722537110478,20.902116621288442,21.907812118530273,0.05486141194715177,0.05340939521587585
2021-08-24,21.70328698373668,21.90881557692083,21.485784779557335,21.743194580078125,-0.007514102164173253,-0.007542475251382124
2021-08-25,21.687315779720738,22.418640181507506,21.67235067381303,22.162227630615234,0.019271917426569862,0.019088565970522487
2021-08-26,22.14926114072246,22.288940552177326,21.74019837604241,22.017562866210938,-0.006527537159868091,-0.006548934696861701
2021-08-27,22.133300012367442,22.670070557019205,22.11633866678472,22.584266662597656,0.025738715943734336,0.025413051493623818
2021-08-30,22.777822203844707,22.990334740001824,22.499460525203325,22.636146545410156,0.0022971692456332793,0.002294534786123259
2021-08-31,22.64712359993544,22.64712359993544,22.073337729589888,22.337778091430664,-0.013181062129145493,-0.013268703316460502
2021-09-01,22.437569306889998,22.64912199389681,22.30983905945331,22.393661499023438,0.0025017442363353126,0.002498620083692364
2021-09-02,22.47049726134416,22.545339807951134,22.24796811279879,22.3487548828125,-0.0020053270972634207,-0.002007340457728076
2021-09-03,22.27790249793311,22.93750730917341,22.153166206014838,22.794809341430664,0.019958805801803647,0.01976224001180437
2021-09-07,22.784833671238882,22.850694428150952,22.47448890756114,22.614194869995117,-0.0079234912093461,-0.007955048874275486
2021-09-08,22.46550856729171,22.5623040643883,21.930638074162353,22.2918758392334,-0.014252951856772778,-0.014355500757692399
2021-09-09,22.264930118963175,22.490453174173346,22.08431220635336,22.13021469116211,-0.0072520208365223215,-0.007278444567431081
2021-09-10,22.30085522288771,22.578268644590512,22.22302065137504,22.43058204650879,0.013572726678816815,0.013481442281977932
2021-09-13,22.636149664254482,22.915559708547303,21.81189184174962,22.10527229309082,-0.014502956398699474,-0.014609152291070864
2021-09-14,22.22800922879762,22.36272466695094,22.039408757377963,22.195079803466797,0.00406271902853006,0.004054488470343608
2021-09-15,22.261936936889985,22.31981514344312,21.919660118755335,22.293869018554688,0.004450951110005041,0.004441074921889423
2021-09-16,22.136204252125346,22.23000581669266,21.88074378110906,22.195079803466797,-0.004431227931126269,-0.004441074921889383
2021-09-17,22.252955607329,22.273911214791905,21.78394779506993,21.85379981994629,-0.015376380105071807,-0.015495822615156491
2021-09-20,21.101389887747473,21.38778508160045,20.618411689847797,21.06846046447754,-0.03593605514552023,-0.03659765373491949
2021-09-21,21.371824057072708,21.379806603732295,20.90581006345656,21.20118522644043,0.0062996896325990814,0.006279929532775267
2021-09-22,21.32092658519888,21.91367337565563,21.151285132509745,21.89471435546875,0.0327118093456118,0.03218816703761494
2021-09-23,22.093290867008587,22.48745799648261,21.843818289365494,22.4345703125,0.02465690797634945,0.02435783263230164
2021-09-24,22.023441631035194,22.102275447550486,21.81488289522603,22.0344181060791,-0.017836410541722914,-0.01799739645886635
2021-09-27,21.66420116567819,21.753014117831665,21.28001501008737,21.614307403564453,-0.01906611286452553,-0.01925021502575352
2021-09-28,21.169247409834707,21.37381486341932,20.607433491656852,20.655332565307617,-0.04436759505413024,-0.04538195353001481
2021-09-29,20.895826640226495,20.972663870201263,20.423822978492204,20.473718643188477,-0.008792592496146834,-0.008831475426512098
2021-09-30,20.72418878114169,21.02156047404019,20.64435762025099,20.672298431396484,0.009699253548845377,0.009652517747727745
2021-10-01,20.70622473167738,20.814994033562147,20.160377827897204,20.6982421875,0.0012550010435274928,0.0012542141879854111
2021-10-04,20.460753077045876,20.498673034779276,19.513755283024175,19.69038200378418,-0.04869303270228831,-0.04991848482123664
2021-10-05,19.907917186053545,20.604444742602162,19.812119023512988,20.407859802246094,0.0364379826823078,0.035789817704966254
2021-10-06,20.077557514740203,20.67629028663116,20.03764098150744,20.656333923339844,0.012175412978209676,0.012101888827268698
2021-10-07,21.047506715120413,21.277022990094792,20.927760913966573,21.03054428100586,0.018116010278241612,0.017953870651450047
2021-10-08,21.05648878776723,21.161266841006725,20.731176248192515,20.787057876586914,-0.011577750968568834,-0.011645294971870212
2021-10-11,20.531598501082726,21.01856804632995,20.467732425809636,20.651344299316406,-0.006528753519437047,-0.006550159049180542
2021-10-12,20.78406211740241,21.01257912959574,20.484695733535407,20.62739372253418,-0.0011597587273298737,-0.0011604317679094636
2021-10-13,20.873871281370185,20.94571989479939,20.669303819377614,20.894826889038086,0.012964951854860463,0.012881626301632403
2021-10-14,21.243092625799367,21.70910653549275,21.077442440829326,21.70012664794922,0.03854062841428041,0.037816485778001514
2021-10-15,21.763989474383635,21.88473450421562,21.616302880257262,21.815879821777344,0.005334216509702561,0.005320039968297524
2021-10-18,21.70311955926144,22.243975990824204,21.59833961734775,22.175121307373047,0.016466972156543358,0.016332861828483505
2021-10-19,22.229004834810024,22.3317881818893,21.99051062121753,22.242977142333984,0.0030599983657531027,0.0030553260997449117
2021-10-20,22.257943285656594,22.385673501988418,21.935624766758792,22.05636978149414,-0.008389495688717052,-0.008424885582249549
2021-10-21,22.050384685989254,22.663089722334,22.03641428104515,22.644128799438477,0.026648039716739014,0.026299165019738363
2021-10-22,22.77485412154464,23.081205703653463,22.51340768666048,22.678058624267578,0.00149839391612816,0.00149727244409569
2021-10-25,22.9245366329956,23.30573075031013,22.72196575698433,23.117130279541016,0.019361077707224617,0.019176036624558235
2021-10-26,23.93839301304731,25.205714271899417,23.873529604420657,24.66485595703125,0.0669514623473828,0.06480548145116688
2021-10-27,24.422373889856782,25.03707368304749,24.23077756713748,24.39942169189453,-0.010761638567812204,-0.010819963827825883
2021-10-28,24.825522753307272,24.897371379412476,24.471272044998354,24.888389587402344,0.020040142823149365,0.019841982230734082
2021-10-29,24.94825747657164,25.654764066294884,24.94726013432384,25.513063430786133,0.025099006152651038,0.024789199294165683
2021-11-01,25.59489225344684,25.839374347203503,25.173781601491516,25.77251625061035,0.010169410683592783,0.010118050137594413
2021-11-02,25.767527357616604,26.62172056643218,25.74557250420256,26.345304489135742,0.022224769710323722,0.021981398823595327
2021-11-03,26.613737804003005,26.727497632609634,26.17965600054016,26.541889190673828,0.007461849667334652,0.007434147786601518
2021-11-04,27.171561344732318,31.298836258876868,27.060795434946982,29.738136291503906,0.12042274300328115,0.11370606320108
2021-11-05,30.123317473930538,31.333757862133087,29.347956214634998,29.68923568725586,-0.0016443735333211418,-0.0016457269994190683
2021-11-08,30.08540230696262,31.034396431529643,29.843912215673015,30.73902130126953,0.03535913234924726,0.03474835430804639
2021-11-09,32.21390301112386,32.24184382365619,29.900792011768303,30.592329025268555,-0.004772184337401675,-0.004783607566068354
2021-11-10,29.29407104741433,30.784918765255455,28.717289384564676,29.396852493286133,-0.03907765672221253,-0.0398616815207241
2021-11-11,30.40372414895419,30.525466515020483,29.714181919765508,30.32588768005371,0.031603219663729476,0.03111411605908246
2021-11-12,29.946690177606644,30.615276800423047,29.567490771834745,30.32588768005371,0.0,0.0
2021-11-15,30.487551019532958,30.57935600274197,29.185303594652737,29.96166229248047,-0.012010378440226344,-0.012083085783598041
2021-11-16,29.69622055809208,30.325888001469504,29.64333096717068,30.1392822265625,0.005928240307501609,0.005910737431035915
2021-11-17,30.353834961540993,30.444644511844263,28.7392479710532,29.199275970458984,-0.031188740628835032,-0.031685464833946755
2021-11-18,32.2987206204707,32.690889311922675,31.25492578342417,31.608179092407227,0.08249872785836665,0.07927200570524148
2021-11-19,32.17497397590366,33.018192418976476,31.837687740669246,32.915409088134766,0.04135733323662283,0.04052499032603356
2021-11-22,33.446291928728265,34.573909183585116,31.832704423703742,31.888586044311523,-0.03119581594972154,-0.03169276795584389
2021-11-23,31.468474145181016,32.29173450046671,30.814855236904044,31.67902946472168,-0.006571523092891329,-0.006593210616360757
2021-11-24,31.394627899499515,32.7856861116592,30.862751413189365,32.60506820678711,0.02923191643534029,0.028812811861199782
2021-11-26,32.53122455866597,32.64099310849513,31.283863498749785,31.436540603637695,-0.035838833267834436,-0.03649681293870334
2021-11-29,32.29772388938831,33.34151493953768,31.968418209027394,33.30559158325195,0.05945472827878451,0.05775436848699243
2021-11-30,33.099027131565556,33.2826408933307,31.796781690175454,32.6070671081543,-0.020973189242160628,-0.021196250965693848
2021-12-01,33.152982981954075,33.222843560767245,31.317635170167748,31.372526168823242,-0.03786114633481785,-0.03859650020293846
2021-12-02,31.151974015201976,32.41346220538605,30.963348504030208,32.06216049194336,0.021982110060535964,0.02174398679516625
2021-12-03,31.936407545327572,32.06515280246205,30.070122891831872,30.63200569152832,-0.044605690273879395,-0.04563113395135914
2021-12-06,29.82061499149107,30.18089759304379,27.982276767077416,29.977304458618164,-0.021373110187532407,-0.021604822666417563
2021-12-07,30.89547307149783,32.384508270203064,30.590079592743436,32.362548828125,0.07956834053573836,0.0765612765517825
2021-12-08,31.93540523035622,32.225827257844415,31.358552936375865,31.76274871826172,-0.01853377226400721,-0.018707674684931064
2021-12-09,31.670934405890446,32.1410009631348,30.367530057984055,30.429407119750977,-0.04197815530191029,-0.04288469887240622
2021-12-10,31.088094881745874,31.242787533822337,29.801656967245915,30.13798713684082,-0.00957691951615458,-0.00962307311913835
2021-12-13,30.188885561534377,30.233796207467403,28.060123228578693,28.10503387451172,-0.06745484537831026,-0.06983770544973246
2021-12-14,27.643945385119483,28.620999634166335,27.195838403139206,28.280677795410156,0.006249553787506024,0.006230106309549952
2021-12-15,28.343554547974055,30.439381173412364,27.78267125027296,30.398462295532227,0.07488450296144533,0.07221321670199973
2021-12-16,31.090091873375695,31.098075396246916,28.03717102685846,28.330585479736328,-0.06802570457979451,-0.0704500446981204
2021-12-17,27.92938285109951,28.864520919055607,27.704829638355005,27.74574851989746,-0.020643306516103466,-0.02085935808596655
2021-12-20,27.250735034271646,28.088066423723266,27.091053166532397,27.663911819458008,-0.0029495221720461373,-0.0029538805848344112
2021-12-21,28.31761057753916,29.062128280070525,27.34654282285214,29.0172176361084,0.048919539126730305,0.04776062401930724
2021-12-22,28.83358636542172,29.49626637276533,28.39246340115357,29.34157371520996,0.01117805584150644,0.011116043068878333
2021-12-23,29.69586788446444,29.999264606574506,29.372512354498358,29.581096649169922,0.008163261326225246,0.008130122135578888
2021-12-27,29.60105678205719,31.025220962783237,29.58109607103307,30.883502960205078,0.04402833087906166,0.043086625949587884
2021-12-28,31.24977398426647,31.267737862639216,29.952356330148934,30.261741638183594,-0.02013247405330465,-0.02033789406024831
2021-12-29,30.212834501373155,30.487287570635146,29.307635630343704,29.941373825073242,-0.010586562298387947,-0.010642998613473564
2021-12-30,29.7677209545132,30.39646994729714,29.481292592153306,29.52720069885254,-0.013832803018339446,-0.013929367779719414
2021-12-31,29.61502640680273,29.97031979961117,29.272707665423898,29.352548599243164,-0.005914956225977819,-0.0059325188686418645
2022-01-03,29.75574653768631,30.64996574600368,29.725805474067663,30.061138153076172,0.024140648347356075,0.023853869087122156
2022-01-04,30.216828510864207,30.40744890598463,28.29266068276136,29.23179054260254,-0.02758869628456717,-0.027976412054635007
2022-01-05,28.891465241719928,29.357538070443287,27.478280983281813,27.54913902282715,-0.057562382890062325,-0.05928555059331442
2022-01-06,27.58506509041977,28.38147940620743,27.011209040903,28.12199592590332,0.020794003856218657,0.020580759625833542
2022-01-07,28.08507047729888,28.36551212654154,27.003223390433572,27.192846298217773,-0.033039960255086376,-0.033598108327981116
2022-01-10,26.528172253329963,27.414407928007527,25.59303417452998,27.345544815063477,0.0056153929298570215,0.005599685386230391
2022-01-11,27.268700993300914,28.009226996384303,26.785663592042308,27.76171875,0.015219076370614815,0.015104427992693525
2022-01-12,28.011221217951395,28.53817178912904,27.553133765083295,27.943357467651367,0.006542776378042792,0.006521465321820193
2022-01-13,28.322595930958233,28.42339502410445,26.445333934971337,26.52218246459961,-0.050859135474217165,-0.05219805669230846
2022-01-14,26.24773202314796,27.142950637215478,26.1579107320568,26.888456344604492,0.01381009577525405,0.013715605356551617
2022-01-18,26.207807523404064,26.585056493540822,25.718781644651294,25.851516723632812,-0.03856449056361522,-0.03932778907186269
2022-01-19,26.027173172244265,26.49024985304365,25.002213722761,25.017183303833008,-0.03227406069513428,-0.03280635234457475
2022-01-20,25.253714829631832,25.528167948115197,24.030149493539206,24.102006912231445,-0.03658191173989378,-0.03726780952101683
2022-01-21,23.460282170555125,24.77366673764392,23.216767613789905,23.327547073364258,-0.032132587202693075,-0.03266017133755746
2022-01-24,22.28561931721603,23.333531693411643,20.846485838339415,23.32554817199707,-8.568845069312214e-05,-8.56921221581495e-05
2022-01-25,22.501191486192454,22.89740375021859,21.956277081612978,22.279632568359375,-0.04483991526910158,-0.04587632455893898
2022-01-26,23.19381403507695,24.009189816429384,22.25568159985635,22.726743698120117,0.02006815545044982,0.01986944413295361
2022-01-27,23.521161726766028,23.947313152254385,21.631922323422884,21.900388717651367,-0.036360465513460394,-0.03703798118086319
2022-01-28,21.96825173742082,22.8125710384111,21.253675136018625,22.794607162475586,0.040831167718200945,0.040019593692270296
2022-01-31,23.13593032920082,24.460294791256842,23.006189511786687,24.437339782714844,0.0720667221211655,0.06958830149640229
2022-02-01,25.05411045530758,25.09502934074459,23.842522359091557,24.58903694152832,0.0062075970691692905,0.006188409304150407
2022-02-02,25.74273842128798,25.765691523974446,24.50420361965189,25.191835403442383,0.024514927662579566,0.02421925927156363
2022-02-03,24.409392542148876,25.027161828554508,23.7327404966598,23.900405883789062,-0.0512638122221476,-0.05262450871518545
2022-02-04,23.92435754479338,24.586039987928007,23.585033117362396,24.270668029785156,0.015491876907715252,0.015373102900169718
2022-02-07,24.323564396360993,25.13195412147848,24.153902167281217,24.678857803344727,0.016818233971089613,0.016678373434019306
2022-02-08,24.3105933248436,25.179862772847574,23.93234675869272,25.05810546875,0.015367310287507374,0.015250429086889606
2022-02-09,25.571080056956752,26.671888658006182,25.30261555051223,26.651927947998047,0.06360506708041846,0.06166414446001512
2022-02-10,25.943341891805627,26.871492136649884,25.54912640450638,25.772680282592773,-0.03299002110169358,-0.03354646414226728
2022-02-11,25.864493128365556,26.100024146681793,23.72575262390276,23.90140151977539,-0.07260706850429022,-0.07537792890447026
2022-02-14,23.886436378110282,24.825566329350934,23.707791249016562,24.218774795532227,0.01327843789805594,0.01319105215568532
2022-02-15,24.899415754979135,26.4922445340871,24.734744665885565,26.442344665527344,0.09181182321433168,0.08783853940958937
2022-02-16,26.206811119026813,26.52916911213145,25.50121554773695,26.458309173583984,0.0006037478241274208,0.0006035656417343123
2022-02-17,25.579061218859415,25.73375385180885,24.116974561523147,24.458293914794922,-0.07559119691540539,-0.07860087760194723
2022-02-18,24.61897658197623,24.936345412834687,23.054093778189063,23.595016479492188,-0.03529589751068185,-0.035933854208350165
2022-02-22,22.98922136037415,24.01617571252817,22.9542910697266,23.343515396118164,-0.010659076402536827,-0.010716291292544386
2022-02-23,23.754697128771827,24.106996233636202,22.25668069011676,22.34250831604004,-0.04288159101540401,-0.04382816583653176
2022-02-24,20.973233676940158,23.752698549006187,20.8484821049316,23.700801849365234,0.06079413797733957,0.05901781439473121
2022-02-25,23.673862926506747,24.16887567421331,23.334538413225722,24.10899543762207,0.017222775450855377,0.017076144652225643
2022-02-28,23.94432345302833,24.61598639619211,23.659889959965014,24.3365421295166,0.009438248577518182,0.009393986595187524
2022-03-01,24.24272310643019,24.328552626962264,23.086026170341224,23.430339813232422,-0.0372362807937735,-0.037947256369198296
2022-03-02,23.71282974706903,24.3646429560286,23.372449827907296,24.17598533630371,0.03182393123680516,0.03132804323729284
2022-03-03,24.217910588033938,24.281795369595773,23.426352346873195,23.670907974243164,-0.020891697071891424,-0.021113016494541496
2022-03-04,23.341503399554565,23.63696498590784,22.441142240714978,22.894317626953125,-0.03280779715484783,-0.03335804128853994
2022-03-07,22.775536020572545,22.99114500980663,21.291238708054614,21.31319808959961,-0.06906165814228449,-0.07156223176319909
2022-03-08,21.270273834836342,22.33233933851528,20.61247108080546,21.47490119934082,0.007586994174286765,0.007558357686024525
2022-03-09,22.34631612059236,23.17780252535281,22.206571146307404,22.972177505493164,0.06972215109414814,0.06739894287860801
2022-03-10,22.49005319391326,22.746586101874037,21.842232493155823,22.616823196411133,-0.015468899672094971,-0.015589791429431048
2022-03-11,22.980162727551132,23.102940302954398,22.00593652699091,22.059839248657227,-0.024626975367711634,-0.02493529178649016
2022-03-14,21.829256910095523,22.221542360192014,21.1205481082041,21.291236877441406,-0.03484170317617363,-0.03546315293653327
2022-03-15,21.478895723800314,22.996133936687787,21.283252760840114,22.931251525878906,0.07702768316739439,0.07420510180620782
2022-03-16,23.45729621187765,24.55230288455294,23.129893131130434,24.451486587524414,0.06629533760640394,0.06419033953539524
2022-03-17,24.07616897857947,24.796855148357576,23.86255716757979,24.72099494934082,0.011022166723961613,0.010961865340961897
2022-03-18,24.753936346817458,26.520720452738885,24.57925510917665,26.404930114746094,0.06811761293815466,0.06589785894867593
2022-03-21,26.45882851334558,27.102656804840144,25.919808947289926,26.685415267944336,0.01062245391218064,0.010566432026016854
2022-03-22,26.678431698352043,27.188504706921723,26.02462316522588,26.475801467895508,-0.007854994870573506,-0.007886007854087695
2022-03-23,26.078522194510693,26.563639075959117,25.528524804569468,25.587417602539062,-0.03355455986606104,-0.03413043290084694
2022-03-24,26.11845243644843,28.268537593719053,25.85992230529742,28.098846435546875,0.09815092996170893,0.09362779262223873
2022-03-25,27.835317882757526,28.306460161660837,27.221435851501475,27.64167022705078,-0.016270283890292947,-0.01640409841129872
2022-03-28,27.705560928979263,28.198662689661013,27.15655927410769,28.1677188873291,0.01903100123680357,0.018852176973889804
2022-03-29,28.64285057154714,28.89339386605595,27.929149831104116,28.60392189025879,0.015485918638797225,0.01536723551064817
2022-03-30,28.252561491091658,28.44421198896582,27.45301662520504,27.639677047729492,-0.03371023198247769,-0.034291522858847116
2022-03-31,27.731507065559907,28.19665973571714,27.220438470476218,27.236408233642578,-0.014590214400498569,-0.01469769833552441
2022-04-01,27.325255103953427,27.446035516360155,26.21926872094607,26.66345977783203,-0.021036123812494423,-0.021260535817276726
2022-04-04,26.679424670623536,27.507916136883054,26.564633902248794,27.31027603149414,0.024258526802282132,0.023968962333093192
2022-04-05,27.20446853162703,27.269350934287917,25.773074655335627,25.883872985839844,-0.05222953601821423,-0.05364293264598507
2022-04-06,24.888688841537608,25.25402295327637,23.95938093983907,24.362646102905273,-0.05877122344738672,-0.06056904827352118
2022-04-07,24.396581634228397,24.67707109021869,23.435332416882506,24.164005279541016,-0.008153499522392638,-0.008186921092101016
2022-04-08,23.873532530332007,23.879522143654725,23.020086883249657,23.076982498168945,-0.044985207079573875,-0.04602844865234254
2022-04-11,22.173627848560624,22.27943419352608,21.620633863364553,21.877166748046875,-0.05199188196365234,-0.053392213434299694
2022-04-12,22.496043695875855,22.68370176540481,21.243323367316314,21.464920043945312,-0.01884369712263434,-0.019023501958254422
2022-04-13,21.68851577144071,22.45911222680707,21.416011160562284,22.16265106201172,0.032505642538520396,0.03198851076646715
2022-04-14,22.46409755288005,22.73560447190071,21.124537508973223,21.219364166259766,-0.042562006373362604,-0.04349431863874352
2022-04-18,21.161473248993577,22.047858038582817,21.040692857198728,21.7434139251709,0.024696770120209655,0.02439673479378921
2022-04-19,21.680529426574587,22.332342663985674,21.275267078378064,22.15766143798828,0.019051631645472078,0.018872421892654492
2022-04-20,22.476079663374364,22.628801491972297,21.161473633865274,21.442960739135742,-0.03225524051140238,-0.03278690468903109
2022-04-21,21.66954403745964,22.35130326457004,19.963650470316455,20.146318435668945,-0.06046936891043608,-0.06237485705226499
2022-04-22,20.26610219786414,20.448770189585975,19.46456201839812,19.479534149169922,-0.03309707868602363,-0.03365718017754235
2022-04-25,19.167108284690865,19.908758232062286,19.061301899372523,19.86583709716797,0.01983122106718893,0.019637144062613035
2022-04-26,19.682164872038474,19.752037349254017,18.63606917460008,18.753854751586914,-0.055974603040491844,-0.0576022096397296
2022-04-27,18.56420258895358,19.13216882446557,18.25676363846258,18.38153648376465,-0.019852892792121102,-0.02005260918701267
2022-04-28,18.932530442416695,20.000587537213033,18.45639800746317,19.746049880981445,0.07423282588057822,0.0716067564663533
2022-04-29,19.366737920929154,20.091418271941166,18.483346151251226,18.51329231262207,-0.062430591221523946,-0.06446448784772835
2022-05-02,18.507301859903563,19.538423409579117,18.357574867606576,19.497499465942383,0.0531621894528882,0.05179724736215995
2022-05-03,19.364739395345126,19.788968084316135,19.09822447980406,19.56637191772461,0.0035323735693661984,0.0035261493909584402
2022-05-04,19.886794272202142,20.36292670436252,18.716923264105464,20.297046661376953,0.03734339440775147,0.03666301658019555
2022-05-05,19.83090100109151,19.88879427114173,18.466384346542295,18.80975914001465,-0.07327605568313789,-0.07609955246186893
2022-05-06,18.701949838466604,19.47653863115754,17.957305306226015,18.64105987548828,-0.008968709448675893,-0.009009170426781508
2022-05-09,18.001228764705814,18.22182592676912,16.796421410513055,16.919198989868164,-0.09236925888984704,-0.09691765588082214
2022-05-10,17.656853560798723,18.164929349233372,16.994060667065273,17.563024520874023,0.038052955780673026,0.03734680057211019
2022-05-11,17.315477156303142,17.7207395102495,16.537893425141622,16.59977912902832,-0.054845074702302266,-0.05640642281146823
2022-05-12,16.189520014782023,16.757486037282103,15.538705623241645,16.145599365234375,-0.02736059078037445,-0.027741862380714934
2022-05-13,16.757491408122753,17.895419085973305,16.56284608468857,17.6738224029541,0.09465260490795924,0.09043705714038078
2022-05-16,17.477181558942796,17.75567386028926,17.074914055272394,17.23262596130371,-0.024963272323968,-0.02528013928244946
2022-05-17,18.041155115290533,18.337616286711448,17.601956059390577,18.14396858215332,0.052884721277886015,0.051533750689608346
2022-05-18,17.67282130331116,18.085070787489677,16.833350206512566,16.907215118408203,-0.06816333803408403,-0.07059773505694597
2022-05-19,16.906219819291394,17.654856806883604,16.703587720835515,17.092880249023438,0.010981414107228415,0.010921556196977133
2022-05-20,17.30050299605302,17.378360361940025,15.726368287812404,16.66366195678711,-0.025110940109748348,-0.025431599186210154
2022-05-23,16.244423998494888,16.884259799237338,16.149597335733432,16.867290496826172,0.012219915440382811,0.012145855004779164
2022-05-24,16.480001178952342,16.566842991335037,15.75132711072321,16.12464714050293,-0.04402861007599179,-0.045027293236285106
2022-05-25,15.990890166789026,17.079907290972063,15.970926052291802,16.944154739379883,0.050823288828346636,0.0495739415341163
2022-05-26,16.006857468643506,18.059120906414734,15.992882971425454,17.818559646606445,0.05160510634350857,0.050317669646802246
2022-05-27,18.152951232834447,18.846687898146087,18.06710707974636,18.77681541442871,0.05377852008396,0.052382295290525384
2022-05-31,18.945510037673294,19.165111483176826,18.3166556798284,18.638071060180664,-0.007389131286950401,-0.00741656614761061
2022-06-01,18.68997592200463,19.018376635802273,18.089068680481994,18.28670883178711,-0.018851855820220753,-0.01903181738310982
2022-06-02,18.258754262823782,19.583342116528346,18.164925244103703,19.5563907623291,0.06943195422540716,0.0671276236035735
2022-06-03,19.047321460231885,19.296867114895196,18.48833782299085,18.685977935791016,-0.04450784590655332,-0.045528726645363574
2022-06-06,19.10421880079085,19.301858931419297,18.53026298173821,18.751859664916992,0.0035257308636647,0.003519530045273479
2022-06-07,18.43842998315099,18.965470299087695,18.154945715304475,18.891605377197266,0.007452365513470838,0.007424733833598031
2022-06-08,18.768800398425874,19.14918886431723,18.505224558437913,18.618043899536133,-0.014480583952453774,-0.014586450860915737
2022-06-09,18.45131169043326,18.902585229950912,18.012018004898287,18.019006729125977,-0.0321750863647432,-0.03270408240903986
2022-06-10,17.571733237446892,17.668577568814857,16.841906388728386,16.946739196777344,-0.05950758265800615,-0.06135169264251227
2022-06-13,15.974298882999761,16.28579798543527,15.580931719685918,15.621866226196289,-0.07817863691635718,-0.08140382356435831
2022-06-14,15.705732201117623,16.040194149141445,15.387244347607172,15.810564041137695,0.012079082755489079,0.012006712827416565
2022-06-15,16.06914487895743,16.84090387526414,15.900416682083067,16.500452041625977,0.04363462294534548,0.04270945018214668
2022-06-16,15.834522958828355,15.916391969438846,15.376260638736387,15.575939178466797,-0.05602954760432588,-0.05766041375481631
2022-06-17,15.622863557257194,15.969306274754233,15.303377894797796,15.854491233825684,0.017883483760900543,0.017725455547190128
2022-06-21,16.44853713036233,16.980680030237714,16.380645564342693,16.539390563964844,0.04319907337536777,0.042292023937717166
2022-06-22,16.199933739530884,16.63523415441029,16.15400810802624,16.33371925354004,-0.012435241167404909,-0.01251320579238693
2022-06-23,16.492464841611433,16.558358811416724,15.827535215459164,16.198938369750977,-0.008251695875074572,-0.00828592957158917
2022-06-24,16.473495860765993,17.112467212054863,16.2838005267453,17.09848976135254,0.05553150281016794,0.05404443419923259
2022-06-27,17.28419291089453,17.302163648044232,16.599293974290056,16.841903686523438,-0.015006358948090215,-0.015120093615750002
2022-06-28,16.872854081714543,17.17436904148227,15.919388121687373,15.956329345703125,-0.052581605815079646,-0.05401447324406143
2022-06-29,15.788597926333088,15.794587854289764,15.145632337338009,15.517034530639648,-0.027531069680620135,-0.027917152257599227
2022-06-30,15.336324452753491,15.54199386594336,14.838126440244391,15.134649276733398,-0.02464293374814619,-0.024951653230351086
2022-07-01,14.875065447941074,15.038801545913467,14.36887995608299,14.499669075012207,-0.04195539586750452,-0.042860942457882356
2022-07-05,14.152230235873315,14.946951112194402,14.032423111650445,14.939962387084961,0.030365749024681365,0.029913835350298363
2022-07-06,14.985888603236944,15.29439224990289,14.765242940869179,15.105695724487305,0.011093290137437872,0.011032210892462683
2022-07-07,15.431174346701193,15.919388265162539,15.364281576027004,15.832528114318848,0.04811644581542196,0.04699469214561855
2022-07-08,15.405213591913181,16.011238859044735,15.36427908858629,15.8125581741333,-0.0012613235259305577,-0.0012621196639779377
2022-07-11,15.501061520744424,15.502060318211557,15.013845450277405,15.127662658691406,-0.043313391033860005,-0.044279413504641076
2022-07-12,15.243473723701138,15.406211993432294,14.853102016672706,15.057772636413574,-0.004620014595425825,-0.004630719847864216
2022-07-13,14.56656528451449,15.350304243121299,14.4417660630257,15.139642715454102,0.005437064366514921,0.00542233689075728
2022-07-14,15.083731337790685,15.448144798089075,14.704341629701336,15.347307205200195,0.013716604390810128,0.013623383257081829
2022-07-15,15.633847697054403,15.75664931750774,15.420190739657972,15.736681938171387,0.02537088283730049,0.025054384057621674
2022-07-18,16.275815455198785,16.86985906904583,15.976298082766748,16.075138092041016,0.021507466135453734,0.021279444240952232
2022-07-19,16.459518688005346,17.08251690860308,16.146023887163786,16.964706420898438,0.05533814538724591,0.05386123252817919
2022-07-20,16.919775651092362,17.904191732344817,16.77401028715721,17.778392791748047,0.047963480809031234,0.046848738735427164
2022-07-21,17.856271659241287,18.11485450174296,17.516817646879083,18.021005630493164,0.01364650008507673,0.013554225141688914
2022-07-22,17.864258981512034,17.93813952472273,17.109472790103464,17.291181564331055,-0.0404985205113737,-0.04134142159849328
2022-07-25,16.991657662023613,17.09649042421537,16.622253142459385,16.99665069580078,-0.01703358833139801,-0.01718032862668405
2022-07-26,16.86187210310339,16.89182460135965,16.451532969702946,16.506444931030273,-0.02884131547703217,-0.029265400229467765
2022-07-27,17.004639434525583,17.907188485590435,16.885831113737122,17.761423110961914,0.07602958633281598,0.07327795795340473
2022-07-28,17.946128040860202,18.11086201941648,17.41198753684129,17.95511245727539,0.010905057838182852,0.010846026467547376
2022-07-29,17.784385247533635,18.21469265324764,17.663579330275038,18.13382339477539,0.00995320624837337,0.009903999332724686
2022-08-01,18.15279410603998,18.815729008879483,17.96110307249906,18.411378860473633,0.015305953943403283,0.015189999528670155
2022-08-02,18.09289023442921,18.907579472181585,18.062937738115096,18.496240615844727,0.004609201516855288,0.0045986116755507
2022-08-03,18.154787385684635,18.93752828432932,18.107862007683355,18.862648010253906,0.019809830657982364,0.01961616938259347
2022-08-04,18.818725984317854,19.243042594792605,18.72986823383553,19.18413734436035,0.01704370107164599,0.016900086715137614
2022-08-05,18.7797827890261,19.19811032548753,18.636015011697438,18.95849609375,-0.011761865887427225,-0.01183158384674309
2022-08-08,17.473886632127186,18.2097022715193,17.214304052200333,17.76441764831543,-0.06298381683493448,-0.0650547256387892
2022-08-09,17.22429317852499,17.418979693475674,16.697141296460867,17.05855941772461,-0.03973438615128233,-0.0405453516969956
2022-08-10,17.66956911758063,18.088894487490233,17.289180654581262,18.067928314208984,0.059170816935197657,0.057486353833881405
2022-08-11,18.101874963139256,18.67694989267418,17.84728352756443,17.913177490234375,-0.008564945647526745,-0.008601835585743886
2022-08-12,18.130831369711036,18.68793567728393,17.92416312056551,18.6789493560791,0.04274908046114079,0.04186057225433771
2022-08-15,18.67096091199568,19.13321654286925,18.583102920928454,19.001428604125977,0.017264314062820807,0.01711697913299999
2022-08-16,18.88960928236418,19.11125281035759,18.471281688551823,18.848674774169922,-0.008039070805596515,-0.008071558365647321
2022-08-17,18.49324736132435,18.657981332845214,18.115854280880267,18.3055477142334,-0.028815132440017543,-0.029238439976233332
2022-08-18,18.271605449183827,18.83469872730568,18.153794950823045,18.742847442626953,0.02388891800563475,0.023608042222974607
2022-08-19,18.376436118791393,18.490253330046265,17.74145799231606,17.820331573486328,-0.04921962214996978,-0.05047218122479905
2022-08-22,17.461906404566534,17.529797971537494,16.93874791361986,17.00663948059082,-0.045660884004321556,-0.04673620319674344
2022-08-23,16.961716955250804,17.436952358832514,16.94274646270397,17.15340805053711,0.008630074748970262,0.008593048527422296
2022-08-24,16.98467604437704,17.378044243797792,16.86786528424407,17.194339752197266,0.002386213954659322,0.002383371467098239
2022-08-25,16.816940979132873,17.918169715102525,16.805958969898168,17.88422393798828,0.0401227494474079,0.03933873450330306
2022-08-26,17.828315779513094,17.895207590473877,16.210917226715885,16.2338809967041,-0.09227925947508686,-0.09681850217340583
2022-08-29,15.994268556184212,16.311756661031318,15.741674674911415,15.775619506835938,-0.028228708215934484,-0.028634798726718008
2022-08-30,15.934363667656111,16.013236290955273,15.157613482274343,15.443154335021973,-0.021074619077234957,-0.02129985904723541
2022-08-31,15.359288739854978,15.515038296538872,14.934971220455097,15.069754600524902,-0.024178980951467532,-0.02447609150800717
2022-09-01,14.186175206862451,14.356901003294752,13.248684378970617,13.914612770080566,-0.07665299542463022,-0.07975016217915876
2022-09-02,14.077350584914733,14.14823567963121,13.569167449536392,13.625078201293945,-0.020807950143548637,-0.021027486276181725
2022-09-06,13.708944300191542,13.756867534549574,13.329554567237018,13.443371772766113,-0.013336175091499758,-0.013425900496592166
2022-09-07,13.545236934215922,13.819877351748058,13.328521120783083,13.696039199829102,0.018794944552143367,0.01862050195159084
2022-09-08,13.441372149210842,13.989653853498535,13.351490823804518,13.97167682647705,0.020125353222659292,0.019925515061501614
2022-09-09,14.138460000064642,14.455045254829914,14.107501412023929,14.368159294128418,0.028377586496991736,0.027982401633967466
2022-09-12,14.350180416481628,14.527946775374877,14.179403906328334,14.486001968383789,0.008201654216314802,0.008168203427113229
2022-09-13,13.783924633033108,13.903767364016517,13.081845229225642,13.113802909851074,-0.0947258644260568,-0.09951746891445853
2022-09-14,13.236642819504809,13.27259592683206,12.896089775229148,13.110808372497559,-0.00022835003500520923,-0.0002283761108441407
2022-09-15,12.997954265186072,13.215668204044421,12.773248572458732,12.912066459655762,-0.015158631504270659,-0.015274697992000498
2022-09-16,12.725310579538897,13.194695255875637,12.600474300374623,13.180713653564453,0.020805902350959027,0.020592415675291936
2022-09-19,12.994959906915472,13.44536950238442,12.992962670832137,13.36447525024414,0.013941703120907478,0.013845411525048043
2022-09-20,13.197694249472493,13.465342935530723,13.039901168379119,13.158744812011719,-0.015393828368133189,-0.015513543516126927
2022-09-21,13.195695797303914,14.012624337752102,13.092830051959995,13.243632316589355,0.006451033574277343,0.006430314714823401
2022-09-22,13.052881193995141,13.131778195732636,12.411722811191895,12.544548034667969,-0.05278644598473892,-0.05423070539474589
2022-09-23,12.403734995875771,12.594484849369591,12.240948352013458,12.499608993530273,-0.0035823563362746835,-0.003588788340483271
2022-09-26,12.47464261841831,12.642422835414386,12.198004936367159,12.211986541748047,-0.023010515923425956,-0.023279390480828565
2022-09-27,12.490620532839431,12.719320720938102,12.241947032432883,12.396743774414062,0.015129171002146391,0.01501586646770044
2022-09-28,12.393747960630728,12.806207210789621,12.337821540927935,12.719321250915527,0.026021145743710505,0.025688356422854407
2022-09-29,12.431696780132437,12.483628721329582,11.930354395452484,12.203995704650879,-0.04051517656475223,-0.041358780819195966
2022-09-30,12.071169294217576,12.616454666511402,12.059184927057526,12.123101234436035,-0.006628523327324332,-0.006650589553123806
2022-10-03,12.330830178093539,12.661397019747188,12.089146528346182,12.495614051818848,0.030727518493756323,0.030264881543589466
2022-10-04,12.862132554319986,13.20268651528483,12.862132554319986,13.149755477905273,0.05234968232643267,0.05102545673235889
2022-10-05,12.894089953360172,13.30355279979385,12.604469821558896,13.191699028015137,0.0031896828941297972,0.0031846066471948966
2022-10-06,13.202686696750762,13.638115559922221,13.085839346698974,13.112804412841797,-0.005980625771236259,-0.005998581339694862
2022-10-07,12.48862450071268,12.653408390945094,12.006257199525558,12.060186386108398,-0.08027405836256774,-0.08367954284147898
2022-10-10,12.02123547777354,12.108121431783047,11.3930595354897,11.654716491699219,-0.03362053300239398,-0.034198698925477666
2022-10-11,11.545859652529316,11.830486265809176,11.268223841612809,11.57082748413086,-0.00719785913523574,-0.007223888703286745
2022-10-12,11.563835628802222,11.719630502652882,11.330141889388276,11.484938621520996,-0.007422879887169498,-0.007450566555040345
2022-10-13,10.956631792924158,12.062182385586972,10.798838721715281,11.944336891174316,0.040000063108084793,0.03922077383413022
2022-10-14,12.041209377307327,12.095138555665246,11.18932684468692,11.212296485900879,-0.0612876555595433,-0.06324618915523522
2022-10-17,11.502914550195962,11.932351684916148,11.501916408490736,11.872429847717285,0.058875838919038914,0.05720781604317643
2022-10-18,12.327835405313065,12.475641363236987,11.602786269324618,11.951329231262207,0.0066455969466177045,0.006623612314150089
2022-10-19,11.863442610170829,12.333826444729338,11.818501467347717,12.03521728515625,0.007019140069759677,0.006994620576409484
2022-10-20,12.097135770429727,12.752276757936729,12.089145874513667,12.178030014038086,0.011866236022009868,0.011796384285148996
2022-10-21,12.082156494590066,12.481633241323104,11.87143332263106,12.449674606323242,0.022306119460374196,0.02206097673608791
2022-10-24,12.491620026626292,12.69335515427323,12.048201240588062,12.582500457763672,0.010669021933550571,0.010612509518486055
2022-10-25,12.677375456026189,13.28258175046069,12.647414059994293,13.243632316589355,0.05254375797918209,0.05120986098730418
2022-10-26,12.852146223274735,13.370465602720852,12.691356829552692,12.879110336303711,-0.027524320486384535,-0.027910212014466848
2022-10-27,13.612150741855237,13.819878535178242,13.10481562757985,13.158744812011719,0.021712250955702395,0.021479897299643263
2022-10-28,13.086839145065817,13.831862475965329,13.043895236732384,13.815882682800293,0.049939251818966746,0.04873230708523532
2022-10-31,13.759955512484012,13.819877352516734,13.27958550774582,13.479323387145996,-0.024360318003661674,-0.024661939014563653
2022-11-01,13.79291342524304,13.906764454492945,13.501296001998105,13.525264739990234,0.0034082833036002125,0.0034024882697397734
2022-11-02,13.83186195195651,14.191390140892414,13.1936988689507,13.201687812805176,-0.02392388861922512,-0.024214712637453055
2022-11-03,13.025919033651268,13.762952460821824,12.93903307601992,13.403423309326172,0.015281038256738544,0.015165459150186794
2022-11-04,13.967683273201919,14.210365058332465,13.67906125202417,14.137460708618164,0.054764919554636915,0.05331791703214133
2022-11-07,14.209367978816218,14.393127044208452,13.935727569364591,14.282272338867188,0.010243114604077785,0.010191009416548796
2022-11-08,14.781615950345596,14.871498236897642,14.197382040182664,14.582877159118652,0.021047408501895903,0.020828971505017238
2022-11-09,14.143451590437952,14.192388153732095,13.740979525460897,13.757957458496094,-0.05656769179508159,-0.05823066215814853
2022-11-10,14.780615545961545,15.752340709874954,14.527946659541374,15.729371070861816,0.14329260853676318,0.13391235251975384
2022-11-11,15.786299758724766,16.367537366980358,15.461725560041561,16.305618286132812,0.036635108465237876,0.03597999506471876
2022-11-14,16.196763730143132,16.518342589702804,15.901150847707683,16.273662567138672,-0.0019597980544728832,-0.001961720971443404
2022-11-15,16.700102908154662,16.975740560635188,16.360547980780158,16.644176483154297,0.022767702997836592,0.022512386890803676
2022-11-16,16.140834757175984,16.340571692497278,15.85221272363111,15.889163970947266,-0.04536196266430992,-0.04642302884373127
2022-11-17,15.694419686718572,16.244698687867267,15.514655111106975,15.656469345092773,-0.014644862768108169,-0.014753157377838897
2022-11-18,15.945089416031916,15.981043471785322,15.10019767858643,15.388819694519043,-0.017095147358853313,-0.017242956356783194
2022-11-21,15.127162421148238,15.456730146887825,15.060249781863105,15.296939849853516,-0.005970558268237558,-0.005988453315757057
2022-11-22,15.30792800033822,16.036972558111696,15.102197430405885,16.016998291015625,0.04707205808676851,0.04599775290773262
2022-11-23,16.07691590341239,16.50535489230616,16.026982150723164,16.497364044189453,0.029990997342072445,0.029550061758756636
2022-11-25,16.296629028257563,16.465406408074,16.15082033660223,16.24869155883789,-0.015073467778578098,-0.015188227169001891
2022-11-28,16.005011300506297,16.33557910048079,15.704406802903588,15.806272506713867,-0.027227980205174473,-0.02760553073032204
2022-11-29,15.806272346937764,15.9111353323506,15.499675191959904,15.618518829345703,-0.011878428471254976,-0.011949540698049243
2022-11-30,15.680454279692341,16.91215540251176,15.58056025532418,16.905162811279297,0.08237938539447875,0.07916175241820587
2022-12-01,16.98108131969133,17.24679976152075,16.617464704481463,17.1169376373291,0.012527227830571697,0.012449411321497543
2022-12-02,16.641441188481675,16.91515254992387,16.427666051305167,16.858211517333984,-0.015115210762401743,-0.015230609892032414
2022-12-05,16.661420572590046,16.977087481695534,16.45463802657284,16.592493057250977,-0.01576196026546417,-0.015887500886137003
2022-12-06,16.512575914907618,16.55552985566231,15.802324959390125,15.970148086547852,-0.03750762278795461,-0.03822913263125249
2022-12-07,15.75537458146814,16.168938682471737,15.6504847696813,16.103008270263672,0.008319283139755829,0.00828486864133974
2022-12-08,16.255846411030678,17.16089148149892,15.942176334261013,17.150901794433594,0.06507439520508695,0.06304465137432962
2022-12-09,17.14190886566031,17.564463251970096,16.95710443596456,16.983076095581055,-0.00978524050012386,-0.009833430591395043
2022-12-12,17.019043348066607,17.519514736231685,16.779296541065285,17.516517639160156,0.03141018391349615,0.030926976459832185
2022-12-13,18.51146372895853,18.77019145416807,17.6923285233029,18.052947998046875,0.03062425819658743,0.030164694570727357
2022-12-14,17.968036641644655,18.23275855990704,17.401634967765297,17.655366897583008,-0.02202305687175754,-0.022269184758721392
2022-12-15,17.127923524585228,17.30173986952119,16.68239457922902,16.934127807617188,-0.040850982828601334,-0.04170882808738329
2022-12-16,16.846227851112154,17.0230413617946,16.392705835711006,16.55353546142578,-0.022474871485274273,-0.022731280532597906
2022-12-19,16.554531578863497,16.591491326415667,16.127981643599433,16.236865997314453,-0.019130019979674673,-0.019315366406318795
2022-12-20,16.04706879387778,16.292809815920624,15.835293287085545,16.06804656982422,-0.01039729141807022,-0.010451720860383738
2022-12-21,16.097016992781896,16.609476804930267,16.085028603660696,16.48360824584961,0.025862613368685006,0.025533832683742087
2022-12-22,16.077033433532407,16.120987673315565,14.866311240758934,15.322829246520996,-0.07042020060267351,-0.07302262354516209
2022-12-23,15.17998128298212,15.322830189395079,14.867311505326436,15.189970970153809,-0.0086706099917776,-0.008708418437429985
2022-12-27,15.05810983428577,15.084082448789612,14.04118237491811,14.106114387512207,-0.07135343344442391,-0.07402705759831087
2022-12-28,13.912319639203043,14.246966554872388,13.86936474434743,14.021204948425293,-0.00601933578265057,-0.00603752501240169
2022-12-29,14.386819046661842,14.667522024551847,14.212003326446284,14.587606430053711,0.04039606322793454,0.03960147068279228
2022-12-30,14.318889147477543,14.613578243254633,14.217995786415349,14.598594665527344,0.0007532582899272278,0.000752974733286881
2023-01-03,14.835344825073602,14.980192432307444,14.081140585137454,14.299909591674805,-0.020459851149771557,-0.020672053310234043
2023-01-04,14.551645434254098,14.837343262850888,14.225988854764774,14.733452796936035,0.030317898339275784,0.029867393786620802
2023-01-05,14.475725368544696,14.548648374304229,14.133086509590795,14.249963760375977,-0.03281573187383513,-0.03336624519207829
2023-01-06,14.458739879108833,14.994175019894703,14.019204195141764,14.843334197998047,0.041640136606664324,0.04079652533831602
2023-01-09,15.267888310654865,16.03907384357529,15.125038456294371,15.611525535583496,0.051753287188605945,0.0504585689303463
2023-01-10,15.490653372601406,15.94517366128145,15.455690420036634,15.892230033874512,0.017980593738337936,0.01782085482122254
2023-01-11,15.823301290137104,16.01110282220087,15.546592882587277,15.984130859375,0.005782752030684124,0.0057660961007203375
2023-01-12,16.083029067309738,16.619461755576417,15.47566921706697,16.493595123291016,0.031873128942585316,0.031375722430851606
2023-01-13,16.260841726815173,16.904163911762296,16.147961873227626,16.881187438964844,0.02349956530256403,0.02322770140252101
2023-01-17,16.881187014032182,17.709313641691512,16.881187014032182,17.683340072631836,0.04751754795491925,0.046423124898105385
2023-01-18,17.648375934651437,17.854158152300805,17.263781558432793,17.35868263244629,-0.01835950894186633,-0.01853013637697229
2023-01-19,17.018038182127146,17.178869643415503,16.713361345219184,16.747323989868164,-0.03521918428506743,-0.035854337416141975
2023-01-20,16.99306976542005,17.837180338916934,16.80726689515637,17.82019805908203,0.06406241796378565,0.06209405269861537
2023-01-23,18.044956208931275,19.224712866778543,17.799217156484602,19.172767639160156,0.07590092857518993,0.07315838368565952
2023-01-24,18.807155689842816,19.474452780290186,18.80016309844602,19.244693756103516,0.0037514728336065506,0.0037444536088727175
2023-01-25,18.893061849004603,19.349580807071824,18.560412717739826,19.302629470825195,0.0030104773531822726,0.0030059549403761046
2023-01-26,19.680230760238217,20.14474069411191,19.257676365647274,19.781124114990234,0.02478909129392215,0.024486826826638112
2023-01-27,19.441484557009698,20.60625581574819,19.384545434625117,20.34353256225586,0.028431571633455777,0.028034895698633638
2023-01-30,19.928969317759073,20.11876764644554,19.129811540746857,19.141799926757812,-0.05907197443809087,-0.06088862950386921
2023-01-31,19.14979328260832,19.66624851924581,18.930025867048208,19.516407012939453,0.019570107702253647,0.019381075418664833
2023-02-01,19.670244043953495,21.169661317208572,19.59032844677635,20.92092514038086,0.07196601948863868,0.06949436390800029
2023-02-02,20.97786301741522,21.925862042165335,20.67818002215878,21.686115264892578,0.03657534833556553,0.03592234522073609
2023-02-03,20.977865716692563,21.722081314990728,20.76708767150065,21.077760696411133,-0.028052722262631558,-0.028453717003732622
2023-02-06,20.784064158457067,21.5472586184604,20.764084787014387,21.0667667388916,-0.0005215903946287348,-0.0005217264702178234
2023-02-07,21.3594611160502,22.235537474634327,21.12770531761483,22.149627685546875,0.05140138304451769,0.05012392483369192
2023-02-08,22.363398373809797,22.853881881192613,21.98479821168747,22.181591033935547,0.0014430648154655223,0.0014420245980485572
2023-02-09,22.58216918763524,22.99573229825379,22.09668147789324,22.313451766967773,0.005944602117607056,0.005927002683750481
2023-02-10,21.6671373847091,22.054726981350132,20.789064216864638,21.242584228515625,-0.0479920161898677,-0.04918185787075603
2023-02-13,21.515295357490146,22.024757958584203,20.93990234696834,21.765031814575195,0.02459435163063861,0.024296779752195307
2023-02-14,21.55525189893666,23.024701862590533,21.343475492983863,22.94678497314453,0.054295953648823225,0.052873201642935526
2023-02-15,22.525228183306545,22.830905348150583,22.082696315415404,22.740001678466797,-0.009011427741173361,-0.009052276243535044
2023-02-16,22.10966413149138,22.52622429667311,21.90388194659227,21.978803634643555,-0.03347396603510566,-0.03404704436451104
2023-02-17,21.60819758522636,21.717081932888007,20.9528889890741,21.365453720092773,-0.02790642860942638,-0.02830321229232499
2023-02-21,20.97786395244178,21.471342710023446,20.59626664817325,20.633228302001953,-0.03427146587587848,-0.034872504838743726
2023-02-22,20.6851710833237,21.08175191942392,20.399471384893207,20.732120513916016,0.00479286180846783,0.004781412614671905
2023-02-23,23.415290457504543,23.86281813728652,23.00072702935598,23.639053344726562,0.14021396551594068,0.1312159338440889
2023-02-24,23.200517108251855,23.44925516678763,22.922810291543012,23.261451721191406,-0.015973635577898104,-0.01610258917692047
2023-02-27,23.6450473658971,23.854825071141974,23.429275467548678,23.476224899291992,0.009233008355403971,0.00919064469678131
2023-02-28,23.347364022615437,23.799887550278743,23.18153863236945,23.1915283203125,-0.012127017022574127,-0.012201149238228367
2023-03-01,23.167552933250114,23.231486553591107,22.48427391696802,22.674074172973633,-0.02231220556886071,-0.02256488850963216
2023-03-02,22.464295399339527,23.355353400499368,22.40835276964801,23.2894229888916,0.02713887284762584,0.02677714366224394
2023-03-03,23.29541595223961,23.874804445027564,23.105615715106577,23.86481475830078,0.02470614105311353,0.024405879830963553
2023-03-06,23.865813694172704,24.22243577267556,23.462238375938345,23.5291690826416,-0.014064457615051595,-0.014164299351136453
2023-03-07,23.579126969767078,24.10366224367853,23.220443334628193,23.26740264892578,-0.011125188177976697,-0.011187535935603374
2023-03-08,23.46622807879238,24.178598765957478,23.40328406914848,24.15961456298828,0.03834600395775989,0.037629066345417524
2023-03-09,24.153616530475606,24.432370990770355,23.36231723479036,23.415271759033203,-0.030809382410238673,-0.031293970658475126
2023-03-10,23.388296345871805,23.60610394776299,22.705899859992172,22.94468879699707,-0.02009726672741219,-0.020301964005967073
2023-03-13,22.73187871576052,23.277395355394315,22.2772811984554,22.945688247680664,4.3559130064263485e-05,4.3558181392906276e-05
2023-03-14,23.475215844075734,24.197575854977504,23.439246485119973,24.04171371459961,0.04776607505027575,0.04666035015371594
2023-03-15,23.73998179778675,24.26451702592668,23.339337433810194,24.20656967163086,0.006857080114515357,0.006833677263240706
2023-03-16,24.005752489173542,25.565370958481,23.872868779502166,25.518413543701172,0.054193712280007356,0.05277622097421504
2023-03-17,25.959018356234978,26.375649322099584,25.64529501788219,25.702245712280273,0.0072039027137906775,0.007178078555615083
2023-03-20,25.592342695819287,26.000981321988803,25.107771080019624,25.877090454101562,0.006802702914700864,0.0067796689344395925
2023-03-21,26.156846636843376,26.36865903671038,25.358553488198883,26.17582893371582,0.011544515800342214,0.011478386346184796
2023-03-22,26.401626474238157,27.564598386349715,26.21379303359335,26.444589614868164,0.010267513660519256,0.01021516079303882
2023-03-23,27.091019134511235,27.474680300568725,26.666395768826245,27.16695213317871,0.027316079728626486,0.026949653535208448
2023-03-24,27.007091792651533,27.142971183393072,26.331689105706722,26.755313873291016,-0.015152169366285495,-0.015268136410622033
2023-03-27,26.81326313262677,26.97611906928059,26.34168048471256,26.50753402709961,-0.009260958304015854,-0.009304107587463556
2023-03-28,26.42361038825946,26.4895520016458,25.8271382618564,26.386642456054688,-0.004560649471253342,-0.004571080961383089
2023-03-29,26.801274739572264,27.054049321086534,26.57347575940691,26.960132598876953,0.021734108224545023,0.021501289854182575
2023-03-30,27.204914890179356,27.474676521126977,27.078026419046342,27.35877799987793,0.014786477757070982,0.014678223621761946
2023-03-31,27.115996118368173,27.809382571922825,27.081027225666862,27.75243377685547,0.01438864619535618,0.014286112007425604
2023-04-03,27.48466960367856,27.97523454624746,27.311822283407086,27.940265655517578,0.006768122758975981,0.0067453218379408
2023-04-04,27.941265336695817,27.975235662091706,27.28284778669967,27.42871856689453,-0.018308597882712996,-0.018478274479000058
2023-04-05,26.8052732678004,26.97412252588098,26.371657076286322,26.857227325439453,-0.0208355064076835,-0.021055628510269653
2023-04-06,26.560485977879456,27.056047553520614,26.403625256641565,27.013086318969727,0.005803242145649312,0.005786468200173423
2023-04-10,26.7992755400983,27.59657006024275,26.645412420852104,27.554607391357422,0.020046619849114267,0.01984833198613021
2023-04-11,27.699479353630412,27.765420962103274,27.102006799330113,27.144969940185547,-0.014866386784388008,-0.014977999074765887
2023-04-12,27.345791283837347,27.44370417314176,26.42460593521108,26.47156524658203,-0.024807715576306566,-0.02512061263503912
2023-04-13,26.710350638891573,26.863215174744923,26.30571011723808,26.439590454101562,-0.0012078920223501655,-0.0012086221118910983
2023-04-14,26.48055798084649,26.859222480822282,26.196808771126577,26.734333038330078,0.01114777419643409,0.011086095723475495
2023-04-17,26.541503250119483,26.98211316139373,26.409620037298097,26.978116989135742,0.009118759404101784,0.00907743454853145
2023-04-18,27.508650082334086,28.08513943393583,27.332805146499545,27.64253044128418,0.024627866074418803,0.0243294891806737
2023-04-19,27.336798357649375,27.97523308017652,27.207912752047683,27.906293869018555,0.009541942200068876,0.009496705406511702
2023-04-20,27.64652455149464,28.00520817494305,26.976118523026464,27.080026626586914,-0.02960863403466696,-0.030055818789515767
2023-04-21,26.928162455219432,27.158959050915872,26.6983663319222,27.095014572143555,0.0005534686417894008,0.0005533155345114586
2023-04-24,26.989107985798988,27.341794498427166,26.647409518060194,27.018081665039062,-0.0028393750038276933,-0.0028434136757148425
2023-04-25,27.05404825153496,27.22289939376249,26.20180400715183,26.217788696289062,-0.02962064363679695,-0.030068194905861687
2023-04-26,26.978118263771744,27.305827272348722,26.68138006807285,26.932157516479492,0.02724748560856094,0.026882881086549966
2023-04-27,27.338801338428016,27.470684568616697,26.601453148375764,27.201921463012695,0.010016425396596418,0.009966593489838034
2023-04-28,27.20092196442208,27.73344960649909,27.047056930698307,27.724458694458008,0.019209570623745176,0.019027396121093287
2023-05-01,27.81538028881881,29.03230358140779,27.75543388245508,28.88443374633789,0.04183941207522146,0.04098781636326596
2023-05-02,28.654634590232256,28.810496754933304,28.058162478439368,28.185049057006836,-0.024213204090238638,-0.024511163245794144
2023-05-03,27.815375094782077,28.341909379215185,27.44770056792737,27.777408599853516,-0.014463003286913967,-0.014568612035576741
2023-05-04,27.62654444288627,27.834360670007325,27.215908633799796,27.53762435913086,-0.0086323473934109,-0.008669821922128798
2023-05-05,27.801385997568506,28.72956317440286,27.706470718340587,28.654630661010742,0.040562914480656964,0.03976183064650834
2023-05-08,28.49677402553214,29.19415665691401,28.324927166645555,29.12521743774414,0.016422713044202952,0.016289318774800266
2023-05-09,28.873439595641816,28.94737354959499,28.42483732148799,28.54572868347168,-0.019896461048269698,-0.0200970609067365
2023-05-10,28.97934600141485,29.087252189450044,28.435828416964906,28.859453201293945,0.01099024380498359,0.010930289947245767
2023-05-11,28.87044053584294,28.92439362497088,28.221015861335896,28.55272102355957,-0.01062848196031041,-0.010685367706494114
2023-05-12,28.503765785473174,28.75454513594309,28.02119319112188,28.31493377685547,-0.008328006514962127,-0.008362878103392705
2023-05-15,28.482784946357548,28.943377647743457,28.127100823911366,28.927391052246094,0.021630185689900605,0.021399572764338612
2023-05-16,28.81549166758805,29.84358282076136,28.80650075563799,29.187162399291992,0.008980116685141759,0.008940035216099526
2023-05-17,29.557833570142268,30.17228939441913,29.403970448812785,30.151308059692383,0.033033209847894485,0.032499338553837735
2023-05-18,30.383102432113493,31.799847490043984,30.293181883981152,31.649980545043945,0.04970505698739669,0.048509226602927905
2023-05-19,31.508107900453748,31.55206961057156,30.888657314495276,31.23634910583496,-0.01306893186301672,-0.013155081767725254
2023-05-22,30.87366776329227,31.49212165768894,30.652864468171376,31.148426055908203,-0.002814767168495158,-0.0028187360750497425
2023-05-23,30.972582484687077,31.260327873842513,30.603909359902882,30.660858154296875,-0.01565305099962977,-0.015776853627757263
2023-05-24,30.183281114614353,30.57993126993221,29.779639086305995,30.5109920501709,-0.004887863978620399,-0.0048998486546834984
2023-05-25,38.48892244912427,39.44507664562874,36.60259203294565,37.94640350341797,0.24369615517648913,0.21808771623311518
2023-05-26,37.8564903887327,39.13535716800428,37.516790924073234,38.911556243896484,0.025434630198658548,0.025116552177390592
2023-05-30,40.55910417660133,41.900915104565534,39.91367550812219,40.075531005859375,0.02991334385772526,0.02947466652526852
2023-05-31,39.453069566174214,40.25935493570893,37.78854287268503,37.800533294677734,-0.056767749648757415,-0.058442737859171666
2023-06-01,38.45495978773049,40.01458010495206,38.30609329724924,39.73482894897461,0.05117112076747388,0.049904895737147674
2023-06-02,40.061536692451796,40.46418014077918,39.0234541630698,39.29221725463867,-0.01113913677354228,-0.011201641557241081
2023-06-05,38.87458325572637,39.53000121935848,38.67276227118168,39.1363525390625,-0.003966808861054272,-0.003974697516093025
2023-06-06,38.79565501764921,39.125361136510946,38.11425525753202,38.619808197021484,-0.013198581587935299,-0.013286456942414442
2023-06-07,38.88459809447063,39.468141471393565,37.32681416120832,37.44572067260742,-0.030401174403155484,-0.03087287489219711
2023-06-08,37.694537790431326,38.83364687712899,37.47571086548645,38.479923248291016,0.027618712021214797,0.027244195528454387
2023-06-09,39.00650530356787,39.67997860030122,38.53687503234718,38.739715576171875,0.006751373338365507,0.006728684878980806
2023-06-12,39.16938300880245,39.499123275212575,38.58783685686491,39.4511604309082,0.01836474130372623,0.018198146003945495
2023-06-13,40.154614126267326,41.06890039349555,39.70896332197463,40.989959716796875,0.039005171687753304,0.03826368966750627
2023-06-14,40.79211402973289,42.966413063285984,40.52032331528582,42.963417053222656,0.04814489572716263,0.04702183562356055
2023-06-15,42.56872727104233,43.2551909701653,42.11408081517457,42.619686126708984,-0.008000549073828633,-0.008032725199260822
2023-06-16,43.416060581927226,43.6868488037051,42.62767543128522,42.658653259277344,0.0009142989099570897,0.0009138811933012476
2023-06-20,42.96441968644821,43.95564551444472,42.64067141901623,43.77378463745117,0.02614080129056373,0.02580497055963026
2023-06-21,43.46702823348986,43.58094143356131,42.04714031293403,43.011383056640625,-0.017416853194783255,-0.01757031102788108
2023-06-22,42.21999014630877,43.39207412960286,42.20100779460612,42.991390228271484,-0.0004648264470550334,-0.00046493451235701203
2023-06-23,42.430834923932906,42.77556287564385,41.98218429643555,42.17603302001953,-0.018965592969258482,-0.019147746605999855
2023-06-26,42.42783159494467,42.73059631968799,40.06867574743641,40.60026168823242,-0.03736177205284208,-0.03807760968002963
2023-06-27,40.76713004512084,41.907237605323324,40.416406298926006,41.84328842163086,0.03061622466730829,0.030156899721610075
2023-06-28,40.628248412856465,41.81232441738964,40.48636100844834,41.08489227294922,-0.018124678467899447,-0.01829094250485702
2023-06-29,41.52553669526217,41.56750370507978,40.56828482936424,40.79011154174805,-0.007174917953849835,-0.007200781464302286
2023-06-30,41.64744701058792,42.516766447959405,41.46858596097829,42.268959045410156,0.036255049269687145,0.035613300092106455
2023-07-03,42.48379023030001,42.86449316721701,42.169037634447896,42.3798713684082,0.0026239662746103676,0.00262052968545522
2023-07-05,42.102089932908285,43.143275924330226,42.05212974638505,42.28395080566406,-0.0022633519085111242,-0.002265917160885524
2023-07-06,41.81132135922697,42.146058807449926,41.31370920237291,42.07011795043945,-0.005057068962344147,-0.005069899209497088
2023-07-07,42.288940665727566,43.18024602401447,42.14705329030634,42.46979904174805,0.00950035585304132,0.00945551127494394
2023-07-10,42.6236813610569,42.7775603980854,41.61646549525351,42.14705276489258,-0.007599430280755715,-0.007628453082386363
2023-07-11,42.44781661195004,42.724600671080424,42.03414233997435,42.37187576293945,0.005334251941671919,0.005320075212267293
2023-07-12,42.999389377359606,43.90068528368808,42.743588811592915,43.86771011352539,0.03530252847324422,0.03469368204836428
2023-07-13,44.48322958682048,46.118948189485444,44.457248919012514,45.94108963012695,0.04726436623283625,0.046181398805664894
2023-07-14,46.54660741572682,48.050432708268104,45.02479844214416,45.43347930908203,-0.01104915719526256,-0.011110652533293642
2023-07-17,46.252842790646994,46.45967801263674,45.22664460524396,46.424705505371094,0.021817087561042614,0.021582500774382982
2023-07-18,46.66452170058574,47.85858797189123,45.69827797708258,47.45690155029297,0.022233766131320998,0.02199019960956346
2023-07-19,47.4269247186503,47.780648286916495,46.705488579051746,47.040225982666016,-0.008780083697317975,-0.008818855746911429
2023-07-20,46.47066830923723,47.05021703797439,45.02679746035021,45.484439849853516,-0.03307352590920365,-0.0336328214860496
2023-07-21,45.75224005521712,45.83018206850467,44.0655585735208,44.27439498901367,-0.026603490442759448,-0.026963767414935908
2023-07-24,44.6960587806985,45.07376568294936,44.005600454709025,44.577152252197266,0.00683820215406028,0.006814927693112734
2023-07-25,44.90589571026622,46.14692227530892,44.887908215993086,45.64331817626953,0.023917317957871775,0.023635779175563268
2023-07-26,45.98505592696078,46.01703242805517,44.5951435044959,45.416500091552734,-0.004969360111831689,-0.004981748440209788
2023-07-27,46.48266314205839,47.35797831429428,45.71426283263286,45.8641471862793,0.009856485942866033,0.009808227631108248
2023-07-28,46.63154903236518,46.99026979268205,46.344774445154044,46.71348571777344,0.01851857242748922,0.018349191597002733
2023-07-31,46.71747924909827,47.093184983951005,46.4696718790696,46.69249725341797,-0.0004493020384365165,-0.0004494030048414618
2023-08-01,46.42370081387156,46.86335949014656,45.99104044985937,46.470664978027344,-0.004750919064933634,-0.004762240553464291
2023-08-02,45.79520091213266,45.80419275361582,43.35310977121058,44.23442077636719,-0.048121631199327886,-0.049318016218109786
2023-08-03,43.765786762914985,45.082758057083076,43.765786762914985,44.480228424072266,0.005556931534105303,0.005541548751137456
2023-08-04,44.949857860967036,45.606342288223864,44.35832128281738,44.64509582519531,0.003706532249592165,0.00369967998580504
2023-08-07,45.07576998074253,45.50443580088547,44.52819761374418,45.38153076171875,0.016495315396049204,0.01636074551297802
2023-08-08,44.817971444919216,45.20666758358326,44.02159299987499,44.629119873046875,-0.016579671863042655,-0.016718652937737208
2023-08-09,44.23941340389369,44.277385732589195,42.101085685540646,42.52075958251953,-0.04724180751322993,-0.04839414048605506
2023-08-10,42.12707396720268,43.53997113311342,41.80232702153618,42.354896545410156,-0.003900754331245815,-0.003908382115959775
2023-08-11,41.7183935825012,41.98518717020068,40.60726249812491,40.82309341430664,-0.0361659042056971,-0.036836098980902045
2023-08-14,40.454379600754656,43.76579047022575,40.279517041963544,43.71882629394531,0.07093369554948636,0.06853088063179591
2023-08-15,44.52519626774696,45.23264344321466,43.67585790214367,43.905677795410156,0.004273936820914148,0.0042648294931473775
2023-08-16,44.48522285041412,44.640100549597996,43.372090845714155,43.452030181884766,-0.010332322294152485,-0.010386071291339337
2023-08-17,43.93565682241001,44.027584017095954,42.96741192711898,43.31014633178711,-0.003265298525839788,-0.0032706412466270004
2023-08-18,42.601695871064955,43.543960081000186,41.62745897404412,43.26517868041992,-0.0010382705942091341,-0.0010388099705005496
2023-08-21,44.45924519865085,47.028236135596124,44.187458298338946,46.93031311035156,0.08471326229817078,0.08131567768622931
2023-08-22,48.09740011660735,48.14936145105243,45.29759061646536,45.632328033447266,-0.027657711847185573,-0.028047388205995217
2023-08-23,45.830177068585726,47.1631347697341,45.172690060210584,47.079200744628906,0.03170718596958544,0.031214892273519316
2023-08-24,50.17677640386691,50.22673658703904,47.12216498787686,47.12615966796875,0.0009974452114120957,0.0009969480934750197
2023-08-25,46.975278705672146,47.767658540303835,44.98882881073535,45.9820556640625,-0.02427747162016025,-0.024577027681228745
2023-08-28,46.445695012544455,46.943307161709576,44.85294200358458,46.79841995239258,0.017753975470220507,0.01759821452962339
2023-08-29,46.62954606851407,49.04266044648469,46.35475936686293,48.74589157104492,0.04161404638518729,0.04077147777408559
2023-08-30,49.005684108950824,49.8879937040885,48.38716820828765,49.22551345825195,0.009839226891726893,0.009791136887161144
2023-08-31,49.34143402541549,49.70514814643913,48.9197627338808,49.31645202636719,0.0018473868879469446,0.0018456825674934131
2023-09-01,49.723126990372954,49.761095505663796,48.104389789025475,48.47110366821289,-0.01714130525250135,-0.017289918153096728
2023-09-05,48.185323954124634,48.81283547594511,47.82260859520178,48.51007080078125,0.0008039250113860419,0.0008036020367607372
2023-09-06,48.40715496062999,48.515077394105326,46.54745522657099,47.02811813354492,-0.03054938165978638,-0.031025740779534756
2023-09-07,45.4931913383561,46.311619313403384,45.120450870903866,46.20869064331055,-0.017424203279992168,-0.01757779142556918
2023-09-08,45.909901542782364,46.57343525598355,45.23936893896436,45.540157318115234,-0.014467696787943796,-0.01457337442625475
2023-09-11,46.11575443664463,46.130743345970416,44.28103874415618,45.14643478393555,-0.008645612078794218,-0.008683202199457016
2023-09-12,44.70673820080512,45.64108624011381,44.49988211053749,44.838645935058594,-0.0068175671091191825,-0.006840912887874915
2023-09-13,44.568836579722586,45.897909142211645,44.471904231366715,45.45322036743164,0.013706355746405885,0.01361327323602965
2023-09-14,45.91789786927569,45.95487076893904,45.0994698183301,45.549156188964844,0.0021106496032115007,0.0021084253115880133
2023-09-15,45.309314822834715,45.567133950218214,43.77738515441512,43.86932373046875,-0.03687955165463774,-0.037576798841974283
2023-09-18,42.71813237686466,44.211087976394666,41.97065391873253,43.935279846191406,0.0015034678019631986,0.0015023387257922004
2023-09-19,43.802366857424914,43.93527332902396,42.97194633294254,43.489585876464844,-0.01014432982529867,-0.010196134183883378
2023-09-20,43.5695331686225,43.872322851544475,42.19349643912847,42.2094841003418,-0.029434673849488058,-0.029876566788323445
2023-09-21,41.55394101252563,42.07057801307491,40.951361762571175,40.98833465576172,-0.0289306886972871,-0.029357431876123146
2023-09-22,41.54294571690647,42.08556931771517,41.20218442357063,41.5809211730957,0.014457443131339343,0.014353930790103556
2023-09-25,41.56193389222181,42.506273177622504,41.14822175071883,42.1924934387207,0.01470800185207799,0.0146008882007292
2023-09-26,41.97165113191076,42.79007909728291,41.625892229485075,41.8817138671875,-0.007365755047981981,-0.007393016170019838
2023-09-27,42.30042752855497,42.842048671557556,41.599917076129024,42.43832778930664,0.013290141943193667,0.01320260275925658
2023-09-28,42.43032920794071,43.41564027932202,42.085572876608914,43.05889129638672,0.014622713462250081,0.014516832517508623
2023-09-29,43.796378806191775,44.11315866784139,43.276741660093485,43.46860885620117,0.00951528354490705,0.009470298373740712
2023-10-02,43.9992285379224,45.14342881532186,43.83034792394179,44.75070571899414,0.02949477557550284,0.029068172752580862
2023-10-03,44.776681779419775,45.09845913874494,43.215773206538074,43.4865837097168,-0.028248091040512846,-0.028654744796383233
2023-10-04,43.71143633979229,44.11215712134903,43.26175000991843,44.01022720336914,0.012041495306869487,0.011969573292320398
2023-10-05,44.01921794767318,44.868626271295504,43.85733240049327,44.65677261352539,0.014690799190119952,0.014583934744415326
2023-10-06,44.162114923887266,45.75700017274814,43.99523182082683,45.730018615722656,0.024033219137564954,0.0237489666551606
2023-10-09,44.810664938003,45.573132266606365,44.33699712951298,45.241363525390625,-0.010685652556546854,-0.010743154136618931
2023-10-10,45.27833332062463,46.226667545134845,45.056488358813525,45.7659912109375,0.01159619526614053,0.011529474701559062
2023-10-11,46.16372195389678,46.82626072787499,46.01782405573412,46.77329635620117,0.022009905578597833,0.02177118408150681
2023-10-12,46.744315234099965,47.57573461020595,46.297628975923374,46.91219711303711,0.0029696593496029156,0.0029652586215660063
2023-10-13,46.92718670300792,47.0830797443062,45.24836026520754,45.42923355102539,-0.031611471073044184,-0.032121899375673085
2023-10-16,45.0315095868921,46.192696327999904,44.880614130194836,46.06278991699219,0.013946006050381543,0.01384965528021714
2023-10-17,43.96925599511655,44.72273077097073,42.45031760329598,43.90729904174805,-0.04679462271235546,-0.04792489247295374
2023-10-18,42.56124365811376,43.188807074933266,41.79577997825451,42.16651916503906,-0.03964670828542227,-0.04045405001745158
2023-10-19,42.781089631153165,43.26675013363428,41.85273785103801,42.07158660888672,-0.0022513728434823133,-0.002253910993586228
2023-10-20,41.860728698935155,42.4403252529677,41.049295810508625,41.35808181762695,-0.016959303149005844,-0.017104759029701818
2023-10-23,41.20019083203981,43.217781037891605,40.91638888400306,42.944969177246094,0.03836946226415172,0.03765165808393384
2023-10-24,43.04689918780669,43.66646488934986,42.66117113532344,43.63248825073242,0.016009304155016224,0.01588250674724927
2023-10-25,43.36767362465919,43.61950024898592,41.525962950621626,41.74980545043945,-0.043148646244381084,-0.04410722482263381
2023-10-26,41.8237544285133,42.22647269652664,39.852133556535904,40.297821044921875,-0.034778231655263836,-0.03539739228962447
2023-10-27,41.1012634608965,41.177210573030834,39.987040836148445,40.471702575683594,0.004314911482878658,0.004305628944966297
2023-10-30,41.05829449956598,41.73681712722262,40.45271510334961,41.132240295410156,0.01632097682303657,0.016189221333338798
2023-10-31,40.421739350493176,40.850440472726774,39.20259051438913,40.75150680541992,-0.009256327573111012,-0.00929943358160739
2023-11-01,40.855437818322336,42.35139367956083,40.84044890706074,42.295433044433594,0.037886359549491155,0.0371862985474997
2023-11-02,43.29772036984495,43.853331578454224,42.864025551225126,43.4755973815918,0.027902878684759713,0.027520686582248315
2023-11-03,43.989244118396975,45.27734115862164,43.692450744970955,44.97355651855469,0.03445517088161165,0.03387488317230457
2023-11-06,45.25335828782106,45.90290564428218,44.86762640814462,45.719032287597656,0.01657586872711314,0.01643998851414311
2023-11-07,45.68705835405159,46.18570644456995,45.12644949582393,45.92289352416992,0.004459001566128329,0.00444908967248848
2023-11-08,46.067786497149605,46.834252666745705,45.93587876150922,46.54145812988281,0.013469634821406284,0.013379725752064748
2023-11-09,47.43382754729244,48.19629482563236,46.71732955595706,46.91719055175781,0.008073069408922384,0.008040656514919097
2023-11-10,47.46680439879944,48.43812523395567,47.249956995666594,48.30121994018555,0.02949940889791569,0.029072673321303005
2023-11-13,48.28623562834099,49.08168084897678,48.065389383307924,48.58602523803711,0.0058964410879116524,0.005879125114230508
2023-11-14,49.645285046741414,49.799176764113575,49.00573287416369,49.621299743652344,0.021308071622305524,0.021084228853076047
2023-11-15,49.90010916476034,49.92508940872805,48.1663208904743,48.85383987426758,-0.015466339522534178,-0.015587191058319082
2023-11-16,48.64498792594149,49.490397480832705,48.296232754650504,49.44542694091797,0.012109325862059706,0.012036594538470856
2023-11-17,49.489397461523026,49.68226341163358,48.9727603803161,49.26355743408203,-0.0036781866006183606,-0.0036849677623117362
2023-11-20,49.27753819263548,50.51267446523686,49.14662922458695,50.37377166748047,0.022536217261288405,0.022286028611974127
2023-11-21,50.090971605091276,50.48169721701578,49.187603987551,49.90909957885742,-0.009224484751516493,-0.009267293775144436
2023-11-22,49.817161099137216,50.29982144046333,47.65666949538865,48.68195343017578,-0.024587623480217702,-0.024894947125846268
2023-11-24,48.43613001762004,48.886815068886136,47.711634365879085,47.74261474609375,-0.019295418895408978,-0.0194840053348655
2023-11-27,47.766597618423056,48.49608705256933,47.6187022270162,48.208290100097656,0.009753872017284282,0.009706610083678263
2023-11-28,48.20229716306376,48.28923817471284,47.439829789625705,47.7875862121582,-0.008726795475755722,-0.00876509695096377
2023-11-29,48.34520044689955,48.72793227517069,47.826562052543174,48.10636520385742,0.006670748974094698,0.006648597982725485
2023-11-30,47.99043760178817,48.07637985053357,46.389559751727184,46.7373161315918,-0.028458792645507325,-0.028871594847516852
2023-12-01,46.4924925258304,47.16702011217605,46.15472745047927,46.732322692871094,-0.00010684051062415101,-0.0001068462184780632
2023-12-04,46.04480802783984,46.04480802783984,44.9785521441802,45.47820281982422,-0.02683624097370596,-0.027202907744482543
2023-12-05,45.43822537417424,46.571531508809755,45.243344800588865,46.53755569458008,0.023293639789435217,0.023026483699324307
2023-12-06,47.18616055304672,47.35805637744802,45.3842604483653,45.47520446777344,-0.022827826063292034,-0.023092415304115817
2023-12-07,45.67208285394523,46.60051618631754,45.57614082890342,46.567535400390625,0.02402036330350721,0.023736412458172658
2023-12-08,46.566531807194686,47.71183151295026,46.5215573196364,47.47697448730469,0.019529465733899132,0.019341212756841596
2023-12-11,47.461988967358906,47.50196163403656,45.802004370558734,46.598514556884766,-0.01850286249084432,-0.018676181714952396
2023-12-12,46.017871828359986,47.63688109924922,46.017871828359986,47.62788772583008,0.022090257140894742,0.021849802109922205
2023-12-13,47.599912593463365,48.564323380084836,47.578925510538774,48.058631896972656,0.009043948655085288,0.009003297068186563
2023-12-14,48.36044156986005,48.640269318911756,47.3930343428762,48.320465087890625,0.005448203175639321,0.005433415403593697
2023-12-15,48.16456390223083,49.37382393315781,48.0906077891267,48.860137939453125,0.011168618732888547,0.011106710239115159
2023-12-18,49.369821256751614,50.4021872923408,49.1199739909024,50.04640579223633,0.024278847805407677,0.023988801857017038
2023-12-19,49.39380199579273,49.66963433728467,48.86512588284418,49.573692321777344,-0.009445502888287605,-0.009490394557254506
2023-12-20,49.62465933137436,49.96845091462431,48.068611458987135,48.08160400390625,-0.03009838985133717,-0.030560645465796666
2023-12-21,48.781180068606574,49.06500695718709,48.389417453965386,48.9600715637207,0.01827034638326719,0.018105449063686222
2023-12-22,49.16494577989552,49.352830653569725,48.43738988482299,48.8001708984375,-0.0032659401870991367,-0.003271285010173046
2023-12-26,48.93807912022649,49.569692938536456,48.93008458769596,49.2488899230957,0.009195029779548891,0.009153012861370765
2023-12-27,49.48075464580007,49.64965012045702,49.05501239405432,49.386810302734375,0.00280047692149088,0.0027965628917275107
2023-12-28,49.612680916818,49.85353103645047,49.38181919963959,49.49175262451172,0.0021249058429582135,0.0021226514235918787
2023-12-29,49.78257525535323,49.966464794426166,48.721223622528726,49.49175262451172,0.0,0.0
2024-01-02,49.213911661432995,49.26487918925224,47.565920930034586,48.13856887817383,-0.027341600864377202,-0.027722338464205815
2024-01-03,47.4559877548122,48.15455817196312,47.291087653176916,47.53993606567383,-0.012435617145474032,-0.01251358650477802
2024-01-04,47.73781584044559,48.47036973426666,47.478975200634494,47.96867752075195,0.00901855346388869,0.008978129174554652
2024-01-05,48.43239477719924,49.516731000212985,48.27648803927744,49.0670051574707,0.022896767088139924,0.022638569940235196
2024-01-08,49.48175412771333,52.24306669740862,49.44877334196531,52.22107696533203,0.06428091133214608,0.06229937048369309
2024-01-09,52.368989354850214,54.291813775257275,51.658421354299875,53.10753631591797,0.01697512579402427,0.016832658354355552
2024-01-10,53.58324641272958,54.566642620850935,53.45632128428564,54.316795349121094,0.022770008121063556,0.022514640697433037
2024-01-11,54.965399369459846,55.312187494704844,53.527279337957886,54.78850555419922,0.008684426281893254,0.008646933564096912
2024-01-12,54.58662953889082,54.93641799826661,54.29680960809761,54.67657470703125,-0.0020429622242067458,-0.0020450519181270765
2024-01-16,54.984391900558016,56.800279452629056,54.86646395445467,56.347557067871094,0.030561211447376113,0.03010351933913418
2024-01-17,56.312579806380306,56.43650460830921,54.706563019184806,56.018760681152344,-0.005835148919104194,-0.0058522399186738475
2024-01-18,57.225023275703855,57.56481575240513,56.07272766296372,57.07211685180664,0.018803632173331808,0.018629029265349033
2024-01-19,57.95357335479518,59.46365188180549,57.19004013784853,59.45465850830078,0.04174615885863564,0.040898304112894315
2024-01-22,60.01231668308295,60.29414590763177,59.03391464914335,59.617557525634766,0.0027398865189216526,0.002736139871884897
2024-01-23,59.53360947543731,59.8734019281728,58.549210583878605,59.83642578125,0.003671204670220307,0.0036644822462608
2024-01-24,60.26716017281773,62.810603561548206,59.901382639629475,61.32451248168945,0.02486924446121841,0.024565038073789788
2024-01-25,62.311903373896776,62.68068121321326,60.812819855881294,61.57935333251953,0.004155611524937486,0.0041470008182894385
2024-01-26,60.92275760795634,61.74525668401416,60.535996808090815,60.99371337890625,-0.009510329711501009,-0.009555841682869699
2024-01-29,61.19458949954275,62.45082152019551,60.86979110422985,62.42683792114258,0.023496266464929638,0.02322447830105378
2024-01-30,62.86157157548254,63.45420777642383,62.22195939324812,62.73564529418945,0.004946708552449275,0.004934513789123409
2024-01-31,61.40246175375336,62.23095765369269,60.66291599295292,61.489410400390625,-0.019864861323332095,-0.020064820215538046
2024-02-01,62.06206301871128,63.1523999678792,61.61234096321601,62.98849868774414,0.024379617198996506,0.024087177838559556
2024-02-02,63.93491403332179,66.55930912654547,63.65108714697043,66.11958312988281,0.04970882791889597,0.048512818968898606
2024-02-05,68.1833239064927,69.45455008972388,67.16395031831868,69.2896499633789,0.04794444676502163,0.04683057568183143
2024-02-06,69.58745829595591,69.71138308978904,66.25949848302591,68.18132019042969,-0.0159956035791059,-0.016124914032451993
2024-02-07,68.2772638618389,70.17710350841662,67.5587013332111,70.0561752319336,0.027498074784522375,0.027126793697467944
2024-02-08,70.03119148834118,70.7507528828607,69.41257394689296,69.59845733642578,-0.006533583855990677,-0.006555021140875214
2024-02-09,70.48991468195457,72.14090604638328,70.16911160679686,72.08894348144531,0.03578364004508017,0.035158280371508116
2024-02-12,72.55563972624536,74.56541258706788,71.20646610395904,72.203857421875,0.0015940577691955227,0.0015927886076752649
2024-02-13,70.3569973280816,73.40512964528038,69.57747501499297,72.08393859863281,-0.00166083679631579,-0.0016622175147248544
2024-02-14,73.15729429339046,74.19065934700839,71.89406636072601,73.85486602783203,0.024567573076990756,0.024270643649111894
2024-02-15,73.82387565740021,73.92980608164119,72.35577132172895,72.61360931396484,-0.016806701854951922,-0.016949537123510917
2024-02-16,74.0547328068878,74.35655027525982,72.45671056832468,72.56864166259766,-0.0006192730507686983,-0.0006194648795247435
2024-02-20,71.90303947909813,71.91203666406658,67.69261615478561,69.4095687866211,-0.04353220349175657,-0.044508158720630485
2024-02-21,67.96446422295412,68.8459293516135,66.20754225691248,67.43079376220703,-0.028508677679546124,-0.028922942453167184
2024-02-22,74.97917375100998,78.52700071768926,74.17466516688725,78.49002838134766,0.1640086672884311,0.15186979540560555
2024-02-23,80.7406386857603,82.34365493003914,77.5226048674375,78.76884460449219,0.0035522502526039723,0.0035459559133167984
2024-02-26,79.65130857177527,80.596737435313,78.4570388969918,79.04368591308594,0.0034892134063126967,0.0034831402242008554
2024-02-27,79.33250852556469,79.43145470230726,77.11486980989693,78.65292358398438,-0.004943624839702343,-0.00495588497601332
2024-02-28,77.57258181183745,78.88477556464643,77.07788148076835,77.61555480957031,-0.013189195355292505,-0.013276945213075507
2024-02-29,79.04569580641504,79.94114467845763,78.30214690396402,79.06368255615234,0.01865770012383483,0.018485780362969138
2024-03-01,79.95112973995113,82.24972776986829,79.38647244624788,82.2287368774414,0.040031708857491966,0.039251201974542425
2024-03-04,84.07859536447201,87.6414196546175,83.6678509917937,85.18492126464844,0.03595074543846022,0.03531959969401716
2024-03-05,85.22190326590307,86.04844030428545,83.36995155382468,85.91551208496094,0.008576527505880227,0.008539958037789001
2024-03-06,87.97235961581464,89.67339555623481,86.98091470216241,88.64997100830078,0.03182730169420123,0.031331309736342954
2024-03-07,90.10714445366249,92.71467403344542,89.55145830366479,92.61672973632812,0.04474630598193774,0.04377408654823956
2024-03-08,95.08433828640496,97.34506345152579,86.45720334881955,87.47863006591797,-0.05547701462832777,-0.057075256315860766
2024-03-11,86.38023805804795,88.74689826261844,84.11851434296867,85.7256088256836,-0.020039422644289484,-0.02024293531470497
2024-03-12,87.99934858682109,91.90813847414768,86.10141744907258,91.86116790771484,0.07157206774124436,0.06912679241097225
2024-03-13,91.0036442134583,91.45238847114443,88.38511917925783,90.83673858642578,-0.011151930076898409,-0.011214579055921369
2024-03-14,89.52647603225017,90.5948732884495,86.55115025815236,87.89439392089844,-0.03239157098014778,-0.0329277890193749
2024-03-15,86.88097416830968,89.49549613199862,86.20835719890029,87.78746032714844,-0.0012166144958714042,-0.0012173551720930842
2024-03-18,90.33702166642148,92.3528823706334,87.03588315502401,88.40511322021484,0.007035775847309633,0.007011140262559909
2024-03-19,86.65110342037197,90.49293740706634,84.96206166270107,89.34758758544922,0.010660858076010804,0.010604431809230826
2024-03-20,89.74634940187569,90.35901024319512,88.17323967680368,90.32102966308594,0.010895001241144397,0.010836078305766118
2024-03-21,92.24794813241263,92.59575144201277,90.35401259550207,91.38343048095703,0.011762496750026497,0.011693856316066306
2024-03-22,91.0895899885777,94.72453954495887,90.78276394753543,94.2358169555664,0.031213388024470934,0.030736155514799093
2024-03-25,93.88801151365493,96.71141493346599,93.45725487677139,94.94841003417969,0.007561807194278236,0.007533360048140181
2024-03-26,95.79694219210086,96.32064875325118,92.44983185631351,92.50879669189453,-0.02569409368105202,-0.026029952453904562
2024-03-27,93.05948982143728,93.1874159899472,89.07274096879794,90.19910430908203,-0.02496727300977719,-0.02528424240380201
2024-03-28,89.9492440435148,91.24851395195789,89.1426999482675,90.30504608154297,0.0011745324221614784,0.0011738431985802962
2024-04-01,90.24807533872301,92.1729839586744,89.15369169415271,90.3120346069336,7.738798321765827e-05,7.738498892216569e-05
2024-04-02,88.39811114522563,90.04318648075638,87.57058285516493,89.40155029296875,-0.010081539165046616,-0.010132702038478904
2024-04-03,88.43410095294554,90.32303448482294,88.35014869042175,88.91382598876953,-0.005455434526593139,-0.005470369753063354
2024-04-04,90.35499714995936,90.58287298050408,85.83154944356146,85.85653686523438,-0.034384856230585736,-0.034989926047755276
2024-04-05,86.81700456921507,88.4310991932804,85.87753991776991,87.95836639404297,0.024480716385145485,0.024185866055197704
2024-04-08,88.64995673788222,88.77988827828314,86.68307229452097,87.08384704589844,-0.009942423716997939,-0.009992179682986066
2024-04-09,87.39268218376482,87.58557412064634,82.97517698832382,85.30585479736328,-0.020417015426500984,-0.02062832382478558
2024-04-10,83.87866326448999,87.35070274664696,83.66178279831279,86.98990631103516,0.019741335664148707,0.019549002650039345
2024-04-11,87.37069146521046,90.687819723934,86.87697442257391,90.56488800048828,0.04109651155009475,0.040274495758247715
2024-04-12,89.64840815742117,90.1241452492344,87.48063273280795,88.13626098632812,-0.026816430382457512,-0.02718255105792657
2024-04-15,89.0477450616577,90.56188993656951,85.8805337738884,85.9524917602539,-0.024777193877250747,-0.025089314990546674
2024-04-16,86.38424380509475,88.06829089560239,86.01545628049773,87.36569213867188,0.016441645256309645,0.01630794491877287
2024-04-17,88.29016660250515,88.72492641813315,83.90264346955806,83.98760223388672,-0.038666092170634436,-0.039433471642223376
2024-04-18,84.92207255324703,86.14138561304675,82.35552028108327,84.62323760986328,0.007568204819164315,0.007539709638338292
2024-04-19,83.10311370735981,84.27644766930946,75.56336900757456,76.15702819824219,-0.1000459170642074,-0.10541153591956817
2024-04-22,78.05994814693265,80.02783946358336,76.35691439393003,79.47315216064453,0.04354324270335552,0.042621886737217236
2024-04-23,80.7234441336971,82.72231614993429,80.21873169463018,82.37651062011719,0.036532569560143946,0.035881075034019445
2024-04-24,83.90264988256477,84.03457921776213,79.13834013698539,79.63206481933594,-0.033315878277939914,-0.033883494884850915
2024-04-25,78.82351858715127,83.27600801866915,78.17888569012331,82.58540344238281,0.03708730433836194,0.03641611503670675
2024-04-26,83.7707330936579,88.28118855401848,83.3399763925944,87.6855239868164,0.0617557138652447,0.059923871751031595
2024-04-29,87.54560831747182,87.94238000481042,85.21791921054779,87.70751953125,0.0002508457888317217,0.00025081433228721893
2024-04-30,87.19079630766022,88.76890816331654,86.25133163329888,86.353271484375,-0.015440501043841315,-0.015560947019462356
2024-05-01,85.02901046138126,85.95148630832341,81.20916027802339,82.99415588378906,-0.03889969126640147,-0.039676495923526886
2024-05-02,84.4013606664833,86.18835408667036,83.15306466582874,85.76859283447266,0.033429305005143295,0.03288269432172872
2024-05-03,87.73947860212795,89.23063371341577,86.9909005732954,88.7389144897461,0.03463181051607034,0.034045624795518974
2024-05-06,89.3395790876885,92.16798466023728,89.00476895897276,92.08802795410156,0.03774120388572544,0.03704643177509847
2024-05-07,91.04661392300342,91.72922732116892,88.96079315014337,90.50292205810547,-0.017212942129525732,-0.017362807051781233
2024-05-08,89.43253836914545,91.14257199813075,89.36957035953105,90.36101531982422,-0.0015679796304272076,-0.0015692101969916827
2024-05-09,90.47794554376881,91.02063858717587,88.18124497678554,88.69695281982422,-0.018415712728660827,-0.01858739297583987
2024-05-10,90.25406212026445,91.3494445724532,89.17666725781999,89.82730102539062,0.012743935046591215,0.012663414483956746
2024-05-13,90.4269726636133,90.94668368485891,88.47907428372562,90.3480224609375,0.005796917302454574,0.005780179830026848
2024-05-14,89.5484686052902,91.5993133075769,88.88384272491611,91.30448150634766,0.010586386058684116,0.010530742637778406
2024-05-15,92.41985698865427,94.8085087048786,91.54734815808854,94.5766372680664,0.03583784396707035,0.035210610319252794
2024-05-16,94.85647021604154,95.76495408373688,94.04991856770557,94.30577850341797,-0.002863907752193806,-0.0028680165827499136
2024-05-17,94.31577507944353,94.68656039026546,91.75421718471637,92.42683410644531,-0.019923958285382848,-0.02012511674140202
2024-05-20,93.69712178712975,95.14630088740084,93.38729907778286,94.7265396118164,0.024881361864267593,0.02457686136879156
2024-05-21,93.5462119787617,95.34619876949091,93.1274495632841,95.33220672607422,0.006393848194389928,0.006373494260926773
2024-05-22,95.40516951213256,95.96585017054332,93.19641666447399,94.89645385742188,-0.004570888303303655,-0.004581366755994511
2024-05-23,101.970450841432,106.26002974980725,101.46273414650618,103.7404556274414,0.09319633569561292,0.08910582315947413
2024-05-24,104.39008586204577,106.41494412748668,102.94190563238328,106.40895080566406,0.02572280179495179,0.025397536555960828
2024-05-28,110.18181893492428,114.87417036274923,109.82102250000426,113.83675384521484,0.06980430671773341,0.06747574082922525
2024-05-29,112.98623828974068,115.42685462015827,110.83844833840384,114.7602310180664,0.008112293628007139,0.008079565853126592
2024-05-30,114.58533630630252,115.75367568258609,109.60114957621623,110.43767547607422,-0.037665971074175464,-0.03839366516891213
2024-05-31,112.45652422078095,112.65341931534381,106.879677688503,109.57115936279297,-0.007846200216962917,-0.007877143610871025
2024-06-03,113.55691490102478,114.93513488769531,111.93982368190672,114.93513488769531,0.04895426457195806,0.04779372939024967
2024-06-04,115.65074383289046,116.53424034822847,113.98068096958718,116.37133026123047,0.012495703554343818,0.012418276586436676
2024-06-05,118.30424338003813,122.37993877462908,117.40175277551737,122.3709487915039,0.051555812903448794,0.05027079407050403
2024-06-06,123.97802351582399,125.51615686058132,118.25325773862335,120.92974853515625,-0.011777307200609988,-0.011847209062252373
2024-06-07,119.70244332667052,121.62336396697008,117.95543577009146,120.81981658935547,-0.0009090562672329217,-0.0009094697094619093
2024-06-10,120.30210862140808,123.0305645078952,116.94400320335374,121.72130584716797,0.007461435410686779,0.007433736598095294
2024-06-11,121.71130884876212,122.81078479761143,118.68277039590036,120.85173034667969,-0.007143987607067803,-0.007169628076307452
2024-06-12,123.00068806264866,126.81884668595569,122.51092635625676,125.13965606689453,0.03548087981789205,0.03486593699726404
2024-06-13,129.32762071061848,129.73742671072182,127.09870005988893,129.54751586914062,0.0352235249862749,0.03461736957031006
2024-06-14,129.89737910282292,132.7759808624214,128.2581700274141,131.8164520263672,0.017514316210574643,0.017362708221454425
2024-06-17,132.92592665460285,133.66556033801308,129.5175660413327,130.91688537597656,-0.006824388280536331,-0.006847780905889778
2024-06-18,131.07678620278367,136.26428691629846,130.62700616579136,135.5146484375,0.035119710099421164,0.034517081960814766
2024-06-20,139.73263779444994,140.69216665961412,129.45759262565218,130.71697998046875,-0.03540331995359125,-0.036045213146254314
2024-06-21,127.05874067811743,130.5670512631637,124.24010000634735,126.50900268554688,-0.03219151249937546,-0.03272105477025559
2024-06-24,123.18059459700767,124.40000776140424,117.98310411428992,118.05307006835938,-0.06684056025803731,-0.06917920340784847
2024-06-25,121.14158551930763,126.43903427437067,119.26249431645674,126.02922821044922,0.06756417378617252,0.06537958027269454
2024-06-26,126.06922189761302,128.05826088696048,122.54092403749853,126.33909606933594,0.002458698377246993,0.0024556807237129507
2024-06-27,124.04019968068097,126.34909177016176,122.86076797014964,123.93025207519531,-0.01906649698378904,-0.019250606611102696
2024-06-28,124.5199608102888,127.6484495693471,122.69084094404647,123.48046112060547,-0.0036293878779245503,-0.0036359900855979853
2024-07-01,123.41049523168472,124.77983008392047,118.77273207553426,124.24009704589844,0.006151871465324588,0.006133025954674054
2024-07-02,121.07162680437523,123.35053451744282,120.97167651778796,122.61088562011719,-0.013113410762866429,-0.013200150672333608
2024-07-03,121.60136576540062,128.21817016601562,121.30150730962696,128.21817016601562,0.045732354982504386,0.044717458123474475
2024-07-05,127.31861187118912,128.78791231292527,125.61943416430904,125.76936340332031,-0.019098749884861266,-0.019283486955406572
2024-07-08,127.42854201917729,130.70696731901708,126.9787619894619,128.13819885253906,0.018834757409261105,0.018659579569162355
2024-07-09,130.28719371816868,133.7555228326683,128.58800070420872,131.3166961669922,0.024805228596282314,0.02450257365244056
2024-07-10,133.965420342518,135.03491211498738,132.35619546389498,134.84500122070312,0.026868670600911804,0.026514046042048243
2024-07-11,135.68459054854569,136.08439171293904,126.98878558577707,127.33861541748047,-0.05566677099833184,-0.057276178301556104
2024-07-12,128.1981955828636,131.85643576222122,127.15870339191848,129.177734375,0.014442743479579745,0.014339440524040336
2024-07-15,130.49710188740187,131.32670387529456,127.11873290604161,128.3781280517578,-0.006189970176446624,-0.006209207468433614
2024-07-16,128.3781021800115,128.97780386568002,124.51996185494663,126.29910278320312,-0.01619454419616162,-0.01632710899301546
2024-07-17,121.29150949460832,121.79126850169425,116.66374383425097,117.9331283569336,-0.06623938129338913,-0.06853517049095172
2024-07-18,121.79127496540796,122.34101295266511,116.50382347473696,121.0316390991211,0.02627345501095868,0.025934236588817473
2024-07-19,120.29200868477562,121.5414063811811,117.31344884694725,117.87317657470703,-0.02609617243824469,-0.026442719884339785
2024-07-22,120.29199609290939,124.01020446831424,119.80223438238662,123.48046112060547,0.04757048811986997,0.04647366231137913
2024-07-23,122.72083281792666,124.62991607602876,122.04116019537173,122.53092193603516,-0.0076897929919688135,-0.0077195119029814145
2024-07-24,119.1125656978158,119.89218856658098,113.38533146913761,114.19493865966797,-0.0680316702482564,-0.07045644582697634
2024-07-25,112.98552700492492,116.57379332567128,106.24877714220031,112.22589111328125,-0.017242861807168275,-0.01739325121854663
2024-07-26,116.13400480341201,116.14399449340688,111.52622597755057,113.00550842285156,0.006946857822526464,0.006922839575796866
2024-07-29,113.63521076393421,116.22395888086476,111.24636320886141,111.53621673583984,-0.013001947493690547,-0.013087212695172077
2024-07-30,111.46624662712419,111.93602131829121,102.49057904635741,103.68000793457031,-0.07043639304958693,-0.073040042800566
2024-07-31,112.84559062727486,118.28296369436077,110.82655987338046,116.9636001586914,0.1281210571714464,0.12055346750492031
2024-08-01,117.47335365334001,120.10209097077005,106.75851907796755,109.15736389160156,-0.06674073178748485,-0.06907223012235558
2024-08-02,103.7099895556254,108.66759790813096,101.32114215166182,107.21829223632812,-0.01776400222708774,-0.017923675903090804
2024-08-05,92.01563932136813,103.3601765320247,90.64630432334224,100.40159606933594,-0.06357773496305075,-0.0656887663766452
2024-08-06,103.78996196090817,107.65809998114993,100.50155392872522,104.19976806640625,0.037829796992941755,0.03713179923035065
2024-08-07,107.75803985921162,108.74756823143176,98.64244001125142,98.86233520507812,-0.05122307813513172,-0.05258157453273882
2024-08-08,101.95084829679239,105.44916171874115,97.47300376138202,104.91941833496094,0.061267854105591546,0.05946428215852726
2024-08-09,105.58909444979487,106.54863093775165,103.3801603016259,104.69952392578125,-0.0020958409098081887,-0.002098040257894239
2024-08-12,106.26877223508454,111.01648357411331,106.20880358471621,108.96746826171875,0.040763741571193224,0.03995481053323162
2024-08-13,112.38580888904526,116.1739831093698,111.52622277964618,116.08402252197266,0.06530898050380807,0.0632648796227698
2024-08-14,118.4728819117515,118.54284787534027,114.0150319977807,118.02310180664062,0.016704101413275385,0.016566122335569977
2024-08-15,118.70277375276062,123.180610648127,117.41339446628129,122.80079650878906,0.04048101286115857,0.03968311859390376
2024-08-16,121.88123149659879,124.93975424016854,121.12159565561768,124.51995849609375,0.0139995996457698,0.013902510342256475
2024-08-19,124.22010290586175,129.93734741210938,123.36051676677039,129.93734741210938,0.043506189541378415,0.04258637903777463
2024-08-20,128.33812230971984,129.81742012912812,125.82933728380516,127.18868255615234,-0.021153770726436094,-0.021380717967481297
2024-08-21,127.25863301570179,129.28766098618868,126.59895509298427,128.4380645751953,0.009823059677431356,0.009775127067694398
2024-08-22,129.95734653679833,130.68699047324503,123.04067554756361,123.68036651611328,-0.03704274176676492,-0.037746252142804554
2024-08-23,125.79934477343178,129.53754784197983,125.15965381933411,129.30764770507812,0.04549858112064786,0.04449388275569044
2024-08-26,129.50755712849073,131.196729770517,124.31005885081005,126.3990478515625,-0.022493641367210437,-0.022750482148592467
2024-08-27,124.98974063480068,129.1377346219971,123.82029866993177,128.23817443847656,0.014550161715409793,0.014445323827678682
2024-08-28,128.05825393148814,128.26815944285755,122.580899020736,125.54946899414062,-0.020966498128261124,-0.0211894165348478
2024-08-29,121.30151255769351,124.37003270157089,116.65375204642187,117.5333251953125,-0.06384848827359224,-0.06597794410175065
2024-08-30,119.47239604079388,121.69132742002542,117.16351169383461,119.3124771118164,0.015137425181729336,0.015023997596487669
2024-09-03,115.95409419910477,116.15399476413343,107.238295351223,107.94795227050781,-0.09525009551732022,-0.10009672211145491
2024-09-04,105.35919602273194,113.21540048575886,104.06981688786142,106.15880584716797,-0.016574158061436917,-0.01671304619361086
2024-09-05,104.93940145906154,109.5971593888533,104.70951657024186,107.15833282470703,0.009415393942712846,0.009371345394929162
2024-09-06,107.98792932713482,108.09787692095124,100.90134249947533,102.78044128417969,-0.04085442004485862,-0.041712411704062854
2024-09-09,104.8294482794324,106.49864918568733,103.64002700878578,106.41868591308594,0.03539821957804978,0.03478610593430119
2024-09-10,107.7580285866342,109.34726610485653,104.89940661736314,108.04788970947266,0.015309377130603874,0.015193371104909347
2024-09-11,109.33727332924734,117.13351677378026,107.36822165058582,116.85365295410156,0.08149870643754831,0.07834777032847498
2024-09-12,116.79368208487448,120.7421209186122,115.33426173002456,119.0927734375,0.019161749990630916,0.018980475687471195
2024-09-13,119.03279143615939,119.91243980632909,117.55337484057826,119.05278015136719,-0.0003358162294692102,-0.0003358726283659943
2024-09-16,116.74370178435876,118.13315013570288,114.31466480568342,116.73370361328125,-0.019479398424273597,-0.0196716222704719
2024-09-17,118.12315326201993,118.75290839853001,114.78448096424103,115.54417419433594,-0.010190111185763628,-0.010242385794682224
2024-09-18,115.84405559100924,117.65333558843457,113.17511592459984,113.32505798339844,-0.01920578191337563,-0.019392608916848107
2024-09-19,117.30347459042382,119.6125639674696,117.2035157611041,117.82327270507812,0.03969302819451159,0.038925504385875616
2024-09-20,117.01358731596827,118.57297401582413,115.34425124357021,115.95401000976562,-0.015864970072520634,-0.015992165808389965
2024-09-23,116.50379891378353,116.94361929782039,114.81446644323901,116.21391296386719,0.0022414313578260625,0.0022389230979224907
2024-09-24,116.4738010232417,121.75171411597229,115.33425359874879,120.82208251953125,0.03965247738536104,0.03888650095037451
2024-09-25,121.97162190060216,124.89047006468225,121.5617884105282,123.4610366821289,0.02184165433641705,0.02160654272901266
2024-09-26,126.74973749484685,127.61938773200264,121.75171957511898,123.99082946777344,0.00429117395967249,0.004281993127690512
2024-09-27,123.92085618310571,123.98082995705606,119.21272426875333,121.35187530517578,-0.021283462445773504,-0.021513221222779034
2024-09-30,118.26309688166123,121.45183473616015,118.1031642748816,121.39186096191406,0.0003295017620266183,0.00032944748824290657
2024-10-01,121.72171877480598,122.39145893750027,115.74409392230913,116.95361328125,-0.0365613282924836,-0.03724644472853344
2024-10-02,116.39384623986545,119.33267565347262,115.09435850244638,118.80288696289062,0.015812026920395184,0.015688319165670383
2024-10-03,120.87206480654892,124.31070361178112,120.29229289145833,122.80130004882812,0.03365585793539205,0.03310189470613244
2024-10-04,124.890479741768,124.99043857930913,121.78171184810518,124.8704833984375,0.01684984889237029,0.016709464959278143
2024-10-07,124.94045138468705,130.58821322989388,124.9004663256647,127.66937255859375,0.02241433751181643,0.022166827930733386
2024-10-08,130.20834865989482,133.42707320550807,129.36868536610157,132.83731079101562,0.04047907598237832,0.03968125706970574
2024-10-09,134.0568400839603,134.46668122269037,131.32792651292905,132.597412109375,-0.0018059585835642489,-0.0018075912927999847
2024-10-10,131.8577168886846,134.94648840712318,130.94807393580103,134.75656127929688,0.016283494040900903,0.01615233980259614
2024-10-11,133.9568713960576,135.72617401836632,133.60701929174726,134.74656677246094,-7.416712582342111e-05,-7.416987634069705e-05
2024-10-14,136.4159022137037,139.54466630986312,136.24597143489578,138.01527404785156,0.02425818596855467,0.02396862957161232
2024-10-15,137.8153397242487,138.5150744275185,128.68896947491228,131.54783630371094,-0.04686030433050681,-0.04799380089788591
2024-10-16,133.92688301499192,136.56583584893667,131.527840530584,135.66619873046875,0.03130695678832418,0.030826887966629458
2024-10-17,139.28476556198524,140.83415423256426,136.81574338597488,136.87571716308594,0.008915400032842191,0.008875892497325845
2024-10-18,138.61502982502418,138.8449343829922,137.22558142668973,137.94529724121094,0.007814242732701926,0.0077838696637059415
2024-10-21,138.07524085271365,143.6530303955078,137.94528751258602,143.6530303955078,0.04137678680206358,0.04054367112187221
2024-10-22,142.85337309657714,144.36276924192205,141.72381599778205,143.53309631347656,-0.0008348872397682117,-0.0008352359522236715
2024-10-23,141.97369118156848,142.37352650102258,137.40551088320953,139.50466918945312,-0.028066189802143926,-0.028467573344633484
2024-10-24,140.76418072009866,141.293969386979,138.40511570705533,140.35433959960938,0.00609062345434741,0.006072150576929348
2024-10-25,140.8741279131319,144.0728716327459,140.74418981710016,141.48388671875,0.008047824686881144,0.00801561364956664
2024-10-28,142.9433224828564,143.08326638426843,139.99449475491215,140.4643096923828,-0.007206311969602308,-0.007232402857319112
2024-10-29,140.23437413304583,142.20359433012132,138.8449258203989,141.19400024414062,0.0051948466721249975,0.00518140000496346
2024-10-30,139.48467718743143,140.27437255912164,136.75576367804047,139.28475952148438,-0.013522109433509621,-0.013614365766067709
2024-10-31,137.54547571977304,137.55546626582213,132.05764589588958,132.70738220214844,-0.04722251983585746,-0.048373896648429816
2024-11-01,134.64660922766117,137.25557537634637,134.5166711244238,135.34632873535156,0.019885453916823614,0.019690320908507957
2024-11-04,137.15562237613318,138.90492874894582,135.51627301400697,135.99607849121094,0.004800645587734076,0.00478915923530701
2024-11-05,137.39550649112996,140.31434706066804,137.27555894461494,139.8545379638672,0.028371843625664583,0.027976817218828647
2024-11-06,142.90334822985668,146.4319479858603,141.90374455387283,145.5522918701172,0.04074057223457461,0.039932548425518556
2024-11-07,146.33196551472386,148.87095186286027,146.11205150983724,148.82098388671875,0.022457166250039906,0.022208716859354036
2024-11-08,148.71100419118065,149.71060760531262,146.20198985995728,147.5714569091797,-0.008396174685219027,-0.008431621108916765
2024-11-11,148.62105018654825,148.7909962143961,143.51309063046196,145.20240783691406,-0.016053572431175556,-0.016183826939603706
2024-11-12,146.72179022487757,149.59064718789998,145.952091313065,148.23118591308594,0.02085900723887235,0.020644436834764152
2024-11-13,149.01091396688446,149.27080540839845,145.84215717514013,146.21202087402344,-0.013621728967657454,-0.01371535593065403
2024-11-14,147.5814841067195,148.94094569769402,145.49231611296014,146.7018280029297,0.003349978517349639,0.003344379839465692
2024-11-15,144.81255966940228,145.18242335032573,140.02446543358045,141.9237060546875,-0.032570295907606295,-0.03311251398671112
2024-11-18,139.44468522690033,141.49387540802257,137.09561095173166,140.09442138671875,-0.012889211526535771,-0.012972998154476969
2024-11-19,141.26398946372595,147.07168399645053,140.9341184421503,146.95172119140625,0.048947700677948625,0.04778747181089832
2024-11-20,147.3515703217148,147.5015047606034,142.67341754276418,145.83216857910156,-0.0076185062905554934,-0.007647675353840602
2024-11-21,149.290807835149,152.8293979645091,140.64422730754492,146.6118621826172,0.005346513126098795,0.005332271265106755
2024-11-22,145.8721561256333,147.1016796207282,141.0440838257902,141.89373779296875,-0.032181054925635055,-0.03271024941219493
2024-11-25,141.933730079164,141.99370385870768,135.766177287977,135.96609497070312,-0.04177522499910746,-0.042672899095200806
2024-11-26,137.64541224160723,139.2447840977321,135.61621816013385,136.86572265625,0.006616558971857867,0.006594765624039228
2024-11-27,134.95646019838466,137.1655905980091,131.74774157257602,135.2863311767578,-0.011539715341721934,-0.011606814560208522
2024-11-29,136.7257870913165,139.29477581313424,135.99608069190262,138.19520568847656,0.021501614290346582,0.021273715587895096
2024-12-02,138.77496038075373,140.39431322408433,137.76536630294407,138.57504272460938,0.0027485543672842727,0.0027447839988576197
2024-12-03,138.2051993772479,140.48429454860658,137.8953246767264,140.20440673828125,0.011757990339645197,0.011689402286161436
2024-12-04,141.94370396224937,145.73219470186731,140.23437518220274,145.08245849609375,0.03479242822173445,0.03420085416123337
2024-12-05,145.06248362625453,146.49200804389403,143.9028598130552,145.0124969482422,-0.00048221920538693563,-0.00048233551045915354
2024-12-06,144.5526526293818,145.65228325014007,141.26372149336697,142.3933563232422,-0.01806148214891312,-0.018226581700649638
2024-12-09,138.92447761551347,139.90415231737651,137.08508402113657,138.7645263671875,-0.02548454541528611,-0.025814901171342337
2024-12-10,138.96445323342698,141.77354545828368,133.74616214517607,135.0257568359375,-0.02694326589892848,-0.027312890067357407
2024-12-11,137.31500040642362,140.12407738797447,135.16571086465208,139.2643585205078,0.03139106037169204,0.030908435127401213
2024-12-12,137.03510407678786,138.39465924672223,135.75552453494274,137.29501342773438,-0.014141056000939622,-0.014241993437873687
2024-12-13,138.89449032268433,139.55427778956917,132.4965775973186,134.20602416992188,-0.022498918064773,-0.022755880284121857
2024-12-16,134.13603509853905,134.35596424649526,130.37727237183418,131.95675659179688,-0.01675981083589173,-0.016901845686834616
2024-12-17,129.04771280436398,131.54689392732612,126.81844751374322,130.3472900390625,-0.01219692416139928,-0.012271917053166837
2024-12-18,133.8161583001621,136.6552244722092,128.23798405143236,128.86778259277344,-0.01135050407143623,-0.011415412673756687
2024-12-19,131.7168244915274,133.98608501684748,129.50755712091288,130.63717651367188,0.013730304699117735,0.013636898095124089
2024-12-20,129.76747112979962,135.2356803497186,128.1779956829599,134.65586853027344,0.030762238773439643,0.03029856619282355
2024-12-23,136.23534836132282,139.7441928628519,135.07572475974197,139.62423706054688,0.036896784258284576,0.03623239127367423
2024-12-24,139.9541431061549,141.85351466107915,138.60457919611483,140.174072265625,0.00393796389977541,0.0039302304160751846
2024-12-26,139.65425012018665,140.8038826879709,137.68489400548984,139.88417053222656,-0.0020681551781494,-0.0020702967643343503
2024-12-27,138.5046071101684,138.9744543348593,134.66586894799497,136.96510314941406,-0.020867746305433532,-0.021088554978434003
2024-12-30,134.78581438230358,140.22403398735426,133.97608228188028,137.4449462890625,0.00350339705965097,0.0034972744599369963
2024-12-31,137.98479821279548,138.02479365615312,133.7861766339878,134.2460174560547,-0.023274255761140172,-0.023549378486750698
2025-01-02,135.95545329338754,138.8345148325783,134.58590691715995,138.2646942138672,0.02993516555623721,0.029495854198452288
2025-01-03,139.96413776465596,144.85253555834646,139.68423069189672,144.4226837158203,0.044537685755323686,0.043574381550611226
2025-01-06,148.5413213081193,152.11015917129038,147.77158452702758,149.38104248046875,0.03433227133768657,0.033756070053507004
2025-01-07,152.97986196669754,153.07983530547875,139.9641234037018,140.09408569335938,-0.06216958077745127,-0.06418613606176692
2025-01-08,142.5332942493383,143.90284057175748,137.51493447299714,140.06410217285156,-0.00021402417068083768,-0.0002140470771220685
2025-01-10,137.40498271998055,139.87417502688794,134.17604480086774,135.86549377441406,-0.029976334644661762,-0.030434810508772607
2025-01-13,129.94742663109315,133.4462801889749,129.4675728747113,133.1863555908203,-0.019719047928696942,-0.019916062616993333
2025-01-14,136.00543044799826,136.33532416409136,130.00739616366573,131.71682739257812,-0.011033624215658566,-0.0110949461331892
2025-01-15,133.60622538989423,136.4053114797544,131.24699764678536,136.1953887939453,0.03400143694638924,0.03343616578197316
2025-01-16,138.59459191383036,138.70455649670012,133.44628474718112,133.52626037597656,-0.019597788453814435,-0.01979237157166056
2025-01-17,136.6452315490251,138.45463626831489,135.41563868932835,137.66490173339844,0.0309949619330947,0.030524318440046147
2025-01-21,139.1144233323199,141.78354697270905,137.0450940162502,140.78387451171875,0.022656267058981383,0.022403425677288254
2025-01-22,144.61262104889417,147.74158546149795,143.62293982675303,147.02183532714844,0.04430877355140872,0.04335520583876181
2025-01-23,145.0024960002277,147.18177468068177,143.67292977388993,147.17178344726562,0.0010199037427571778,0.0010193839943005109
2025-01-24,148.32140487495408,148.92121448023644,141.8335400716498,142.5732879638672,-0.031245768554854614,-0.031744330380743854
2025-01-27,124.75912547322825,128.3579371600633,116.66177248371496,118.38121032714844,-0.16968169831960267,-0.1859461557068112
2025-01-28,121.77009783396647,128.95774513931468,116.21192149182427,128.94775390625,0.08925862094077885,0.08549730054987718
2025-01-29,126.45856310434583,126.8484347440811,120.01067894543576,123.65947723388672,-0.04101100261279511,-0.04187567717055714
2025-01-30,123.05968123503551,124.9590604797062,118.06131881584726,124.60917663574219,0.007679956466735138,0.007650615729044326
2025-01-31,123.73945402173636,127.80812056780856,119.15096116009843,120.03067016601562,-0.03674293172733545,-0.037434957560758333
2025-02-03,114.71241754878405,118.53116613291392,112.9729895620065,116.62179565429688,-0.02840002898429128,-0.02881111168562612
2025-02-04,116.92168099297385,121.16028976109213,116.66176403787988,118.61112976074219,0.017057995851327057,0.016914141842964237
2025-02-05,121.72012173666313,124.95905839472358,120.72044926950534,124.78911590576172,0.0520860576699802,0.050774914838566575
2025-02-06,127.37828117148048,128.72784528628156,125.16900563533248,128.6378631591797,0.030842010743344472,0.030375954440314153
2025-02-07,129.17767804139822,130.32729528258605,124.95905898960582,129.79747009277344,0.009014507121894777,0.008974118990506682
2025-02-10,130.04738916543755,134.955784699492,129.91744211571256,133.52626037597656,0.02872775779480108,0.028322852162826657
2025-02-11,132.5365863252507,134.43595803743202,130.9770996135579,132.7565155029297,-0.005764745233480362,-0.005781425513216704
2025-02-12,129.97743275203294,132.19670709360815,129.03773808890557,131.09706115722656,-0.012499984196003622,-0.012578766202813282
2025-02-13,131.51689288233604,136.455276767875,131.12702127315083,135.24566650390625,0.031645296317544425,0.031154902860570374
2025-02-14,136.43528567888637,139.20438251414282,135.45561099221797,138.8045196533203,0.026313990247600838,0.025973733309642755
2025-02-18,141.22373753647113,143.3930250185803,137.8848198127303,139.35433959960938,0.003961109823097164,0.003953285283349827
2025-02-19,139.46429426521587,141.3136943495984,137.17505112782226,139.18438720703125,-0.001219570148058735,-0.0012203144289284471
2025-02-20,139.98412654948388,140.61392504988532,136.74518244514988,140.06410217285156,0.0063205003339330545,0.00630060974003788
2025-02-21,139.99411868487,141.41366694156105,133.98609294492073,134.38595581054688,-0.040539626315509114,-0.04138426330905019
2025-02-24,136.51527743543022,138.544611438826,130.03740375103862,130.23733520507812,-0.030870938711165197,-0.03135748577583991
2025-02-25,129.93741732851836,130.15734648197986,124.39923881429249,126.58851623535156,-0.028016689407695194,-0.028416644841632997
2025-02-26,129.9474287481865,133.68619399137987,128.44792005609298,131.23699951171875,0.03672120832607595,0.036063048672234525
2025-02-27,134.95577522934062,134.96576646206714,119.97068795236893,120.11064147949219,-0.08478064931096696,-0.08859151490767046
2025-02-28,117.98134023479652,125.04902421361967,116.36187573271177,124.87908172607422,0.03970039779860968,0.03893259261074542
2025-03-03,123.46954557652553,123.65947815441595,112.2432206852501,114.02263641357422,-0.08693565937899761,-0.09094892921519282
2025-03-04,110.61375634258967,119.27091565466138,110.07393231302608,115.9520034790039,0.016920912602227833,0.01677934865633183
2025-03-05,117.54148083895355,118.24124845757764,114.47248692259635,117.2615737915039,0.011294072316198722,0.01123077045938652
2025-03-06,113.49281250827367,115.31221606989396,110.18389912538346,110.53378295898438,-0.057374215738241974,-0.05908591046205051
2025-03-07,111.21356065439609,113.44283358559466,107.52476685365718,112.65309143066406,0.01917340033920767,0.01899190692690696
2025-03-10,109.86400325750407,111.81336147496829,105.42545516002185,106.94496154785156,-0.050669979938595344,-0.05199878522832824
2025-03-11,106.95494843650206,112.20322856084239,104.73567447790636,108.72437286376953,0.016638570814033082,0.016501666304464105
2025-03-12,114.09312447156262,116.7325020716217,112.85341103244578,115.71273803710938,0.06427597593132295,0.06229473316264927
2025-03-13,117.0024278677365,117.73225924433854,113.76319330991835,115.55277252197266,-0.0013824365221175583,-0.0013833929690728268
2025-03-14,118.5820578648422,121.85128414551467,118.12216714928688,121.6413345336914,0.052690747948613614,0.051349503358979635
2025-03-17,122.711081524258,122.86104771124882,118.00219206936818,119.50183868408203,-0.017588559495923528,-0.017745076192819703
2025-03-18,117.97219563901088,118.99195194008684,114.51301183473794,115.40280151367188,-0.03430103850741972,-0.034903127403256934
2025-03-19,117.24236846895431,120.4216195833343,115.65274672556286,117.4923095703125,0.018106216047043544,0.017944250649201257
2025-03-20,116.52253841801043,120.17167220516042,116.44255543913019,118.50206756591797,0.008594247566485969,0.008557527259815392
2025-03-21,116.91244866461768,117.9621966837067,115.39280254041711,117.6722640991211,-0.0070024387239934205,-0.007027070855381454
2025-03-24,119.8517551027078,122.19120779583362,119.31188140429414,121.38140106201172,0.03152091099195853,0.031034325734698574
2025-03-25,120.5216012824151,121.26142480153007,118.89198043130345,120.66156768798828,-0.005930343262850357,-0.005947997580503561
2025-03-26,118.70203035263671,118.81199741904777,112.68344440410922,113.73320007324219,-0.05741983754646518,-0.059134310275674694
2025-03-27,111.32377219977147,114.42304053099558,110.6339399022949,111.40375518798828,-0.020481661324519007,-0.020694319286351886
2025-03-28,111.46373602695421,112.84341584506377,109.04430789656145,109.6441650390625,-0.015794711282008045,-0.01592077694349004
2025-03-31,105.10522740758995,110.9338556226425,103.6255803841977,108.35446166992188,-0.011762626571884982,-0.011832353585052373
2025-04-01,108.49442552913952,110.17402996737344,106.44491315753294,110.1240463256836,0.016331442457370837,0.01619951884828537
2025-04-02,107.26472214391917,111.95361956622256,106.76483994973236,110.39398193359375,0.002451195873350409,0.0024481965929616057
2025-04-03,103.48561239808684,105.60510798745378,101.5760587841681,101.77601623535156,-0.07806553896593948,-0.08128114142925111
2025-04-04,98.88670323249266,100.10640942744341,92.08830207120735,94.28778076171875,-0.07357563943470402,-0.07642287656214382
2025-04-07,87.43939472630683,101.72602911656392,86.59959627985899,97.61699676513672,0.0353090928275368,0.034700022546239474
2025-04-08,103.78553826456235,105.82505852328022,94.43774279946976,96.27731323242188,-0.013723875729736656,-0.013818918685907799
2025-04-09,98.86669810018236,115.07287764897656,97.5070179445592,114.30306243896484,0.1872273810033236,0.1716206566786014
2025-04-10,109.34423379452805,110.83388059600858,99.12664053501021,107.5446548461914,-0.059127091160678824,-0.06094720820004916
2025-04-11,108.47443427245335,111.52371865557488,107.45467796999777,110.90386199951172,0.031235463613924708,0.030757562677878148
2025-04-14,114.08311462021162,114.2630725146749,109.04430120283689,110.68391418457031,-0.0019832295375104003,-0.001985198741229029
2025-04-15,110.94385517244878,113.5932323217664,110.47396469045397,112.1735610961914,0.013458567331988691,0.013368805296761056
2025-04-16,104.52537649088836,106.76484672728219,100.4263361362673,104.46538543701172,-0.06871651023515024,-0.07119154777139383
2025-04-17,104.42538906519317,104.44538862475022,100.02643178468185,101.4660873413086,-0.028710927386675578,-0.02913114890654451
2025-04-21,98.74673137333838,99.41657935183265,95.01761424618036,96.88717651367188,-0.04512749971558783,-0.046177454969923155
2025-04-22,98.75673214732677,99.78648832080442,97.25708545719098,98.86670684814453,0.020431293445663856,0.02022537463736439
2025-04-23,104.4953697335839,104.77531016741209,101.99595878138034,102.68579864501953,0.0386286943160854,0.03790127992635914
2025-04-24,103.45562063709751,106.51489717654988,103.08570507328525,106.40492248535156,0.036218482880859604,0.035578012414590604
2025-04-25,106.82483233532861,111.8936379045766,105.70510100806126,110.98385620117188,0.04303310043246045,0.042132911308412305
2025-04-28,109.66416443154382,110.34400455936343,105.9950231207954,108.70439147949219,-0.020538705355019227,-0.020752557799449293
2025-04-29,107.64463563001284,110.17403844763395,107.41469407982767,108.99431610107422,0.002667092080054001,0.002663541701362443
2025-04-30,104.44538450923935,108.89433288574219,104.05547701680861,108.89433288574219,-0.0009173250395856369,-0.0009177460396820735
2025-05-01,113.05335693358144,114.91291927434723,111.27377757314032,111.58370208740234,0.024697053835501137,0.024397011671066938
2025-05-02,114.15310576985596,115.37281962529518,113.34329900218786,114.47303009033203,0.025893817366504868,0.02556424954741541
2025-05-05,112.88340831442672,114.64298826396649,112.63346720059009,113.7931900024414,-0.005938866887284733,-0.005956572091273119
2025-05-06,111.4537475013017,114.7129742117387,110.7938992837595,113.51325988769531,-0.0024599900463295743,-0.0024630207932687313
2025-05-07,113.02337494499027,117.65228163619798,112.25355204144066,117.03242492675781,0.031002237470267424,0.03053137522671381
2025-05-08,118.22214377270919,118.65204278244111,115.82270761670769,117.34235382080078,0.002648230985873523,0.0026447306007199795
2025-05-09,117.32235248570746,118.20215005190205,115.18285724943865,116.62252044677734,-0.006134471915594353,-0.006153365094515101
2025-05-12,121.94127499373305,122.97103118896484,120.25167057965504,122.97103118896484,0.05443640488875179,0.05300641080963476
2025-05-13,124.95056035306071,131.18908818741485,124.44067836400953,129.89938354492188,0.0563413373781545,0.05481136920807433
2025-05-14,133.16861033831793,135.40808800730593,131.6489642323906,135.30810546875,0.0416377797663503,0.040794262711428365
2025-05-15,134.258351724734,136.2678878895653,132.6287461607251,134.79823303222656,-0.003768232765931301,-0.003775350441351778
2025-05-16,136.18791721457987,136.31789147723805,133.42857277146337,135.36810302734375,0.004227577634351887,0.004218666534108666
2025-05-19,132.35879696756518,135.83797251007488,132.35879696756518,135.53805541992188,0.0012554832990736564,0.001254695838942981
2025-05-20,134.2583525069389,134.54829272140586,132.58874781513978,134.3483428955078,-0.00877770099864661,-0.008816451945526478
2025-05-21,133.02864907239967,137.36762292180558,130.55922977564506,131.76895141601562,-0.019199280198776703,-0.019385979908510684
2025-05-22,132.19884131725317,134.21836966107523,131.51900885300861,132.7987060546875,0.0078148503695743,0.007784472588990611
2025-05-23,129.96937433382988,132.64873565144939,129.12957588399638,131.25906372070312,-0.01159380523896325,-0.011661537423707832
2025-05-27,134.1183754403962,135.6280293045703,133.27857708527512,135.4680633544922,0.03206635423474524,0.031562961731518485
2025-05-28,135.9979578766118,137.2176717346689,134.75824445795843,134.7782440185547,-0.005092117794083917,-0.005105126806973366
2025-05-29,142.21648797143945,143.45620133736625,137.87751407348716,139.15721130371094,0.03249016424752793,0.03197351965516137
2025-05-30,138.6873257641086,139.58710766728817,132.88868890141003,135.09817504882812,-0.029168709381678815,-0.02960257386263701
2025-06-02,135.45808684638126,138.08745689917103,135.36809645457458,137.34764099121094,0.016650601990513936,0.016513500505562415
2025-06-03,138.74729436292043,141.9665367692297,137.91748812723765,141.1867218017578,0.027951559872750442,0.02756804517640441
2025-06-04,142.15650682982962,142.3564566649135,139.5071219355859,141.88656616210938,0.00495687095373043,0.004944626116286623
2025-06-05,142.13651043477643,143.96608121416313,138.79730082341692,139.95703125,-0.013599137425771679,-0.013692452665405617
2025-06-06,142.47640682683559,143.23623746842864,141.47664251332282,141.6865997314453,0.012357853449719514,0.01228211848812834
2025-06-09,143.15627066728982,144.96584183837217,141.9065651342004,142.59640502929688,0.0064212515479658006,0.006400723144077613
2025-06-10,142.65638139553192,144.25599524562207,141.4966510569608,143.92608642578125,0.009324789052088667,0.009281581599223064
2025-06-11,144.5859620448177,144.96590375929992,141.84641202362192,142.80625915527344,-0.007780571947151982,-0.007810998523934495
2025-06-12,141.94641106631286,144.9759063720703,141.82643588786814,144.9759063720703,0.015192942029507384,0.015078685098274031
2025-06-13,142.4563055840922,143.556128789635,140.8265869783813,141.94639587402344,-0.02089664809731795,-0.021118073175124843
2025-06-16,143.32618096280035,146.1556971839991,143.1761967394354,144.66595458984375,0.019159054367494432,0.018977830742543268
2025-06-17,144.46598768948277,145.1958620737219,143.75609899624828,144.09603881835938,-0.003939529332248171,-0.003947309718690903
2025-06-18,143.9860537050978,145.62578045463974,143.0962022725339,145.455810546875,0.009436565638210936,0.009392319389974604
2025-06-20,145.42582047781178,146.17569581398777,142.6262828381709,143.8260955810547,-0.011204192941437152,-0.01126743272200272
2025-06-23,142.47632119978937,144.7559411184857,142.00639807778802,144.1460418701172,0.002224535733727162,0.0022220651174162756
2025-06-24,145.53580457152245,147.9354148301798,145.4758169849003,147.8754119873047,0.025872164568679912,0.02554314304890008
2025-06-25,149.24520677628502,154.4243389252029,149.23519867353343,154.28436279296875,0.0433402059174941,0.04242730300362518
2025-06-26,155.95406403411533,156.69394650127538,153.97439748110884,154.99423217773438,0.004601045575293838,0.004590493120936221
2025-06-27,156.01404775885302,158.68361723049148,155.2341786737402,157.72377014160156,0.01761057766805907,0.017457308270665904
2025-06-30,158.37368067249696,158.6336472456001,155.93409881773164,157.96376037597656,0.0015215857074653005,0.0015204292688643923
2025-07-01,156.26402965591922,157.17388214393176,151.46483925954294,153.2745361328125,-0.02968544324345679,-0.030134974737803088
2025-07-02,152.9545671877056,157.57380961936815,152.94457434216997,157.22386169433594,0.025766351418616162,0.025439993152528935
2025-07-03,158.34368228178877,160.95324924613055,157.74379112425564,159.3135223388672,0.013290989179453039,0.013203438882959067
2025-07-07,158.17371270193448,159.28352889047815,157.31385497697042,158.21371459960938,-0.006903417381724064,-0.006927356204234811
2025-07-08,159.30351713245472,160.19336858156893,158.36367094336165,159.97340393066406,0.011122230051344939,0.01106083288019853
2025-07-09,161.1932080055649,164.39267314506114,161.13322041798892,162.85293579101562,0.01800006619600092,0.017839983153870063
2025-07-10,164.29270331195812,164.4726660794993,161.5831469026993,164.07273864746094,0.007490211033165828,0.0074622986953861055
2025-07-11,163.6927958392512,167.862101078866,163.44283738179527,164.89259338378906,0.0049968979800461,0.004984454919256748
2025-07-14,165.3425116109199,165.4625020418882,161.99307751467913,164.04273986816406,-0.005153982348054642,-0.0051673099282076845
2025-07-15,171.1615549258278,172.37134531045626,169.17188012202328,170.671630859375,0.040409535932759866,0.039614420191223965
2025-07-16,171.03157616389174,171.72146396229547,168.87193138356372,171.34152221679688,0.00392503050477,0.00391734766955151
2025-07-17,171.99141956059896,174.13106334471073,170.80161486292053,172.97125244140625,0.009511589505708296,0.009466639146369284
2025-07-18,173.61113894806013,174.22103817113316,171.23152964225835,172.38134765625,-0.003410420962038696,-0.0034162497036895195
2025-07-21,172.72129949000853,173.35119970444802,170.97159023323564,171.35153198242188,-0.005974055127366262,-0.005991971184677883
2025-07-22,171.31154005146294,171.36153479867312,164.55266825003173,167.00225830078125,-0.02538216980801078,-0.025709853858088744
2025-07-23,169.5018251648929,171.23153339032083,167.94208685699226,170.75161743164062,0.022450948681822958,0.022202635834811597
2025-07-24,172.41134882841166,173.80111724784433,171.27153886755505,173.7111358642578,0.017332301017892293,0.017183810026743608
2025-07-25,173.58115848322245,174.69097468726906,172.9312725713388,173.47117614746094,-0.0013813721014661606,-0.0013823270754584475
2025-07-28,173.99108478739527,176.97058528484683,173.94109004538618,176.7206268310547,0.01873193435220344,0.01855865226448988
2025-07-29,177.93044011853775,179.35020236643535,174.99092613442062,175.4808349609375,-0.007015547037994785,-0.007040271693966676
2025-07-30,176.48066791766442,179.86011122312902,176.01074478620916,179.24021911621094,0.021423331819171443,0.02119707794992163
2025-07-31,182.86960179799485,183.26954448460754,175.9007587673991,177.84043884277344,-0.007809521101566741,-0.007840175111206516
2025-08-01,174.06106522140865,176.51065501732398,170.86160006411595,173.69113159179688,-0.02333162962246693,-0.023608121226798857
2025-08-04,175.1309006070304,180.17005649193501,174.49100755408614,179.9700927734375,0.03615015415062883,0.035512069773851344
2025-08-05,179.59015184800575,180.23004490386853,175.87076869322405,178.23037719726562,-0.009666692667442134,-0.009713718442209087
2025-08-06,176.30069964693718,179.87009845787975,176.22071111043454,179.3901824951172,0.00650733795265368,0.00648625663512085
2025-08-07,181.53984513179375,183.84945895635624,178.7703010091291,180.73997497558594,0.00752433863266444,0.007496171998690576
2025-08-08,181.51982919208731,183.26953833968557,180.3700111699138,182.6696319580078,0.010676426079413437,0.010619835476421821
2025-08-11,182.01974653412333,183.80944232526838,180.2200426409657,182.0297393798828,-0.0035030046935885517,-0.0035091545807863955
2025-08-12,182.9295986692803,184.44933506001817,179.4301803710301,183.1295623779297,0.0060419962243181136,0.006023816556037098
2025-08-13,182.58965738273272,183.93943921657484,179.3202115957667,181.55982971191406,-0.00857170543975927,-0.008608653798644192
2025-08-14,179.72011917648817,182.98957985829236,179.43017409752198,181.98974609375,0.0023679047425748667,0.0023651056738877856
2025-08-15,181.84978375259033,181.86976944489334,178.01041021115256,180.42001342773438,-0.008625390714084524,-0.008662804692042862
2025-08-18,180.56998232776263,182.90958965389834,180.55997422620712,181.979736328125,0.008644955017783396,0.008607801368352591
2025-08-19,182.39967416584764,182.46966985536903,175.46084035755914,175.61080932617188,-0.03499800104375028,-0.035625106188042995
2025-08-20,175.1408920976954,175.9707560164781,168.77195541250927,175.370849609375,-0.0013664290809751733,-0.0013673634964971996
2025-08-21,174.8209444570093,176.87059152353538,173.78110877087863,174.95091247558594,-0.0023945663416949925,-0.0023974379006856325
2025-08-22,172.58132291943235,178.56032512128596,171.17155351749952,177.96043395996094,0.017202090813873028,0.01705581002367675
2025-08-25,178.3203719824875,181.87977802218637,176.54066896263805,179.78012084960938,0.010225232930471728,0.01017330889317426
2025-08-26,180.03006938032237,182.35968393651802,178.7802771456414,181.7397918701172,0.01090037658917331,0.010841395706416915
2025-08-27,181.94975068857377,182.45967569067753,179.07023971825097,181.56982421875,-0.0009352252999643706,-0.0009356628960004141
2025-08-28,180.7899615720414,184.43934897141472,176.3806906932069,180.1400604248047,-0.00787445711365986,-0.007905624375742408
2025-08-29,178.08040158317536,178.12038822306508,173.12121914292007,174.1510467529297,-0.03324642868305783,-0.03381165435421267
2025-09-02,169.9717482776903,172.351357635579,167.19221149694363,170.75161743164062,-0.019520005102879878,-0.019713036514491123
2025-09-03,171.03158891427162,172.38137081666613,168.851958278929,170.59165954589844,-0.0009367869432114206,-0.0009372260023245525
2025-09-04,170.54166973363456,171.83144870716828,169.381858788342,171.63148498535156,0.006095406083867605,0.006076904242296264
2025-09-05,168.00209055003162,169.0019244592772,164.04275681292185,166.9922637939453,-0.027030129068697395,-0.02740216240269134
2025-09-08,167.5221599855096,170.93159698121408,167.32219627229085,168.2820281982422,0.007723497933343371,0.007693824414153946
2025-09-09,169.0618925540675,170.95157781434446,166.71229229208453,170.7316131591797,0.014556426417988044,0.014451498666018775
2025-09-10,176.61064931709572,179.26020289704138,175.44084555219968,177.300537109375,0.03847514721289991,0.03775343262051414
2025-09-11,179.66027757334626,180.26021784214308,176.4606317396978,177.1505584716797,-0.0008459006393353175,-0.0008462586151700266
2025-09-12,177.75047851465564,178.5803891806412,176.43061617633268,177.80047607421875,0.003668730192814884,0.0036620168169008314
2025-09-15,175.650725630949,178.83038469078608,174.49084923140515,177.73049926757812,-0.0003935692872465424,-0.0003936467559653467
2025-09-16,176.98057174387853,177.4805168617991,174.36086420825131,174.86080932617188,-0.016146299893558758,-0.016278071737281796
2025-09-17,172.62104942275718,173.18098551277336,168.39151800406466,170.27130126953125,-0.0262466362492908,-0.02659722737366243
2025-09-18,173.96089569350613,177.08056354559588,172.94101865721873,176.2206573486328,0.034940451119733984,0.03434388991210669
2025-09-19,175.7506939671915,178.06043774665943,175.16074718989944,176.6505889892578,0.0024397346321005653,0.0024367633114044094
2025-09-22,175.28075846993005,184.52974299714734,174.69082690233378,183.58984375,0.039282375453410845,0.038530451374934785
2025-09-23,181.95002022927713,182.3999677661597,176.19065819152993,178.410400390625,-0.028212036426306986,-0.028617642790173294
2025-09-24,179.75025700209653,179.76025041106172,175.38072666046574,176.9505615234375,-0.008182476268150385,-0.008216136468703266
2025-09-25,174.4608472798892,180.2402117285651,173.11100459099512,177.67050170898438,0.00406859508864299,0.004060340737146719
2025-09-26,178.15043859744398,179.750269051669,174.91078879333958,178.17044067382812,0.00281385463560313,0.0028099031575023995
2025-09-29,180.41019002973698,183.97980553666213,180.30021674934378,181.83004760742188,0.020539921884648038,0.020331822428759798
2025-09-30,182.06000352373024,187.32942897828707,181.4600633204032,186.55950927734375,0.026010341701790507,0.02567782632915341
2025-10-01,185.21967144700423,188.11934700723293,183.87980694521147,187.21945190429688,0.0035374376225016935,0.003531195606199452
2025-10-02,189.57919146332628,191.0290292282152,188.03935198339767,188.8692626953125,0.00881217616136909,0.008773575541577188
2025-10-03,189.16924608680657,190.33911589327732,185.35966652947783,187.5994110107422,-0.006723442800848245,-0.006746146966392577
2025-10-06,185.4796339074747,187.20943969833962,183.3098739831843,185.51962280273438,-0.011086325894108073,-0.011148237209627232
2025-10-07,186.20955566811082,189.03924688644503,183.97980469837793,185.01968383789062,-0.002694803694029413,-0.002698441213908405
2025-10-08,186.5495190429729,189.57918508139647,186.51950830089396,189.0892333984375,0.021995224919487466,0.02175681948046783
2025-10-09,192.20888438710807,195.27855455286462,191.039014711271,192.54885864257812,0.018296257179543973,0.018130894630978597
2025-10-10,193.4887469873255,195.59851591827854,182.03001384654092,183.139892578125,-0.04886534322137259,-0.05009963153015511
2025-10-13,187.9493639887039,190.08912842775598,185.93959015922437,188.29933166503906,0.02817212030804872,0.027782585224038966
2025-10-14,184.74970821605342,184.77970370013514,179.6802578066599,180.01022338867188,-0.044020911827305276,-0.045019240466326105
2025-10-15,184.77971248532194,184.84969686580231,177.2705272995106,179.8102569580078,-0.0011108615216387507,-0.0011114789856192203
2025-10-16,182.20999112544493,183.2598789113643,179.75026972003684,181.7900390625,0.011010395836064779,0.01095022271154542
2025-10-17,180.1602152773484,184.07979842608083,179.7302697995737,183.19989013671875,0.007755381326113531,0.007725462942447067
2025-10-20,183.10990104163824,185.1796658652692,181.7100455780644,182.6199493408203,-0.0031656175965260047,-0.003170638763439442
2025-10-21,182.76991679751694,182.76991679751694,179.7802549646251,181.14010620117188,-0.008103403516373953,-0.008136414546060781
2025-10-22,181.12011433169937,183.4198648953589,176.74059027394597,180.2602081298828,-0.004857555235790012,-0.004869391502995129
2025-10-23,180.4001849787377,183.0098989665471,179.7702492811968,182.13999938964844,0.010428209748937878,0.010374211051715317
2025-10-24,183.81980015643103,187.44940625639555,183.47984116964938,186.23953247070312,0.0225075935807193,0.022258035392054606
2025-10-27,189.9691435897376,191.97891738858848,188.4093020699799,191.46897888183594,0.028079142713459238,0.027692151144970024
2025-10-28,193.0288146936141,203.12769700573313,191.8889404255143,201.0079345703125,0.04981984937812545,0.04861857742843619
2025-10-29,207.95717223581016,212.1667169482571,204.7575264516481,207.01727294921875,0.029896025705414164,0.02945785122908878
2025-10-30,205.12746791137428,206.13736677538768,201.38788833732997,202.8677215576172,-0.020044469393717956,-0.020248085279448852
2025-10-31,206.42733011185774,207.94716749796044,202.04782138155986,202.4677734375,-0.0019714724306379994,-0.0019734183403692595
2025-11-03,208.05714970598171,211.31678618801203,205.53742218982754,206.85728454589844,0.0216800483053341,0.021448378486165685
2025-11-04,202.9777066091775,203.9476013046771,197.90825607143535,198.66818237304688,-0.039588173995557474,-0.04039310108689996
2025-11-05,198.7481902403631,202.89772869539195,194.6286320152979,195.18858337402344,-0.017514626436203384,-0.01766982230750043
2025-11-06,196.39843756369172,197.59830279082226,186.35954634625867,188.05935668945312,-0.03652481390732354,-0.037208545384962245
2025-11-07,184.87970536775757,188.29934352754728,178.8903723972709,188.1293487548828,0.0003721807128440613,0.0003721114707823952
2025-11-10,195.08858253564551,199.91805415635875,193.76872011438098,199.0281524658203,0.057932501138553194,0.05631653285510292
2025-11-11,195.13857433756354,195.3985402959953,191.2789975702345,193.1387939453125,-0.02959058026486583,-0.030037214335174377
2025-11-12,195.69851973704638,195.86849924763862,191.1090271797132,193.7787322998047,0.003313360000960719,0.003307882918741538
2025-11-13,191.02901978717685,191.4189763426968,183.82981362374773,186.8394775390625,-0.03581019794270368,-0.03646711365097375
2025-11-14,182.8399142970662,190.98901295495202,180.56016596493993,190.14910888671875,0.017713769013105507,0.017558708664468615
2025-11-17,185.9495778546046,188.9792438771453,184.29976516169708,186.5795135498047,-0.018772611440638687,-0.018951053657407912
2025-11-18,183.3598703733926,184.7797126313021,179.6302689297591,181.340087890625,-0.028081462747415187,-0.028483287444823868
2025-11-19,184.76970592228736,187.8393762025218,182.8099296469334,186.49952697753906,0.02845172927249262,0.02805449587626998
2025-11-20,195.92847930218133,195.97847686300787,179.83025642841662,180.6201629638672,-0.031524819976513685,-0.032032423697866866
2025-11-21,181.22010834266524,184.5397359279593,172.91100782704066,178.86036682128906,-0.009743076928405703,-0.009790851268402874
2025-11-24,179.47030653663683,183.4798609481747,176.4606271183833,182.52996826171875,0.020516571142315865,0.020308941393949672
2025-11-25,174.89079203873564,178.14043506786686,169.53138015579162,177.80047607421875,-0.02591077088622873,-0.02625236853586816
2025-11-26,181.6100638206842,182.8899220695924,178.22043661727494,180.24020385742188,0.013721716820289664,0.013628426497535618
2025-11-28,178.99033405428943,179.2703020816569,176.48061521713345,176.98056030273438,-0.01808499704797284,-0.018250529412443567
2025-12-01,174.7408159055669,180.2802164760195,173.66093259662904,179.90025329589844,0.016497252512760685,0.01636265119304991
2025-12-02,181.7400335835938,185.63961443898967,179.98023235974816,181.44007873535156,0.008559328912786102,0.008522905549192543
2025-12-03,181.06012391136443,182.4299686383783,179.09033894604931,179.57028198242188,-0.010305312728931093,-0.010358780113431765
2025-12-04,181.61017209543593,184.51002440204854,179.95027347354184,183.37008666992188,0.021160543078458716,0.02093976783855516
2025-12-05,183.88004685245298,184.6500094505641,180.9002124089338,182.40013122558594,-0.00528960563825176,-0.005303645132968149
2025-12-08,182.6301165694494,187.98982714518382,182.39012406320575,185.5399627685547,0.0172139763380188,0.017067494481283838
2025-12-09,185.54995586495326,185.70995086836587,183.31008684903045,184.95999145507812,-0.0031258565800189597,-0.0031307522745196094
2025-12-10,184.9599880707457,185.46995496958337,182.03013874897007,183.77005004882812,-0.006433507035163322,-0.006454291233027983
2025-12-11,180.27023782951787,181.31019006496976,176.61043233199788,180.92019653320312,-0.015507714749317336,-0.015629217144241425
2025-12-12,181.10019518559332,182.81010931847595,174.61054106596097,175.01052856445312,-0.03266450115570951,-0.03320989556876012
2025-12-15,177.93037643785232,178.4103461991077,175.02053019793698,176.28045654296875,0.007256294743706926,0.0072300945050929495
2025-12-16,176.25046044282257,178.48035080582065,174.8905333961456,177.71038818359375,0.008111685598434226,0.00807896271619421
2025-12-17,176.0904801521757,176.12047730871902,170.30078481189744,170.93075561523438,-0.038149894542773066,-0.03889665598996
2025-12-18,174.52054772862792,176.14045512074784,171.8107030234881,174.1305694580078,0.018719942068098128,0.01854688041923136
2025-12-19,176.6604358481607,181.4401759084778,176.3304518785618,180.98020935058594,0.03933622863520214,0.03858226769342382
2025-12-22,183.91003698180788,184.15002947616998,182.34012994783166,183.6800537109375,0.01491789831628254,0.014807720863768647
2025-12-23,182.96010023623109,189.31975669034466,182.89009670029142,189.19976806640625,0.030050700900573935,0.02960802520538894
2025-12-24,187.92983057380172,188.899779295176,186.57989753660073,188.59979248046875,-0.0031711222062752453,-0.003176160869262579
2025-12-26,189.9097162518428,192.67957056140054,187.98982202804387,190.51968383789062,0.010179710869091751,0.010128246578782895
2025-12-29,187.6998414610299,188.749772392931,185.8999358866866,188.20980834960938,-0.012124077899723362,-0.012198174039463773
2025-12-30,188.22982052336855,188.9797799436452,186.91987858592935,187.52984619140625,-0.003612788112190568,-0.003619329992199417
2025-12-31,189.55975523635485,190.54969193131708,186.47991997410415,186.4899139404297,-0.005545422619901985,-0.005560855557135792
2026-01-02,189.82971935613102,192.91954841717475,188.24980305842183,188.83978271484375,0.012600514015812525,0.012521788173345913
2026-01-05,191.74961996436147,193.61952916959007,186.13992286460274,188.1098175048828,-0.003865526635683625,-0.0038730170930417218
2026-01-06,190.50969495089785,192.15959956375178,186.80989821500853,187.22987365722656,-0.004677819899715829,-0.004688795139394922
2026-01-07,188.55979791265688,191.35963411085106,186.54989697142676,189.09976196289062,0.009987125820996923,0.009937584060043825
2026-01-08,189.09977067708235,189.53974931649188,183.70006889406122,185.0299835205078,-0.021521859150629097,-0.02175683184431315
2026-01-09,185.06998015284367,186.32990643372668,183.66005283935564,184.84999084472656,-0.000972775721840291,-0.0009732491752103244
2026-01-12,183.2100845491025,187.10986736077922,183.010098425574,184.92999267578125,0.000432793264901532,0.000432699636909862
2026-01-13,184.9899882929175,188.0998205983224,183.3900687774691,185.79994201660156,0.004704209026523465,0.004693178813997547
2026-01-14,184.3100252062831,184.45001701406107,180.79021156477043,183.1300811767578,-0.01436954614122099,-0.014473787878718945
2026-01-15,186.48991316970114,189.6897370464893,186.31992419508657,187.03988647460938,0.02134988022026696,0.021125164339048683
2026-01-16,189.06976141755646,190.4296883714215,186.06992389502736,186.21990966796875,-0.004383967623675433,-0.0043936053878168
2026-01-20,181.89014292514364,182.37012791600927,177.60038196777572,178.06036376953125,-0.04381672138594639,-0.04480567027408543
2026-01-21,179.04031586008543,185.3699752173061,178.3903418724365,183.31008911132812,0.02948284071008489,0.029056579750963277
2026-01-22,184.7399951080077,186.15991637882954,183.92003219020145,184.82998657226562,0.008291401026019996,0.00825721619066442
2026-01-23,187.48984685190618,189.58973923983262,186.80989099781206,187.6598358154297,0.015310552663258647,0.015194528911584565
2026-01-26,187.1498802806874,189.1097657209082,185.97994539629804,186.4599151611328,-0.006394126101000319,-0.006414656086299057
2026-01-27,187.22986667366473,189.9897117301412,185.6899415183402,188.50979614257812,0.010993681830616886,0.010933690593106213
2026-01-28,191.25965707901594,192.33960048487265,189.82972650403363,191.5096435546875,0.01591348287194827,0.015788190876832572
2026-01-29,191.32963792417547,193.46952146246272,186.04992498376654,192.49957275390625,0.005169082772252587,0.005155768924444679
2026-01-30,191.19965692455457,194.47947816452233,189.45974561417185,191.11965942382812,-0.00716839684544246,-0.007194213250918772
2026-02-02,187.1898706566695,190.2897090701948,184.87000408758857,185.59996032714844,-0.028880854608678286,-0.029306114416740678
2026-02-03,186.22992037566058,186.25991753048794,176.22045266395375,180.33023071289062,-0.028392945801114955,-0.028803821486399327
2026-02-04,179.45029148582987,179.57028010697434,171.90069716024271,174.18057250976562,-0.03410220337884484,-0.03469725096611551
2026-02-05,174.92051964769362,176.81043194569037,171.020736948564,171.87069702148438,-0.01326138417734124,-0.013350101548895904
2026-02-06,176.6804343618602,186.98987361565233,174.59055120100808,185.39996337890625,0.07871770227202068,0.07577302301087933
2026-02-09,184.25002288009932,193.64952333361757,183.9400420976916,190.0297088623047,0.024971663419029566,0.024664966763379943
2026-02-10,191.36964298604585,192.46957427391544,188.10980972728564,188.52978515625,-0.007893101110529654,-0.007924416525772629
2026-02-11,192.43958265041238,193.24953637655122,188.75978911487715,190.0397186279297,0.008008991631896611,0.007977089879130206
2026-02-12,193.01955263160718,193.5995230748733,186.49990120030046,186.9298858642578,-0.016364120017250072,-0.016499491079763246
2026-02-13,187.4698554447334,187.4898586352177,181.58017462912434,182.80010986328125,-0.02209264710071812,-0.022340344621430332
2026-02-17,181.74016448672575,187.13986615921206,179.17029624003743,184.95999145507812,0.011815537711723945,0.011746279262754105
2026-02-18,188.73978069812654,190.3596881055438,186.7498829478333,187.96981811523438,0.016272852504360502,0.016141868716214123
2026-02-19,187.04988063530703,188.41980165789556,185.64996245587088,187.88983154296875,-0.00042552880599477927,-0.0004256193690695209
2026-02-20,186.5599139825128,190.31970507557438,185.92994318264132,189.8097381591797,0.010218257158700395,0.010166403704481202
2026-02-23,191.3896412925324,193.93950641757905,189.56974766836524,191.53964233398438,0.009113885259954158,0.00907260443723529
2026-02-24,191.47964208446245,193.75951747058733,187.38985183856119,192.83956909179688,0.006786724366676156,0.006763798223351665
2026-02-25,194.43946745531196,197.61930319203404,193.77949953248776,195.54940795898438,0.014052296839024425,0.013954478630994869
2026-02-26,194.25948668244985,194.27947461393586,184.31002841741252,184.87998962402344,-0.0545612407949545,-0.056106163785103344
2026-02-27,181.2401979138715,182.5801217841234,176.3704661683341,177.180419921875,-0.041646311846979644,-0.04253837483251021
2026-03-02,175.00052620838028,183.45008125730604,174.63055110847353,182.47012329101562,0.029854898026954846,0.029417916615645075
2026-03-03,178.4803396065267,180.8901975001603,176.91041730394699,180.04025268554688,-0.013316539505995872,-0.013405999706042235
2026-03-04,180.4302401537762,184.69000418349444,180.0502558302461,183.03009033203125,0.016606495502460517,0.01647011544804586
2026-03-05,181.1601973472636,184.05004039552568,177.87038204113773,183.330078125,0.0016390080583172928,0.0016376663504562787
2026-03-06,179.83025866705609,182.7500987288974,176.81043317462274,177.8103790283203,-0.03010798420604055,-0.030570537605429608
2026-03-09,176.82042919903367,182.90010189125664,175.55049367782217,182.64010620117188,0.02716223428151121,0.026799887586009843
2026-03-10,182.39012758732315,186.42991760168223,182.00014929336922,184.760009765625,0.011606999188437328,0.011540154718599876
2026-03-11,185.91000366210938,187.6199951171875,184.4499969482422,186.02999877929688,0.006873722377926494,0.006850206049899695
2026-03-12,184.0500030517578,184.94000244140625,181.75,183.13999938964844,-0.015535125563684415,-0.015657060121153334
2026-03-13,184.9199981689453,186.08999633789062,179.94000244140625,180.25,-0.015780274103308733,-0.01590610818182284
2026-03-16,182.97000122070312,188.8800048828125,181.41000366210938,183.22000122070312,0.01647712189016981,0.016342847084503342
2026-03-17,185.05999755859375,185.39999389648438,181.67999267578125,181.92999267578125,-0.00704076266961684,-0.0070656657992947056
2026-03-18,182.47999572753906,183.3800048828125,180.3300018310547,180.39999389648438,-0.00840982158463277,-0.008445383654979622
2026-03-19,178.00999450683594,179.97999572753906,175.7899932861328,178.55999755859375,-0.010199536586162128,-0.010251908275091526
2026-03-20,178.0,178.25999450683594,171.72000122070312,172.6999969482422,-0.03281810422532416,-0.03336869803842486
2026-03-23,177.25999450683594,178.3699951171875,174.75999450683594,175.63999938964844,0.01702375502813336,0.01688047473673104
2026-03-24,174.8300018310547,176.22000122070312,173.97999572753906,175.1999969482422,-0.002505138026276832,-0.002508281134920151
2026-03-25,177.10000610351562,181.22000122070312,176.85000610351562,178.67999267578125,0.019862989658425256,0.019668294409632546
2026-03-26,176.07000732421875,176.50999450683594,171.13999938964844,171.24000549316406,-0.04163861365338872,-0.04253034213772591
2026-03-27,170.0,170.97000122070312,167.00999450683594,167.52000427246094,-0.02172390271764868,-0.021963340729077872
2026-03-30,168.77999877929688,169.4499969482422,164.27000427246094,165.1699981689453,-0.014028211816980884,-0.01412753717929103
2026-03-31,166.97000122070312,174.6199951171875,166.9600067138672,174.39999389648438,0.05588179348466227,0.054376241030536364
2026-04-01,176.0,177.3699951171875,174.75,175.75,0.0077408609562046315,0.007711054213118247
2026-04-02,172.17999267578125,177.49000549316406,171.3699951171875,177.38999938964844,0.009331433227018238,0.009288164369341389
2026-04-06,177.16000366210938,177.7899932861328,175.75999450683594,177.63999938964844,0.0014093240930164175,0.0014083319278955812
2026-04-07,175.72999572753906,178.22999572753906,173.66000366210938,178.10000610351562,0.0025895446715138437,0.002586197577764938
2026-04-08,184.5,185.25999450683594,180.3000030517578,182.0800018310547,0.02234697131467711,0.022100936428509733
2026-04-09,181.83999633789062,184.0800018310547,180.6199951171875,183.91000366210938,0.010050537196021558,0.010000366429111892
2026-04-10,184.30999755859375,190.0,184.3000030517578,188.6300048828125,0.025664733438725884,0.025340922819897742
2026-04-13,186.02999877929688,189.66000366210938,185.74000549316406,189.30999755859375,0.0036049019677633076,0.003598419882182582
2026-04-14,190.83999633789062,196.50999450683594,190.77000427246094,196.50999450683594,0.03803284053190947,0.03732742252058659
2026-04-15,196.5399932861328,200.39999389648438,195.74000549316406,198.8699951171875,0.012009570384825752,0.011938027722559317
2026-04-16,197.42999267578125,199.85000610351562,195.80999755859375,198.35000610351562,-0.0026147182905368327,-0.002618142636842663
2026-04-17,199.89999389648438,201.6999969482422,199.27000427246094,201.67999267578125,0.0167884369538549,0.016649068831843417
2026-04-20,199.97999572753906,202.1699981689453,197.83999633789062,202.05999755859375,0.0018841972263623497,0.0018824243533806851
2026-04-21,202.1300048828125,202.75,199.0,199.8800048828125,-0.010788838474320439,-0.010847460012281764
2026-04-22,200.99000549316406,202.5,199.0,202.5,0.013107839969903834,0.013022675641870152
2026-04-23,202.4600067138672,203.8300018310547,197.22000122070312,199.63999938964844,-0.014123459804205263,-0.014224145002446242
2026-04-24,199.9600067138672,210.9499969482422,199.80999755859375,208.27000427246094,0.04322783464835034,0.042319593820825736
2026-04-27,209.64999389648438,216.8300018310547,207.3800048828125,216.61000061035156,0.04004415502378422,0.03926316900565752
2026-04-28,209.49000549316406,214.72999572753906,208.1999969482422,213.1699981689453,-0.01588108781548958,-0.016008543515173078
2026-04-29,212.6999969482422,212.72000122070312,207.5800018310547,209.25,-0.01838907070702589,-0.01856025148587312
