Date,Open,High,Low,Close,Simple,Log
2010-01-27,56.91290706562279,57.1238082098301,56.677193186941935,56.795047760009766,,
2010-01-28,56.5283536532288,56.88192706815664,56.48493252271304,56.76407241821289,-0.0005453880755196261,-0.000545536853693106
2010-01-29,56.7020332663385,57.29132061350089,56.6027822805799,57.26030349731445,0.00874199221376415,0.008704002244628464
2010-02-01,57.0891090973383,57.10156167725692,56.67826419611043,56.74051284790039,-0.009077678909585996,-0.0091191320932704
2010-02-02,56.75917523553337,56.927247035550046,56.67202619118891,56.90235137939453,0.002852257115263823,0.0028481971481525803
2010-02-03,56.52887467124498,56.62847633632029,56.19272617551898,56.24252700805664,-0.011595731201660464,-0.011663485979457327
2010-02-04,56.640883911491734,57.157556495982625,56.58486157665715,57.13265609741211,0.015826619761021066,0.015702684752434515
2010-02-05,56.8774260376821,57.531043583705504,56.77782445966065,57.25714874267578,0.0021790102853158633,0.002176639685487116
2010-02-08,57.18868061046644,57.36297864335863,57.05173079911823,57.331851959228516,0.001304696761769586,0.001303846384525428
2010-02-09,57.107762842592344,57.40656291355068,56.73426631584393,56.7591667175293,-0.009988954169952269,-0.010039178511656194
2010-02-10,56.84633166360981,57.02062977493819,56.14913446902896,56.21760940551758,-0.009541318932796528,-0.009587128941093103
2010-02-11,56.14912913331854,56.19892994589915,55.63868267753443,55.91258239746094,-0.005425826734402284,-0.005440599994610611
2010-02-12,56.21756063920125,56.286035516290866,55.99346190495582,56.14286422729492,0.004118604792692215,0.004110146556108734
2010-02-16,55.856558999927984,56.29853051745916,55.856558999927984,56.24872970581055,0.0018856444175527898,0.0018838688218624077
2010-02-17,55.97480262169941,56.08062573275959,55.45190860286238,55.6075325012207,-0.011399318845837114,-0.011464789100651563
2010-02-18,55.688486495533176,55.71338690316732,55.09711724934049,55.38346481323242,-0.0040294484921330476,-0.0040375885938137845
2010-02-19,55.551538837326845,55.71961540822451,55.339892487920686,55.6822624206543,0.005395068878942366,0.005380567628286941
2010-02-22,55.476823770641666,55.60132102277762,55.35232176923997,55.45192337036133,-0.004136668308353908,-0.004145247989739104
2010-02-23,55.613791432725286,56.36078949668983,55.588895771600704,56.31721496582031,0.015604356762879634,0.01548386068053948
2010-02-24,56.36699449534929,56.57241449227456,56.13666934817142,56.45414352416992,0.002431380146065587,0.002428429123761678
2010-02-25,56.759181504043596,56.82765643920046,56.58488339610512,56.771629333496094,0.005623782232924146,0.005608027808325957
2010-02-26,56.93344352461056,57.30693991191836,56.90232159607238,57.06416702270508,0.005152885211212155,0.005139654529538046
2010-03-01,57.03299287564673,57.157885291014765,56.80193666644158,57.03923416137695,-0.0004369267550721201,-0.0004370222353797159
2010-03-02,56.7519716333105,57.00176120126855,56.63956656594635,56.96429443359375,-0.001313827734278128,-0.0013146915626331373
2010-03-03,56.83320133726952,56.876914189221075,56.639611766332436,56.820709228515625,-0.002520617634358846,-0.0025237997393595286
2010-03-04,56.80190255473813,57.25152260299352,56.72072300993433,57.120384216308594,0.00527404518285346,0.005260186114104752
2010-03-05,56.72074378646761,56.74572321655802,56.277369622125896,56.371036529541016,-0.013118743808337885,-0.013205554596086667
2010-03-08,56.13999518494398,56.183708004339735,56.01509801214182,56.07754898071289,-0.005206353597460023,-0.005219953882149329
2010-03-09,56.189940755365285,56.202428087520076,55.827746186471046,56.090023040771484,0.000222443032645403,0.0002224182958622988
2010-03-10,55.88392681818856,56.01506519955741,55.69658831523472,55.946372985839844,-0.002561062505309075,-0.002564347636035922
2010-03-11,55.821527086115964,56.28988087961017,55.8090397479329,56.152496337890625,0.0036843023247092876,0.0036775319073133893
2010-03-12,56.05881062980333,56.60834865947528,56.033835959672764,56.50218963623047,0.006227564599009305,0.006208253451401459
2010-03-15,56.42098860180227,56.49592688305779,56.23365004517131,56.4272346496582,-0.001326585519160206,-0.001327466212693052
2010-03-16,56.552175467978145,56.883144822799714,56.539688125907155,56.87690353393555,0.007969004454484008,0.007937419627276787
2010-03-17,57.02046653254634,57.120384216308594,56.870594771240334,57.120384216308594,0.004280835756605095,0.004271699045110973
2010-03-18,57.08921962816016,57.126691181698824,56.83318862808207,56.933101654052734,-0.0032787342876868797,-0.003284121114824198
2010-03-19,56.98926544189453,57.18909611385134,56.74572195933277,56.98926544189453,0.0009864874073270968,0.0009860011483906255
2010-03-22,57.04542021626416,57.1328457679436,56.96424070808619,57.051666259765625,0.0010949573992091732,0.0010943583705901345
2010-03-23,56.870605844963016,57.02672368298744,56.77069290608331,56.783180236816406,-0.004706015451446333,-0.004717123605960311
2010-03-24,56.102526841688004,56.35856248723912,55.61543975090714,55.746578216552734,-0.018255441416639262,-0.018424128107892793
2010-03-25,55.659170958254286,55.72786323880785,55.18457581086474,55.390647888183594,-0.0063847923900637316,-0.006405262354495881
2010-03-26,55.29069164650374,55.65288615817816,55.259466174541494,55.546722412109375,0.0028177053325111334,0.0028137430421401035
2010-03-29,55.440593548679296,55.48430637457073,55.147091104405085,55.334434509277344,-0.0038217899025082547,-0.003829111602156225
2010-03-30,55.278224947057396,55.54674793054389,55.12210704420107,55.509281158447266,0.0031598163190880157,0.003154834590974682
2010-03-31,55.715346500881054,55.902685087262626,55.54673653236439,55.89019775390625,0.006862214525381605,0.006838776693811715
2010-04-01,55.64070887742875,55.80367726445797,55.4276004176861,55.75353240966797,-0.0024452471046898516,-0.002448241603914399
2010-04-05,55.145610852511766,55.245895901629616,54.78833669750516,54.82594299316406,-0.01663732101650761,-0.01677727572761566
2010-04-06,55.03273575102878,55.06407270743022,54.75067445094846,54.91364288330078,0.0015996056857181529,0.0015983276792327058
2010-04-07,54.81335423688791,55.73474589441704,54.71933858373431,55.615657806396484,0.01278398019573368,0.01270295494039414
2010-04-08,55.71595676441988,55.86638662934452,55.45897261109358,55.64073944091797,0.00045098153129452534,0.00045087986968759733
2010-04-09,55.54046049471624,55.82251711986503,55.41510305733449,55.772377014160156,0.0023658487389794924,0.0023630545251087476
2010-04-12,55.89145327850154,56.135903576951485,55.84130840136342,56.06695556640625,0.005281800203195575,0.0052679004189423425
2010-04-13,56.342753980254656,56.380360251321704,56.11083748382301,56.24873352050781,0.003242158456174149,0.0032369139929764516
2010-04-14,56.26125089526788,56.33019888758442,55.85383224487305,55.85383224487305,-0.007020625193112751,-0.007045385739899408
2010-04-15,55.69086062852652,56.098279255512715,55.58430638546037,55.916507720947266,0.0011221338546554271,0.001121504733056658
2010-04-16,56.03561063299414,56.405418289600966,55.935320892985374,56.323936462402344,0.007286376743847578,0.007259959347936586
2010-04-19,56.33022721977868,56.43051221590252,56.11084452547811,56.18606185913086,-0.0024478864925131516,-0.0024508874650136193
2010-04-20,56.31772109216922,56.40547230767498,56.18609426891059,56.38666915893555,0.003570410403698432,0.003564051619624072
2010-04-21,56.580956257221565,56.93196578667429,56.57469173107638,56.85047912597656,0.00822552518102615,0.008191879922804582
2010-04-22,56.97578552148283,57.0948735685418,56.61851181615325,56.681190490722656,-0.002977787309035196,-0.0029822297389302897
2010-04-23,56.54338785393921,56.637408411998535,56.330279052283345,56.480709075927734,-0.0035370007767874245,-0.0035432707530081006
2010-04-26,56.7314065202224,56.819157731130275,56.37413236664539,56.543365478515625,0.0011093416427130354,0.0011087267779609435
2010-04-27,56.944474335914364,57.615146555889254,56.85045388259325,57.339359283447266,0.0140775809539333,0.01397941205876696
2010-04-28,57.12000199473155,57.25789808322215,56.71258781956698,56.85047912597656,-0.008526083367168535,-0.008562638344789476
2010-04-29,56.95077653104252,57.176423836495374,56.73766306163408,57.08867263793945,0.004189824177823986,0.004181071304652595
2010-04-30,57.21399279861627,57.77184138922852,57.10743852447203,57.746768951416016,0.01152761630403032,0.011461679580228102
2010-05-03,57.501459925991874,57.87884768475744,57.4134029422381,57.671287536621094,-0.0013071106170187141,-0.0013079656312479403
2010-05-04,58.37574336397029,58.79087325743089,58.21849806470413,58.709102630615234,0.01799535155748222,0.017835351867888184
2010-05-05,59.16195645031956,59.658852059220955,58.71538047747657,59.055030822753906,0.005892241179620505,0.005874949816568112
2010-05-06,59.22483345919808,62.89807896750386,58.9858176879263,60.879051208496094,0.030886790851345935,0.03041939381796059
2010-05-07,60.30671822195282,61.696766155577635,59.923039290189195,60.11802673339844,-0.012500596838990297,-0.012579386600956989
2010-05-10,58.595916817988105,59.08652160323031,58.551883507712056,58.87266540527344,-0.020715272868947032,-0.02093284407693815
2010-05-11,59.11166508245694,59.13682011172897,58.488970136177294,58.72169494628906,-0.0025643557658738825,-0.002567649357953654
2010-05-12,58.58330010776607,58.65877956839352,58.24994088779866,58.27510070800781,-0.0076052681839264835,-0.007634335707326345
2010-05-13,58.658817291259766,58.84122250602019,57.99209362381695,58.658817291259766,0.006584571774051362,0.006562988175357442
2010-05-14,59.19970833518477,60.06770060592094,59.18083486949331,59.677730560302734,0.017370163874660838,0.01722102712106203
2010-05-17,59.577080862157246,60.199770706150495,59.41983561275279,59.45757293701172,-0.0036891085036914184,-0.0036959300465765014
2010-05-18,59.69026381217357,60.48906711508539,59.60849325761954,60.369564056396484,0.015338519121036231,0.015222073264932414
2010-05-19,60.34447771707383,60.9797454829815,60.33818655935522,60.5709114074707,0.003335246066811459,0.003329696469739384
2010-05-20,61.5835767425612,61.99870200872652,61.34456071776364,61.847747802734375,0.021080026131259366,0.020860916259113443
2010-05-21,62.6528312555009,62.74088825863082,61.55211391763019,61.9106330871582,0.0010167756572867503,0.0010162590910431264
2010-05-24,62.1056084945914,62.18737912988631,61.577266537668315,61.69676971435547,-0.0034543884004812897,-0.0034603685759629684
2010-05-25,62.677992569427786,62.82894674997658,61.89176588089695,61.99869155883789,0.0048936410428011,0.00488170610251169
2010-05-26,61.77854992693995,61.89176676365307,61.2627854038573,61.82257843017578,-0.002840594280848263,-0.0028446364253255285
2010-05-27,60.90423615556185,61.00487062810291,60.30670127947869,60.419918060302734,-0.02268848057602857,-0.022949824718200045
2010-05-28,60.69038319246213,60.87278828189294,60.39476131644478,60.69667434692383,0.004580547202081231,0.004570088421543188
2010-06-01,61.363166814746236,61.40103208338096,60.74467347530073,61.12334060668945,0.007029483317766871,0.00700489167700475
2010-06-02,61.21166488038105,61.33789040312038,60.47326362864855,60.542686462402344,-0.009499712197071242,-0.009545122280293727
2010-06-03,60.08828904067039,60.530071183253014,60.018866201336145,60.100914001464844,-0.0072968757541316265,-0.007323628170834774
2010-06-04,61.180092417899516,61.81751304626336,61.028621839368675,61.71653747558594,0.026881845325708698,0.026526875959504044
2010-06-07,61.54616879175376,62.22145985093837,61.42626053527145,62.18990707397461,0.007670060858095518,0.0076407954908180795
2010-06-08,61.804933301370546,62.17098021622094,61.69764518271152,61.88066864013672,-0.004972485864467524,-0.004984889808344702
2010-06-09,61.59666391511096,61.924845563737634,61.350530086147394,61.81124496459961,-0.001121896014744772,-0.001122525811166851
2010-06-10,61.34420033709949,61.40100302818613,60.64366430877052,60.70677947998047,-0.01786835850421209,-0.018029925135807114
2010-06-11,61.27482275941615,61.7292253636928,60.97189089990845,61.476783752441406,0.012683991459551347,0.012604223449535915
2010-06-14,60.78880794659576,61.24321010674225,60.725697605466614,61.16116714477539,-0.005133915413287782,-0.005147139236432766
2010-06-15,61.28741182205128,61.37576729722677,60.618433277147645,60.90874481201172,-0.004127166706386798,-0.0041357069650449505
2010-06-16,61.33792629002336,61.35685892575832,60.83303353369178,61.25587844848633,0.005699241341222905,0.005683062109081954
2010-06-17,61.312666676222356,61.994270291632766,61.26217644952239,61.75444412231445,0.008139066591746014,0.008106123021809698
2010-06-18,61.77972041871779,61.91856620471799,61.577764224994425,61.653499603271484,-0.0016346114110108445,-0.0016359488458996064
2010-06-21,60.877222888181635,61.565139279382414,60.84567009428276,61.476783752441406,-0.0028662744526621875,-0.0028703900835142173
2010-06-22,61.64718297229005,62.22780638832149,61.48309207123242,62.2088737487793,0.011908397799174297,0.011838050759731614
2010-06-23,62.234064746494695,62.8399327599807,62.20881964405641,62.63166427612305,0.006796305765816024,0.0067733149892327425
2010-06-24,62.70113120355258,62.85259710970159,62.070017643748294,62.25935363769531,-0.005944447472868264,-0.005962186032973678
2010-06-25,62.05100433173448,62.68842954659234,61.95002879725661,62.51171875,0.004053448960830375,0.004045255869314324
2010-06-28,62.85889057407007,63.11133688461109,62.745289975077256,63.098716735839844,0.009390207109604365,0.009346393182495572
2010-06-29,63.31327854555942,63.824478717055385,63.21230293335573,63.78661346435547,0.010901913130745289,0.01084291567855246
2010-06-30,64.00123635733716,64.2410578064338,63.616256652856414,64.21581268310547,0.006728672294067373,0.006706135815881483
2010-07-01,64.29808714610832,64.98810555989861,64.17780759927146,64.31707763671875,0.00157694731845881,0.0015757052426568301
2010-07-02,64.00686780386783,64.2157727929673,63.405479922222526,63.80429458618164,-0.007972735537417508,-0.008004687737670999
2010-07-06,63.82969156429019,64.41208964320607,63.77271521432443,64.32979583740234,0.008236142325982465,0.008202410393209743
2010-07-07,64.22849868214415,64.26015274259073,63.519489263831915,63.57646560668945,-0.01171044025410839,-0.011779547506963757
2010-07-08,63.19026276823767,63.40549959553358,63.019343524858904,63.17127227783203,-0.006373322659427472,-0.006393718988060976
2010-07-09,62.92439166014521,63.076320426197604,62.78512161221036,62.81044387817383,-0.005711906482922413,-0.005728281806741251
2010-07-12,62.88007920811756,63.20292723383382,62.69649640128542,62.78512191772461,-0.0004031488855313903,-0.00040323017189108055
2010-07-13,62.57620810452219,62.601530367072,62.15207107370021,62.24702835083008,-0.00857039933122472,-0.008607336398604894
2010-07-14,62.493916856022565,62.98135714771816,62.28501180398391,62.873741149902344,0.010068156114056537,0.010017809877453588
2010-07-15,63.139627717320295,63.677712621729455,63.11430544973615,63.50046157836914,0.009967920104715589,0.0099185680761776
2010-07-16,63.50041019087312,64.01950418195126,63.47508794378092,63.810604095458984,0.004884098625127065,0.0048722101095113055
2010-07-19,63.65869460482662,63.77897411641476,63.29153395792485,63.41814041137695,-0.006150446146770738,-0.006169438053181951
2010-07-20,63.72827419964891,63.87387584129099,63.41808527755176,63.51304244995117,0.0014964494064098055,0.0014953308417747077
2010-07-21,63.58907158308019,64.74753968629042,63.56375415140269,64.58927917480469,0.01694512943072435,0.016803162248768284
2010-07-22,64.26010671626868,64.26643366004109,63.8233061095684,63.8422966003418,-0.011565117059771701,-0.011632513159170672
2010-07-23,63.810649379844264,63.91826538406417,63.107972220973664,63.16494369506836,-0.010609782876604856,-0.010666467923489598
2010-07-26,63.070008880869004,63.183956699387146,62.671193930920474,63.057350158691406,-0.0017033742149183961,-0.0017048266063214603
2010-07-27,62.53185575162915,62.785073387039105,62.398917579726984,62.449562072753906,-0.00963865567468225,-0.009685408179707708
2010-07-28,62.3482983927621,62.79143064202016,62.20902839527319,62.65216064453125,0.0032441952361701443,0.0032389441886887206
2010-07-29,62.101436034411485,62.68383367283352,61.987488250396005,62.63319396972656,-0.00030272977994005856,-0.00030277561184991256
2010-07-30,63.4308335543588,63.6903832034608,63.209269725691996,63.608089447021484,0.015565156676603964,0.015445262143075062
2010-08-02,63.02631489039676,63.08347549605585,62.71512222290039,62.71512222290039,-0.014038579556218789,-0.014138052483960219
2010-08-03,63.0009358812946,63.29308159073885,62.8294636865236,63.0771484375,0.005772550571023549,0.0057559532429550374
2010-08-04,63.191430191038314,63.19778244524303,62.59444427490235,62.594444274902344,-0.007652599626883028,-0.007682031014638948
2010-08-05,63.08983289794956,63.18509735890191,62.772287925009564,62.88660430908203,0.004667507437186913,0.004656648400993402
2010-08-06,63.3756143963475,63.642350960713124,63.18508551017157,63.57249069213867,0.010906716789565785,0.010847667521777795
2010-08-09,63.3438909004642,63.49631602679378,63.26133092438405,63.33754348754883,-0.0036957369772976367,-0.0037025830860168674
2010-08-10,63.54710155608757,64.15043994152454,63.172400795379474,63.47089385986328,0.0021053922361335964,0.0021031790038365883
2010-08-11,63.70587659521898,64.3917749607492,63.70587659521898,64.32191467285156,0.013408048338932277,0.013318955945376725
2010-08-12,64.51241008363458,64.74104275332073,64.061496997684,64.1631088256836,-0.0024689228853910228,-0.002471975701311266
2010-08-13,64.53785446471814,65.06497553877365,64.44894224281225,64.96336364746094,0.012472195260230468,0.01239505815010673
2010-08-16,66.1826924828089,66.6145536427844,66.09378031858009,66.58914947509766,0.02502619532540562,0.024718168678841763
2010-08-17,66.58916755206994,66.59551980705346,66.04934216689148,66.20811462402344,-0.005722176271626855,-0.005738610645846327
2010-08-18,66.68443355339583,67.09724292065373,66.36053637658107,66.38594055175781,0.0026858630357351476,0.002682262551109924
2010-08-19,66.55105265450136,67.70691575654544,66.45578822698151,67.42112731933594,0.01559346390175853,0.015473135126375933
2010-08-20,67.57990224788412,67.84663877851841,67.21789644085868,67.34491729736328,-0.001130358168170198,-0.0011309975047960339
2010-08-23,67.09722835020939,67.44017737259615,66.84319149895809,67.35761260986328,0.00018851181365242553,0.0001884940475331961
2010-08-24,67.9800436263495,68.67228949675865,67.74505854937472,68.43730926513672,0.01602931893573878,0.015902205960143915
2010-08-25,69.09780166657698,69.44074604102464,67.99909371173398,68.21502685546875,-0.003247971202473998,-0.0032532573101270923
2010-08-26,68.31027518357729,68.90090904569468,68.1388030247344,68.85645294189453,0.009403002769240443,0.009359069725663674
2010-08-27,68.44363948709915,68.79929314202613,66.81145856408136,66.90672302246094,-0.02831586345406001,-0.028724489734716935
2010-08-30,67.45283871219168,68.20859658281786,67.20515425541198,68.18954467773438,0.019173284795950707,0.01899179355732385
2010-08-31,68.72941482424949,69.00250361574477,68.34836193608987,68.94534301757812,0.011083786281543162,0.01102281126469951
2010-09-01,68.16950725132868,68.18862070824362,66.94013728379308,67.51979064941406,-0.020676557774186533,-0.02089331080492259
2010-09-02,67.0101914308437,67.07389322110261,66.50061112712244,66.80635833740234,-0.010566269609988965,-0.01062248900694416
2010-09-03,65.43050710624757,66.2076225423089,65.41776480021315,65.97830963134766,-0.012394758922087412,-0.012472214641928995
2010-09-07,66.94012434630326,67.37964143486113,66.7617709943564,67.32868194580078,0.02046691286876401,0.020260280271553854
2010-09-08,66.94011204856936,67.01655126811704,66.47512016067049,66.79360961914062,-0.00794716770322168,-0.007978914751752735
2010-09-09,66.05474624636695,66.14392295253879,65.37954979684703,65.47509765625,-0.019740091460976994,-0.019937529685294383
2010-09-10,65.1311242351312,65.41776293578052,64.87633157912865,65.17571258544922,-0.004572502852497884,-0.004582988720315855
2010-09-13,64.84451522422553,65.64073960143966,64.82540175696734,65.49423217773438,0.004887090292531315,0.004875187231902898
2010-09-14,65.62793597790859,66.13114989735917,65.58971879863194,66.1247787475586,0.009627512971112973,0.009581463791575595
2010-09-15,65.4496043487028,65.77446505948896,65.06104669809476,65.14385223388672,-0.01483447706368457,-0.014945608337622745
2010-09-16,64.67251635372773,64.85724095904175,64.23937017638346,64.50053405761719,-0.00987534746885732,-0.009924432132088748
2010-09-17,64.86362254215669,65.07382693990643,64.53876164197689,64.76170349121094,0.004049104978889773,0.0040409294150382845
2010-09-20,65.06741360229371,65.25850440928465,64.77440381042919,65.13748168945312,0.005802475506117455,0.0057857059836762936
2010-09-21,65.3987174971571,66.25863928935736,65.13755829586489,66.04206848144531,0.01388734670930103,0.013791801077338933
2010-09-22,66.59619746440715,66.92742461038185,66.15030897356507,66.63441467285156,0.008969225298760541,0.008929240706886905
2010-09-23,67.14397480578046,67.17582084755013,66.39870550384431,66.82548522949219,0.0028674455621573447,0.00286334228221447
2010-09-24,66.22037810606405,66.31592598840018,65.9273681640625,65.9273681640625,-0.013439738781474975,-0.01353086950725692
2010-09-27,66.5834444286781,67.16946420933257,66.55159838002712,67.07392120361328,0.017391154409463816,0.01724165905918185
2010-09-28,67.12484269452325,67.72360448666987,67.09936295232936,67.53250885009766,0.006837048412486002,0.006813781786816321
2010-09-29,67.62808133011433,67.69177827894526,67.1057585740755,67.25226593017578,-0.004149748390718466,-0.004158382491079471
2010-09-30,67.13761926607103,67.25864202856349,66.26495587459173,67.20768737792969,-0.0006628557659659196,-0.0006630755519788074
2010-10-01,66.63993578855317,67.22174597021734,66.48009712971626,66.88288879394531,-0.0048327594157188125,-0.004844474958343796
2010-10-04,66.88925995234653,67.08745825799558,66.75499611195006,67.05548858642578,0.0025806270571269163,0.0025773029567370395
2010-10-05,66.95960228256793,67.01074693793302,66.44811670581322,66.6527099609375,-0.006006646644131974,-0.006024759112639823
2010-10-06,67.06827068002859,67.8354939304502,67.04269592129634,67.49024200439453,0.012565611269937493,0.01248731915330583
2010-10-07,67.2409252249637,67.3751891118343,66.92124791016073,66.92764282226562,-0.008336007775646692,-0.008370946590771809
2010-10-08,67.04908805077115,67.42630475118885,66.63350677490234,66.63350677490234,-0.004394836497445431,-0.004404522179776027
2010-10-11,66.56324791263589,66.76784131282491,66.45455873582422,66.6463623046875,0.00019292890930366902,0.00019291030091500542
2010-10-12,66.75497516836589,66.97874816548722,65.9685673466132,65.98774719238281,-0.009882236472167683,-0.009931389869439007
2010-10-13,65.4379241364203,65.9302297731298,65.2397258264627,65.8854751586914,-0.001549863998133505,-0.001551066279749097
2010-10-14,66.03893693833977,66.26910498359145,64.87531176640674,64.90088653564453,-0.01494394053735515,-0.015056726269495084
2010-10-15,64.31908148222404,64.6067940223374,63.86514023312701,64.10809326171875,-0.012215445986094031,-0.012290667752366827
2010-10-18,64.70266545359358,64.86250405884246,64.43413776746837,64.62594604492188,0.008077806667701193,0.008045355824712852
2010-10-19,64.30627680782888,65.2716985911571,64.28709695328283,65.01596069335938,0.006034954570203199,0.006016817167557286
2010-10-20,64.81136421268198,65.39317424237902,64.70906515635998,65.1566162109375,0.002163399818723155,0.0021610630389876655
2010-10-21,65.01600629311977,65.15666516229396,64.37665134443067,64.38304138183594,-0.01187254455629183,-0.011943586068968741
2010-10-22,64.21678942318822,64.87532400212588,64.19760956211461,64.81777954101562,0.00675237065303258,0.0067296755050673465
2010-10-25,65.29090928255407,65.3995984201205,64.92647726762154,65.0031967163086,0.002860591285384073,0.0028565075801537947
2010-10-26,64.48528894254916,64.61315787886663,63.96741340920996,63.9993782043457,-0.015442602251452664,-0.015563081181852477
2010-10-27,63.73085096256091,64.04413327327784,63.43674850463867,63.43674850463867,-0.008791174469079843,-0.008830044821734594
2010-10-28,63.66690416634015,63.82674274586327,63.39837652343404,63.60935974121094,0.0027209975391415675,0.0027173023269287254
2010-10-29,63.820390508601484,64.22957715554101,63.69252151064148,64.2040023803711,0.009348351273765543,0.00930492586552082
2010-11-01,64.65231592131627,64.65872631808087,63.81208906905225,63.92753982543945,-0.0043060018796610144,-0.004315299405463251
2010-11-02,64.43418913568166,64.83826401674513,64.40853288861638,64.76771545410156,0.013142624148470228,0.01305700918472261
2010-11-03,65.24881773817765,65.59516515136997,63.13222193994405,63.446502685546875,-0.0203992492137689,-0.020610187483194008
2010-11-04,63.60684207929056,64.05581940556485,63.54911914939626,63.94036865234375,0.007783974622597611,0.0077538357910363126
2010-11-05,63.08089785981263,63.36952717591597,62.84358596801758,62.84358596801758,-0.01715321177282525,-0.017302032399536156
2010-11-08,63.23481744837016,63.44647792427537,62.7409478980226,63.12578201293945,0.004490451023362763,0.004480399028924964
2010-11-09,63.17064419591333,63.189885156969055,61.695446758308485,61.73392868041992,-0.02204888855450904,-0.022295598493820283
2010-11-10,61.79810369299999,62.048246122718595,60.93222567524854,61.817344665527344,0.0013512178293275667,0.00135030575603044
2010-11-11,61.862249849707794,61.97770059314103,61.66341991679637,61.78528594970703,-0.000518603896588754,-0.0005187384181004632
2010-11-12,61.70837454879643,62.048311805780926,61.45181655883788,61.45181655883789,-0.005397229870241049,-0.005411847535702263
2010-11-15,61.14390594069331,61.39404845133599,60.16898727416992,60.16898727416992,-0.020875367995667027,-0.02109633913616039
2010-11-16,60.87453486868644,61.73399805114758,60.28445033713572,61.66344451904297,0.024837666588325646,0.024534225987705643
2010-11-17,61.44536001225344,62.061095789683286,61.15031536464156,61.32349395751953,-0.005512999868478863,-0.005528252536722736
2010-11-18,61.368382242754706,61.57362747192383,60.80395908589769,61.57362747192383,0.00407891818064976,0.0040706219460107575
2010-11-19,61.63136464889705,61.9520606994629,61.43894995461757,61.95206069946289,0.006146027821921418,0.006127218023944458
2010-11-22,62.45236281423797,62.6127108707559,61.72758646697897,62.21504592895508,0.004244979529703707,0.004235995021162358
2010-11-23,62.64476461264217,62.82435361591561,62.368965816634145,62.52290344238281,0.00494828073870246,0.004936078235287573
2010-11-24,62.09314950241227,62.20860024243522,61.3042401901154,61.4068603515625,-0.017850148175680758,-0.018011383670549937
2010-11-26,62.03541679873564,62.291974502052916,61.92638136519093,62.25990295410156,0.01389164985239888,0.01379604527072012
2010-11-29,62.574160647496676,62.82430297089751,62.27270582354454,62.792236328125,0.008550179951547277,0.008513834191193701
2010-11-30,63.63253769736872,63.67101967442948,62.92700705512004,63.11942672729492,0.0052106823757664955,0.00519715374560237
2010-12-01,62.20546558666959,62.50152825368777,61.71631622314453,61.71631622314453,-0.02222945576189206,-0.02248025381772217
2010-12-02,61.76138445378821,62.13468287410329,61.484629405678746,61.55542755126953,-0.0026069065965195204,-0.002610310494570808
2010-12-03,61.96731442322772,61.99949717010851,61.0469438409714,61.072689056396484,-0.007842338426956363,-0.007873251288439022
2010-12-06,61.478178610639496,61.94802030181577,61.343019882865214,61.935150146484375,0.01412187842738466,0.014023093633824589
2010-12-07,60.963300871137164,61.09202209127935,59.95926160490874,60.609310150146484,-0.02140690695351688,-0.021639358146622975
2010-12-08,60.31967566515074,60.37116610944206,59.28345379818337,60.02361297607422,-0.009663485240490766,-0.009710479712648414
2010-12-09,60.24242454014972,60.67364585203774,59.68248206096307,60.31966018676758,0.004932179121096336,0.004920055772332148
2010-12-10,60.04289891100205,60.40975960046246,59.9463555905341,59.95279312133789,-0.006082047947447933,-0.0061006189391290405
2010-12-13,59.88847912436433,60.51922014258916,59.57310370485084,60.178104400634766,0.0037581448263948047,0.00375110064331737
2010-12-14,59.47004518354853,59.86908346302727,58.85217518368966,59.302703857421875,-0.014546828151729807,-0.014653670668748477
2010-12-15,59.26412837712679,59.3671043244996,58.22790682020075,58.5304069519043,-0.013022962787234249,-0.013108505054588312
2010-12-16,58.588340918313236,58.942331544860714,58.29227826265466,58.93589401245117,0.006927801832645297,0.006903914872821559
2010-12-17,59.13539414130105,60.3518271209997,59.12252399105525,60.010711669921875,0.018237063770401685,0.018072763090924693
2010-12-20,60.33897132268341,60.647909016430695,59.624557509390996,59.94636535644531,-0.0010722471319868365,-0.0010728224001994226
2010-12-21,59.93993823140877,60.364727020263665,59.52802450849433,60.36472702026367,0.006978932939983196,0.006954692901879253
2010-12-22,60.15875524730671,60.21024567750785,59.81120220904553,59.93349075317383,-0.007143845228440804,-0.0071694846732207876
2010-12-23,59.97211074160525,60.00429349056014,59.553759557182076,59.81120681762695,-0.0020403272696142283,-0.0020424115728875695
2010-12-27,59.7017861454326,60.42263249547963,59.405723550177925,60.345401763916016,0.008931352077845567,0.008891703455206587
2010-12-28,60.01602938624739,60.106443756801625,58.96979962055941,59.16354751586914,-0.019584826904799457,-0.019779151014645214
2010-12-29,59.26045504194276,60.39709489501919,59.07316661761148,60.16460418701172,0.01692015967896565,0.016778608260956358
2010-12-30,59.983766955469065,60.24209597161543,59.68023565825446,60.119388580322266,-0.0007515316904422864,-0.0007518142319512903
2010-12-31,60.39059552640209,61.15911754253915,60.34538834898226,60.7845458984375,0.011063940166765818,0.011003182515999887
2011-01-03,60.190389010862134,60.90724921179603,60.02893409943041,60.32601547241211,-0.007543536259883132,-0.0075721326321522816
2011-01-04,60.326013324730155,60.55850385587904,60.003103513362696,60.39704895019531,0.0011774932792583126,0.0011768005777612115
2011-01-05,59.73185525474634,59.861022135031924,58.8922927053471,59.0666618347168,-0.022027352968446823,-0.022273577608834607
2011-01-06,59.11837666061459,59.49295352722156,58.872966779329,59.32503890991211,0.004374330073338317,0.004364790500918033
2011-01-07,59.099004365617894,59.82231979316643,58.78900852008508,59.6414909362793,0.005334206806804298,0.005320030316881955
2011-01-10,59.789990129152976,60.05477364896481,59.53166125886856,59.964359283447266,0.005413485513179328,0.005398885268916876
2011-01-11,59.73188774576999,59.80292833676626,59.215234725233465,59.62855911254883,-0.005599995979463923,-0.00561573474245783
2011-01-12,59.24750230932274,59.525204998086075,59.06021399111364,59.16354751586914,-0.007798471128607654,-0.00782903822603873
2011-01-13,59.170048227838336,59.91273751267618,59.060255049654266,59.69316101074219,0.008951685913205054,0.008911857086489816
2011-01-14,59.91911780969184,59.9966179045888,59.260384248304646,59.31204605102539,-0.0063845665611209634,-0.006405035074442823
2011-01-18,58.95691601491141,59.2281592674538,58.59525834485489,59.03441619873047,-0.004680834177530846,-0.004691823588312847
2011-01-19,59.03441272978716,59.460651397705085,59.00211975662274,59.46065139770508,0.007220113730603384,0.007194173495588713
2011-01-20,59.09249073507534,59.16353128204859,58.375630617226946,58.640419006347656,-0.013794540962413282,-0.0138905697809597
2011-01-21,58.56943033202509,59.10545730590821,58.45318250922293,59.1054573059082,0.007930337256120357,0.00789905739602016
2011-01-24,59.331455925934,59.350829728029055,59.015000734337626,59.131248474121094,0.00043635849189693765,0.0004362633152166409
2011-01-25,59.37671049380677,59.99669729171206,58.97630019783546,59.69316101074219,0.00950280183695118,0.009457934236889835
2011-01-26,59.557532806165675,59.583366202470835,58.69859085608124,58.789005279541016,-0.015146722269213764,-0.015262605523678207
2011-01-27,58.81481684095759,59.18939355749666,58.556487901026685,59.05377197265625,0.0045036770371649215,0.0044935658307763155
2011-01-28,58.64690898158651,59.59626511099034,58.62107559192478,59.36376953125,0.005249411650407154,0.005235681518185898
2011-01-31,59.19584441368141,59.40250654973225,58.80189394695729,58.91168212890625,-0.007615544058497958,-0.007644690385201798
2011-02-01,58.684850364584264,58.87279307060174,58.41912973787078,58.62003707885742,-0.004950546979980541,-0.004962841530966537
2011-02-02,58.91167972638749,58.97648806501961,58.26358645094771,58.632999420166016,0.00022112475451274705,0.0002211003100376705
2011-02-03,58.302475524403334,58.697812852291676,58.14045219148384,58.146934509277344,-0.008289954730194116,-0.008324507498003368
2011-02-04,58.00434150016185,58.101556469241466,57.53123128773905,57.55715560913086,-0.010142906158748355,-0.010194695928217007
2011-02-07,57.48589161985103,57.874751676498775,57.40164124467656,57.85530471801758,0.005180052866257778,0.005166682545179334
2011-02-08,57.88119393441751,58.03025752496913,57.26550745920251,57.32383346557617,-0.009186214730555031,-0.009228668192178059
2011-02-09,57.47939495646941,58.108046233256644,57.12294167234489,57.82288360595703,0.008705805425252011,0.00866812841576571
2011-02-10,57.615510762911136,57.771051812019714,57.148882671024616,57.155364990234375,-0.011544194514261252,-0.01161134603482361
2011-02-11,57.69980071028956,58.023847669187795,57.51185288078088,57.97848129272461,0.014401383013315838,0.01429866808052972
2011-02-14,57.88123492855352,58.283054720427536,57.88123492855352,58.017333984375,0.0006701226176351049,0.0006698981857327707
2011-02-15,58.043255298746786,58.30897602096616,57.92012088963943,58.27656936645508,0.004468240166807691,0.004458287218808234
2011-02-16,58.24414610932754,58.535786113791275,57.90065251009232,58.088600158691406,-0.003225467967781115,-0.003230681002255405
2011-02-17,58.341371357676756,58.44506868513528,58.108062260016524,58.17934799194336,0.001562231367325806,0.001561012353326071
2011-02-18,57.952546991922155,58.03680235128971,57.73219747109729,57.9979133605957,-0.003118540128238978,-0.0031234129077808426
2011-02-22,58.27007307821095,58.937608410159676,58.140451446799766,58.86631774902344,0.014973028133417943,0.014862038873106597
2011-02-23,59.04131503890851,59.33296007164413,58.80800099054434,59.080204010009766,0.003633423478231368,0.003626838540902286
2011-02-24,59.38479834794647,59.65051902377435,59.26166396033684,59.45608901977539,0.006362283544280478,0.0063421296563288265
2011-02-25,59.45608595390285,59.80605697631836,59.391277604098526,59.80605697631836,0.005886158378607176,0.005868902628652501
2011-02-28,59.81898837809716,59.96156469062843,59.67640712100849,59.88379669189453,0.001299863584167671,0.001299019492888779
2011-03-01,59.50477430057311,60.076938787634724,59.47226811140233,60.05743408203125,0.0028995721669100583,0.00289537651597292
2011-03-02,59.712810173746284,59.81033862537672,59.127649384969885,59.13414764404297,-0.015373391356133914,-0.015492787197011472
2011-03-03,58.86109077650731,59.02363659438588,58.50349295347727,58.555503845214844,-0.009785273346819223,-0.009833463762679953
2011-03-04,58.58150710592909,59.069144520729566,58.51648977605656,59.04313659667969,0.008327701401969811,0.008293217412620544
2011-03-07,58.52947282661008,59.07562913866153,58.41894290458276,58.666015625,-0.006387211002284343,-0.006407696511245627
2011-03-08,58.58801635910245,58.73755573715495,58.28893264249264,58.30843734741211,-0.006095151916802655,-0.006113803182064594
2011-03-09,58.574976890682585,59.04961260497578,58.41893437879938,58.87406539916992,0.00970062099911373,0.009653872061239981
2011-03-10,59.0821554137962,59.88187805643144,58.93261107936999,59.86237335205078,0.01678681344969246,0.01664747213247159
2011-03-11,59.842888138072446,59.868896072552154,59.38125846219678,59.52429962158203,-0.005647516320152146,-0.005663523837371512
2011-03-14,59.47877867821845,59.76485599657073,59.374746954813546,59.49828338623047,-0.00043706915523500367,-0.00043716469779838513
2011-03-15,60.33701574479467,60.499561579279025,60.05093348874054,60.3890266418457,0.014970906804705919,0.0148599488363568
2011-03-16,60.70759629568741,61.72838353842132,60.51904260620111,61.07169723510742,0.011304547054723946,0.011241128163010953
2011-03-17,60.623058467306514,60.86362795092962,60.31097342096006,60.603553771972656,-0.007665473276967538,-0.007695004025486612
2011-03-18,60.30449900812156,60.779134983476034,60.265489598820146,60.76612854003906,0.0026825946326203276,0.0026790028976509056
2011-03-21,60.5515558731746,60.58406701535904,60.18745489112731,60.40851974487305,-0.005885002118085958,-0.00590238698325152
2011-03-22,60.343491823303964,60.655581893406534,60.29797920479978,60.610069274902344,0.003336442125721817,0.0033308885520490074
2011-03-23,61.01970768261898,61.03921238984639,60.42154017861984,60.53207015991211,-0.0012869002778476135,-0.0012877290451136965
2011-03-24,60.31096289162726,60.38898165934185,60.07039345000375,60.07689666748047,-0.007519542801512902,-0.007547957094765377
2011-03-25,60.37602678426535,60.441044127709645,59.82987018622151,59.927398681640625,-0.0024884438799710473,-0.002491545202489291
2011-03-28,59.8948230124575,60.25242046684243,59.81679931452827,60.01185607910156,0.001409328609599969,0.0014083364381227508
2011-03-29,59.80386521786693,60.14195836877724,59.53728767000068,59.550289154052734,-0.007691262280580591,-0.007720992578771274
2011-03-30,59.634854122455096,60.02496337890625,59.53082234179701,60.02496337890625,0.007970981024551627,0.007939380568655854
2011-03-31,60.25248584186784,60.284996991405094,59.56329312412171,59.90138626098633,-0.002058762071037723,-0.0020608842348574753
2011-04-01,59.742073217358374,60.24481852694519,59.689838515190154,60.192588806152344,0.004861365710256971,0.004849587428903758
2011-04-04,60.199093011970405,60.44720526839786,60.15338890916118,60.25785827636719,0.0010843439617631567,0.0010837564854953266
2011-04-05,60.1729737165867,60.316611607880226,59.85304005242099,60.01626968383789,-0.004009246253347976,-0.004017304827525279
2011-04-06,59.91831350940434,59.931374665693845,59.11522674560547,59.11522674560547,-0.015013311273410768,-0.015127151884521003
2011-04-07,59.108729053180205,59.25890254583045,58.84756057717397,58.99773406982422,-0.001987519667087878,-0.0019894974052649143
2011-04-08,58.71699318085696,58.971631137321054,58.664758476614175,58.68434524536133,-0.005311878996776209,-0.005326037185996593
2011-04-11,58.651679381626685,58.90631723862807,58.53415383367423,58.73655700683594,0.000889705103742866,0.0008893095507566734
2011-04-12,59.16099256631957,59.57232975399425,59.1283446228982,59.36992645263672,0.010783223908188422,0.01072549954829682
2011-04-13,59.115252705478895,59.7420539855957,59.04996183947431,59.7420539855957,0.006267946672560809,0.006248384794135644
2011-04-14,59.76813335206601,59.918301750323344,59.55919972478187,59.696311950683594,-0.0007656588928652841,-0.0007659521593396738
2011-04-15,60.23828354111218,60.532094977630706,60.114227388132335,60.505977630615234,0.01356307707250859,0.013471921847983879
2011-04-18,60.06199202855856,60.78673221073969,59.70941531981845,60.643089294433594,0.0022660845950694952,0.0022635208976797606
2011-04-19,60.630022662634175,60.904247283935554,60.56473179775866,60.90424728393555,0.004306475684871192,0.004297229355017281
2011-04-20,60.76717694576919,60.891233161681086,60.46683477479359,60.51253890991211,-0.006431544456945604,-0.006452315948743247
2011-04-21,60.649597813344634,60.87159268907163,60.43413351726709,60.46025085449219,-0.0008640862928882553,-0.0008644598306437719
2011-04-25,60.47983277975781,60.70182763774753,60.39495517658745,60.68876647949219,0.0037796010067832064,0.0037724762617173256
2011-04-26,60.8977568708541,61.28951228125423,60.838996548120264,61.276451110839844,0.00968358174731132,0.009636996370344073
2011-04-27,61.008761883538874,61.09363957266633,60.558246113558965,60.649654388427734,-0.010228998433318703,-0.010281674158950678
2011-04-28,60.86510137909569,61.11320877075196,60.70187165215385,61.11320877075195,0.007643149610637723,0.007614088726510078
2011-04-29,61.02831894903095,61.322130406447855,60.94996690241146,61.30254364013672,0.003098100610213317,0.0030933113856346376
2011-05-02,61.1910664469398,61.427123255137396,61.09270860974289,61.40089416503906,0.0016043465582715744,0.00160306096916868
2011-05-03,61.61071793845038,61.748416900634766,61.3615491025006,61.748416900634766,0.005659896982307844,0.005643939947186121
2011-05-04,61.84023935823811,62.109083863157586,61.81401026000043,62.02383804321289,0.004460375769978597,0.004450457775027359
2011-05-05,62.24019690634807,62.70575193872651,62.168068168672434,62.61395263671875,0.00951431920570145,0.009469343123550931
2011-05-06,61.97138372193619,62.613979107656746,61.866467330894295,62.33858108520508,-0.004397926339379299,-0.004407625665818265
2011-05-09,62.22710677204565,62.423817487307694,62.187760626842426,62.273006439208984,-0.001051911109533732,-0.0010524647563171004
2011-05-10,62.09592673104399,62.22051361658244,61.82708740234375,61.82708740234375,-0.0071607115564678026,-0.007186472502935595
2011-05-11,61.846794831542006,62.35169119030777,61.7549954935846,62.181209564208984,0.005727621609615152,0.005711281149919955
2011-05-12,62.25987794911488,62.36479431345949,61.57794159162534,61.78776931762695,-0.006327317357436746,-0.0063474196705798555
2011-05-13,62.063193399372636,62.61398953601102,61.98450609298585,62.345149993896484,0.009020890095647438,0.008980444918943302
2011-05-16,62.31235827760753,62.81070117998435,62.13531810321398,62.69267272949219,0.005574174344431304,0.005558696126836657
2011-05-17,62.968049762023576,63.34180556338018,62.935267149472686,63.33524703979492,0.010249591895297394,0.010197421012293532
2011-05-18,63.125432110777,63.204119401694406,62.47627821944674,62.495948791503906,-0.013251677186380428,-0.013340264148129931
2011-05-19,61.93860483007337,62.50251800469189,61.93860483007337,62.469730377197266,-0.00041952182203219834,-0.0004196098459312708
2011-05-20,62.305771520035655,62.56150388246649,62.109060860141234,62.50248718261719,0.0005243628429663083,0.0005242254128108457
2011-05-23,62.77135937514019,63.072986522650126,62.67955502332564,62.804141998291016,0.004826284989147167,0.004814675813557803
2011-05-24,62.712343030149206,63.040199279785156,62.59431458017269,63.040199279785156,0.003758626007510202,0.0037515800227401353
2011-05-25,63.04678643548317,63.132027298128776,62.6468012290763,62.74515914916992,-0.0046801903227777775,-0.004691176705818339
2011-05-26,62.92873626645784,63.30905075844754,62.87627806010962,63.28282165527344,0.008568987845345655,0.008532482463540908
2011-05-27,63.03362411638652,63.28279800206187,62.86969603483717,63.256568908691406,-0.0004148479144157058,-0.00041493398761743524
2011-05-31,63.066418407382145,63.446732797466154,63.00740169038153,63.40083312988281,0.0022806203953245063,0.002278023727889781
2011-06-01,63.783821384196095,64.31030975320313,63.764078949027244,64.25765991210938,0.013514440424958973,0.013423934884348671
2011-06-02,63.50082915187064,63.777238282699194,63.03357315063477,63.033573150634766,-0.019049662921881927,-0.019233445491199985
2011-06-03,63.56010355914363,63.5732635164851,62.895412741617434,63.39557647705078,0.005743024047691447,0.00572659575379931
2011-06-06,62.829612659099126,63.17182683371054,62.658503061308984,62.915164947509766,-0.007577997649645507,-0.007606856561455333
2011-06-07,62.67160805535493,63.21783371387661,62.59921579561759,63.204673767089844,0.0046015745142147235,0.004591019637192567
2011-06-08,63.34947627509901,63.73117509186993,63.290243945328996,63.698272705078125,0.007809532247681661,0.00777919569123276
2011-06-09,63.902301205141555,64.05366829086691,63.13231586449983,63.441627502441406,-0.004029076327155434,-0.004037214923219291
2011-06-10,63.7772421133258,64.09313110901046,63.70484983911368,63.92860412597656,0.007675979364123675,0.007646668929830589
2011-06-13,63.665405630017084,64.02736726079175,63.59959579377678,63.606178283691406,-0.005043530148879705,-0.005056291673901466
2011-06-14,63.007235184060995,63.11253483513453,62.605789051029625,62.64527893066406,-0.015107012855600455,-0.015222286205066675
2011-06-15,62.77034928000295,63.79700133859411,62.76377181404531,63.783836364746094,0.018174672593320063,0.018011487489348606
2011-06-16,63.902277681852254,64.18526428675882,63.70484831950008,64.0733871459961,0.004539563590910678,0.004529290849555259
2011-06-17,63.74443080833398,63.93528299889457,63.59964604163473,63.770755767822266,-0.004723199313378834,-0.004734388866819545
2011-06-20,64.05367976074739,64.07342220568879,63.566676021010466,63.84966278076172,0.0012373542071029142,0.0012365893152823874
2011-06-21,63.639042673532984,63.856219522256914,63.35605602788334,63.566650390625,-0.004432480577203468,-0.004442333144224591
2011-06-22,63.81019028232695,63.876000118567255,63.448233672520935,63.606178283691406,0.0006218338204624363,0.0006216405619246138
2011-06-23,63.99444529420247,64.32349942161954,63.93521796133181,64.0931625366211,0.0076562413600402834,0.007627081088301483
2011-06-24,64.07342070129437,64.29059763248593,63.823341369628906,63.823341369628906,-0.004209827637043473,-0.004218713909964216
2011-06-27,63.73779861105825,63.750963591022774,62.88226068920657,62.94807052612305,-0.013713961455524282,-0.013808866506666653
2011-06-28,62.836164506264865,62.96778411978245,62.336000937158516,62.4412956237793,-0.008050682063931447,-0.008083263792696613
2011-06-29,62.48739202195329,62.65191912577198,61.87535099490899,62.02671813964844,-0.0066394760068523295,-0.006661615377970276
2011-06-30,62.013528152207414,62.06617298400133,61.29618771600671,61.92797088623047,-0.0015920115779082256,-0.0015932801749332008
2011-07-01,62.159110665139636,62.22515008548384,61.650640379952065,61.82893371582031,-0.001599231639481613,-0.0016005117754045975
2011-07-05,62.09965645252246,62.18550061137439,61.868533687845435,61.96758270263672,0.0022424612310745218,0.0022399506674153336
2011-07-06,62.1987093705464,62.37039768511766,61.96758157198808,62.28455352783203,0.0051151071474961896,0.005102069427587448
2011-07-07,61.96101955725388,62.16572769341392,61.77612123580592,62.099693298339844,-0.0029679947759372327,-0.0029724080068930523
2011-07-08,62.62800478503592,63.13648046114595,62.621404868902275,62.977996826171875,0.0141434438913004,0.014044358567636995
2011-07-11,63.42032556317331,63.922195434570305,63.22882251963899,63.92219543457031,0.014992515735369638,0.014881238806830746
2011-07-12,64.25243121908325,64.25903113011,63.76376574570217,64.14016723632812,0.003409954872105825,0.0034041541590304073
2011-07-13,63.862858293224534,64.33831415470738,63.466646754689855,64.3185043334961,0.002780427692227194,0.002776569453199819
2011-07-14,63.80343604402299,64.64868876529953,63.40061950683594,63.40061950683594,-0.014270929278778932,-0.014373738282189534
2011-07-15,62.92516895580929,63.52608881683919,62.89214922183998,63.50627899169922,0.001666537104608068,0.0016651499725717149
2011-07-18,63.433560480419345,63.50619977405833,62.865656023658794,62.89207077026367,-0.009671614070095758,-0.009718687895266491
2011-07-19,62.94492693391384,64.232614888398,62.845872851699696,64.19960021972656,0.020790052441413742,0.02057688869552065
2011-07-20,63.869401136636625,63.94864034442569,63.30810158303872,63.44017028808594,-0.011829200322765798,-0.011899722008045073
2011-07-21,62.8920845600341,63.30150566503313,62.66756672181128,62.95151901245117,-0.007702553026194159,-0.007732370902290341
2011-07-22,63.18926651588226,63.45340404629098,63.083607473238416,63.42699432373047,0.007553039525309169,0.007524658143151098
2011-07-25,62.71381369278594,63.4269971480881,62.62136454540611,62.73362350463867,-0.010931793733640283,-0.010991984857352788
2011-07-26,62.93173417811105,63.3081357324405,62.8921095147442,63.16285705566406,0.006842160982358347,0.006818859626274069
2011-07-27,62.95810417996672,63.28828095046312,62.7996207407958,63.1694221496582,0.00010393915506945461,0.00010393375376974411
2011-07-28,63.46659234873665,63.598661068999576,63.202449870112055,63.40715789794922,0.003763462450673938,0.0037563983439845706
2011-07-29,63.98164099826139,65.06462017925894,63.90900172067404,64.66180419921875,0.01978713985712499,0.019593919103556647
2011-08-01,64.5260212503046,65.55298018328095,64.49951852988643,65.31446075439453,0.010093386091810652,0.010042788055909434
2011-08-02,65.73849703965362,67.29549528429752,65.51985337782163,67.27561950683594,0.03002640961572145,0.02958444231644793
2011-08-03,67.29550167422055,68.52122359788483,67.15636616390081,67.40813446044922,0.0019697321939906587,0.001967794815193738
2011-08-04,67.83215473692542,69.93245098227192,67.75927352357616,69.80656433105469,0.035580718704101066,0.034962350243840194
2011-08-05,68.53446515114987,69.8993223394593,67.76590145548413,67.79240417480469,-0.028853449178474544,-0.029277894353688542
2011-08-08,68.36219740125684,70.09146059581514,68.2098080346825,69.93244934082031,0.03156762460433549,0.031079610860934265
2011-08-09,69.57466680693521,72.46339724758134,68.24293434274537,70.14446258544922,0.003031686243329501,0.0030270999497212666
2011-08-10,71.31057339476031,72.26465127645675,70.85341528884572,72.23152160644531,0.029753724585938057,0.029319671308272247
2011-08-11,71.11841486337713,71.42981548700897,68.37544668588323,68.58746337890625,-0.0504496949045844,-0.05176676951666833
2011-08-12,69.19700363045716,70.00531871016543,68.95185731869908,69.94568634033203,0.019802787484971995,0.01960926299954039
2011-08-15,69.52831847675625,69.88609772927236,69.21691773540638,69.2367935180664,-0.010134904085669971,-0.010186611891860962
2011-08-16,69.34275018899822,70.65460136715495,69.32286936701131,70.3829574584961,0.016554260851646907,0.016418732741920083
2011-08-17,70.4425947491488,71.62193761054736,70.07818878416593,71.61531066894531,0.017509255861774875,0.017357734963287567
2011-08-18,72.94041924797399,74.29865421053958,72.40375321582762,73.086181640625,0.020538498792235238,0.020330427977279263
2011-08-19,73.31144141188594,73.81498277035702,73.0331705512341,73.67584228515625,0.008068018212125105,0.008035645757657809
2011-08-22,73.18556756389955,73.71561172360458,73.13918907904105,73.49034118652344,-0.0025178008541095753,-0.0025209758451298077
2011-08-23,72.72178511048631,73.65598178051243,72.45013607959959,72.47663879394531,-0.013793681948016556,-0.013889698751485324
2011-08-24,72.4104551829734,72.48996340358296,70.33003809839087,70.41616821289062,-0.028429444512634072,-0.02884138749306951
2011-08-25,70.68772921841958,71.48941715243863,70.46908567599407,71.17801666259766,0.01081922616697506,0.010761117093961258
2011-08-26,72.01286179176158,72.39713855453645,71.11178962514022,71.8803482055664,0.009867253625483574,0.00981889016124214
2011-08-29,70.6943946907418,71.15818476864388,70.62814040957797,70.88653564453125,-0.013825928586113867,-0.013922396945274319
2011-08-30,71.84059382959074,72.31763261136481,71.72133413414723,72.02610778808594,0.016076002772503983,0.015948152236918756
2011-08-31,72.09236806969915,72.19175200001176,70.91302490234375,70.91302490234375,-0.015453880820786248,-0.015574536719092391
2011-09-01,71.41942386250821,72.42289907769191,70.49569673446939,72.41625213623047,0.021198182364337903,0.020976626481862583
2011-09-02,74.02443026532822,74.81524859033158,73.53931025344836,74.76873016357422,0.03248549818510682,0.03196900041311314
2011-09-06,76.03803166379232,76.37695457240865,75.35354397766072,75.5462646484375,0.010399193394915685,0.010345493751089795
2011-09-07,74.61587440196436,74.67568669971678,73.97125835243978,74.10417175292969,-0.019088870935164648,-0.01927341570720614
2011-09-08,74.62917488330214,74.84847314079926,73.99120064473229,74.76873016357422,0.00896789472069437,0.008927921956116159
2011-09-09,74.78870590934538,75.87857112212414,74.56940246442343,75.56623077392578,0.010666231840594786,0.010609748875044471
2011-09-12,75.47311971749482,75.92501497661583,75.16077967617393,75.64590454101562,0.001054356771190701,0.0010538013274798302
2011-09-13,75.3601616902586,75.48642306204744,74.5028894127751,74.56934356689453,-0.014231583066567466,-0.014333823230343845
2011-09-14,74.40990308067576,75.32698319819784,74.31021924678348,75.20072174072266,0.008466993856017124,0.008431349920204294
2011-09-15,74.41656933334428,74.75548735834747,74.05106353759766,74.05106353759766,-0.01528786129325721,-0.01540592548970434
2011-09-16,73.97132157112824,74.82194778072977,73.93145005196948,74.58935546875,0.007269199190893971,0.0072429059063148
2011-09-19,75.89186263456962,76.54977299273476,75.83870230947166,76.01148223876953,0.019066082031173215,0.018886602021313804
2011-09-20,76.00488364203518,76.3371599462093,75.79222701016911,76.33051300048828,0.004197139067971367,0.004188355648039879
2011-09-21,76.17757245622393,78.94211043041501,75.89181497398906,78.85572052001953,0.03308254353688267,0.032547093563610775
2011-09-22,80.6832503192655,82.31804741942912,80.56363077193016,81.81963348388672,0.037586530746551494,0.03689737277407496
2011-09-23,81.81964576495149,81.97913682862848,80.29782104492188,80.29782104492188,-0.01859959980466719,-0.01877474754637559
2011-09-26,79.82599192865965,80.12503831508113,78.80258119071316,79.00859069824219,-0.01605560810869877,-0.016185895832352314
2011-09-27,77.58643873652221,77.95194433035611,77.26080970664314,77.7990951538086,-0.015308405500523703,-0.015426788867711441
2011-09-28,77.68617014003144,77.82572552405752,76.92858087238584,77.7725601196289,-0.00034107124417359636,-0.0003411294221993412
2011-09-29,78.15796976618373,78.96207716666443,77.81239984870759,78.3108139038086,0.00692087007746367,0.006897030785374134
2011-09-30,79.75953060642256,80.3509865642693,79.0750428422192,80.27788543701172,0.025118772684693758,0.024808481667235868
2011-10-03,81.20133906041883,82.4871826171875,80.68833643572222,82.4871826171875,0.027520620008224528,0.02714873532141539
2011-10-04,82.86023303037385,83.29994858767995,81.40116646589236,81.4411392211914,-0.012681284083257527,-0.01276237787800261
2011-10-05,81.05472471316081,81.13467022440351,80.38848501010871,80.85485076904297,-0.0071989225317207195,-0.007224959810016591
2011-10-06,80.37516233829419,80.62167287354455,79.36248016357422,79.36248016357422,-0.018457403498667202,-0.01862986681729888
2011-10-07,78.44972803827706,79.31584171861108,77.85011126596933,78.77618408203125,-0.007387572569992118,-0.007414995828582708
2011-10-10,77.83014181651431,77.890106048291,77.1505793820886,77.66358184814453,-0.01412358629516941,-0.014224273305501547
2011-10-11,78.14325110699093,78.18988768033363,77.21717837703939,77.40372467041016,-0.003345933467792883,-0.003351543620806344
2011-10-12,76.41767305987337,76.69749752922596,75.60486509233846,76.27776336669922,-0.014546603648666112,-0.014653442851694825
2011-10-13,76.63751932926503,77.65020608965347,76.59088277339211,77.03726196289062,0.009957011882220312,0.009907767454508306
2011-10-14,75.87135507487808,76.3577121633535,75.6914726401294,75.9179916381836,-0.014528947371548528,-0.014635526104934496
2011-10-17,76.15117923852912,77.26379801802105,76.0978788569596,77.23048400878906,0.017288291514093945,0.017140549377591872
2011-10-18,77.37713717161186,77.83018071532497,76.15125763157016,76.75086975097656,-0.00621016770732552,-0.006229531006651298
2011-10-19,76.3111191880792,77.11060503940354,76.05794985452815,76.72418975830078,-0.0003476181151086388,-0.0003476785482911331
2011-10-20,76.25779177655195,77.06394116473635,75.99795871271587,76.17784118652344,-0.007120942866890689,-0.00714641778956598
2011-10-21,75.85807673228415,76.08459586235746,75.37171936035156,75.37171936035156,-0.010582103845632296,-0.0106384924661538
2011-10-24,75.90470535502652,76.0046423478655,75.31841612431467,75.49829864501953,0.0016794002543951692,0.0016779916386538449
2011-10-25,75.53821275518436,77.51694436152921,75.51822638873686,77.41700744628906,0.025413934296598883,0.025096369407761807
2011-10-26,76.87743459983136,77.4237512065059,75.99799798706239,76.06462097167969,-0.017468854961200098,-0.01762323595611025
2011-10-27,74.96526878266702,75.18512904485902,73.16642410637874,73.48622131347656,-0.03389748907265455,-0.0344853314274316
2011-10-28,73.88595599660145,74.59216818680135,73.7926828802733,74.25904846191406,0.010516626581475563,0.010461711542579424
2011-10-31,75.69148800429822,77.20384979248047,75.59155103892816,77.20384979248047,0.03965579133533792,0.0388896885007986
2011-11-01,79.29395454141624,79.8149653090426,78.26529003521343,79.78824615478516,0.03347496749516243,0.03292687874829757
2011-11-02,77.9045233257971,79.06010156508229,77.7642517064885,78.79291534423828,-0.012474654582781297,-0.012553116290947793
2011-11-03,77.71083068847656,78.38547489918851,77.47704460441435,77.71083068847656,-0.01373327349336173,-0.013828447263318874
2011-11-04,77.29672869209016,78.18512127427607,77.16981401001888,77.80438232421875,0.001203842951019496,0.0012031189131211592
2011-11-07,77.91122515084413,79.05344158067301,77.69747713642273,78.29864501953125,0.006352633110727091,0.006332540187424309
2011-11-08,77.98476235807625,78.5124542952074,77.14980772897479,77.29676055908203,-0.012795680694082323,-0.01287825053070113
2011-11-09,78.99337105693529,79.57449608541742,78.19849279958183,78.89985656738281,0.02073949796480079,0.02052736261678892
2011-11-10,78.00477898977286,78.559189934021,76.95607646803174,77.72423553466797,-0.014900166918691782,-0.015012289563916372
2011-11-11,77.37015725260405,77.59726223155653,77.14972823457133,77.24992370605469,-0.006102495899129479,-0.006121192228886869
2011-11-14,77.74421207435016,78.55244668150128,77.62397853218658,78.4923324584961,0.016082977080584815,0.0159550161763546
2011-11-15,78.61929185212495,79.12694547409417,77.96469055972976,78.38550567626953,-0.0013609836640164907,-0.0013619106434480522
2011-11-16,78.79294959329275,79.10689315703529,78.27193903906277,79.10021209716797,0.00911783900266161,0.009076522463753183
2011-11-17,78.8463794192452,80.26246328598855,78.8463794192452,79.73477172851562,0.008022224144837331,0.007990217168863972
2011-11-18,79.60787308076608,79.85502135744014,79.03342418612822,79.7147445678711,-0.00025117223277093537,-0.0002512037817991301
2011-11-21,80.40944997640008,80.64324129484336,80.09551138999191,80.18902587890625,0.005949731302611561,0.0059321015449772495
2011-11-22,80.38941607905937,81.09746094140704,80.0554342880403,81.08409881591797,0.011162037787606716,0.01110020196089603
2011-11-23,80.93041508946348,82.19286499454643,80.84357662122594,81.87892150878906,0.00980244837740063,0.009754716055901134
2011-11-25,81.3579198655902,81.4046770857826,80.64987540762074,80.68995666503906,-0.014521012512632714,-0.01462747429362081
2011-11-28,79.24046912790448,80.92373917239041,79.20707402705277,80.64987182617188,-0.0004967760614073002,-0.0004968994955159936
2011-11-29,80.1756458794912,80.77013289626291,79.54108268959304,79.98861694335938,-0.008199081633232241,-0.008232878967895476
2011-11-30,79.0467873979996,79.19374016340755,78.32539078914769,78.7395248413086,-0.015615873230253152,-0.01573908537201264
2011-12-01,77.86903650341426,78.50516468690734,77.54092865888701,78.3444595336914,-0.005017369718872455,-0.005029998979811463
2011-12-02,78.09002284955754,79.46941963082999,78.04984272272905,79.44263458251953,0.014017264977823629,0.013919931629389167
2011-12-05,78.34444260797703,79.56983126973392,78.26408749436682,79.28189849853516,-0.002023297500505339,-0.0020253471320360004
2011-12-06,78.88685905631108,79.20827453844063,78.19046310230186,78.5252685546875,-0.00954353967522148,-0.009589371078960142
2011-12-07,78.56540494869861,79.1747478763063,78.24398964548806,78.80646514892578,0.003580969532660072,0.0035745731269376585
2011-12-08,78.82659124646305,79.90466513962251,78.61901351468188,79.79083251953125,0.012490946887990129,0.012413578613388154
2011-12-09,79.73051916909026,79.7706941628571,78.09666797293859,78.15023803710938,-0.020561190184602784,-0.02077551438568189
2011-12-12,78.95381478059377,79.34218517622976,78.75292948972417,79.0207748413086,0.011139272586551119,0.011077687807401914
2011-12-13,78.53191297755659,80.10549651769938,78.45156299291484,79.7573013305664,0.009320669035920215,0.009277499638072383
2011-12-14,80.21265804757618,81.28403403472407,80.01177281491934,81.26394653320312,0.01889037338904176,0.018714165910523002
2011-12-15,80.79522855257832,81.23716895278184,80.60104083884261,80.96263122558594,-0.0037078596409796383,-0.0037147507920927965
2011-12-16,81.27733319687682,82.10765402332596,81.21707069476155,81.90676879882812,0.01166139932645649,0.01159392923321415
2011-12-19,81.90675802983216,83.04509386239036,81.86658303370415,82.94465637207031,0.012671572672966258,0.012591960134585026
2011-12-20,82.13445122432128,82.14114365306511,80.76174724064836,80.87557983398438,-0.024945266260487542,-0.025261672391191037
2011-12-21,80.77512133714765,80.90904651657588,79.7305304812236,79.75061798095703,-0.013909784082371757,-0.014007431691222972
2011-12-22,80.35328690076959,80.63452217882842,79.9180389083122,80.08544158935547,0.004198382619158947,0.004189594000918236
2011-12-23,79.38904245113717,79.48948507724172,78.8399618849863,79.19485473632812,-0.011120458791922472,-0.011182753353735218
2011-12-27,79.22843119050695,79.57102966308594,79.01346533263393,79.57102966308594,0.004749992004029258,0.004738746389003969
2011-12-28,79.76587381599714,81.31766416174713,79.571060131892,81.042236328125,0.018489224926060865,0.018320377272905874
2011-12-29,80.9347320643011,81.34450644261514,80.65258518675346,81.19000244140625,0.0018233222573347252,0.0018216620230960337
2011-12-30,81.35792573255766,81.79457650955374,81.21013576571072,81.45197296142578,0.0032266352031284917,0.003221440786420713
2012-01-03,80.22264336352573,80.74662230218719,79.89347802709304,80.22936248779297,-0.01501020084819582,-0.015123994054735634
2012-01-04,80.11517823031609,80.12861135621394,79.05378190269757,79.27546691894531,-0.01188960673834083,-0.011960853405550318
2012-01-05,79.38295069272337,80.00769614007828,78.97989027108599,79.1343994140625,-0.001779459779493231,-0.0017810448987630842
2012-01-06,79.10080410333283,79.9136440230448,79.07393272683107,79.75914001464844,0.007894677980899933,0.00786367806006133
2012-01-09,79.58448712944484,80.30327987076176,79.47028761100934,79.61807250976562,-0.0017686688303923948,-0.0017702347718017688
2012-01-10,79.08736997597455,79.85318625840654,79.05377947447505,79.48371124267578,-0.0016875724675872172,-0.0016889980220472847
2012-01-11,79.96740659925379,80.65260893173567,79.92710208710552,80.51825714111328,0.013015822767496132,0.012931844855809792
2012-01-12,80.57872431849682,80.73995263830193,80.10176873742421,80.40406799316406,-0.0014181770942842675,-0.001419183659190393
2012-01-13,81.35123545381933,81.71399137601475,81.15642180346302,81.20344543457031,0.009942002455326282,0.009892905892828471
2012-01-17,81.25045749465797,81.70726061401382,81.16984849577736,81.57962799072266,0.004632593532690077,0.004621896096463584
2012-01-18,81.6401215453574,81.69386431896687,80.55185856832688,80.5921630859375,-0.012104307522675328,-0.01217816122330342
2012-01-19,80.16219939647637,80.31670340291582,79.21500260625258,79.48371124267578,-0.013753841574890457,-0.013849301962607882
2012-01-20,79.07393038246008,79.2418726367237,78.5768227448932,78.58354187011719,-0.011325205611125044,-0.011389824093839426
2012-01-23,78.01256127120494,78.35516502425854,77.62293900078312,78.08645629882812,-0.0063255684264097445,-0.00634565960459592
2012-01-24,78.40216994351948,78.40216994351948,77.77742448429673,78.22750854492188,0.0018063599346083148,0.0018047304285228698
2012-01-25,77.96548033185798,79.6247499824124,77.85128087316278,78.03937530517578,-0.002404949911424814,-0.0024078464484125414
2012-01-26,78.3618553289442,79.07392883300781,78.32154570358102,79.07392883300781,0.013256814573237907,0.013169711964546298
2012-01-27,79.15452178321273,79.4904061953029,78.60367155239244,79.32246398925781,0.003143073322875667,0.0031381441936282222
2012-01-30,80.50484565831314,80.87432089317981,80.16896094486852,80.25629425048828,0.011772582623718497,0.011703824884236822
2012-01-31,80.11517071702097,81.2235905691197,80.06814709300178,81.18328094482422,0.011550330139125542,0.011484134310789632
2012-02-01,80.63719065119423,80.73819859808582,80.00421231231938,80.25336456298828,-0.011454530674461783,-0.011520639123297207
2012-02-02,80.10518467314874,80.45534471515354,79.8897035463286,80.21965789794922,-0.0004200031390909631,-0.00042009136511372207
2012-02-03,78.42171647440065,78.65066800224042,78.09176220814891,78.49578857421875,-0.021489362693661418,-0.021723621171535264
2012-02-06,78.57664705899764,79.32409863471136,78.3409601493307,79.27696228027344,0.009951791302995616,0.009902598330816706
2012-02-07,78.52950249782944,78.70457743174417,77.95712593414292,78.29381561279297,-0.012401416996840497,-0.01247895630035628
2012-02-08,78.24663464486329,78.64393091060884,78.0984955862108,78.35437774658203,0.0007735238513419951,0.0007732248359547848
2012-02-09,78.01773743172912,78.1389459288192,77.18274841704037,77.76858520507812,-0.007476194162354344,-0.007504280977819264
2012-02-10,78.65071741100789,79.0076076775277,78.46216686008452,78.77865600585938,0.012988159654925724,0.012904536802309274
2012-02-13,78.51604366614139,79.03454872506792,78.40157039143514,78.87966918945312,0.0012822405041568175,0.001281419135854398
2012-02-14,79.08168369999537,79.64731996805797,78.94027463297971,79.29716491699219,0.005292817931783267,0.005278860199781536
2012-02-15,79.22982623768908,79.64058296370642,79.11534783005155,79.15575408935547,-0.0017833024394345864,-0.0017848944161620193
2012-02-16,78.96717079336105,79.18938714623035,78.19951897206275,78.52274322509766,-0.00799702904154298,-0.0080291767839496
2012-02-17,78.01769162588572,78.52272587766517,77.95035475314329,78.50252532958984,-0.0002574782117564789,-0.0002575113649621844
2012-02-21,77.95713802686188,78.05814597362061,77.40496707372205,77.63391876220703,-0.011064695864699936,-0.011126364933586992
2012-02-22,78.0378889091893,78.62373046623502,77.98401735825948,78.61026000976562,0.012576220073974742,0.01249779625063615
2012-02-23,78.20623365273963,78.93348417787075,78.06482468465423,78.61026000976562,0.0,0.0
2012-02-24,78.94026776796474,79.17594952582817,78.75171722419698,79.12207794189453,0.006510828638212507,0.006489724746454134
2012-02-27,79.7954824124565,80.03116424440684,79.5396000145502,79.82241821289062,0.008851388755366285,0.008812444850300371
2012-02-28,80.04459493930703,80.2264050800479,79.41835201845905,79.55976104736328,-0.0032905187716416595,-0.0032959444339668393
2012-02-29,79.7079525874998,79.74161848817445,78.758484796338,79.0749740600586,-0.006093369071534571,-0.006112009405052128
2012-03-01,78.40476922170137,78.74897685210499,77.97957519533402,78.33052825927734,-0.009414429908201183,-0.009459025770561062
2012-03-02,78.69495741552507,79.28888492568497,78.6612148110196,79.066162109375,0.009391406727944807,0.009347581640258631
2012-03-05,78.93792664985038,79.261887577329,78.43849182128906,78.43849182128906,-0.007938545027867394,-0.007970223039375411
2012-03-06,79.26862151463088,79.71406708167568,79.26187608423336,79.39010620117188,0.012131982114736761,0.012058979471125596
2012-03-07,79.27533597862748,79.37657402948773,78.83664119102058,78.90413665771484,-0.0061212859726575974,-0.006140097851519151
2012-03-08,78.5060067670119,78.67473528956387,78.04706497970311,78.11455535888672,-0.010006842889027756,-0.010057247886508433
2012-03-09,77.94582201113263,78.28327903534644,77.54762519416941,78.26978302001953,0.0019871797313526507,0.001985207901531677
2012-03-12,78.50596076548395,78.64094144475759,78.20225166252682,78.25624084472656,-0.00017301920064738407,-0.00017303417019598485
2012-03-13,77.79731070000275,77.8918033683282,76.86593151881176,76.87943267822266,-0.017593589362869144,-0.017750196124871123
2012-03-14,76.06280604394662,76.0965538037554,74.88170653923201,74.94245147705078,-0.0251950506617169,-0.0255178799580878
2012-03-15,74.84799106065205,75.41491655681398,74.83448989216035,75.05721282958984,0.001531326374801134,0.0015301550901616287
2012-03-16,74.57797267892121,75.21239327976569,74.37549648527789,75.20564270019531,0.0019775563867854284,0.0019756035962324356
2012-03-19,75.15841452619011,75.2394060502783,74.03130951584852,74.30802154541016,-0.011935555931135267,-0.012007356571094908
2012-03-20,74.53073190865508,74.82769563145665,74.1392806648137,74.60497283935547,0.003996221239235265,0.0039882575565137225
2012-03-21,74.8209913692018,75.51615219683818,74.78724359828888,75.44866180419922,0.011308749708420107,0.01124528383004122
2012-03-22,75.78609216043107,75.84008651515438,75.5026295219113,75.69160461425781,0.0032199750697907703,0.0032148020517505293
2012-03-23,76.05604473814985,76.52848238176209,76.0357981461642,76.40699768066406,0.00945141895263113,0.009407033742166336
2012-03-26,76.15054221496126,76.2720269319297,75.45538167032483,76.01555633544922,-0.00512310857770959,-0.0051362766921658936
2012-03-27,76.11673423922424,76.7376533461948,76.06273993013617,76.56217956542969,0.007190939017380549,0.007165207497626107
2012-03-28,76.21123907692609,76.89965380176254,76.16399533300061,76.45420837402344,-0.0014102418716277487,-0.0014112371985738727
2012-03-29,76.95365977496887,77.06839902028011,76.65670124082423,77.02790069580078,0.0075037376486950524,0.007475724656827108
2012-03-30,77.0819280203297,77.12242121295724,75.71860399362176,75.72534942626953,-0.016910122926435345,-0.017054731607074856
2012-04-02,76.46289163615496,76.66589252851844,75.92155936487043,76.14485931396484,0.0055398871167147146,0.0055245983813363335
2012-04-03,76.46969272411276,76.76065804210673,74.81863323014429,74.82540130615234,-0.017328261155123204,-0.01748015270758691
2012-04-04,75.63061235074979,75.86744850294116,75.38701844890241,75.85391235351562,0.013745479869263555,0.013651867615610208
2012-04-05,76.46292814409291,76.51029435325621,76.00956511888283,76.40203094482422,0.007225976542305501,0.007199994263620624
2012-04-09,78.18159405036678,78.33722355063763,77.97859321411485,78.18836212158203,0.023380676595467165,0.023111535634932852
2012-04-10,78.45906336745963,79.36579436313878,78.34403191027394,79.0748291015625,0.011337582166026428,0.011273793468284849
2012-04-11,78.29666817642467,78.53349917294476,78.05306910499586,78.12750244140625,-0.011980129086836433,-0.01205246917623102
2012-04-12,78.26962078150302,78.32375506937022,77.69445816987107,77.80272674560547,-0.004156995752479853,-0.004165660079372856
2012-04-13,78.59436272105926,79.10185967556993,78.57406366888299,79.0612564086914,0.016175906883071134,0.01604647086579834
2012-04-16,78.96655760572217,79.57555524237229,78.87859328807812,78.94625854492188,-0.0014545413138272734,-0.0014556001859508097
2012-04-17,78.85153669069285,79.0545376508817,78.66207188119867,78.8989028930664,-0.0005998466897392252,-0.0006000266697420255
2012-04-18,79.2033700766185,79.25073625850541,78.9868382219174,79.12893676757812,0.0029155522583563798,0.0029113102790122615
2012-04-19,79.3387225395578,79.48758919889877,79.18308780592095,79.2033920288086,0.0009409359492491554,0.000940493546512204
2012-04-20,78.8718042570282,79.25750179733694,78.7161747238919,79.21690368652344,0.0001705944324952302,0.00017057988291972523
2012-04-23,79.92064369480649,80.12364459975093,79.70411180537856,79.79207611083984,0.0072607284247372395,0.007234496236107709
2012-04-24,79.58234406677158,79.6838445597661,79.22371346571656,79.23047637939453,-0.007038289499638917,-0.007063175095945585
2012-04-25,78.77033378000729,79.38609435882739,78.28313564674876,78.824462890625,-0.005124461032208649,-0.005137636112039847
2012-04-26,79.45378637281979,79.48085351850698,78.89215471550378,79.29815673828125,0.006009477645455563,0.005991492751912108
2012-04-27,79.1830818368865,79.41314988285069,79.02745227750948,79.36578369140625,0.0008528187275298471,0.0008524552842583081
2012-04-30,79.55528180569245,79.67708137225313,79.29815168185536,79.38611602783203,0.0002561851654465652,0.00025615235563054026
2012-05-01,79.652648951525,79.78152741295678,78.73016193024704,78.97434997558594,-0.0051868774144553376,-0.005200375960211304
2012-05-02,79.51023809338756,79.57806698268583,79.22535365332725,79.53058624267578,0.007043252236476727,0.0070185643894813245
2012-05-03,79.11683902506074,79.61199984793875,79.06257383282492,79.51025390625,-0.0002556543008968015,-0.0002556869860284334
2012-05-04,79.68657974506637,80.16817148023051,79.63231457560838,80.1342544555664,0.007848051272131062,0.007817415500756982
2012-05-07,80.25635231750515,80.35131378106871,80.0528605098623,80.1478271484375,0.00016937442000686254,0.00016936007777923435
2012-05-08,80.50728254726307,81.0634873308334,80.48693441219484,80.57511138916016,0.005331201804526842,0.005317041254390912
2012-05-09,81.02281163869591,81.10420937984993,80.33773339027248,80.62940216064453,0.0006737908337743903,0.0006735639386447361
2012-05-10,80.05285637519663,80.45983996946195,79.65944683575758,80.39200592041016,-0.0029442887318126276,-0.0029486316765644925
2012-05-11,81.04995536734691,81.12456867991504,80.69045768407022,81.0567398071289,0.008268656554942133,0.008234658497930872
2012-05-14,81.98598183881751,82.27765054411854,81.80283825583275,82.18946838378906,0.013974514387766312,0.013877771113258257
2012-05-15,82.13523041382248,82.56934657176565,81.9520919452463,82.52186584472656,0.004044282892612827,0.004036126763621693
2012-05-16,82.06059981597588,82.87455639241576,81.88424066024368,82.75924682617188,0.0028765828185703946,0.0028724533714500093
2012-05-17,82.77287362031522,84.29904724572467,82.7660891774207,84.22443389892578,0.017704209848977914,0.017549315837808995
2012-05-18,83.61390985362249,84.40752356348467,83.50538471189564,84.2447280883789,0.00024095370563692597,0.00024092468095510537
2012-05-21,84.04121917363146,84.41428039450379,83.85129634482243,84.06835174560547,-0.0020936187554478902,-0.0020958134389498654
2012-05-22,83.26123325031635,83.34941029014311,82.79320511005392,83.13235473632812,-0.011133761871645942,-0.01119620612391697
2012-05-23,83.80383900435885,84.46178465189746,83.67496054529985,83.70887756347656,0.006934999363088057,0.006911062857717568
2012-05-24,83.58678300272418,83.96662876379789,83.26119722536787,83.39007568359375,-0.0038084596181696684,-0.003815730266351886
2012-05-25,83.7223973856082,83.79701064648273,83.52569016830333,83.7020492553711,0.0037411354914829165,0.003734154849035838
2012-05-29,83.69530841617083,83.98019273789856,83.43077223527932,83.4443359375,-0.0030789367782958488,-0.0030836864559486005
2012-05-30,85.0044713343416,85.68277066039764,84.99090762482628,85.56067657470703,0.02536230426463182,0.025046017710675446
2012-05-31,86.16434926506646,87.55486473891925,85.92016113136538,86.55097961425781,0.011574277801392752,0.01150780824780205
2012-06-01,87.59293329631151,88.61928690606291,87.36183779173916,88.6056900024414,0.023739885987900555,0.023462476759442647
2012-06-04,87.89199696937364,88.4833325942047,87.64051131217384,87.90559387207031,-0.007901254765374621,-0.00793263508403463
2012-06-05,87.36180386711357,87.43657125089996,86.72288447319252,86.72968292236328,-0.013376975206132458,-0.013467252938224934
2012-06-06,86.70254159567276,86.72973022148612,84.99649810791016,84.99649810791016,-0.019983755919004142,-0.020186131862040154
2012-06-07,84.72461269735754,85.46548326646177,84.54788923146943,85.1256332397461,0.0015192994383368408,0.0015181464705995987
2012-06-08,86.15200170307148,86.28793967092606,84.67025503637167,85.10526275634766,-0.00023929905274322483,-0.00023932768933010993
2012-06-11,84.81973630300553,85.78490874756879,84.8061394033932,85.49263763427734,0.004551714728132872,0.0045413870020332165
2012-06-12,84.94209155259917,85.39069075950971,84.62263179162588,84.71099090576172,-0.009142854287165325,-0.009184906695030666
2012-06-13,84.86058980023924,85.83256153267696,84.54112979797125,85.54708862304688,0.00987000279828254,0.009821612468601896
2012-06-14,85.60822611260062,85.83252839171946,85.0916577667333,85.43830108642578,-0.0012716684854169324,-0.001272477741928756
2012-06-15,86.03640104077091,86.21991770317014,85.73733147243362,85.91405487060547,0.005568390032690829,0.005552943862583543
2012-06-18,86.42385289973151,86.55299236876778,85.81892033654808,86.37627410888672,0.005380018891872673,0.005365598289188297
2012-06-19,85.83255138954615,85.89372711192455,85.1868381913506,85.24800872802734,-0.013062214045457377,-0.013148275016055361
2012-06-20,84.67024307788465,85.98886295978211,84.34398474113154,85.66940307617188,0.004943157669394127,0.00493098037854721
2012-06-21,85.60820534132816,86.49181733732503,85.56742500436489,86.1247787475586,0.0053154995253301696,0.005301422121316359
2012-06-22,85.57425182990578,85.79175567532673,84.96931909777565,84.97611236572266,-0.01333723463258818,-0.01342697435947289
2012-06-25,85.8868893108024,86.33548859802578,85.82571361644965,86.21314239501953,0.014557385538807699,0.014452444025331794
2012-06-26,85.71693246577767,86.28787774385233,85.60138475745744,85.87326049804688,-0.003942344375006734,-0.003950135899248584
2012-06-27,86.02281565396001,86.17914890897711,85.66257554517547,86.00922393798828,0.0015833035703181064,0.0015820514666860833
2012-06-28,86.5258312529466,86.64817748749293,86.17918272411524,86.21996307373047,0.0024501922711699375,0.0024471954442902484
2012-06-29,84.98285622139086,85.39067502133577,84.71097529286178,85.09840393066406,-0.013008114398138981,-0.013093460857160547
2012-07-02,85.45197206182551,86.65082146025132,85.39748292311161,85.97647094726562,0.01031825482081894,0.010265385001386566
2012-07-03,85.79249356656118,85.82655380157654,85.28843430887969,85.31568145751953,-0.007685701476993545,-0.007715388689785294
2012-07-05,85.38387231800992,86.04460196607552,85.31575698454134,85.75170135498047,0.005110665354973953,0.0050976502299202
2012-07-06,86.28296881437373,86.65079768330635,86.24210067233604,86.54862213134766,0.009293352362400809,0.009250434856760548
2012-07-09,86.76661097536774,87.36603302744084,86.58269910381233,87.31153869628906,0.008814889782804203,0.008776265455368411
2012-07-10,87.09356376229478,87.69299095615133,86.99820128997486,87.48863983154297,0.0020283817912079005,0.002026327402449875
2012-07-11,87.59079218818542,88.19021925879888,87.36600703670537,87.59761047363281,0.0012455404758795474,0.001244765433838421
2012-07-12,87.90416172484979,88.25155140751188,87.80198095202117,88.21749114990234,0.0070764564571783595,0.007051535836571901
2012-07-13,88.02677666480757,88.03359495338043,87.59765062775362,87.98590850830078,-0.002625132936596941,-0.002628584640174853
2012-07-16,88.7555774745279,88.96673642835965,88.28557314826922,88.39456176757812,0.004644530768683097,0.004633778216504453
2012-07-17,88.0471958787723,88.42865619381293,87.62487780785514,87.6998062133789,-0.007859709243493773,-0.007890759562856642
2012-07-18,88.04717018191052,88.10166449672626,87.72702257844792,87.74746704101562,0.000543454195562898,0.0005433065778114634
2012-07-19,87.50226337625803,87.93820757855282,87.26385200577336,87.52269744873047,-0.0025615507759340073,-0.002564837160483071
2012-07-20,88.2787727358825,88.75558499359431,88.15615793034077,88.59210205078125,0.012218597383578444,0.012144552859225206
2012-07-23,89.44357866229922,89.53213324442184,88.89864577660596,89.08937072753906,0.005613013634926167,0.005597319374569965
2012-07-24,88.789688935376,89.94084681204069,88.742002489273,89.79100036621094,0.007875570709974689,0.007844720273638767
2012-07-25,89.66158993116618,90.05666616307583,89.55940912992696,90.0226058959961,0.0025793846692938605,0.0025760637660232908
2012-07-26,89.59340204575375,89.7636928594032,89.16426586936467,89.19832611083984,-0.0091563644148287,-0.009198541576533548
2012-07-27,88.47630429864444,88.55804057204901,86.4804955388169,87.51586151123047,-0.018862064715415294,-0.019042222486933845
2012-07-30,87.45459122893222,88.19705703331279,87.35922874390839,88.16981506347656,0.007472400327821482,0.007444620247910815
2012-07-31,88.42185224579995,88.46953869056242,87.5840238617856,88.346923828125,0.0020087233314591835,0.002006708544396701
2012-08-01,87.7345852747567,88.56053593397282,87.47519391777718,87.90523529052734,-0.004999478402405333,-0.005012017604993577
2012-08-02,88.45818899728755,89.20905365160273,88.14419862596024,88.40357971191406,0.00566910969226897,0.005653100765660491
2012-08-03,87.26365785889655,87.39335363888866,86.53327542810021,86.97696685791016,-0.01613750097736877,-0.016269128459593742
2012-08-06,87.14755767727347,87.46838057284062,86.94278076219334,87.01103973388672,0.00039174596686297747,0.00039166925444556697
2012-08-07,85.98036064322683,86.09640148143615,85.61858320185154,85.8916244506836,-0.012865209824255985,-0.01294868334527538
2012-08-08,86.11686550933749,86.27386067865636,85.35235121718658,85.43426513671875,-0.005324841821188864,-0.005339069319994932
2012-08-09,85.16804343429243,85.5298259946063,84.47179336827674,85.3728256225586,-0.0007191437072916473,-0.0007194024151670456
2012-08-10,86.14410298037289,86.22601684098677,85.73454409295111,85.80280303955078,0.005036466977128784,0.005023826402116326
2012-08-13,86.08269879897428,86.26699853404153,85.65948486328125,85.65948486328125,-0.0016703204463316412,-0.0016717169868584766
2012-08-14,84.61514054351117,84.92231383217833,84.47179509193084,84.49909973144531,-0.013546487393520934,-0.013639078191419495
2012-08-15,83.97351954325048,84.09638785374413,83.20901024047127,83.3114013671875,-0.014055751694782015,-0.014155469279130299
2012-08-16,83.42059700044712,83.61855174789167,82.26700062003248,82.60147857666016,-0.008521316156937742,-0.008557830150958056
2012-08-17,82.86766295523196,83.35913591844988,82.81305369091307,83.00418090820312,0.004875243621326186,0.004863398105392406
2012-08-20,82.97005826515357,83.40692198638426,82.93592617125296,83.17483520507812,0.0020559723017292697,0.0020538616830970587
2012-08-21,82.91542052226387,83.58436558723744,82.36251620417812,83.54341125488281,0.004431340908532144,0.004421551427106844
2012-08-22,84.31478321347973,84.99056123165349,84.10317879589648,84.92230224609375,0.01650508365051162,0.016370355205594975
2012-08-23,85.14754124348649,85.42058234502177,85.08610972974962,85.27723693847656,0.004179522728367191,0.004170812783755775
2012-08-24,85.64587706137658,85.70730860051712,85.09979463248544,85.19535827636719,-0.0009601467525084395,-0.0009606079886615134
2012-08-27,85.55714133061531,85.87114213308278,85.50935950551433,85.69366455078125,0.005848983847190237,0.005831944949044598
2012-08-28,85.83703645545984,86.25342329147256,85.72781784569848,85.89846801757812,0.0023899487537437647,0.002387097368427195
2012-08-29,85.74144218767366,85.75509190510932,85.29092339487508,85.52301025390625,-0.004370948310685185,-0.004380528832756234
2012-08-30,86.19191362431914,86.30795960100164,85.82331414769416,85.96665954589844,0.005187484522294783,0.005174075875900036
2012-08-31,85.85744052877045,87.18168640136719,85.8233136481541,87.18168640136719,0.014133698597652788,0.014034749137600498
2012-09-04,86.82051524883629,87.30619510409491,86.71106884008688,87.0941390991211,-0.0010041937230147457,-0.0010046982633305096
2012-09-05,86.75209757970539,87.00520051657249,86.56740450935487,86.6836929321289,-0.004712672646377092,-0.00472381230025376
2012-09-06,85.8696877306493,85.8696877306493,85.19931468899013,85.2403564453125,-0.01665061141253521,-0.016790791072588566
2012-09-07,86.28697376323048,86.31433667717779,84.76836596227888,84.84361267089844,-0.0046544124280920585,-0.004665277933756713
2012-09-10,84.61103195924206,85.048828125,84.48790146143875,85.048828125,0.0024187495987184615,0.002415829132211287
2012-09-11,84.83676124974642,84.89148707158516,84.33740247755742,84.5152587890625,-0.0062736823975197975,-0.006293444640982521
2012-09-12,83.60545861401457,83.73543113154766,83.23606715808481,83.46180725097656,-0.012464631277000482,-0.01254296641989913
2012-09-13,83.72175822291685,84.2005961635147,82.27155511591141,83.13346862792969,-0.003933998482198331,-0.00394175700893369
2012-09-14,81.92268829794793,81.98425093827406,80.75295116127289,80.92396545410156,-0.0265777816118431,-0.026937356295555548
2012-09-17,81.31385443433436,82.01843228301028,81.26597065487893,81.89530181884766,0.012003074235122702,0.011931608642401552
2012-09-18,82.5725068682187,82.70247934785576,82.05946419883863,82.30572509765625,0.005011560732951947,0.004999044661745191
2012-09-19,83.00350639649766,83.0308693134916,82.50414751345075,82.84617614746094,0.006566384648983181,0.006544919858115112
2012-09-20,83.55071976060826,83.67385022671043,82.75721637157034,83.05136108398438,0.002476697731446542,0.0024736357702795056
2012-09-21,82.59988516992617,83.2086955002472,82.54515935577709,83.14713287353516,0.0011531633955275122,0.0011524990133308874
2012-09-24,83.62599801822584,83.9338216902251,83.57811421993834,83.79701232910156,0.00781601761969175,0.007785630787285734
2012-09-25,84.00221321206152,84.64522333139809,83.54389099278814,84.62470245361328,0.009877322609797456,0.009828860713392585
2012-09-26,85.20614281873559,85.56869221314516,85.13089612718557,85.53449249267578,0.010750880212089253,0.010693500388810957
2012-09-27,85.19928296414686,85.37029717706652,84.66571423592828,84.9256591796875,-0.007117985917089675,-0.007143439636913198
2012-09-28,85.33612119669588,85.67130770642542,84.69310586791806,84.97357177734375,0.0005641710422863433,0.0005640119576350229
2012-10-01,84.98044061662492,85.3231866026693,84.57599763355043,85.28890991210938,0.0037110142385434752,0.0037041454134976084
2012-10-02,84.939283343047,85.35742848964925,84.87072998567876,85.17234802246094,-0.0013666711154891598,-0.001367605862216083
2012-10-03,84.90500641221365,85.20662444810009,84.74048986076963,85.19976806640625,0.00032193598722995986,0.0003218841769594518
2012-10-04,84.63083070852653,84.86390067781959,84.02074332609838,84.13727569580078,-0.012470601677898263,-0.01254901219723
2012-10-05,83.33526868838622,83.41067323262037,82.88969780788152,83.04736328125,-0.012953977954924145,-0.013038612423887106
2012-10-08,83.61631159757181,83.81509966370696,83.41751830154803,83.74655151367188,0.008419150287216182,0.008383906916097346
2012-10-09,83.26670046510326,83.75339907795554,83.20500347564668,83.59573364257812,-0.0018008845542628604,-0.0018025080963524729
2012-10-10,83.25984395665522,84.28808178702211,83.12274767122818,84.18525695800781,0.007052074187783974,0.007027324601762802
2012-10-11,83.6025897337849,84.76792907714844,83.55460551099209,84.76792907714844,0.006921308316861996,0.006897466012526518
2012-10-12,85.04894820398651,85.53564664445335,84.85015499930802,84.98040008544922,0.002506502289414403,0.0025033662517815413
2012-10-15,84.85016678290626,85.09694422782079,84.61024571976351,84.7884750366211,-0.002258462523536453,-0.002261016696415361
2012-10-16,84.2469076480676,84.27432793606134,83.58883642587345,83.61625671386719,-0.013825208228448682,-0.013921666488630842
2012-10-17,83.06103194983388,83.1227289252837,82.64973795642028,82.8416748046875,-0.009263532471087355,-0.009306705820002408
2012-10-18,83.0267674222118,83.3078163363492,82.16990268538622,82.33441925048828,-0.006123192890476359,-0.006142016515860399
2012-10-19,82.49209252305815,83.49976645024331,82.45096468272834,83.4517822265625,0.013571031243626575,0.013479769548918311
2012-10-22,83.23929634456282,83.52034535371604,82.90340671853951,82.9171142578125,-0.0064069089297390525,-0.006427521258799897
2012-10-23,83.69858428558638,84.13044765531107,83.64374366246426,84.10302734375,0.014302392172623968,0.014201077843866055
2012-10-24,83.53407522652432,83.82883706519225,83.27359008789062,83.27359008789062,-0.009862156952677337,-0.009911110144514242
2012-10-25,82.64287640219773,83.3146605589736,82.48521624236895,82.84852600097656,-0.005104428504468572,-0.005117500602346886
2012-10-26,83.24616006810712,84.07560485930658,83.12962243951202,84.0687484741211,0.01472835464966682,0.01462094578718596
2012-10-31,84.09615164723374,84.79535112686858,84.06187495818101,84.56228637695312,0.00587064648623814,0.005853481388538554
2012-11-01,84.15783177326601,84.23323629484337,83.68484595505724,83.86992645263672,-0.008187573373194645,-0.008221275637975591
2012-11-02,83.13645085331976,83.8425066230747,83.10903055169295,83.80823516845703,-0.0007355590589974703,-0.0007358297152927054
2012-11-05,84.19212266879954,84.48688442202324,84.17155874669604,84.28123474121094,0.005643831680778977,0.00562796493426265
2012-11-06,84.00702106283049,84.21952184443563,83.47918945512521,83.48604583740234,-0.009434946061839922,-0.009479737122227742
2012-11-07,84.96673038849352,85.364316999364,84.8364904662275,85.00100708007812,0.01814628094407933,0.017983602249359052
2012-11-08,84.8570658357521,86.2760342426071,84.61028826674344,86.26232147216797,0.014838817037797991,0.014729798935562814
2012-11-09,86.11835000576356,86.3582763671875,85.80988072663052,86.3582763671875,0.0011123616126014202,0.001111743396833346
2012-11-12,86.26230903351534,86.63247533365194,86.22803757213845,86.50223541259766,0.0016669976690832922,0.0016656097706704636
2012-11-13,86.92038339174975,86.93409092992047,86.36513134289522,86.7901382446289,0.0033282704274406605,0.003322743994335821
2012-11-14,86.18007273839072,86.91354911951265,86.09781179877228,86.87242126464844,0.0009480687746759031,0.0009476196413255992
2012-11-15,86.44051380060796,87.07116499316584,86.37196566748425,86.70100402832031,-0.0019732066153183014,-0.001975155952210071
2012-11-16,86.61876159721673,87.18772116022808,86.56392098707116,86.62561798095703,-0.0008694945140272914,-0.0008698727436438644
2012-11-19,86.0017992610387,86.24172034132474,85.89212329428821,86.13890075683594,-0.005618629170738965,-0.005634473042716695
2012-11-20,86.0154939754506,86.14573383176837,85.26144898151827,85.27516174316406,-0.010027281589187531,-0.010077893394002458
2012-11-21,85.13124254888093,85.28890276050362,85.01470494868228,85.22721099853516,-0.0005623061117530082,-0.0005624642651245161
2012-11-23,85.20664785912163,85.30946746334513,85.07640272058745,85.14495086669922,-0.0009651862459437721,-0.0009656523381230938
2012-11-26,85.79616255547693,86.04293481026531,85.51510838630607,85.54938507080078,0.0047499493508984525,0.004738703937516485
2012-11-27,85.64536329462275,85.9538325707599,85.48084146612047,85.88528442382812,0.003926379514585188,0.00391869140426062
2012-11-28,86.35144842093352,86.50910868934004,85.74821197168386,85.76192474365234,-0.001436330810375197,-0.0014373633222778163
2012-11-29,85.59053133902364,85.98811795327087,85.45343503129855,85.7756118774414,0.00015959452670832874,0.00015958179285666845
2012-11-30,86.01551728222074,86.0566451185297,85.48768564344682,85.54252624511719,-0.0027173881622349905,-0.002721086963686211
2012-12-03,84.97591967430506,85.71083890500175,84.90723666249916,85.62155151367188,0.0009238126581421202,0.0009233862058495897
2012-12-04,85.86878774765566,86.13666033474193,85.74515626137605,86.11605072021484,0.005775405815485746,0.005758792095941995
2012-12-05,86.12980812212558,86.4114100296126,85.97183248608823,86.07485961914062,-0.00047832083252452584,-0.0004784352644255023
2012-12-06,86.44578014347967,86.59688595202863,86.20538692086961,86.26033020019531,0.0021547590303991893,0.002152440866618603
2012-12-07,85.5116024677716,85.82754832196407,85.40170552361349,85.4635238647461,-0.009237227977216933,-0.009280155727681486
2012-12-10,85.82757648052964,85.90999921568972,85.53910476773403,85.84131622314453,0.004420509959270236,0.004410768203588062
2012-12-11,85.34680313743686,85.38114201878932,85.05146150888417,85.18882751464844,-0.0076011032589475835,-0.007630138873036894
2012-12-12,85.05144628890795,85.40173111297646,84.18602593496396,84.19976043701172,-0.011610291002850603,-0.011678216701377716
2012-12-13,83.99369887084512,84.60498630374819,83.88380191023646,84.26156616210938,0.0007340368283339505,0.0007337675550642158
2012-12-14,84.61185372227767,84.96900835355659,84.53630087409216,84.8934555053711,0.007499140735718557,0.007471161970564159
2012-12-17,84.82480416111878,84.83853866583124,83.59535900235092,83.62283325195312,-0.014967258027770769,-0.015080397781560657
2012-12-18,83.38240555382835,83.64340295659267,82.35214520161509,82.7711181640625,-0.010185197687866299,-0.010237421724553816
2012-12-19,83.08706903023322,83.5541206275432,82.91535896122478,83.04586029052734,0.003319299443560464,0.003313802729297603
2012-12-20,83.30687141875086,83.54726450688904,82.84668961571832,83.05960845947266,0.00016554911824884222,0.00016553541650575254
2012-12-21,84.00747157626448,84.08989433420571,83.7602085426187,83.96626281738281,0.010915707101515348,0.010856560797313161
2012-12-24,83.7945430228333,83.84949152180229,83.70525564214164,83.81514739990234,-0.0017997158907635535,-0.0018013373251134436
2012-12-26,83.94451967549456,84.1234926561149,83.84815082093945,84.11660766601562,0.0035967277451047774,0.003590274987780773
2012-12-27,83.89633498700681,84.86691377134393,83.86192054003496,84.39883422851562,0.003355182410833546,0.00334956634477324
2012-12-28,84.76368817533188,84.90135651251593,84.51588096703223,84.88070678710938,0.005709469366472986,0.005693232120970359
2012-12-31,84.5778526401925,84.64668682281966,83.22868270419646,83.41453552246094,-0.017273315929446253,-0.017424240150569835
2013-01-02,82.4370968687983,82.53346579865932,82.19617454414578,82.29942321777344,-0.013368321212880674,-0.013458481649616187
2013-01-03,82.17547334936688,82.25119250192449,81.15671516320785,81.18424987792969,-0.013550196298373507,-0.0136428380359308
2013-01-04,80.99153628234168,81.52845025027783,80.78502848619173,81.50091552734375,0.003900579852498476,0.0038929923150360537
2013-01-07,81.48024465802027,81.72805184842206,81.22555247574341,81.53530883789062,0.0004219990698794973,0.000421910053314399
2013-01-08,81.94148459507183,82.11357272503837,81.7900462004272,82.07227325439453,0.006585667291351127,0.006564076525739845
2013-01-09,82.08598198381803,82.285604708575,81.82441009536547,81.99649810791016,-0.0009232733964794626,-0.0009236998758867201
2013-01-10,81.65920928561563,82.12040919268748,81.47335652583284,81.76934814453125,-0.0027702398104851866,-0.0027740840260296715
2013-01-11,81.58348342438062,82.50587791096541,81.46646483518767,82.49899291992188,0.00892320645752176,0.008883629909678347
2013-01-14,82.62981198716459,82.79501507121448,82.16861719951497,82.27186584472656,-0.0027530890639571037,-0.0027568857837270157
2013-01-15,83.0221624928261,83.08411167241573,82.58161748781977,82.65045166015625,0.004601643727689453,0.004591088533632809
2013-01-16,83.03588954916248,83.07030924556817,82.60911472329848,82.82250213623047,0.0020816640758560823,0.002079500415349657
2013-01-17,82.14105140824257,82.2924896995554,81.74180595872865,81.99649810791016,-0.00997318370026612,-0.01002324904890388
2013-01-18,82.30628771326236,82.74683278338999,82.23056853698623,82.62981414794922,0.0077236961901177015,0.007694021151408992
2013-01-22,82.29248453331553,82.80874853853906,82.17546070083266,82.78809356689453,0.0019155243246935516,0.0019136920474489378
2013-01-23,82.8363031418683,83.00151145491851,82.56784619779998,82.66421508789062,-0.0014963320649944434,-0.0014974526878409123
2013-01-24,82.51276511875659,82.58159927591291,82.09286993288055,82.37509155273438,-0.0034975658433198387,-0.0035036966261193523
2013-01-25,81.5146804342392,81.63858406184724,81.0672503761151,81.24622344970703,-0.013703998159500297,-0.013798764725528948
2013-01-28,80.55093470282183,81.03278416994222,80.53716997597066,80.95018005371094,-0.0036437803928123236,-0.00365043513110935
2013-01-29,80.96396165803444,81.28060293815936,80.44769767380076,80.50276184082031,-0.005527081133034684,-0.005542411961879123
2013-01-30,80.31003524893815,80.5096579806922,79.95897947227267,80.36510467529297,-0.0017099682343760803,-0.0017114318988418432
2013-01-31,80.5578920987447,80.77127969283642,80.2274858402616,80.75751495361328,0.00488284411382045,0.00487096169480218
2013-02-01,81.21973468222177,81.30251707671117,79.68819722364327,79.70889282226562,-0.012984824160946262,-0.013069863943401993
2013-02-04,80.4332474157984,80.90926713301576,80.31596887379226,80.72989654541016,0.012809157008630834,0.012727813647146275
2013-02-05,80.21243567160576,80.32281912240751,79.92958728982838,80.01237487792969,-0.00888792997618748,-0.008927663231954092
2013-02-06,80.38494711303252,80.69539678018073,80.06070740251711,80.66780090332031,0.008191558198223259,0.008158189489326225
2013-02-07,80.55739035762109,81.12309248494925,80.45391243334498,80.4884033203125,-0.0022239057095757575,-0.00222638226030311
2013-02-08,80.57809694943067,80.8264545121433,80.18486501903132,80.79885864257812,0.003857143507122851,0.0038497238022299186
2013-02-11,80.75057882773639,80.97823557356384,80.66089092287663,80.73677825927734,-0.0007683324287462989,-0.0007686277473851112
2013-02-12,80.50226750862508,80.72992438532863,80.3435924603745,80.53675842285156,-0.002477431484613324,-0.0024805053959798683
2013-02-13,79.8882021619223,80.21244173055587,79.71573195454627,79.88130187988281,-0.008138601004119561,-0.008171900212991435
2013-02-14,80.22625862699383,80.7436693544557,80.01929223065943,80.6056900024414,0.009068306418539063,0.00902743622436454
2013-02-15,80.48154593656207,80.53673243419169,80.07451327836546,80.37116241455078,-0.002909566159455035,-0.0029138071754151963
2013-02-19,80.61950584911577,80.64710172474886,79.91582417890959,79.97101593017578,-0.0049787320769489884,-0.004991167254945809
2013-02-20,79.81232879863154,80.28144805521852,79.72954118980773,80.21245574951172,0.0030190915612069436,0.003014543256478928
2013-02-21,80.6471192029368,80.92996777856976,80.53673567648164,80.68161010742188,0.0058488965775493895,0.00583185818687052
2013-02-22,80.7022873648791,80.95063970002042,80.63329504933321,80.73677825927734,0.0006837760399429627,0.000683542371618363
2013-02-25,80.2676687539374,82.3373121524749,80.22627757024676,82.32351684570312,0.019653231409979544,0.01946260028764571
2013-02-26,81.90958043557355,82.55806505181691,81.81299224502688,81.84748840332031,-0.0057824114010461836,-0.0057991942700924125
2013-02-27,82.43388080642053,82.4683769624357,81.40595957033655,81.60602569580078,-0.0029501541492595873,-0.0029545144317938104
2013-02-28,81.70255975357719,81.86123460762572,81.39211558860258,81.75775146484375,0.0018592471297222968,0.0018575208691431007
2013-03-01,82.16154046922428,82.41734656627757,81.95413482470539,82.2030258178711,0.0054462646666453285,0.005431487396903149
2013-03-04,82.12699822841535,82.25144375943944,81.76057674114446,81.76748657226562,-0.005298335934378451,-0.0053124218930061355
2013-03-05,81.6291923929576,81.71906764354827,81.35956136650692,81.53240203857422,-0.002875036809204645,-0.0028791776661803944
2013-03-06,80.96550428779108,81.23513537898948,80.78574846876546,80.79266357421875,-0.009072938437475253,-0.00911434820590515
2013-03-07,80.48157245940001,80.55070770712464,80.13589094609551,80.17045593261719,-0.00770128888039423,-0.0077310969445687425
2013-03-08,79.41682008233414,79.7555862637328,79.24397944034004,79.33385467529297,-0.010435281271536923,-0.010490110592295399
2013-03-11,79.58968316342713,79.66573348931998,79.32696193773205,79.40992736816406,0.000958893188569343,0.0009584337441777417
2013-03-12,79.67954812539404,80.05288460206664,79.66572319278183,79.98374938964844,0.007226074125770143,0.007200091147003487
2013-03-13,79.67264400327261,80.01832538768853,79.52745845477943,79.90079498291016,-0.0010371407613584127,-0.0010376789639979587
2013-03-14,79.56895580948779,79.94920752477952,79.49291074110992,79.6588363647461,-0.0030282379319982455,-0.003032832322099994
2013-03-15,79.73487928887135,80.11512569410257,79.71413924718165,80.03216552734375,0.004686600754350012,0.004675652833398657
2013-03-18,80.77188638767439,80.80645134968535,80.30175965196939,80.6405258178711,0.007601447324569577,0.007572701903156209
2013-03-19,80.73740327779484,81.50481694326271,80.68209294927676,81.1867904663086,0.006774071013267546,0.006751230086906211
2013-03-20,80.6889378266959,80.88251853333172,80.25338123676535,80.28103637695312,-0.011156421927177251,-0.01121912157424914
2013-03-21,80.792696200643,81.06232740072628,80.56454510067033,81.05541229248047,0.00964581363762318,0.009599589784000249
2013-03-22,81.0968899567994,81.23516046047651,80.73046310016002,81.11763000488281,0.0007675947927801019,0.000767300342566483
2013-03-25,80.73042565224239,81.42870350367367,80.66129043247315,81.04154205322266,-0.0009379952502998057,-0.0009384354431319827
2013-03-26,80.79955470169207,81.51857248973965,80.73732932043838,81.13832092285156,0.0011941884023547455,0.0011934759265484049
2013-03-27,81.7882547052269,82.11319092301342,81.70528923650681,81.8297348022461,0.00852142207936435,0.008485319712921418
2013-03-28,81.66377750968813,81.89192322961058,81.35957618355195,81.41488647460938,-0.005069652598034935,-0.005082546884931801
2013-04-01,81.42528326762391,82.04886122268937,81.40449821680954,82.028076171875,0.007531665569009416,0.007503444189964396
2013-04-02,81.8063662388904,81.85486645644103,81.58465020349796,81.69551086425781,-0.004054286326554246,-0.004062527226884513
2013-04-03,81.97260147873364,82.6516093925488,81.93103139960431,82.42989349365234,0.008989265403025026,0.008949102467530133
2013-04-04,82.85947251354506,83.42762517198345,82.77633234782196,83.41376495361328,0.01193585746943504,0.011865186909354732
2013-04-05,85.13901271987672,85.52008952542879,84.9657969511941,85.09744262695312,0.020184650270565596,0.019983640589310108
2013-04-08,84.99352188915292,85.13209769172109,84.37687410457207,84.44615936279297,-0.007653382335062964,-0.007682819759072923
2013-04-09,84.55009044527671,84.6955910743286,84.09972833471056,84.2383041381836,-0.002461393462743544,-0.002464427671576553
2013-04-10,83.55234905436616,83.60085454045225,83.07427716507472,83.08120727539062,-0.013735994268057383,-0.013831205927253672
2013-04-11,83.26141616539088,83.48313230227639,83.06741520638226,83.24063110351562,0.001918891568300829,0.0019170528477032642
2013-04-12,84.06508001699899,84.48772692498326,83.76714867671704,84.48079681396484,0.01489856208450635,0.014788668666534067
2013-04-15,84.61935499652907,85.24293274424438,84.43921442528638,85.21521759033203,0.008693345755064863,0.008655776204573378
2013-04-16,84.47389701720496,84.88961396335478,84.44618184931126,84.51547241210938,-0.008211504916723289,-0.008245405031411416
2013-04-17,84.73716631841778,85.58938504233156,84.73716631841778,85.07666778564453,0.006640149519589578,0.00661820083489266
2013-04-18,85.09056784532963,85.37464442802727,84.94506713936103,85.2845687866211,0.002443689984431119,0.002440709029426708
2013-04-19,85.18059311217806,85.20830827113353,84.96580195180469,85.10437774658203,-0.00211282114223843,-0.002115056297705405
2013-04-22,85.11129484581213,85.42308639116395,84.99350939553781,85.1667251586914,0.0007325993534084141,0.0007323311334926038
2013-04-23,85.40232018949771,85.76953684263007,84.7925971855405,84.86881256103516,-0.00349799287340391,-0.0035041251551032582
2013-04-24,84.85490351881386,85.09740442889188,84.73711811765072,85.08354949951172,0.0025302220214538096,0.0025270263990027006
2013-04-25,84.70249180824392,84.78563726148998,84.59856131321749,84.71634674072266,-0.0043157903137452935,-0.004325130219164019
2013-04-26,85.36074778844278,85.5755389842258,85.22910736936016,85.49239349365234,0.009160531382506498,0.00911882820361315
2013-04-29,85.62405805732995,85.72798862190545,85.05591029526236,85.18062591552734,-0.003646728853697989,-0.00365339437920783
2013-04-30,85.40231888711125,85.70025027237595,84.99352685331705,85.2291030883789,0.0005691103150573529,0.0005689484331981792
2013-05-01,85.72277288819494,86.27824413737886,85.70194364338967,86.10466003417969,0.010272980872424231,0.010220572426133808
2013-05-02,85.81303945983808,86.07689070160498,85.75749656974158,85.99356842041016,-0.001290192815643576,-0.0012910258309716946
2013-05-03,84.82016954654242,84.8409987989153,83.89670051064338,83.96613311767578,-0.02357659229609521,-0.02385896727270604
2013-05-06,84.11884747007475,84.18828004362726,83.54254704459389,83.7577896118164,-0.0024812802272005108,-0.002484363704687348
2013-05-07,83.45229439354245,83.66753698440317,83.35508772042041,83.43146514892578,-0.003896049124541223,-0.003903658494681823
2013-05-08,83.5078825721165,83.89671477286137,83.43844995328075,83.56343078613281,0.001581725035889825,0.0015804754263641532
2013-05-09,83.67449115564686,84.23690201243227,83.30649366676916,83.34815216064453,-0.0025762300980587405,-0.002579554289299546
2013-05-10,83.153734912539,83.17456415850472,81.82754974747566,82.45245361328125,-0.010746471567083082,-0.010804631947208012
2013-05-13,81.84833834997096,82.06358614525351,81.67475432329759,81.82056427001953,-0.0076636814984961665,-0.007693198407718121
2013-05-14,82.17469387928497,82.23718689622571,80.917946965746,80.93183135986328,-0.01086197483585305,-0.010921396769309272
2013-05-15,81.60533714033159,81.73726272060458,80.834623492969,81.4734115600586,0.006691807056573129,0.006669516304084074
2013-05-16,81.91089294299574,82.58440032047676,81.88311884216097,82.32054901123047,0.0103977166900322,0.010344032243625966
2013-05-17,81.8969966012751,82.03586709418526,81.22349457578953,81.27903747558594,-0.01265190220612411,-0.012732619058001606
2013-05-20,81.67480201841883,81.70257611458932,81.09156189094004,81.18182373046875,-0.0011960494136804556,-0.001196765251622399
2013-05-21,81.18872116755783,81.84139880300617,80.83460826988224,81.82056427001953,0.00786802402556841,0.00783723253122349
2013-05-22,81.94557630706385,82.31357903407635,80.4041540107393,80.60550689697266,-0.014850268803292654,-0.014961637995389741
2013-05-23,81.34150162023104,81.40398934681232,80.38331410039201,80.98738861083984,0.00473766282935606,0.004726475425662943
2013-05-24,81.22348389128774,81.52898834076737,81.03601007486209,81.09850311279297,0.001371997589489471,0.0013710572607842353
2013-05-28,80.6055001140149,80.73048086237446,79.02935901277014,79.04324340820312,-0.02534275758125104,-0.025669416028334606
2013-05-29,79.58483864218799,79.97366532403025,79.47374227745236,79.9320068359375,0.011244015167046317,0.011181271120439666
2013-05-30,80.02223680581078,80.10555904619547,79.52231395823092,79.73755645751953,-0.0024326973150703424,-0.002435661130870583
2013-05-31,79.82787008861897,79.86258373599712,78.57806224092657,79.46681213378906,-0.00339544294757399,-0.0034012205460236568
2013-06-03,79.19187727495535,80.38205163855785,79.13619529873259,79.88788604736328,0.0052987392128591715,0.0052847502882531405
2013-06-04,79.31716422559937,79.68604804934964,79.10836476637088,79.1501235961914,-0.00923497275587537,-0.009277879482712933
2013-06-05,79.54681980177202,80.26370777654185,79.43545588213355,80.24282836914062,0.01380547146741029,0.013711044030510848
2013-06-06,79.95747659798904,81.28685574811468,79.63035697336576,80.19412231445312,-0.0006069832741119052,-0.0006071675630367344
2013-06-07,79.49814377037033,79.92270965816121,78.7603759765625,78.7603759765625,-0.017878446655587688,-0.018040196878169237
2013-06-10,78.44017525428778,78.73250293238634,78.21745269152801,78.3844985961914,-0.004772417293728348,-0.004783841639463683
2013-06-11,78.14091251472074,79.31716918945312,78.03651543363601,79.31716918945312,0.011898661214464035,0.011828428711358007
2013-06-12,78.64897986989074,79.2266683415951,78.14089120330293,78.18265533447266,-0.014303509146558424,-0.014406790372430704
2013-06-13,78.69769681375604,79.46330525671722,78.5724150459897,79.40762329101562,0.01566802702341641,0.015546550707801057
2013-06-14,79.41456994875612,79.8043383253372,79.21968841552734,79.21968841552734,-0.0023667107476511573,-0.0023695158342924853
2013-06-17,79.35895097558509,79.400715130225,78.64902406823948,78.8021469116211,-0.005270678441906207,-0.005284617467847496
2013-06-18,78.54458048844472,79.12226898207622,78.45410126937139,78.84386444091797,0.0005293958468373106,0.0005292557662925116
2013-06-19,79.16403336107585,79.1988359224602,77.68849821658462,78.029541015625,-0.010328304314702663,-0.010382011371647099
2013-06-20,77.08296499784235,77.4031283687448,76.05983133967311,76.7488784790039,-0.016412534534384182,-0.01654871224954644
2013-06-21,76.66534160293051,76.84630530983448,75.4264472536142,75.44732666015625,-0.016958577697050226,-0.017104021062606188
2013-06-24,75.05062486336882,76.13639681523456,75.00190446322421,75.76055145263672,0.004151569132347932,0.004142975146690498
2013-06-25,75.7953274636979,75.87884508604715,75.07147797930456,75.08539581298828,-0.008911704398964493,-0.008951651142753066
2013-06-26,75.86496955620085,75.89977212500197,75.19680165420544,75.57264709472656,0.006489294974909132,0.006468330149353419
2013-06-27,76.24081245095917,76.54009647822554,75.83016445534888,76.34521484375,0.010222848857670108,0.010170948948543056
2013-06-28,75.87192516360098,76.89505900840366,75.6700819627104,76.86721801757812,0.006837405263662832,0.006814136214689385
2013-07-01,76.54765022047837,77.08479987783019,76.33836809190382,77.02201843261719,0.00201386779737045,0.002011842684035696
2013-07-02,77.0848776392769,77.29415997897067,76.90349996636037,76.97325897216797,-0.0006330587206290206,-0.0006332591869099858
2013-07-03,76.9523113245241,77.1894982678762,76.74303436279297,76.74303436279297,-0.002990968713670328,-0.0029954505996115217
2013-07-05,74.83858727824509,74.99206025311697,74.06425023031503,74.12703704833984,-0.0340877492814049,-0.03468228666104824
2013-07-08,74.69207759143082,75.03390031081649,74.60836362407827,74.84555053710938,0.009693001600765028,0.009646325837201769
2013-07-09,74.9850913784613,75.07578286800526,74.69210038671281,74.92230987548828,0.0010255698278396341,0.001025044290389956
2013-07-10,74.9152826178889,74.9152826178889,74.15490097928532,74.33627319335938,-0.007821924912657208,-0.007852676630710757
2013-07-11,74.95716115868015,75.25015737280665,74.60138878525368,75.20829772949219,0.011730807836768387,0.011662535319659875
2013-07-12,75.57806264731022,75.66875415100029,74.88046189779942,75.14555358886719,-0.0008342715168302428,-0.0008346197149868126
2013-07-15,75.20133672692593,75.56408664849442,75.13157241846282,75.54315948486328,0.0052911433479012615,0.005277194431115064
2013-07-16,75.64082669479495,75.87103615012575,75.52920805380921,75.80127716064453,0.0034168239393399524,0.003410999859224046
2013-07-17,76.17103596615877,76.28962682934575,75.80130837959236,75.94082641601562,0.0018409881811800588,0.0018392956394196434
2013-07-18,75.76638711472366,75.80824143959988,74.97810050336275,74.99205017089844,-0.012493625496246774,-0.012572327034020638
2013-07-19,75.55709174550171,76.18493312113407,75.51523742788231,76.1779556274414,0.015813748975263664,0.01569001441377061
2013-07-22,76.28961944580078,76.51982897366354,76.12916892939818,76.28961944580078,0.0014658284990671788,0.0014647552211723737
2013-07-23,75.80823090859758,76.03844030797532,75.56407184362199,75.96868133544922,-0.004206838527744505,-0.00421571216833665
2013-07-24,75.09669580585525,75.26411843766284,74.49675894275269,75.0060043334961,-0.012672024642659041,-0.01275299955160177
2013-07-25,74.62232589456717,75.06181229094705,74.51070726053896,74.97810363769531,-0.0003719794974910151,-0.0003720486990258588
2013-07-26,75.36874048196128,75.53616307134845,75.08969928480387,75.4384994506836,0.006140403539851791,0.006121628082093251
2013-07-29,75.09670295568392,75.21529377607725,74.69209334487964,74.88742065429688,-0.00730500739542117,-0.007331819617397128
2013-07-30,75.1385842412051,75.17346641137274,74.6781704641693,74.85954284667969,-0.00037226288972991295,-0.00037233219676027193
2013-07-31,73.98751207051683,75.28504950948883,73.84101659479674,75.13157653808594,0.003633921355402858,0.00362733461550119
2013-08-01,74.47415118485978,74.47415118485978,73.43211598533384,73.68388366699219,-0.01926876737851868,-0.019456829817109136
2013-08-02,74.1384963745438,74.55810757916575,74.1175166146596,74.49516296386719,0.011010267869993262,0.010950096139078765
2013-08-05,74.26436375647265,74.30632326691116,73.80978282935789,73.92167663574219,-0.0076983028871707715,-0.007728087781403125
2013-08-06,73.80282701827831,74.13851928710938,73.66994805041739,74.13851928710938,0.0029334108915806123,0.0029291168372853824
2013-08-07,74.25036757922952,74.78887281850459,74.25036757922952,74.69096374511719,0.007451517285750109,0.007423891880065686
2013-08-08,74.8168595727756,75.25045544268465,74.6839806652124,74.89378356933594,0.0027154533031716888,0.0027117731205880667
2013-08-09,74.55111162875637,75.01967737921677,74.46719259025355,75.01268768310547,0.0015876366248668283,0.0015863776621812182
2013-08-12,75.25747791322657,75.27146264434239,74.46021484844682,74.5021743774414,-0.006805692762546389,-0.00682895710291927
2013-08-13,73.66293871159786,73.68391847237213,73.2922820428627,73.42515563964844,-0.014456205430147584,-0.014561714442341119
2013-08-14,73.39016946338697,73.6838966987224,73.3412149241644,73.53703308105469,0.0015236936228684161,0.001522533979551533
2013-08-15,72.8027180216331,73.173374623425,72.5159857834271,72.54396057128906,-0.013504386404480484,-0.013596399960655496
2013-08-16,72.70481432753581,72.71180935893172,71.80264736070505,72.29219818115234,-0.0034704803563807562,-0.003476516442792032
2013-08-19,71.98450584251478,72.04045544183367,71.48097011993968,71.66280364990234,-0.008706258034550829,-0.008744378920491213
2013-08-20,71.95653098935546,72.28522821555023,71.9285561897168,72.21529388427734,0.007709581627229012,0.007680014671468156
2013-08-21,71.87260441995362,72.1733268374282,71.41103357897362,71.42501831054688,-0.010943326977203238,-0.011003645641445682
2013-08-22,71.6558106763693,72.19431624791403,71.50195194164223,72.15235137939453,0.010183169511911228,0.010131670362552699
2013-08-23,72.04046604941254,73.00557276935672,71.85163745781914,72.93563842773438,0.010856015547173747,0.01079751203954268
2013-08-26,73.12443217854876,73.35522021486477,72.96358379128324,73.29927062988281,0.0049856587257919305,0.0049732714846375875
2013-08-27,73.6349726542085,74.30635175686349,73.46013417948647,74.22242736816406,0.012594350944399313,0.012515701774925827
2013-08-28,73.71889375936018,73.83078760366202,73.39019658781993,73.62097930908203,-0.008103319716272317,-0.008136330061348975
2013-08-29,73.34817471643994,74.34825018340585,73.28523547837445,74.20838165283203,0.007978735806867254,0.007947073996969983
2013-08-30,74.14549911171873,74.60707525293871,73.94968087083033,74.12451934814453,-0.0011300920842045592,-0.001130731119755329
2013-09-03,73.338458047706,73.39455529539678,72.5811666027925,73.07901763916016,-0.01410466763465823,-0.014205083801899554
2013-09-04,73.2403140093408,73.38055717350939,72.88971412351394,72.91776275634766,-0.0022065825187842503,-0.002209020609215784
2013-09-05,72.55311675824396,72.64427077191182,71.89398748328715,71.9010009765625,-0.01394395194463982,-0.014042082125519514
2013-09-06,72.39880548709296,72.79848875133781,72.090276177948,72.2585678100586,0.004973043888674811,0.004960719150004168
2013-09-09,72.78452121755899,72.79152936181208,72.27965664545677,72.2936782836914,0.0004859004917603382,0.0004857824803427148
2013-09-10,72.03423486158526,72.46196168158261,71.77478909232819,71.78881072998047,-0.006983564340574344,-0.007008063553873238
2013-09-11,72.16749501973413,72.44096256259157,71.65562207017263,72.42694091796875,0.008888992330413181,0.008849717807122511
2013-09-12,72.8195805825848,72.92476159714178,72.26563223233138,72.32874298095703,-0.0013558205795677347,-0.0013567405359142409
2013-09-13,72.58114327969896,72.80552684863106,72.38480832559915,72.60919189453125,0.0038774199856903557,0.003869922168026759
2013-09-16,73.15619976642336,73.21229705226251,72.11842137732548,72.12543487548828,-0.006662476284623242,-0.006684769654281634
2013-09-17,72.48302256219759,72.74246305474311,72.20254158265972,72.72142791748047,0.008263285247722463,0.00822933122578771
2013-09-18,72.66532546698161,74.01163300275891,72.20954992619794,73.61895751953125,0.012342023908953559,0.012266482056335863
2013-09-19,73.66101236395205,73.68905563723833,73.03694521363981,73.18419647216797,-0.005905558323723081,-0.005923065092135686
2013-09-20,73.40860467536466,73.75219106025718,73.24031288095519,73.56987762451172,0.0052700059703520985,0.0052561680847568746
2013-09-23,73.77317085373782,74.13779745169201,73.70305200020067,74.10974884033203,0.007338210056236916,0.007311416391338507
2013-09-24,74.3201539051911,74.91617257383052,74.2149728813773,74.90916442871094,0.01078691536387777,0.01072915161617974
2013-09-25,74.70579465844109,75.2246807855614,74.60061366450017,75.06340789794922,0.002059073417980395,0.002056956431831919
2013-09-26,74.66370693799004,74.76187441611425,74.46035849052521,74.53749084472656,-0.007006303976201722,-0.007030963372223207
2013-09-27,74.53051182143636,74.90214678187941,74.50246319332554,74.71983337402344,0.0024463196604875836,0.0024433322915945236
2013-09-30,74.78997947676262,74.958265944881,74.45340119079549,74.607666015625,-0.0015011724910702906,-0.0015023003794055446
2013-10-01,74.45152812702733,74.54292089407011,74.19140282488087,74.3812255859375,-0.003035082609876505,-0.0030396978138167584
2013-10-02,74.47267654223616,74.85934886596691,74.35316159262638,74.49376678466797,0.0015130323256160594,0.0015118888454765107
2013-10-03,74.34607682242752,74.81008328073737,74.31092286755904,74.37419891357422,-0.0016050721591159833,-0.001606361667454643
2013-10-04,74.2899244439256,74.36725894921004,74.0649528004837,74.31804656982422,-0.0007549976278097281,-0.000755282782054947
2013-10-07,74.66246550289426,74.7749539044561,74.50780199636007,74.62028503417969,0.004066824658415902,0.004058577479340817
2013-10-08,74.50781464460118,74.88042315147885,74.40235809117051,74.64138793945312,0.0002828038684623557,0.0002827638869861136
2013-10-09,74.4304725556413,74.47968489369129,74.02974198473643,74.0438003540039,-0.008006115667811065,-0.008038336703980641
2013-10-10,73.67822330826189,74.19143692144411,73.47434209078453,74.16331481933594,0.0016141049589653012,0.0016128036916225523
2013-10-11,74.6343943314949,74.68360669628743,74.10711669568413,74.14226531982422,-0.0002838263036515354,-0.00028386658995991395
2013-10-14,74.09303787642659,74.26879705259493,73.34782068587103,73.54467010498047,-0.008060115404701085,-0.00809277373988285
2013-10-15,73.92426730183283,74.0297238185598,73.48838286910726,73.49541473388672,-0.0006697340680628106,-0.0006699584401091012
2013-10-16,73.4462163858224,74.42343659023884,73.30560588217908,74.4164047241211,0.01253125781477804,0.012453391437859531
2013-10-17,74.88746545806421,75.30929176080264,74.72577002392616,75.09134674072266,0.009069801465197536,0.009028917834223285
2013-10-18,75.30221830775558,75.56234366896201,75.2108255199626,75.25300598144531,0.0021528344841228453,0.0021505204565153116
2013-10-21,75.16162705006647,75.1686535524481,74.84525743939793,75.01398468017578,-0.00317623592775107,-0.0031812908717198268
2013-10-22,75.64673520250861,76.01231722909651,75.61861309556004,75.85061645507812,0.011153010714860079,0.011091274496549284
2013-10-23,75.97713155709287,76.44113808254721,75.95604132661607,76.14585876464844,0.0038924180628798766,0.0038848622043850868
2013-10-24,76.35680365266542,76.39898413121654,75.83655808347557,75.85061645507812,-0.003877325889551586,-0.003884862204384959
2013-10-25,76.01927132290815,76.24424260046288,75.98412274550988,76.13175964355469,0.003706537950724176,0.00369968566588364
2013-10-28,75.93498018097029,76.1951002748043,75.86467759787307,75.8717041015625,-0.00341586143824546,-0.0034217088126058553
2013-10-29,75.66076048171469,75.97712463753642,75.5834260678488,75.9700927734375,0.0012967768819756031,0.0012959367930283103
2013-10-30,75.87874502896248,76.07559443063593,75.37255778823426,75.51316833496094,-0.006014530478977154,-0.006032690620515558
2013-10-31,75.86462743647,75.93492997308344,75.32328664069306,75.6748046875,0.002140505505239476,0.0021382178871882187
2013-11-01,75.40558994041616,75.42673676311934,74.82050274766972,74.85575103759766,-0.01082333351615028,-0.010882331882543969
2013-11-04,75.05306418404408,75.19404646657377,74.8768336418173,74.92617797851562,0.0009408354059876611,0.0009403930977615007
2013-11-05,74.57378417208744,74.60198172965816,74.00984377694144,74.03099060058594,-0.011947591643956201,-0.012019537746318745
2013-11-06,73.97456227564531,74.11554461182298,73.79833166635751,74.06620025634766,0.00047560697859205803,0.00047549391344131126
2013-11-07,74.05212669931994,74.75704935089601,73.99573159644193,74.693603515625,0.008470844421691215,0.008435168149602363
2013-11-08,73.29075841486261,73.38944708779213,72.88190226808071,72.89600372314453,-0.024066315023942186,-0.02436064059871189
2013-11-11,72.98064396851012,73.01589225365166,72.57883825730939,72.62113189697266,-0.0037707393016470636,-0.003777866461169104
2013-11-12,72.75509775907042,73.02296654664762,72.73395093085844,72.95952606201172,0.004659720334835082,0.004648897446102392
2013-11-13,73.22027246015696,73.34010794604092,73.1286291301389,73.2273178100586,0.00367041512604227,0.003663695589749272
2013-11-14,73.5304718489332,74.10146279004032,73.41768703391227,73.67850494384766,0.00616145923792244,0.006142555059760859
2013-11-15,73.77717847593877,73.83356817865631,73.53045134175954,73.82652282714844,0.002008969690869611,0.002006954409901068
2013-11-18,73.77010527594932,74.30584762456078,73.77010527594932,74.27059936523438,0.0060151354971120785,0.005997116790126723
2013-11-19,73.98163787747208,74.1155749162972,73.60098433852396,73.70671844482422,-0.007592249493466485,-0.007621217333507152
2013-11-20,73.60796079535932,73.90402677214502,72.360251105689,72.45188903808594,-0.01702462724178433,-0.017171212294059428
2013-11-21,72.26159987260084,72.74094734057336,72.0148780974969,72.57176208496094,0.0016545192743282477,0.0016531520651552303
2013-11-22,72.95241028508025,73.40356014515942,72.94536493404784,73.24848175048828,0.009324834427130169,0.009281626555059852
2013-11-25,73.19913771948374,73.60799399265595,73.19913771948374,73.4599609375,0.0028871477190761663,0.002882987912826961
2013-11-26,73.65730616390482,73.96747359812929,73.65026081540236,73.73484802246094,0.003741998790263601,0.003735014929766721
2013-11-27,73.7912830537803,73.80537913655004,73.28373802396486,73.60800170898438,-0.0017203034505194337,-0.0017217848717401827
2013-11-29,73.36834772151721,73.73490511824407,73.27670433873591,73.62916564941406,0.0002875222793490284,0.00028748095273982486
2013-12-02,73.38878113706197,73.46655387772373,72.97870766705309,73.05648040771484,-0.007777967285763743,-0.007808373441320837
2013-12-03,73.31807018689503,73.50189714382736,73.1483866696492,73.32514190673828,0.0036774492491848942,0.0036707039645979852
2013-12-04,72.64641576292905,72.85852424398156,72.38481602218332,72.62520599365234,-0.009545646893887816,-0.009591498603987569
2013-12-05,72.45551922561036,72.71711356058896,72.27169224314304,72.420166015625,-0.0028232619132986247,-0.0028272548343596256
2013-12-06,72.51209637371582,72.81611572153045,72.37069428390882,72.7666244506836,0.004784004982588019,0.004772597997001657
2013-12-09,72.75242952034594,72.98574764084522,72.70293828819213,72.9362564086914,0.0023311780543397997,0.002328465074254313
2013-12-10,73.41701723424156,73.49478993253479,73.14127962907067,73.45944213867188,0.007173191437861215,0.007147586473451315
2013-12-11,73.21199188083905,73.36753189576952,72.8372663980159,72.89382934570312,-0.007699660880912007,-0.007729456311432263
2013-12-12,72.8443647655156,72.93628093767026,72.56155531775173,72.61811828613281,-0.0037823648729268244,-0.003789536103460952
2013-12-13,72.9221426588325,73.03526860360003,72.67468639733097,72.97163391113281,0.004868146315869293,0.004856335208216121
2013-12-16,73.23325354449786,73.31102630415724,72.63228663324719,72.70298767089844,-0.003681516033497867,-0.0036883094922605993
2013-12-17,72.54742375626473,73.10597098212662,72.53328031583469,73.0281982421875,0.0044731390236834034,0.0044631642718934725
2013-12-18,72.7029702768765,73.3322185314701,72.4413705665963,72.6605453491211,-0.005034396327938118,-0.005047111594879095
2013-12-19,72.72417182071428,72.83022603689798,72.43429065608822,72.58983612060547,-0.0009731447538121607,-0.0009736185665853141
2013-12-20,73.33224979048367,73.73525171402208,73.03530214032789,73.70697021484375,0.015389676488347437,0.015272456538708425
2013-12-23,73.56551734711344,73.8200452699297,73.28977966308594,73.28977966308594,-0.005660123466502132,-0.005676202667543919
2013-12-24,72.9857972156468,73.07063630317093,72.6817778990174,72.70298767089844,-0.008006464132993552,-0.008038687981593531
2013-12-26,72.60010821750403,72.60720305075819,72.35893800458355,72.42277526855469,-0.003854207527373865,-0.0038616541251862667
2013-12-27,72.40150697229083,72.57174511336066,72.1319627979492,72.21707916259766,-0.0028402129743616555,-0.00284425403268949
2013-12-30,72.45824029241025,72.76325316536986,72.4085872857318,72.7136001586914,0.006875395707652832,0.006851867954762927
2013-12-31,72.55757647635131,72.74200432574723,71.76312262737775,72.2525634765625,-0.006340446369355046,-0.006360632370176689
2014-01-02,72.15319984560378,72.62845064387314,72.13192076684093,72.47239685058594,0.003042568504780352,0.00303794926043367
2014-01-03,72.2170370818923,72.67100880139883,72.18157375454416,72.47239685058594,0.0,0.0
2014-01-06,72.62142713255945,73.06121503538039,72.61433770718942,72.77748107910156,0.004209661081647553,0.004200825247003013
2014-01-07,72.93351724442859,73.05410238762148,72.74908940604466,72.9618911743164,0.002533889500990094,0.0025306846157302485
2014-01-08,72.67105090666129,72.84129445894189,72.42278582430158,72.76326751708984,-0.002722293159205802,-0.0027260053378510706
2014-01-09,73.03992183976075,73.21016001596378,72.71362974713243,73.18888092041016,0.005849289316485873,0.005832248641998666
2014-01-10,73.60733264312613,74.15352096781706,73.55059023200921,74.06130981445312,0.011920238198363853,0.011849751749607028
2014-01-13,74.13230335807962,74.57918065738596,74.10392942310823,74.43022155761719,0.004981166874962195,0.0049688019075554875
2014-01-14,74.23157603193617,74.35925597598398,74.04714824347327,74.08970642089844,-0.0045749579887405245,-0.004585455137284818
2014-01-15,73.7988538710878,74.13224055986787,73.72082696895757,74.01165008544922,-0.0010535381933596266,-0.001054093554819331
2014-01-16,74.37341923024039,74.52947305243053,74.28120806793292,74.50819396972656,0.0067089962688855476,0.006686591108350016
2014-01-17,74.38056280638662,74.84871916798849,74.33090977694742,74.82035064697266,0.004189561719519341,0.0041808099413798115
2014-01-21,74.7990711160744,75.00477808366117,74.76360775655752,74.8770980834961,0.0007584492191328174,0.000758161741872568
2014-01-22,74.7423028569114,75.01184702564477,74.65008624809704,74.6926498413086,-0.0024633465626808793,-0.002466385592640003
2014-01-23,75.10402501891082,75.96231557303301,75.10402501891082,75.74951934814453,0.014149578426811082,0.014050407531414122
2014-01-24,76.03329150344565,76.24608783592745,75.89142187001795,76.23899841308594,0.006461810835944215,0.006441022840311202
2014-01-27,76.05454121185456,76.32408529356913,75.68568571922299,75.70697021484375,-0.006978425862306015,-0.007002888951732702
2014-01-28,75.83466839429497,75.89141082763672,75.57930850305375,75.89141082763672,0.0024362434828597568,0.0024332806528470515
2014-01-29,76.16095149769193,76.71422939355357,75.89140197074371,76.51561737060547,0.008224995900872667,0.008191354960601988
2014-01-30,76.23186283115176,76.37372697697732,75.97650303924954,76.29570007324219,-0.0028741491596167013,-0.0028782874576051254
2014-01-31,76.74966392597284,76.89862829904223,76.50139899047338,76.80641174316406,0.006693846041541107,0.0066715417332062505
2014-02-03,76.65424440548232,77.7565148101957,76.52623821503039,77.74229431152344,0.012184953666223963,0.012111314706347898
2014-02-04,77.17338062553948,77.28005336060359,76.78225449777197,76.91737365722656,-0.010610963589411382,-0.010667661298449859
2014-02-05,76.58315113035489,76.64715152955264,76.0995726647652,76.20624542236328,-0.009245352526366046,-0.0092883560584676
2014-02-06,76.07112428753523,76.10667825542346,75.751106022931,75.87911224365234,-0.004292734498305806,-0.004301974736449761
2014-02-07,75.70845908499301,76.24893054028259,75.69423857920258,75.9431381225586,0.0008437879281013583,0.0008434321391937436
2014-02-10,75.81509450806934,76.1777796214383,75.7866480849031,76.15644073486328,0.002808714751297847,0.0028047776823669004
2014-02-11,75.81512835520986,75.87202122694177,75.49511544652293,75.71556854248047,-0.005789033575212654,-0.0058058549812854444
2014-02-12,75.50218792787625,75.5306343505335,75.11106182393995,75.32440185546875,-0.005166264937867426,-0.005179656226446068
2014-02-13,75.80089379229734,75.90045901929116,75.59466665055929,75.75111389160156,0.005664990701838901,0.005649004986218112
2014-02-14,75.78663398737363,75.83641386225459,75.57328856611275,75.79374694824219,0.0005628043529712912,0.0005626460379988815
2014-02-18,75.85063626328797,76.23464932277399,75.8221898467336,75.96441650390625,0.0022517630086371643,0.002249231589705082
2014-02-19,76.22049573531983,76.22049573531983,75.5946902985755,75.64447021484375,-0.0042117915701498365,-0.004220686147788552
2014-02-20,75.60888865524772,75.82934173047713,75.1608695400905,75.45954895019531,-0.002444610480094922,-0.002447603419002804
2014-02-21,75.34574798442871,75.86488579040879,75.34574798442871,75.85777282714844,0.0052773158929952935,0.005263439659580045
2014-02-24,75.87910391570024,75.90755034224976,75.50219825872098,75.66576385498047,-0.002531170702908536,-0.0025343795313441967
2014-02-25,76.02846970290685,76.34848259387972,76.0142437729599,76.34136962890625,0.008928817202197736,0.00888919101585482
2014-02-26,76.31292833240234,76.7467269897461,76.26314842544171,76.7467269897461,0.005309799428675044,0.0052957521472459974
2014-02-27,77.00275511580308,77.20187478405195,76.87474883969966,77.16632080078125,0.005467253490708757,0.005452362311587121
2014-02-28,77.00274413985717,77.32987003758105,76.64717180420907,77.20897674560547,0.0005527793003679005,0.000552626574170438
2014-03-03,77.61741820245179,77.83128174872007,77.4463306287027,77.72434997558594,0.00667504287329912,0.006652863419116806
2014-03-04,77.23957711236727,77.23957711236727,76.53383629633977,76.55522155761719,-0.015041983861376562,-0.015156261927962331
2014-03-05,76.51961445929543,76.8332796197783,76.41981289710128,76.71922302246094,0.002142263604061556,0.002139972229289221
2014-03-06,76.10613953127603,76.25584184772899,75.93504650780729,75.96356201171875,-0.009849695825529303,-0.009898524978900158
2014-03-07,75.30772120677186,75.6855421130746,75.27920570306159,75.4859390258789,-0.0062875275091255345,-0.006307377257850999
2014-03-10,75.5215408448313,75.64272758604032,75.40747889632418,75.59282684326172,0.0014159963929993857,0.001414994815482177
2014-03-11,75.55010682434643,75.80673550245393,75.40752929342372,75.79248046875,0.0026411715744174558,0.002637689810051976
2014-03-12,76.22019814785149,76.46257721819698,76.12039660087876,76.31999969482422,0.006960046996901337,0.006935937673175149
2014-03-13,76.06340925235082,77.36796578645817,76.02776893013218,77.3465805053711,0.01345100648128672,0.013361344825115268
2014-03-14,77.68156644492936,77.68869667895224,77.21819913139137,77.36077117919922,0.00018346866448926136,0.00018345183617211774
2014-03-17,77.11841370722169,77.20396021702764,76.7548478390165,76.78336334228516,-0.007463832483993071,-0.007491826262568976
2014-03-18,76.76199666850634,77.09704711460179,76.70496564815447,77.0614013671875,0.003621071190420544,0.003614530895963602
2014-03-19,76.93307005371527,76.97584603045188,76.14178246879372,76.46257781982422,-0.007770732646165679,-0.007801082116411178
2014-03-20,76.34140347390544,76.72635472218526,76.27011741432275,76.3271484375,-0.0017711851494641717,-0.0017727555524712898
2014-03-21,76.56952127993056,77.21823143928223,76.54100577068319,77.1540756225586,0.01083398504970634,0.010775717899529351
2014-03-24,77.02579222381364,77.76717403324731,76.95450070013993,77.70301818847656,0.007114887470150322,0.007089696077000392
2014-03-25,77.28241678115207,77.57469132416973,77.11132367234374,77.41072845458984,-0.0037616265198057164,-0.0037687192291788914
2014-03-26,77.38217709666499,78.0451475830016,77.33227632624292,78.01663208007812,0.007827127293392078,0.007796654240250092
2014-03-27,78.15921802743642,78.69387156489451,78.00238545291106,78.40872192382812,0.005025721225027313,0.00501313444227086
2014-03-28,78.31602592594301,78.33741119049888,77.71721132450199,77.96672058105469,-0.005637145102337371,-0.005653093769665303
2014-03-31,77.51763496341106,79.17862664036561,77.2324853139993,77.7742691040039,-0.0024683797858434664,-0.0024714312577223166
2014-04-01,77.37406228671202,77.44553178618132,77.0738816645037,77.109619140625,-0.00854588504702114,-0.0085826105067014
2014-04-02,76.75220947874844,76.86656495562136,76.59497342443281,76.66644287109375,-0.00574735389009029,-0.005763933484843939
2014-04-03,76.84512142407267,77.14530183311216,76.78794913676128,77.00235748291016,0.004381507726675338,0.004371936868039397
2014-04-04,77.09530926771063,77.68136774979318,77.08101209951946,77.51698303222656,0.0066832440738016086,0.006661010206060494
2014-04-07,77.63129463456869,78.11014589532003,77.61699747446836,77.98149871826172,0.005992437629339209,0.0059745543822342295
2014-04-08,77.92433282653653,78.23880496331087,77.702775886229,78.1673355102539,0.00238308823306399,0.0023802531815260053
2014-04-09,77.81711169331778,78.15302405931762,77.64558394678743,77.78137969970703,-0.004937558738921655,-0.00494978875629955
2014-04-10,77.84574506202388,78.77486467135421,77.83145334696316,78.5032730102539,0.009281055611688904,0.009238251257619016
2014-04-11,79.00356270298444,79.18223911434832,78.71053077101743,79.13935852050781,0.008102662294995344,0.008070011977947189
2014-04-14,78.9606796385336,79.11791029528628,78.83203240826602,78.93209075927734,-0.0026190225079567586,-0.0026224581473944164
2014-04-15,79.05359501184772,79.69683120879442,78.86777000989164,79.42523956298828,0.0062477605618596055,0.006228324219572854
2014-04-16,78.92494891493934,79.52529907226562,78.88921144962494,79.52529907226562,0.001259794869085562,0.0012590019933667877
2014-04-17,79.59677741422057,79.65394972729361,78.40321472648871,78.65336608886719,-0.010964221368172433,-0.011024771439638273
2014-04-21,78.88206697701284,79.06074339500238,78.50326839054696,78.58903503417969,-0.000817905931893792,-0.0008182405994473337
2014-04-22,78.37460324104103,78.96780462782847,78.33886578698772,78.85345458984375,0.0033645858553812413,0.0033589383006352074
2014-04-23,79.04646218380479,79.36808307276911,78.99643299478002,79.30375671386719,0.005710620116337051,0.005694376337307943
2014-04-24,78.93919247682032,79.4823699921878,78.93919247682032,79.45378112792969,0.0018917693218973852,0.0018899821798657641
2014-04-25,79.68245756759651,80.03981006151692,79.56095902832749,79.56810760498047,0.001438905429393067,0.0014378711969652643
2014-04-28,79.41093364496702,79.53243227911089,79.01070028413046,79.1822280883789,-0.004849675683092469,-0.004861473519450203
2014-04-29,78.73914534796467,79.13938434792367,78.6462355467317,79.07505798339844,-0.0013534615982370157,-0.0013543783546757556
2014-04-30,79.13220716220972,79.51814885155376,78.88920441583555,79.40379333496094,0.004157257167380246,0.00414863964903978
2014-05-01,79.43888153345085,80.29861298947363,79.41022327164964,80.25562286376953,0.01072781907553444,0.010670684282399407
2014-05-02,79.9117509105215,81.0293960181074,79.73980677074037,80.74998474121094,0.0061598410155081496,0.006140946745607361
2014-05-05,80.78580592323675,80.82162465693285,80.16250092406563,80.26280212402344,-0.006033222405537719,-0.006051495827318928
2014-05-06,80.32011260253547,80.74280970392219,80.26996200633697,80.58519744873047,0.004016746440136165,0.0040087008516836095
2014-05-07,80.46340796800926,80.6496839756207,80.19832855649118,80.29862976074219,-0.003556083462730286,-0.003562421357376557
2014-05-08,80.48493748317544,80.78584670094219,79.85447169863257,79.95477294921875,-0.004282225145659346,-0.004291420131145935
2014-05-09,79.90458382855765,80.10518623308646,79.51054495280624,79.69681549072266,-0.0032262921772028275,-0.003231507879082597
2014-05-12,79.53202261485244,79.61799193464505,79.19529486965253,79.37440490722656,-0.004045463818232786,-0.004053668843215793
2014-05-13,79.8401381456287,80.0622329711914,79.761329246363,80.0622329711914,0.008665615380282654,0.008628284443991167
2014-05-14,80.69268862712424,81.12255728437391,80.64253801257938,80.92911529541016,0.010827606126482703,0.010769407324850086
2014-05-15,81.51658177585021,81.96794269253107,81.3876222947994,81.57389831542969,0.007967256501766107,0.007935685492372073
2014-05-16,81.39476271149036,81.67417392183734,81.2586373391659,81.34461212158203,-0.002810778920495527,-0.0028147365773708434
2014-05-19,81.62402158798587,81.64551391662962,80.68548679718057,80.7427978515625,-0.007398329825705319,-0.007425833204487189
2014-05-20,80.67115258070906,81.30162335455593,80.66398664936878,80.92190551757812,0.0022182494387288365,0.002215792755795532
2014-05-21,80.39889301527165,80.52785242643832,80.148140123004,80.42755126953125,-0.0061090287590853665,-0.006127765221976375
2014-05-22,80.42762139824254,80.52792264260707,80.09089344958679,80.31298828125,-0.001424424671308544,-0.0014254401285400998
2014-05-23,80.61383841369577,80.89325508407721,80.56368782485895,80.7427978515625,0.005351681957186605,0.005337412594720975
2014-05-27,80.85028166416548,81.24432599072315,80.52788573589491,81.21566772460938,0.0058564960049587445,0.005839413395935834
2014-05-28,81.74584333669267,82.27600766842062,81.73867740266759,82.21869659423828,0.012350189288968583,0.0122745478551391
2014-05-29,82.29749988195982,82.52676056113924,81.76733012022774,81.78166198730469,-0.005315513685292594,-0.005329691291319064
2014-05-30,81.6455255292517,81.96076097020794,81.53805840474342,81.7458267211914,-0.00043818216996915904,-0.0004382781998296048
2014-06-02,81.1956482122748,81.65535420021793,80.84368701403376,81.13818359375,-0.0074333229207391716,-0.00746108774104666
2014-06-03,80.74309969349565,80.83647555730364,80.09663665140937,80.13973236083984,-0.012305565501802396,-0.012381905893895994
2014-06-04,80.27620421914202,80.31929992578357,79.92423768115117,80.11817932128906,-0.00026894324345549947,-0.00026897941517517145
2014-06-05,79.82370806735283,80.42707559292816,79.74469558804978,80.15412139892578,0.0004486132603260806,0.00044851266348233795
2014-06-06,80.54199934819687,80.74312551014036,80.08229336686689,80.15412139892578,0.0,0.0
2014-06-09,80.05350982850887,80.18998683817284,79.87393712321375,80.03914642333984,-0.001434423752382119,-0.0014354535230022454
2014-06-10,79.75901305026166,79.92421686945333,79.60817263616855,79.74464416503906,-0.003679477748839477,-0.0036862636779891426
2014-06-11,79.91703032226224,80.1181508552986,79.62252848451364,79.88829803466797,0.0018014234201308987,0.0017998028029482071
2014-06-12,79.94580706190386,80.7000094801473,79.73031752519056,80.59944915771484,0.008901818420743668,0.008862430810137809
2014-06-13,80.13972536069528,80.89393309060412,80.11099306354276,80.55633544921875,-0.0005349131904329729,-0.0005350563075327145
2014-06-16,80.59947471514292,80.90115577810087,80.52046222530227,80.75749969482422,0.0024971871483936425,0.002494074357637008
2014-06-17,80.4988726769573,80.513236085796,80.07508361464751,80.11817932128906,-0.007916544914727375,-0.0079480471256814
2014-06-18,80.30491224359342,80.99447074205622,80.13251850888486,80.73588562011719,0.007709939292941392,0.0076803696007607105
2014-06-19,80.81492958015443,80.8508408454722,79.54355132115926,79.70157623291016,-0.01281102423368119,-0.012893793066869046
2014-06-20,79.70873368219182,80.30491638183594,79.6584535436751,80.30491638183594,0.007569990173878827,0.007541481581045694
2014-06-23,80.5060316408587,80.57785962256916,80.02477813526245,80.05350494384766,-0.003130710413704496,-0.003135621340022413
2014-06-24,80.55633850148615,80.91548400931255,80.3193011510906,80.86520385742188,0.01013945503252578,0.010088395611420187
2014-06-25,81.23869779178149,81.4254549558435,80.9442013793419,81.07349395751953,0.0025757691833054874,0.002572457575268994
2014-06-26,81.31771090957203,81.74150538386927,81.31771090957203,81.46137237548828,0.0047842815084790935,0.004772873206252254
2014-06-27,81.6552983628649,81.75585863645456,81.28896852043172,81.33924865722656,-0.0014991610710755054,-0.0015002859374117973
2014-06-30,81.56914520784476,81.74153903792104,81.2315474741039,81.54041290283203,0.002473151017821751,0.0024700978128318345
2014-07-01,81.01612130900516,81.18895416273897,80.80007612114487,80.8576889038086,-0.008372829799586756,-0.008408078833018353
2014-07-02,80.38960584729269,80.41841224263348,79.91431405981484,79.9935302734375,-0.010687402052748873,-0.0107449225308138
2014-07-03,79.48941440992131,79.83508560675826,79.4606080189968,79.70545959472656,-0.0036011747165831665,-0.0036076745556488693
2014-07-07,80.13038586869133,80.51926412011662,80.10158495607641,80.288818359375,0.007318931069648205,0.007292277664261079
2014-07-08,80.82891593279253,81.27540694166092,80.82891593279253,81.1889877319336,0.011211640561571201,0.01114925597549824
2014-07-09,81.13141444102715,81.47708043636734,80.9297695337731,81.25383758544922,0.0007987518421801454,0.0007984330096948461
2014-07-10,81.76511141938033,81.85153063609508,81.24660710761201,81.2754135131836,0.00026553733799561385,0.00026550208919645576
2014-07-11,81.62826411469672,81.86591278682982,81.57785428978292,81.79389953613281,0.006379371085760255,0.0063591090251821315
2014-07-14,81.57785380176041,81.67147597193942,81.32580467869927,81.44102478027344,-0.0043141940641122645,-0.004323527051876668
2014-07-15,81.25381008256991,81.71470158319508,81.01616135729942,81.2754135131836,-0.002033511581376324,-0.0020355819733055814
2014-07-16,81.37622362988789,81.79390822023878,81.33301677373414,81.70748901367188,0.005316189506906488,0.005302108454452439
2014-07-17,82.26201272874498,82.85253031038613,82.05317040795894,82.7373046875,0.01260368769447573,0.012524922354739105
2014-07-18,82.73009258272516,82.78770538781029,82.17558444299438,82.47084045410156,-0.0032206056796855176,-0.0032258029921536134
2014-07-21,82.82368695900256,83.27017231286963,82.82368695900256,82.88129425048828,0.004976956632509966,0.004964612524301185
2014-07-22,82.88131504179505,83.1477701220069,82.56445562923555,83.05415344238281,0.0020856237038493486,0.0020834518100435184
2014-07-23,83.18377751968346,83.27019122366556,82.9389258717967,82.94612884521484,-0.0013006525584889905,-0.0013014991411808585
2014-07-24,82.47083926050949,82.51405161082768,82.27640291398559,82.32681274414062,-0.007466485895079256,-0.0074944996307743875
2014-07-25,83.06137012480698,83.3062218351178,82.93174953578752,83.29901885986328,0.011809106697038496,0.01173992332643633
2014-07-28,83.24139942893343,83.46464768999351,82.90293653852211,83.18379211425781,-0.001383290549908156,-0.0013842481795027439
2014-07-29,83.4430449711149,83.58707150042082,83.1189770387867,83.48625183105469,0.003636041458430217,0.0036294470399051175
2014-07-30,82.92453322616427,83.09016317056252,82.21879010973429,82.32681274414062,-0.013887784652979018,-0.013985122186838533
2014-07-31,81.75787190013283,82.51402459918506,81.71466505821816,82.08193969726562,-0.002974402126267539,-0.002978834451465541
2014-08-01,82.00973870070138,82.9411758929936,81.62705635608864,82.71733856201172,0.007741031304688617,0.007711223253073048
2014-08-04,82.69567419146576,82.89784557078588,82.50072479248047,82.50072479248047,-0.00261872266802754,-0.002622157520160776
2014-08-05,82.363540513649,82.89063494009552,82.0819438570737,82.76788330078125,0.0032382564998403307,0.0032330246389566083
2014-08-06,83.37446633820304,83.37446633820304,82.74628573768148,82.81848907470703,0.0006114180030662997,0.0006112311632333422
2014-08-07,82.9195176390665,83.59101867675781,82.72456821272411,83.59101867675781,0.009327984737247608,0.009284747755582828
2014-08-08,83.70654783931144,84.06034780063995,83.30942149891173,83.41050720214844,-0.0021594601605156027,-0.0021617951567679105
2014-08-11,83.50439077430863,83.62713693378318,83.24445449026925,83.40330505371094,-8.634581756039594e-05,-8.634954557510156e-05
2014-08-12,83.33114636528245,83.35280681575506,82.84015595577739,82.86181640625,-0.006492412346395859,-0.0065135797234011856
2014-08-13,82.94119732847616,83.41052152749748,82.87621050308701,83.40330505371094,0.006534839217211541,0.006513579723401331
2014-08-14,83.70653943821549,84.11810419116101,83.31663511825282,84.07478332519531,0.008050979167455674,0.008018742941214947
2014-08-15,84.26973927323299,85.4611127585983,84.25530081970916,84.99178314208984,0.010906954268887548,0.010847902438897173
2014-08-18,84.63071758876347,84.69570436802015,84.03864214180841,84.1469497680664,-0.009940177071129819,-0.009989910478272229
2014-08-19,84.53687194252984,84.5874147777265,83.74262502854415,83.88703155517578,-0.0030888607799455237,-0.003093641156888432
2014-08-20,83.78597469874511,83.83651755132342,83.44661318482304,83.74987030029297,-0.0016350710275472302,-0.0016364092150664821
2014-08-21,83.80764292335269,84.30585502275528,83.77153852154503,84.21920776367188,0.0056040380921911215,0.005588393890642313
2014-08-22,84.29140361846338,84.78961567389078,83.90872123161651,84.68852996826172,0.005572626685195203,0.005557157045517174
2014-08-25,84.80402584516581,85.04230157557767,84.63073690884625,85.0062026977539,0.003751071480532664,0.003744053755756692
2014-08-26,85.15787376698137,85.19397266284713,84.63077920676116,84.73186492919922,-0.0032272676563392944,-0.0032324865160652254
2014-08-27,84.98458110100873,85.497237215889,84.76797119478269,85.45391082763672,0.008521539081440377,0.008485435726390917
2014-08-28,86.01703623615785,86.19033063453222,85.68489690240538,85.9015121459961,0.005237926667419623,0.005224256444504742
2014-08-29,85.86544322389719,86.2336870865514,85.74269710593137,85.95931243896484,0.0006728670022770888,0.0006726407287713398
2014-09-02,84.87454376174678,84.9469118121922,84.45480133930369,84.47651672363281,-0.01724997179781873,-0.01740048598295965
2014-09-03,84.23770002474339,84.94691467285156,84.1725649122192,84.94691467285156,0.005568387138376707,0.00555294098429684
2014-09-04,84.39687992223091,84.5850356815954,83.8975311671125,83.91200256347656,-0.012183045297885942,-0.012257866918729023
2014-09-05,84.26661249294982,84.38240022402596,83.54292122941386,83.75279235839844,-0.0018973472234521394,-0.0018991494667102778
2014-09-08,84.24489229155057,84.40409971206074,83.55014390511761,83.7889633178711,0.00043187765391605737,0.00043178442160441685
2014-09-09,83.57911248211659,83.8685901264394,83.55016416555162,83.7238540649414,-0.0007770624000046356,-0.0007773644694860809
2014-09-10,83.20277983995437,83.31133462642778,83.07251520045146,83.19554138183594,-0.006310181118700964,-0.006330174463705853
2014-09-11,83.41268847112887,83.6153212189765,82.91333954155563,82.92057800292969,-0.003305025417699614,-0.0033104990779237392
2014-09-12,82.27641854670074,82.44286435843964,81.93628294707351,82.05207061767578,-0.01047396685082469,-0.010529204887750008
2014-09-15,82.39228268219298,82.55149570818806,82.03767536514022,82.17517852783203,0.0015003632355590213,0.001499238815191858
2014-09-16,82.2185619152391,82.39948472457264,81.83500644286416,81.84223937988281,-0.00405157803017675,-0.004059807909297262
2014-09-17,82.16065380316664,82.37776335254031,81.58170420704549,81.63236236572266,-0.002564409475478535,-0.002567703205644389
2014-09-18,81.90737758487978,82.12448717288727,81.66855814233679,81.89290618896484,0.0031916732003285375,0.0031865906231650634
2014-09-19,82.19681239394451,82.99287126657464,81.92180632282486,82.93497467041016,0.012724771044768879,0.012644491454669476
2014-09-22,82.97844007387353,83.25344075688328,82.81922711795832,83.03633117675781,0.0012221201821120964,0.0012213740011290176
2014-09-23,83.15942795889366,83.56469360284898,83.05810602657452,83.55021667480469,0.006188682601510731,0.0061696113488468795
2014-09-24,83.43439522978709,83.6225565692144,82.96399464188283,83.08702087402344,-0.005543921000038865,-0.005559345564861073
2014-09-25,83.44884541305777,84.07845885721353,83.44884541305777,84.07122039794922,0.011845406341118192,0.011775798663703355
2014-09-26,83.96267543942616,84.15807521318794,83.67320329083103,83.94820404052734,-0.0014632398202331087,-0.0014643114010662595
2014-09-29,84.6718739856047,84.79490016969633,84.42582161742143,84.6212158203125,0.008016988421339466,0.007985023099755354
2014-09-30,84.4258452022858,84.70084595907713,84.04228410497946,84.14360046386719,-0.00564415615889402,-0.005660144597478332
2014-10-01,84.80307229236558,85.79700199179052,84.75954438300329,85.77523803710938,0.019391107157850307,0.019205495281525757
2014-10-02,85.48504219515617,85.75347169285003,84.98444907878716,85.0279769897461,-0.008711850464815818,-0.00875002048343394
2014-10-03,84.88286493689641,85.44149332198418,84.7595321880579,85.39070892333984,0.004266030387121811,0.004256956676154476
2014-10-06,85.33264756056812,85.7461791192509,85.14401747947765,85.44146728515625,0.000594424878963995,0.0005942482784759795
2014-10-07,85.83329047996409,86.64584667191332,85.73897814588855,86.59506225585938,0.01350158192921791,0.01341124776633931
2014-10-08,86.66027287232308,86.71105724075697,85.97831214407961,86.61674499511719,0.00025039232830326164,0.0002503609853761349
2014-10-09,86.52974115029079,86.81994010617409,86.1742503352532,86.23954772949219,-0.004354784581737214,-0.0043642942745988535
2014-10-10,86.71110245720055,87.11738315161215,86.55874927245269,87.09561920166016,0.009926669314792802,0.009877723578504702
2014-10-13,87.17543340369248,87.90817896116066,87.09562855524196,87.62523651123047,0.00608087197065621,0.006062458079333146
2014-10-14,88.00971891586714,88.35070215019799,87.55265946234351,88.19834899902344,0.006540495759112863,0.0065191995249090605
2014-10-15,90.38211005871904,92.63114199925343,88.39425105723589,88.89484405517578,0.007896917165196138,0.007865899702716847
2014-10-16,90.04839614137684,90.05564710247002,88.10407029703887,88.32897186279297,-0.00636563569459192,-0.006385982747401598
2014-10-17,87.92268603320446,88.29994076268392,87.40758556839398,87.83562469482422,-0.005585338055729916,-0.005600994380789025
2014-10-20,88.3507731667096,88.40155759125507,87.74136007216408,88.15489196777344,0.0036348266897228143,0.003628236671412575
2014-10-21,87.66877117338679,87.95897014147702,87.4438696022822,87.45112609863281,-0.007983287749906087,-0.008015324812869465
2014-10-22,87.40032110332584,87.6760070137648,87.21894748288567,87.54541778564453,0.0010782215303364318,0.001077640666997602
2014-10-23,87.08834619107228,87.18991496164251,86.37735926199764,86.76912689208984,-0.008867293265484633,-0.008906841675559485
2014-10-24,87.00858492157434,87.35682483434114,86.6748580033442,86.85623168945312,0.0010038685472957276,0.0010033650082287811
2014-10-27,86.97952354188725,87.25520942242595,86.81266292882643,87.01580047607422,0.001837159908014696,0.0018354743938078985
2014-10-28,86.68210432046558,86.8054370841146,86.39190534975582,86.47171020507812,-0.006252775565119273,-0.006272406038999559
2014-10-29,86.30482477267434,86.9287504834343,85.91305707974945,86.66757202148438,0.0022650392358580795,0.0022624779014409017
2014-10-30,87.29155104460638,87.39311989349855,86.70390191386062,86.74017333984375,0.000837698768593409,0.0008373480948056259
2014-10-31,86.58052776169922,86.8489627713807,86.2105294802144,86.5152359008789,-0.002593232527718703,-0.002596600779557064
2014-11-03,86.47160950679573,86.66069952283043,85.96979604248698,86.51524353027344,8.818555996548127e-08,8.818555607713501e-08
2014-11-04,86.84974513435223,87.20610799524866,86.60247838049884,86.78429412841797,0.0031098635011110876,0.0031050378777115607
2014-11-05,86.47886688430081,86.81340727928769,86.41341031322855,86.66068267822266,-0.0014243527753120544,-0.001425368129989687
2014-11-06,86.25342500334521,86.49342322047886,86.0425179836137,86.10070037841797,-0.006461780388736904,-0.0064827480661244505
2014-11-07,86.34065699913697,87.08973693847656,86.31156581575011,87.08973693847656,0.011486974620551482,0.011421500252143543
2014-11-10,86.96610390325606,86.96610390325606,86.224292595493,86.28974914550781,-0.009185787224663344,-0.00922823672280832
2014-11-11,86.16613801403388,86.40613062982085,86.06431607122514,86.34795379638672,0.000674525670259607,0.0006742982800676228
2014-11-12,86.6898008691256,86.92979913886549,86.14435328257846,86.27526092529297,-0.0008418597997720267,-0.0008422143627421036
2014-11-13,86.32610596436709,86.67519460564118,86.13702160106202,86.47883605957031,0.0023596003314740877,0.002356820846069733
2014-11-14,86.42796592750713,86.97341339000391,86.3116066874353,86.90068817138672,0.004878096549840505,0.00486623718863441
2014-11-17,87.11154703626966,87.11882121868393,86.45700933337008,86.68246459960938,-0.002511183471262779,-0.0025143417809806775
2014-11-18,86.77707303065125,86.96616307776408,86.66071376606007,86.92252349853516,0.0027694055543370233,0.0027655778161858042
2014-11-19,86.45702661807351,86.96611406591808,86.36975860595703,86.36975860595703,-0.0063592826154827975,-0.006379588988261075
2014-11-20,87.19885868167253,87.23521851248076,86.58795470916897,86.8206787109375,0.005220810064292314,0.0052072288847593
2014-11-21,86.95886594329252,87.38795414290873,86.92250056162773,87.34431457519531,0.006031234402131602,0.006013119309015663
2014-11-24,87.0315665527536,87.46792326647478,86.94429853915535,87.4170150756836,0.0008323438204520528,0.0008319976144293071
2014-11-25,87.54064778798151,88.19518003775923,87.49700823570707,88.14427185058594,0.008319396106955868,0.008284980676481386
2014-11-26,88.46429199552372,88.63156496683102,88.34065858766658,88.38429260253906,0.0027230442422847556,0.002719343474026872
2014-11-28,88.82066614850896,89.21338900216153,88.82066614850896,89.08248138427734,0.007899466762471219,0.007868429320584416
2014-12-01,89.422890716836,89.5176472391458,88.53361752184124,88.56277465820312,-0.005833994720379931,-0.005851078946172143
2014-12-02,88.08164528747893,88.08893595813656,87.6807473797458,87.7026138305664,-0.009712442173999136,-0.009759915579046253
2014-12-03,87.68810753802423,88.0525635035835,87.56418828325498,88.04527282714844,0.003907055692137229,0.0038994429724836426
2014-12-04,88.01608884548723,88.78144836425781,87.92133232535053,88.78144836425781,0.008361329500956138,0.008326567223596992
2014-12-05,88.61378076295232,88.63564722061821,87.84842137772186,88.26390075683594,-0.005829456682193923,-0.005846514288152637
2014-12-08,88.50444766736118,89.53950083427279,88.3003533033115,89.34269714355469,0.012222396443714922,0.012148306053463087
2014-12-09,90.09346085567012,90.36316011438538,89.6269579376218,89.80189514160156,0.005139737356586016,0.005126573991432571
2014-12-10,89.78730386712657,90.67657663908754,89.71441384147374,90.45790100097656,0.007305033577972964,0.007278481053162102
2014-12-11,90.19545807210929,90.8296127319336,89.86745030115038,90.8296127319336,0.004109223482346991,0.004100803681547185
2014-12-12,91.44195179995037,92.09797330773291,91.12851961074058,92.06153106689453,0.0135629592366171,0.013471805588916235
2014-12-15,91.58046637066167,92.35311100007398,91.42739557961706,91.87203216552734,-0.002058393980320483,-0.0020605153848336816
2014-12-16,92.83417228815702,93.09658088210377,92.10526076300576,93.00910949707031,0.012376751713669254,0.012300785886711933
2014-12-17,92.50614917219441,92.71024347601802,91.62416147743104,92.17084503173828,-0.009012713591870614,-0.009053573787792842
2014-12-18,91.06289999689368,91.18681359827451,90.53079223632812,90.53079223632812,-0.017793617871740386,-0.0179538276092013
2014-12-19,90.80778104514269,91.80638607649584,90.70573389684606,91.74807739257812,0.013446089735659417,0.013356493325119052
2014-12-22,91.44197136684059,91.98137003374634,91.34721484700012,91.87203216552734,0.0013510340104330165,0.0013501221851632465
2014-12-23,91.44194648246618,91.55128432093075,90.01328059368201,90.04972839355469,-0.019835239615570766,-0.02003459860732619
2014-12-24,89.88975173335577,90.62020641819807,89.79479463057999,90.53985595703125,0.005442854434102307,0.005428095631031394
2014-12-26,90.97815587466164,91.00736916515204,90.5910101140593,90.87589263916016,0.0037114779847715607,0.0037046074450130285
2014-12-29,91.24108565705951,91.78892660043108,91.1680357396023,91.55517578125,0.007474844233850586,0.007447046024601198
2014-12-30,92.02268172085334,92.19068317400871,91.69397377580381,91.80354309082031,0.0027127609930401864,0.0027090880978958443
2014-12-31,91.81818086248558,92.16149556523675,91.78166146038298,91.9788818359375,0.0019099344013739916,0.0019081127957279538
2015-01-02,92.24911275092093,93.2498375662058,92.1468495520365,93.00148010253906,0.011117750576981056,0.011056402669732115
2015-01-05,93.50552002928654,94.68886444893215,93.46900063105383,94.4624252319336,0.015708837405423726,0.01558673072828611
2015-01-06,95.47042271276705,96.77794280789628,95.0978948452408,96.16435241699219,0.018016975330453988,0.017856593166565026
2015-01-07,95.47045636485747,96.39813723944219,95.08331614669567,95.97447204589844,-0.001974540110979861,-0.0019764920852290064
2015-01-08,95.22208083617674,95.22938137110611,94.53545159375035,94.70345306396484,-0.01324330267037832,-0.013331777201386263
2015-01-09,94.37476450590206,95.76993594610877,94.25788905475399,95.74072265625,0.010952817016973704,0.0108932693320372
2015-01-12,95.68956549842365,96.64645937007121,95.63112778504424,96.28854370117188,0.005721923020038044,0.00570561499777377
2015-01-13,95.97444238498937,96.86559800878042,95.79182871037406,96.28854370117188,0.0,0.0
2015-01-14,97.67639427338426,97.96857166781511,96.9313274279765,97.01898956298828,0.007586010066610971,0.007557380988069835
2015-01-15,97.04087419798257,98.63325948427435,96.91668713818007,98.54560852050781,0.01573525929713382,0.015612743643684049
2015-01-16,98.12200183986624,98.37765435115995,97.17240830083807,97.2892837524414,-0.012748663151285533,-0.012830624702631386
2015-01-20,97.9758974392909,98.69173996070286,97.9320719384082,98.5821762084961,0.013289155867819202,0.013201629616606272
2015-01-21,98.7574782266528,99.04235512828733,97.12126674889744,97.44265747070312,-0.011559074688947235,-0.011626400108670217
2015-01-22,97.88093345861489,98.01240995951925,96.6245504359852,97.092041015625,-0.003598182399567107,-0.003604671428339826
2015-01-23,98.10006006243626,98.69902706944646,97.99048517928031,98.44337463378906,0.013918067887218388,0.013822101004243727
2015-01-26,98.49455909986473,98.75022283306185,97.91750449794584,98.1439437866211,-0.00304165565516068,-0.003046290891304083
2015-01-27,99.14459051485103,99.4367790151836,97.99047101670351,98.29727172851562,0.0015622761423557119,0.0015610570585151274
2015-01-28,98.42878271136969,100.37179512301505,98.39225774278806,99.90430450439453,0.016348701725082737,0.016216500632420673
2015-01-29,99.42950854512361,99.8312609334301,98.94741682501207,99.24689483642578,-0.006580393820166508,-0.006602140063308161
2015-01-30,100.59090984924562,101.16796409042367,100.20375864944418,101.00726318359375,0.017737263720636554,0.017581794169503374
2015-02-02,100.055017572893,100.94797475139696,100.0257452317361,100.62592315673828,-0.003775372333000737,-0.0037825170394140874
2015-02-03,99.28651664061556,99.38898661743409,98.34964509016339,98.49604034423828,-0.021166343082213768,-0.021393562105960245
2015-02-04,97.70556187084303,98.80345936709992,97.43473956059387,98.66439056396484,0.0017092079959579731,0.0017077489622627038
2015-02-05,98.07887747417382,98.24721868895656,97.42745851081996,97.58116912841797,-0.010978848897309268,-0.011039561235540724
2015-02-06,96.65157785270713,96.87115958419453,95.5829527159436,95.85377502441406,-0.017702125516969702,-0.017860682120176344
2015-02-09,96.59300774026192,96.60032303515648,95.7000503540039,95.7000503540039,-0.0016037414318945675,-0.0016050288017744722
2015-02-10,95.25360624096848,95.49514508084481,94.74125620262166,94.93888092041016,-0.007953699405361947,-0.007985498799930582
2015-02-11,94.93152668175732,95.34873305632233,94.38990444327074,95.11450958251953,0.0018499129166753558,0.0018482039350958537
2015-02-12,94.90226704952866,95.54635935202096,94.74855647819815,94.79979705810547,-0.0033087751363636286,-0.0033142612376748813
2015-02-13,94.7924376474557,94.80707940353913,93.75309633328288,93.8262939453125,-0.010269042160462427,-0.01032213254491883
2015-02-17,93.54083314397599,93.6359822136221,92.16479856765595,92.41365814208984,-0.015055862741909287,-0.015170352861879047
2015-02-18,92.82357005689425,93.49694582327815,92.56739510057376,92.96263885498047,0.005940471613476772,0.005922896580291371
2015-02-19,92.79427989534189,93.28467268771531,92.3478012084961,92.3478012084961,-0.006613814474904389,-0.006635782661775075
2015-02-20,92.9918931713207,93.69454111064927,92.22336291336512,92.61860656738281,0.002932450533124298,0.002928159287256955
2015-02-23,93.09441240800932,93.81170248322287,93.0724553463064,93.6799545288086,0.011459338471623504,0.011394177580502837
2015-02-24,93.43103937642586,94.99736645850564,93.0870307431821,94.90953826904297,0.013125366535657879,0.01303997529493892
2015-02-25,94.75587866462703,95.43656975512023,94.4777410568689,95.3194580078125,0.004319057349194022,0.004309756990573113
2015-02-26,94.93150825936844,95.37067160332978,93.97999512637739,94.01659393310547,-0.013668395749797946,-0.013762668292936915
2015-02-27,94.43377170056804,94.87292374348449,93.8848232706342,94.80705261230469,0.008407650672408451,0.008372503244941862
2015-03-02,94.60325038539357,94.6545908537802,92.96785840139157,93.04119873046875,-0.01862576499511126,-0.018801408977572404
2015-03-03,93.05579746898552,93.40781177572441,92.6817833171525,92.70378875732422,-0.0036264577171020163,-0.0036330492556715154
2015-03-04,93.0924962314354,93.16583093599053,92.52047770279441,92.73314666748047,0.00031668511664717514,0.0003166349824998351
2015-03-05,92.7917956909582,93.04846989641236,92.32978212114071,92.61579132080078,-0.0012655167100119602,-0.0012663181525142282
2015-03-06,91.42775266783346,91.54509264906503,90.18104614017848,90.5697250366211,-0.022091980805871048,-0.022339663274042864
2015-03-09,91.43508145322765,91.57442127247508,91.03173228965765,91.40574645996094,0.009230694064730871,0.009188351575859366
2015-03-10,92.3811506959713,92.72583000990569,92.22714611646276,92.60848999023438,0.013158292304962238,0.013072473972173574
2015-03-11,92.59377417874998,93.47380146023885,92.4911045157455,93.28312683105469,0.007284827135087157,0.007258420947350459
2015-03-12,94.01654393850133,94.01654393850133,92.93117664786756,93.2171859741211,-0.0007068894362108891,-0.000707139400353352
2015-03-13,92.96051787047966,93.56920112636114,92.76250795747701,92.93118286132812,-0.0030681371659553314,-0.0030728535482656984
2015-03-16,93.82583618164062,93.97983511463836,93.33448200721364,93.82583618164062,0.00962705189761226,0.009581007114632792
2015-03-17,94.27318628244788,94.68386502928361,94.07517646159616,94.60319519042969,0.008285127427845707,0.008250994162305179
2015-03-18,95.27054557949693,96.45858202241783,94.31717789029177,96.42925262451172,0.019302280757074852,0.019118354761663167
2015-03-19,96.21661871370002,96.52462789526885,95.53460078097491,95.93795013427734,-0.005094952795574037,-0.005107976322571762
2015-03-20,96.231224565214,96.58323322408808,96.17255459037607,96.44389343261719,0.005273651330174545,0.005259794327648158
2015-03-23,96.58328306332312,96.61995321528867,96.06260495195383,96.32661437988281,-0.0012160339919946583,-0.00121677396127553
2015-03-24,96.67863217652764,97.27265064685679,96.42195227914972,97.25798034667969,0.00966883319623224,0.00962238916164667
2015-03-25,97.33128989737361,97.3606192982984,96.40726270112599,96.43659210205078,-0.008445458580376042,-0.008481323539134998
2015-03-26,96.10658209737228,96.17258164132141,94.73519482887485,94.9332046508789,-0.015589387994766168,-0.01571218034736283
2015-03-27,95.35859436010227,96.16529309734386,95.32192420110741,96.11395263671875,0.012437671204528433,0.012360958799535976
2015-03-30,95.99662182343596,96.06996214846926,95.40260323721876,95.63728332519531,-0.004959418465756982,-0.004971757193697832
2015-03-31,95.51258136152582,96.04060019039798,95.27057179911284,95.84259033203125,0.002146725625171042,0.0021444247020947606
2015-04-01,96.51354638671421,97.35866926591406,96.49150048298432,97.1014633178711,0.013134797186497904,0.013049283725326032
2015-04-02,96.95447876581193,96.98388078077764,95.98442533002304,96.0726089477539,-0.010595662876357825,-0.010652196608443815
2015-04-06,96.58703260423543,96.6237795163528,95.3303711903371,95.53614044189453,-0.005583990189660826,-0.005599638945066686
2015-04-07,95.70514952840757,96.4326979186835,95.42589770486846,96.337158203125,0.008384447576858634,0.008349493341669251
2015-04-08,96.2857155552178,96.53557656584542,95.55082231437353,96.3665542602539,0.000305137266628952,0.000305090721721359
2015-04-09,96.17549683818733,96.21224375135047,94.89678948334436,95.11724853515625,-0.01296410081991417,-0.013048868193803515
2015-04-10,95.77132375042108,95.86685227763772,95.20545263069656,95.25688934326172,0.0014680913320768152,0.0014670147395591093
2015-04-13,95.19072819616875,95.52142793825873,95.08784358277228,95.38915252685547,0.0013884894258633373,0.0013875263657832223
2015-04-14,96.4988538999626,96.90304752666971,95.88889101121981,96.06526947021484,0.007087985640390482,0.007062983941772529
2015-04-15,96.30778329924735,96.46946074599016,95.77131425155537,95.98442840576172,-0.0008415222785399523,-0.0008418765571821164
2015-04-16,96.14612105021371,96.16816695883763,95.10257359220174,95.50676727294922,-0.004976443999783475,-0.004988867731700896
2015-04-17,95.36714500661405,96.78548426309193,95.31569707241904,96.60176086425781,0.011465089046299726,0.01139986298782504
2015-04-20,96.22693973836492,96.27837644324264,95.4846902573826,95.74925231933594,-0.008824979351254258,-0.008864150105878064
2015-04-21,95.70514345986966,95.86682086967922,95.21276633493359,95.3156509399414,-0.004528509297894168,-0.004538794057623908
2015-04-22,95.16869745831012,95.20544437186017,93.72830703445882,93.86058807373047,-0.015265728680044166,-0.015383449515642496
2015-04-23,93.91941535452187,94.69105596787631,93.77978375994688,94.26481628417969,0.004306687383331509,0.004297440145690378
2015-04-24,94.53665886162291,95.1172195437471,94.49991195966008,94.85266876220703,0.006236181230705906,0.006216816717909499
2015-04-27,94.85266876220703,95.16866744921106,94.33823456188776,94.85266876220703,0.0,0.0
2015-04-28,94.19131343357178,94.61020817728668,93.52256315842729,93.54460906982422,-0.0137904363625454,-0.01388640777669518
2015-04-29,92.45692715828304,92.91991354004837,92.06743459423933,92.39813995361328,-0.012255854480670125,-0.01233157679569409
2015-04-30,91.89104927693546,92.72147660048275,91.50155676583105,92.55979919433594,0.0017495941022602768,0.0017480653453752267
2015-05-01,91.85139565179153,92.07967840364877,91.08553713339667,91.3138198852539,-0.013461344124850672,-0.013552769416267447
2015-05-04,91.5347670429604,91.70413634967231,90.37125058292604,90.45225524902344,-0.009435205287798953,-0.00947999881729958
2015-05-05,90.47432737093808,90.59951433100002,89.61273859644122,90.3270492553711,-0.0013842219114121868,-0.0013851808315698834
2015-05-06,89.83365632737492,89.88520422997331,88.64068897629778,88.78060150146484,-0.017120538827014697,-0.01726878977908122
2015-05-07,89.42128559474673,90.2607833361895,89.3623720926067,89.97358703613281,0.013437457220294657,0.013347975307023956
2015-05-08,90.85727225280128,90.98246485653098,90.06932237642563,90.21660614013672,0.0027010049505562517,0.002697363791736474
2015-05-11,89.56117720850033,89.583268360679,88.00000357438383,88.0220947265625,-0.024324916525516382,-0.024625654270784107
2015-05-12,87.73490250112044,88.8321395161817,87.49925417000058,88.25038146972656,0.002593516365103854,0.002590159005194873
2015-05-13,88.84689155809474,88.89843946705861,87.36672214598825,87.54345703125,-0.00801044059757483,-0.008042696548592682
2015-05-14,87.57291450258424,88.24304294293056,87.40354520815217,87.77910614013672,0.002691795787806317,0.00268817939380046
2015-05-15,88.64810037958779,89.77480053570726,88.5818268742119,89.53914642333984,0.02005078840052521,0.019852418606106387
2015-05-18,88.60390000589196,88.68490468595262,87.97795934767049,88.03687286376953,-0.016777840973238534,-0.01692018332484116
2015-05-19,87.09425440823023,88.25040522181767,86.99115858676136,87.25626373291016,-0.00886684301096552,-0.008906387392884943
2015-05-20,87.46243417678446,87.96318759610436,87.02795983708752,87.40352630615234,0.001687702027821869,0.0016862794591110044
2015-05-21,88.05896467499876,88.81745794086724,87.9632288060586,88.62599182128906,0.013986455315941448,0.013889547403190521
2015-05-22,88.84690415348673,88.92054323126018,88.2209635649601,88.66280364990234,0.00041536154187715724,0.00041527530315126234
2015-05-26,88.9868435540922,90.24609632250389,88.91320445410929,90.17981719970703,0.017109920816341884,0.016965194624399476
2015-05-27,89.9735725983421,90.47432604957643,89.55382379497655,90.38595581054688,0.0022858619283219195,0.0022832533204661764
2015-05-28,90.20924427247081,90.59953643039492,90.00305261306195,90.1650619506836,-0.0024438958230003083,-0.0024468870108252444
2015-05-29,90.74679315301154,90.99716705958342,90.2165829763891,90.36386108398438,0.002204835542723993,0.002202408459729946
2015-06-01,90.11591727623711,90.31517200582371,89.06797331681143,89.39268493652344,-0.010747395427894824,-0.010805565844552407
2015-06-02,88.68416047950058,88.75058243506462,87.90189373217112,88.14543151855469,-0.013952522165034065,-0.014050773576330068
2015-06-03,87.37061457343685,87.5255917604022,86.49240488355113,86.72856140136719,-0.016074232013819634,-0.016204823813985594
2015-06-04,87.27464596471012,88.03477430213113,87.18608519155306,87.85765838623047,0.013018744536047233,0.012934729079601682
2015-06-05,86.96463717862325,87.50337172587217,86.62516285134173,86.78752136230469,-0.012180349938548996,-0.012255138320432709
2015-06-08,87.05324078107832,87.20084205938842,86.61782967849288,86.6916275024414,-0.001104926818487617,-0.001105537700152538
2015-06-09,86.38905451601713,86.44071355905825,85.6879666989713,86.00530242919922,-0.007916855329805128,-0.007948360017832485
2015-06-10,85.54777577976127,85.70275296123292,85.06070544233826,85.25257873535156,-0.008752061472806383,-0.008790585705159995
2015-06-11,86.02003270551288,87.06060034166585,85.78387635006429,87.04583740234375,0.02103465600212484,0.02081648180150052
2015-06-12,86.78016079866265,87.87238746161962,86.75064618084176,87.04583740234375,0.0,0.0
2015-06-15,87.73958074721008,87.86503762455575,86.8908916038232,87.18608856201172,0.001611233389825495,0.001609936745917707
2015-06-16,87.53293912508158,87.8797951071136,87.0384874883358,87.8724136352539,0.007871956232490485,0.007841134033362248
2015-06-17,87.45177670612534,87.547713337166,86.52928961006917,87.1934814453125,-0.007726340518647401,-0.0077563433287526715
2015-06-18,86.61783860203407,86.89089114181533,86.16028303775406,86.76543426513672,-0.004909164917841324,-0.0049212544505053465
2015-06-19,87.45914506166775,87.96097819187041,87.44438211731304,87.87979888916016,0.012843416660812013,0.01276163944000905
2015-06-22,86.9647060144468,87.18610518289846,86.04221886325614,86.08650207519531,-0.020406246220780133,-0.020617330221696956
2015-06-23,85.40753989892173,86.31526396466205,85.37801963892176,85.56989288330078,-0.0060010475445184674,-0.006019126193843151
2015-06-24,85.98318021134041,86.47025047809173,85.72488494636514,86.30789184570312,0.008624516608999544,0.008587537929013405
2015-06-25,86.04219852827808,86.4038174599794,85.74700721399357,86.00530242919922,-0.0035059298753914447,-0.0035120900498445697
2015-06-26,85.36324763649677,85.51084892083585,84.78023523178727,85.03853607177734,-0.011240776209324177,-0.011304431204796383
2015-06-29,86.31525226703398,87.57721365133644,85.94625751266204,87.28939819335938,0.02646873083142176,0.026124495085377772
2015-06-30,86.63999518417067,87.59937845222089,86.5883361284327,86.68427276611328,-0.006932404619237387,-0.006956545369799749
2015-07-01,85.66210360518464,86.06149589058165,85.37365456175473,85.5141830444336,-0.01349829310833306,-0.013590223270921381
2015-07-02,86.03191096392602,86.28338268949,85.70647895771656,85.79523468017578,0.003286608440101091,0.003281219347245525
2015-07-06,87.31147670491619,87.75524418854125,86.57925443198465,87.38543701171875,0.018534856131239286,0.018365179104764796
2015-07-07,88.50223718710302,89.11611267975861,87.9771061435461,88.20639038085938,0.009394624518848982,0.009350769487662341
2015-07-08,88.76845599829741,89.17524589218559,88.38385926091723,88.96815490722656,0.008636160294940298,0.008599081985836794
2015-07-09,87.79220734289615,88.10284960979654,87.16353637238448,87.2153091430664,-0.019701945780352226,-0.019898616598964705
2015-07-10,85.8248242635821,86.32776209735012,85.61773321017316,85.83222198486328,-0.015858307122827875,-0.015985395470037043
2015-07-13,85.34407724059287,86.13546416394423,85.34407724059287,85.56596374511719,-0.003102077909541312,-0.003106899326742766
2015-07-14,85.81001716349667,85.99492067075045,85.54376130443389,85.84700012207031,0.0032844412036341364,0.003279059207969779
2015-07-15,85.87662437288664,86.94167086420204,85.82485159304824,86.75676727294922,0.010597541551658818,0.010541781210589544
2015-07-16,86.45351982134466,87.39283319388042,86.43873001736888,87.35585021972656,0.006905316618040169,0.006881584110257319
2015-07-17,87.54810493608124,87.9327017056788,87.54070721662555,87.80696868896484,0.005164147199112401,0.005150858720438086
2015-07-20,87.4889599604876,87.755221510416,87.20051088853323,87.43718719482422,-0.004211300078590385,-0.004220192577535362
2015-07-21,87.03780791028292,87.96232575193582,87.02301810765248,87.91055297851562,0.005413781011009311,0.005399179175643627
2015-07-22,88.0214476060694,88.6797034941392,87.97706693708531,88.45781707763672,0.0062252378193417,0.006205941069551003
2015-07-23,88.45782936870457,89.64121058793272,88.34688614503794,89.55985260009766,0.012458316956812432,0.012381350713397646
2015-07-24,89.86313444993128,89.90011742082032,89.4341568159784,89.78177642822266,0.0024779387379736395,0.0024748737100358715
2015-07-27,90.37345545890888,90.44741574589123,89.84833008568349,90.26251220703125,0.005354491723528421,0.0053402074002262215
2015-07-28,89.61162287768089,89.91486164257437,89.41932168359828,89.6042251586914,-0.00729302821563349,-0.00731975235847154
2015-07-29,89.50805373828292,89.61899692958703,89.06428661587162,89.27137756347656,-0.0037146417440178103,-0.0037215581589760544
2015-07-30,89.64866048734942,90.18858148062289,89.6042854291771,89.95929718017578,0.007705937059278245,0.007676397980104039
2015-07-31,90.55836113903914,90.89858298144915,90.27730414192905,90.62492370605469,0.007399196600499813,0.007371956831080206
2015-08-03,90.6671733558235,91.72713154656685,90.6671733558235,91.57888793945312,0.010526510747668638,0.010471492794657217
2015-08-04,91.28980626922417,91.40840002041027,90.77094234928353,90.85247802734375,-0.007932067406077659,-0.007963693604520657
2015-08-05,90.25948374712974,90.3632610453819,89.82957507782407,90.17053985595703,-0.007505994180824427,-0.007534305915930474
2015-08-06,90.42996190524619,91.07483334156481,90.42996190524619,90.97106170654297,0.00887786467581031,0.008838688133833601
2015-08-07,91.39355538053165,92.28302808800274,91.3490777865674,92.1644287109375,0.013118094721639384,0.013032797663861936
2015-08-10,91.47509182181189,91.59368554476313,90.81539267771399,91.02294158935547,-0.012385332796475801,-0.0124626702609999
2015-08-11,92.13476434603375,92.74998010066804,92.03099274139045,92.46831512451172,0.015879222423693662,0.01575446652279925
2015-08-12,92.60177496038321,93.17993289885582,91.91243149794342,91.96431732177734,-0.005450491901531129,-0.0054654000282748786
2015-08-13,91.78638499455748,92.22370737374061,91.33423486905694,91.66778564453125,-0.003224421013299672,-0.0032296306604800403
2015-08-14,91.51957361502541,92.18668105073424,91.31943855674764,91.88277435302734,0.0023453027362281276,0.002342556806285799
2015-08-17,92.43870983419639,92.72778882288924,92.20151667282965,92.2978744506836,0.004517714017443275,0.004507539778829913
2015-08-18,91.76420866823683,92.12740951726377,91.45288799965321,91.57148742675781,-0.007870029816492763,-0.007901161949267647
2015-08-19,91.21563821283125,92.60173846777406,91.16375240944454,92.4757308959961,0.009874727326685928,0.009826290810704172
2015-08-20,92.9279419951385,93.46903634896547,92.78710658421787,93.40973663330078,0.0101000092484278,0.010049345008954077
2015-08-21,93.51350514551781,93.9434139057187,93.09099895259573,93.69139862060547,0.0030153386301730034,0.003010801614782792
2015-08-24,95.10713041894678,95.55928074790185,93.26147103091442,93.66173553466797,-0.00031660415336121073,-0.00031665428303729513
2015-08-25,92.32008424199026,92.49797763788116,91.58626338057319,92.15701293945312,-0.016065499818310403,-0.01619594900142848
2015-08-26,91.17123582487847,91.54926448368708,89.95561979962403,90.37812042236328,-0.01930284479010369,-0.01949157736313208
2015-08-27,90.29657114890679,91.0748643315298,90.17056349995089,90.42999267578125,0.0005739470258461221,0.0005737823812470564
2015-08-28,91.28240266002281,91.51959584420553,90.60047296238898,90.69683074951172,0.0029507696045842913,0.002946424629203676
2015-08-31,91.43806320195087,91.51959889189747,89.94077658214199,90.00007629394531,-0.007682235970193019,-0.007711896347939248
2015-09-01,90.35886828800923,90.69314332237497,89.868597859779,90.64857482910156,0.0072055331713076765,0.007179697350173879
2015-09-02,90.19545931921137,90.61145277921344,89.77947152661791,89.86861419677734,-0.008604223881011563,-0.008641453926236015
2015-09-03,90.16569030140224,90.38111403948298,89.66799011380458,90.30683135986328,0.004876198069844628,0.0048643479228659935
2015-09-04,90.96053053256232,91.31709534344219,90.49254453147506,91.13138580322266,0.009130587696888792,0.00908915588792307
2015-09-08,90.16570867786822,90.2994197953971,89.70515256991811,89.786865234375,-0.014753649985646433,-0.014863567542809186
2015-09-09,88.86574687607059,90.41085195392753,88.81374841996033,90.21771240234375,0.00479855451957345,0.004787078155497151
2015-09-10,89.89825740856965,90.0245441830205,89.4748399510461,89.60855102539062,-0.006752126170484707,-0.00677502490938732
2015-09-11,90.23260044181903,90.68573241506328,90.12860349721299,90.17317199707031,0.006300972007902583,0.006281203879274245
2015-09-14,90.58913948515223,90.73771056374677,90.09143912352661,90.31429290771484,0.0015649988518660063,0.0015637755173412687
2015-09-15,89.80172764573469,89.92058450204713,88.48690626036769,88.5834732055664,-0.019164405172468424,-0.01935042283194978
2015-09-16,88.36806538275954,88.72463034876405,88.06350455135023,88.24921417236328,-0.003773379176806979,-0.00378051633179801
2015-09-17,88.30862619396223,89.41545948099777,88.19720496884412,89.3263168334961,0.012205237986925077,0.012131354638160874
2015-09-18,90.03945099200754,90.7748594963418,89.98002255375222,90.70057678222656,0.015384715249058045,0.015267570482128642
2015-09-21,89.89086087609189,89.9651435698061,88.97716730792907,89.22230529785156,-0.016298369170510973,-0.016432648612314506
2015-09-22,90.21031298611675,90.91600732335239,89.98745915993274,90.46287536621094,0.013904259301729116,0.013808481876665989
2015-09-23,90.34401547156025,90.67829051132372,89.87602361500218,90.45543670654297,-8.22288661271875e-05,-8.223224710574374e-05
2015-09-24,91.49543930737013,91.87428862291611,90.99030877577863,91.072021484375,0.0068164479690961954,0.006793321023902003
2015-09-25,90.36630436293007,90.57429823546452,90.08402210671218,90.28459167480469,-0.008646231814514072,-0.008683827340094022
2015-09-28,90.77485414495914,91.94111025677934,90.77485414495914,91.8296890258789,0.01711363281831635,0.01696884417606044
2015-09-29,91.77026277258989,92.32739160996545,91.5548389420491,92.08968353271484,0.0028312685101510304,0.002827268018660913
2015-09-30,91.67365098451886,91.96335738489054,91.45822725932366,91.77021789550781,-0.003469070855190215,-0.0034751020339200897
2015-10-01,92.36275965322862,92.6902833030577,92.05012111872963,92.16177368164062,0.004266697792726815,0.004257621246460591
2015-10-02,93.48678119442206,93.94829933121468,92.43720722803087,92.7200698852539,0.0060577849287257735,0.006039510314921099
2015-10-05,92.09480452922459,92.1766868813784,91.39508467597409,91.46208190917969,-0.013567590896243376,-0.013660471727144007
2015-10-06,91.22388289143181,92.00547944027689,91.11967001825248,91.85660552978516,0.004313521104813978,0.004304244539526123
2015-10-07,91.41738759598758,91.80446872189063,91.194076804127,91.55137634277344,-0.003322887725398793,-0.0033284207773570064
2015-10-08,91.77474192172575,91.83429376975712,90.56140283376475,90.78471374511719,-0.008374124216175893,-0.008409384179899589
2015-10-09,90.79213194058794,91.29086574026023,90.74002550896807,91.02288818359375,0.0026235081728103182,0.0026200727824485966
2015-10-12,91.58115254916441,91.87890595178884,91.49183050379874,91.71514129638672,0.007605264199007644,0.007576489975532354
2015-10-13,91.95334228810913,92.00544870729347,91.40994758506874,91.8714599609375,0.0017043932151357133,0.00170294238530889
2015-10-14,92.07990051207251,92.71262872045818,91.78215274244947,92.67540740966797,0.008750785598403477,0.008712719385761349
2015-10-15,92.5339749360731,92.64563319131125,92.13945402284976,92.2213363647461,-0.004899585096126646,-0.0049116274141943195
2015-10-16,92.48932317242205,92.65308787262275,92.20646048609602,92.2511215209961,0.0003229746761876928,0.00032292253109435785
2015-10-19,92.14688063498987,92.2808693781244,91.4918277125397,91.99800109863281,-0.002743819459210317,-0.0027475906316799066
2015-10-20,91.40998911976975,91.53653252683401,91.22389386967183,91.43231964111328,-0.006148845091895616,-0.006167827091463152
2015-10-21,92.01290947935703,92.46698221348443,91.90869662357449,92.34043884277344,0.00993214658913466,0.00988314700146748
2015-10-22,92.37769195412275,92.88387132150878,91.93850983787891,92.49679565429688,0.0016932647655016897,0.0016918328089451488
2015-10-23,91.6332657003877,91.90124321451887,91.44717051997294,91.70770263671875,-0.008531030853515476,-0.008567628389013576
2015-10-26,92.20644740417663,92.45208874045164,92.16178069643836,92.31809997558594,0.0066559004458452975,0.006633847740131768
2015-10-27,92.68285504320477,92.97316310101183,92.42232289891312,92.54886627197266,0.0024996863718789175,0.002496567352532195
2015-10-28,92.50422054194598,92.55632698262198,91.78217577234318,92.17669677734375,-0.004021329591820333,-0.004029436879680278
2015-10-29,91.69281792545891,91.72259383595748,90.59113195370885,90.71023559570312,-0.01590923989371107,-0.016037150302975967
2015-10-30,90.99309903109433,91.41739582089495,90.82933436149158,91.39506530761719,0.007549640979507055,0.007521285068582744
2015-11-02,90.84825560843332,91.14665798346265,90.77365643756397,90.9750747680664,-0.004595330591834257,-0.004605921581981304
2015-11-03,90.75128582871729,90.8184233813766,90.10972265383904,90.22908020019531,-0.008199988510841583,-0.00823379334295519
2015-11-04,90.34100349716559,90.6692467886495,90.04260102232146,90.33354187011719,0.0011577383886669512,0.0011570687263913022
2015-11-05,90.30367323662495,90.31112916935291,89.74417093823583,90.09478759765625,-0.0026430301250029986,-0.002646529095740376
2015-11-06,89.13990820897058,89.16974901575047,88.58040588783949,88.77436828613281,-0.014655890165590324,-0.014764348732885778
2015-11-09,88.1029910117884,88.69979594480343,88.02839181804994,88.27457427978516,-0.005629935937552899,-0.005645843761666972
2015-11-10,88.40135613323154,88.93101758403944,88.31183372363185,88.53563690185547,0.0029573931587920654,0.002953028674524149
2015-11-11,88.28946237024353,88.46104558096455,88.22978075855345,88.3491439819336,-0.002106416426739033,-0.0021086380421334676
2015-11-12,88.58786751242245,89.10261146915967,88.5505650810596,88.77436828613281,0.004812998576264382,0.004801453129276466
2015-11-13,89.0130927771942,89.44577595629794,88.9384936028958,89.28165435791016,0.005714330403819856,0.005698065550253074
2015-11-16,89.36376004753085,89.52042009971875,88.87139500503598,89.19963836669922,-0.0009186208723480638,-0.0009190430630769002
2015-11-17,88.77435037872743,89.61733165689489,88.52071210958974,89.34877014160156,0.0016718876626973245,0.0016704916143264182
2015-11-18,89.20706367203954,89.66212607757868,89.0429420580349,89.5353012084961,0.002087673580720928,0.002085497418449096
2015-11-19,90.17684606894204,90.37827007844646,90.02764773649929,90.13208770751953,0.006665376571791892,0.006643261166647285
2015-11-20,90.21417078545734,90.29623159603963,89.72926754789457,89.85608673095703,-0.0030621833309589785,-0.0030668814077014724
2015-11-23,89.91574614139145,90.35589089773521,89.7590861848611,90.13208770751953,0.0030715890999002404,0.003066881407701464
2015-11-24,90.19179229864548,90.41558985433485,89.95307149097835,90.12464904785156,-8.253064870866744e-05,-8.253405455004774e-05
2015-11-25,90.39322350339677,90.57972433873013,90.22910185765481,90.33354187011719,0.002317821200665149,0.0023151391965771607
2015-11-27,90.45287562327428,90.50509561246687,90.23653404189011,90.2439956665039,-0.0009912840984585003,-0.0009917757454751955
2015-11-30,90.34096611691807,90.66174764862429,90.31112531262545,90.60206604003906,0.0039678027428926566,0.003959951774134069
2015-12-01,90.65219613955334,91.84085404277275,90.65219613955334,91.8259048461914,0.013507846560711911,0.013417428923077875
2015-12-02,91.69879698793092,91.98287729085618,91.34743105580476,91.85578918457031,0.0003254456183030552,0.0003253926723648564
2015-12-03,90.72695395023729,90.75685804716184,88.95517470691432,89.35887145996094,-0.02718301967437453,-0.027559312818106085
2015-12-04,89.35883987566397,90.40546008359763,89.31398659794237,90.14380645751953,0.008784074650162843,0.008745719114706093
2015-12-07,90.31574663254423,91.5492630861996,90.3082748887701,91.01847839355469,0.009703073016417818,0.00965630051802785
2015-12-08,91.41468982541946,91.52682871238747,90.79419292733444,91.06332397460938,0.0004927085339834214,0.0004925871929892175
2015-12-09,90.71947437790396,91.31754489515795,90.09150546804813,90.96617889404297,-0.0010667860157783648,-0.001067355436983169
2015-12-10,91.0483709401394,91.22778972953974,90.82409317567362,91.08574676513672,0.0013144211678168816,0.0013135580725446912
2015-12-11,91.97538620675152,92.77530196834644,91.85577556669215,92.52112579345703,0.015758547075662932,0.015635670396851674
2015-12-14,92.01279691983845,92.06512766088892,91.01850713625664,91.32501983642578,-0.012927922642245182,-0.013012215510056714
2015-12-15,90.47270744576201,90.90630798645434,90.33067021621187,90.78669738769531,-0.0058945779556869304,-0.005912019554675771
2015-12-16,90.51009614411527,91.33243832551479,90.08397301443244,90.59233093261719,-0.0021409133790615265,-0.002143208410337031
2015-12-17,91.04087264466854,91.78845741685812,90.93621123285153,91.61651611328125,0.011305429169560233,0.01124200041702597
2015-12-18,92.01276954876606,92.34170309311114,91.8183958382749,92.12490844726562,0.0055491341032414265,0.005533794380547913
2015-12-21,92.2744480333625,92.5361017312657,91.89317795720478,92.10250091552734,-0.00024322989423763985,-0.00024325947942579733
2015-12-22,91.69126979097902,91.80340864305656,91.19786112328539,91.43708801269531,-0.007224699614208352,-0.007250924142365205
2015-12-23,90.62974847507753,90.91382877322859,90.36061737004098,90.74935913085938,-0.007521334031771132,-0.0075497618979346965
2015-12-24,90.99956121639218,91.29922337968411,90.94712076648463,91.26925659179688,0.005728938098480851,0.005712590140521164
2015-12-28,91.38914459366879,91.89856870467538,91.28426366336583,91.53897857666016,0.002955233722014672,0.0029508756029013317
2015-12-29,91.16439888524383,91.20185309294637,89.90582205168579,90.01819610595703,-0.016613496177800724,-0.01675304809460954
2015-12-30,89.83840618219968,90.30288299534176,89.65111797432372,89.92830657958984,-0.000998570625225348,-0.0009990695290269026
2015-12-31,90.32535446671913,90.54260946843581,90.08562579509767,90.33284759521484,0.004498483636706352,0.004488395701485026
2016-01-04,91.34417675654694,91.73373359373373,90.88719321325084,90.98458099365234,0.00721479966355032,0.007188897507749401
2016-01-05,90.5576048455288,91.02208172345603,90.39279600069978,90.61753845214844,-0.004034118061493452,-0.004042277066078267
2016-01-06,91.62138141369232,91.86111005931915,91.43409323068444,91.83863067626953,0.013475230567710828,0.01338524711221628
2016-01-07,91.90606830660477,92.09335651185009,91.23932275317803,92.00345611572266,0.0017947288438362463,0.001793120242406141
2016-01-08,91.71879201294797,92.49791173382324,91.56896371552638,92.4155044555664,0.00447861805675509,0.004468618890753671
2016-01-11,91.42662559023681,91.98849029589294,91.291777832256,91.4041519165039,-0.010943537505102907,-0.01100385849873467
2016-01-12,91.65134470058716,93.13466966058992,91.50900956466876,92.7226333618164,0.014424743489955594,0.014321696645014002
2016-01-13,92.54285701743719,94.01868914803913,92.34807566266365,93.6366195678711,0.009857207166325654,0.00980894181496716
2016-01-14,93.24703645230157,93.62161279815925,92.40049025269111,92.76008605957031,-0.009361011881312553,-0.009405101517825348
2016-01-15,93.94373036932133,94.36325396590719,93.70400178333222,94.2059326171875,0.015586947134661688,0.015466718397402518
2016-01-19,93.74144211994496,94.44564723772525,93.60659445304192,93.91374969482422,-0.003101534205394385,-0.0031063539308836593
2016-01-20,95.12737404330117,95.8315734110524,94.70784481369321,94.90262603759766,0.01052962261635626,0.010474572242710393
2016-01-21,95.09746850617175,95.35967087130328,94.14604114694505,94.25841522216797,-0.006788124231403958,-0.006811268342893058
2016-01-22,93.57665070309339,94.04112164071036,93.28447594108265,93.8987808227539,-0.003815408932628439,-0.003822706172506458
2016-01-25,94.35575504925063,94.59548362052703,94.13101272869275,94.40819549560547,0.005425146827126026,0.005410483727151446
2016-01-26,94.38572119156997,94.73782377851461,94.20592619323354,94.4531478881836,0.000476149261641412,0.0004760359385527742
2016-01-27,94.20593888579731,94.61048197324418,93.7864152612957,94.4306869506836,-0.00023779977694959875,-0.00023782805579978242
2016-01-28,94.04861178131661,94.70037655720688,93.98867820559742,94.5655288696289,0.0014279459707386977,0.0014269274253942113
2016-01-29,95.44955661449501,95.78667307280311,95.0824676441092,95.36714935302734,0.008476878340135663,0.008441151367091218
2016-02-01,95.16518223989999,95.37534183187357,94.78989561811306,95.07511138916016,-0.0030622490642572275,-0.0030669473429075773
2016-02-02,96.14850093645,96.85403063357654,96.07343898110746,96.83902740478516,0.018552868251765275,0.01838286329215728
2016-02-03,96.28363287473381,97.52958847727665,96.01342577361429,96.03594207763672,-0.008292992491462758,-0.008327570657377126
2016-02-04,96.23856110233811,96.51626970750125,95.70565446044836,96.50126647949219,0.004845315116285276,0.0048336143576837975
2016-02-05,95.99087587136977,96.82401318714041,95.76570145710944,96.61385345458984,0.0011666890933663687,0.0011660090405348326
2016-02-08,97.36439099811933,98.79798906792706,97.33436164586539,98.69290924072266,0.021519230542957235,0.021290960886841154
2016-02-09,99.10577653344367,99.12079121881958,98.29516676873295,98.79804992675781,0.0010653317127242712,0.0010647646495996889
2016-02-10,98.85052541834358,99.70617873083094,98.40768981206557,99.66864776611328,0.00881189294728868,0.008773294801389017
2016-02-11,100.907159131034,101.51512217072818,99.83383247533703,100.36674499511719,0.007004180799583981,0.006979765465228831
2016-02-12,99.55608529929769,99.92387049907938,98.27259935952453,98.70043182373047,-0.016602243815596385,-0.016741605698579357
2016-02-16,98.11500071040822,98.13751700649557,97.43197585483475,97.65715026855469,-0.010570182276800844,-0.01062644346536613
2016-02-17,97.30434650912669,97.44695730427645,96.60631866277362,97.05665588378906,-0.006149005813852693,-0.00616798880780194
2016-02-18,97.13171391296389,98.32512296206565,97.09418294950919,98.25006103515625,0.012295964048010477,0.012220982701661099
2016-02-19,98.28006927930976,98.94057744515956,98.12244384779028,98.33260345458984,0.0008401258845434079,0.0008397731763248466
2016-02-22,98.40019247259957,98.40769408473183,98.09995619466508,98.28009796142578,-0.0005339581310720432,-0.0005341007374810727
2016-02-23,97.48449306593008,98.88056028017175,97.40943113231285,98.67790222167969,0.0040476583612079065,0.004039488630203334
2016-02-24,99.37588425403938,100.11895582378925,98.2875554357625,98.48271179199219,-0.001978056133064121,-0.001980015069781024
2016-02-25,98.6853978486192,99.49601858058007,98.56531479609502,98.83551025390625,0.003582339026764636,0.0035759377334933125
2016-02-26,97.80725464003947,98.18254148092849,97.60459653916267,97.88231658935547,-0.009644242864756292,-0.009691049762819133
2016-02-29,97.92731604494789,98.45271515385917,97.88978508298817,98.31010437011719,0.00437042967174972,0.004360907079124717
2016-03-01,98.37631015750095,98.39886916263188,96.49631656612144,96.57902526855469,-0.017608353817277433,-0.01776522510391283
2016-03-02,96.49630698623676,96.98510068164126,96.41358681744548,96.97758483886719,0.004126771513837779,0.004118279746646066
2016-03-03,97.06035414515054,97.71458850934837,96.8347525274556,97.33106231689453,0.0036449399994304965,0.0036383133033555635
2016-03-04,96.81964313894396,97.10540575754561,96.07516748940235,96.70684814453125,-0.006413308942739615,-0.006433962561250883
2016-03-07,96.59405290757863,96.75949323499951,96.29325857112342,96.67677307128906,-0.000310992177071423,-0.00031104054516684895
2016-03-08,98.0228681245023,98.5041460135225,97.72206227225843,97.74462127685547,0.011045550773389756,0.010984994189938455
2016-03-09,97.06784591092665,97.52656487909552,96.86480335791497,97.15056610107422,-0.0060776252239868045,-0.006096169161748589
2016-03-10,97.3836740330902,97.63935042337272,96.1955166331897,96.75199890136719,-0.004102572076547295,-0.00411101071335403
2016-03-11,96.87232016520507,96.91743817774017,95.66159803508779,95.77439880371094,-0.010104185016919898,-0.010155578782172364
2016-03-14,96.1202827914216,96.54892097001914,95.9999662216612,96.07516479492188,0.003140358957797851,0.0031354383296070733
2016-03-15,96.63166096182277,96.75198329357066,95.9623837690077,96.16542053222656,0.0009394283891923649,0.0009389874025051531
2016-03-16,96.06767257178419,96.64671381112393,95.78191561116161,96.45118713378906,0.0029716149524530167,0.002967208432236094
2016-03-17,96.63924162535696,97.26340123106387,96.6242099297328,96.84980010986328,0.004132794918545679,0.004124278378305636
2016-03-18,97.03775224729242,97.39119198987969,96.78207585146326,97.05279541015625,0.0020959805808860033,0.002093787078079713
2016-03-21,96.44364256476317,96.7218778617046,96.06764395827287,96.30828857421875,-0.007671152930640801,-0.007700727569084261
2016-03-22,96.87979738954635,97.02267868866404,96.19547720670172,96.28571319580078,-0.00023440743005798126,-0.00023443490777368548
2016-03-23,96.56403126022293,97.6243508133882,96.4737837299149,97.37619018554688,0.011325428805087245,0.01126177628017847
2016-03-24,98.19581812799927,98.24093613434927,97.00766090431593,97.41373443603516,0.0003855588354477746,0.00038548452673961775
2016-03-28,97.29348819044695,97.8800456116715,97.21828381354045,97.5416488647461,0.001313104660769726,0.0013122432928063961
2016-03-29,98.045466052612,98.57937800612876,97.7747464154033,98.56434631347656,0.010484725864625899,0.01043014232387138
2016-03-30,97.78221902049101,97.81230534163974,96.99261947159435,97.52654266357422,-0.010529199337473316,-0.010585023558825478
2016-03-31,97.74462174113431,98.36878097861381,97.60174039496106,98.2183837890625,0.007093875232251801,0.007068832064998884
2016-04-01,98.70068593060955,98.81372614288867,97.88684469524142,98.47461700439453,0.002608811155784485,0.0026054141148374368
2016-04-04,98.55743391170039,98.69307976402628,98.16559366794674,98.53482818603516,0.0006114385967903591,0.00061125174437351
2016-04-05,99.47681136904029,99.74056027129204,99.3034969038018,99.61245727539062,0.010936529846288456,0.010877158489264457
2016-04-06,99.11505340040098,99.22055060339504,98.51975021886292,98.88898468017578,-0.007262872686843891,-0.007289375750229963
2016-04-07,99.61246069900866,100.21530714034704,99.47681478799628,100.10980987548828,0.012345411364681924,0.012269828208111544
2016-04-08,99.59734766411832,99.77066206794913,99.19796449536231,99.47677612304688,-0.006323393813540745,-0.006343471150892793
2016-04-11,98.95687630304252,99.60492274920887,98.79862464870278,99.34871673583984,-0.001287329487323019,-0.0012881588077429782
2016-04-12,98.77602694576183,99.13019884530566,98.36156924434448,98.6629867553711,-0.006902253023479354,-0.006926183752750724
2016-04-13,98.48214948556219,99.15281328000748,98.35404645722343,99.00963592529297,0.0035134672213135154,0.0035073094146420105
2016-04-14,98.64786831269582,98.94928565378855,98.33137665504809,98.53482818603516,-0.004795571004988619,-0.004807106650401209
2016-04-15,98.93426937075832,99.58987029462028,98.9041322183048,99.37887573242188,0.008565981815010115,0.008529501968550979
2016-04-18,98.96438462304448,99.04727613724401,98.459504126861,98.94931030273438,-0.004322502408299567,-0.004331871429994545
2016-04-19,98.77604206773125,98.94935658818784,98.18072686955445,98.64039611816406,-0.0031219437874321354,-0.0031268272204556685
2016-04-20,98.83627030629371,99.20550487399694,97.41205190633657,97.55522918701172,-0.011001242633417618,-0.011062203814630474
2016-04-21,96.78664017525668,97.26138367216096,96.67359998638663,96.97502899169922,-0.005947402308904115,-0.005965158543332865
2016-04-22,97.09560273411711,97.14081421132538,96.6359335519311,96.72635650634766,-0.0025642940036949557,-0.0025675874369892574
2016-04-25,96.50028745654079,96.84692794511187,96.32697296142578,96.32697296142578,-0.004129004330848174,-0.004137552206822185
2016-04-26,96.27418433343634,96.27418433343634,95.79190961378974,95.8898696899414,-0.004537703802437676,-0.0045480304316350105
2016-04-27,96.39480126690773,97.07300799691723,96.16873810607578,96.84693908691406,0.009980922907365741,0.00993144246425462
2016-04-28,96.6133388817208,97.31413985541775,96.48522435049857,97.24632263183594,0.0041238633733529095,0.00411538355387575
2016-04-29,96.79417508616564,97.74366211428388,96.60578626291567,97.49498748779297,0.0025570617914103533,0.0025537980714129996
2016-05-02,97.14762291513975,97.32883292702198,96.49826015574922,96.51335906982422,-0.010068501399537633,-0.010119531580336825
2016-05-03,97.81967387367088,98.17455897630603,97.66866163289954,97.72905731201172,0.012596165483246491,0.012517493743466524
2016-05-04,97.91781349697315,98.28780323480487,97.54783528063548,98.26515197753906,0.0054855196629575165,0.005470528996049448
2016-05-05,98.2047187108302,98.96734924127988,97.93289217431673,98.92203521728516,0.006684803580176979,0.00666255935786827
2016-05-06,98.80124245961188,98.8087890369684,98.3783921763115,98.49920654296875,-0.004274362869583603,-0.004283524073413671
2016-05-09,98.50677531577472,98.83145099966849,98.4010656138682,98.80879974365234,0.0031431034984890083,0.003138174274694114
2016-05-10,98.80122917397667,99.00509042861924,98.65020547521692,98.81632232666016,7.613272327300358e-05,7.612982532431197e-05
2016-05-11,98.78616626491889,99.6695999730093,98.65780528389675,99.3751220703125,0.005654933623264302,0.005639004509960654
2016-05-12,98.65776677884963,99.04284957162247,98.60490617826794,98.92203521728516,-0.004559358958138082,-0.004569784536565196
2016-05-13,99.27692877224457,99.91119842665073,99.08816064781831,99.88098907470703,0.009694036877784695,0.0096473511750889
2016-05-16,99.39775418632819,99.41285886397911,98.89940351728691,99.02021789550781,-0.008617968115588015,-0.008655317541736648
2016-05-17,99.07306118500011,99.5412024168916,99.07306118500011,99.18631744384766,0.0016774306487097324,0.001676025333245787
2016-05-18,98.7710505539842,98.80125991173072,97.33641714136711,97.77436065673828,-0.014235398828157164,-0.01433769408774736
2016-05-19,97.91774378603324,98.40854756085892,97.8950925448936,98.19712829589844,0.0043239110572594885,0.0043145898136699185
2016-05-20,97.89512313613986,98.46142738456679,97.81962281590992,98.27265930175781,0.0007691773391964585,0.00076888167390987
2016-05-23,98.43127676191604,98.71064997156566,98.09904293341651,98.49168395996094,0.0022287445944715323,0.002226264627363135
2016-05-24,98.13678464136947,98.3029015315303,97.58558488119583,98.05372619628906,-0.0044466471286034315,-0.004456562869398312
2016-05-25,98.0310771744275,98.34820628428126,97.6384361958732,97.6837387084961,-0.0037733138978554015,-0.0037804508055933545
2016-05-26,98.01598798958824,98.49923406977409,98.00844141012273,98.18965148925781,0.005179089042357754,0.005165723687749403
2016-05-27,98.21227469017147,98.35572877117495,97.93289006160724,98.04615783691406,-0.0014613928267119825,-0.0014624617027010197
2016-05-31,97.41943044935579,98.49163172262227,97.38922110560809,98.28021240234375,0.002387187530785262,0.0023843427251219323
2016-06-01,98.83785892724792,99.3220981297523,98.44441096734647,98.67896270751953,0.004057279643875367,0.004049071080288928
2016-06-02,99.0421377909446,99.63987758323252,99.01943998062207,99.39019012451172,0.007207487771230703,0.007181637965035584
2016-06-03,100.52515205959347,100.80509948730469,100.32843380568502,100.80509948730469,0.014235905586058584,0.014135526617485314
2016-06-06,100.46461775379377,100.5478469251543,99.95011854551095,100.05604553222656,-0.007430714903192581,-0.007458460195532111
2016-06-07,100.35863465468078,100.61588411498919,100.28296761568691,100.29810333251953,0.002419222137007182,0.0024163005301949467
2016-06-08,100.53273134292519,100.9564393746832,100.41168015183574,100.83538818359375,0.005356879474509579,0.005342582431287728
2016-06-09,101.62980633673745,101.79625310182853,101.33471170430849,101.48604583740234,0.00645267168133401,0.006431942320806132
2016-06-10,101.98539106673124,102.39397468106769,101.58438108480522,101.97782897949219,0.004845820309895332,0.0048341171151485155
2016-06-13,102.21244946175514,102.43943922855823,101.97033551029655,102.43187713623047,0.00445242030823767,0.004442537608700081
2016-06-14,103.04474018572607,103.0674380076155,102.31081315749068,102.35620880126953,-0.0007387186203793306,-0.0007389916074280682
2016-06-15,102.5377950297363,103.07499216667927,102.3788987435608,102.74964904785156,0.0038438337174633297,0.003836465065186202
2016-06-16,103.46090803428535,104.0813345390547,103.03718833068946,103.24905395507812,0.004860404992663048,0.0048486313586576886
2016-06-17,103.0522635721846,103.10523283348434,102.34103463297174,102.6058578491211,-0.006229559316222599,-0.006249043983602337
2016-06-20,101.56932043378407,101.80387228177325,101.39528841190038,101.5087890625,-0.010692067778764636,-0.010749638671119261
2016-06-21,101.60713379133477,101.82656143671205,100.97914540121313,101.03966522216797,-0.004621509572369953,-0.0046322217648092166
2016-06-22,101.0093593840815,101.38010950362596,100.820203280366,101.2060775756836,0.0016470002463855327,0.0016456454288656026
2016-06-23,100.33598294010535,100.87319145531576,99.93497284861111,100.0484619140625,-0.011438203014590753,-0.011504122407032372
2016-06-24,103.36245855351649,103.36245855351649,102.37128244817728,102.73445892333984,0.026846959542311755,0.026492902843562344
2016-06-27,104.74709819183938,105.61721175346004,104.71682674637897,105.29943084716797,0.02496700669579721,0.024660423482841604
2016-06-28,105.50371651204367,105.85175729822278,105.08000866182229,105.51885223388672,0.00208378511596341,0.0020816170470959873
2016-06-29,105.68534571422894,106.02583610776809,104.6109398918654,104.70930480957031,-0.007672064348482555,-0.007701646033021893
2016-06-30,105.02704511556999,105.8820344959845,104.48227455134509,105.09513854980469,0.0036848085367013894,0.003678036260986426
2016-07-01,106.736321804479,106.74390937342625,105.50833854229722,106.55440521240234,0.013885196620261553,0.013789680436099806
2016-07-05,107.52458326239307,108.3280784392898,107.41087391299375,107.888427734375,0.012519637450121968,0.012441914822942471
2016-07-06,108.23707691617854,108.39626533210772,107.6079339461828,108.06273651123047,0.001615639235049482,0.0016143354940417484
2016-07-07,107.70655179866291,108.54037449850597,107.47156855591064,108.05524444580078,-6.933070243797523e-05,-6.933310592221632e-05
2016-07-08,108.33573894910477,108.86634829434342,107.91125147291383,108.8511962890625,0.0073661565187699285,0.007339158885967944
2016-07-11,108.43421555245241,108.75258095623764,107.82022430469455,107.8960189819336,-0.008775074043213649,-0.008813801730781903
2016-07-12,106.4406493993842,106.77417842809311,105.84939759991332,106.12228393554688,-0.01643930019960904,-0.01657592490764623
2016-07-13,107.16073462327077,107.46394800953144,106.8423692425031,107.37297821044922,0.011785406688589184,0.011716499653073288
2016-07-14,105.57650971670624,106.00099699560039,105.43248476856482,105.81149291992188,-0.014542628103943023,-0.014649408630778137
2016-07-15,105.28089417495804,105.44765870326815,104.74269745788229,104.90188598632812,-0.008596485206783133,-0.008633648119300398
2016-07-18,105.41734006061377,105.56135345230378,104.40158935425893,104.80333709716797,-0.0009394386786620856,-0.0009398802277380827
2016-07-19,105.31881283489167,105.59927523457623,104.90947745362986,105.39460754394531,0.0056417139296733865,0.0056258590660926994
2016-07-20,104.7805706945869,104.99281429435045,104.53801153760371,104.81847381591797,-0.005466444075776122,-0.005481439754854294
2016-07-21,103.87858097515088,105.07624848966549,103.84068940149304,105.03076934814453,0.0020253637025797744,0.002023315418729464
2016-07-22,104.55320246059087,105.54621371698778,104.50772332462412,105.21268463134766,0.0017320189534186792,0.0017305207382997036
2016-07-25,105.31876122303689,105.56132036612074,105.05345095533114,105.13683319091797,-0.0007209343692299308,-0.0007211943673808782
2016-07-26,105.75844910037372,105.75844910037372,104.95495358421724,105.30363464355469,0.001586517755711947,0.0015852605659442936
2016-07-27,105.7811716567733,106.61498260498047,105.66746227764715,106.61498260498047,0.01245301708592117,0.01237611604380775
2016-07-28,105.9706428878787,106.75897446673974,105.9024242213863,106.4178695678711,-0.0018488305517030401,-0.001850541748374561
2016-07-29,106.46336540909716,107.39572203022885,106.28902493408422,107.30476379394531,0.008334072366564138,0.008299535739944658
2016-08-01,106.14891673176267,106.69568558489348,106.01982013970718,106.14132690429688,-0.010842360101388948,-0.010901566837099294
2016-08-02,104.66821980473983,105.75415745053122,104.41761613551013,105.04792022705078,-0.010301422727002185,-0.010354849614123121
2016-08-03,105.25291527017139,105.3896017998899,104.72892706451934,105.10862731933594,0.0005778990403040307,0.0005777321209588954
2016-08-04,105.90593210470796,106.4375098022922,105.76164424660837,105.89833068847656,0.007513211705651779,0.007485128108207337
2016-08-05,105.59458309222701,105.69329722278306,104.6605242414238,104.79721069335938,-0.010397897567964276,-0.010452333378997964
2016-08-08,104.49348691573387,105.20731347104575,104.28085575669984,104.99468231201172,0.001884321322541238,0.001882548216169964
2016-08-09,105.33641277649662,106.10340285020864,105.26805794812377,106.02745819091797,0.009836458915482682,0.009788395876548733
2016-08-10,106.24011713373545,106.70335186656433,105.9135805058965,106.43756866455078,0.003867964776580246,0.003860503434773091
2016-08-11,106.36158681756163,106.37677806559222,105.20729530530608,105.48828125,-0.008918725093604474,-0.00895873499142522
2016-08-12,106.62738109657694,106.96910885700049,106.21729851404702,106.37677764892578,0.00842270239307541,0.008387429359718309
2016-08-15,105.81484324718245,106.03507584031986,105.3667998163579,105.3743896484375,-0.009422996471997402,-0.009467673787549008
2016-08-16,105.54148838123922,105.67058508813327,104.97193795154206,105.09344482421875,-0.002666158495969184,-0.0026697190265660285
2016-08-17,105.27562773186517,105.89073988968642,105.17690202195942,105.72367095947266,0.0059968167977368925,0.0059789074555799794
2016-08-18,105.70847926667777,106.13374141904698,105.39712248100581,105.89073944091797,0.001580237234756643,0.0015789899737036048
2016-08-19,105.2832393190455,105.59459617038411,104.87316832492486,105.3364028930664,-0.00523498608828632,-0.005248736638244342
2016-08-22,106.05020605964688,106.4223162335931,105.83757498525604,106.2248764038086,0.008434629305161812,0.008399256584082759
2016-08-23,106.52109693672143,106.76409903825706,106.06545206348777,106.33883666992188,0.0010728208868897582,0.0010722458258170223
2016-08-24,106.39195515393467,106.46029837968588,105.85277600211553,106.08818817138672,-0.002357073919410757,-0.0023598561910146074
2016-08-25,105.75407322104273,106.14896459023913,105.52626241912948,105.68572998046875,-0.003793619231839407,-0.0038008332558972977
2016-08-26,106.11100000156877,106.84002938345824,104.96430972735116,105.07062530517578,-0.005820129883255198,-0.005837132844242373
2016-08-29,105.84520607223412,106.58182521055288,105.7161094257026,106.47550964355469,0.013370857309533024,0.013282256304088986
2016-08-30,106.4451374626216,106.51348070784555,106.06543731689453,106.06543731689453,-0.0038513300197664524,-0.00385876548832897
2016-08-31,106.05784048277361,106.4451304343331,105.81482684353998,106.2173080444336,0.0014318587787021109,0.001430834646413016
2016-09-01,105.4595590773385,106.58552438931122,105.42152927794862,106.33446502685547,0.001102993331113744,0.0011023854808982665
2016-09-02,105.71822242164137,105.78668998357698,105.1171984217,105.4671630859375,-0.008156357778251189,-0.008189802848477205
2016-09-06,105.52805887349349,106.57032632634703,105.37589321177197,106.23558044433594,0.00728584457868009,0.007259431032136481
2016-09-07,106.79096583513389,106.82900725693106,106.15951538085938,106.15951538085938,-0.000716003651115904,-0.0007162601041516231
2016-09-08,105.64216714383836,105.9540904854181,104.42491155204948,104.828125,-0.012541413514208899,-0.012620720822179297
2016-09-09,103.51960579626379,103.55763560698041,103.01748692180193,103.1011734008789,-0.016474124659971667,-0.01661133205322525
2016-09-12,102.94900856852291,103.33700314443479,102.82728068284503,103.15441131591797,0.0005163657530071752,0.0005162324820874548
2016-09-13,103.36744339313749,103.46634876480077,101.45788481194616,101.98282623291016,-0.011357585856602403,-0.01142257578925838
2016-09-14,101.98281755807483,102.63709046630782,101.98281755807483,102.13497161865234,0.0014918726158335005,0.0014907608794579108
2016-09-15,101.64804239479403,101.98278819685648,101.20678762013058,101.69368743896484,-0.004320598250471486,-0.00432995900753656
2016-09-16,102.3859959659996,102.56097249528791,102.11211410734512,102.51532745361328,0.008079557692718842,0.008047092817120887
2016-09-19,102.34036467388233,102.60663132229315,102.13495035014212,102.18059539794922,-0.0032651903279099503,-0.0032705326942471095
2016-09-20,102.81963246048045,103.14677459724943,102.4544605291671,102.53814697265625,0.0034992120892869405,0.0034931040913037336
2016-09-21,102.40125455697016,103.38265815934798,102.08171592412866,103.36743927001953,0.008087646615892341,0.008055116876986812
2016-09-22,103.97603082535223,104.44771175225594,103.84669933276919,104.18904876708984,0.007948436208466747,0.007917013785645485
2016-09-23,104.2499829794342,104.48582360188881,104.00653871415089,104.09022521972656,-0.0009485022517500274,-0.0009489523646553929
2016-09-26,104.28036369099577,104.85855366211433,104.24232228044393,104.75204467773438,0.006358132635516656,0.006338004981356128
2016-09-27,105.43682129109139,105.59659068964135,104.9499210597915,105.5205078125,0.007336020381556896,0.00730924266553516
2016-09-28,105.36824283129049,105.8627461866957,105.15522492970624,105.29216003417969,-0.0021640132620103225,-0.002166358122192509
2016-09-29,104.65311681476194,105.80190447976662,104.56943037299742,105.5584487915039,0.0025290463908973493,0.0025258537348575743
2016-09-30,105.40632427486027,105.47479185310858,104.12820477117825,104.61510467529297,-0.008936699307453888,-0.008976871119406172
2016-10-03,104.93292685355839,105.00152927070555,104.2317494443274,104.26985931396484,-0.0033001483141436028,-0.0033056058139383482
2016-10-04,104.12500028651893,104.29267433122298,103.01226704020365,103.05037689208984,-0.011695445164101037,-0.011764374852247225
2016-10-05,102.9055920082029,102.95131919003352,102.21964939225302,102.57024383544922,-0.004659207187018843,-0.004670095125428932
2016-10-06,102.10535788830728,102.65410747142327,101.88432761287172,101.9986572265625,-0.005572635761729283,-0.005588220823278089
2016-10-07,102.07487043561936,102.34924524087553,101.43466643318843,102.06725311279297,0.0006725175418544893,0.0006722915032700362
2016-10-10,101.25176283948778,101.48802778372193,100.99262266660091,101.46516418457031,-0.005898943195397854,-0.005916410687847672
2016-10-11,101.25939009065108,101.78527618170092,101.038371400682,101.23652648925781,-0.0022533615073700997,-0.00225590414678686
2016-10-12,101.11454866644898,101.38130610728665,100.78682939350429,101.33557891845703,0.000978425797824256,0.0009779474512956274
2016-10-13,101.85383347973591,102.07485209699804,101.6480495053895,101.7166519165039,0.0037605054622871226,0.0037534524380486213
2016-10-14,100.80972691319388,101.32798406700235,100.24573092566473,100.29145812988281,-0.014011410715631833,-0.014110497180372761
2016-10-17,100.68011061414516,101.167886589661,100.67248166438146,100.93161010742188,0.006382916247064996,0.006362631707743362
2016-10-18,100.49722556952861,101.28224012420935,100.47436197119816,101.2593765258789,0.003247410975691256,0.0032421495243214827
2016-10-19,100.88586754140918,101.57181003422704,100.8477693163872,101.3431625366211,0.0008274395282374947,0.0008270973888711323
2016-10-20,101.85383677692606,101.93767383367015,101.28984097432955,101.44989776611328,0.0010532060261452258,0.0010526517937915728
2016-10-21,101.76235930673346,101.91478711272529,101.2669544003898,101.60230255126953,0.0015022665228072718,0.0015011392492901205
2016-10-24,101.67853927335892,101.70902018785635,100.82492248395585,101.16027069091797,-0.004350608689488222,-0.004360100126495517
2016-10-25,101.00785479187505,101.792869264774,100.9773738737768,101.42704010009766,0.00263709663247913,0.0026336255941245023
2016-10-26,100.95452473060918,101.21365327478962,100.59631283680046,100.7411117553711,-0.006762775922965147,-0.0067857471166586115
2016-10-27,99.89511162513662,99.89511162513662,99.12533186896395,99.64360046386719,-0.010894373432854154,-0.010954151679934814
2016-10-28,99.37688021716909,99.78843668902499,99.33115301246318,99.422607421875,-0.00221783477276416,-0.0022202978107184776
2016-10-31,99.7578900325183,100.06274561602534,99.62070850878865,100.03226470947266,0.006131978464522847,0.006113254389342371
2016-11-01,99.39086711756813,100.49046059694699,99.17705856898803,100.03992462158203,7.657441458142067e-05,7.657148291059612e-05
2016-11-02,100.26141871773125,100.87993739629133,100.05524194097892,100.47522735595703,0.004351290107640571,0.004341850617573805
2016-11-03,99.84139233491597,100.07047625378574,99.60467655770431,99.70394897460938,-0.007676303917334981,-0.007705918388718624
2016-11-04,100.23844050146838,100.63550674746453,100.13153625805577,100.59733581542969,0.008960395751705041,0.008920489611741219
2016-11-07,99.84142179922881,100.03232317934206,99.60470595215968,99.74214935302734,-0.00850108460100163,-0.008537424922029049
2016-11-08,100.04761505958747,100.19270199668347,99.04729352701725,99.33745574951172,-0.004057398062310202,-0.004065651634745707
2016-11-09,97.14590088252045,97.26044288240598,94.8550841882023,95.12234497070312,-0.04243224015559022,-0.0433587929697101
2016-11-10,94.664177258112,95.42014509176707,93.70967035799528,93.7173080444336,-0.014770839876816266,-0.014881014997580213
2016-11-11,93.8929223923635,93.96164991007846,92.89260114952803,93.1904067993164,-0.0056222405029748845,-0.0056381047869343386
2016-11-14,92.61010362409256,93.6638832784904,92.19012396074731,92.63301086425781,-0.0059812587389915794,-0.005999218115972328
2016-11-15,93.32785656604678,93.77838097324029,92.99186831265018,93.09114074707031,0.004945643875095884,0.004933454351933049
2016-11-16,93.38887913723248,94.03030443991041,93.2896067743112,93.93103790283203,0.0090223102759448,0.008981852401495807
2016-11-17,93.12169249248704,93.24387217427042,92.38863187933038,92.54898834228516,-0.014713449264518452,-0.014822765665186883
2016-11-18,92.87731901990627,93.13694787504619,91.8922673938853,92.28170776367188,-0.0028879902784541,-0.002892168568892142
2016-11-21,92.5566176862716,92.76279442423535,92.31226417057749,92.51080322265625,0.0024825663128285047,0.002479489835733326
2016-11-22,92.90023278444355,92.97659215682808,92.30461569781215,92.4802474975586,-0.0003302935877025348,-0.00033034814664354984
2016-11-23,91.62498571929795,92.32750692635943,91.05991950621932,92.12133026123047,-0.0038810150928456633,-0.0038885657744587828
2016-11-25,92.54134041698079,92.61769979191597,91.93809145105318,92.25880432128906,0.0014923151855141814,0.001491202789766915
2016-11-28,92.70930695311873,92.95366037571583,92.46494770467649,92.93838500976562,0.00736602531840691,0.007339028644971944
2016-11-29,92.73221633627419,93.46527662114116,92.5565845788265,93.32782745361328,0.004190329365059808,0.0041815743839475495
2016-11-30,91.60972422317853,92.4038743948372,91.235559275999,91.8158950805664,-0.01620023110254387,-0.01633288952897956
2016-12-01,90.67812413717954,91.04539366196673,90.01244009674245,90.8464584350586,-0.010558483851376255,-0.010614620134334458
2016-12-02,91.18315332366217,91.97891202463016,91.16019969998021,91.51216888427734,0.007327863525848244,0.007301145180119502
2016-12-05,90.99951411904205,92.12428832651811,90.63223864486073,91.4126968383789,-0.001086981623441008,-0.0010875728164152852
2016-12-06,91.31317375821729,91.77226931098728,91.1448453381964,91.34378051757812,-0.0007539031577049604,-0.000754187485603341
2016-12-07,91.68049336803665,92.29261717598104,91.68049336803665,92.12428283691406,0.008544668448288384,0.00850836939784174
2016-12-08,91.16780934924287,91.29023056301024,90.88470117108845,91.03773498535156,-0.011794369715593889,-0.011864475071634085
2016-12-09,90.77760703797512,90.94594136420241,89.73700014642895,89.90533447265625,-0.012438803677151222,-0.012516813167133859
2016-12-12,89.72937802726439,90.13491351599723,89.43096919579935,90.07369995117188,0.0018726973154949977,0.0018709460039872997
2016-12-13,90.59396060374148,90.6628214532708,89.8594156872084,90.39501953125,0.00356729633902364,0.0035609486290675866
2016-12-14,91.1142540178508,91.21372162439611,89.36970930217319,89.385009765625,-0.011173289976178724,-0.011236180078999307
2016-12-15,89.95120145657954,90.50976457657947,89.54567212722996,89.83643341064453,0.0050503283067619975,0.005037618174358156
2016-12-16,89.98949743824483,90.22669261178588,89.36972639117589,89.62987518310547,-0.00229927012568365,-0.002301917506045963
2016-12-19,90.27257089658791,90.73166060036658,90.0889303449626,90.59393310546875,0.010755988674465922,0.01069855450211159
2016-12-20,90.00475908369454,90.21135323537219,89.81347122943701,90.14248657226562,-0.004983187259102184,-0.004995644739267834
2016-12-21,90.22668266028174,90.59395802692369,90.08130781397347,90.54039764404297,0.004414245567303521,0.0044045313621062015
2016-12-22,90.16370710347991,90.52427081352752,90.14069339482613,90.37850952148438,-0.001788020892011688,-0.0017896213093711313
2016-12-23,90.70840806191781,90.82348248567592,90.485932403433,90.56265258789062,0.0020374651826104984,0.0020353923654762907
2016-12-27,90.07935227333697,90.29415476924655,89.93359678135778,90.2711410522461,-0.0032188935208321556,-0.0032240853027705467
2016-12-28,90.41690043272959,91.19939605838933,90.29415280748866,90.93089294433594,0.007308558243525498,0.007281980151517089
2016-12-29,91.13802895060186,91.49858693402733,91.03062770397659,91.25309753417969,0.0035434007014645275,0.0035371376478442033
2016-12-30,91.12264080533164,91.79006754881688,91.0766133929969,91.39114379882812,0.001512784424624325,0.0015116413189697015
2017-01-03,90.8388275421121,92.05092800966804,90.66237931452638,91.78242492675781,0.004281389986659834,0.0042722509125588766
2017-01-04,91.87449265687539,92.24272381217342,91.63667060561137,92.13532257080078,0.0038449370271549377,0.0038375641495738675
2017-01-05,92.40386120775442,93.61596808698921,92.18905864240767,93.5776138305664,0.01565405340234527,0.015532792553733799
2017-01-06,92.92547489864796,93.24001123048646,92.6339581312516,92.71834564208984,-0.00918241183230395,-0.009224830043164007
2017-01-09,93.50086339930299,93.59292412024621,93.17865965539528,93.46250915527344,0.00802606547852136,0.007994027924492997
2017-01-10,93.24768676823273,93.5238630192209,93.0405516535277,93.40111541748047,-0.0006568809070915949,-0.0006570967478809506
2017-01-11,93.54687743861503,94.12224365703605,93.1402862473993,93.71565246582031,0.0033675941334740944,0.003361936486564405
2017-01-12,94.20665126245949,94.46748119436654,93.46250985812725,93.50853729248047,-0.0022100382154985887,-0.0022124839540704736
2017-01-13,93.07889923106399,93.40110286293178,92.53421999064166,93.06355285644531,-0.004758757316920881,-0.004770116253129125
2017-01-17,94.21432999488984,94.31406391862353,93.5852629532834,94.03788757324219,0.01046956286205658,0.01041513653907537
2017-01-18,93.41647636494098,93.5622377106437,92.75672834659231,92.83344268798828,-0.012808081044098474,-0.012890811687145827
2017-01-19,92.4344943129606,92.50354129901474,91.7133726709522,92.1966781616211,-0.006859214825279514,-0.006882847368414284
2017-01-20,91.93586068232008,92.29642450130797,91.51392890602281,92.01258087158203,-0.0019967887532383877,-0.0019987849937239412
2017-01-23,92.31942493687752,93.49317694035547,92.07393558416723,92.93315124511719,0.01000483156558718,0.009955114570030229
2017-01-24,92.64930783802679,92.92548410943066,91.90517239594617,92.29641723632812,-0.006851527148903358,-0.006875106626379728
2017-01-25,91.50623154658997,91.7517208697715,90.95387910619975,91.13800048828125,-0.012551047838408658,-0.012630477556620074
2017-01-26,91.22239259377363,91.49089564002887,90.77744134402073,91.44486236572266,0.00336700252142208,0.0033613468599610658
2017-01-27,91.59831499973893,91.92819190845019,91.48324057057388,91.7747573852539,0.0036075839691449563,0.0036010922463696735
2017-01-30,91.62897117925522,91.96651531124418,91.44484981315946,91.49855041503906,-0.0030096180919920723,-0.0030141560999229914
2017-01-31,91.5446157432512,92.36547143255856,91.48324193305864,92.13532257080078,0.006959368786426667,0.006935264150223482
2017-02-01,91.56563568115234,91.89622553665991,91.16585546465816,91.56563568115234,-0.006183154014690384,-0.0062023488755666885
2017-02-02,92.20373681332967,92.36518682805898,91.48874053919856,91.52718353271484,-0.0004199408233389601,-0.0004200290231798536
2017-02-03,91.8270262387315,92.15761606206486,91.08127669314854,91.4887466430664,-0.0004199505345283683,-0.0004200387384491471
2017-02-06,92.07308874822705,92.35754593471293,91.58104867181756,92.0423355102539,0.006050895738546558,0.006032662583239968
2017-02-07,92.0884075843386,93.03405002562891,91.85007746397743,92.71883392333984,0.007349861445123507,0.007322982835843277
2017-02-08,93.34928692090381,94.00277689487545,93.34160301297817,93.9797134399414,0.013598957873478756,0.013507321880497677
2017-02-09,93.34161160238342,93.47999234472162,92.7650017136578,92.89569854736328,-0.011534562650809432,-0.011601601728127728
2017-02-10,92.34210553073265,92.98790546483274,92.34210553073265,92.84183502197266,-0.0005798279816278118,-0.0005799961468797054
2017-02-13,92.44976192840778,92.57277482212658,92.16529901086628,92.5497055053711,-0.003146528895431988,-0.003151489626265323
2017-02-14,92.44205897464846,92.48819173600366,91.35803586481838,91.88082885742188,-0.007227215303352907,-0.00725345814208393
2017-02-15,91.30422468542926,91.6578779273314,91.2196547943682,91.4579849243164,-0.00460209097331532,-0.004612713196131618
2017-02-16,91.65787370818128,92.41899682711814,91.58099359227661,91.95771026611328,0.005463988105690376,0.005449114676908382
2017-02-17,92.72654230349549,92.7957326624238,92.35750945914359,92.50358581542969,0.005936158563939031,0.005918608991805026
2017-02-21,92.01153513209981,92.72653141831594,91.95002868766507,92.34212493896484,-0.0017454553252346239,-0.0017469804072809086
2017-02-22,92.87262566073825,92.88799934202187,91.94235663967028,92.49590301513672,0.0016653079650648106,0.001663922877274166
2017-02-23,92.69578680126064,92.82648360863432,92.51127331640498,92.77266693115234,0.00299217486389991,0.00298770721845745
2017-02-24,93.2954523306312,93.90281527815901,93.22626197910931,93.80287170410156,0.01110461526037354,0.011043411698185561
2017-02-27,93.64909346453072,93.71828967266964,93.20318645945069,93.24931335449219,-0.005901294273330526,-0.005918775719749375
2017-02-28,93.41077004933037,93.85668295195457,93.27238348870827,93.59528350830078,0.0037101630174301015,0.0037032973392389346
2017-03-01,92.00390780870438,92.08864061016803,91.62645955604764,92.02701568603516,-0.016755842425826284,-0.01689780964141983
2017-03-02,91.672670018551,91.82672643323737,91.37225589609976,91.6957778930664,-0.0035993538473400033,-0.003605847107107997
2017-03-03,91.84207783741624,91.93450927734375,91.31827812929697,91.93450927734375,0.0026035155572348145,0.0026001322816079715
2017-03-06,91.75736335485547,91.75736335485547,91.29518255577894,91.4954605102539,-0.0047756687944604526,-0.004787108737462265
2017-03-07,91.26442994634759,91.41848638587473,91.08725975170258,91.21820831298828,-0.0030302289940882243,-0.0030348294339078916
2017-03-08,90.36315783596329,90.8561453652899,90.30153880245365,90.7251968383789,-0.005404748500625556,-0.005419406994642791
2017-03-09,90.38627606913117,90.49412261310407,89.94720881684198,90.00112915039062,-0.007980888586862633,-0.00801290634540548
2017-03-10,90.2322151489677,90.37086826786926,89.87788070663602,90.31694793701172,0.0035090536041315623,0.003502911240594472
2017-03-13,89.99341911589667,90.19369125708307,89.7315161881435,89.7469253540039,-0.0063113579015685595,-0.006331358720142863
2017-03-14,89.94718561961498,90.39395734058249,89.90096988188527,90.17827606201172,0.004806300676110764,0.004794787289476724
2017-03-15,90.55573004938834,91.53400638867818,90.45559397902298,91.2798080444336,0.012215048130487682,0.012141046443395148
2017-03-16,90.8869276584619,91.01017743832895,90.609621530634,90.8176040649414,-0.005063594998657273,-0.005076458437682391
2017-03-17,90.97940238645022,91.4723899547934,90.91777747118849,91.38765716552734,0.006276900898842364,0.006257283205808227
2017-03-20,91.3182665127198,91.84206615420663,91.2797494997352,91.78044128417969,0.004297999651538431,0.004288789631381405
2017-03-21,91.70344321151053,92.66631008321109,91.68032947001639,92.54306030273438,0.008309167050018829,0.00827483596552766
2017-03-22,92.98985473132522,93.33648453933921,92.76646885711921,92.91282653808594,0.003995612789786218,0.003987651528701522
2017-03-23,93.07459863668208,93.22095045827493,92.48146913637768,92.7818832397461,-0.0014093134739170399,-0.0014103074901810294
2017-03-24,92.84348892395968,93.28255605155483,92.74335286920076,93.11309051513672,0.0035697408138912756,0.003563384411799297
2017-03-27,93.84491533174238,93.95275601688226,93.35192766342394,93.53679656982422,0.0045504456177256625,0.0045401236412820735
2017-03-28,93.81406874042186,93.83717661070621,92.81268459768788,92.91282653808594,-0.006670850987210097,-0.006693200562900446
2017-03-29,93.15930974723874,93.49823493453759,93.11308813502279,93.46742248535156,0.005968992311715882,0.005951248450743212
2017-03-30,93.25943975811464,93.27484304327295,92.68171959626702,92.71253204345703,-0.00807650860397735,-0.008109300280445098
2017-03-31,92.65089790047607,93.05915250046252,92.59697759249433,92.98212432861328,0.002907830033483272,0.002903610473594376
2017-04-03,92.9783027517101,94.07444000677339,92.9397100606809,93.92005157470703,0.010087178077142767,0.010036642056113165
2017-04-04,93.68840791276737,93.8582262274604,93.3641953917975,93.41051483154297,-0.005425217880750011,-0.005439987819589103
2017-04-05,93.06321962953228,93.80426647302619,92.90883707896485,93.69619750976562,0.003058356746431068,0.0030536894871115126
2017-04-06,93.58808287310305,93.71931445528945,93.03229653939151,93.55720520019531,-0.0014834359692753596,-0.0014845373497658753
2017-04-07,94.05123487001164,94.36772659589509,93.16352681593895,93.17896270751953,-0.004042900724390064,-0.0040510953416637175
2017-04-10,93.5109266616864,93.88145298605268,93.40285771068709,93.61127471923828,0.004639588155491037,0.004628858441201878
2017-04-11,94.0203807417918,94.67651520948017,93.9586253852455,94.49897003173828,0.009482782017042224,0.00943810267388145
2017-04-12,94.56842466011527,95.09333329212528,94.39860041309532,95.0161361694336,0.005472717189633158,0.005457796286747072
2017-04-13,95.29405223457792,95.5179109877209,94.87721829624549,95.30949401855469,0.0030874529416557994,0.003082696546405269
2017-04-17,95.30175021117746,95.37122644373726,94.83859692159535,95.0161361694336,-0.0030779499161330826,-0.0030826965464053864
2017-04-18,95.61054333041719,96.47510065808217,95.37124868434745,96.25895690917969,0.013080101863223392,0.012995296042861109
2017-04-19,95.79579465776223,95.84982911766502,95.48702379146864,95.73403930664062,-0.005453181910482607,-0.005468104783108582
2017-04-20,95.34805309451255,95.65682388275664,95.05472408480277,95.36349487304688,-0.003870560944439827,-0.0038780709503392703
2017-04-21,95.57963265802385,95.90383933548934,95.32489631602401,95.36349487304688,0.0,0.0
2017-04-24,94.59931769933624,95.07019195554548,94.52984145548977,94.89264678955078,-0.004937403816029473,-0.004949633064682926
2017-04-25,94.33683941534268,94.52982043187582,93.69614102701748,93.75017547607422,-0.012039619002411128,-0.01211268224317351
2017-04-26,93.80425092475416,94.2828461750918,93.73478055530873,94.26741027832031,0.00551716089724108,0.005501997113513479
2017-04-27,93.98178243039457,94.44493582713723,93.85055671435858,94.23651885986328,-0.0003276998738569459,-0.00032775357919375065
2017-04-28,93.86599542404763,94.51441491038628,93.8274027419287,94.44493865966797,0.0022116670089928903,0.0022092248736441467
2017-05-01,94.13166305745762,94.4797521383927,93.37359465463653,93.65980529785156,-0.008313133270652306,-0.008347880066871476
2017-05-02,93.57474862005178,94.20131154609476,93.55154346006759,94.1394271850586,0.005120893489814149,0.005107826306198856
2017-05-03,94.54169025060182,94.67319012027188,94.0234218925242,94.20133209228516,0.0006575874644412227,0.0006573713485427415
2017-05-04,93.6056523126895,93.76809426740495,93.34264683723467,93.73715209960938,-0.004927531090760384,-0.004939711401131204
2017-05-05,93.89187345911029,93.9614948242312,93.5128421651465,93.82225799560547,0.0009079206492816905,0.0009075087386315964
2017-05-08,93.68298368309675,93.70618882831366,93.23433120352423,93.31168365478516,-0.005441931922425369,-0.005456793174419071
2017-05-09,93.11832495075511,93.31170908241182,92.93267783681698,93.3039779663086,-8.258010331341215e-05,-8.258351323787301e-05
2017-05-10,93.52829963698481,93.64432538894256,92.94814727073589,93.1956787109375,-0.0011607142346085064,-0.0011613883850902478
2017-05-11,92.82437859982757,93.26529416211214,92.75476314865291,93.1956787109375,0.0,0.0
2017-05-12,93.60561738902851,93.97691146081777,93.58241224724328,93.8995590209961,0.007552714029175123,0.007524335087020201
2017-05-15,93.64436340332031,93.76039510399549,93.40456888311107,93.64436340332031,-0.002717750970680499,-0.002721450760775618
2017-05-16,93.68300061924195,94.2863581104121,93.68300061924195,93.99241638183594,0.0037167531057538117,0.003709863046085648
2017-05-17,94.85881034046733,95.56273162177321,94.67316317132986,95.36161041259766,0.014567069168639035,0.014461988663965412
2017-05-18,95.72510937814684,95.87208315176889,95.29193097371952,95.46984100341797,0.0011349492773038428,0.001134305709271505
2017-05-19,95.42343158559082,95.74831539186621,95.15269508036131,95.69416809082031,0.002349716780132738,0.00234696051244723
2017-05-22,95.46216318326422,95.57818896235656,95.34613150255544,95.43122100830078,-0.0027477858658009335,-0.002751567959227097
2017-05-23,95.53950070743224,95.62459019985172,94.74275900715482,94.78916931152344,-0.006727899842353446,-0.006750634187471913
2017-05-24,94.99028555957813,95.34611164512624,94.78916441501087,95.32290649414062,0.005630782361464304,0.0056149887655945335
2017-05-25,95.16049001573569,95.36161122662806,94.95937470646047,95.35387420654297,0.0003248716760881898,0.00032481891671160305
2017-05-26,95.57040554089417,95.71737341451713,95.33834230648058,95.5162582397461,0.001702962093091065,0.0017015136972880973
2017-05-30,95.94175649533884,96.02684600494584,95.7174301428855,95.98816680908203,0.00494060988184275,0.004928445119949164
2017-05-31,95.95722964490666,96.4213504828869,95.9417556060579,96.22796630859375,0.0024982193897782334,0.002495104027212534
2017-06-01,95.88920459459679,96.2690448382966,95.85820277979478,96.238037109375,0.0001046556543546906,0.00010465017833375743
2017-06-02,97.06747683565419,97.4938198112134,96.93569842034242,97.37754821777344,0.011840548109926408,0.011770997295011628
2017-06-05,96.81942562553716,97.02097292084309,96.7264024321375,96.77291107177734,-0.0062092048635676855,-0.006228562146576344
2017-06-06,97.43178735019372,97.5713191436236,97.20698579888342,97.30000305175781,0.005446689307398334,0.00543190973738842
2017-06-07,97.0829710669453,97.30001924526631,96.734144482375,96.83491516113281,-0.004779937061025641,-0.004791397494865136
2017-06-08,96.80387255264364,96.80387255264364,96.35427545131726,96.57907104492188,-0.0026420647530409624,-0.0026455611659780254
2017-06-09,96.18378305140092,96.61787946412046,96.10626667971816,96.43183898925781,-0.0015244716486823018,-0.0015256348379024157
2017-06-12,96.2845403726564,96.88917626758752,96.23027832860154,96.40081787109375,-0.000321689583950735,-0.0003217413371442193
2017-06-13,96.12947924115562,96.52481433924015,96.11397242508319,96.41629028320312,0.00016050083859320274,0.0001604879597116373
2017-06-14,97.61001656133709,98.22240540798109,97.46273736012435,97.90458679199219,0.01543615196578818,0.015318226566642563
2017-06-15,97.74187274896886,97.92791912103023,97.54033138374834,97.74962615966797,-0.001582771935429772,-0.0015840258422031924
2017-06-16,97.73412563342066,98.01318927848115,97.67986358655442,97.94342041015625,0.0019825574593168582,0.0019805947859241725
2017-06-19,97.92011808466133,98.04414893904368,97.69531659668078,97.80384063720703,-0.0014251061721625158,-0.0014261226017583143
2017-06-20,98.28450653949861,98.75736408776174,98.28450653949861,98.67984771728516,0.008956775872714262,0.008916901873808575
2017-06-21,98.53253638319974,98.94337836064733,98.37750368329748,98.88136291503906,0.0020421109518860003,0.002040028677657538
2017-06-22,98.99765613929881,99.12168705023834,98.68758477606936,99.09842681884766,0.002195195306875952,0.0021927893859924256
2017-06-23,98.81156986755136,99.14489539348729,98.75730784770674,99.05187225341797,-0.0004697810744744846,-0.0004698914561749614
2017-06-26,99.43173240604946,99.66428734617419,99.34646265561157,99.4239730834961,0.0037566259134014235,0.0037495874161017897
2017-06-27,98.78057192407326,98.82708054164954,98.1526819303247,98.36197662353516,-0.010681492873646059,-0.010738949533535349
2017-06-28,98.19143250198435,98.22244021694289,97.65656568277113,98.0363998413086,-0.0033099861694794175,-0.0033154762918675075
2017-06-29,96.90468084664502,97.45505468479003,96.81941107737137,97.21475219726562,-0.00838104668646511,-0.008416365133726046
2017-06-30,97.0441988636995,97.19923155991206,96.78063618319624,96.98993682861328,-0.002312564333817879,-0.002315242440376046
2017-07-03,97.09717198093497,97.12824378712979,96.33592754501437,96.6777114868164,-0.003219151924478414,-0.003224344540910267
2017-07-05,96.4756770080922,96.82523012686028,96.41353936758082,96.70094299316406,0.00024029847200957022,0.0002402696049561251
2017-07-06,95.94751415795268,96.04072955254134,95.48921846882243,95.90090942382812,-0.008273275777594957,-0.008307689263254377
2017-07-07,95.4193050489205,95.56689460816075,95.22511075574735,95.32609558105469,-0.00599383098895423,-0.006011866096284704
2017-07-10,95.4425866166094,95.6212419975519,95.29499709869684,95.46588897705078,0.0014664756291966619,0.0014654014038997173
2017-07-11,95.43479597770336,95.7998820137138,95.31827827505415,95.62899017333984,0.0017084761692029993,0.001707018383950694
2017-07-12,96.23487909489012,96.3513968023574,95.92416718375627,96.28925323486328,0.006904423651516334,0.006880697267269147
2017-07-13,96.00963266263592,96.0484738818151,95.39597814290057,95.68338775634766,-0.006292140173086991,-0.0063120191183436754
2017-07-14,96.39802719808388,96.44463784929131,95.63678903564332,95.79991149902344,0.0012178053621230145,0.0012170644386457227
2017-07-17,95.79989406667642,96.31256372596273,95.75328342395053,96.06399536132812,0.002756619063342125,0.0027528265570766048
2017-07-18,96.65438563871628,96.9184870377168,96.49903257181475,96.9029541015625,0.008733331744934958,0.008695416792577182
2017-07-19,96.92625648662434,97.1049178472993,96.77866692460326,96.9417953491211,0.00040082624847426196,0.00040074593909288433
2017-07-20,97.47776751450706,97.6641983063081,97.07384598495076,97.221435546875,0.0028846195466756264,0.0028804670154429207
2017-07-21,97.66416657613622,97.89719610066896,97.53987942198195,97.63309478759766,0.004234243594605003,0.004225304410101809
2017-07-24,97.4466585170074,97.6097868791463,97.22139843399866,97.2524642944336,-0.0038985806400189116,-0.0039061999148742505
2017-07-25,96.42912141079596,96.46796264144338,95.90868210762302,95.98635864257812,-0.013018751360606262,-0.013104238068139634
2017-07-26,95.75330458924738,96.39026153481252,95.60572097928255,96.14169311523438,0.0016182973794709454,0.0016169893472666567
2017-07-27,95.62900546381512,95.8387326210485,95.4037394496978,95.6678466796875,-0.004928625866604253,-0.004940811598835702
2017-07-28,95.75332033152262,96.3126008491063,95.7455568266903,96.23492431640625,0.005927567687578739,0.0059100687748427656
2017-07-31,95.90093862574231,96.35924038076537,95.85433387742657,96.35147094726562,0.00121106377634983,0.001210331030156551
2017-08-01,95.89133469237734,97.0823853877906,95.87576800307507,97.02789306640625,0.007020361105964268,0.006995833100993911
2017-08-02,97.12912637306528,97.44051372420593,97.05906733714899,97.0824203491211,0.0005619753350465384,0.0005618174860433337
2017-08-03,97.5339372750175,98.10221372948754,97.51058426171326,98.0866470336914,0.010344063126557668,0.010290929403844023
2017-08-04,97.42490248297175,97.44825548426597,96.872193008546,97.2536392211914,-0.008492570983835046,-0.008528838346206321
2017-08-07,97.1836136212736,97.38601627979128,97.00456991272362,97.36266326904297,0.0011210279504667575,0.0011204000678393996
2017-08-08,97.20696832310276,97.29259998491722,96.64647233276051,97.0123519897461,-0.0035980042814652835,-0.003604492667038154
2017-08-09,98.03216393136962,98.04773062863327,97.46388148410576,97.54173278808594,0.005456839129060587,0.005442004524650772
2017-08-10,97.79079256619579,98.4291337404327,97.71294130118683,98.37464141845703,0.008538997684002902,0.00850274666202695
2017-08-11,97.90758908324905,98.44473210068402,97.73633168709982,98.42137908935547,0.00047509876757390046,0.00047498594388794034
2017-08-14,98.07882884690608,98.30458446752452,97.87643217122178,97.91535186767578,-0.0051414360006099,-0.005154698661630115
2017-08-15,97.09795497086954,97.72850980414236,97.0823823428381,97.50275421142578,-0.004213819879926417,-0.004222723038590364
2017-08-16,97.17581547198296,98.10218505115812,97.16024284151912,97.8608627319336,0.0036728041520888155,0.003666075876312728
2017-08-17,97.85311319129445,98.61601201183585,97.7052087816134,98.59265899658203,0.007477925742929825,0.00745010466609906
2017-08-18,98.8495228754683,98.98186054632748,98.2890269292192,98.56927490234375,-0.0002371788576986944,-0.00023720698905216014
2017-08-21,98.6860201232175,98.88063640218034,98.47583715519335,98.81057739257812,0.0024480497647307864,0.002445058172288876
2017-08-22,98.70159980577124,98.71716649594514,98.29679459063503,98.42913818359375,-0.003860307459482848,-0.0038677776774129814
2017-08-23,98.89625301755665,99.10643607906607,98.6782836384446,99.0986557006836,0.006802025593692029,0.006778996189685624
2017-08-24,98.77167727067317,99.10641759451069,98.6471259083624,98.73275756835938,-0.0036922613100763835,-0.0036990945320803563
2017-08-25,98.88063960055818,99.21537984877041,98.76387458077761,99.11418151855469,0.0038631955552463904,0.00385575257825595
2017-08-28,98.80280177392069,99.16868136825238,98.65489742456607,99.05191040039062,-0.0006282765716266736,-0.0006284740200577147
2017-08-29,100.00168537396908,100.0483914043608,99.10644290384376,99.37112426757812,0.0032226926860587923,0.003217510941779332
2017-08-30,99.22321006843332,99.44117945409656,99.12979207205466,99.33998107910156,-0.0003134027989126764,-0.000313451919833217
2017-08-31,99.36331864475494,99.66691966175746,99.3088263068114,99.63578033447266,0.002977645577922461,0.0029732211720277955
2017-09-01,99.31049357098941,99.3338946678053,98.62403560811157,98.8736572265625,-0.007649090571195893,-0.007678494904722587
2017-09-05,99.6069300355168,100.47280638464918,99.6069300355168,100.44159698486328,0.015858013168340124,0.015733588571671748
2017-09-06,100.41038381583792,100.62880196865443,99.64591432953182,99.82533264160156,-0.006135549033082333,-0.006154448860921335
2017-09-07,100.10615892518383,101.0734478303161,100.10615892518383,100.84722137451172,0.010236767620690035,0.010184726767121193
2017-09-08,100.71463032569032,100.7536361257766,100.29339863229616,100.62882232666016,-0.0021656426907440407,-0.002167991086011988
2017-09-11,99.7473440090131,99.88775655281884,99.27150183008524,99.4275131225586,-0.01193802308648595,-0.012009853532144047
2017-09-12,99.10765794148934,99.13885542930358,98.70201918253412,98.90483856201172,-0.005256840326506085,-0.005270706126493553
2017-09-13,98.99843005602625,99.00622645077364,98.5069834204078,98.51478576660156,-0.003943718033224464,-0.003951514995285018
2017-09-14,98.57724514484897,98.93607589210632,98.5460416948984,98.92047119140625,0.004118015601899838,0.004109559781834833
2017-09-15,99.06865119931123,99.07645354691331,98.7098205784323,98.95944213867188,0.00039396241037126245,0.00039388482755667596
2017-09-18,98.67863441637914,98.73323895625911,98.16378651055493,98.39000701904297,-0.005754227260405864,-0.005770846611100864
2017-09-19,98.50703937811075,98.53044047853884,98.07800531687981,98.14820861816406,-0.0024575503976954627,-0.0024605751313138305
2017-09-20,98.26518597367827,98.32759285413111,97.76594283295098,98.2183837890625,0.0007149918667537225,0.0007147363818414635
2017-09-21,98.41337715659539,98.72539958091681,98.14815095418665,98.16374969482422,-0.0005562512040069301,-0.0005564059691027514
2017-09-22,98.67864109840069,98.8580594281262,98.3354091379426,98.44461822509766,0.0028612245472143805,0.0028571390354486504
2017-09-25,98.53823058949074,99.27929311776303,98.44462024795622,99.06087493896484,0.006259932995606565,0.006240421001896793
2017-09-26,98.88925086534343,98.98286119921993,98.62403051319946,98.88145446777344,-0.001811214279118345,-0.0018128565109562082
2017-09-27,97.40710707538757,97.74253660087345,97.20428770030492,97.3915023803711,-0.015068064031035666,-0.015182740736722915
2017-09-28,96.8922302082496,97.2354619783097,96.70501558432845,97.10285186767578,-0.0029638162020333425,-0.002968217002867312
2017-09-29,97.3213119506836,97.5319277496222,96.93907424115153,97.3213119506836,0.0022497802979619674,0.002247253331637067
2017-10-02,97.557376578778,97.70589144208817,97.11183795234186,97.14310455322266,-0.0018311240764123937,-0.0018328026335145363
2017-10-03,96.86169189813799,97.32286671529657,96.86169189813799,97.23688507080078,0.0009653852222393233,0.000964919537611604
2017-10-04,97.33849902266037,97.38539593389291,96.83042728483257,97.24470520019531,8.04234873303944e-05,8.04202535351181e-05
2017-10-05,97.13528123151559,97.15873565354602,96.68193045165901,96.8773422241211,-0.0037777170008170824,-0.00378487059554027
2017-10-06,96.36925399794417,97.00238612449284,96.16602411944358,96.60374450683594,-0.002824166218889479,-0.0028281617006816694
2017-10-09,96.7522287864857,96.97108891107474,96.6427987241912,96.90856170654297,0.003155335243609114,0.00315036762029421
2017-10-10,97.03363667056416,97.6042414784686,96.93983690442464,97.06490325927734,0.0016132893727986986,0.0016119894194446555
2017-10-11,97.36974302638257,97.44009434040183,97.12743442324356,97.25249481201172,0.0019326403925143953,0.001930775245789642
2017-10-12,97.35417020252912,97.69027876833803,97.11185549280938,97.66682434082031,0.0042603485865271296,0.004251298995325211
2017-10-13,98.15924294392353,98.4406363732611,97.83876477470805,98.37028503417969,0.007202657587233041,0.0071768423339087254
2017-10-16,98.12013771141906,98.4093492210285,98.00288947976698,98.29991912841797,-0.0007153166806141975,-0.0007155726416603961
2017-10-17,98.01072343868549,98.55787399005357,98.01072343868549,98.42499542236328,0.0012723946779846784,0.001271585869885779
2017-10-18,97.7449768501935,97.84658883112778,97.45576526269596,97.77623748779297,-0.006591394104580317,-0.006613213274718252
2017-10-19,98.28428959227271,98.49533761642213,97.91691455752557,97.94818115234375,0.001758542453346612,0.0017569980279265225
2017-10-20,96.92419201680313,97.14305214139218,96.6427987241912,96.90856170654297,-0.010613973976543845,-0.0106707039759018
2017-10-23,97.04930577045596,97.30724477846815,96.93986969120061,97.08056640625,0.0017749174755878894,0.0017733441709474858
2017-10-24,96.4318170656468,96.68194393073034,96.25985372774656,96.47871398925781,-0.006199514890278146,-0.006218811677869905
2017-10-25,95.7752084219225,96.12695315907546,95.68922677262913,96.01751708984375,-0.004780296920887772,-0.0047917590831616265
2017-10-26,96.1895028515626,96.1895028515626,95.69706726074219,95.69706726074219,-0.0033374100769728576,-0.003342991652113889
2017-10-27,96.09569438948277,96.40053627508142,95.94717953524457,96.33018493652344,0.006615852438363934,0.0065940637343915864
2017-10-30,96.81477450608529,97.28376140007674,96.58027807734359,97.25249481201172,0.009574463872316086,0.00952891917304068
2017-10-31,97.33851327672153,97.4401312172638,97.23690129967342,97.28379821777344,0.0003218776631102038,0.0003218258716085861
2017-11-01,97.40365020241933,98.02245980257892,97.3644886689143,97.71697235107422,0.004452685249100918,0.004442801375129381
2017-11-02,97.91279590085368,98.3201105023072,97.85013027720767,98.14778900146484,0.004408821108812022,0.004399130728689056
2017-11-03,98.28097116632098,98.46112740483797,98.02247989249315,98.41413116455078,0.002713684799175331,0.002710009404321301
2017-11-06,98.64130051449209,98.86845899451025,98.47680767919441,98.78229522705078,0.0037409674621260436,0.0037339874459425544
2017-11-07,98.87622169938882,99.30703424687383,98.79788671246386,99.19737243652344,0.004201939310264136,0.004193135815830688
2017-11-08,99.15825222143708,99.32275099151568,98.86059944801177,98.97809600830078,-0.0022105064160139465,-0.0022129531917288374
2017-11-09,98.59425592819636,98.88407393471228,98.34359944833624,98.69608306884766,-0.0028492459526547886,-0.0028533127806699677
2017-11-10,97.68560897201222,97.78743609861031,97.09813236815639,97.20779418945312,-0.015079513118634535,-0.015194365046713034
2017-11-13,97.75613106537723,97.76395978570012,97.37230862914993,97.4114761352539,0.0020953252514279708,0.0020931331190927388
2017-11-14,97.73260732428304,98.10076029359278,97.73260732428304,98.06942749023438,0.006754351551627513,0.006731643115677323
2017-11-15,98.74308396559277,99.22089883671404,98.41409844072565,99.13473510742188,0.010862790213530982,0.010804213927399643
2017-11-16,98.703905118722,98.95456156646813,98.26525185307544,98.27308654785156,-0.008691691753013098,-0.008729684815301085
2017-11-17,98.75093800263889,99.04076205575997,98.66477425647109,99.00159454345703,0.007413097738115049,0.007385755771710573
2017-11-20,98.62556530662522,98.99371225512103,98.62556530662522,98.9623794555664,-0.0003961056190202594,-0.00039618408957340463
2017-11-21,99.54989621384482,99.70656027490195,98.93892131602921,99.27574157714844,0.0031664772341364333,0.003161474503006783
2017-11-22,99.18171363788731,99.63602431213224,99.09554992915864,99.59686279296875,0.0032346393058244605,0.0032294191140343075
2017-11-24,99.42457343700666,99.50290248144009,99.23658253514178,99.32274627685547,-0.002752260547433938,-0.002756054980272111
2017-11-27,99.36977654976172,99.51860596845643,99.02512146483718,99.1817855834961,-0.0014192186447046229,-0.0014202266893554216
2017-11-28,99.29921098145716,99.62036773167465,99.06422392199863,99.31488037109375,0.0013419277220574344,0.0013410281417430639
2017-11-29,98.35142543892908,98.44542385731407,97.9911071326359,98.33576202392578,-0.009858727549280188,-0.009907646588927241
2017-11-30,98.15559825883903,98.3200910062001,97.47412915921768,98.00677490234375,-0.003345549114695312,-0.003351157977445858
2017-12-01,98.79560454094327,100.2241257627669,98.19122672306042,99.32933807373047,0.013494609660450019,0.013404368356504355
2017-12-04,98.83482731209105,99.42350362690972,98.74848764018498,99.37641143798828,0.0004739119898580224,0.00047379972903738906
2017-12-05,99.2665464325083,100.0749944491417,99.25084504070055,99.87091827392578,0.004976098741964252,0.004963758881930365
2017-12-06,100.36546484350028,100.64802417796557,100.20063606992483,100.2163314819336,0.003458596496133337,0.0034526293060487554
2017-12-07,100.41247786371979,100.54591570802356,99.13309020846835,99.43135070800781,-0.007832862791103956,-0.00786370079966995
2017-12-08,99.36076737887721,99.47850390743788,99.08605280445472,99.43926239013672,7.956929150187975e-05,7.956612603371961e-05
2017-12-11,99.5726918956746,99.75321604517315,99.21948830694896,99.23518371582031,-0.002052294731589299,-0.0020544035742270437
2017-12-12,99.03110936656857,99.2194902066022,98.63865826565802,99.19593811035156,-0.00039548075590944975,-0.0003955589790481076
2017-12-13,99.53342169913475,99.98866630088598,99.36074229927553,99.94157409667969,0.007516799584057932,0.007488689224802182
2017-12-14,99.72183600424877,100.45179535638559,99.51775973689625,100.3654556274414,0.004241293321552764,0.0042323243880086495
2017-12-15,100.31831847216344,100.93054104820668,100.12209298044051,100.74217224121094,0.0037534489472943466,0.0037464223349927446
2017-12-18,100.44391825988707,100.46746436371491,99.61192398688986,99.82384490966797,-0.009115619716281054,-0.009157421202569897
2017-12-19,99.14883621488488,99.19592842613153,98.16770855839326,98.52876281738281,-0.012973674711258543,-0.013058567879280272
2017-12-20,97.57118369742804,97.88514575299308,97.2886184462523,97.43775177001953,-0.011073020873969663,-0.011134783122598664
2017-12-21,97.55728276900614,98.21013066167669,97.53368686943834,98.00562286376953,0.0058280397837005005,0.005811122457914594
2017-12-22,98.08431465931915,98.1944328992746,97.95060051094383,98.13937377929688,0.0013647269576895216,0.001363796564247475
2017-12-26,98.3045273384219,98.73713286395791,98.29666003766899,98.43037414550781,0.002965174475897614,0.0029607870169757852
2017-12-27,98.87873983092923,99.87767725003184,98.87087252814275,99.71249389648438,0.01302565150348034,0.012941547259348023
2017-12-28,99.52368152247256,99.75965250537752,99.39783473231691,99.62593841552734,-0.0008680505077617306,-0.0008684274817745203
2017-12-29,99.50007090537687,99.9877413974436,99.4843423093059,99.78323364257812,0.0015788581724041073,0.0015776130862105466
2018-01-02,99.49224298381189,99.50797758710078,98.37532619001581,98.70568084716797,-0.010798936415209126,-0.010857668138536352
2018-01-03,99.10680172431945,99.26411170761237,98.70565346563396,99.1775894165039,0.004780966660537178,0.004769574136520691
2018-01-04,98.83154107006384,99.23268947006844,98.61130461547098,99.16189575195312,-0.0001582380116628146,-0.0001582505326178602
2018-01-05,99.0045454074807,99.2483776685143,98.60339717078764,98.87869262695312,-0.0028559672327000962,-0.002860053288733039
2018-01-08,99.09895108737423,99.13041428952128,98.45397044584018,98.81578826904297,-0.0006361770796007304,-0.0006363795261048057
2018-01-09,98.1707596139187,98.18649420779282,97.38419794791248,97.49431610107422,-0.013373087348863888,-0.01346331237581082
2018-01-10,96.59766505957786,97.4786165483076,96.47968557532077,97.3763656616211,-0.0012098186250246723,-0.0012105510463683174
2018-01-11,97.14832629564812,97.99780914955143,96.9910102108549,97.77757263183594,0.00412016784040814,0.004111703191442366
2018-01-12,97.61235623192073,98.15508600580938,97.46291351233704,97.94271087646484,0.001688917409012669,0.0016874927918203997
2018-01-16,98.45398126414898,98.54050357931256,97.9741778804211,98.35173034667969,0.0041761093455003895,0.004167413602044834
2018-01-17,98.38317198240522,98.82364476230869,98.00561959892256,98.2179946899414,-0.001359769230972141,-0.001360694556067071
2018-01-18,97.47864766080666,97.7460759117999,97.17188890184714,97.30560302734375,-0.009289455211114128,-0.009332871283794376
2018-01-19,97.06173040566478,97.18757717715032,96.7313758794009,96.79429626464844,-0.005254648723071242,-0.005268502943692767
2018-01-22,97.10107148116595,97.30557927087415,96.73925369998464,96.88870239257812,0.0009753273857331379,0.0009748520630168588
2018-01-23,97.38425804228335,97.69101680124288,96.93591785603536,97.30560302734375,0.004302881806347303,0.004293650880675827
2018-01-24,96.6291462614746,96.84938267444788,96.38531394725308,96.77859497070312,-0.005416009358603202,-0.005430729109552504
2018-01-25,96.87295849369858,97.65165303018875,96.58979575297658,97.572998046875,0.008208458455223111,0.008174952291211436
2018-01-26,97.43927766280491,97.46287955861513,96.82576039353116,97.21117401123047,-0.0037082393990877094,-0.0037151319636037055
2018-01-29,96.72354037064588,96.72354037064588,96.1965452149255,96.5347671508789,-0.006958118418294412,-0.006982439006939821
2018-01-30,96.18079101487656,96.25158470848453,95.72458365915355,95.96842193603516,-0.005866748649826614,-0.005884025625944245
2018-01-31,96.64488536249235,96.69207716718597,95.9133823847788,96.5347671508789,0.005901370507282344,0.005884025625944251
2018-02-01,96.53868137129993,96.5780877398276,95.08050742561687,95.13568115234375,-0.014493078916826496,-0.014599129498575222
2018-02-02,94.70216498585062,94.78886740630638,93.98490060089554,94.25289154052734,-0.009279269366903153,-0.00932258998427376
2018-02-05,93.92975694367752,96.01848735444163,93.51201206422199,95.14358520507812,0.00945004073607425,0.009405668428817071
2018-02-06,94.91501563354365,95.26970914102596,94.36327819544282,94.55244445800781,-0.006213143490400697,-0.0062325253898033485
2018-02-07,94.68640139428821,94.84404489842362,93.4489284508781,93.65386199951172,-0.009503534928651858,-0.00954898168246092
2018-02-08,93.01546885224728,93.9376612619643,92.88935398588198,93.55144500732422,-0.0010935693414120262,-0.0010941677246530878
2018-02-09,93.0942356857204,93.86666776394465,92.84201210723103,92.96024322509766,-0.006319536616246513,-0.006339589415342299
2018-02-12,93.44892830330629,94.032200247459,93.15729834471473,93.37010955810547,0.00440904970542455,0.004399358321858004
2018-02-13,93.48838143491939,93.80366256664087,93.3149765117982,93.78789520263672,0.004474511666619163,0.004464530801215716
2018-02-14,93.37012254948128,93.43317995980958,92.58980664049693,92.74744415283203,-0.011093660301861985,-0.011155653868072142
2018-02-15,93.15736846112135,93.63817098626049,92.99972483858186,93.06278228759766,0.003399965763433821,0.0033941989474586777
2018-02-16,93.82727648788847,93.96126897005742,93.2755331869512,93.56716918945312,0.00541985624604191,0.0054052216795286365
2018-02-20,93.22826846733199,93.4095570615989,92.83416857965237,93.15733337402344,-0.004380124128794183,-0.004389744976435772
2018-02-21,93.19673440968478,93.2361468015872,91.83315224407016,92.01443481445312,-0.01226847654581964,-0.012344355556119164
2018-02-22,92.40851433932144,92.73956272336854,92.21934812949837,92.290283203125,0.0029978816826743415,0.002993396996186729
2018-02-23,92.91295835740333,93.25188439557229,92.78684955971626,93.1100082397461,0.00888202970205354,0.008842816500399753
2018-02-26,93.54355463585719,93.7248432399221,93.03910723344272,93.14157104492188,0.00033898402301191233,0.00033892658090892044
2018-02-27,93.41742957400758,93.52778306887564,92.42430224157555,93.007568359375,-0.0014386990045749393,-0.0014397349256928232
2018-02-28,93.37803699924169,93.661789425736,93.204632070441,93.5987319946289,0.0063560809693432585,0.006335966275453889
2018-03-01,93.53474367002306,94.47459483135732,93.31360363808888,94.23765563964844,0.00682619979356347,0.00680300677869885
2018-03-02,93.86647523165117,93.92965983400366,93.28993230562685,93.4715805053711,-0.008129182852412042,-0.008162404826839064
2018-03-05,93.78746785480014,93.8269597251949,92.90290177823299,93.21881866455078,-0.0027041571294045275,-0.0027078199670439638
2018-03-06,93.47942623545973,93.73215847366043,93.28987856321217,93.30567169189453,0.0009317113066653615,0.0009312775330994589
2018-03-07,93.64530584470565,93.73218313935007,93.1635339473551,93.2030258178711,-0.0011001032644873954,-0.0011007088222417768
2018-03-08,93.43994282570674,93.97699963365417,93.40045698762395,93.74006652832031,0.005762052312536126,0.005745515183900553
2018-03-09,93.18723251601551,93.40837254333091,92.87131560887329,93.12405395507812,-0.006571497077571209,-0.006593184428949802
2018-03-12,93.43993182814793,93.7163627902544,93.34516100741355,93.66107177734375,0.005766692916146843,0.005750129190657089
2018-03-13,93.43995330360067,94.27713390803899,93.34518246108496,94.13497161865234,0.005059731138195467,0.005046973713264453
2018-03-14,94.3008437951145,95.09063309653823,94.27715108017006,94.96426391601562,0.008809609044371003,0.008771030845621869
2018-03-15,94.90897890594053,95.16171124137155,94.71943116077081,94.96426391601562,0.0,0.0
2018-03-16,94.61674786495752,94.7826028726476,94.41930056642933,94.62464141845703,-0.003576318959929492,-0.00358272927670296
2018-03-19,94.15076933855119,94.75101081472414,94.1428697594189,94.32452392578125,-0.0031716631965723607,-0.00317670358071082
2018-03-20,93.91384067410914,94.1586734083664,93.85065608926413,93.94542694091797,-0.004019071277386654,-0.0040271694497237024
2018-03-21,93.71638569824822,94.31662112832625,93.28199924499542,94.048095703125,0.0010928553475157976,0.0010922586158318708
2018-03-22,95.01953497720693,95.42232914897474,94.51407038054717,94.98004913330078,0.00990932802209632,0.009860552587672008
2018-03-23,94.52195584971838,95.0195207930771,94.47457043385918,94.90895080566406,-0.0007485606533740308,-0.0007488409647953841
2018-03-26,94.7747091592058,95.13011190830733,94.51407726287069,94.54566955566406,-0.003827681656115356,-0.003835025976683209
2018-03-27,94.64041227319044,95.65924075197513,94.62461311968964,95.55656433105469,0.01069213196269625,0.010635375327599028
2018-03-28,95.91988090171355,96.06994275439922,95.52498636358281,95.80931091308594,0.0026449944470126052,0.0026415026051132802
2018-03-29,95.99101252910798,96.58335462927687,95.9673198091997,96.27533721923828,0.004864102473037368,0.004852310947935313
2018-04-02,96.04578131073397,96.84517517574876,95.89540471086494,96.46526336669922,0.0019727393634410006,0.0019707960684662504
2018-04-03,96.05367906490781,96.14865850829219,95.63419709065482,95.72126007080078,-0.007712655000693958,-0.007742551343600528
2018-04-04,96.04580959798625,96.13287262073315,95.45220137298202,95.5234375,-0.002066652388972523,-0.0020687908618489768
2018-04-05,95.05643700067058,95.19098671292609,94.79524800264977,94.81108093261719,-0.007457400885335752,-0.007485346319540561
2018-04-06,95.49967728775859,95.88749956889097,95.15142525821454,95.8479232788086,0.010935877283461126,0.010876512985794477
2018-04-09,95.48381717276058,96.00619506835938,95.25428804031496,96.00619506835938,0.0016512803213313276,0.0016499184569885924
2018-04-10,95.92708862656622,96.06955484490102,95.59466946328342,95.83211517333984,-0.0018132152294503268,-0.001814861094023201
2018-04-11,96.44151609368457,96.4731759130272,95.98245777095585,96.17241668701172,0.0035510174543924578,0.0035447274780575373
2018-04-12,95.8004213647179,95.82416471960332,95.30179279664496,95.46800231933594,-0.007324494818179095,-0.007351450636171989
2018-04-13,95.38887850467383,95.8716803278512,95.37305160947724,95.68964385986328,0.002321631700074267,0.0023189408771273554
2018-04-16,95.15931195071732,95.74500342202383,95.11973567301746,95.72126007080078,0.00033040368489412053,0.00033034911361666124
2018-04-17,95.70539089271735,96.22776857572516,95.62624440578917,95.98240661621094,0.0027281979490971775,0.0027244831719701657
2018-04-18,95.998274824341,96.03784506310564,95.19888112399343,95.21471405029297,-0.007998263358696689,-0.008030421052321527
2018-04-19,94.51823344953812,94.60529645010935,94.03543173309525,94.4390869140625,-0.008146084814378396,-0.008179445459232534
2018-04-20,94.0987277858499,94.28868063106795,93.73464898314363,93.75839233398438,-0.007207763250586474,-0.007233864673668689
2018-04-23,93.65552465064036,93.88505382728701,93.4576552954443,93.78215789794922,0.00025347665817676557,0.00025344453839627377
2018-04-24,93.56054503616048,93.75049792606572,93.20438261277647,93.3547592163086,-0.004557356017609537,-0.004567772424108768
2018-04-25,92.92736917699699,93.11732207191713,92.55537381384538,92.72949981689453,-0.006697670313361326,-0.006720200362753024
2018-04-26,93.18063255144915,93.49721866567981,93.06982016527675,93.37850189208984,0.006998873891014723,0.006974495454781815
2018-04-27,93.76632819589105,94.14623396492372,93.74258484013818,94.09874725341797,0.007713181800244051,0.007683587294622338
2018-04-30,94.24912672280917,94.62903247907056,94.13832037402516,94.26495361328125,0.0017662972644647557,0.0017647391958566137
2018-05-01,94.21101529208688,94.26654061418775,93.78268055119798,93.92546081542969,-0.00360147419415624,-0.003607975115635975
2018-05-02,94.10790245922277,94.29034626899144,93.80648013417722,93.82234191894531,-0.0010978801231223967,-0.001098483234974857
2018-05-03,94.26656304171668,94.63937860100972,94.13965058320855,94.24276733398438,0.0044810799479113594,0.004471069802196759
2018-05-04,94.57590629146677,94.57590629146677,93.98891737755105,94.38552856445312,0.0015148242619278385,0.001513678073026079
2018-05-07,94.36967913243596,94.40933662523334,94.1872352997849,94.23483276367188,-0.0015965985789690995,-0.0015978745007510663
2018-05-08,94.03649423697686,94.39344180627856,93.83818868696368,94.14754486083984,-0.0009262806572909454,-0.0009267099203181453
2018-05-09,93.69542411655388,93.93338718527862,93.5843734741211,93.5843734741211,-0.005981795781835553,-0.005999758390483015
2018-05-10,94.03651408039138,94.3775999404616,93.87786597582013,94.33793640136719,0.008052230295204854,0.008019984075838718
2018-05-11,94.6472614132626,94.67899102370819,94.25065036039913,94.57587432861328,0.00252218711074792,0.002519011734977624
2018-05-14,94.23483526461068,94.38554342413198,94.06825321429613,94.07618713378906,-0.0052834530832673865,-0.005297459879459478
2018-05-15,93.25122997150827,93.26709780963694,92.5690581753447,93.00533294677734,-0.011382840011243456,-0.011448120391467233
2018-05-16,93.1401474579286,93.22740238237398,92.64041966030922,92.64835357666016,-0.003838267750962965,-0.003845652803890783
2018-05-17,92.51348781539393,92.66420194522229,92.0851471715166,92.18033599853516,-0.005051547707620618,-0.005064349906887111
2018-05-18,92.41833383503418,93.03704627391723,92.41833383503418,92.97358703613281,0.008605425755990437,0.008568610138374629
2018-05-21,92.91012093780454,93.10842650238332,92.76734068923558,93.02117156982422,0.0005118070110914363,0.000511676082554659
2018-05-22,93.03706609701368,93.08465750958914,92.6880462666409,92.87841796875,-0.0015346355960166314,-0.0015358143553546259
2018-05-23,93.40190579282825,93.68746624372775,93.33051870600565,93.55261993408203,0.007258973398522661,0.007232753859289065
2018-05-24,94.14759351610914,94.4410820086476,94.10792996488642,94.29830169677734,0.007970720255838115,0.007939121862054026
2018-05-25,94.83764882735349,95.05975008567805,94.76626173080862,94.88524627685547,0.006224338821768871,0.006205047633428912
2018-05-29,95.81331588106922,97.18558697850484,95.52775538818443,96.96348571777344,0.021902661609309648,0.02166624420187766
2018-05-30,95.9799126119511,96.36066203552076,95.77367308869225,96.31306457519531,-0.006707897697399989,-0.006730496761327456
2018-05-31,96.4240963510694,96.75725430089255,95.94023028650815,96.15440368652344,-0.0016473454496716,-0.0016487038151900197
2018-06-01,95.54297706544945,95.97231297186276,95.28855646155996,95.6463394165039,-0.00528383777071606,-0.005297846610256559
2018-06-04,95.49530320894982,95.519154199794,94.90695652661239,94.95465850830078,-0.007231650603909845,-0.007257925740846593
2018-06-05,95.37606589377162,95.53508264870094,95.10574650919526,95.17729949951172,0.002344708460948919,0.002341963921325142
2018-06-06,94.67636933964168,94.6922679753101,94.1516233745884,94.40604400634766,-0.008103355497788844,-0.008136366135183967
2018-06-07,94.3663052025434,95.79741914555447,94.35835285086435,95.32038116455078,0.009685154884168767,0.009638554418489428
2018-06-08,95.05799252577673,95.28856215963069,94.96258858477924,95.03414154052734,-0.0030029215213618343,-0.0030074393368908258
2018-06-11,94.66839324382804,94.92281381177267,94.56503697324156,94.85920715332031,-0.0018407530638073766,-0.0018424493316547836
2018-06-12,94.55711354918392,94.97849717506728,94.52531021022921,94.88308715820312,0.0002517415609875062,0.00025170987939767905
2018-06-13,94.97055546929614,95.12161982979748,94.31860211231236,94.83539581298828,-0.0005026327309031187,-0.0005027590930784904
2018-06-14,95.23292487221377,95.64636224337079,94.99440891119283,95.62250518798828,0.008299742604039428,0.008265489139839892
2018-06-15,96.06775162855966,96.27446426059643,95.64636794635032,95.70996856689453,0.0009146735774627768,0.0009142555184916973
2018-06-18,95.7894742463302,95.85307486308217,95.43964355779228,95.62250518798828,-0.0009138377142514642,-0.0009142555184916995
2018-06-19,96.17903137207031,96.38575000780622,95.96436038645766,96.17903137207031,0.0058200335055846875,0.005803162538660165
2018-06-20,96.02003138429295,96.03593608680939,95.32832847149568,95.3362808227539,-0.008762310633553927,-0.008800925412649855
2018-06-21,95.69406908108294,96.0041440922606,95.5827604137816,95.8371810913086,0.005254036178377275,0.005240281886292825
2018-06-22,95.47937774206758,95.90076739686265,95.4555267564099,95.82920837402344,-8.319023154035321e-05,-8.319369203958623e-05
2018-06-25,95.93259086912265,96.29036786081711,95.9166861647684,96.04389953613281,0.002240352036212423,0.0022378461895438953
2018-06-26,96.0200147038636,96.2267333395995,95.93256311868195,96.17903137207031,0.0014069798976317216,0.0014059910288525426
2018-06-27,96.79921754502068,97.14109592765013,96.64020688299821,97.08544158935547,0.009424197814788648,0.0093800671102272
2018-06-28,97.10132346638242,97.19673348664581,96.86280751452428,97.1092758178711,0.00024549745178514826,0.0002454673222167857
2018-06-29,97.13313710607977,97.39551014022491,96.71970577283359,96.77536010742188,-0.003438556282465477,-0.003444481704282985
2018-07-02,97.01042311510409,97.01839347394095,96.65183600227753,96.69964599609375,-0.0007823697193591883,-0.0007826759302719213
2018-07-03,96.84308537687595,97.2415182179424,96.84308537687595,97.21761322021484,0.005356454191590476,0.005342159414329534
2018-07-05,97.26539875925047,97.63992650841809,97.22555913292273,97.49649047851562,0.0028685877904559565,0.0028644812439518256
2018-07-06,97.8152847290039,97.95075046667229,97.60013362091905,97.8152847290039,0.0032698023172283985,0.0032644681382757836
2018-07-09,97.27340095731326,97.38496167491051,97.13793524017417,97.18574523925781,-0.006436003243155963,-0.006456803607535399
2018-07-10,97.11406600655845,97.32124679862515,97.06624991026159,97.17781066894531,-8.164335513372034e-05,-8.164668813385186e-05
2018-07-11,97.5761663419362,97.65585774606073,97.28929430996946,97.55226135253906,0.0038532529289982964,0.003845848165453354
2018-07-12,97.35306703516811,97.59212914244705,97.3291620403606,97.54431915283203,-8.141481906120962e-05,-8.141813342748458e-05
2018-07-13,97.70371848015088,97.91090529522342,97.59215775194346,97.79137420654297,0.002532746713048928,0.002529544715518928
2018-07-16,97.38494110107422,97.44869180611967,96.93072796692864,97.38494110107422,-0.004156124287714058,-0.004164784977192324
2018-07-17,97.44870947176369,97.52839482771506,97.13793232783132,97.2016830444336,-0.0018817904962372678,-0.0018835632883377946
2018-07-18,97.23358678717773,97.24952751177989,96.73156339510135,96.81124877929688,-0.004016743876319895,-0.004024832659650401
2018-07-19,97.05825478632329,97.57621268151091,97.03434370597006,97.42481231689453,0.006337729812745385,0.006317730857329112
2018-07-20,96.88293710298967,96.89090138299115,96.18169136826498,96.22950744628906,-0.012268998442793944,-0.012344883935643145
2018-07-23,95.92667366032063,95.92667366032063,94.97043742279122,95.04215240478516,-0.0123387833213906,-0.012415538135838396
2018-07-24,95.05017176917313,95.48048012180278,94.93861101992896,95.3689193725586,0.003438126762762339,0.0034322299171470005
2018-07-25,95.63983670734893,95.83108888879451,95.0342230382498,95.21749877929688,-0.0015877352313303783,-0.001588997018679131
2018-07-26,95.39275906664854,95.52822472946697,94.9544867317182,95.03417205810547,-0.0019253469534663559,-0.0019272028164146096
2018-07-27,95.5043501255558,95.52029084366544,95.14576300292323,95.19357299804688,0.001677301295832212,0.0016758961969770495
2018-07-30,94.81903573666506,95.15372390808588,94.80310109974123,94.86685180664062,-0.0034321769959506643,-0.0034380804270338406
2018-07-31,95.45650956250454,95.51228989882053,95.27322784055161,95.3847885131836,0.0054596173128906855,0.005444767626838534
2018-08-01,94.47197375406654,94.91122603831892,94.29627040308786,94.60774230957031,-0.008146437348402591,-0.008179800888677787
2018-08-02,94.73552530100754,94.83135905751655,94.47995846166005,94.7435073852539,0.0014350313448909802,0.0014340026714120973
2018-08-03,94.9032421497314,95.27061910697853,94.88726579456743,95.21471405029297,0.004973498216854111,0.004961171229867768
2018-08-06,95.4702687564351,95.70985921468649,95.2546306414961,95.2706069946289,0.0005870200303959017,0.0005868478015357563
2018-08-07,95.06294980388914,95.11885484920214,94.69557292137618,94.77543640136719,-0.005197516934993707,-0.005211071011565197
2018-08-08,94.76744731907351,95.06294278253418,94.72751253543112,94.87126922607422,0.001011156775909683,0.001010645901250861
2018-08-09,95.22267392505323,95.70186085324382,95.13482227734585,95.66991424560547,0.008418196847647552,0.00838296143621521
2018-08-10,96.1331377418225,96.67621792384735,96.06125634623467,96.36474609375,0.0072628041283777645,0.007236556975143003
2018-08-13,96.03729077933747,96.39667945100607,96.00534417180367,96.16507720947266,-0.0020720117301309404,-0.002074161316260896
2018-08-14,96.2688999874854,96.28487024480101,95.8615883542245,95.9494400024414,-0.002242365038209626,-0.002244882903377996
2018-08-15,96.3647637731339,96.74012279871599,96.29288236435849,96.50851440429688,0.0058267604463480005,0.005809850532579935
2018-08-16,96.48459584350599,96.58043573041982,96.06131367273026,96.50057220458984,-8.229532654246974e-05,-8.229871298864884e-05
2018-08-17,96.70819166026315,96.94778827026799,96.4366545225729,96.62034606933594,0.0012411725859216016,0.001240402967980883
2018-08-20,97.14746699396525,97.36310519915058,97.06760347445793,97.26726531982422,0.006695476437478698,0.006673161286781297
2018-08-21,96.93181436273007,97.05959474825309,96.69221776173171,96.9397964477539,-0.00336669146596813,-0.0033723715239332656
2018-08-22,97.43495311985637,97.47488791497008,97.09952277640053,97.3231430053711,0.003954480736131805,0.003946682329523927
2018-08-23,97.4349644922174,97.53878644115892,97.25926112232024,97.47489929199219,0.0015593031825196224,0.0015580887316129794
2018-08-24,97.13148796525059,97.69852682375557,97.02765991538088,97.66658020019531,0.0019664642856305203,0.0019645333257652
2018-08-27,97.25927363335354,97.33115506355573,97.0516236155643,97.10752868652344,-0.005724081999450958,-0.005740527343176767
2018-08-28,96.63631574103287,96.70819106767696,96.38074886875133,96.52450561523438,-0.006003891553775786,-0.0060219873772668474
2018-08-29,96.58839556884415,96.75611075183306,96.3328287052618,96.65228271484375,0.0013237788558970731,0.001322903433159653
2018-08-30,96.88388275573281,97.00368104555977,96.70019732543305,96.85992431640625,0.002148336239249593,0.0021460318647418147
2018-08-31,97.34710225060174,97.3710606905905,96.54845508727368,96.63630676269531,-0.0023086695069104435,-0.002311338593173204
2018-09-04,96.02152943273946,96.13359141686992,95.85343645654379,96.07756042480469,-0.005781950455357454,-0.005798730643631604
2018-09-05,95.86148931250686,95.97355135121052,95.69339625445136,95.82146453857422,-0.0026655119582360554,-0.0026690707606628183
2018-09-06,95.86150180191686,96.3737872189981,95.80547077526496,96.17367553710938,0.0036757004313305863,0.0036689615528508676
2018-09-07,95.51733945886305,95.57337050310964,95.2451843104326,95.35724639892578,-0.008489112364937879,-0.008525350109241358
2018-09-10,95.38920890827345,95.73340115104652,95.38920890827345,95.70938873291016,0.0036928743989859125,0.003686072478936972
2018-09-11,95.31717362352873,95.38921087942644,94.93295660464065,94.98098754882812,-0.007610550999492149,-0.007639659022190236
2018-09-12,95.29315060966137,95.38920027351229,95.17308242292606,95.2051010131836,0.002359561319998482,0.0023567819264281673
2018-09-13,95.52525992891827,95.70936526769671,95.23710487500708,95.34916687011719,0.0015132157352959474,0.001512071978054095
2018-09-14,94.78087468310241,95.18109794022503,94.69282507798165,94.89293670654297,-0.004784836391865777,-0.004796320368792206
2018-09-17,94.59676929778021,95.10905457834339,94.54874446114061,94.89293670654297,0.0,0.0
2018-09-18,94.50072558735965,94.5087317634629,93.7803285180665,93.900390625,-0.010459641317798196,-0.010514727826155841
2018-09-19,93.74031123082769,93.74031123082769,93.00390175051639,93.340087890625,-0.005966990452815235,-0.005984864076978334
2018-09-20,93.31606927512011,93.89239182387655,93.22801965756437,93.77232360839844,0.00463076184672051,0.004620072855160085
2018-09-21,93.54820049838176,93.87638044336829,93.52418196949898,93.7322998046875,-0.00042681893943552485,-0.0004269100525658507
2018-09-24,93.44413366347406,93.86836938114034,93.42812741864186,93.4921646118164,-0.002561925754211436,-0.0025652131018238183
2018-09-25,93.2360160394017,93.44412774365045,93.17197885028402,93.39610290527344,-0.0010274840350720238,-0.0010280122586517157
2018-09-26,93.5962282527907,94.11651980347952,93.38011034151064,94.05248260498047,0.007027913149360909,0.007003332467809703
2018-09-27,93.84433826179463,94.17252423123038,93.73227624952916,94.11649322509766,0.000680584056308664,0.0006803525640071714
2018-09-28,94.33260754823642,94.38063848521263,93.8283285118969,93.86834716796875,-0.0026365841801544443,-0.0026400660898024974
2018-10-01,93.58840034135841,93.72477833032738,93.15519427003468,93.17926025390625,-0.0073409933683975526,-0.007368071059703303
2018-10-02,93.59642189691559,93.96544794524168,93.54026589218218,93.74884796142578,0.006112816371019125,0.0060942088998934925
2018-10-03,93.27550246416027,93.3477065195028,91.64697264901092,92.12029266357422,-0.017371469978187393,-0.017524124434203595
2018-10-04,91.55873551116736,91.76731754390504,91.22179954173723,91.47048950195312,-0.007053854724432873,-0.0070788507726885965
2018-10-05,90.96507559811047,91.22981359679632,90.34735972172057,90.68429565429688,-0.008595054557343995,-0.008632205065704624
2018-10-08,90.64421806860413,90.74048813972254,90.36343801185821,90.37948608398438,-0.0033612167146832572,-0.003366878293673979
2018-10-09,90.76450752101947,91.3340913781008,90.70835153850562,91.29398345947266,0.010118417520525558,0.010067569050329354
2018-10-10,90.764561412417,91.11754558096989,90.48378133313477,91.04534149169922,-0.0027235307120081487,-0.0027272462696012914
2018-10-11,91.45440764397966,92.37697526098779,91.2859397327847,92.15235137939453,0.0121588855569974,0.012085560080357082
2018-10-12,91.76731716403006,92.2647032029473,91.67907115518112,91.83149719238281,-0.0034817797072888013,-0.0034878552087249815
2018-10-15,91.98390662745524,92.11226054044982,91.68707864030638,91.79136657714844,-0.0004370027328456372,-0.0004370982463673547
2018-10-16,91.76732906926388,92.03206713015591,91.5828191144932,91.9999771118164,0.002272659645966124,0.0022700810611243857
2018-10-17,91.98390557795248,92.08819351360465,91.43838768272728,91.45442962646484,-0.005929865446471894,-0.0059475169137209166
2018-10-18,91.14958450341436,91.76730033150729,91.09342851904226,91.4223403930664,-0.00035087675391454187,-0.0003509383255658893
2018-10-19,91.3340831951997,91.41430514581171,90.98110538839833,91.22177124023438,-0.00219387462593601,-0.0021962846944437956
2018-10-22,91.41431033922885,91.51860438943785,91.07737445519092,91.1014404296875,-0.0013191018866536286,-0.0013199726673972325
2018-10-23,92.06415215534261,92.27272808241939,91.32609401465339,91.39027404785156,0.003170461595357388,0.003165446279774532
2018-10-24,91.74327938250275,92.1123054781414,91.64700931038327,92.08021545410156,0.007549396403918829,0.007521042325587299
2018-10-25,91.88768631664578,92.04813032483047,91.63899626779555,91.69515228271484,-0.004181823092916814,-0.0041905913685631735
2018-10-26,92.20054051530673,92.51341056168926,92.0882285048384,92.24867248535156,0.006036526346890225,0.006018379514324717
2018-10-29,92.12833236926346,92.27273439356352,91.6630423981146,92.04009246826172,-0.002261062533154279,-0.002263622594744585
2018-10-30,91.6630314253512,91.88765540947426,91.47049133563613,91.58280944824219,-0.004968302483803089,-0.004980685530763464
2018-10-31,91.24583894569429,91.42233091271697,90.82065709089014,91.11748504638672,-0.0050809142530011675,-0.005093865987552074
2018-11-01,90.75158285273383,91.32254910537992,90.74353934624648,91.2019271850586,0.0009267391283778181,0.0009263099707960672
2018-11-02,91.00894222148261,91.08132152687176,89.9876375207636,90.06805419921875,-0.01243255510970831,-0.01251048591602469
2018-11-05,90.45405815558317,90.63901589290059,90.34951095715257,90.42189025878906,0.003928541176071887,0.0039208446091206165
2018-11-06,90.55053539357202,90.65508256854517,90.33340980817736,90.3655776977539,-0.0006227757556713787,-0.0006229697610443815
2018-11-07,91.02501824902058,91.1938950940078,90.39775964323987,90.48621368408203,0.001334977204833665,0.0013340869150212716
2018-11-08,90.84008866281316,90.84813217334218,90.3977937501312,90.47821044921875,-8.84470079742794e-05,-8.845091964154108e-05
2018-11-09,90.67120312760083,91.27433751647622,90.64707873370986,91.1537094116211,0.007465874480148571,0.007438142781325834
2018-11-12,91.63620234757762,91.92570730289948,91.60404058400798,91.74878692626953,0.006528286325258037,0.006507069354332044
2018-11-13,91.44320369854351,91.69249725341797,91.25824594344297,91.69249725341797,-0.0006135195323813125,-0.000613707812502579
2018-11-14,91.25824333934017,92.09458417093734,91.11349086167924,91.74878692626953,0.0006138961696722234,0.0006137078125025419
2018-11-15,92.03029114641404,92.11070785815147,91.41911309348629,91.7086181640625,-0.0004378124610989742,-0.00043790832895697064
2018-11-16,91.83729016033224,92.32784011259035,91.61212089740765,92.2393798828125,0.005787479185440203,0.005770796065636034
2018-11-19,92.00615276449575,92.49669647216797,92.00615276449575,92.49669647216797,0.0027896608767576936,0.002785776994320611
2018-11-20,92.67357630242967,92.85049664511799,92.42428280249516,92.52882385253906,0.0003473354357121927,0.00034727512872384064
2018-11-21,92.39215537633633,92.55298877536976,92.11069386032739,92.49669647216797,-0.00034721483569588596,-0.000347275128723776
2018-11-23,93.01937639258588,93.09175568749602,92.55295113551564,92.5931625366211,0.0010429136188896404,0.0010423701623007721
2018-11-26,92.36802098367312,92.52885436530067,92.30368517686202,92.38410186767578,-0.002257841326703036,-0.0022603940936503117
2018-11-27,92.32776986610416,92.68161051600006,92.28756460568718,92.48860931396484,0.0011312276049264547,0.0011305882491052573
2018-11-28,92.35997244167562,92.49668142215039,91.96592638337785,92.03829956054688,-0.004868813108534598,-0.004880704392404551
2018-11-29,92.41622736099809,92.68160784075987,92.15084688123633,92.400146484375,0.003931482062965452,0.003923773983538683
2018-11-30,92.72989991894201,92.8183601201812,92.46452545062475,92.74598693847656,0.0037428561237189406,0.0037358690666766375
2018-12-03,92.43724366956634,93.40449523925781,92.42112547491354,93.40449523925781,0.00710012715933539,0.007075039934822928
2018-12-04,94.15416176739268,95.65340671230113,94.00907334854224,94.96826934814453,0.016741957706436716,0.016603355969573616
2018-12-06,95.54861702441227,96.08060376037021,95.21813547736545,95.2665023803711,0.003140343972503734,0.0031354233912247276
2018-12-07,94.96014713487544,95.54050044335636,94.72639337731316,95.44377899169922,0.0018608493741096854,0.0018591201388117383
2018-12-10,95.81461051761525,96.14508590485057,95.4680107799951,95.83879089355469,0.004138686732949148,0.00413014592605236
2018-12-11,95.89516381677532,96.2256390316867,95.60498715753701,95.82261657714844,-0.00016876586458836051,-0.00016878010714934692
2018-12-12,95.58080929955194,95.69365509780978,95.30675082547236,95.39541625976562,-0.004458240994064999,-0.00446820858676514
2018-12-13,95.4840881923396,95.58081580441556,95.09719004330616,95.16973114013672,-0.0023657857838196295,-0.0023685886765756176
2018-12-14,95.55666706226641,95.73399185196996,95.29067065325523,95.500244140625,0.0034728794179486044,0.0034668628979644964
2018-12-17,95.58889642620935,96.16119392456147,95.58084040202287,96.05640411376953,0.005823649752408899,0.005806757854127126
2018-12-18,96.20342902661454,96.78515898808695,96.09839684743504,96.63164520263672,0.005988576130601997,0.005970715878082542
2018-12-19,97.0437425487114,98.29607871006463,96.89022870378794,97.90825653076172,0.013211110350527022,0.013124604689808304
2018-12-20,98.57885871957032,98.5950151511513,97.49619287691937,97.55274963378906,-0.0036310206061218597,-0.003637628762527235
2018-12-21,97.87590048450164,97.93245722215295,97.2699327964281,97.53656005859375,-0.00016595713863609696,-0.00016597091104580332
2018-12-24,97.86781800210862,98.10212624502799,97.6900726603765,98.02133178710938,0.0049701540450515225,0.004957843602450126
2018-12-26,97.75472767301476,98.07791174542965,96.93061414436906,96.97100830078125,-0.010715254191906998,-0.010773075948938886
2018-12-27,97.97286055555406,98.06981144353402,96.9386766556194,96.98715209960938,0.0001664806740799829,0.000166466817710419
2018-12-28,97.27804164890738,97.80321502685547,97.18916586967505,97.80321502685547,0.008414134342329849,0.008378932836261824
2018-12-31,97.48002972173555,98.21526751032917,97.32651589329592,98.17487335205078,0.00380006245288822,0.0037928604551599517
2019-01-02,98.29607353275603,98.7000521229826,98.0375213173559,98.69197082519531,0.005267106088237439,0.005253283400761469
2019-01-03,98.80507135730548,100.07356371740617,98.75659590539821,99.81501770019531,0.011379313490346155,0.0113150561130131
2019-01-04,98.84549469874604,99.02324629385535,98.28800834453284,98.65966796875,-0.011574908847038712,-0.011642419563666098
2019-01-07,99.07168392441474,99.09592164676059,98.26372697036732,98.36875915527344,-0.002948609289549875,-0.0029529650022248515
2019-01-08,98.32030770688698,98.52229699469686,98.07791809582558,98.11023712158203,-0.002628090827935914,-0.0026315503212068657
2019-01-09,97.97285051640145,98.11020170311369,97.60119110070978,97.9566879272461,-0.0015650680177814458,-0.0015662940160790437
2019-01-10,97.9889860288701,98.09402434329805,97.22950477041725,97.32646179199219,-0.006433722378629048,-0.006454507970901681
2019-01-11,97.62545857402186,97.98095550890476,97.50426377530617,97.70625305175781,0.0039022404880733053,0.0038946464969686683
2019-01-14,97.68201475842847,97.7708905326897,97.14876011286103,97.3426742553711,-0.0037211415342487397,-0.003728082204902811
2019-01-15,97.40728699737448,97.41536829278024,96.91443276940214,96.98715209960938,-0.0036522743851173933,-0.0036589602231838526
2019-01-16,96.62357267656023,97.26994072890626,96.5589408027037,97.08411407470703,0.0009997404088952777,0.0009992410012769574
2019-01-17,97.13261327846864,97.38307803200726,96.8659859293458,97.1083755493164,0.00024990159142523893,0.00024987037122375087
2019-01-18,96.8255999216067,97.05183314366887,96.46202160211483,96.59937286376953,-0.005241594071238254,-0.005255379418003615
2019-01-22,97.20526444112143,97.53652963275907,97.01135656740828,97.25374603271484,0.006774093346011201,0.006751252269383938
2019-01-23,96.85789108260475,97.45578375110304,96.81749692774291,97.21339416503906,-0.0004149132483000084,-0.0004149993486187481
2019-01-24,97.69009561650361,97.97287936778089,97.52850049847127,97.8516845703125,0.006565868939724551,0.006544407512979604
2019-01-25,97.43152445508896,97.56080052434127,97.21337879350351,97.38304901123047,-0.0047892436511431935,-0.004800748827277633
2019-01-28,97.39110393200066,97.71428785338732,97.28607177734375,97.28607177734375,-0.0009958327950435608,-0.0009963289659509276
2019-01-29,97.38308674173985,97.79514666685398,97.26997321943003,97.77898406982422,0.005066627560095016,0.005053835393247638
2019-01-30,97.63353370683899,97.74665337273755,97.22148002111857,97.70625305175781,-0.000743830780799204,-0.000744107560174293
2019-01-31,98.20719876675005,98.71620957658591,98.16679844161939,98.54653930664062,0.008600127715855388,0.00856335728734421
2019-02-01,98.37246094199705,98.44533846084313,97.85419403597449,97.95137023925781,-0.006039472025809678,-0.006057783401572245
2019-02-04,97.53021430885204,97.61929088543971,97.19010093544875,97.5140151977539,-0.004465022188414713,-0.004475020171898297
2019-02-05,97.76507312236575,98.1699644932097,97.70838857757369,97.95941925048828,0.004567590123646603,0.0045571903398198025
2019-02-06,98.27522536944473,98.31571697422343,97.76506451125088,98.00799560546875,0.0004958824312366605,0.0004957595221744737
2019-02-07,98.35623137106397,98.7206373869515,98.16998476178765,98.65585327148438,0.0066102531942757725,0.006588501275140228
2019-02-08,99.00406494404751,99.17411862173479,98.85020420693128,99.07694244384766,0.004268263447121834,0.004259180247847406
2019-02-11,98.68013286396261,98.93926311378635,98.59105626138391,98.688232421875,-0.003923314672260481,-0.0039310310604275915
2019-02-12,98.5181933177813,98.59107081529334,98.14568773665283,98.43721008300781,-0.002543589369339516,-0.0025468297888100754
2019-02-13,98.10518887747283,98.2995350224068,97.91084273253885,98.064697265625,-0.0037842683378438435,-0.0037914467971370846
2019-02-14,98.90687398670434,98.95545897931116,98.45339758063365,98.62345123291016,0.005697809536613141,0.00568163841741537
2019-02-15,98.43718453904083,98.80968384535414,98.42099160318016,98.77729797363281,0.0015599407524213849,0.0015587253086951406
2019-02-19,99.13362038214325,99.23079655354019,98.75302143353008,99.02835083007812,0.002541604818065757,0.002538380402844061
2019-02-20,98.75298168307448,98.85825737091679,98.46145946438159,98.74488830566406,-0.0028624381001806087,-0.0028665427107864134
2019-02-21,98.0404044883132,98.11328815379954,97.74078262469607,97.86225128173828,-0.008938559140333258,-0.008978747724687748
2019-02-22,98.36432781791025,98.75302014210857,98.32383620248608,98.44530487060547,0.005957900837459951,0.0059402227277969046
2019-02-25,98.1213707671823,98.22664647487194,97.91892508704295,98.15376281738281,-0.0029614622414533276,-0.002965856047628705
2019-02-26,98.57486287955577,98.64774036598135,98.27524101967265,98.63964080810547,0.004950171819970262,0.004937960003259876
2019-02-27,98.08088492537745,98.08897830427962,97.40066423033224,97.52213287353516,-0.01132919712009417,-0.01139386133343441
2019-02-28,97.6274079451838,97.67599911211472,96.9390938321591,97.19012451171875,-0.0034044411461646717,-0.0034102494423386177
2019-03-01,96.83550816999946,96.99780437228144,96.2755757470811,96.29180908203125,-0.009242867361273777,-0.009285847705888308
2019-03-04,96.80304161274256,97.19255495024187,96.61639541975543,97.0464859008789,0.007837393710245388,0.0078068408727441614
2019-03-05,96.79494002802326,97.27372439433879,96.78682335979315,97.24937438964844,0.002090631998532766,0.002088449668559383
2019-03-06,97.3142919197719,97.80118674593575,97.28994810714426,97.60643005371094,0.0036715471570221148,0.003664823480264306
2019-03-07,97.89858458411337,98.40171283043074,97.87424076740851,98.23941040039062,0.006485027127120402,0.006464089809333304
2019-03-08,98.28810490064052,98.75065599482629,98.06899816638138,98.65327453613281,0.004212811681741702,0.004203962634815464
2019-03-11,98.51531551220808,98.53154265863402,98.17448971642439,98.36112976074219,-0.0029613287218724915,-0.0029657221314691594
2019-03-12,98.43414233629925,99.18883137265,98.4016818605075,99.05087280273438,0.007012353799412008,0.0069878815851192756
2019-03-13,98.72626730515019,98.96971155442718,98.69380683367288,98.86421966552734,-0.0018844168852379939,-0.0018861946324322983
2019-03-14,98.75066387012917,98.80746817776263,98.12581029495593,98.15015411376953,-0.007222689403442506,-0.007248899304791294
2019-03-15,98.79117685282418,98.9615896757017,98.51527214660386,98.7992935180664,0.006613738003349745,0.006591963194021796
2019-03-18,98.65324317361366,98.89669364735047,98.61266603092328,98.74250793457031,-0.0005747569792663443,-0.0005749222153757235
2019-03-19,98.26377644138677,98.69387333486448,98.10148016584479,98.5234603881836,-0.0022183713070349498,-0.002220835537723171
2019-03-20,98.79122543541568,99.69198379302138,98.78311495738652,99.55403137207031,0.010460158218420945,0.010405829294456615
2019-03-21,99.7812261034405,99.88671801489711,99.60269656774221,99.77310943603516,0.002200594601197592,0.0021981768392577315
2019-03-22,100.79560235134144,101.66390010957755,100.6738770935842,101.32307434082031,0.01553489626159088,0.015415465073283697
2019-03-25,101.28247062046695,102.19946195596242,101.03902636002204,101.48534393310547,0.0016015067973493835,0.0016002257528902975
2019-03-26,101.1932087177583,101.67199296849547,101.12829396119928,101.41231536865234,-0.0007195971518928479,-0.0007198561861977075
2019-03-27,101.77754696079501,102.5241197419359,101.68828215096227,102.34559631347656,0.009202836375755474,0.009160748299796979
2019-03-28,102.451045219837,102.80810430911502,102.25628853077787,102.70260620117188,0.003488277957771846,0.003482208027855977
2019-03-29,101.98850307614778,102.62958368251138,101.95604259328334,102.60523986816406,-0.0009480415016644983,-0.0009484911772388066
2019-04-01,101.89606004614572,101.952989514219,101.00145146006007,101.14784240722656,-0.014203928208833094,-0.014305769511691126
2019-04-02,101.2372948240772,101.44874356950915,101.0502373286685,101.33488464355469,0.0018491965016425027,0.0018474888426655725
2019-04-03,100.52974917602128,100.74120415063028,100.33456330976128,100.45655059814453,-0.008667637492258407,-0.008705419943596708
2019-04-04,100.52160616839403,100.75745858084545,100.39148433677902,100.74119567871094,0.0028335143788189576,0.002829507544116102
2019-04-05,100.53786517160574,100.98516629108488,100.5053331657598,100.87130737304688,0.0012915440744905027,0.0012907107488829882
2019-04-08,100.70866556911578,100.80625539345617,100.45654404492815,100.51347351074219,-0.0035474296073245704,-0.00355373665602601
2019-04-09,101.02583616622775,101.12342598212378,100.65985574208007,100.83065032958984,0.003155565197075383,0.003150596850436176
2019-04-10,101.06650381317236,101.26982421741977,100.92824742744723,101.07463836669922,0.0024197804567542835,0.0024168575023472035
2019-04-11,100.79005541510638,100.86324782905632,100.36715143430051,100.48101043701172,-0.005873164022945243,-0.005890478879378785
2019-04-12,99.94417410224968,100.0824304833915,99.73271915148528,99.76525115966797,-0.007123328818358532,-0.007148820855999401
2019-04-15,99.85471209131329,100.02550047971481,99.80591718172602,100.01737213134766,0.0025271421536963157,0.0025239542996079154
2019-04-16,99.63513840939905,99.73272823799225,99.33422195992772,99.39115142822266,-0.006261119341374188,-0.006280802350534599
2019-04-17,99.32609313693,99.68393907534355,99.30983023284166,99.43182373046875,0.00040921451921671625,0.0004091308137902194
2019-04-18,99.87907958993408,100.11493192361148,99.85468214245785,99.95227813720703,0.005234284027104685,0.005220632778088897
2019-04-22,99.60258590355296,99.68391281226198,99.41552842916134,99.47245788574219,-0.004800493399521932,-0.004812052776607345
2019-04-23,99.71646908512405,99.78966145932168,99.53754611951173,99.6839370727539,0.0021260074547935215,0.0021237506989650362
2019-04-24,100.12310644902573,100.5134781741919,100.10683734098323,100.4972152709961,0.008158568191870552,0.008125466991458543
2019-04-25,100.43215700846163,100.53788760226158,100.11497763675587,100.350830078125,-0.0014566094441160748,-0.0014576713309472752
2019-04-26,100.83063010657624,100.86315590212082,100.55411120569028,100.69236755371094,0.0034034344840001562,0.0033976559084802817
2019-04-29,100.22069847300833,100.31828829797205,99.91164748103267,100.0499038696289,-0.006380460601835947,-0.006400902740480161
2019-04-30,99.99300061985849,100.63549402365474,99.9767377130495,100.56230163574219,0.0051214218734378925,0.005108351997673666
2019-05-01,100.80594206812184,101.42532892814302,100.73258986072459,100.97708892822266,0.004124679782916196,0.004116196610174054
2019-05-02,100.79780202279811,100.90374831469009,100.27620975554942,100.49625396728516,-0.004761822370214053,-0.0047731959667517785
2019-05-03,100.78148651123047,100.9607787682128,100.54513908691433,100.78148651123047,0.002838240558082461,0.002834220358415729
2019-05-06,101.31122294772085,101.36827189654146,101.00152954239033,101.05857849121094,0.0027494333490465372,0.0027456605709286447
2019-05-07,101.49054618935979,101.98768981521128,101.37644826387294,101.83283996582031,0.007661511631857243,0.007632311302553452
2019-05-08,101.99589725985476,102.1181468805965,101.30315769948359,101.39280700683594,-0.004321130188768896,-0.0043304932542414425
2019-05-09,101.96323760035084,102.11808744435403,101.31124414779356,101.80838775634766,0.004098720232527997,0.00409034336059092
2019-05-10,101.7839053177409,102.24029685237645,101.53940629968997,101.66980743408203,-0.0013611876714645366,-0.0013621149289461615
2019-05-13,102.19957338340211,102.63151635372725,102.0773238477949,102.46852111816406,0.007855957478820619,0.007825260111528478
2019-05-14,102.2892570230026,102.4033549698361,102.03660623969547,102.16700744628906,-0.0029425004731677973,-0.002946838138830376
2019-05-15,102.859741004924,102.90863834572622,102.50114392471731,102.79454040527344,0.006142227071829209,0.006123440483541913
2019-05-16,102.53376816747074,102.55007143012611,102.30557223327854,102.4522705078125,-0.003329650544781071,-0.0033352061667706865
2019-05-17,102.9167750272716,102.93307828375202,102.43593466489777,102.68042755126953,0.0022269593667973986,0.0022244833680710426
2019-05-20,102.78636618002105,102.99825874267924,102.40332053679093,102.46852111816406,-0.002063747085584211,-0.002065879546011961
2019-05-21,102.36257569157424,102.46037657039138,102.11808282133654,102.30552673339844,-0.0015906776343308504,-0.0015919441052084757
2019-05-22,102.5010834294625,102.95748113978304,102.4603377421322,102.89228057861328,0.005735309361574181,0.005718925090895149
2019-05-23,103.41391612912898,104.39190008655386,103.40576450108718,104.04960632324219,0.01124793558973236,0.011185147944458256
2019-05-24,103.95993797343053,104.13923645019531,103.82139141151927,104.13923645019531,0.0008614172616345783,0.0008610464547162981
2019-05-28,104.5386141389976,105.05204861333867,104.39190969222739,104.88905334472656,0.007200138200454731,0.007174340960515499
2019-05-29,105.67960421179599,105.86704816799211,105.13356316670769,105.2069091796875,0.00303040045481473,0.003025818046710092
2019-05-30,105.40250545494516,106.13599041775781,105.04390838486164,106.11154174804688,0.008598604173555957,0.008561846734838554
2019-05-31,106.68201831934496,107.49700703816575,106.60867231922892,107.4399642944336,0.012519114551562627,0.012441398389803774
2019-06-03,107.72580845462632,108.27297009823928,107.43180985165742,108.15863800048828,0.006689072458039957,0.006666799879625099
2019-06-04,107.301084568983,107.60324514089768,106.61509234348384,106.9254150390625,-0.01140198308913809,-0.011467484068338508
2019-06-05,106.59062854980631,106.94178690165297,106.26395657700077,106.32112884521484,-0.005651473914100702,-0.005667503916759139
2019-06-06,106.95808382370075,107.46440961660257,106.42725919961057,106.6640853881836,0.003225666870674715,0.003220475567907643
2019-06-07,107.62778293322208,107.8564595524244,107.34195896642771,107.58695983886719,0.008652157352917467,0.008614941947784283
2019-06-10,106.72125753051675,106.73759424028619,106.42727152221761,106.57426452636719,-0.009412807221402253,-0.009457387663244688
2019-06-11,106.50899486125877,106.78665678974868,106.42733618531432,106.63966369628906,0.0006136488036068144,0.0006134605981704882
2019-06-12,106.48444907409795,106.77844759268885,106.41095255976535,106.72127532958984,0.0007653028007779117,0.0007650101059134189
2019-06-13,106.81931402334942,107.18680916251094,106.81113943410898,107.08881378173828,0.0034439098578362692,0.003437993180725446
2019-06-14,107.06428547390442,107.56244929118425,107.05611088691352,107.35828399658203,0.002516324584498353,0.0025131639408176734
2019-06-17,107.30112643997997,107.60328712980366,107.08879899054472,107.54612731933594,0.0017496863377575167,0.0017481574197753928
2019-06-18,108.40362619492353,108.50162156399469,107.7584567851715,108.08512878417969,0.0050118165877168774,0.0049992992406399615
2019-06-19,107.68495646451183,108.38728566105736,107.45629230389349,108.24028015136719,0.0014354552650559516,0.0014344259840204817
2019-06-20,108.54245213199555,109.03244141608985,108.28111454480229,108.52611541748047,0.0026407476561733922,0.002637267008409974
2019-06-21,108.215789380267,108.23212609617583,107.29297054225928,107.33379364013672,-0.010986496409247648,-0.011047293670278683
2019-06-24,107.92993658771773,108.23209721445251,107.86460220277999,108.13410186767578,0.007456255857519523,0.007428595392387771
2019-06-25,108.44448282951407,108.6894837892253,108.3873230002991,108.468994140625,0.0030970088729180834,0.0030922230196127358
2019-06-26,108.35457973964398,108.37091644943563,107.70126088307913,107.7747573852539,-0.006400324450976713,-0.006420894343814125
2019-06-27,108.05245930180119,108.6894541465642,107.79113415430864,108.53428649902344,0.0070473748417219095,0.007022658152879815
2019-06-28,108.27297915141058,108.68130988627279,108.16680917274158,108.46080780029297,-0.0006770090917871396,-0.0006772383659286133
2019-07-01,108.47715878733509,108.62444017069903,107.67525185889043,108.2071304321289,-0.002338885107984412,-0.0023416245721200927
2019-07-02,108.47711139523541,109.14808043582153,108.38710198282385,109.04170227050781,0.007712724984444419,0.007683133975253867
2019-07-03,109.25450346285587,109.88455712274722,109.24631284019151,109.81910705566406,0.007129426347615819,0.007104132138570494
2019-07-05,108.4526116958233,108.46080231963109,107.74072662413852,108.36260223388672,-0.01326276329162901,-0.013351499198921367
2019-07-08,108.86991786039768,109.00902110177299,108.50988006591797,108.50988006591797,0.0013591204806375767,0.0013581977124046403
2019-07-09,108.56716648044676,108.59172586580631,108.14167856266198,108.46897888183594,-0.0003769351146382105,-0.00037700617253523956
2019-07-10,108.2971434418352,108.37078413593656,107.6097928397712,107.87164306640625,-0.005506973713474417,-0.005522192993716347
2019-07-11,107.44612629623587,107.52795760099954,106.17781598662364,106.43148803710938,-0.013350635888713658,-0.013440556859600961
2019-07-12,106.30874829108974,106.7424267672054,106.11236063775804,106.55422973632812,0.0011532461067909061,0.0011525816293211288
2019-07-15,106.74242265067608,107.23338552221881,106.74242265067608,107.16792297363281,0.005759445109061234,0.005742922913842058
2019-07-16,106.51332499130221,106.86518467884927,106.3414967020285,106.84881591796875,-0.0029776359082985815,-0.0029820778860195
2019-07-17,107.24155706226095,108.02709511127026,107.23337892632992,108.00254821777344,0.01079780145332121,0.010739921473463471
2019-07-18,107.57703329616395,108.27256181256168,107.38883630970535,108.01071166992188,7.558573647714617e-05,7.558288001930418e-05
2019-07-19,107.67524114231338,107.95344760700446,107.6097785943206,107.75707244873047,-0.0023482784000768975,-0.0023510399298732857
2019-07-22,108.39531020443707,108.4116789618828,107.7979816575559,107.96163177490234,0.0018983378215773339,0.0018965382554313192
2019-07-23,107.68344921993216,107.7980055760631,107.1679393744897,107.37250518798828,-0.0054568143999748076,-0.005471757196509148
2019-07-24,107.68340771715083,107.92887661017666,107.57702953970525,107.8388671875,0.004343402425930343,0.004333997077919832
2019-07-25,107.39702782565054,107.52795291328304,106.79150865962788,107.3233871459961,-0.004780095108080418,-0.004791556301015867
2019-07-26,107.76527684071506,107.83073940465695,107.39706084353584,107.57707977294922,0.002363814949373655,0.002361025533726342
2019-07-29,107.86344376794183,107.96980947665236,107.51976229148144,107.60977172851562,0.00030389331663771557,0.00030384715041660093
2019-07-30,108.01074631716637,108.09257763441633,107.54433028311244,107.87164306640625,0.0024335274918274585,0.002430571258878804
2019-07-31,107.76518757634597,109.09895967974003,107.73246256433559,108.73892211914062,0.008039916961313676,0.008007769025144645
2019-08-01,109.36538849041618,111.00517241710992,109.25879853180237,110.8985824584961,0.019860968798175227,0.019666312905967157
2019-08-02,111.22649292425346,111.92339324951172,111.01331311019008,111.92339324951172,0.009240972862742947,0.009198536309368965
2019-08-05,113.25985801048162,113.87477688903365,112.86631343116417,113.8583755493164,0.017288452785656938,0.017140707908414998
2019-08-06,113.30907163774997,114.76847839355469,113.21888301753467,114.76847839355469,0.007993288502909257,0.007961511395769937
2019-08-07,116.75261884717177,117.29375058384875,114.60450575440855,114.80947875976562,0.00035724413867677107,0.00035718034218295837
2019-08-08,114.07976178954642,115.13741686671824,113.12868415530083,115.05543518066406,0.0021423006493488383,0.002140009195384697
2019-08-09,115.33418802661717,116.0556968766901,114.6782720275106,114.82585906982422,-0.0019953521576738797,-0.001997345524878199
2019-08-12,116.19511317434234,117.59712170481457,116.02293032312173,117.21997833251953,0.020850000880372033,0.020635614462462752
2019-08-13,117.90865693030896,117.99065112786506,116.3836574338953,116.81819915771484,-0.003427565680527267,-0.003433453240957535
2019-08-14,119.01550865715663,119.4828405246562,118.64655981217122,119.4500503540039,0.02252946214943652,0.022279422357788826
2019-08-15,119.66327395750434,121.83599597304392,119.35991782186395,120.77832794189453,0.011119941632122599,0.011058569630767394
2019-08-16,119.7534078368619,120.12235668643703,118.75313872700025,119.81080627441406,-0.008010722486123,-0.008042980713466747
2019-08-19,117.71186088554322,118.60553986266959,117.66265687320963,118.09719848632812,-0.014302614608577957,-0.01440588285416026
2019-08-20,119.11385186596905,119.39261201028872,118.75309755658922,119.3188247680664,0.010344244380019685,0.010291108801588192
2019-08-21,118.65476817764358,119.53204608950497,118.30220812125458,118.5235824584961,-0.006664852014056644,-0.006687161320978663
2019-08-22,118.0643942122863,118.63831584870758,117.63804706356477,117.73644256591797,-0.006641209084730093,-0.006663360041008239
2019-08-23,117.67084915826166,119.92555112002374,117.59704940421983,119.67138671875,0.01643453896399749,0.01630095355120475
2019-08-26,119.59759078281292,119.94194377397261,119.12205212533895,119.1876449584961,-0.0040422508129766,-0.004050442792269886
2019-08-27,120.22079353484365,121.11447300239882,120.09780220234744,121.02428436279297,0.015409645898586621,0.015292123090710576
2019-08-28,121.98351373828845,122.08189676118175,121.06523882979808,121.18002319335938,0.0012868395081730988,0.001286012239844859
2019-08-29,120.72911116520706,120.80289845133038,119.81083602084428,120.72091674804688,-0.0037886314362222118,-0.003795826478961208
2019-08-30,120.20441205694546,120.9177143631904,119.9994389794669,120.75373840332031,0.0002718804342907166,0.0002718434815031165
2019-09-03,120.81118996073697,122.1089118052013,120.38410115067337,120.90975952148438,0.0012920603554562593,0.0012912263637762835
2019-09-04,120.35122092806375,121.24648054155656,120.31015132880547,121.09042358398438,0.0014942057879776538,0.0014930905732778634
2019-09-05,119.6366225039507,119.7516098286044,118.1828443380102,118.89740753173828,-0.01811056553720858,-0.018276569163398447
2019-09-06,119.30814368824767,119.94058058659142,119.16030813243721,119.74345397949219,0.007115768672484091,0.007090571053588681
2019-09-09,118.13361460197308,118.27324123005876,117.60795625336905,117.61616516113281,-0.017765387147790968,-0.01792508587145148
2019-09-10,117.32044506628927,117.69004632363851,115.5299261813762,115.5545654296875,-0.017528200554923212,-0.01768363850553925
2019-09-11,115.31638247411229,115.93238881752673,115.3081735679653,115.3492431640625,-0.0017768425233699592,-0.001778422980472784
2019-09-12,116.21988915614372,116.46629425453098,114.21581273719704,114.59363555908203,-0.006550607392419194,-0.006572156780295819
2019-09-13,113.57521250477764,113.92839621159494,112.14607238769531,112.14607238769531,-0.021358630952281854,-0.021590027315616492
2019-09-16,113.24665584721922,113.81338391690625,112.7292062996465,113.57518768310547,0.01274333790727522,0.012662824858611805
2019-09-17,113.64085695366896,114.65932534228415,113.36160373721509,114.19115447998047,0.005423427505958811,0.005408773681761492
2019-09-18,114.9303952985644,115.52998406167815,114.60186346803341,114.67578125,0.00424399571250933,0.004235015362118664
2019-09-19,115.61208097493937,115.80099863488715,114.96322639032506,115.02071380615234,0.0030078936667574663,0.003003379005417449
2019-09-20,115.62027767374812,116.61409413871192,115.34923340166343,116.54017639160156,0.013210338687429823,0.01312384308802249
2019-09-23,116.82766260173621,117.58329555677658,116.38413100969602,116.51554870605469,-0.00021132356505215721,-0.00021134589702296694
2019-09-24,116.97547068527099,118.14999570549746,116.96726178092868,117.9200210571289,0.012053947877955995,0.011981877624241693
2019-09-25,117.66540947200332,117.90360558743724,115.92416904824628,116.1952133178711,-0.01462692869111848,-0.01473495692085811
2019-09-26,116.85233223573408,117.44369949042687,116.54842716730181,116.94268035888672,0.006432855706119289,0.006412253197956627
2019-09-27,116.89343041925507,117.43550675800404,116.74558230309616,117.23017120361328,0.0024583911010442883,0.0024553742011097796
2019-09-30,116.53200080129275,117.5258175503772,116.49914010472916,117.51760864257812,0.002451906672264359,0.002448905653577101
2019-10-01,116.2258397544083,118.40621318924956,116.12711022160437,117.87139892578125,0.003010529973249909,0.003006007402506306
2019-10-02,118.0359889987262,118.70243859053376,117.85497644852875,118.1594009399414,0.002443357903485044,0.002440377757950418
2019-10-03,118.46379833439768,119.85429780893752,118.41443356920311,119.23721313476562,0.009121679580722075,0.009080328333200398
2019-10-04,119.59101344443991,120.15049751610593,119.46758897831144,120.11759185791016,0.007383422507111881,0.007356298473460225
2019-10-07,119.43473068514228,119.73915522400472,119.0644822491644,119.1220703125,-0.008287891307276474,-0.008322426828577024
2019-10-08,119.97773882365989,120.06823253591746,118.99039316511605,119.44292449951172,0.0026934906870741404,0.002689869741564807
2019-10-09,118.97391385727241,118.98213713213516,118.31568778432708,118.76821899414062,-0.005648769135536802,-0.0056647837690300025
2019-10-10,117.75623105329232,117.8055958284002,116.61256772967809,116.99927520751953,-0.014894083632830846,-0.015006114284138958
2019-10-11,115.99545815542001,116.0942002391672,114.9505371598348,115.55116271972656,-0.012377106483988709,-0.012454340819872685
2019-10-14,116.40685029966778,116.43153268245149,116.0777434928051,116.3904037475586,0.007262938840932653,0.007236690716352674
2019-10-15,115.7403845479062,115.97076179117484,114.8188755748317,114.98342895507812,-0.0120884088995179,-0.01216206792990389
2019-10-16,114.89288333373896,115.23844908020084,114.65428289735358,115.12326049804688,0.0012161016960399174,0.0012153628433250558
2019-10-17,114.79416400150075,115.5017546557649,114.61315156287863,114.8435287475586,-0.0024298456217979325,-0.0024328024874600085
2019-10-18,115.03276445898535,115.3783302360053,114.73656342802326,114.8435287475586,0.0,0.0
2019-10-21,114.01260114444199,114.35816714852913,113.73284647526582,113.97968292236328,-0.007521937323035077,-0.0075503697613256105
2019-10-22,114.6790211188428,114.80243303317793,114.07015971400949,114.64610290527344,0.0058468313459345556,0.005829804962234042
2019-10-23,115.21380746172069,115.44418470751552,114.66254672681035,114.76127624511719,0.001004598821286784,0.0010040945495898286
2019-10-24,114.92586029867478,115.38662746785265,114.39105852562668,114.53092956542969,-0.0020071812306748926,-0.002009198318480419
2019-10-25,114.80244612164759,114.81890523030874,113.79865392188088,113.97144317626953,-0.004885024432116691,-0.0048969951647604894
2019-10-28,113.19799545595379,113.19799545595379,112.7125586054907,112.93470001220703,-0.00909651694467939,-0.009138142881256464
2019-10-29,113.23092288253787,113.32966497023911,112.86067457886368,113.00878143310547,0.0006559668630672366,0.0006557518108441312
2019-10-30,113.35427514626171,114.73653794736899,113.35427514626171,114.66249084472656,0.014633459370588797,0.01452742350003974
2019-10-31,115.58408341356156,116.57141649713206,115.54294191953333,116.20940399169922,0.013491012933492419,0.013400819513416854
2019-11-01,115.99180728141764,116.43689055417042,115.21704294305478,115.85169219970703,-0.0030781656191760653,-0.003082912915444772
2019-11-04,114.54118044962671,114.68129551600242,114.1785237712307,114.32688903808594,-0.013161682256592422,-0.01324906477739951
2019-11-05,113.09880827720515,113.28013662336247,112.69493831048649,113.04110717773438,-0.011246539385176724,-0.011310259916690886
2019-11-06,113.75815722226895,114.07960056751502,113.19768448542905,113.72518157958984,0.006051554332176634,0.006033317215542664
2019-11-07,112.38174095612807,112.38997858009537,110.8157246221053,111.66466522216797,-0.0181183826554705,-0.01828453049703229
2019-11-08,111.39268887001334,112.05206360226657,111.0877332441636,111.19488525390625,-0.004207060195157042,-0.004215934772232504
2019-11-11,111.58223344207639,111.59047106472879,110.97230979967345,111.26902770996094,0.0006667793746573114,0.0006665571760562204
2019-11-12,111.49983727906086,112.05205998373835,111.09596728167288,111.78006744384766,0.004592830048077978,0.004582315187173252
2019-11-13,112.76089107853126,112.88453091714265,112.2333937994266,112.50538635253906,0.006488803641631069,0.006467841983805666
2019-11-14,113.57684681945395,114.10434399676056,113.46969482864137,113.66751098632812,0.010329502181766648,0.010276517432468478
2019-11-15,113.31309740777958,113.87357025999538,113.27188413420815,113.54387664794922,-0.0010876840471485405,-0.0010882760047225537
2019-11-18,113.91477679058225,114.24445780658817,113.68398498754858,113.74992370605469,0.0018146910620668866,0.001813046499522898
2019-11-19,114.04663981996816,114.763715511881,114.04663981996816,114.6977767944336,0.008332779992259898,0.008298254046537808
2019-11-20,115.31589518593965,115.88460540771484,115.2005056175012,115.88460540771484,0.010347442177613742,0.010294273854045558
2019-11-21,115.0933859346147,115.45604255895078,114.66479059889721,115.1593246459961,-0.006258646341910645,-0.0062783137728664095
2019-11-22,115.47252365036805,115.6208763099367,115.12634229166278,115.30767059326172,0.0012881800733171023,0.0012873510812174873
2019-11-25,115.63736174315817,115.82692766308908,115.53844739563236,115.64559936523438,0.0029306703555280755,0.0029263843131047463
2019-11-26,116.21430494396425,116.46980955961176,116.16485406048689,116.32145690917969,0.005844213248537011,0.005827202080042384
2019-11-27,115.88464161401134,116.14014626848773,115.73627636451057,115.9835433959961,-0.002904997256417019,-0.0029092249505586654
2019-11-29,115.90116105394283,115.9506119637912,115.20882316300883,115.73632049560547,-0.0021315342948831084,-0.0021338092474427217
2019-12-02,114.05278222110809,114.4903660897897,113.89591015532748,114.1931381225586,-0.013333604925736986,-0.013423295594749841
2019-12-03,115.62156151849122,117.04991471238708,115.53074144603629,116.58756256103516,0.020968198946478944,0.020751391730241996
2019-12-04,115.86917551769899,116.00127964262563,114.9362200559936,115.42333984375,-0.00998582260158043,-0.010036015351576106
2019-12-05,114.48213193729372,115.12612386578083,114.43259603481687,114.8619155883789,-0.004864044448298799,-0.004875912412339047
2019-12-06,113.96198799258582,114.8619238809377,113.82163205938694,114.2261962890625,-0.005534639537047026,-0.005550012402869102
2019-12-09,114.75462436476046,114.85369619765663,114.40786035147623,114.4738998413086,0.0021685354173857085,0.0021661875381509834
2019-12-10,114.91145151164753,115.05182003288274,114.27572396555423,114.48213195800781,7.191260811967304e-05,7.191002253202657e-05
2019-12-11,115.01056338139777,115.70409137811446,114.95276308259785,115.38209533691406,0.007861168931029061,0.00783043092854459
2019-12-12,114.9197667245053,114.99407061109947,112.78963378842452,113.48316192626953,-0.016457782337022664,-0.016594716133311233
2019-12-13,114.03634104287477,115.2665378324855,113.30152872377651,114.7959213256836,0.011567878239654439,0.01150148188885666
2019-12-16,114.26749878817313,114.31704730580309,113.46663449482553,113.76386260986328,-0.00899037791501578,-0.009031035229069498
2019-12-17,114.11060778017092,114.21793137674045,113.28497575472424,113.60697174072266,-0.0013790923193128801,-0.0013800441423273242
2019-12-18,113.35923363968591,113.48307335402072,112.51708578778972,112.67395782470703,-0.00821264665116661,-0.008246556219498552
2019-12-19,112.46556402060982,113.1767438272367,112.26709083563378,112.85423278808594,0.001599970098320025,0.0015986915097828689
2019-12-20,112.5731215554386,113.03621323966054,112.40772085252902,113.00312805175781,0.0013193591413753758,0.0013184895518866026
2019-12-23,113.13540338401458,113.26771885202642,112.46557367736378,112.83769989013672,-0.0014639255078436886,-0.0014649980937082856
2019-12-24,112.39946011949328,113.34218611757466,112.37465253677819,113.1602554321289,0.0028585795554698645,0.0028545015865496493
2019-12-26,113.21814798922667,113.47450142233141,112.88735918981531,113.43315124511719,0.002411587106675883,0.0024086838971143568
2019-12-27,113.65645080598173,113.81357393426393,113.53240025393049,113.55722045898438,0.0010937650281714895,0.0010931673030106126
2019-12-30,112.37465721249875,113.20987530803168,112.18446153100174,113.14373016357422,-0.0036412505848494314,-0.0036478960745937716
2019-12-31,112.63929892413259,112.84603722046194,111.95292626612267,112.03561401367188,-0.00979388029986561,-0.009842155807163617
2020-01-02,113.11894967524121,113.7308997318914,113.01971930541427,113.3008804321289,0.011293430482762545,0.011230135793706752
2020-01-03,114.34278999463375,115.07877762869353,114.02027884304128,115.04569244384766,0.015399809825519917,0.015282436240928527
2020-01-06,115.51709768336116,115.53364028093841,114.24358265431266,114.39244079589844,-0.005678193021160349,-0.0056943752454223255
2020-01-07,114.3013937761433,114.508131934092,113.82175973550682,113.83002471923828,-0.004916549316957286,-0.004928675307230119
2020-01-08,114.06163931017907,114.37588553783857,112.73025688274538,113.07757568359375,-0.006610286148144517,-0.006632230850258756
2020-01-09,112.46562635871832,113.6564408920333,112.391203604962,113.4745101928711,0.0035102849249970536,0.003504138255045059
2020-01-10,113.8465878571827,114.50815260570685,113.8135152979906,114.48334503173828,0.008890409283569323,0.00885112227497961
2020-01-13,114.02031256565412,114.19396567340151,113.61510095040259,114.1360855102539,-0.003033275463676488,-0.003037885167723965
2020-01-14,114.2683560183537,114.79761803587468,114.23528345140915,114.72318267822266,0.005143834794614666,0.005130650469085195
2020-01-15,115.37647534255102,115.57493596834593,114.96299888107801,115.48397064208984,0.006631510267641971,0.0066096185336362336
2020-01-16,115.16147000156329,115.38475084423041,114.73146352762095,115.12013244628906,-0.003150551490201159,-0.0031555249263389715
2020-01-17,113.772224079139,114.23531585753813,113.59029336358154,114.1360855102539,-0.00854800038120418,-0.00858474407638228
2020-01-21,114.78933680955313,115.48397425818659,114.75626424365181,115.33512878417969,0.01050538283808633,0.010450584752928501
2020-01-22,115.54189078357946,115.88920957932531,115.43438284026412,115.74036407470703,0.003513546087815511,0.0035073880050162038
2020-01-23,116.47631274630636,116.91459674273852,116.41841999063092,116.55073547363281,0.007001631672790554,0.006977234065589721
2020-01-24,116.94769248522711,117.88215341899185,116.84846216245614,117.49348449707031,0.00808874366692236,0.008056205126046077
2020-01-27,119.03991437097808,119.32107543945312,118.66778794290173,119.32107543945312,0.01555482799923591,0.015435091717451692
2020-01-28,119.02334141618884,119.15565692700794,118.10543568292313,118.3865966796875,-0.007831632059332239,-0.007862460352408361
2020-01-29,118.61815857647136,119.66011497408365,118.60988096948579,119.54434204101562,0.009779361801070863,0.009731853326385135
2020-01-30,119.82550100295002,120.46225843296038,119.32105909938652,119.56088256835938,0.00013836311331294482,0.00013835354202024772
2020-01-31,120.04877074883811,120.72687829529508,119.98261299174705,120.6524429321289,0.009129744949360141,0.009088320765203748
2020-02-03,120.0660308677592,120.73697390963903,119.37851774208943,120.55474090576172,-0.0008097807553067993,-0.0008101088048533944
2020-02-04,119.27079228697056,119.39503626356205,118.50044171430783,118.9311752319336,-0.013467456042208004,-0.013558964750077873
2020-02-05,117.87092868298319,118.20225441056584,117.5395903161342,117.63070678710938,-0.010934630405258439,-0.010994852885733453
2020-02-06,117.77153579400706,118.35137484973565,117.62244298946058,118.16085052490234,0.004506848188478907,0.004496722759298262
2020-02-07,119.46131232679697,119.89204587469551,119.17139284202052,119.63525390625,0.012477934737249674,0.012400726908990415
2020-02-10,120.19022740437921,120.31447137246606,119.84231901520745,119.9665756225586,0.0027694321321725113,0.0027656043206194143
2020-02-11,119.76778003933846,119.87546657784796,119.22937262532118,119.36190795898438,-0.005040301104172862,-0.005053046266122425
2020-02-12,118.7573013305664,118.90640684256832,118.44254549727121,118.7573013305664,-0.005065323089722407,-0.005078195325142934
2020-02-13,118.81520572213586,119.44472957978005,118.67439167394959,119.21279907226562,0.0038355346289935532,0.0038281977207081258
2020-02-14,119.90859122011366,120.17366188109229,119.65181191683111,119.73464965820312,0.0043774711272499545,0.004367917869774416
2020-02-18,120.38907798567433,120.97719588714578,120.04118206170962,120.55474090576172,0.006849239129188112,0.006825889647685892
2020-02-19,120.20674690595241,120.62091018789329,120.0907816925794,120.5463638305664,-6.948772924542101e-05,-6.949014362952621e-05
2020-02-20,121.00202034597696,121.71438213435961,120.93575266342181,121.49073028564453,0.007834051771196338,0.007803524916608011
2020-02-21,122.42672841561048,123.3213230578893,122.30247178683298,122.62551879882812,0.009340535780100412,0.009297182727174646
2020-02-24,124.93654683749881,125.04423337819647,124.24903399932404,124.45611572265625,0.014928352122459021,0.014818020960314692
2020-02-25,124.42299806078195,125.70689473569624,124.36500910680964,125.11878967285156,0.005324559153621955,0.005310433807175039
2020-02-26,124.20761512680453,125.67375726699085,123.90113822083777,124.45611572265625,-0.005296358380128208,-0.005310433807175066
2020-02-27,126.48551113714163,126.80027939383938,124.93654392726283,125.80628967285156,0.01084859464201915,0.010790170803718978
2020-02-28,127.93508405651646,129.2024231714619,127.69487482265251,128.64744567871094,0.02258357680881895,0.022332343304811514
2020-03-02,128.82913931967946,129.8245969564495,127.55162501518124,127.7009506225586,-0.007357278266652556,-0.007384476523943523
2020-03-03,127.59306349792139,132.4791117266124,126.39021871783238,129.68353271484375,0.015525194468951176,0.01540591164580604
2020-03-04,129.74990949334617,130.5296884642582,127.90830760908555,128.30648803710938,-0.010618500660082297,-0.010675279231438834
2020-03-05,130.3472611196408,131.74920335013397,130.08179891029863,131.50033569335938,0.024892331674811752,0.024587564804569705
2020-03-06,138.78376157905453,140.46774760088712,136.13749421390833,138.34410095214844,0.05204370941491576,0.050734662325881655
2020-03-09,148.57239279160837,149.07011513899099,141.30552753530833,142.09359741210938,0.02710268406209715,0.026741910429413353
2020-03-10,140.72489278872592,143.45410732617256,134.41201537852234,134.81019592285156,-0.051257773903309656,-0.052618144143347576
2020-03-11,137.2324787662973,138.5597641035879,129.10289721366846,129.8494873046875,-0.036797725752160115,-0.03749184329266042
2020-03-12,135.63976764831514,138.00399111271614,129.12780526074624,130.6541748046875,0.006197078761750019,0.006177955832693405
2020-03-13,128.5802717460043,131.23482966336795,126.24923787703919,127.7009506225586,-0.022603366379555956,-0.02286273837091711
2020-03-16,133.04321696626204,137.82971077388984,130.91126764819865,135.97152709960938,0.06476519114956192,0.06275429705874798
2020-03-17,135.63141772088264,137.39836317659066,126.6805792707481,126.90454864501953,-0.06668291993181485,-0.06901028585123939
2020-03-18,126.78844796093138,127.86686573917092,115.31576731796831,119.74557495117188,-0.05641227024787665,-0.05806593518712532
2020-03-19,121.90232785536564,127.2944009925904,120.49209587413783,123.00563049316406,0.02722485188552093,0.026860847474680035
2020-03-20,127.17008299555067,132.25521850585938,126.18291596211333,132.25521850585938,0.07519646032145944,0.07250339866959116
2020-03-23,130.65416060298324,138.27772920565815,129.8826849685634,137.70533752441406,0.04120910373236608,0.04038263760020859
2020-03-24,133.76504792782632,137.24915827249822,133.06822839047973,135.14210510253906,-0.01861389302662697,-0.018789311760983578
2020-03-25,135.70615931546754,138.2694672481108,134.07194386529895,134.8351287841797,-0.0022715075965884512,-0.002274091383438317
2020-03-26,136.04625503869815,137.43989352670107,134.6111365023284,135.49874877929688,0.004921714401143973,0.004909642358714187
2020-03-27,137.3071566553898,139.57182522326102,136.5356683647503,139.11557006835938,0.026692654520033,0.02634262084119676
2020-03-30,139.61328508119084,141.1147687446611,137.65554632878292,137.9707794189453,-0.008229061986746222,-0.008263107621745182
2020-03-31,137.45644386046018,138.4684959569708,136.51075728840118,136.8508758544922,-0.008116961933313127,-0.00815008382333659
2020-04-01,139.96449882036683,140.36326721325267,138.23654047984184,138.76821899414062,0.014010455743718175,0.013913216500166914
2020-04-02,140.25527711156852,140.57926853415478,138.95099582306955,139.64883422851562,0.006345943190437353,0.006325892475373897
2020-04-03,140.0226953655871,141.50142703163203,139.68208535764373,139.9811553955078,0.002379691666085648,0.002376864683881894
2020-04-06,138.73506979311748,139.79012447202422,138.34461678618874,139.61566162109375,-0.0026110212719804293,-0.0026144359331521944
2020-04-07,137.04034867365172,138.25323500925612,136.00191251415765,138.15354919433594,-0.010472409826956741,-0.010527631384283906
2020-04-08,137.1649339549178,138.0621441740456,136.35080368572096,137.1483154296875,-0.00727620658687822,-0.007302807291385306
2020-04-09,136.47537528587276,137.7298010743517,136.06000099715845,137.3975067138672,0.0018169474659530671,0.0018152988136137648
2020-04-13,136.8658595545268,137.66338394949827,136.1431121826172,136.1431121826172,-0.009129674629848261,-0.009171605514611488
2020-04-14,136.1099090576172,136.85759074104848,135.81083891948936,136.1099090576172,-0.00024388398698760305,-0.00024391373152339983
2020-04-15,138.56892240019633,140.06427299153742,138.5190794931887,139.71534729003906,0.02648916788928024,0.02614440495091558
2020-04-16,140.61255513458863,141.49315962215164,140.41318351011742,141.3020782470703,0.0113568837483351,0.01129287848842459
2020-04-17,141.07774136054877,141.92509585386634,138.95932977481806,139.40792846679688,-0.013404967596877593,-0.01349562526194751
2020-04-20,139.93137017579014,140.63749925329856,139.53261418636043,140.52951049804688,0.008045324563567657,0.008013133483097725
2020-04-21,142.83061358137496,143.0133793039382,141.8752576757917,142.29893493652344,0.012591123616709332,0.012512514582710079
2020-04-22,141.2023824040984,141.55129539835926,140.15564342131583,140.84515380859375,-0.010216387976327401,-0.010268933457678889
2020-04-23,141.1193015487521,141.99989329191982,140.90331141355557,141.59283447265625,0.0053085295719765835,0.005294488996820932
2020-04-24,140.9033227735025,141.92514038085938,140.87009839472492,141.92514038085938,0.00234691190017311,0.002344162203795934
2020-04-27,140.94480709618264,141.01957142607515,139.10054423486355,139.28330993652344,-0.018614252818397903,-0.01878967837697124
2020-04-28,140.02265438309607,141.10262990796957,139.93957446725372,140.88662719726562,0.011511194424320248,0.011445444716494056
2020-04-29,140.8368164264508,141.4432593864685,139.5325476486414,140.15560913085938,-0.00518869733024907,-0.005202205366576276
2020-04-30,140.18058669619882,140.58764558143088,138.49416728994882,138.5190887451172,-0.011676453021685407,-0.011745158144360918
2020-05-01,139.33089618199563,139.8383106996783,138.449162392207,139.70521545410156,0.008562911579406363,0.008526457804527739
2020-05-04,139.38079057543501,139.48060565386947,138.48241679154498,139.04806518554688,-0.00470383490278925,-0.0047149327494874485
2020-05-05,137.72549471549758,138.30777062134572,137.4759442722304,138.1580352783203,-0.006400879480335853,-0.006421452948580027
2020-05-06,135.77900611789116,136.1200579539693,134.79745715668548,135.92874145507812,-0.016135824592114822,-0.016267424579399677
2020-05-07,136.05347214307247,138.3909014061371,135.87046938934807,138.1995849609375,0.016706132062657586,0.016568119620081256
2020-05-08,136.8270867460064,137.5840388892425,136.1532969087629,136.40284729003906,-0.013001035215889356,-0.013086288400157242
2020-05-11,136.13672428597727,136.60254508231853,134.83907701255094,135.33816528320312,-0.007805423625593777,-0.007836045392569418
2020-05-12,135.72082242569155,137.19314627484684,135.69586864470017,136.72732543945312,0.010264363739105775,0.010212042879930182
2020-05-13,137.32617656220484,138.32436540734318,137.10990633176712,137.68386840820312,0.006995989760463672,0.006971631365500253
2020-05-14,139.18118369961596,139.87158836448592,138.95658704290983,139.0314483642578,0.009787493419776583,0.009739906160768648
2020-05-15,139.99639866001272,140.1544477215169,138.35769948441347,138.67379760742188,-0.0025724450190499626,-0.0025757594410704384
2020-05-18,137.19305087413733,137.3011923116783,135.1051722628342,135.6292266845703,-0.021954911276538147,-0.022199507020805063
2020-05-19,135.18833104488033,136.16987938533333,135.15505090536928,136.13661193847656,0.0037409728441957224,0.0037339928079531117
2020-05-20,135.72917063060652,137.00186455540995,135.48794645547048,136.5443572998047,0.0029951190610824074,0.0029906426280599096
2020-05-21,137.13491119520145,137.5508244266933,136.66076401882177,136.88536071777344,0.002497381984229552,0.0024942687081244445
2020-05-22,137.01838414419709,137.8169300220034,136.92688277354657,137.70880126953125,0.006015548685703198,0.005997527508108678
2020-05-26,136.17825006451767,136.24478497987462,135.57100790112452,135.86215209960938,-0.013409812248002306,-0.013500535749898908
2020-05-27,135.41302797258348,136.34468226723735,135.2466652140376,135.6126708984375,-0.0018362818291658423,-0.001837969861429081
2020-05-28,134.72260917789143,135.2300237890297,134.4730587196382,135.11355590820312,-0.003680445100946117,-0.0036872346030625996
2020-05-29,135.3464166538883,136.49432792500988,135.04695878040926,136.0784149169922,0.00714109700024923,0.007115720108009816
2020-06-01,135.01234689400752,135.2955282745478,134.6541952700507,135.16226196289062,-0.006732536932182898,-0.006755302697392682
2020-06-02,134.65428273684358,135.00409750044008,134.30446797324706,134.6709442138672,-0.0036350216538868496,-0.0036416443991850586
2020-06-03,133.41317950248722,133.53812143827582,132.3803973368965,132.880126953125,-0.01329772558732667,-0.013386932051567007
2020-06-04,132.36380325597074,132.4387608302192,130.92289703427411,130.95620727539062,-0.01447861107487547,-0.014584448997155913
2020-06-05,128.77394197055773,130.0649322186225,127.56624633551921,130.02328491210938,-0.00712392625512881,-0.007149422579221795
2020-06-08,129.15713815207138,130.63969143374817,129.14047668009204,130.52308654785156,0.0038439394611513578,0.0038365704039639154
2020-06-09,132.47200406565187,132.96340925755453,131.84733257151234,132.00558471679688,0.011358129876907208,0.01129411062301964
2020-06-10,132.630250527866,134.012847050165,132.4719983893624,133.96287536621094,0.014827332143660499,0.014718481907742996
2020-06-11,135.97017539040823,136.78640933194168,135.45378430418967,136.49490356445312,0.018900969326915762,0.018724565344117587
2020-06-12,135.2705282928253,136.31164741451323,134.9706854774202,135.1789093017578,-0.00964134358374702,-0.009688122252432539
2020-06-15,136.50324956016402,136.7781066134774,135.04568236497266,135.25390625,0.0005547977020199379,0.0005546438586735147
2020-06-16,132.7718515680664,134.2877145052412,132.18049027416845,133.17996215820312,-0.015333709386281535,-0.01545248646787899
2020-06-17,133.48818692723202,133.90463474456752,132.71358737831903,133.72972106933594,0.004127940136217756,0.004119443565531388
2020-06-18,134.96240707978458,135.3288832034185,134.60426804649273,135.14564514160156,0.010587953530027283,0.010532293687890675
2020-06-19,134.0961819576071,135.3455252677711,134.0212244091518,135.25390625,0.0008010698996996357,0.000800749214456969
2020-06-22,135.9201650293555,136.1117273602304,134.98732650442898,135.2705078125,0.00012274368231057764,0.00012273614992116657
2020-06-23,134.4959080718162,134.97898879397968,134.1960653031965,134.3459930419922,-0.006834562725152815,-0.00685802531444361
2020-06-24,134.5376134962688,135.83692848530666,134.52928911622828,135.78695678710938,0.010725766451901375,0.01066865344315802
2020-06-25,136.76979777190994,136.88640265241378,136.0951416322318,136.17843627929688,0.0028830419463723445,0.002878893951589545
2020-06-26,136.80303013234564,137.69423405451872,136.74472137079567,137.63592529296875,0.010702788587486856,0.010645919160159768
2020-06-29,137.30283696781947,137.6526515749313,136.9113750412706,137.202880859375,-0.003146303791484506,-0.003151263811811553
2020-06-30,137.61926528548358,137.66923696221357,136.16169873899085,136.5364990234375,-0.004856908482996802,-0.004868741593440524
2020-07-01,135.76273027345624,136.38813442081795,135.21237157004677,136.27139282226562,-0.0019416507898475377,-0.001943538237314031
2020-07-02,135.6709253619927,136.53815907017042,135.28735149881115,136.41307067871094,0.0010396742376450607,0.0010391341506954261
2020-07-06,135.3624801098175,135.93785398215803,134.87883269138462,135.85446166992188,-0.0040949815586567295,-0.004103388955579352
2020-07-07,136.2714449344221,137.87247863706074,136.08799196313058,137.7640838623047,0.014056381872996626,0.013958507048224267
2020-07-08,137.02189702330458,137.52221274918475,136.61329503187025,137.21368408203125,-0.003995234206497278,-0.00400323647575091
2020-07-09,137.30542250796233,139.63192073720413,137.25539220340175,139.3984375,0.015922270672818817,0.015796840986326187
2020-07-10,140.04880563583617,140.2656205080666,138.55618029273288,138.69793701171875,-0.005025167432606614,-0.005037836045557619
2020-07-13,138.0058683428414,139.22332752310498,137.78071925476138,139.1566162109375,0.003307036925718654,0.0033015807050774384
2020-07-14,140.03213909372556,140.20725783754426,139.23996312399453,139.35670471191406,0.0014378655246494176,0.001436832785857072
2020-07-15,138.35607403065262,139.21496137957106,138.2810285863114,138.706298828125,-0.004667201948651223,-0.004678127342934717
2020-07-16,139.59017229694805,139.8987135993221,139.28997785812953,139.3650360107422,0.00474915117902075,0.004737909538676005
2020-07-17,139.48175243511008,139.5901471268902,138.81465238870334,139.07315063476562,-0.0020943945793840957,-0.002096590890875587
2020-07-20,139.68194788269437,139.77367434694165,139.0899056602744,139.4151153564453,0.002458883832852532,0.002455865724440347
2020-07-21,139.506836246042,139.85706107993258,139.32338332487822,139.4984893798828,0.0005980271452226127,0.0005978483982495454
2020-07-22,140.30728030516403,140.47406486306585,139.83197994199472,139.9153594970703,0.002988348612523506,0.002983892374463075
2020-07-23,140.85765887244668,141.65818160322436,140.4907531510018,141.54977416992188,0.01168145283496047,0.011613751388894011
2020-07-24,140.93273751468274,141.69156427888498,140.8159959143347,141.54147338867188,-5.8642137005682216e-05,-5.864385652302295e-05
2020-07-27,141.96672697938146,142.00842312973117,140.91605269951364,141.01611328125,-0.003711704384899539,-0.003718609852284789
2020-07-28,141.37462946212074,142.04172949450037,141.28290304862008,141.99169921875,0.00691825859328743,0.0068944372473510995
2020-07-29,141.79992346818366,142.08343686910771,140.90767440048776,141.74989318847656,-0.0017029589166399628,-0.0017044105995141416
2020-07-30,142.63380760663406,142.80891360060232,142.38364346280252,142.683837890625,0.006588680112136869,0.00656706963042512
2020-07-31,141.88333617656747,142.97571934219613,141.7082301566802,142.59213256835938,-0.0006427169581457726,-0.0006429235892315289
2020-08-03,141.28152108399445,141.90762092666594,141.0561215739832,141.8742218017578,-0.005034715125376121,-0.005047432005441933
2020-08-04,142.6088062576941,143.23490590966887,142.5169777992166,143.2265625,0.00953196909958609,0.009486826520526348
2020-08-05,141.9660548602291,142.3834547687858,141.6571830040681,141.9744110107422,-0.008742452987781646,-0.008780892430568931
2020-08-06,143.06790801806977,143.7941793324338,142.4334523981413,142.7673797607422,0.005585293464890562,0.00556975354981812
2020-08-07,142.9845566916572,143.16821372831092,141.56539910318247,141.8158416748047,-0.006664954470216866,-0.006687264464581015
2020-08-10,142.09962030719203,142.12466328167915,141.13960565042944,141.18133544921875,-0.004474156188001288,-0.004484195180001958
2020-08-11,139.55345813407732,139.8206001404906,138.4765721735496,139.5033721923828,-0.011885163513271069,-0.011956356726727596
2020-08-12,138.326279751885,138.63516424024394,137.73357921811697,138.2344512939453,-0.009095987276118267,-0.009137608350468533
2020-08-13,138.00078660245305,138.22618617014965,136.21431510368254,136.75694274902344,-0.010688424854235934,-0.010745956382013002
2020-08-14,136.74849241365567,137.0323211623624,136.20587788006762,136.22256469726562,-0.003907502178799871,-0.003915156411231435
2020-08-17,136.88209304020387,137.29114943470384,136.431294117607,136.5648651123047,0.002512802602122388,0.002509650792476621
2020-08-18,137.20768067062212,137.6334239364889,136.98228118255963,137.54159545898438,0.0071521349644103616,0.0071266797478339305
2020-08-19,138.050849219417,138.25120577215887,136.32282012739506,136.68177795410156,-0.006251327113180216,-0.006270948474291114
2020-08-20,138.06755523132873,138.28459862007585,137.6835416718147,137.91729736328125,0.009039386432290852,0.00899877572586623
2020-08-21,138.38477082650252,138.85225669132777,137.75031480592443,138.7437286376953,0.005992223529708518,0.005974341557917202
2020-08-24,138.8439099587762,139.38652473789477,138.4598964429753,138.51832580566406,-0.0016245983457735536,-0.0016259194366880529
2020-08-25,137.1993744585395,137.81711825830385,136.7652749255436,137.45816040039062,-0.0076536111673830565,-0.007683050356267898
2020-08-26,136.94878267703857,137.18252538513022,136.30598386077537,136.9320831298828,-0.0038271810780491355,-0.003834523475327538
2020-08-27,137.54158931041448,137.59168799065864,134.53631813540187,134.6031036376953,-0.017008282054530754,-0.017154584154828366
2020-08-28,135.0454958785361,135.2792386800251,134.10216852665224,134.50286865234375,-0.0007446706847218376,-0.0007449480896616135
2020-08-31,134.90363517979816,136.28104957492903,134.8702360588553,135.3961639404297,0.006641459004081751,0.006619501680722304
2020-09-01,135.18969887589913,137.1202747153305,134.70496670756043,136.94476318359375,0.011437541493755976,0.01137262731950412
2020-09-02,136.65223361301676,138.36550806318803,136.63552794695505,138.24850463867188,0.00952019942033333,0.009475167902253476
2020-09-03,138.52433870685417,139.76959979650806,138.26526053608532,138.64134216308594,0.0028415318157746228,0.0028375022957793086
2020-09-04,137.40440094366437,137.64676061078447,135.76634034901852,136.0087127685547,-0.018988776027820342,-0.019171378124244503
2020-09-08,137.37100684611733,138.1148172487475,136.84449768066406,136.84449768066406,0.006145083613368296,0.006126279582634692
2020-09-09,137.01168154153657,137.27075977835605,136.0254983712294,136.476806640625,-0.002686926009236368,-0.00269054227413592
2020-09-10,135.77467650726305,137.35422867471064,135.34843984542886,137.1703643798828,0.00508187256376913,0.005069003430508036
2020-09-11,137.32087693564839,137.538178192772,137.12865969101082,137.46295166015625,0.002133021090934273,0.002130749431205618
2020-09-14,137.72200556263314,137.9643780370806,137.25399178739258,137.45457458496094,-6.094060322536787e-05,-6.094246017937159e-05
2020-09-15,137.20386690504526,137.45459224611596,136.886280622861,137.12030029296875,-0.002431889175034896,-0.002434851020408933
2020-09-16,137.71364280527206,137.80557498681435,136.20930381295184,136.71075439453125,-0.0029867634300864143,-0.00299123270931841
2020-09-17,137.81397981898033,137.8641350979967,136.89467040911236,137.12867736816406,0.0030569868148540014,0.003052323731566635
2020-09-18,137.20389163337651,137.26239974955357,136.51022359077632,136.70245361328125,-0.0031082029161448865,-0.0031130434115925264
2020-09-21,137.8055602262903,138.2317842482868,137.1787534426631,137.3960418701172,0.005073707446378695,0.0050608795644036635
2020-09-22,137.42955033398476,137.79727921242397,136.95317080898218,137.2874755859375,-0.0007901703913880676,-0.0007904827405619991
2020-09-23,137.31248984990066,137.50470704659347,136.62717490594318,137.47128295898438,0.0013388502648359335,0.0013379548039896584
2020-09-24,137.86407837715552,137.99778747558594,137.5799162559991,137.99778747558594,0.003829923641278876,0.003822608156279871
2020-09-25,137.98943464206454,138.24851275782157,137.6551427673621,137.99778747558594,0.0,0.0
2020-09-28,137.78892121204203,137.81399247764168,137.37104978214933,137.6050567626953,-0.0028459203591224558,-0.002849977690190158
2020-09-29,137.73041562083557,138.09814449223632,137.52983275850158,137.7638397216797,0.0011539035172101197,0.0011532382822420726
2020-09-30,137.06181361266096,137.06181361266096,135.84998915254573,136.443359375,-0.009585101209050317,-0.009631333959228642
2020-10-01,135.95727350392715,136.98631138303443,135.61427364319357,136.66839599609375,0.0016493043129732765,0.00164794570424923
2020-10-02,136.87756512726094,136.92775961233679,135.6812079151929,136.1580810546875,-0.003733964518181865,-0.003740953166026199
2020-10-05,134.65219219938683,134.65219219938683,133.45584766832772,133.4976806640625,-0.01953905614721796,-0.019732467027631234
2020-10-06,133.29690093210152,135.037049019884,132.75309747399754,134.2171630859375,0.005389475070248784,0.005375003821154615
2020-10-07,133.48928167105424,134.20876566120873,132.9036581361926,133.23829650878906,-0.0072931550231148945,-0.007319880097565863
2020-10-08,133.83229273381838,134.06654214502063,133.57294608324702,133.95777893066406,0.00539996713202906,0.005385439584900103
2020-10-09,133.45583312581806,134.08328969655264,132.86183528864257,133.9326934814453,-0.0001872638484976541,-0.00018728138456141252
2020-10-12,134.21707930328043,134.426231402998,133.94937125377004,134.35931396484375,0.003185334904487247,0.003180272472771884
2020-10-13,134.86967862126528,135.38837187056367,134.84456861877044,135.32144165039062,0.007160855895696372,0.007135338711287609
2020-10-14,135.8066290316177,136.15800299133264,135.50544952820061,135.6309356689453,0.0022871025816757484,0.0022844911435594677
2020-10-15,136.4007023668113,136.52620135468746,135.22945507379535,135.3967742919922,-0.0017264599392330382,-0.0017279519887503723
2020-10-16,135.24613628766392,135.7983009741288,134.7776375593784,135.02024841308594,-0.0027809073065082623,-0.002784781212881826
2020-10-19,134.27571454277063,134.67728319880044,133.89924312989035,134.5099639892578,-0.003779317767709456,-0.0037864774338993174
2020-10-20,133.74025118977323,133.86573737340993,132.9789343006862,133.22991943359375,-0.00951635490562086,-0.009561924747263431
2020-10-21,132.84508236441548,133.3303169149273,132.49370826210725,132.76979064941406,-0.0034536445427262308,-0.0034596221400058184
2020-10-22,132.4267294405129,132.71118597996545,131.32241306217875,131.38934326171875,-0.010397300326702053,-0.010451729862614426
2020-10-23,131.18857723295108,132.35983679581662,131.1383827653029,132.1925048828125,0.006112836864508253,0.006094229268870595
2020-10-26,133.19642717241493,133.87407792471322,133.029095282182,133.42230224609375,0.009303079356665966,0.009260072240550978
2020-10-27,134.04982970517756,134.44303687784463,133.77374725847702,134.3175506591797,0.006709885813802607,0.0066874747246953034
2020-10-28,135.0118936235217,135.07882384026004,134.02468888367298,134.4429931640625,0.0009339248986242055,0.0009334890621040138
2020-10-29,134.46805206909838,134.55171800758046,132.5773218563244,133.13784790039062,-0.009707796836084914,-0.00975522469205879
2020-10-30,133.0458430646689,133.313563900765,131.82440185546875,131.82440185546875,-0.00986530926881557,-0.009914293864011901
2020-11-02,132.91235587960625,133.3227389025601,132.60248238474173,132.81185913085938,0.007490701732697946,0.007462785746681738
2020-11-03,132.20047968658417,132.30934690220474,131.52208830951912,132.04135131835938,-0.0058014985825988186,-0.005818392647785146
2020-11-04,135.37458031309095,135.81845783464928,134.45331784608055,134.90557861328125,0.02169189626071044,0.02145997496071647
2020-11-05,135.37463766800715,135.45839348388898,134.4868822487703,135.14013671875,0.0017386835139052703,0.0017371737534682392
2020-11-06,133.68285783182995,133.93411247751396,133.1133592289988,133.50698852539062,-0.01208484934981413,-0.012158464830878499
2020-11-09,130.62593665911953,130.7766817490836,129.50368061381076,130.70130920410156,-0.02101522438846315,-0.021239187531137696
2020-11-10,129.78007198034916,130.49194516202073,129.6293140964217,129.94757080078125,-0.005766877224950284,-0.005783569868635178
2020-11-11,129.83031271469437,130.60081746685,129.7884348172135,130.41656494140625,0.0036091027922637853,0.003602605608757349
2020-11-12,131.43837251157154,132.6611257787503,131.24574944771223,132.63600158691406,0.017018057840313183,0.01687487289729574
2020-11-13,132.62759709565935,132.74484755393397,132.25072153544394,132.46009826660156,-0.001326210969932129,-0.0013270911660037046
2020-11-16,132.09998305366096,132.5606144857582,131.99948629732825,132.14186096191406,-0.002402514484376894,-0.00240540515314458
2020-11-17,132.97091515179565,133.29754218684442,132.82015733136174,133.00440979003906,0.0065274457453994295,0.006506234226078796
2020-11-18,133.53206881777402,133.6409487769596,132.6191895918983,133.3896942138672,0.002896779320598064,0.002892591740429855
2020-11-19,133.97598031179803,134.60411048912556,133.8671003250054,134.07647705078125,0.005148694889523631,0.005135485680714557
2020-11-20,134.4449938121872,135.29087125724087,134.32774334674073,135.2657470703125,0.008870087025637075,0.008830978895257281
2020-11-23,134.68781294302985,134.83018752664373,134.23555223805772,134.64593505859375,-0.004582180079902742,-0.004592710447385228
2020-11-24,133.99274635487822,134.01787054193537,133.17198031320402,133.3059844970703,-0.009951659966120241,-0.010001508728514649
2020-11-25,133.37295384321874,133.92571138144712,132.845320485879,132.89556884765625,-0.0030787488720964706,-0.0030834979694288533
2020-11-27,133.67448402183416,134.22724167265562,133.6493598358279,134.18536376953125,0.009705326769424039,0.009658532610363863
2020-11-30,134.02623851107433,134.44499199333833,133.80010805243595,134.0178680419922,-0.0012482414090014826,-0.0012490211112143187
2020-12-01,132.92215180977706,133.08144246177778,131.35440789115808,132.0418701171875,-0.014744287113905852,-0.014854064511153517
2020-12-02,131.52208328887224,131.5639911067307,130.34837016422898,130.99391174316406,-0.007936561130900133,-0.007968223269125645
2020-12-03,131.57232722145685,132.31008871372592,131.27051686483483,132.05018615722656,0.008063538221024347,0.008031201612049878
2020-12-04,130.52441841430883,130.60824683392494,129.75312787502705,130.11361694335938,-0.014665403133634292,-0.014774003242280634
2020-12-07,131.07773277154448,131.52206302833977,130.9352001602353,131.28732299804688,0.009020624299441504,0.008980181498984855
2020-12-08,132.1005165193986,132.5196969166159,131.79031432664584,131.90768432617188,0.0047252188098483305,0.0047140900070303405
2020-12-09,131.24534927021523,131.89089048841169,130.7926274004894,131.47171020507812,-0.003305145741287596,-0.003310619800510201
2020-12-10,131.82387385631188,132.70414257632916,131.4801428136614,132.6370849609375,0.008864072385166066,0.00882501711833739
2020-12-11,133.00598586770732,133.62637769848186,132.7293379568607,133.10659790039062,0.0035398315606181008,0.003533581102914666
2020-12-14,132.0334356980832,133.0394660135149,131.71485452778816,132.73765563964844,-0.002771780411804148,-0.0027756289082328384
2020-12-15,132.27662519072553,132.788026019258,131.88259441501805,132.29339599609375,-0.0033468998786655435,-0.003352513276551156
2020-12-16,131.27059268952524,132.36884376838253,131.11130202146938,131.9412841796875,-0.0026615978352890757,-0.0026651461843914884
2020-12-17,132.70830196242596,132.98525118959012,131.28159149417735,131.5921173095703,-0.0026463807161499764,-0.002649888571711669
2020-12-18,131.86065263818028,132.07886202242855,131.07176936897662,131.19766235351562,-0.0029975576358174383,-0.0030020593099767353
2020-12-21,131.92781118343356,132.04530363509954,131.29838459114072,131.71800231933594,0.0039660765023255,0.0039582323544011784
2020-12-22,132.2298911231162,132.45648820425038,131.82706182776508,132.39773559570312,0.0051605191727646105,0.005147249326981912
2020-12-23,131.44103738003457,131.49979000170734,130.46753409926157,131.48300170898438,-0.006908984376530647,-0.006932961913193548
2020-12-24,131.6760707950656,132.12086467332438,131.63411925636646,132.0033721923828,0.003957701578415351,0.0039498904800714645
2020-12-28,131.23968636671253,132.1376619307055,131.00470138889827,132.0621337890625,0.00044515223894459055,0.0004450531880807242
2020-12-29,131.2479657395952,132.00327214379385,131.22278971316928,131.89418029785156,-0.0012717762949310263,-0.0012725856887212028
2020-12-30,131.6089067408194,132.20475672700752,131.49140148671964,132.17958068847656,0.002163858860038337,0.002161521089251857
2020-12-31,132.14608094868333,132.6664030714464,132.13768039462414,132.37266540527344,0.0014607756795048665,0.0014597097846079168
2021-01-04,131.4829737413438,132.75021424949642,131.37386907042494,132.21310424804688,-0.0012053935511386893,-0.0012061206222752196
2021-01-05,131.71803569053458,131.71803569053458,130.63542731202392,131.2312774658203,-0.007426092805328466,-0.007453803505896753
2021-01-06,129.09125219680627,129.11642824543074,127.80720968835095,128.537353515625,-0.020528063143307906,-0.02074169248608354
2021-01-07,127.38753909853392,127.70645265679241,126.94274534923461,127.40432739257812,-0.00881476156196992,-0.008853841395099997
2021-01-08,127.12740914223671,127.53025146315586,126.43924258734212,126.9931411743164,-0.0032274117110222544,-0.0032326310371668717
2021-01-11,126.72451917696476,126.9007642090095,126.29651382158941,126.78327178955078,-0.001652604092039489,-0.0016539711485250334
2021-01-12,126.54831354792059,126.85883938623807,125.82657051631465,126.6825942993164,-0.000794091277290021,-0.0007944067347807721
2021-01-13,127.27841824639579,128.46174299584484,127.20289014895351,128.1092529296875,0.011261678356541127,0.011198737760510762
2021-01-14,128.05061733709115,128.10096944303197,126.54837787932978,126.90925598144531,-0.009366981079038883,-0.009411127139451393
2021-01-15,127.72322506693023,127.86589353427273,127.11897461364742,127.41271209716797,0.003967055923771667,0.003959207906256318
2021-01-19,127.24490758031784,127.86594658321329,127.1525911448296,127.82398223876953,0.0032278579965232534,0.0032226596462542217
2021-01-20,127.55544830341914,127.96666563186915,127.38759090614327,127.94989013671875,0.0009850099781278931,0.0009845251741311186
2021-01-21,127.09386712066119,127.35402816057459,126.80853003209305,127.0519027709961,-0.007018273831756572,-0.007043017756604039
2021-01-22,127.43782141462664,127.57208926284027,127.0769437579258,127.46299743652344,0.0032356435170304287,0.00323042008695134
2021-01-25,128.20157906300855,128.98207454638398,128.1008749254302,128.9652862548828,0.011786077909453851,0.01171716305525085
2021-01-26,128.48696941326006,128.90658719343958,128.33590035342186,128.72195434570312,-0.001886801605656685,-0.0018885838579968043
2021-01-27,129.301059176817,129.66192440543864,128.8478646970115,129.04928588867188,0.0025429348445848987,0.0025397070566512523
2021-01-28,128.73872117991624,128.7890860669545,127.69807735070758,128.3358917236328,-0.0055280752630780805,-0.005543411617597675
2021-01-29,127.07705406714415,127.975042313322,126.97634989214069,127.56381225585938,-0.006016083711297915,-0.0060342532525478705
2021-02-01,127.4260173828531,128.01416073733554,127.28318348394762,127.71168518066406,0.0011592074757698079,0.0011585361135658361
2021-02-02,126.65299497625661,126.94706016853166,126.46814813742758,126.88825225830078,-0.006447592647441991,-0.006468468152463106
2021-02-03,126.39250811352824,126.52694449686929,125.6783388655773,125.7623519897461,-0.008873163973152853,-0.008912764923793729
2021-02-04,125.32544865749689,125.60271888087668,125.02297321567882,125.42626953125,-0.0026723614275557805,-0.0026759385597034295
2021-02-05,125.27505129216875,125.66995018298495,124.36762487203113,124.37602233886719,-0.008373422858766744,-0.008408676899887793
2021-02-08,124.60288686845375,125.40947961430848,124.384424516841,124.92215728759766,0.004390998670487312,0.004381386363969692
2021-02-09,125.37585303251034,125.75394411136273,124.90533855033331,125.01455688476562,0.0007396573928453165,0.0007393839811282796
2021-02-10,125.42631606417844,125.84642028808594,125.30868739430689,125.84642028808594,0.006654132319063422,0.006632091302471298
2021-02-11,125.76237073021358,125.85479415496313,124.98098317415374,125.15743255615234,-0.005474829799340886,-0.005489871606015521
2021-02-12,124.09877773888711,124.41806103249723,123.53583965106479,123.60305786132812,-0.012419355871069349,-0.012497120600570585
2021-02-16,122.01501759049474,122.38471119452144,121.54450312011812,121.72093963623047,-0.015227117012017843,-0.015344240043418125
2021-02-17,122.62842447016314,122.98972078142462,121.81342122305007,122.49398803710938,0.00635098942868173,0.006330906879840466
2021-02-18,121.50253300684534,122.33434390928934,121.25887822037552,121.99825286865234,-0.004047016318113883,-0.004055227650404998
2021-02-19,121.04040687189043,121.25886923726091,120.02376199811415,120.37664794921875,-0.013292033953793303,-0.013381163728876983
2021-02-22,120.17495927070087,120.7715126416659,119.07428874988486,119.46077728271484,-0.007608374897515535,-0.0076374662342752276
2021-02-23,118.90626570317582,119.72966613314183,118.58698249090841,119.11631774902344,-0.0028834529753327676,-0.0028876181344838175
2021-02-24,117.08300564880331,118.6205752131609,116.92336405607938,118.33490753173828,-0.006560060217203678,-0.006581671980393233
2021-02-25,117.22587159781119,117.5619498067655,114.78086224289873,116.40245819091797,-0.016330340565838708,-0.01646515025091091
2021-02-26,118.27618102574908,120.40190798840416,117.36034380889767,120.25066375732422,0.03305948711233064,0.032524775229042326
2021-03-01,118.32593190237702,118.95684649512765,117.84643065061121,118.66241455078125,-0.01320782070482529,-0.013295819677377498
2021-03-02,118.10716349993179,118.7212627212079,118.01462888001248,118.67079162597656,7.059585991919803e-05,7.059336814875093e-05
2021-03-03,117.24911222064415,117.89684163024334,116.72754769485753,117.38369750976562,-0.010845921718189655,-0.010905167499995825
2021-03-04,117.45943665918806,117.72021254778525,116.0546021874653,116.62662506103516,-0.006449553598935509,-0.006470441831369374
2021-03-05,116.23126053813708,117.21548550597377,116.0798472366177,116.85376739501953,0.0019476027353573233,0.0019457086160791272
2021-03-08,116.7864630351527,116.84534170441906,115.94524383544922,115.94524383544922,-0.007774876067958347,-0.007805257996502823
2021-03-09,117.15659739877208,117.6192705094645,116.9042290805775,117.55197143554688,0.013857641305045076,0.013762502122654138
2021-03-10,117.60241401593036,117.89683295244555,117.164976559528,117.78748321533203,0.0020034694179016377,0.0020014651495944475
2021-03-11,117.07247199005583,117.2491336660666,116.47521355913376,116.93787384033203,-0.007213070114137632,-0.0072392100798255865
2021-03-12,114.74230266833491,114.79278660648923,114.11138821927298,114.45629119873047,-0.021221376446350804,-0.021449787094637046
2021-03-15,114.81797216999344,115.32269580791224,114.75067311774126,115.12921905517578,0.005879343541517645,0.005862127647092223
2021-03-16,115.26382843669624,115.34794263325462,114.19547673613926,114.66655731201172,-0.004018630083318264,-0.004026726475407681
2021-03-17,113.69076254773934,114.01042993101653,112.84954340099769,113.80853271484375,-0.007482779785855542,-0.007510916229599749
2021-03-18,112.14293029484125,113.11874765440962,112.04198809763984,112.65607452392578,-0.010126289860932891,-0.010177909506767741
2021-03-19,112.79072401538865,113.42163870703769,112.55518355738573,113.35433959960938,0.006198201727109609,0.006179071881185943
2021-03-22,114.14502349904247,114.75070228729355,113.87582722160421,114.62451171875,0.011205324151039475,0.011143009577607046
2021-03-23,114.90215842513152,115.7013143133877,114.53201982358387,115.65926361083984,0.009027317775004207,0.008986815113006776
2021-03-24,115.29749812755283,116.32378654842849,115.2049635048186,116.28172302246094,0.005381837927963096,0.005367407589562932
2021-03-25,116.41635428545183,116.64348712149511,115.32276647915745,115.36483001708984,-0.007885099924035188,-0.007916351715176675
2021-03-26,114.75913942203688,115.44894543369341,114.59089812328769,114.9610366821289,-0.003500142416897112,-0.0035062822464048417
2021-03-29,115.10403743372007,115.12086541366133,113.53936903486269,113.98521423339844,-0.008488288527082832,-0.008524519218201168
2021-03-30,113.81693088270636,114.83479866323117,113.57297018966675,114.58244323730469,0.0052395304770260775,0.005225851895973999
2021-03-31,114.69183805649584,114.90214288475082,113.54777927734926,113.94315338134766,-0.005579300265338483,-0.005594922696317009
2021-04-01,115.02563673259957,115.92696603230107,114.81504421307945,115.83430480957031,0.016597323947085352,0.016461093671392195
2021-04-05,115.0256037665359,115.37939755550757,114.51175765203199,115.328857421875,-0.004363537973713916,-0.004373085991085685
2021-04-06,115.53944598184181,116.23018254074893,115.4130827984812,116.11225128173828,0.0067926959251629615,0.006769729510120536
2021-04-07,115.78370235187874,116.33125032009382,115.30355834960936,115.30355834960938,-0.0069647511197303835,-0.006989118205178666
2021-04-08,115.73320502853255,116.30602326903242,115.70793495872839,116.2554702758789,0.008255702945292098,0.008221811036317838
2021-04-09,115.82588573606655,116.40712314650966,115.48051091920219,115.83430480957031,-0.003622758269431592,-0.0036293363501741427
2021-04-12,115.79219199751756,115.85115121680094,115.48893826729025,115.78376007080078,-0.00043635379737139157,-0.00043644902739329385
2021-04-13,115.65742237198617,116.6766830396914,115.57318021687331,116.65141296386719,0.007493735671875168,0.007465797123961784
2021-04-14,116.27231212974763,116.44921545801,115.88482918752592,116.28073120117188,-0.0031776877217092325,-0.003182747292671755
2021-04-15,117.50212422790774,118.75724653576715,117.47685417161114,118.2265625,0.016733910070291236,0.016595440816733056
2021-04-16,117.17364124875807,117.70432546843257,117.03042707539568,117.30841064453125,-0.007766036972180035,-0.00779634967903087
2021-04-19,116.87038580580194,117.35052988793763,116.7103334939092,116.97146606445312,-0.0028722968645371605,-0.0028764298251332176
2021-04-20,116.62605328827355,117.72955526330918,116.60920229948736,117.51054382324219,0.00460862616265767,0.004598038960945352
2021-04-21,117.54427894760431,117.85596452120267,117.14837695773247,117.74645233154297,0.002007551838545174,0.0020055393992869292
2021-04-22,117.93173792271568,118.26026153564453,117.25783970673515,118.26026153564453,0.004363691592633501,0.00435419829766388
2021-04-23,118.25186428222419,118.32767447145324,117.50215575269517,117.9822998046875,-0.0023504237801237338,-0.0023531903620402786
2021-04-26,118.05815494494526,118.36140867086802,117.80545421796518,117.81387329101562,-0.0014275574721860362,-0.0014285774031431683
2021-04-27,117.58638144390014,117.7801357263288,116.69347163285106,116.7861328125,-0.008723424922776002,-0.008761696730687434
2021-04-28,116.79455498682623,116.99672834421865,116.21333068471372,116.86194610595703,0.0006491634891168108,0.0006489528736433308
2021-04-29,115.78375381102083,116.55031359508888,115.51420209514016,116.5166244506836,-0.0029549538303969003,-0.0029593283262143106
2021-04-30,116.67662064013088,116.86194299942876,116.23016573460633,116.7861328125,0.0023130464265250783,0.0023103754525710322
2021-05-03,117.00800573942472,117.80942787942547,116.65369319981566,116.85616302490234,0.0005996449297176465,0.0005994652145367209
2021-05-04,117.67446941340522,118.23968323470983,117.39607821084185,117.64916229248047,0.006786114202715465,0.006763192172307468
2021-05-05,117.28636506436986,117.97812712455983,117.19356802879282,117.84314727783203,0.0016488428950247602,0.0016474850459601387
2021-05-06,117.47202513043636,118.2650160849753,117.42984229558759,118.03723907470703,0.0016470350746606854,0.0016456801998722933
2021-05-07,118.18906134849281,118.61086383314498,117.18516937543822,117.45511627197266,-0.004931687722430911,-0.004943888624883238
2021-05-10,117.21890509800654,117.47198915720384,116.15596749624592,116.26564025878906,-0.01012706854275558,-0.010178696154721906
2021-05-11,115.76793016418675,115.97883144992686,115.37987900696501,115.6076431274414,-0.005659428958401325,-0.005675504206308828
2021-05-12,115.29551120517836,115.4051839908947,114.19039054798118,114.39286041259766,-0.01050780624862857,-0.010563403054646304
2021-05-13,114.67124345385386,115.04243178459359,114.41817220325242,114.57001495361328,0.0015486503298951515,0.0015474524075887134
2021-05-14,115.17740256283636,115.64138793945312,114.91588704303206,115.64138793945312,0.009351251165268915,0.009307798894771799
2021-05-17,115.43048755761181,115.71731020268474,115.21115486533115,115.39673614501953,-0.0021156075587892564,-0.00211784861781949
2021-05-18,115.0677195379387,115.2111437189916,114.78934120914226,115.10147094726562,-0.0025586962648825873,-0.002561975322773618
2021-05-19,115.18586422444882,115.82701250317389,114.40974887813557,114.8231201171875,-0.00241830819178368,-0.0024212370218675686
2021-05-20,115.37141842735964,115.9872593628901,115.29549706458721,115.76791381835938,0.008228253161973287,0.008194585644082637
2021-05-21,116.13066770513149,116.1644062413713,115.62449955479893,116.13909912109375,0.0032062882580468077,0.0032011590766815386
2021-05-24,116.40912274712359,116.90684688208832,116.32475705166611,116.56939697265625,0.003705021433943134,0.003698174748230554
2021-05-25,116.94896857798311,117.6829008295831,116.94052428941411,117.64916229248047,0.009262854126949716,0.00922021698583343
2021-05-26,117.75883846198926,118.02879828567255,117.15988602083038,117.44670867919922,-0.0017208249454249147,-0.0017223072654575912
2021-05-27,116.83930903195719,116.99959606421922,116.40907505514271,116.97428894042969,-0.004022417861533456,-0.004030529543951125
2021-05-28,116.90679285528957,117.51418953916978,116.70432300319887,116.78868865966797,-0.0015866758622165023,-0.001587935965455693
2021-06-01,116.43301028436315,116.80471997407561,115.95145706192865,116.76248931884766,-0.00022433114988262837,-0.00022435631587878048
2021-06-02,117.04974454294997,117.25249297317485,116.85543966701027,117.03284454345703,0.0023154287493059034,0.0023127522748204693
2021-06-03,117.01593847652131,117.01593847652131,116.45836743139117,116.5935287475586,-0.0037537820909352426,-0.0037608452120804258
2021-06-04,117.0244270638877,118.19026947021484,117.0244270638877,118.19026947021484,0.013694934357063815,0.013602006212181984
2021-06-07,117.92830899332425,118.02969606311335,117.70021709086421,117.82693481445312,-0.003074150328875258,-0.003078885235363761
2021-06-08,118.83230972845593,118.83230972845593,118.45214354519014,118.65489196777344,0.007026892065249202,0.007002318509193419
2021-06-09,119.76160716293019,120.09108625087278,119.33075386051988,119.70247650146484,0.008828835594708817,0.008790089315081035
2021-06-10,118.97587589033722,120.43740932990517,118.84914529026497,120.4205093383789,0.005998479379039967,0.005980560124754937
2021-06-11,120.2262725830078,120.30230325152255,119.82920634842134,120.22627258300781,-0.0016129873261480077,-0.00161428959075109
2021-06-14,120.04888061755352,120.04888061755352,119.12801737743357,119.30543518066406,-0.0076592027895397985,-0.007688685120472634
2021-06-15,118.9506069203353,119.19559894193094,118.68025845009572,119.16181182861328,-0.0012038290781413163,-0.0012045542624230456
2021-06-16,119.45746044449628,119.68556529661502,118.45213616632823,119.06039428710938,-0.000851090965701129,-0.0008514533492459084
2021-06-17,119.84609857725644,122.43968782103116,119.66023725010247,120.84297943115234,0.014972108522875782,0.014861132828380998
2021-06-18,121.89053877261848,123.37741623650896,121.75536457837735,123.11552429199219,0.01880576655373334,0.01863112425019045
2021-06-21,121.98348290505814,122.06797000852907,120.8260843548547,121.0541763305664,-0.01674320093489512,-0.0168849528046218
2021-06-22,120.1079906672188,121.38366351289953,120.06574711266292,121.3498764038086,0.0024427085640954527,0.0024397300010524556
2021-06-23,120.90205730065344,121.23153622143742,120.56413482992173,121.0372314453125,-0.002576392887749801,-0.0025797174994708467
2021-06-24,121.16401079367483,121.5695205430471,121.0879801327155,121.23159790039062,0.0016058402258312121,0.0016045522430943944
2021-06-25,121.02887166292817,121.14714591123439,119.4321628653311,119.97284698486328,-0.010383026680565455,-0.010437306353863363
2021-06-28,120.5726839724225,121.48509091154537,120.55578396681081,121.206298828125,0.01028109171583913,0.010228600762049166
2021-06-29,120.893625865848,121.417409615247,120.84292588833308,121.40896606445312,0.0016720850177556201,0.0016706886399605449
2021-06-30,121.86521991999679,122.439691025564,121.713158588849,121.94970703125,0.004453880008415512,0.004443990837432164
2021-07-01,121.7957395699438,122.07489513505995,121.41507758396146,121.95646667480469,5.5429764607373144e-05,5.542822843473713e-05
2021-07-02,122.00721917773642,122.69241333007812,121.90571275745884,122.69241333007812,0.00603450292829355,0.006016368234834844
2021-07-06,123.26764226869909,124.34196584148255,123.26764226869909,124.13048553466797,0.011720954585195287,0.011652796267060584
2021-07-07,124.83255447595737,125.67000791317083,124.53647699533464,125.2301254272461,0.008858741572157935,0.008819733128910033
2021-07-08,125.94066600587989,126.41437948773044,125.34005668642519,125.72071838378906,0.003917531463529356,0.003909877919300447
2021-07-09,124.24041461098079,124.34193390943962,123.91897340443025,123.95280456542969,-0.014062231278081372,-0.014162041257822156
2021-07-12,124.42650919269634,124.54493760915403,123.64826346915594,123.79206848144531,-0.0012967522965527944,-0.0012975938073781675
2021-07-13,124.19812904945081,124.7395179802632,122.3540145331731,122.84465026855469,-0.007653303030740077,-0.0076827398431259086
2021-07-14,123.51294004818193,124.28273137747672,123.34375840303846,124.24043273925781,0.011362175460239987,0.011298110764138617
2021-07-15,125.1540199779082,125.70387641915825,124.375774140863,125.61082458496094,0.011030159952671426,0.010969771396215166
2021-07-16,124.6379644008543,125.4838851793171,124.62105527884827,125.3739242553711,-0.0018859865809542908,-0.0018877672929308931
2021-07-19,127.69181711711971,128.53773841356667,127.41266154036407,128.1232452392578,0.02192896968181901,0.021691988076380862
2021-07-20,129.02835549966898,129.18062802284723,126.68515023602872,126.88817596435547,-0.009639697094746325,-0.00968645973590747
2021-07-21,125.34861480029768,125.61931581797512,124.07127825593652,125.28095245361328,-0.012666456102211399,-0.012747359556703041
2021-07-22,125.28938765546702,126.72745109334227,125.24708901452567,126.46521759033203,0.009452874627188246,0.009408475786310523
2021-07-23,125.14553382119121,125.75459787168349,125.1032351967377,125.61924743652344,-0.0066893503994830406,-0.006711824384175335
2021-07-26,126.0422612091194,126.09301441685217,125.09483357748528,125.2470932006836,-0.0029625574379268382,-0.002966954497722201
2021-07-27,126.32139994597996,126.62593205957671,126.03378986861962,126.58363342285156,0.010671227475326894,0.010614691775309932
2021-07-28,125.76307257361297,126.60899356724006,125.42470933925414,126.59207153320312,6.666035824220984e-05,6.665813653926181e-05
2021-07-29,125.8561248038876,126.22833210751709,125.64464455480085,125.88996887207031,-0.0055461819419604375,-0.005561619113728137
2021-07-30,126.15223845003355,126.6513288829797,126.093017767616,126.48214721679688,0.004703935905555179,0.004692906971794683
2021-08-02,126.57696993814449,128.08454341808925,126.34828928657984,127.6102523803711,0.00891908611924963,0.008879546004521545
2021-08-03,127.67805480957031,128.08458828094075,127.37315147517597,127.67805480957031,0.0005313243092499587,0.0005311832064678384
2021-08-04,128.31325091910318,128.584281810776,126.80567712369975,127.94058990478516,0.0020562272475594945,0.0020541161058088035
2021-08-05,127.68646718011661,127.82198258934343,127.04278837148031,127.28839874267578,-0.00509760946541471,-0.005110646600901501
2021-08-06,125.61991314715623,125.99256113081911,125.08632930982407,125.16255187988281,-0.01670102604629775,-0.016842060668855834
2021-08-09,125.47594340139739,125.82319685006878,124.69674905153714,124.71369171142578,-0.0035862177761267766,-0.0035926636706310557
2021-08-10,124.91695828590568,124.98471599843162,124.12928618582114,124.13776397705078,-0.0046179992466875985,-0.00462869514701877
2021-08-11,124.00229689885296,124.69679110695898,123.40943283742898,124.06157684326172,-0.0006137305147783101,-0.0006139189244431461
2021-08-12,123.73121818001756,124.02765655803124,123.17222674211521,123.85826873779297,-0.0016387677042474236,-0.0016401119528498642
2021-08-13,124.35793153921917,125.8231545015943,124.34098888503293,125.81468963623047,0.015795642215694405,0.01567218937353576
2021-08-16,126.35677443892524,127.05974616916342,126.034928534525,126.11962890625,0.0024237175396704114,0.0024207850736714166
2021-08-17,126.09417124963423,126.5938696431505,125.91630570910858,126.06876373291016,-0.0004033089359758435,-0.0004033902868985338
2021-08-18,125.95029109463286,126.5939702355429,125.7300752100964,126.49234008789062,0.0033598834670724997,0.0033542516698788307
2021-08-19,127.30543076563012,127.43248139726511,126.88195450711974,127.42400360107422,0.007365374951054271,0.0073383830330034676
2021-08-20,127.54253176528341,127.72886228764408,127.13599831807164,127.50865936279297,0.0006643627521214501,0.0006641421608845738
2021-08-23,127.21226547181904,127.46635381161921,126.97511980093083,127.42400360107422,-0.0006639216672954529,-0.0006641421608846541
2021-08-24,126.83951670730355,127.10208266197918,126.4329833984375,126.4329833984375,-0.007777343158509642,-0.007807744421769539
2021-08-25,126.37369654369557,126.50919902356934,124.99316083458388,125.38275146484375,-0.008306629372843877,-0.008341321669559702
2021-08-26,125.32352330826635,125.83169981890167,124.93391959365053,125.73005676269531,0.002769960730594878,0.002766131459028411
2021-08-27,125.83168522179572,126.61087963717141,125.6284120564292,126.5854721069336,0.006803586717954113,0.00678054676567979
2021-08-30,126.18739978073376,126.95811638058568,126.13657179831985,126.91577911376953,0.002609359520790111,0.002605961052835152
2021-08-31,126.76330118497073,127.11901946544438,125.77236892005237,126.05186462402344,-0.0068069903977161506,-0.006830263630763825
2021-09-01,126.58527850171446,126.68703782973256,125.92381698980836,126.26302337646484,0.0016751735729672035,0.001673772034712345
2021-09-02,126.55982594868935,126.82271281290848,126.1442871678925,126.81422424316406,0.004365497134151131,0.004355995992970707
2021-09-03,125.73724399256514,125.94076263953295,125.45739291309079,125.6609115600586,-0.009094505683321596,-0.009136113158532671
2021-09-07,124.88069634870085,125.10119208277618,124.37188691445346,124.60084533691406,-0.008435926574015706,-0.00847171039114773
2021-09-08,125.2200236187619,125.6694781630902,124.9910520588526,125.44898223876953,0.0068068310416526945,0.006783769160309824
2021-09-09,125.65244859014909,127.1110594265545,125.38108605355235,126.9668960571289,0.012099849606354685,0.012027231617069319
2021-09-10,126.27149521445774,126.50046663551527,125.64396212400248,125.84748077392578,-0.008816591709853605,-0.008855687820472701
2021-09-13,126.39022197718174,126.77184533534928,126.31390248150589,126.6107177734375,0.006064777735859561,0.006046460992045415
2021-09-14,126.97542161901116,128.53580534264003,126.8482224018213,128.1457061767578,0.012123684553049241,0.012050781335065812
2021-09-15,128.2304522137681,128.26436767530254,127.14496334625998,127.6961898803711,-0.0035078529729796193,-0.0035140199152612246
2021-09-16,126.92448607043004,127.58594758849638,126.7803227077637,127.11105346679688,-0.00458225428748027,-0.00459278499656328
2021-09-17,126.50898680286626,126.66163878394296,126.10193641982565,126.5005111694336,-0.00480321955259988,-0.004814792083443566
2021-09-20,127.68775592377314,128.36616889502736,127.39941617710231,128.06936645507812,0.01240196795365689,0.012325693536860569
2021-09-21,127.80640646080936,128.01841362816265,127.37390355787866,127.95904541015625,-0.0008614163400314512,-0.0008617875722925557
2021-09-22,127.8742763697838,128.72230529785156,127.5774740088968,128.72230529785156,0.005964876380945006,0.005947156933785394
2021-09-23,127.56054425541123,127.58598409493183,125.79664205589394,125.81360626220703,-0.022596697821050227,-0.02285591561797587
2021-09-24,125.37256861571825,125.38105718483847,124.43974474482238,124.58390808105469,-0.009773968155634472,-0.009822046919094638
2021-09-27,123.86311253347823,124.55001394679431,123.71047352602822,124.1259994506836,-0.0036755038224773884,-0.0036822750836079643
2021-09-28,122.39602123259108,123.02356732075343,121.81087918036721,122.19248962402344,-0.015576993016909069,-0.015699589158612574
2021-09-29,122.7945942488613,123.3288436869314,121.85328159905848,122.40449523925781,0.001735013468394886,0.0017335100712188376
2021-09-30,122.20099817607431,122.5486802718708,121.81937473012432,122.38756561279297,-0.0001383088622011197,-0.00013831842775381204
2021-10-01,122.99298097223452,123.45997879967834,122.44105442547834,123.41753387451172,0.008415628308004353,0.008380414335297758
2021-10-04,122.84006616467153,123.51086662888063,122.35608286532184,123.10328674316406,-0.0025462113970545763,-0.0025494585063494104
2021-10-05,122.78069567301446,122.86559847355565,121.81271564383214,121.91460418701172,-0.009655977412141303,-0.009702898653302466
2021-10-06,122.46652643650279,122.8825929445818,122.29670786703274,122.60238647460938,0.0056415085968095635,0.005625654885138448
2021-10-07,121.58341104528152,121.71077167982028,121.07394259448469,121.3201904296875,-0.010458165471252223,-0.010513236380726201
2021-10-08,120.7937435031209,120.87017284475924,120.1739001172385,120.4710922241211,-0.006998820250438964,-0.007023426871647012
2021-10-11,120.23337343180715,120.48809477913977,120.10599980181594,120.16544342041016,-0.002537113244912903,-0.0025403371708529257
2021-10-12,121.10797217073132,122.27972943961345,120.9805985187628,122.22029876708984,0.017100218566918457,0.016955655541651182
2021-10-13,122.7891759362739,123.57035162641209,122.76370380175062,123.40901947021484,0.009726049724279484,0.009679056164763769
2021-10-14,123.43447866859331,123.93546082647171,123.07785586631739,123.8675308227539,0.0037153795930591205,0.0037084946185584424
2021-10-15,123.12030271173609,123.23917696851522,122.67027781419208,123.1457748413086,-0.005826837563090659,-0.005843879814951967
2021-10-18,123.12032718587038,123.96943289060053,122.71276007537087,123.72319793701172,0.004688939563271433,0.004677980729677371
2021-10-19,122.83167270034446,122.89110338093923,121.97406737879906,122.01652526855469,-0.01379428188823495,-0.013890307083017878
2021-10-20,121.63439443730367,121.99950367800963,121.00605153998228,121.19285583496094,-0.00675047442779475,-0.0067733619394881855
2021-10-21,121.422062704462,121.54942332197396,120.76824796982244,121.04845428466797,-0.0011915021665106496,-0.0011922125695709722
2021-10-22,121.80417807647632,122.61082568830966,121.60040105405523,122.38157653808594,0.011013129091949292,0.010952926197287122
2021-10-25,121.99101130340273,122.52595202700462,121.95705277703766,122.1948013305664,-0.0015261709548365365,-0.0015273367400041801
2021-10-26,122.79762026988978,123.2052001953125,122.0504163192555,123.2052001953125,0.008268754920372823,0.008234756056677
2021-10-27,124.30899703791913,125.82040326884812,123.90991655439456,125.44680786132812,0.01819409945734507,0.018030567396968712
2021-10-28,125.48932902008029,125.94785336574527,124.68268117501796,125.02233123779297,-0.0033837180138085454,-0.0033894557344825178
2021-10-29,124.3685165538956,125.66764727639557,124.24115587769958,125.40442657470703,0.0030562167024970055,0.003051555965963332
2021-11-01,123.95735293569079,124.77352575545488,123.87232898775021,124.50147247314453,-0.007200336752264391,-0.007226384286261661
2021-11-02,124.55254562128034,125.46225303469237,124.55254562128034,125.05415344238281,0.004439152069928287,0.004429328097054941
2021-11-03,125.67477106426482,125.81079125749966,123.72783367177075,123.76184844970703,-0.010333962984053868,-0.010387729111735343
2021-11-04,124.01690450373395,125.28368914170775,123.99991008622077,125.0626449584961,0.010510480613237227,0.010455629518032129
2021-11-05,126.26989138064958,127.1710883422511,125.93831866887476,126.93303680419922,0.014955639602247661,0.014844906713295185
2021-11-08,126.64404388266884,126.9160973691743,126.261448802605,126.69505310058594,-0.0018748759945007576,-0.0018766357744215603
2021-11-09,128.20831194284918,129.03299507661654,128.07227879292495,128.34434509277344,0.013017808918538432,0.012933805485693953
2021-11-10,128.23384691580864,128.31885792502422,125.0031301903356,125.99784851074219,-0.01828282017672922,-0.01845201636214923
2021-11-11,126.26134358582087,126.3888794971775,125.73423147614304,125.81074523925781,-0.0014849719554411722,-0.0014860756190370357
2021-11-12,125.8278260114864,126.26141722819563,124.77358820441115,125.2582015991211,-0.004391863660658912,-0.004401536224643287
2021-11-15,124.88410131599052,124.94362069652647,123.46428906604383,123.68533325195312,-0.012557008859202745,-0.012636514363660907
2021-11-16,123.8638762207712,124.4505079426613,123.14972150405184,123.37076568603516,-0.0025432891487399134,-0.0025465288026705088
2021-11-17,122.91166599903987,124.37397719336464,122.81814481487821,124.34847259521484,0.007924948051857283,0.007893710579408507
2021-11-18,124.11895364406584,124.89261488249657,124.0849388584937,124.81610107421875,0.0037606290551404076,0.0037535755678639545
2021-11-19,125.47070471682966,126.33789981977023,125.47070471682966,126.13385009765625,0.010557524326560541,0.010502182838570406
2021-11-22,125.31766350468367,125.52171322569473,124.23793445135856,124.6545181274414,-0.011728270952401032,-0.011797589647517882
2021-11-23,124.06793553240365,124.22097612681532,122.8521728515625,122.8521728515625,-0.014458724023434621,-0.014564269982256338
2021-11-24,123.22620507449078,124.8245620727539,123.09866913810738,124.8245620727539,0.016054980350852732,0.01592746221070825
2021-11-26,126.53348091495319,128.10632092277478,126.39744772220472,127.97879791259766,0.025269352341130702,0.024955360840861356
2021-11-29,126.09135993879222,127.22211135379723,125.97233415683576,126.95005798339844,-0.008038362181693515,-0.008070843999154613
2021-11-30,128.2338969921094,129.28813510620927,127.74078624387771,128.88003540039062,0.015202650929427408,0.015088248653232253
2021-12-01,128.10022185973233,129.73456422423803,127.50435691354295,129.6749725341797,0.006168039381114765,0.0061490948865604595
2021-12-02,130.17724474048998,130.2283289201157,128.3300963964494,129.83676147460938,0.0012476496988425012,0.0012468720307280419
2021-12-03,129.11318449627424,132.04138657520167,128.83229301919397,131.38595581054688,0.01193186211934627,0.011861238676918288
2021-12-06,131.130588206265,131.38595708559868,129.32599098394758,129.58135986328125,-0.013735074925875446,-0.013830273781552204
2021-12-07,129.14722758137762,129.8367143873255,128.41517713548004,128.5343475341797,-0.008079960962026012,-0.008112780754580988
2021-12-08,128.0832552815284,128.0917628176492,126.28717802607974,126.31271362304688,-0.017284359813177885,-0.01743547821499477
2021-12-09,127.12133028226356,127.54694074630375,126.38927976457038,127.0191879272461,0.005593057768575438,0.005577474698646272
2021-12-10,127.61504544009856,127.887442383269,126.67018964995292,126.71275329589844,-0.0024125066168992904,-0.0024154213998867696
2021-12-13,128.01513267617125,128.7982544803959,127.94703343381225,128.58544921875,0.014779064254712093,0.014670918115036036
2021-12-14,127.99808723336709,128.4747688765333,127.09579512471669,128.27899169921875,-0.002383298587773308,-0.0023861431644016393
2021-12-15,127.35119415557097,128.3556288574125,126.94261164877133,127.04475402832031,-0.009621510541588996,-0.00966809633208264
2021-12-16,126.76179699098806,127.72476471908153,126.7447497471249,127.09414672851562,0.0003887818947982957,0.00038870633870002864
2021-12-17,128.1167289065446,128.662123547367,127.96334275907921,128.5343017578125,0.011331403265747442,0.01126768381779482
2021-12-20,128.46619552563777,128.69628787494938,127.48619326521289,127.57140350341797,-0.007491371884595033,-0.007519573143308732
2021-12-21,126.2419768574093,127.14528580713414,125.79883950355324,127.08563995361328,-0.0038077777343860086,-0.003815045775947534
2021-12-22,127.5969846672059,127.70777229501746,126.99194378433364,127.67369079589844,0.004627201330534181,0.0046165287445962995
2021-12-23,127.47762187117101,127.48615199449877,126.14822295571697,126.5657958984375,-0.008677550484790464,-0.008715419659605796
2021-12-27,126.51472064404625,126.98340950864522,126.39541589616324,126.87263488769531,0.002424343694753306,0.002421409714605562
2021-12-28,127.4861560463009,127.63954223223436,126.13117972103609,126.36978912353516,-0.003963390250429244,-0.003971265296375115
2021-12-29,125.1938545012948,125.53472153845753,124.76776420321939,124.98932647705078,-0.010923992641428515,-0.010984097573748209
2021-12-30,125.48352554954856,126.0970962902875,124.80177883725676,126.03743743896484,0.008385603726783097,0.008350639877858359
2021-12-31,125.96077424266849,127.00043529993796,125.63694155174322,126.28460693359375,0.001961079974738489,0.00195915956770946
2022-01-03,124.76772070206383,125.21937522029168,122.95257250408889,122.96961975097656,-0.02625012868243204,-0.02660081394859422
2022-01-04,122.38162750261749,122.82476495057804,121.64023471723885,122.45832061767578,-0.004157930506219376,-0.0041665987355407885
2022-01-05,122.83327834299875,122.85032559135209,121.61466665216714,121.79361724853516,-0.005427996773007204,-0.005442781874082886
2022-01-06,121.51237840476732,122.23673681664356,121.25672172979696,122.10890197753906,0.0025886802291168465,0.0025853353677266857
2022-01-07,121.97254568910927,122.06628602317075,120.63461664870788,121.23114013671875,-0.007188352582039981,-0.007214313273007271
2022-01-10,120.71136569940798,121.69989822537381,120.46423906953792,121.52946472167969,0.002460791712628474,0.002457768922657426
2022-01-11,121.75954332774323,122.3986786467174,121.60614408950393,122.33901977539062,0.00666138911715719,0.006639300106075636
2022-01-12,122.62870185715242,122.72244218114861,121.86174502680932,121.8702621459961,-0.0038316281285819542,-0.003838987620879892
2022-01-13,122.194143300304,123.07188804521141,121.88735784555303,122.95258331298828,0.008880929177748076,0.008841725664332393
2022-01-14,122.21969697813932,122.25379147192902,120.83063892909685,121.0948257446289,-0.01510954482046356,-0.015224857010373193
2022-01-18,120.12334035809081,120.42159566002653,119.32228879858226,119.39046478271484,-0.014074597749604179,-0.014174584188493022
2022-01-19,119.7568945264393,120.76247402539477,119.56941382329912,120.21707916259766,0.006923621424769655,0.00689976321810923
2022-01-20,120.47271659689352,121.00107718890062,120.23410716949878,120.95846557617188,0.006167063937491557,0.006148125422159029
2022-01-21,122.20269362720815,122.79923045365248,121.5806054261025,122.3987045288086,0.011906888416418848,0.011836559138667449
2022-01-24,122.96958178583738,123.02922762667029,121.37599627644182,121.3930435180664,-0.008216271688606724,-0.008250211281294556
2022-01-25,121.9554994300627,122.46681271147737,120.83914553565215,121.19705963134766,-0.0016144573118770378,-0.0016157619524630768
2022-01-26,121.23118667729743,121.49537354070044,119.7228366363946,119.73135375976562,-0.012093576164639241,-0.012167298437048064
2022-01-27,121.35898771492462,122.17707344069767,121.29081173723718,121.92994689941406,0.01836271845768822,0.01819615963504934
2022-01-28,121.08625964978366,122.25375515533571,120.88174476075628,121.9725341796875,0.0003492766244586054,0.0003492156415779254
2022-01-31,121.16299350093468,121.81917599823318,120.97552579066077,121.34195709228516,-0.0051698285326546856,-0.005183238333731192
2022-02-01,121.41707724690453,121.48534818157138,120.37596828059644,120.93919372558594,-0.0033192423820302963,-0.0033247632872258465
2022-02-02,121.13545126530896,122.51791475363125,121.11838027817345,121.34879302978516,0.0033868201993194624,0.0033810978405483688
2022-02-03,119.84685174740616,120.73434761051296,119.62496801562014,120.40153503417969,-0.0078060767804502,-0.007836703685899131
2022-02-04,119.3433639578201,119.59083462483355,118.43025514152694,118.62652587890625,-0.014742412999714238,-0.014852162352775066
2022-02-07,118.54115111803702,118.88249253103405,118.2339386378036,118.70329284667969,0.0006471315517728726,0.0006469222524414889
2022-02-08,117.94385571617902,118.25959733109404,117.61104311573307,117.90971374511719,-0.006685400906169536,-0.006707848301302025
2022-02-09,118.37909081846202,118.93377425146566,117.92680727552694,118.13160705566406,0.0018818916906755412,0.001880123150960341
2022-02-10,117.47453330774454,117.61960417094922,115.92139873458221,116.25421142578125,-0.015892407431638333,-0.016020045866270923
2022-02-11,116.80033855550462,118.19985993181324,115.51175905738756,117.97798919677734,0.014827658713220782,0.014718803705843416
2022-02-14,117.0221952794488,117.54274955643687,116.03228665085767,116.51016998291016,-0.012441466614751207,-0.012519509649336869
2022-02-15,115.71657352056165,115.92137327240732,115.15334816029126,115.1874771118164,-0.011352595840240953,-0.011417528460014818
2022-02-16,116.0152261432763,116.11763902463709,114.78637573770976,115.87015533447266,0.005926670500765896,0.00590917687442989
2022-02-17,116.44192164580615,117.39770151651894,115.97256720322575,116.73206329345703,0.007438567390337658,0.007411037684681911
2022-02-18,117.35503134482514,118.08038546878277,117.04781870957638,117.9609146118164,0.010527110407276163,0.010472086207519942
2022-02-22,117.50014026194455,118.33643653182767,117.3123984227982,118.2681655883789,0.002604684590430617,0.0026012982784313606
2022-02-23,117.4915812488872,117.6366651210595,116.5443562266918,116.63821411132812,-0.013781827670547253,-0.013877678745115241
2022-02-24,118.70338160459866,118.93378137104506,116.27127989908695,116.71503448486328,0.0006586209684402711,0.0006584041728357677
2022-02-25,116.79181739152109,117.17582996766797,116.2115210144574,116.80034637451172,0.0007309417336418544,0.0007306747258363747
2022-02-28,118.13158494957638,119.50550631007278,118.03772708214339,119.36043548583984,0.021918506158529638,0.02168174903123376
2022-03-01,119.93721102490332,121.62057132056694,119.6295915536503,120.74044036865234,0.011561660923868011,0.011495335652873155
2022-03-02,119.49286345008842,119.98847330001689,116.56194484900664,116.61321258544922,-0.034182646432310615,-0.03478053762823483
2022-03-03,117.48482744467476,118.518761779025,117.08321270827969,117.80098724365234,0.010185592454480918,0.01013406887773003
2022-03-04,119.93722940195622,120.33030385712588,119.0400047201109,119.8346939086914,0.017263918687138613,0.017116590467287883
2022-03-07,118.87765216884097,120.17649162786019,118.57858595721096,118.92037963867188,-0.0076297960148018484,-0.007659051813938448
2022-03-08,117.50190532998003,118.1342379521525,117.27974075177528,117.72408294677734,-0.010059644070506413,-0.010110584204261941
2022-03-09,117.12592655690798,117.35663139164039,116.32269717752202,116.57049560546875,-0.009799076896017334,-0.00984740381531489
2022-03-10,115.21184303630618,115.5023689146864,114.26335075451958,114.89568328857422,-0.01436737751002548,-0.014471587633382308
2022-03-11,114.78461009260984,115.74164278135855,114.68207460127033,115.28022003173828,0.003346833685633266,0.0033412455027813947
2022-03-14,113.39177620977856,113.55413276449386,112.55437260179663,112.58854675292969,-0.02334896028188993,-0.02362586605576424
2022-03-15,113.5284963689674,113.77629481530572,112.10148763655499,112.39201354980469,-0.0017455878843189998,-0.0017471131981546236
2022-03-16,112.64837438581365,113.75922342202004,111.35808822815612,113.49433135986328,0.009807794835619,0.009760010600466206
2022-03-17,113.4943334545063,113.9386626463147,111.99896323471285,112.64837646484375,-0.007453719360989153,-0.00748163714119177
2022-03-18,113.28066259398426,114.10951260832996,113.28066259398426,114.0240707397461,0.012212286746375645,0.012138318378954932
2022-03-21,112.17839657225717,112.5116499741594,110.87101683874897,111.38372039794922,-0.023156078577683203,-0.023428392595458078
2022-03-22,110.19594383476775,110.52064384319429,109.66614680459482,109.95667266845703,-0.012811995544713906,-0.012894776983357585
2022-03-23,110.54626560141774,112.45180317653633,110.11047685336314,112.36634826660156,0.021914773698274992,0.021678096619570403
2022-03-24,110.78553511726105,112.09291453471397,110.74282069648139,111.4862289428711,-0.007832588112966832,-0.007863423953069411
2022-03-25,110.65738786403288,110.67448145891048,109.07656934126311,109.93961334228516,-0.013872705313034417,-0.013969830595864742
2022-03-28,110.56336451842432,111.56312442760736,110.26428535783064,110.87952423095703,0.008549337769140353,0.008512999148202987
2022-03-29,111.5631636887617,112.40912069666582,110.86248269358964,111.71697998046875,0.007552844001813552,0.007524464085362656
2022-03-30,111.14445743253984,112.80217105364086,111.07609609168115,112.58854675292969,0.007801560448674083,0.007771285634539279
2022-03-31,112.77653694677991,113.36614210169495,112.50310462250475,112.86199188232422,0.002428711776470527,0.00242576722270852
2022-04-01,111.2633864269173,113.78802577791568,111.00665495131766,113.29165649414062,0.003806991216887212,0.0037997629652765153
2022-04-04,112.90649695932088,112.94928987772211,111.86242549000933,112.50428009033203,-0.0069499946260325185,-0.006974258325758558
2022-04-05,111.90518698737246,111.92230676363683,109.79134513915051,109.96251678466797,-0.022592592065148298,-0.0228517149494603
2022-04-06,108.19955237529479,109.79991193894548,108.17387924009039,109.07247161865234,-0.008094077800697708,-0.008127012687167584
2022-04-07,107.92569633562098,108.40494561137206,107.32663474093215,108.25090026855469,-0.007532343751868953,-0.007560855114889441
2022-04-08,107.36086409224315,107.6860745631119,106.34245935417388,107.07845306396484,-0.010830830983217465,-0.010889911413819725
2022-04-11,106.05146923080498,106.28254048819831,104.88757264418673,105.38394165039062,-0.01582495231381409,-0.015951503761116828
2022-04-12,106.16273639802407,106.2568755799111,104.98171994499842,105.23846435546875,-0.0013804503100148802,-0.0013814040093348132
2022-04-13,105.30693763344439,106.37669520172692,105.17000553064885,105.45242309570312,0.0020330849708303234,0.002031021050524483
2022-04-14,105.14435178939712,105.20425796310039,103.02194950952654,103.3386001586914,-0.020045276106110177,-0.020248908493053015
2022-04-18,103.44129286880153,103.62101137881646,102.4314413392299,102.82511138916016,-0.004968992890775681,-0.004981379385254569
2022-04-19,101.96929893004064,102.45710814974038,101.55850912589653,102.05487823486328,-0.0074907106240010846,-0.007518906891797225
2022-04-20,102.88499239584291,104.38265280895659,102.62824799902522,104.10879516601562,0.020125612481018074,0.01992576920509781
2022-04-21,103.40706622271892,103.47553228674646,101.98642477592237,103.3386001586914,-0.007397982140663895,-0.007425482928046016
2022-04-22,102.75663744126375,103.9290941405381,102.53412602863366,102.68817138671875,-0.006294151178493079,-0.00631404285944734
2022-04-25,103.87771708819132,104.57092430240918,103.6637656146398,103.71511840820312,0.010000635979941164,0.009950960536079896
2022-04-26,104.78490470661231,105.28982718954597,104.20295627670754,104.75923156738281,0.010067125942721855,0.010016789974139358
2022-04-27,104.57092392595534,104.68217634126053,103.35567459830419,103.41558074951172,-0.012826085088327832,-0.012909049486768392
2022-04-28,103.03051603281978,103.61246455595233,102.70531200167768,103.56967163085938,0.0014900161100568354,0.0014889071375073567
2022-04-29,102.1062161196222,103.5268572741865,101.93505752404472,102.22602844238281,-0.012973326721219536,-0.013058215315251587
2022-05-02,101.03700242901776,101.38847680487704,100.2397476979264,100.45406341552734,-0.017333795060366586,-0.017485784212602013
2022-05-03,102.0485805883007,102.28003870302369,101.06272690476787,101.13130950927734,0.006741848669163053,0.006719224038389518
2022-05-04,101.13132293712049,101.98858598612156,100.59981749219654,101.68854522705078,0.00551002177740334,0.005494897140028014
2022-05-05,99.74253399712983,99.84540789646529,97.74510993271062,98.90242004394531,-0.02739861384470188,-0.027780955807526337
2022-05-06,97.84798295265524,98.6195208397454,97.13645320453894,97.445068359375,-0.014735247973939991,-0.014844890143135649
2022-05-09,96.75070886931188,98.3366442123066,96.544967567511,98.30235290527344,0.00879761860022299,0.008759145039520596
2022-05-10,99.34819338128354,100.26546438964637,98.99671900594282,99.19388580322266,0.009069293578438886,0.009028414512366138
2022-05-11,98.36233070885177,101.10557556152344,98.10515579604872,101.10557556152344,0.019272253958203978,0.019088896139119117
2022-05-12,101.17416713976797,101.91998823617892,100.86555850512582,100.9169921875,-0.0018652124076845578,-0.001866954082413288
2022-05-13,100.28260920859292,100.4283423206916,99.3567637780901,99.42534637451172,-0.014780918264159726,-0.014891244535336594
2022-05-16,99.62253525722573,100.24834014266547,99.31392004528256,99.32249450683594,-0.0010344632573706658,-0.001034998683770565
2022-05-17,98.3366301862151,98.88527793969399,98.03658946796838,98.122314453125,-0.012083668051936947,-0.01215726908327797
2022-05-18,98.34517917585454,100.2997371089503,98.25087975448629,100.2140121459961,0.021317247809827577,0.021093213552751334
2022-05-19,101.70566642146923,101.77424902079672,100.17116509859892,100.45406341552734,0.0023953862777346124,0.002392521913285785
2022-05-20,100.37691233270064,102.03143003270696,100.3511954915208,101.59423065185547,0.01135013555013531,0.01128620604586575
2022-05-23,100.9084306990512,101.37135352112011,99.90543452143412,99.92257690429688,-0.016454219268484227,-0.016591093449891528
2022-05-24,101.07130779470805,102.56294356548948,101.03701649027201,101.89427947998047,0.01973230311676244,0.01954014492595351
2022-05-25,102.53722802828239,102.54580248959999,101.66281610501969,102.29719543457031,0.0039542549066162724,0.003946457389503972
2022-05-26,102.03141819023425,102.09142632615462,100.98556304139305,101.8342514038086,-0.004525481160994493,-0.004535752150023034
2022-05-27,102.32289540814179,102.6486529401294,101.79139008083892,102.0828628540039,0.002441334293404651,0.002438359078184674
2022-05-31,100.45408233861258,100.49694810636629,99.38250354874873,99.92257690429688,-0.021162082344777233,-0.021389209243619207
2022-06-01,100.5039735254802,100.77019574838756,99.35320057946336,99.80835723876953,-0.0011430816644845132,-0.0011437354806213356
2022-06-02,100.16043775786929,100.22914236739146,99.15565741372816,99.85986328125,0.0005160493961167134,0.0005159162884185599
2022-06-03,98.83790172252971,99.67092707984328,98.64897387780627,99.6451644897461,-0.002150000855691281,-0.0021523154256777293
2022-06-06,98.88947099413103,99.19863529672315,97.73869130069711,97.8073959350586,-0.018443128315339563,-0.018615323302251137
2022-06-07,98.4257094504414,99.43049000380402,98.39994685451418,98.86369323730469,0.010799769200965592,0.010741868198838439
2022-06-08,98.48582299199374,98.87227502960782,97.97055142449716,97.98772430419922,-0.008860370318179989,-0.00889985681563132
2022-06-09,97.76443361705527,98.51158161864534,97.62703092887426,98.3140640258789,0.0033304143350301185,0.0033248807878082124
2022-06-10,98.21101888842504,98.42571593801463,97.01730381686964,97.70433044433594,-0.006201895807933178,-0.006221207451008251
2022-06-13,95.74628039321955,95.90086250839086,93.8140072295948,94.63844299316406,-0.03137923812822785,-0.031882114314205165
2022-06-14,94.92184927165908,95.30830785450303,93.25579823245192,93.44473266601562,-0.012613376651121166,-0.012693600596842897
2022-06-15,94.54401142479915,95.31692229204883,93.63369782116926,95.18810272216797,0.01865669692034322,0.018484795533633944
2022-06-16,93.13557610276389,95.94381713867188,92.85218098107607,95.94381713867188,0.007939168813036135,0.007907819428373193
2022-06-17,96.19285293204346,96.89705888279964,95.2911228435725,96.25296783447266,0.0032222055054778043,0.0032170253260702464
2022-06-21,94.54399013952232,95.34266343053078,94.30353049096648,94.62128448486328,-0.016952031571799475,-0.017097362031453654
2022-06-22,96.77684457792328,97.30928906984992,96.51061577992596,97.2234115600586,0.027500441252322982,0.027129096830810513
2022-06-23,97.81596453183192,98.90662252067756,97.46385827078241,98.0220718383789,0.008214690942283553,0.00818113401657233
2022-06-24,97.43810998286071,98.04784882861084,96.61367408359148,96.66519927978516,-0.013842520701164096,-0.01393922181941338
2022-06-27,95.51439931844881,96.37318729066715,95.46287413676603,95.84073638916016,-0.008529055924652806,-0.008565636468986648
2022-06-28,95.57450459219696,96.33882528635863,95.2138152526664,96.28730010986328,0.004659435408445267,0.004648613841191743
2022-06-29,96.51059281643853,97.81595424199475,96.3302481231773,97.79019165039062,0.01560840878093539,0.015487850432991312
2022-06-30,98.6404199874272,99.42191389633281,98.54595275474138,98.64900970458984,0.008782251468220537,0.008743911806645183
2022-07-01,99.73059906506333,101.18481988300822,99.14546673627329,99.66175842285156,0.0102661823093253,0.010213842971716056
2022-07-05,100.5824684037923,101.32248880476416,99.9629158294899,100.44479370117188,0.007856928180997924,0.007826223246887894
2022-07-06,101.0127370727454,101.1418116512691,98.75825500488281,98.75825500488281,-0.016790702973681237,-0.016933264889828634
2022-07-07,99.04221143671221,99.10244536084075,97.67403806079015,97.88916015625,-0.008800224837810733,-0.008839175501179576
2022-07-08,97.66544301350912,97.66544301350912,96.41773733669582,96.8049545288086,-0.011075849723409692,-0.011137643650772881
2022-07-11,97.91497019955591,98.77545855012939,97.83752283420164,98.47428894042969,0.017244307584735274,0.017097311997777948
2022-07-12,99.39499998884187,100.01455258169311,98.93033554420344,99.05941009521484,0.005941867273995927,0.0059242839979272615
2022-07-13,97.89773545003551,100.37594556194178,97.62237950037967,100.19524383544922,0.011466187201625955,0.011400948694827669
2022-07-14,99.02501837460504,99.95434753226185,98.50011986324367,99.37781524658203,-0.008158357199166577,-0.008191818713524432
2022-07-15,99.67898461325564,100.5222662312193,99.4724692116139,99.9371337890625,0.005628203247300734,0.005612424089257945
2022-07-18,99.17129874293893,99.23153267480293,98.25057631872838,98.89594268798828,-0.010418460702223742,-0.010473112789080632
2022-07-19,98.87876339625753,99.08527885384166,97.80315248070347,98.36246490478516,-0.005394334375134258,-0.005408936332376609
2022-07-20,99.36921758885704,99.42945152290571,98.13871873757161,98.62059020996094,0.002624225668049762,0.0026207884000028123
2022-07-21,99.11968490866559,100.4362314291997,98.96479669654352,100.3243637084961,0.01727604240562597,0.01712850836393218
2022-07-22,101.78716597001217,102.63044086219983,101.51180996531751,102.01089477539062,0.01681078259110569,0.016671045273451892
2022-07-25,100.42758591036724,101.14179275509248,100.22107056231576,101.0127182006836,-0.00978499969934421,-0.009833187411066676
2022-07-26,102.27763562597325,102.60461880302506,101.02132354782115,101.09016418457031,0.0007666953752580863,0.000766401614499286
2022-07-27,101.54623824389333,101.9592690007987,100.42760069434735,100.52225494384766,-0.005617848633481026,-0.005633688095437416
2022-07-28,101.5806512644904,102.32927191943512,100.95249188706059,101.32250213623047,0.007960895752187724,0.007929375000035042
2022-07-29,101.27947862974568,102.66486543210628,100.96110213411349,101.04714965820312,-0.002717584665024586,-0.002721284001924542
2022-08-01,101.93765420144538,103.53244916743402,101.79110693243204,103.48072814941406,0.024083593643587475,0.0237981577029742
2022-08-02,103.57557743531751,104.0410864318305,101.11010751504689,101.2911376953125,-0.02115940323632093,-0.021386472217660577
2022-08-03,101.00664380708133,103.00660443240936,100.28252319407054,102.88591766357422,0.01574451629775231,0.015621857197980541
2022-08-04,102.56695300064119,103.05832239263918,102.18764800438484,102.85142517089844,-0.0003352498909381385,-0.000335306099745841
2022-08-05,100.92046647415141,100.95494935674247,99.90324445699575,100.40323638916016,-0.023803158562658355,-0.024091031103529847
2022-08-08,101.41180854416716,102.17903438721144,101.34284279768472,102.02386474609375,0.01614119639183831,0.016012312327073976
2022-08-09,101.48939442293914,102.03248486644875,101.25663667790971,101.6273193359375,-0.00388679071453657,-0.003894363915566791
2022-08-10,101.48940674188863,102.50662858434842,100.6273545559714,100.96355438232422,-0.006531363396678369,-0.00655278608109383
2022-08-11,100.74803780893261,100.91182324620657,98.3515272913515,98.61014556884766,-0.023309488536475076,-0.023585451469389063
2022-08-12,99.22219528991207,99.62736082879422,98.64462196198606,99.61012268066406,0.010140712256815787,0.01008964021532252
2022-08-15,100.28253594113968,100.64459629366714,99.52392578125,99.52392578125,-0.0008653427693328108,-0.000865717394522087
2022-08-16,99.3514875147555,100.01526462425673,98.4808132012841,99.93768310546875,0.004157365386974199,0.004148747420593836
2022-08-17,99.18768676612171,99.2221696304001,98.54114785900322,98.89459228515625,-0.010437412474448515,-0.010492264271752863
2022-08-18,99.11014923083758,99.68772266567721,98.78256516330596,99.04118347167969,0.0014822972938777212,0.001481199775675645
2022-08-19,97.61017263640512,97.70499232678493,97.18776232674755,97.44638061523438,-0.016102421240769438,-0.016233473974070697
2022-08-22,97.29118217075039,97.37738604909434,96.66188136266435,97.1187744140625,-0.0033619124599960637,-0.0033675763856681118
2022-08-23,96.7136292014176,97.82567722262128,96.3257018022429,96.58432006835938,-0.005503100187657872,-0.005518298025958369
2022-08-24,96.11017729762764,96.43776127252107,95.5670868959487,95.87742614746094,-0.007318930447489991,-0.007345845224267719
2022-08-25,95.96365752734508,97.48948713698773,95.67917870246595,97.21363067626953,0.013936591568003642,0.013840370243313105
2022-08-26,96.80847188969409,98.26533574371342,96.55847594387141,97.94638061523438,0.007537522607348857,0.007509257427915554
2022-08-29,97.36016749483402,97.4205108795104,96.66190081279514,97.13603210449219,-0.008273389028283784,-0.008307803458720252
2022-08-30,97.08428588642758,97.85151153974073,96.73084145581184,97.37738037109375,0.0024846420156625637,0.0024815603961149996
2022-08-31,97.14464724536379,97.70497581415982,96.18776894739048,96.44638061523438,-0.009560739386410333,-0.00960673666868552
2022-09-01,94.91389097351637,95.2421609014269,94.11048744785717,94.6806411743164,-0.01830799071623279,-0.018477655989023338
2022-09-02,94.74973935800185,95.50994641640003,94.56832653466267,95.21623229980469,0.005656817685699922,0.005640877976303596
2022-09-06,94.07593826837898,94.13640922225241,92.79740105540391,92.85787200927734,-0.024768468921366638,-0.025080368402341294
2022-09-07,93.57486587434875,94.57696324696187,93.47983917208929,94.3264389038086,0.01581521159977184,0.015691454267736625
2022-09-08,94.02409001963532,94.6115248970561,93.3416350182619,93.3589096069336,-0.010257243972304098,-0.010310212014652815
2022-09-09,93.58348905976004,93.9895109683015,92.97877319503392,93.56620788574219,0.0022204445154874186,0.002217982971705057
2022-09-12,93.84265025318975,94.0672593865071,92.36542618916728,92.79736328125,-0.00821711835784833,-0.008251064964994772
2022-09-13,92.05446546802355,93.0738376511482,91.77802588908327,93.01336669921875,0.0023276891748968964,0.0023249843030368846
2022-09-14,92.7282916688521,93.47986490520485,92.53824480285513,93.3330078125,0.0034365072959339216,0.003430615997870795
2022-09-15,93.16882418612738,93.46254481940285,92.93558106953397,93.27249145507812,-0.0006483918052169191,-0.0006486021020915488
2022-09-16,92.46045461705907,93.34160999236235,92.23584547951393,92.49501037597656,-0.008335588199399724,-0.00837052348762246
2022-09-19,92.40000322995809,93.1429357267272,92.26178675589139,92.71099853515625,0.0023351330877388055,0.002332410901424679
2022-09-20,91.30287648507338,92.29632665314875,91.05235214824569,91.7866439819336,-0.009970279339318489,-0.010020315434743457
2022-09-21,92.17539393963919,93.33298903896336,91.54476933153535,93.32434844970703,0.016753030735888963,0.016614246608119856
2022-09-22,91.38928189637514,91.53613897595883,90.4735770579836,90.9400634765625,-0.02554836988151532,-0.025880396855443896
2022-09-23,91.00052811944217,91.94215466323915,90.3267071272631,91.3115234375,0.004084667931128383,0.004076348322605177
2022-09-26,91.01779154823201,91.06098789708645,89.16910117966695,89.56648254394531,-0.0191108507213672,-0.019295823478727134
2022-09-27,88.72855864106411,88.96180847200496,87.16494773706842,87.20813751220703,-0.026330664828566608,-0.0266835245903627
2022-09-28,89.09136796540018,90.23168195413058,88.5298548562254,90.12802124023438,0.03348178061501006,0.03293347116476093
2022-09-29,88.89267424737221,90.04162874458491,88.8062881282909,89.6615219116211,-0.005175963281939144,-0.005189404982447576
2022-09-30,90.07618803849921,90.58587740276153,88.3138899205852,88.50393676757812,-0.012910612260006005,-0.01299467856331182
2022-10-03,89.92753311383167,90.64626222546772,89.32138001159241,89.91021728515625,0.015889468524673545,0.015764552415967716
2022-10-04,90.18731773302345,90.62028612674264,89.45127278501549,89.65909576416016,-0.0027930254044392644,-0.002796933177930721
2022-10-05,88.95767244572221,89.05291939648212,87.96184400506917,88.80180358886719,-0.00956168660843959,-0.009607693034734271
2022-10-06,88.83641982272407,89.05290394153165,87.91852927308265,88.3082046508789,-0.005558433703368615,-0.005573939280494784
2022-10-07,87.29508174313543,87.9964950038262,87.00066641898786,87.4509506225586,-0.009707524139001777,-0.009754949321774424
2022-10-10,87.02663623350091,87.03529745013063,85.55454652193141,86.09142303466797,-0.01554617277699355,-0.01566828172547853
2022-10-11,86.36850498001907,87.37299449489329,85.71905260261387,86.47241973876953,0.004425489679130257,0.004415725995136968
2022-10-12,85.97022199117059,87.06130443167191,85.8922908344222,86.89677429199219,0.004907397694023263,0.00489539566775445
2022-10-13,85.17353878519191,86.92272810357899,85.15621635060724,86.0654525756836,-0.009566773025603603,-0.009612828569331417
2022-10-14,86.75817371503011,86.75817371503011,85.07825491357545,85.35535430908203,-0.008250677192188416,-0.008284902413429438
2022-10-17,85.97883261958405,86.29923149080804,84.80981971019854,84.93970489501953,-0.004869634921289001,-0.004881530226329334
2022-10-18,84.81848658050224,85.26011609245361,83.88328008173188,85.13888549804688,0.00234496462253464,0.002342219483658964
2022-10-19,84.16037320792077,84.35953490953287,83.40700605075455,83.58885192871094,-0.018205941506851175,-0.018373709023319584
2022-10-20,83.06930079720281,83.4156767689204,82.03883409815029,82.16006469726562,-0.017093035715622262,-0.017240807989159324
2022-10-21,80.54941422766282,81.33741965201479,79.89130721249299,80.67930603027344,-0.018022851764398218,-0.01818724153428001
2022-10-24,80.37624983719398,81.00838657918706,79.53629012254248,80.01255798339844,-0.00826417677198188,-0.008298514393151749
2022-10-25,81.9002808010485,82.46314088203776,81.77905021210577,82.34190368652344,0.029112251399440403,0.028696538754005487
2022-10-26,82.93076837222543,83.72743528710049,82.93076837222543,83.52826690673828,0.014407770127969677,0.014304964497956634
2022-10-27,83.97857054072708,84.77523097023602,83.32045659146651,84.40287780761719,0.01047083739754151,0.010416397868192017
2022-10-28,83.87461643344835,84.54138468334794,83.48494762080948,83.82266235351562,-0.006874356291785122,-0.006898093527021936
2022-10-31,83.4416504686321,83.66679583221682,82.2899532165922,83.22516632080078,-0.007128096578404408,-0.007153622833557751
2022-11-01,84.53246700339493,84.56719052123528,83.51682894219206,84.00294494628906,0.009345473969859519,0.009302075206475802
2022-11-02,84.1244893770412,84.74949289509658,83.29982064337581,83.63836669921875,-0.004340065069188048,-0.00434951049066011
2022-11-03,82.61406055947215,83.66442243364259,82.54461350427847,83.1869888305664,-0.005396780048032235,-0.0054113952726273905
2022-11-04,82.55330363160785,83.03942643982064,81.7894058227539,81.7894058227539,-0.016800500023616327,-0.016943229297992496
2022-11-07,82.29287911084874,82.34496109056772,80.93868803263405,80.9734115600586,-0.00997677210742498,-0.01002687361098946
2022-11-08,81.42480680509094,82.43176255973371,81.39875919367172,81.85884094238281,0.010934816321373386,0.010875463500195724
2022-11-09,81.44217017322718,82.4838495164801,81.32932367493945,82.12794494628906,0.0032874152725379524,0.0032820235363034186
2022-11-10,83.96826619284438,85.44397994579745,83.89013658650575,85.28772735595703,0.03847390083526925,0.03775223242002599
2022-11-11,84.69743808850279,85.3918954950704,84.67139709475292,84.9752197265625,-0.0036641570725673978,-0.003670886539672564
2022-11-14,84.9925605480611,85.06200097063078,84.28073826691777,84.76686096191406,-0.002451994420478165,-0.0024550054818747473
2022-11-15,85.28771025908648,86.19918462091321,85.16618122722099,86.13842010498047,0.016180369633867375,0.016050862567044636
2022-11-16,86.8241792491057,88.06551705144469,86.58112121052208,88.0221176147461,0.021868261659197863,0.021632580986765453
2022-11-17,86.98043912116518,87.30162676940799,86.61585203256658,87.09329223632812,-0.010552181696914409,-0.010608250748889655
2022-11-18,87.32767619553346,87.57941681612695,86.41620838597359,86.49433135986328,-0.006877233149477968,-0.006900990302347273
2022-11-21,87.40580453704638,87.51865103865626,86.63322423310835,86.85891723632812,0.00421514185649885,0.004206283031474995
2022-11-22,87.37106219680335,88.21308937713316,87.26689163270544,88.09156036376953,0.014191325043663605,0.014091570845516785
2022-11-23,88.66450296469442,89.62805938720703,88.61242098169464,89.62805938720703,0.01744206842395135,0.017291701503866594
2022-11-25,89.07249339404464,89.35027499948058,88.91624082705968,89.32423400878906,-0.003389846667385621,-0.003395605215011673
2022-11-28,89.94053764022411,90.1141486135408,89.14191656643274,89.5759506225586,0.0028180103256723044,0.002814047178288847
2022-11-29,88.6731513367275,89.37628432764936,88.46481686216427,88.52558135986328,-0.011726018595339283,-0.011795310563305622
2022-11-30,88.21308720165148,89.17664337158203,87.99607016559206,89.17664337158203,0.007354507044377678,0.007327594529079107
2022-12-01,89.7544366706594,92.0689925788589,89.71092726032546,92.0254898071289,0.03194610525624153,0.03144644210675865
2022-12-02,91.62522620119722,93.19146535556924,91.02483087412253,93.1827621459961,0.012575562936884666,0.012497147274993346
2022-12-05,92.09508196008876,92.22560353319857,91.27715960323314,91.87754821777344,-0.014007031967754768,-0.014106056218071846
2022-12-06,92.66937787796535,93.44379750003567,92.39963815121821,93.0609359741211,0.012880053716090911,0.012797811262884833
2022-12-07,94.29654532289123,95.43642020547915,94.14861730718569,95.25369262695312,0.02356258971478442,0.02328927687748725
2022-12-08,94.58365792350416,95.23625907745273,94.38353062057719,94.99262237548828,-0.0027407887743238213,-0.002744551612879641
2022-12-09,93.92238719372965,94.12251455417281,92.46925649463974,92.52146911621094,-0.02601415981032018,-0.02635851323821322
2022-12-12,93.85274623485995,94.07027994917428,92.4605317909687,92.8172836303711,0.0031972526699570736,0.003192152326139605
2022-12-13,94.87950805532486,94.91431424713642,93.50469335247911,93.7135238647461,0.00965596276167835,0.009609641896244069
2022-12-14,93.678740164855,94.25302583042654,93.00873247665088,94.11380767822266,0.00427135590434391,0.004262259557005447
2022-12-15,94.54206695396064,95.17880490613764,94.34145553598327,94.48101043701172,0.003901688475346221,0.0038940966298037314
2022-12-16,92.98076161136564,94.05361949644325,92.72781127009269,93.42560577392578,-0.011170548009640013,-0.011233407133336277
2022-12-19,92.30912100442656,92.31783860931115,91.56771865496351,91.85555267333984,-0.016805383145014896,-0.016948195872451582
2022-12-20,90.17214076639621,90.54720411596136,89.92791470708141,90.22447967529297,-0.017756934127296176,-0.017916480000703863
2022-12-21,90.96590370910373,91.06185063442102,89.80582299729467,90.45127868652344,0.0025137192483313253,0.002510565140689922
2022-12-22,90.42508311322317,90.81759494936517,90.17213281561888,90.43380737304688,-0.00019315717511425579,-0.0001931758323639646
2022-12-23,89.47433308712944,89.67494445354703,88.98587442241711,89.10799407958984,-0.01466059355422189,-0.014769122090548457
2022-12-27,87.65135185215861,88.15725239598777,87.23268058838673,87.3460693359375,-0.019772914448939582,-0.019971014210378814
2022-12-28,87.79095217571457,87.90434097337749,86.65703758043452,86.83148956298828,-0.005891275667713414,-0.005908697691203933
2022-12-29,87.10187174519282,88.0875003776588,87.04081522202523,87.81710815429688,0.01135093496920403,0.011286996492937115
2022-12-30,87.11059357261581,87.70371691880948,86.67447366084582,86.84019470214844,-0.011124409271505264,-0.011186748266471386
2023-01-03,89.14290738895657,89.26502043199571,87.95666069543768,88.49745178222656,0.01908398623197849,0.018904171091505963
2023-01-04,90.03257756213027,90.25936173399283,89.15161365404374,89.70984649658203,0.013699769766692516,0.013606776284451458
2023-01-05,88.85507569489506,90.09365468170559,88.77657064816547,90.08493041992188,0.004181078643960667,0.004172362222230532
2023-01-06,89.57899995039496,91.84682812506598,89.52666770640276,91.74215698242188,0.01839626844107012,0.018229104115570344
2023-01-09,91.07056269496611,92.3963642917795,90.94844299801876,92.23063659667969,0.005324483643341926,0.005310358696821694
2023-01-10,91.17521863049369,91.42816895274592,90.27681276626122,90.70420837402344,-0.016550121293548603,-0.016688604620981522
2023-01-11,91.5590170916001,92.21319697175767,91.32350860813273,92.17830657958984,0.01625170686114008,0.016121061446630343
2023-01-12,92.30042151556455,94.03617696983324,91.20139743108166,93.99256896972656,0.019682097203317817,0.01949090930866368
2023-01-13,93.41686243259575,94.0274341624084,92.7888488383474,93.11157989501953,-0.009372965164839653,-0.009417167826325833
2023-01-17,92.16956217644946,93.0330842209121,92.15212031150799,92.50973510742188,-0.006463694293193378,-0.006484674420100699
2023-01-18,94.6031246448294,94.87351684400689,93.43432654740042,94.75140380859375,0.024231705977417972,0.023942776389478223
2023-01-19,94.28913199385387,94.52464049380143,93.71345711945536,94.15829467773438,-0.00625963423251763,-0.006279307885765491
2023-01-20,93.29476289925744,93.53898896461064,92.55336044238913,92.6318588256836,-0.016211379542027116,-0.0163442216140271
2023-01-23,92.08238907330418,92.63189795245586,92.0126082666825,92.1957778930664,-0.004707677662366794,-0.004718793677651964
2023-01-24,92.56208303301207,93.72215682250749,91.92534509869232,93.52154541015625,0.014379915733533366,0.01427750534623546
2023-01-25,93.65241274621421,94.12342315257196,93.01567460762044,93.74835968017578,0.0024252622112348465,0.0024223260092531354
2023-01-26,93.45178026224934,93.89662446459953,92.88482300900493,93.31222534179688,-0.004652181007398837,-0.004663036081057685
2023-01-27,92.62316695265659,93.2947888189719,92.5533861561227,93.07672882080078,-0.0025237477740294167,-0.0025269377937766776
2023-01-30,92.85865479620432,93.46922669165356,92.62315296180411,92.73654174804688,-0.0036549100625233866,-0.0036616055655923
2023-01-31,93.31219952595418,93.57386742490758,92.34401299410789,93.47792053222656,0.00799446227134415,0.007962675855657594
2023-02-01,94.05073168211234,94.96018892739204,93.06256075680116,94.60165405273438,0.012021379103318797,0.011949696238296356
2023-02-02,95.24876420967495,95.62479247231087,94.52294112825052,94.72407531738281,0.001294071080196968,0.001293234491875391
2023-02-03,93.36865532559108,93.66598335995364,92.76526589218557,93.30744171142578,-0.014955370123281297,-0.015068329316982071
2023-02-06,92.47667939961256,92.96638828557606,92.41546578886712,92.6166000366211,-0.007403929012878452,-0.0074314741409612275
2023-02-07,92.10939014438381,92.89642698323895,91.82080885817314,91.87327575683594,-0.008025821283562995,-0.008058201555758848
2023-02-08,91.85578008300553,92.3280021404024,91.28736427289175,92.31050872802734,0.004759087640987536,0.004747798985033988
2023-02-09,93.10630262062452,93.23747654099564,91.28737449332802,91.43603515625,-0.00947317465613573,-0.009518330581420969
2023-02-10,91.29610274988606,91.33108289970119,90.17676464292781,90.41287231445312,-0.011189930097564416,-0.011253008367747765
2023-02-13,90.69269922785932,91.31358182344864,90.5790187543393,91.17366790771484,0.00841468226576958,0.008379476187720529
2023-02-14,91.12120586790678,91.67213491114906,90.19425520970209,90.96379852294922,-0.0023018640094424336,-0.0023045173709683687
2023-02-15,90.55278902642257,90.90257716599513,89.63457848059187,90.11554718017578,-0.009325153044916323,-0.009368904489605626
2023-02-16,89.25854598157532,89.38971986356808,88.6114299480001,88.83879089355469,-0.014167991279777303,-0.014269315446733348
2023-02-17,88.41031717983269,89.52965545654297,88.2966366795295,89.52965545654297,0.007776609249624533,0.007746527280409496
2023-02-21,88.3316187487673,88.49776614945964,87.69324257961316,87.78943634033203,-0.019437348522530873,-0.019628737908797093
2023-02-22,88.3141062201893,88.92624880788814,88.27912607188242,88.59394073486328,0.009164022780741465,0.009122287903122596
2023-02-23,88.79507679102174,89.71328068424933,88.7338631981399,89.45968627929688,0.009772062708267137,0.00972462489663071
2023-02-24,88.70762398539837,89.02243863454062,87.93807410003694,88.29661560058594,-0.013001059215430044,-0.013086312715827102
2023-02-27,88.57646880161454,88.9350037060701,88.24416734482863,88.54148864746094,0.0027733004850682974,0.002769461982520981
2023-02-28,87.94683745370774,88.95249518041443,87.69323634545775,88.9437484741211,0.004543178941363912,0.0045328898555859224
2023-03-01,88.38268958919257,88.56678286387161,87.62877997580937,87.98820495605469,-0.010743234172825855,-0.010801359389802957
2023-03-02,86.83979933599745,87.3570194792362,86.68200415361179,87.20799255371094,-0.008867238543318612,-0.008906786463816256
2023-03-03,88.47911427609763,89.32945459706308,88.16352391598221,89.32068634033203,0.024225919262158113,0.023937126562810024
2023-03-06,89.60998846689874,89.71518080635137,88.53172016996253,88.6281509399414,-0.00775335959412482,-0.007783573159035208
2023-03-07,88.94374873426447,89.74149304532571,88.43529675720708,89.17167663574219,0.0061326530006149405,0.006113924814177699
2023-03-08,89.76776733297835,90.26745091913453,88.90865881715943,89.25931549072266,0.0009828104425855244,0.0009823278006069953
2023-03-09,89.02266642454268,89.87300038139148,88.82980483227207,89.478515625,0.0024557675921246247,0.002452757122559768
2023-03-10,91.19672340938178,92.65194687000222,91.17042531834785,92.56427764892578,0.034486066318512254,0.033904749111798055
2023-03-13,94.85228726044232,95.64126328331909,92.08211295461213,92.774658203125,0.0022728050122871046,0.002270226097815789
2023-03-14,92.1697557816767,92.5817768771758,90.95122900762016,91.24928283691406,-0.01644172445099401,-0.016578389681170713
2023-03-15,93.60746704444396,94.42274119609476,92.35387360025449,93.0113525390625,0.019310504667721107,0.01912642290555503
2023-03-16,94.13343727519629,94.70325362302783,92.08210644886769,92.28372955322266,-0.007822948123824558,-0.007853707908986955
2023-03-17,93.49347537053332,94.44024633300106,93.32691195448267,93.6688003540039,0.015008829914946675,0.014897311879503673
2023-03-20,93.69514443016531,93.76527713327134,92.67824698801871,92.84481048583984,-0.008796844467420795,-0.008835765124471994
2023-03-21,92.11717553211687,92.41522941289337,91.64378993774743,92.04704284667969,-0.008592484975580073,-0.00862961321013063
2023-03-22,91.74897364149453,93.31815041467773,91.55611213286556,93.27432250976562,0.013333178613137875,0.013245074065605569
2023-03-23,92.36261781602316,93.40581960094173,91.88923230072112,93.27432250976562,0.0,0.0
2023-03-24,93.87919167181249,94.17725216957577,93.1515869710121,93.6688003540039,0.004229222294238388,0.0042203042689970246
2023-03-27,92.09087931863553,92.7132918660421,91.45969851331586,91.46846008300781,-0.023490642163455866,-0.023770945673384822
2023-03-28,91.38076861367934,91.76649158098164,91.18790713002818,91.63499450683594,0.0018206759321954813,0.001819020510789819
2023-03-29,90.90740945850598,91.56488833121905,90.8197469464551,91.450927734375,-0.002008695187374121,-0.0020107153212274268
2023-03-30,91.57366639100331,92.0908866374428,91.40710291852288,91.8717269897461,0.004601366719792388,0.004590812794550571
2023-03-31,92.35387934657534,93.4146112979318,92.11718985669499,93.24805450439453,0.014980969224645646,0.014869862785607153
2023-04-03,93.05382619171333,94.1260379832689,92.8956308994317,93.68660736083984,0.0047030778151477826,0.004692052898526761
2023-04-04,92.96592835345425,94.74123157366972,92.93956359263946,94.15238952636719,0.004971704906906904,0.004959386793213057
2023-04-05,94.7148700465559,95.24219213889893,94.39848617840059,95.13672637939453,0.01045471982154722,0.010400447180709189
2023-04-06,95.28611435896147,95.68160585841652,95.25974960003336,95.3827896118164,0.0025864168527367504,0.0025830778328277226
2023-04-10,94.60061637423391,94.70608212913574,93.65144469565342,93.84479522705078,-0.016124443319647797,-0.016255856715742145
2023-04-11,94.08207744814099,94.11722598934686,93.60749167973006,94.03813171386719,0.0020601727176092766,0.0020580534719716226
2023-04-12,94.08207300526063,94.18753203425337,93.05380053634003,93.94145202636719,-0.0010280902623008847,-0.0010286191095941765
2023-04-13,94.08208529952691,94.38089486095669,93.05381269623581,93.2032241821289,-0.007858382304236411,-0.00788942211251583
2023-04-14,92.62316805388889,92.76378904421645,92.07827177413635,92.35072326660156,-0.009146689108753048,-0.009188776908840103
2023-04-17,91.77067633038133,91.92008111119542,91.14668574123588,91.25215148925781,-0.011895648875129505,-0.011966968264075542
2023-04-18,91.23458382275814,91.92009452196842,91.22580003802511,91.57733917236328,0.00356361661394633,0.003557281977277644
2023-04-19,91.32245424982771,91.6124732982517,90.9445437329104,91.48943328857422,-0.0009599086912058796,-0.0009603696985938827
2023-04-20,92.13100741983445,92.52649221858718,92.06069692511197,92.27162170410156,0.008549494596388874,0.008513154646035819
2023-04-21,92.54408153756282,92.68469583450612,91.6388489230557,91.75310516357422,-0.005619458409326872,-0.0056353069671625814
2023-04-24,92.24525557226684,92.71105085881103,92.13978983175245,92.6407470703125,0.009674243777971547,0.009627747915987143
2023-04-25,93.44927267251634,94.15235730595755,93.40532694941179,94.0029525756836,0.014704172283252603,0.014597114133662688
2023-04-26,93.85357203322421,94.2490568223852,92.86924524651602,93.0010757446289,-0.010657929390548215,-0.010715131923416566
2023-04-27,92.45619580249196,92.51771581844754,91.9376709116062,92.07828521728516,-0.009922364015203855,-0.009971918741540763
2023-04-28,93.3438299677241,93.82720622031383,93.03622994570227,93.56354522705078,0.016130404755700267,0.016001692057487915
2023-05-01,92.75117765652674,92.8833408428021,90.61015554958229,90.86566925048828,-0.02883469165277519,-0.02925857971519587
2023-05-02,91.63225653244369,93.13008880615234,91.53533726180466,93.13008880615234,0.024920518104827538,0.024615066271370046
2023-05-03,93.39435815287543,93.92300411875509,92.75998030498057,93.64987182617188,0.005581257643825888,0.005565740136744544
2023-05-04,92.70713571079118,93.79085914277894,92.6454604481748,92.7247543334961,-0.009878470462756583,-0.009927586279212015
2023-05-05,91.94060592818448,92.4252021388256,91.72914881904123,92.41638946533203,-0.0033255938004967955,-0.003331135878103588
2023-05-08,91.20933003901612,91.51771318475075,91.03311686039794,91.12122344970703,-0.014014462403455497,-0.014113592239057423
2023-05-09,91.19169473242334,91.3150452793175,90.751155144344,90.79521179199219,-0.0035777796365386028,-0.003584195196981173
2023-05-10,91.34147042351766,91.84368525119957,91.31503912555023,91.67628479003906,0.009703958839430538,0.009657177828048806
2023-05-11,92.7776328763113,92.9714646337476,92.26660537973343,92.64546966552734,0.010571816666741674,0.010516325763410977
2023-05-12,92.55737223639679,92.73358538677124,91.8525061906974,91.87012481689453,-0.008368945091778324,-0.008404161332251933
2023-05-15,91.09477699207966,91.16526494064246,90.85688856830619,90.91856384277344,-0.010357675860543814,-0.0104116898820291
2023-05-16,90.22246408307998,90.6630034519211,89.96695044250046,90.64537811279297,-0.003004729930104144,-0.0030092531941442167
2023-05-17,90.82164310376265,90.89213105116883,90.17845234735739,90.381103515625,-0.002915477905990116,-0.0029197361903368865
2023-05-18,90.04626387195576,90.0991331787329,89.64978104267043,89.71145629882812,-0.007409150704617229,-0.00743673479595088
2023-05-19,89.2180785548122,89.74672471190871,88.92732081567391,89.07710266113281,-0.007071043809413702,-0.007096162118169053
2023-05-22,89.20923982253214,89.61453531532094,88.69821244036852,88.7598876953125,-0.0035611280154347336,-0.0035674839257659402
2023-05-23,88.48678048311422,89.20926512686256,88.3546172644321,89.01542663574219,0.002878991254550378,0.0028748548963527607
2023-05-24,89.23566878576757,89.30615671017807,88.57485961914062,88.57485961914062,-0.004949333315048765,-0.004961621828580954
2023-05-25,88.7246812025463,88.81279450862012,88.13435969561996,88.35462951660156,-0.0024863725834398664,-0.002489468740950585
2023-05-26,88.213641999768,89.13877102242887,88.10791008770671,89.06828308105469,0.008077149645214998,0.008044704066787067
2023-05-30,89.34143054898065,90.08153383649294,89.20926732703897,89.95818328857422,0.009991213221318018,0.009941631034451521
2023-05-31,89.8612609348653,90.9097472780376,89.75553573864656,90.74234008789062,0.008716903461699843,0.008679130608215568
2023-06-01,91.2397019819085,91.5488979235271,90.66547709606482,91.09835815429688,0.003923395253653483,0.003915718810424957
2023-06-02,90.99233926187944,91.05417844614811,90.05591540296365,90.10008239746094,-0.010958218974101763,-0.011018702522834297
2023-06-05,89.53471512033146,90.49764749487734,89.41103672212809,89.93225860595703,-0.0018626374919790134,-0.0018643743582955957
2023-06-06,89.96758286540046,90.52414235615284,89.57004614912022,90.4623031616211,0.00589382012506201,0.005876519511747808
2023-06-07,90.25911299220733,90.48880431659627,89.0311584633062,89.11949920654297,-0.014843795792807257,-0.014955067431530486
2023-06-08,89.11066008230519,90.23260155236025,89.04882089482129,90.16192626953125,0.01169695826692596,0.011629077668823378
2023-06-09,89.75555937433792,90.34744974182436,89.525868060102,90.03825378417969,-0.001371670842322703,-0.0013726124439160038
2023-06-12,90.32093388169773,90.37394370886997,89.3315069740201,90.30326843261719,0.0029433561547376197,0.002939032963061876
2023-06-13,90.20609843968526,90.40045209410671,89.19899926674312,89.41101837158203,-0.009880595426077443,-0.009929732445654952
2023-06-14,89.78204574155194,90.36510665449615,89.63186583608396,90.12657928466797,0.008003050699100012,0.007971196131799464
2023-06-15,91.01884926443928,91.54890042742052,90.63897802864227,90.99234771728516,0.009606138827067179,0.009560293241027808
2023-06-16,90.49760275084017,90.84213622405697,90.13539709235059,90.63894653320312,-0.003883856092822824,-0.0038914178474255445
2023-06-20,91.08952336195075,91.57540751999242,91.08952336195075,91.26620483398438,0.0069204059046679145,0.0068965698028714
2023-06-21,90.82450248729894,91.5665795637287,90.40929357714936,91.48706817626953,0.002419990430049257,0.00241706696875746
2023-06-22,90.81566303721294,91.21319971042453,90.2856051529762,90.38278198242188,-0.012070407499779168,-0.01214384642517098
2023-06-23,91.72555425435813,91.83156040323357,90.97464815998111,91.28384399414062,0.00996939894917137,0.009920032324044929
2023-06-26,91.54006612415984,91.6990821384564,91.13369336317216,91.38105010986328,0.0010648775453507842,0.0010643109654472928
2023-06-27,91.51355218696682,91.83158419591956,90.78031808740421,91.14251708984375,-0.0026103116535950432,-0.0026137244573407685
2023-06-28,91.35456088199338,91.7344254085127,90.84217512906484,91.53124237060547,0.004265026830217344,0.004255957381768801
2023-06-29,90.25909022122826,90.40927012083937,89.62302624644597,89.87921905517578,-0.018048736940996846,-0.018213602145442067
2023-06-30,90.16194676436335,91.0453677806396,89.99410135444874,90.93936157226562,0.011795190570570435,0.01172616952438415
2023-07-03,91.09703371691315,91.4690804276788,90.40610044554955,90.42382049560547,-0.005669064173608462,-0.005685194308644923
2023-07-05,90.25548536069552,90.35292533063098,89.23679906659896,89.5645523071289,-0.009502675111126568,-0.009548113615605135
2023-07-06,88.75844840104321,88.91789499072094,88.11180877939505,88.2978286743164,-0.014143135874433166,-0.014244103147077187
2023-07-07,87.85495264821569,88.2269925668635,87.68664597911479,87.76637268066406,-0.006018902181758046,-0.006037088785809404
2023-07-10,87.57146706933199,88.16496011228229,87.5626070477042,87.88150024414062,0.0013117502747372889,0.0013108906819775637
2023-07-11,88.20040153755932,88.55472809481842,87.95237497494304,88.3332748413086,0.005140724679402409,0.005127556265135209
2023-07-12,88.66988941703896,89.57342255812489,88.37756947385131,89.31653594970703,0.011131265201758556,0.011069768605056847
2023-07-13,89.74171996147656,90.32635983163658,89.49369338318469,90.2554931640625,0.010512691791855655,0.010457817695435159
2023-07-14,90.10489888139924,90.29977882150295,89.67970567042599,89.7239990234375,-0.0058887733255068575,-0.005906180522813896
2023-07-17,89.67085444464169,89.90116096252935,89.39624781451874,89.7682876586914,0.0004936096890011399,0.0004934879038131864
2023-07-18,90.1757583618164,90.41492487766885,89.97201841569179,90.1757583618164,0.004539138639630069,0.004528867818560866
2023-07-19,90.35293068804172,91.22103044669926,90.11376413924778,91.19445037841797,0.011296739113789478,0.011233407470862777
2023-07-20,90.54783064978832,90.62755059759802,89.71516403994286,90.08720397949219,-0.012141598467134584,-0.0122159097918897
2023-07-21,90.49464644920418,90.66294629967258,90.02515994909622,90.1137466430664,0.00029463300448595575,0.0002945896087059663
2023-07-24,90.34406285051814,90.48579616955627,89.73285649726199,89.78600311279297,-0.00363699815491636,-0.0036436281130177123
2023-07-25,89.3165331002196,89.91002623268983,89.28995978954443,89.61770629882812,-0.001874421492550682,-0.0018761804188397152
2023-07-26,90.06947781989096,90.07833784334353,89.40511798352027,89.70629119873047,0.0009884754203255408,0.0009879872001998218
2023-07-27,89.21022788260504,89.40510782711696,87.61576851137632,87.96123504638672,-0.019452996317480653,-0.019644696011811826
2023-07-28,88.04982216291394,88.45729537177878,87.82836889125582,88.41300201416016,0.0051359779968436214,0.005122833848014744
2023-07-31,88.27128373195974,88.87363695781897,88.24471041817772,88.6256103515625,0.002404718000281081,0.0024018312928360186
2023-08-01,87.79507717604615,87.86613916706101,86.96012250057724,87.17330169677734,-0.016387008777983048,-0.01652276089688607
2023-08-02,86.19620719114066,86.37385535917072,85.63660936268705,86.24061584472656,-0.010699214483065322,-0.01075686264040298
2023-08-03,84.55294081434138,84.66841144983215,83.97557408320067,84.25093078613281,-0.02307132247497068,-0.023341631113787842
2023-08-04,84.51740597015257,85.87643409301077,84.4996370874452,85.74319458007812,0.0177121342164559,0.01755710232090483
2023-08-07,85.37014976713105,85.45008942788878,84.82831392140174,84.89937591552734,-0.009841231933138572,-0.009889976926972886
2023-08-08,86.0363318395028,86.4893435342693,85.66326657409229,85.88533020019531,0.011613210038775357,0.011546294287896112
2023-08-09,86.0540814207174,86.418268967396,86.01855043249195,86.3294448852539,0.005171019125424392,0.005157695318063329
2023-08-10,86.19623755097238,86.48047878604117,84.90826416015625,84.90826416015625,-0.016462294261090693,-0.016599303566708686
2023-08-11,84.650659673026,85.15696448556717,84.56182879828481,84.71283721923828,-0.0023016244985216705,-0.0023042773074828573
2023-08-14,84.57071481369584,85.21025917339668,84.2953580720419,84.52630615234375,-0.0022019220819128327,-0.0022043498768718446
2023-08-15,84.20654075808733,84.56183718491242,83.99335476977834,84.01112365722656,-0.006094936813974328,-0.006113586760135005
2023-08-16,83.74463205596193,84.19764374242106,83.24721171120298,83.35379791259766,-0.007824270358659402,-0.007855040570041138
2023-08-17,83.05178247277293,83.1494909943001,82.6254173991232,82.99848937988281,-0.004262655591139475,-0.004271766608120277
2023-08-18,82.9896074796924,83.66468270995546,82.87413684928079,83.29161071777344,0.003531646661049548,0.0035254250410529826
2023-08-21,82.30567443965798,82.39449854423589,81.92372469081263,82.18131256103516,-0.013330251956591765,-0.013419897320049489
2023-08-22,82.28792261365717,82.8564051330349,82.12803648152929,82.81199645996094,0.007674298198357299,0.00764500056896539
2023-08-23,83.76241954223325,84.87273789896038,83.70024198533034,84.86385345458984,0.024777291725130324,0.024475312616715744
2023-08-24,84.49964766205606,84.87271970032381,84.28646848079163,84.30423736572266,-0.006594280910972694,-0.00661611923966533
2023-08-25,84.08219227373695,84.83720740545557,83.94895271476413,84.5796127319336,0.0032664475098247436,0.00326112425908701
2023-08-28,84.96155215227328,84.97043659561278,84.2864767722095,84.66842651367188,0.0010500613430304284,0.001049510414257307
2023-08-29,84.35753272517184,85.72544549719012,84.33088617390592,85.54779052734375,0.010385973259227521,0.010332409593598437
2023-08-30,85.4145528295571,85.6277320041956,85.1658358861611,85.4589614868164,-0.0010383557538982124,-0.0010388952187039605
2023-08-31,85.75208777316173,86.20509945262921,85.65437923882867,85.84091186523438,0.004469401122747074,0.004459443009725306
2023-09-01,85.35002378918924,85.3678391744403,84.29873933292892,84.50364685058594,-0.015578411104810619,-0.015701029686630397
2023-09-05,83.99580272246759,84.0047138114843,83.29197622787312,83.3187026977539,-0.014022402547042456,-0.01412164527356489
2023-09-06,83.82652967355648,83.84435185236732,83.2652533900688,83.52362060546875,0.002459446691797318,0.002456427202617504
2023-09-07,83.74638370684038,83.80874776324582,83.46128990653378,83.75529479980469,0.002773756605095823,0.0027699168409855714
2023-09-08,84.08491595196932,84.54819754570724,83.8978238150575,84.07601165771484,0.003829212931274917,0.003821900157605183
2023-09-11,83.47910388060198,83.72856689916853,83.34547147426379,83.47019958496094,-0.007205528197748667,-0.007231613396675162
2023-09-12,83.64837037206532,83.96019061046407,83.37218770336519,83.95128631591797,0.005763574705094143,0.005747028853463168
2023-09-13,83.67508155629059,84.2185424998134,83.58599104691329,83.9334487915039,-0.00021247470047014438,-0.00021249727641724935
2023-09-14,83.69290137441989,83.93344642266678,83.21180448075613,83.32762145996094,-0.007217948747082703,-0.007244124170437823
2023-09-15,83.26526834989005,83.2830905319029,82.81980895996094,82.81980895996094,-0.006094167709371212,-0.00611281293944123
2023-09-18,82.72181988455765,83.32764501854376,82.6950934046596,83.29200744628906,0.0057015162466313996,0.00568532412017041
2023-09-19,82.92671751086924,83.23853770878195,82.67726135253906,82.67726135253906,-0.007380613249673651,-0.007407984737717867
2023-09-20,83.11381864302135,83.39000130581357,82.89108893504792,82.93563079833984,0.003125036334949316,0.003120163557999305
2023-09-21,81.33201181141044,81.40328697630275,80.79746166906571,80.80636596679688,-0.02567370394421109,-0.02600902522421306
2023-09-22,80.9043538361675,81.61709176931926,80.77962571744186,81.45672607421875,0.008048377125251527,0.008016161677354089
2023-09-25,79.87978483336836,80.21833153870523,79.42541433099613,79.45214080810547,-0.024609204945050367,-0.024917072848367135
2023-09-26,79.67486908227566,79.84414583048874,79.03340645449033,79.17595672607422,-0.0034761062347998806,-0.0034821619296428004
2023-09-27,79.7728797163513,79.84415486020386,78.48104322341784,78.76614379882812,-0.005175976953002648,-0.005189418724640259
2023-09-28,78.06231155016219,79.0512320106733,77.5990299449143,79.00668334960938,0.0030538444461061243,0.0030491909348149175
2023-09-29,79.53231456701977,79.72831778140376,78.51666772627608,79.01558685302734,0.00011269304115169021,0.00011268669176794463
2023-10-02,78.48829197948915,78.58660398191681,77.49623945950013,77.69286346435547,-0.016740031193240412,-0.016881729092821835
2023-10-03,77.13873623400129,77.44261153341974,75.86962642858535,76.02156066894531,-0.021511664275019715,-0.02174641278427149
2023-10-04,76.65613260628628,77.13875337588294,76.29864180098508,77.09407043457031,0.014107968268311621,0.014009377082817395
2023-10-05,76.96000121305684,77.03150209531645,76.53994205315594,76.70975494384766,-0.004985020100201187,-0.004997486761195103
2023-10-06,75.25294773544445,76.58462599632995,75.12782461033692,75.78025817871094,-0.01211706080689634,-0.012191070851959952
2023-10-09,76.41476788986664,77.5766325852607,75.92320817596264,77.55875396728516,0.02346911756858927,0.023197952306472997
2023-10-10,76.72761136042776,77.90734840621101,76.43267539430744,77.45154571533203,-0.001382284351787666,-0.0013832405880975028
2023-10-11,78.51511509512403,79.0692367553711,78.2916799316099,79.0692367553711,0.02088649135531484,0.02067135901136557
2023-10-12,78.69385700506854,78.81898013474425,76.79912461202352,76.92424774169922,-0.027127984304542663,-0.027502741218061993
2023-10-13,78.29165883116391,78.49722212642341,77.90735018074693,78.30059814453125,0.017892282904782064,0.01773410005905205
2023-10-16,77.03148040908887,77.19235393953348,76.77229489788937,77.04041290283203,-0.016094196871562882,-0.016225115040162663
2023-10-17,75.86964380927111,76.5310099860585,75.52108549861964,76.19139099121094,-0.011020474574713557,-0.011081649873734216
2023-10-18,75.41381345420852,75.71768873978748,74.94013212718959,75.52106475830078,-0.00879792617236086,-0.00883685643004771
2023-10-19,74.9669363439171,75.58361935292783,73.94807291432397,73.97488403320312,-0.020473502724651538,-0.020685990125407942
2023-10-20,74.17150054809173,74.66306040717103,73.97487660446001,74.39493560791016,0.005678299874299242,0.005662239099482509
2023-10-23,74.01064712714592,75.84281784259444,73.66208888468672,75.2886962890625,0.012013730153122237,0.011942138118220657
2023-10-24,75.4674310956458,76.28073120117188,75.15461654405397,76.28073120117188,0.013176412409912963,0.013090358584137278
2023-10-25,75.09205804809676,75.19037002795719,74.29662971555152,74.58262634277344,-0.02226125564947845,-0.022512777199507943
2023-10-26,74.60944808763281,75.80705689440299,74.53794722250383,75.72662353515625,0.01533865524023148,0.015222207327792791
2023-10-27,75.24402601061603,75.94114261277446,74.84183863488624,75.40489959716797,-0.0042484917849126,-0.0042575422691706
2023-10-30,74.90437305379547,75.52105604848222,74.3949413508317,75.06524658203125,-0.004504389196872238,-0.004514564525147079
2023-10-31,75.40487003298159,75.762360690757,74.6720032746264,74.69881439208984,-0.004881515836239414,-0.004893469351384049
2023-11-01,75.36782796317604,76.33638330963137,75.34988795188451,76.31844329833984,0.02168212332994557,0.02145040947669715
2023-11-02,77.73540626151436,78.30039348193041,77.3228749326552,78.05825805664062,0.02279677995395679,0.022540816164350896
2023-11-03,79.645629938051,79.86086909149239,78.54255835563904,78.58739471435547,0.00677874027538361,0.00675586792117596
2023-11-06,78.08514863754002,78.20173132837719,77.6636473706621,77.8250732421875,-0.009700302127826022,-0.009747656542098157
2023-11-07,78.5694534341669,79.36761306336747,78.55151341884154,78.97301483154297,0.014750279588984672,0.014642552261823157
2023-11-08,79.3496583281719,80.37201997635147,79.32274831249623,80.31820678710938,0.017033564673146095,0.016890120133562093
2023-11-09,79.76220194533467,79.84291147850453,77.78921785959973,78.47079467773438,-0.02300116229277538,-0.023269816594898574
2023-11-10,79.12548695944984,79.30484608126748,78.71294866346783,78.91024780273438,0.005600212496951862,0.005584589607474014
2023-11-13,78.2196997653773,78.8654034861511,77.93272109415686,78.73088073730469,-0.0022730516051360228,-0.0022756389083952804
2023-11-14,80.71281728101224,80.84734001156932,80.07608365462637,80.51551818847656,0.022667566200949008,0.02241447443326909
2023-11-15,79.82499290953714,79.94157564836763,79.19722233201291,79.38555145263672,-0.0140341484630917,-0.014133558308956852
2023-11-16,80.08506873808601,80.67695928501239,80.04022553875467,80.3720474243164,0.012426643811478177,0.012350066817324043
2023-11-17,80.8563225725072,81.09845805141741,80.38997794644932,80.74870300292969,0.004686400193649076,0.004675453208241117
2023-11-20,80.37204416973249,81.30472657274116,80.36307416180713,81.241943359375,0.006108337819709764,0.006089757548907501
2023-11-21,81.16122675267535,81.43027223013623,80.61417263271939,81.20606994628906,-0.0004415627150529122,-0.0004416602325763662
2023-11-22,81.71724425786657,81.89660333356576,81.05360062513721,81.4930419921875,0.003533874328461417,0.003527644866353725
2023-11-24,80.80250881274101,80.94600157119403,80.52450014587745,80.5334701538086,-0.011774892861048158,-0.01184476595238435
2023-11-27,80.98185313486755,81.91452844729895,80.90113676926494,81.878662109375,0.016703514116519047,0.016565544687732078
2023-11-28,81.52892676233975,82.08494408129248,81.42130719635965,82.04010772705078,0.001971766679090603,0.0019698252987194187
2023-11-29,82.60508865934197,83.1342027563694,82.30914000738903,83.07142639160156,0.012570908219452948,0.012492550355710693
2023-11-30,82.47954197449465,82.76652064048099,81.75312872292852,82.11184692382812,-0.011551257868739895,-0.011618491907887829
2023-12-01,82.14693018716845,83.7213155958998,81.98499312771933,83.65834045410156,0.018833987886158088,0.018658824271614808
2023-12-04,83.20850362131569,83.51438773848022,82.84864278032344,83.3254623413086,-0.0039790188400354864,-0.0039869561977605794
2023-12-05,84.23410964122277,85.12476684193683,84.18013291285534,85.11576843261719,0.02148570246121584,0.021258138565952184
2023-12-06,85.53862040622586,86.41128095117128,85.34969495790415,86.24934387207031,0.013318042712033185,0.01323013720725944
2023-12-07,85.62858156494164,86.43826693813136,85.52062122725758,85.75453186035156,-0.005736994503432791,-0.005753514269235328
2023-12-08,84.94485794609209,85.21475539482286,84.48604189253794,85.05281829833984,-0.008182816077340838,-0.008216479081371962
2023-12-11,84.57599248725421,84.96284177726234,84.1441580080778,84.87287139892578,-0.002115707662770916,-0.002117948934035916
2023-12-12,84.70195786246971,85.19676071254466,84.47704560413271,85.12479400634766,0.002968234764177735,0.0029638382531394854
2023-12-13,85.6195820401589,87.24795117610205,85.48463333575377,87.12199401855469,0.023462024613629007,0.02319102197568255
2023-12-14,88.14278506379512,89.38829803466797,87.92616872338125,89.38829803466797,0.026012995244698134,0.025680412598870574
2023-12-15,89.07239316489522,89.66807078835207,88.97311241333753,89.48756408691406,0.001110503885056513,0.001109887731735399
2023-12-18,88.90091510072492,88.90091510072492,88.46768933744758,88.7745590209961,-0.007967644143553443,-0.007999555438407474
2023-12-19,89.22583148058648,89.58685179739508,89.04532476512708,89.2529067993164,0.0053883430522834175,0.005373877870833139
2023-12-20,89.45146145888253,89.97494053382113,88.9731125022932,89.85760498046875,0.006775109101062604,0.006752261189404535
2023-12-21,90.02009331560554,90.11034669604066,89.126573143282,89.28903198242188,-0.006327488899469991,-0.006347592304940293
2023-12-22,89.6951607097789,89.6951607097789,88.66625719509251,88.88287353515625,-0.004548805583933113,-0.004559182881550984
2023-12-26,88.93700521830705,89.23484745798514,88.88285458777973,89.13556671142578,0.002842990625967712,0.00283895697140428
2023-12-27,90.05617190113216,90.7330824017551,89.80345974930863,90.71503448486328,0.0177198376777139,0.017564671683442522
2023-12-28,90.3359780185831,90.76920385820064,89.85762893447675,90.05619049072266,-0.007262787231267165,-0.007289289669463266
2023-12-29,89.46951806747637,90.09227795457876,89.17168266945735,89.24388122558594,-0.00902002694884596,-0.00906095368465085
2024-01-02,88.65722497168535,89.0362931879062,88.44963606134185,88.72942352294922,-0.005764627171876313,-0.00578130676707843
2024-01-03,87.89004753720124,89.21679307849675,87.68246552860705,89.0994644165039,0.004170441763988064,0.004161769574614201
2024-01-04,87.92615030904035,88.12471180322319,87.6102601527899,87.74564361572266,-0.015194488649815985,-0.015311107711850477
2024-01-05,87.09581462465147,88.16082071622267,86.83407508081987,86.90628051757812,-0.009565866333153594,-0.009611913119394662
2024-01-08,86.8521420770009,87.89006611109528,86.72577910198785,87.76371002197266,0.009866139700008159,0.009817787119148469
2024-01-09,87.22217236727424,87.70052134465668,87.17704224696324,87.2041244506836,-0.006376047356577819,-0.006396461165730202
2024-01-10,87.47490718575858,87.59224277462121,86.75287327488009,86.7979965209961,-0.004657210106124965,-0.004668088698178285
2024-01-11,86.79798579892156,87.39367041555603,86.38281480212656,87.28536224365234,0.005614942074594564,0.005599237048459614
2024-01-12,87.34853295652573,87.79077923769903,86.88823187193887,87.1138687133789,-0.001964745586948702,-0.001966678231410775
2024-01-16,86.30157704691845,86.455008438402,85.2997489728254,85.57953643798828,-0.017612950705230057,-0.01776990439727367
2024-01-17,85.38097479528847,85.74199509919985,84.98385865828655,85.44415283203125,-0.00158196236614494,-0.0015832149898522359
2024-01-18,85.25460731248961,85.36291545493542,84.39719023059844,84.64990234375,-0.0092955510933862,-0.009339024343392175
2024-01-19,84.57770407106905,84.99287499007013,84.17156055284104,84.92066955566406,0.003198671285106869,0.003193566419073964
2024-01-22,85.57954071311306,85.81420495562145,85.19144507145646,85.42610931396484,0.005951905006701175,0.0059342623902694696
2024-01-23,84.74018676904271,84.830440144575,84.32501573288121,84.74921417236328,-0.007923750092770576,-0.007955309825377503
2024-01-24,85.29974284819072,85.32681816405088,84.02714791565045,84.2527847290039,-0.0058576288666197796,-0.0058748520655949946
2024-01-25,84.8394474453992,85.03800895605629,84.45135182526658,84.8033447265625,0.006534620776386779,0.0065133627007609276
2024-01-26,84.77627551272133,84.90263159480253,84.37915246281464,84.6408920288086,-0.00191564021770263,-0.0019174774030568363
2024-01-29,85.11924254115242,85.89543385101406,84.94776321866448,85.61564636230469,0.011516352322519463,0.011450543903806181
2024-01-30,86.17521340564005,86.5001240766476,85.50732349097,86.3918228149414,0.009065824830103208,0.009024976934471535
2024-01-31,86.84311131831113,87.46587122341137,86.6445497899667,87.240234375,0.009820507687121838,0.009772599898692148
2024-02-01,88.20906826029926,89.34088244011642,88.0008183197184,88.9515380859375,0.019615991671704025,0.019426077657030628
2024-02-02,87.16778180819863,87.484695246722,86.64262537542365,86.9866943359375,-0.022088923837401575,-0.022336537250294827
2024-02-05,85.68286640139122,85.88206682143527,85.13054047601314,85.23014068603516,-0.020193360183554443,-0.020400033094719557
2024-02-06,85.32972825087394,86.15369224657927,85.30256581726522,86.06314849853516,0.009773629443703191,0.009726176468790867
2024-02-07,85.62852334826586,86.22612448153482,85.58324802312315,85.6466293334961,-0.004839692392222372,-0.004851441627231925
2024-02-08,85.13051534309061,85.38404747159899,84.80455927966814,85.14862823486328,-0.00581460242520071,-0.00583157304278706
2024-02-09,84.89510572613067,85.12146852421056,84.80456198850759,84.97659301757812,-0.0020204109079788868,-0.0020224546914163186
2024-02-12,85.02186227669851,85.2391686131046,84.65968044399244,85.07618713378906,0.0011720182308361249,0.0011713319536366727
2024-02-13,84.0802132157204,84.26130072315277,83.6003251037836,83.6184310913086,-0.017134712915472194,-0.01728321086652943
2024-02-14,83.57314426958168,84.252232635018,83.50976296512938,84.04397583007812,0.0050891260839951435,0.005076220249605441
2024-02-15,84.71398893409557,84.85886440240519,84.20693861109699,84.47857666015625,0.005171112215785811,0.005157787929524799
2024-02-16,83.73614452516148,84.07115710606331,83.60937497979424,83.98966979980469,-0.005787347274071153,-0.005804158862686509
2024-02-20,84.01684247234577,84.37902444084321,83.9534611459622,84.0621109008789,0.0008625001294431112,0.0008621283899413558
2024-02-21,84.05304514903847,84.11642646319795,83.31057536543668,83.4645004272461,-0.007109153781987176,-0.007134544223667175
2024-02-22,83.60033221671692,83.98967660806397,83.54600043342803,83.87196350097656,0.00488187279196195,0.004869995092243851
2024-02-23,83.98059738636961,85.11241136731799,83.98059738636961,84.99470520019531,0.013386376714617843,0.013297570822102875
2024-02-26,85.11241875375192,85.13958118636488,84.3790054410227,84.74118041992188,-0.0029828302795602557,-0.0029872877839915383
2024-02-27,84.42424991835756,84.63250668940762,84.0711245784386,84.14356231689453,-0.0070522749395977025,-0.007077259766382803
2024-02-28,84.27939397565537,84.75022553006977,84.11641249373422,84.67778778076172,0.006348976073240475,0.006328906228500708
2024-02-29,84.9494504550688,85.38407016857052,84.91323156993981,85.2754135131836,0.007057644608869262,0.007032855999613987
2024-03-01,84.87120341225084,85.84308011792,84.48063574942582,85.80674743652344,0.006230798555526107,0.006211467387725325
2024-03-04,85.10735863323819,85.52518102006728,85.08919575673508,85.46159362792969,-0.004022455330206731,-0.004030567163948454
2024-03-05,86.49706968721077,86.90580029751273,86.2609106816077,86.67872619628906,0.01424186604404265,0.014141403396681462
2024-03-06,86.73320691679386,87.35084864358953,86.66054848345058,87.1873550415039,0.005867977848024841,0.005850828322000963
2024-03-07,87.52342149527765,87.55975417447773,86.72412334212557,87.10560607910156,-0.0009376240667402502,-0.0009380639111461424
2024-03-08,87.01478285239891,87.24185691315178,86.72412833182526,86.95120239257812,-0.0017726033199656488,-0.001774176240281307
2024-03-11,87.16012174906932,87.20553934098903,86.6242301991248,86.90579986572266,-0.0005221610007241084,-0.0005222973742541392
2024-03-12,86.3244765394501,86.47888523900296,86.00657423750292,86.17914581298828,-0.008361398823290567,-0.008396551405417585
2024-03-13,85.83401028521914,86.05199948212098,85.5706034961599,85.76134490966797,-0.004848051107711804,-0.004859841028343166
2024-03-14,85.13462790970686,85.15279078931776,84.34440751647132,84.44432067871094,-0.015356851415334605,-0.015475989152214424
2024-03-15,84.52604433442711,84.64412727851254,84.28080740319243,84.41705322265625,-0.00032290455812222785,-0.0003229567030245758
2024-03-18,84.22630781136014,84.46245982871461,84.01739664089283,84.16272735595703,-0.0030127309233173305,-0.0030172783328364077
2024-03-19,84.33531479629804,84.7167976005411,84.18999098362262,84.39889526367188,0.00280608667440152,0.0028021569628803268
2024-03-20,84.56239210518805,85.1891188287116,83.82667425044406,84.37165069580078,-0.00032280716217880645,-0.0003228592756261479
2024-03-21,84.71680784911727,84.86213860912522,84.22633385847061,84.55331420898438,0.0021531345147978165,0.0021508198426166475
2024-03-22,85.55242809212616,85.57059096847907,85.1800232942609,85.36168670654297,0.009560506351774745,0.00951509392535056
2024-03-25,85.11644805862673,85.152780743314,84.7440501676465,84.9347915649414,-0.005001015772674977,-0.005013562701125656
2024-03-26,84.9347845481414,85.2617717535621,84.72587336088633,85.17093658447266,0.0027803096373137937,0.0027764517256125133
2024-03-27,85.37076598604864,86.01565551757812,85.32535532959628,86.01565551757812,0.009917924669851086,0.009869064848058001
2024-03-28,85.82491021721697,86.3063061181246,85.67050151876553,85.9429931640625,-0.0008447573070088366,-0.0008451143155339092
2024-04-01,85.01529574194167,85.02441070133003,84.25891402427655,84.34093475341797,-0.018640942695424267,-0.01881687485912929
2024-04-02,83.4478546004323,84.02197188095104,83.2382522552213,83.87616729736328,-0.005510579855600328,-0.005525819111314706
2024-04-03,83.16536427377319,83.88529318434203,82.9739918220034,83.85794830322266,-0.00021721300254495812,-0.0002172365967058963
2024-04-04,84.41382852076572,84.53230212769645,83.87616414452349,84.45939636230469,0.007172224830820362,0.007146626750225053
2024-04-05,83.55719130010388,84.00372684541372,83.27468326098244,83.28379821777344,-0.013919092429790725,-0.014016871386701909
2024-04-08,83.13799912325105,83.46606110981139,83.04686345471586,83.27468872070312,-0.00010937898204999019,-0.00010938496436707782
2024-04-09,83.72124740370663,84.16778306446083,83.6939025262641,84.04931640625,0.009302078427995353,0.009259080537278296
2024-04-10,83.11065384747155,83.20178951556416,82.06266319115981,82.21758270263672,-0.02179355861455967,-0.02203454596149242
2024-04-11,82.36340506115519,82.41808786436653,81.57057741769749,81.84396362304688,-0.0045442722506345845,-0.00455462884313958
2024-04-12,82.6003260450737,82.88282714376572,82.27225711312641,82.2813720703125,0.005344419159367897,0.005330188432089231
2024-04-15,81.30628523077341,81.34273810908387,80.66837028935362,81.00555419921875,-0.015505549299828392,-0.01562701758702816
2024-04-16,80.24007782476043,80.72306637471893,80.00313755306648,80.46790313720703,-0.006637212316200736,-0.00665933655973898
2024-04-17,80.98733207469512,81.45209063444413,80.61369528265203,81.3609619140625,0.011098322959064877,0.011037188483700248
2024-04-18,81.32451947473135,81.35185739908755,80.73217228719959,80.95088958740234,-0.005040160748016942,-0.005052905198955407
2024-04-19,81.46121063817424,81.46121063817424,81.02378997217733,81.24250030517578,0.003602316407636197,0.0035958436059481784
2024-04-22,80.81421115182881,81.21518600619008,80.78687322133658,81.10582733154297,-0.001682284187702443,-0.0016837008167512376
2024-04-23,80.8597543895869,81.59790609888621,80.6957199038897,81.13314056396484,0.00033676041932495515,0.00033670372826212345
2024-04-24,80.70482556098388,80.76861636175002,79.73884859147485,80.55902099609375,-0.007076264568095514,-0.007101420069782331
2024-04-25,79.70237964284216,80.10335428262997,79.5930210267161,79.9939956665039,-0.007013805810987206,-0.007038518166531537
2024-04-26,80.42234585644063,80.75041490566694,80.24008836361608,80.4132308959961,0.0052408337150702256,0.005227148340413209
2024-04-29,80.7959921433918,81.12405427805997,80.63195759971846,81.08760833740234,0.008386399027772828,0.008351428564917327
2024-04-30,80.5772541103082,80.85976222301272,80.2856379911153,80.3949966430664,-0.008541523280030772,-0.008578211152933925
2024-05-01,81.02416757259836,81.58200947467185,80.6949491721276,80.98758697509766,0.007370985220164883,0.007343952266995105
2024-05-02,80.66751457938209,81.39911256726353,80.50290538096054,81.33509826660156,0.004290920429704359,0.004281740680983117
2024-05-03,82.24045781942708,82.41421393768609,81.63688834149781,82.15814971923828,0.01011926548534925,0.010068408520685565
2024-05-06,82.18558027064839,82.53308548728305,82.00267728002302,82.47821807861328,0.003895759099599827,0.003888190281278811
2024-05-07,83.12750830613035,83.43843292579618,82.86230420151412,82.98118591308594,0.006098189875941129,0.006079671165001033
2024-05-08,82.58795289595281,82.7251283946629,82.4507843742784,82.47821807861328,-0.006061227360614763,-0.006079671165000944
2024-05-09,82.18557433373365,83.00861331246827,82.13984684512165,82.88058471679688,0.0048784593988207,0.004866598276129432
2024-05-10,82.5605305234377,82.65197854278422,82.2678926753069,82.41421508789062,-0.005627006982393268,-0.005642898227653207
2024-05-13,82.80743760002245,82.86230500943121,82.58795400831582,82.6245346069336,0.002551981097176803,0.002548730322851812
2024-05-14,82.89888421727883,83.14579453251172,82.68854752301435,83.09092712402344,0.005644721865104563,0.005628850122341721
2024-05-15,84.01457718126477,84.37122932932931,83.79509356935087,84.22490692138672,0.013647456306158157,0.013555168488931096
2024-05-16,84.49009858582095,84.51753228900301,84.0785790840191,84.14259338378906,-0.0009773063646657532,-0.0009777842399100102
2024-05-17,83.80423080308177,83.95055319415619,83.52987980833502,83.57560729980469,-0.006738395635112582,-0.006761201129009666
2024-05-20,83.29211660672534,83.51159321687668,83.22810230472139,83.32869720458984,-0.0029543320496507874,-0.002958704702883927
2024-05-21,83.88652707879028,83.92310069437269,83.6121761226797,83.75849151611328,0.0051578186860188335,0.005144562700993458
2024-05-22,83.46586762708814,83.93226153919287,83.45672771019049,83.85910034179688,0.0012011776222622395,0.0012004567855996302
2024-05-23,83.95055265821468,83.95055265821468,83.05434546119426,83.31954956054688,-0.00643401585577319,-0.006454803348466415
2024-05-24,83.19152833697602,83.64877538116998,83.12751402987031,83.56646728515625,0.002963502874315793,0.0029591203559417257
2024-05-28,83.52074129715245,83.54817500168167,82.3318962692916,82.36847686767578,-0.014335779127679693,-0.01443952916136183
2024-05-29,81.70089264269279,81.75576702844151,81.09733021574237,81.3716812133789,-0.01210166427987025,-0.012175485597436192
2024-05-30,81.93867308046244,82.27703842206247,81.7923576469574,82.15814971923828,0.00966513772521238,0.009618729072653884
2024-05-31,82.74340594698248,82.90801511772914,82.53306929329283,82.7159652709961,0.006789534010491316,0.006766588923533466
2024-06-03,83.17294294784413,84.11808891302154,83.14541551210093,84.0538558959961,0.016174515048174465,0.016045101185765163
2024-06-04,84.60442374694728,85.15500045316004,84.41172470012226,85.03570556640625,0.011681197250784647,0.011613498755807389
2024-06-05,85.33855616546215,85.65972137451172,84.77880808645729,85.65972137451172,0.007338279890182875,0.007311485716559016
2024-06-06,85.26512448882636,85.73311196721819,85.21006960932431,85.53123474121094,-0.0014999655758746178,-0.001501091650428599
2024-06-07,84.26491296911216,84.26491296911216,83.87033671331515,83.96209716796875,-0.01834578418036259,-0.018516155020575936
2024-06-10,83.50328234367213,83.55833721263019,83.18211727329422,83.40234375,-0.006666739360368101,-0.006689061332377912
2024-06-11,83.53081780557693,84.30162104943258,83.42987920220448,84.2649154663086,0.010342295881925923,0.010289180251013979
2024-06-12,85.35687292652946,85.86156592042666,84.8705362237961,84.89806365966797,0.00751378186111773,0.007485694011758775
2024-06-13,85.54038685967284,86.24694993482888,85.29262597555322,86.14601135253906,0.014699365793238384,0.014592377283722252
2024-06-14,86.64155936631043,87.02695755519099,86.47638771380801,86.87096405029297,0.008415394820627808,0.008380182796439156
2024-06-17,85.81568627197478,86.08179649950681,85.59545977365917,86.00839233398438,-0.009929344352725522,-0.009978969059490377
2024-06-18,86.15520854697066,86.80671690343618,86.00839321355022,86.79753875732422,0.009175225834654244,0.009133389162656222
2024-06-20,85.71475823688664,86.2561498596284,85.65051821296021,86.21944427490234,-0.0066602635362525975,-0.006682542067128957
2024-06-21,86.47637636711026,86.69660987546658,85.8799228668422,86.21944427490234,0.0,0.0
2024-06-24,86.30203488084715,86.5681381225586,86.01756834518648,86.5681381225586,0.0040442599762586795,0.0040361039395741885
2024-06-25,86.32038191064919,86.76084192152746,86.29285447263324,86.71495819091797,0.001696005846302473,0.0016945692524721204
2024-06-26,85.59548421786738,85.76983403763126,85.43949069538188,85.4761962890625,-0.014285446567685822,-0.0143884658541366
2024-06-27,85.81568145751953,85.99003121771146,85.72392100510883,85.81568145751953,0.00397169250850804,0.003963826159417677
2024-06-28,86.00840051349014,86.04509909930437,84.21903991699219,84.21903991699219,-0.01860547528621226,-0.018780734398563276
2024-07-01,83.23497184449573,83.84252976691786,82.68265092974745,82.7655029296875,-0.017259006855662617,-0.01740967967323432
2024-07-02,83.47434182486057,83.59400917302538,82.92202072258198,83.40990447998047,0.007785871256535515,0.007755717773882783
2024-07-03,83.92538991180653,84.58817793854875,83.85174523702568,84.50533294677734,0.013133074226931774,0.013047583101642028
2024-07-05,84.93799931403197,85.36145278068858,84.59740490465492,85.2049560546875,0.00827904090207876,0.00824495763159363
2024-07-08,85.18654159921411,85.47190597850461,84.89196987838862,85.3890609741211,0.002160730172965808,0.0021583991527255567
2024-07-09,85.12210185253116,85.31541388044771,84.56978076946336,85.01163482666016,-0.004420076098217374,-0.00442987351545341
2024-07-10,85.10368298140706,85.3154096814533,84.9287856446488,85.2785873413086,0.0031401879894765727,0.0031352678964923844
2024-07-11,86.23594559952065,86.65939196902521,86.04263358451702,86.10707092285156,0.009715024689927798,0.009668137267954667
2024-07-12,86.09784948164595,86.47527313232422,85.92294515346411,86.47527313232422,0.004276097253413047,0.004266980729076031
2024-07-15,85.60995373888804,85.88611768923764,85.40743444505048,85.4810791015625,-0.011496859099137002,-0.011563458935073954
2024-07-16,86.09785314570391,86.72381879499478,85.96897848465657,86.68699645996094,0.014107418519666348,0.01400883498196474
2024-07-17,86.45688762755847,86.89874875511737,86.24516791761029,86.70543670654297,0.0002127221767402876,0.0002126995545861481
2024-07-18,86.23594507045827,86.65939143736496,85.95978103749415,86.04263305664062,-0.007644314763624593,-0.007673682296567662
2024-07-19,85.64680582930754,85.75727285246273,85.44428646509473,85.53633880615234,-0.005884225441531887,-0.005901605709201408
2024-07-22,85.97818372467415,86.08864370393606,84.96559411696798,85.28778076171875,-0.0029058765888599902,-0.0029101068452911543
2024-07-23,85.43505507984423,85.63757438706152,85.14048345747585,85.16809844970703,-0.001403276189658298,-0.001404261703764077
2024-07-24,85.2325485205722,85.47189019427574,84.2015511996508,84.24757385253906,-0.010808326285593362,-0.010867160561559624
2024-07-25,84.71705364794325,85.48110135610392,84.65261631250456,84.93798065185547,0.008194975448490016,0.008161578968684214
2024-07-26,85.56395433108565,85.74806603747382,85.34302730656333,85.60077667236328,0.007803293831819325,0.007773005597796522
2024-07-29,86.2267321606979,86.24514684071582,85.81249316114945,86.06103515625,0.005376802662064195,0.00536239926504574
2024-07-30,86.30036558904821,86.57652956818986,85.88612664347747,86.39241790771484,0.0038505550260137245,0.003843160614656385
2024-07-31,87.01839659476936,87.30376093249775,86.75143991428612,87.2761459350586,0.010229231323144017,0.010177266807339646
2024-08-01,87.87188879172096,88.58306947527055,87.8534197691541,88.02890014648438,0.00862497081374225,0.00858798824985427
2024-08-02,89.58977347498276,90.85511611133728,89.488176260926,90.77198791503906,0.031161218236170907,0.030685563553326346
2024-08-05,92.07428231729781,92.30518381208768,90.42102676901597,91.25227355957031,0.0052911218048985464,0.005277173001499286
2024-08-06,90.65192782952836,90.89206735599463,89.21109771728516,89.21109771728516,-0.02236849299927479,-0.02262246215541821
2024-08-07,88.61999162737649,89.08179462084182,88.20437175187946,88.58305358886719,-0.007039977586737911,-0.00706487514995176
2024-08-08,87.85341331554481,88.11202189181822,87.59479769271618,88.03813171386719,-0.006151536359641607,-0.006170535013445808
2024-08-09,89.13722017268374,89.16492722621093,88.74930028363872,88.90631866455078,0.009861487673378688,0.009813180531045768
2024-08-12,88.69386777316211,89.42351723305116,88.55532548771804,89.22956085205078,0.0036357616911304458,0.0036291682861266483
2024-08-13,89.86687999948563,89.92229411283914,89.57132631734092,89.84840393066406,0.006935404284230007,0.006911464989991041
2024-08-14,90.09777389204798,90.66117415187479,90.060828804094,90.41179656982422,0.006270480214594754,0.006250902551809334
2024-08-15,89.04484564520061,89.68212890625,88.86012024257111,89.68212890625,-0.008070491808120472,-0.008103234512610337
2024-08-16,89.99617004394531,90.08852923376111,89.59901918583836,89.99617004394531,0.003501713680588381,0.003495596956423347
2024-08-19,89.97770059455881,90.66117415187479,89.96846960748658,90.41179656982422,0.0046182690405154325,0.0046076375561869935
2024-08-20,90.80894906072012,91.30769718707356,90.62423066424336,91.13220977783203,0.007968132869159872,0.007936554932333677
2024-08-21,91.13220091951246,91.6217109644937,90.70734301166922,91.1876220703125,0.0006080428930184123,0.0006078581098388091
2024-08-22,90.72581227289696,90.79046440518597,89.98692472111922,90.28247833251953,-0.009926168894886178,-0.009975761760365902
2024-08-23,90.68887780511885,91.13220475083051,90.47644531898905,90.87359619140625,0.006547426142972768,0.006526084851460902
2024-08-26,91.15067101401131,91.15990199974455,90.58727083590803,90.64268493652344,-0.0025410159227818863,-0.0025442497830970934
2024-08-27,90.04231528439553,90.58724629686277,89.96843218577374,90.48564910888672,-0.0017324710509920571,-0.001733973514530474
2024-08-28,90.52262011540034,90.69810045227176,90.26401157975481,90.37483978271484,-0.0012246066339042239,-0.0012253570773360252
2024-08-29,89.93152661804871,90.18089715936321,89.70985608515228,90.07929992675781,-0.0032701563473593875,-0.003275514994225356
2024-08-30,90.21782960402417,90.50414519402723,89.10026724854787,89.11873626708984,-0.01066353380242735,-0.010720796726238144
2024-09-03,90.40022784498666,90.86353365734429,90.27050278308538,90.57628631591797,0.016355147187678165,0.01622284239499361
2024-09-04,90.69673697346815,91.76234168166692,90.63187444702919,91.74381256103516,0.012889976975264839,0.012807608287249557
2024-09-05,92.04960964225272,92.36466131951435,91.53070931439447,92.26273345947266,0.005656195049581925,0.005640258842320914
2024-09-06,92.24420271762975,93.38393121340832,91.91062192142952,92.25346374511719,-0.00010047084026121311,-0.00010047588779417393
2024-09-09,92.10521132373255,92.7538367347395,91.88282647845685,92.65190887451172,0.004319026226433875,0.004309726001655396
2024-09-10,92.5407157755624,93.50439282055412,92.49438236139027,93.300537109375,0.007000700177065777,0.006976309046080016
2024-09-11,93.11520633539331,93.81016509980905,92.98548126492794,93.22640228271484,-0.0007945809205068821,-0.0007948967672481116
2024-09-12,92.99477219493838,93.17083072072154,92.37394390963375,92.7909164428711,-0.004671271540900079,-0.004682216026213783
2024-09-13,93.08741826610174,93.22641144654466,92.679706821999,93.04109191894531,0.0026961203279876056,0.0026924923151525255
2024-09-16,93.244945058897,93.93064289688458,93.04109639652229,93.8935775756836,0.009162464016232219,0.00912074329225865
2024-09-17,94.02329937054654,94.18082167801576,93.34686965393324,93.43952941894531,-0.004835774378415758,-0.004847504566977473
2024-09-18,92.88355666016886,93.33760149215253,92.23493128517273,92.28125762939453,-0.012395950587010707,-0.012473421263352893
2024-09-19,91.66042747251332,92.02180546918636,91.52143430391148,91.97547912597656,-0.0033135493736549115,-0.0033190513357581443
2024-09-20,91.72529516764547,91.96621620214007,91.47511310567975,91.62336730957031,-0.0038283227198411263,-0.0038356695038323143
2024-09-23,91.27126491760454,91.81796250192974,90.82648813027434,91.42878723144531,-0.0021236949027159113,-0.0021259531405076796
2024-09-24,90.8079563485726,91.6326402845466,90.66896316475392,91.4102554321289,-0.00020269107660253471,-0.0002027116212149885
2024-09-25,91.04886444244576,91.10445888026906,90.61335582753394,90.65042114257812,-0.008312352765658226,-0.008347093019353637
2024-09-26,90.87280874583038,91.0395991338933,90.27050972952063,90.86354064941406,0.0023510040455381187,0.002348244759409391
2024-09-27,91.30832338387638,91.51217910153595,91.00253980738705,91.33612060546875,0.005200985485235288,0.005187507074041216
2024-09-30,91.40097540278123,91.46583793749757,90.69674854765665,90.90060424804688,-0.004768281754631509,-0.004779686277839492
2024-10-01,91.84509803627066,92.33778820165581,91.46395607899827,91.55691528320312,0.007220095406245353,0.007194155302586064
2024-10-02,90.50646988747216,90.85042677153004,90.22758516068652,90.78535461425781,-0.008427115161740995,-0.008462824053531912
2024-10-03,90.4878771279079,90.64591559482757,89.93011474609375,89.93011474609375,-0.009420460731776936,-0.009465113929036375
2024-10-04,88.72162579826322,89.20501794413846,88.68444069591388,88.82388305664062,-0.012301014988988168,-0.012377298697406126
2024-10-07,88.29399097924491,88.56357050846044,88.08947650135859,88.15454864501953,-0.007535522976340414,-0.00756405847324933
2024-10-08,87.74553659814262,88.34048405264323,87.69905344699944,88.30329895019531,0.0016873809402027096,0.0016859589124276705
2024-10-09,88.0057992469712,88.22890979580498,87.59677742543793,87.80128479003906,-0.005685112177285623,-0.005701333938423806
2024-10-10,87.27144141831381,87.46665790036145,86.83453239220732,87.45736694335938,-0.003917002439111306,-0.003924693984937696
2024-10-11,86.8995956702334,87.4480599553046,86.84381447225475,87.1041030883789,-0.0040392692728704604,-0.004047449155596291
2024-10-14,86.49057317936187,87.17847987281773,86.43479906950512,87.16918182373047,0.0007471374257252972,0.000746858457501923
2024-10-15,87.81060816123542,88.31259640239215,87.7269470005425,88.22893524169922,0.01215743220019827,0.012084124181445057
2024-10-16,88.67513924481388,88.88895180203541,88.44273768329747,88.60076904296875,0.004214420136102737,0.004205564340205189
2024-10-17,87.65255698935043,87.79199931799532,87.07619867403955,87.19705200195312,-0.015843169942857505,-0.015970014490176224
2024-10-18,87.42946776988143,87.64327322863319,87.25284031865226,87.26213836669922,0.0007464285001819171,0.0007461500609769988
2024-10-21,86.47196966635084,86.53704181971503,85.73758697509766,85.73758697509766,-0.01747093779887654,-0.017625355827724128
2024-10-22,86.12802268804843,86.23027994555547,85.60743835192183,85.82125091552734,0.0009758140318782971,0.0009753382348670015
2024-10-23,85.37503174832085,85.8677290019484,85.20770943754079,85.5888442993164,-0.0027080310963969456,-0.0027117044458014844
2024-10-24,85.73758289332864,86.45337654625739,85.48658524777848,86.13731384277344,0.006408189618017923,0.006387744468705601
2024-10-25,86.44407926330749,86.49056241062287,85.54236010711601,85.65391540527344,-0.005611951614631794,-0.0056277577784505815
2024-10-28,85.77477955662052,85.7933756563599,84.98461553371243,85.4215316772461,-0.0027130543528315343,-0.002716741354993649
2024-10-29,84.75220427806512,85.57955331386373,84.57558390466608,85.55166625976562,0.0015234400503520984,0.0015222807927821804
2024-10-30,86.30463920526047,86.7229662652089,85.67251377591501,85.80265808105469,0.0029338040071242855,0.0029295088029556455
2024-10-31,85.70968372986924,86.39759738363067,85.40291909219945,85.94208526611328,0.00162497512520976,0.001623656281662987
2024-11-01,86.05494750503712,86.29745577643654,84.69314237104007,84.7304458618164,-0.014098324476827906,-0.014198649916661907
2024-11-04,86.0736049573697,86.34410153919211,85.46732000613126,86.04562377929688,0.015521904837197953,0.015402672300195248
2024-11-05,85.84040780814131,86.65189744794782,85.43932770335468,86.50265502929688,0.005311499062081948,0.005297442802177565
2024-11-06,83.61115724295331,84.6185222979939,83.52721371316865,84.13349151611328,-0.027388332905865176,-0.02777038530593565
2024-11-07,84.64651442434202,85.45800423192078,84.55324145153648,85.18750762939453,0.012527901722459545,0.012450076875613097
2024-11-08,85.81243534420003,86.37208023840802,85.66319291040007,86.26947784423828,0.012701043204020213,0.012621061477049137
2024-11-11,86.04562206297533,86.0922621030138,85.45799598635402,85.84974670410156,-0.004865349259381757,-0.004877223601962039
2024-11-12,85.22480831610045,85.67252137993304,84.422648034107,84.56256103515625,-0.014993470783109641,-0.015107009185428354
2024-11-13,85.36472782734204,85.3833866924715,83.68579289556126,83.76041412353516,-0.009485839853970446,-0.009531116988090648
2024-11-14,84.4692865393864,84.90767731738688,84.19878995048671,84.24542999267578,0.005790514221017284,0.005773813632528327
2024-11-15,83.87231824965241,84.5532243342034,83.48989700368723,84.02156066894531,-0.0026573467991074518,-0.00266088381254994
2024-11-18,83.62983599608238,84.4972811419274,83.40597229753614,84.17082214355469,0.001776466342936489,0.0017748902928599152
2024-11-19,84.71182352259372,84.94500956038067,84.52527753887341,84.59989166259766,0.00509760399287984,0.00508465519622796
2024-11-20,84.086853215879,84.7211192711231,84.04954261071519,84.3293685913086,-0.0031976763323523505,-0.003202799824410563
2024-11-21,84.36668626468801,84.73978526278452,83.94695433949911,84.26408386230469,-0.0007741636169518173,-0.0007744634363542256
2024-11-22,84.42265418332073,84.5998706890385,84.08686580285257,84.31072235107422,0.000553480043119503,0.0005533269295347079
2024-11-25,85.99898691078488,86.53998009438666,85.80311154077832,86.49334716796875,0.02588786759299677,0.025558449930865826
2024-11-26,85.96169449001407,86.22286168366719,85.63522838167535,86.1575698852539,-0.003882116876142705,-0.003889671851065156
2024-11-27,86.78249014954557,87.0996196481863,86.43737235725628,86.75450897216797,0.006928457797835685,0.00690456632466898
2024-11-29,87.47272449645415,87.6685998675321,87.15559497650074,87.64994812011719,0.010321528627825982,0.010268625368159371
2024-12-02,87.29894796377272,88.12261584452229,87.04623622643184,87.86054229736328,0.00240267315341125,0.002399791349369275
2024-12-03,87.91670018709445,88.01029686376758,87.03687571623584,87.1023941040039,-0.008628995149989271,-0.008666440494718762
2024-12-04,86.68122120305573,88.16007324188809,86.61570280340973,88.03839111328125,0.010745938948127254,0.010688611670792532
2024-12-05,87.72015579625105,88.34726146203825,87.6639992115446,88.21622467041016,0.0020199546456962647,0.002017917280439876
2024-12-06,88.65612735645642,88.77780232379683,88.00093632831802,88.34725189208984,0.0014852961818443422,0.001484194220494814
2024-12-09,87.97286362471256,88.01966553718292,87.48615658347937,87.53295135498047,-0.009217044329845048,-0.009259784108606025
2024-12-10,87.06495292010469,87.3270336088795,86.96200157572535,87.1211166381836,-0.004704910669888429,-0.004716013601316559
2024-12-11,87.11175326289869,87.31767022989416,86.21321234043815,86.29744720458984,-0.009454302990794639,-0.009499278613228258
2024-12-12,85.77332325295546,85.8762817642229,85.17429580974697,85.24917602539062,-0.012147186425040202,-0.012221566446427978
2024-12-13,84.98708941874341,85.03388419063889,84.31318186291854,84.37870025634766,-0.010210958153820782,-0.010263447604461006
2024-12-16,84.75309080368218,84.81860919453497,84.2851002573139,84.63140869140625,0.0029949315916322217,0.0029904557184088623
2024-12-17,84.72500574743039,85.1649180055184,84.66884916672777,84.83732604980469,0.002433108010162943,0.0024301527954687326
2024-12-18,84.53757886054007,84.91342814451832,83.75769285081273,83.7764892578125,-0.012504363838263921,-0.012583201293347224
2024-12-19,82.75229871115101,83.05297669940275,82.22611402389265,82.50799560546875,-0.015141403794567077,-0.01525720526720712
2024-12-20,83.18453120246637,83.54159127777723,82.95902448087439,82.97781372070312,0.005694213170332141,0.005678062420055925
2024-12-23,82.83688068708405,82.90265378290322,82.16035331938416,82.21672821044922,-0.009172156702219936,-0.009214479927122791
2024-12-24,81.78449084257576,82.58316606881371,81.72811596057008,82.56437683105469,0.004228441439746877,0.004219526702702638
2024-12-26,81.9442416287038,82.64895647638998,81.93484342349021,82.51741027832031,-0.0005688476621156235,-0.0005690095173305217
2024-12-27,82.19791846375506,82.47980001748915,81.8032728185625,81.84085845947266,-0.008198897863683996,-0.008232693679166845
2024-12-30,82.52679126182925,82.72411051775715,82.3764486847059,82.49860382080078,0.008036882477886476,0.008004758739595953
2024-12-31,82.8086676506767,82.94961201571375,81.9912032371725,82.05697631835938,-0.005353151229088526,-0.0053675306830147694
2025-01-02,82.49861691744411,82.79929495069474,81.94423753720494,82.28250122070312,0.002748394011848232,0.0027446240829463336
2025-01-03,82.42344596062112,82.5737813935084,81.91605043325822,82.0194091796875,-0.0031974239615047972,-0.0032025466440059698
2025-01-06,81.79389849158196,81.9630303258594,81.43683841436874,81.6529541015625,-0.004467906825836421,-0.004477917751255361
2025-01-07,81.37106602264126,81.53079965396587,80.60997634619967,80.73212432861328,-0.01127736017736558,-0.011341431764668756
2025-01-08,80.30930259047152,80.9952210055339,80.18714743283827,80.83548736572266,0.0012803210366252316,0.0012795021245525292
2025-01-10,80.13076441266978,80.6663473385028,80.01801464011284,80.29989624023438,-0.006625693033371793,-0.006647740377375356
2025-01-13,80.36568143375503,80.48783659739418,79.90526973277352,80.27172088623047,-0.0003508765929113311,-0.00035093816450616647
2025-01-14,80.08380759485512,80.20595560166659,79.7643330996645,80.14018249511719,-0.0016386641479844144,-0.0016400082266090122
2025-01-15,81.46501839957712,81.72811791559742,81.18313681407713,81.52140045166016,0.017235023848705566,0.01708818559783243
2025-01-16,81.40864321135453,82.12275612899204,81.07037957503827,81.78449249267578,0.00322727577737858,0.0032220793002152065
2025-01-17,82.15095993224969,82.19794379004574,81.78450878137724,81.92545318603516,0.0017235626102589663,0.0017220789807308506
2025-01-21,82.58317678524813,82.84626916038644,82.33887365030702,82.6583480834961,0.008945875414282822,0.008906098123266305
2025-01-22,82.56438365255603,82.66774239059175,82.04758996237744,82.22611999511719,-0.00522909177839237,-0.00524281132689068
2025-01-23,81.40865105252126,81.73751651707992,81.30529231098433,81.5871810913086,-0.007770510196109637,-0.007800857924242669
2025-01-24,81.48382629198325,82.01001106073409,81.37106934065244,81.9536361694336,0.004491576657304597,0.004481519630230825
2025-01-27,82.8368701692565,83.09056431556743,82.54558320870233,82.92143249511719,0.011809071212932398,0.011739888256474531
2025-01-28,82.53620148597697,82.87446519442199,82.36707680048477,82.86507415771484,-0.0006796594765251518,-0.0006798905497338299
2025-01-29,83.09055369654052,83.26908369773533,82.33885521977835,82.69591522216797,-0.002041377954057233,-0.0020434644060077973
2025-01-30,83.07179986811263,83.35368154049847,82.84628592772675,83.00601959228516,0.0037499357650745413,0.003742922283887912
2025-01-31,83.0435963773962,83.3066959464059,82.15096042377229,82.4610366821289,-0.006565582988235508,-0.00658723123582673
2025-02-03,83.52846995439512,84.01881227860956,82.79295287092039,83.1324234008789,0.0081418660953545,0.00810889992017054
2025-02-04,82.55722616636564,83.40589546471487,82.4912183943983,83.38703918457031,0.0030627735037098702,0.003058092767862819
2025-02-05,84.34886098413772,85.03723386029974,84.29228495393237,84.7637710571289,0.016510142175828024,0.016375331582802733
2025-02-06,84.73549069728291,85.0089535251592,84.44317158907033,84.72605895996094,-0.0004449082042674579,-0.0004450072052879033
2025-02-07,84.15083491063434,84.34885820413352,83.86794757462414,84.17912292480469,-0.006455346110394666,-0.006476271961450543
2025-02-10,84.16968187300968,84.42428114490971,83.78305990369978,83.92450714111328,-0.0030246903845606576,-0.0030292740055448846
2025-02-11,83.48133497390828,83.62278225506901,83.33988769274755,83.38703918457031,-0.006404183650900119,-0.006424778410519333
2025-02-12,82.3120539417902,82.60437305620383,81.90657556003525,82.25547790527344,-0.013569989897257995,-0.013662903727461175
2025-02-13,83.06641489616645,83.82079550892769,83.04755861828544,83.62277221679688,0.016622531974077592,0.016485889835879886
2025-02-14,84.28284329825121,84.5657378045982,84.03767573334372,84.06596374511719,0.005299890407499452,0.005285895414508895
2025-02-18,83.49076152089273,83.7736488713208,83.0192754092055,83.07585144042969,-0.01177780234209247,-0.011847710104790793
2025-02-19,82.93439828399345,83.40588436222947,82.87782225678325,83.17957305908203,0.0012485170702911663,0.0012477383209742446
2025-02-20,83.4058819411698,83.69820819331915,83.4058819411698,83.49075317382812,0.003741064101459912,0.003734083725094596
2025-02-21,83.80194317722234,84.80149142103834,83.75479168883942,84.49974060058594,0.012085020057934992,0.01201257925142604
2025-02-24,84.23569777706572,84.92406336783137,84.1696900191251,84.74490356445312,0.0029013457570956636,0.0028971449768104406
2025-02-25,85.78218545212827,86.28195958607321,85.62188189865674,86.2065200805664,0.017247249741710435,0.01710020427517725
2025-02-26,86.20649253418874,86.80999399678618,85.9990375574887,86.7156982421875,0.0059064924688436715,0.005889117525280762
2025-02-27,86.102783203125,86.55541299267576,85.94247966707208,86.102783203125,-0.007068097835650211,-0.007093195169350762
2025-02-28,86.6119795252094,87.2060565085238,86.25365274372398,87.15890502929688,0.012265826804696678,0.01219121108051109
2025-03-03,86.46837954293026,87.69809722241412,86.4305410765993,87.56566619873047,0.004666891688197117,0.004656035512476624
2025-03-04,87.44269079356073,87.77376833080103,86.3359355734302,86.48728942871094,-0.012315063846738195,-0.01239152262380316
2025-03-05,86.61029269327976,86.83732356445941,85.71165228328714,85.79678344726562,-0.007983901287766382,-0.008015943288387516
2025-03-06,85.58864689615784,85.8913473810279,84.87919195815469,85.51296997070312,-0.0033079733896661523,-0.0033134568296947467
2025-03-07,86.21297214834195,86.23189499008072,85.12513969074803,85.23865509033203,-0.0032078745535919495,-0.0032130308132099347
2025-03-10,86.15621517947646,86.6764778387236,85.99540711481549,86.12783813476562,0.01043168787085258,0.010377653271454351
2025-03-11,86.05215543490756,86.5440410164656,85.26702357144968,85.51296997070312,-0.007139017736639386,-0.007164622458244251
2025-03-12,85.13460540849863,85.49406003323254,84.92649744056587,85.0021743774414,-0.005973311340217946,-0.005991222927679279
2025-03-13,84.73730285042002,85.8062124008307,84.54811052936341,85.74945831298828,0.008791350821552468,0.008752931902191305
2025-03-14,85.14406350535825,85.52244095801208,85.00217105849435,85.29541015625,-0.005295055685144878,-0.005309124176772805
2025-03-17,85.89136172635773,86.2508163568795,85.49406140983889,85.7210922241211,0.004990679651944996,0.004978267489871289
2025-03-18,85.26704305031639,86.09946776963547,85.24812742310593,85.80622863769531,0.0009931792907120762,0.0009926864144763113
2025-03-19,85.77784630761593,86.28865481425676,85.49406139827657,86.25081634521484,0.005181298777233723,0.005167922034761569
2025-03-20,87.21566531783482,87.25350378395753,86.23189406644235,86.30756378173828,0.0006579350657540672,0.0006577187213671975
2025-03-21,86.3927304629224,86.49678447464179,85.72111370715758,85.79678344726562,-0.00591814103065591,-0.005935722628521077
2025-03-24,85.3237924877007,85.38055380013218,84.8508224468222,84.91703796386719,-0.010253828267806409,-0.010306760917301582
2025-03-25,84.72783898966429,85.21027037327651,84.67108490345659,84.9075698852539,-0.00011149798486032036,-0.0001115042012227132
2025-03-26,84.55758001042484,84.75622655375918,84.2737951102616,84.34947204589844,-0.006573004504895064,-0.006594701829007386
2025-03-27,84.04677719914584,84.21704670735853,83.83866922055807,84.1035385131836,-0.002915649935319342,-0.0029199087226952315
2025-03-28,85.02109760901038,85.45622920954587,84.95488208755825,85.26704406738281,0.013834204538455186,0.013739385428035104
2025-03-31,86.29812485923212,86.40217163830688,85.47515431347136,86.10893249511719,0.009873550056092695,0.009825125050984094
2025-04-01,86.62726299863648,87.25383078841854,86.58928853475075,86.8551025390625,0.008665419745943703,0.008628090490360805
2025-04-02,87.69053095072817,87.69053095072817,86.06716055791723,86.79814910888672,-0.0006557292376710988,-0.0006559443221175803
2025-04-03,87.8329095249636,88.0322772440297,87.18735821229039,87.19685363769531,0.004593468096980136,0.00458295031882107
2025-04-04,88.90568454644888,89.32338918415759,88.11773067819047,88.14620971679688,0.010887503843271196,0.010828661684191462
2025-04-07,87.22534649178324,87.5196467828678,85.2507250250422,85.4880599975586,-0.030156143160081306,-0.030620192772125326
2025-04-08,84.75707010348349,85.63046112461393,83.75077206795882,83.87418365478516,-0.01887838304927647,-0.019058854673886856
2025-04-09,82.84887893559652,84.405802829268,81.5387926541968,84.36782836914062,0.005885538229346565,0.005868286108138114
2025-04-10,83.29507469764087,83.71278654077292,81.97549291271527,82.04194641113281,-0.027568351621321985,-0.027955490403121685
2025-04-11,81.51982040285134,82.87737675926583,80.69389207651065,82.48814392089844,0.00543865094971796,0.005423914893008692
2025-04-14,82.97230086224499,83.2665938856906,82.42168203402136,83.07672882080078,0.00713538785000134,0.0071100514222153435
2025-04-15,82.7349842685401,83.72229875940526,82.6305562868118,83.37104034423828,0.0035426469917025916,0.0035363865990659985
2025-04-16,83.35204639308564,84.01658142813008,83.03876248675527,83.8362045288086,0.005579445604248834,0.005563938152871124
2025-04-17,83.57987607585406,83.73176667612523,82.81091316280313,83.09571075439453,-0.008832625219330037,-0.008871864079098277
2025-04-21,82.21283676425607,82.65902769170988,81.62425064113732,81.64323425292969,-0.01747956047644772,-0.0176341318687996
2025-04-22,82.42168717913677,82.61155225587878,82.02296617224549,82.09891510009766,0.005581366923268494,0.005565848809649729
2025-04-23,84.37731474470624,84.54819619017542,82.75394463419288,82.89634704589844,0.009713063136443711,0.009666194585770624
2025-04-24,83.57038437717507,83.87417283415422,83.31406580902222,83.76974487304688,0.010536023097192038,0.010480906011085877
2025-04-25,84.39632098880568,84.59568150439972,84.11151611344916,84.38682556152344,0.007366390925646726,0.0073393915787659
2025-04-28,84.16848483212,84.9944059667963,84.12101493668128,84.91845703125,0.006299934452907774,0.00628017282041754
2025-04-29,84.79505363285062,85.63996570446157,84.77607001857514,85.6304702758789,0.008384670064917499,0.008349713979774942
2025-04-30,85.23173200556201,85.4880578253843,84.8045319630427,84.93743896484375,-0.008093279282507582,-0.008126207653292054
2025-05-01,85.04987415343683,85.06892761451218,84.1351553615058,84.50675964355469,-0.005070547529309466,-0.005083446376719703
2025-05-02,83.57297265731862,83.91599308235081,83.41099280925845,83.59203338623047,-0.010824296910477815,-0.010883305818575134
2025-05-05,83.22995716510889,83.28713208569494,82.73448722710722,83.1251449584961,-0.005585322055478126,-0.0056009782906686015
2025-05-06,82.70590239191385,83.4014663696289,82.55344563159696,83.4014663696289,0.0033241615550960724,0.0033186487436794487
2025-05-07,83.77308178311822,84.04940424580717,83.67779993001085,83.7540283203125,0.0042272871932618195,0.004218377315670001
2025-05-08,83.86835097103587,83.90646516043097,82.79165238139295,82.82023620605469,-0.01114922031793597,-0.011211838740869883
2025-05-09,82.89647012774437,83.1918460283839,82.82024174385712,82.9441146850586,0.0014957513366140596,0.0014946338148012757
2025-05-12,82.30571354595014,82.6868482073735,82.12468021566679,82.17231750488281,-0.009305026439866415,-0.00934858864059833
2025-05-13,82.06750693414361,82.21996370958055,81.46722473732373,81.83882904052734,-0.00405840402804325,-0.004066661699220443
2025-05-14,81.70544150113435,81.81978409461345,81.18138036794667,81.29572296142578,-0.006636288488837128,-0.006658406560200561
2025-05-15,81.59108897408252,82.24854608484827,81.44816983655869,82.01033782958984,0.008790313218607348,0.008751903341153491
2025-05-16,82.77260671583107,82.79166017755365,82.13420307027009,82.2294921875,0.002672277223946251,0.0026687130394128815
2025-05-19,80.90505813109169,82.05798525446565,80.82882974205722,81.99128723144531,-0.0028968311699107963,-0.002901035106015959
2025-05-20,81.40052795410156,81.56250782831374,81.04797710769334,81.40052795410156,-0.007205147001487555,-0.00723122943383214
2025-05-21,80.68588698505222,81.04796085530985,79.80928249735196,80.0093765258789,-0.01709020154030294,-0.0172379245308706
2025-05-22,79.58059906167799,80.44768047319282,79.37098193416675,80.42862701416016,0.005240016939085157,0.0052263358223682815
2025-05-23,80.77164411530592,80.81928866952559,80.33334184073068,80.56202697753906,0.0016586129632105706,0.001657238983786624
2025-05-27,81.32428208563658,81.97220871276126,81.13371842393897,81.68636322021484,0.013956156328951863,0.013859665899820696
2025-05-28,81.38146108090287,81.50532674026417,80.96221228069832,81.33381652832031,-0.004315857359742159,-0.00432519755577383
2025-05-29,81.724474327811,82.19136768112688,81.6006086683094,82.08655548095703,0.009254932139752814,0.009212367674570641
2025-05-30,82.02938574256393,82.39146691856887,81.82929169402684,82.2104263305664,0.0015090272564561857,0.0015078898189648262
2025-06-02,81.56964689624833,81.74179557929206,81.09145692074912,81.44532012939453,-0.009306680859376582,-0.009350258600511046
2025-06-03,81.7131236456929,82.00003331727822,81.18711163621741,81.3018798828125,-0.001761184637179225,-0.0017627373461816525
2025-06-04,82.04785457826394,82.8703420973493,81.91396193995716,82.6216812133789,0.016233343342967554,0.016102991431137553
2025-06-05,82.89901723750441,83.1381122333098,82.45908332081454,82.67904663085938,0.0006943143329694035,0.0006940734082847779
2025-06-06,82.04783127419317,82.18172387447039,81.56007548941217,81.62702178955078,-0.012724201405050262,-0.012805847381725105
2025-06-09,81.33056600083066,81.90439261153796,81.33056600083066,81.71311950683594,0.0010547697980103354,0.00105421391919539
2025-06-10,82.344315898628,82.4208280492155,81.78961375176902,82.1339111328125,0.00514962136455166,0.005136407409614729
2025-06-11,82.06698402499816,82.63125214684275,81.97134746268948,82.3825912475586,0.003027739837494936,0.0030231654642486404
2025-06-12,83.09986762825932,83.39634312906699,82.82251651925164,83.3676528930664,0.011957157824129538,0.011886235803277807
2025-06-13,82.94684639370723,83.09029756642863,82.03828095240021,82.56429290771484,-0.009636351240234764,-0.009683081320143122
2025-06-16,82.32518934671326,82.65992087599031,81.73223114013672,81.73223114013672,-0.010077743516899607,-0.010128867741998575
2025-06-17,82.24868527451002,82.87989961735721,82.00959025917714,82.72687530517578,0.012169546226306505,0.012096092629465045
2025-06-18,83.09028648104628,83.29112539266242,82.58340628078649,82.87032318115234,0.0017339936441136405,0.001732492012763603
2025-06-20,82.38258408654293,83.0042326324162,82.20086952633038,82.71731567382812,-0.0018463486257891404,-0.0018480552283922282
2025-06-23,83.13813175749483,83.62588770653062,82.985107421875,82.985107421875,0.0032374327656234936,0.003232203563255324
2025-06-24,82.69818224825146,83.76932321055952,82.6599261715118,83.58761596679688,0.00726044182673502,0.007234211703975258
2025-06-25,83.31027181475628,83.69282531738281,83.01379631610628,83.69282531738281,0.0012586715073645838,0.001257880044441132
2025-06-26,83.76932716245504,84.1136245727539,83.39633951739808,84.1136245727539,0.0050279011823932684,0.005015303496212163
2025-06-27,83.75020504527242,84.31447309837117,83.43459786116301,83.57805633544922,-0.006367199606782448,-0.006387556679903789
2025-06-30,84.02756315600206,84.58226541130574,83.78846811112307,84.40055084228516,0.009841034152969108,0.009792926538005462
2025-07-01,84.6002007169996,84.77299162159028,84.14903138306582,84.60980224609375,0.0024792658545511603,0.0024761975453521374
2025-07-02,83.69786362436808,84.08183694310983,83.61146450097606,84.0722427368164,-0.0063533951741644445,-0.006373663884978253
2025-07-03,83.67864280759632,83.79383917306723,83.37145982349394,83.48665618896484,-0.006965278060735325,-0.006989648842077349
2025-07-07,83.07389917532659,83.09309491246975,82.4787287903822,82.6899185180664,-0.009543293590476232,-0.009589122623097078
2025-07-08,82.14274489502131,82.593921598425,82.01795429945453,82.58432006835938,-0.0012770414047990064,-0.0012778575170538772
2025-07-09,82.73789816837856,83.44825744628906,82.72829664029571,83.44825744628906,0.010461276150418808,0.010406935653149091
2025-07-10,83.35226391578745,83.57304779436711,83.0258778762166,83.50585174560547,0.0006901797722196346,0.0006899417076925603
2025-07-11,82.77630701342495,82.81469848278049,82.20993396884815,82.35392761230469,-0.01379453187077273,-0.013890560562149943
2025-07-14,82.1139410275466,82.44031978532453,81.90275132600983,82.18113708496094,-0.0020981455572731678,-0.002100349748345068
2025-07-15,82.44992270013486,82.46912575904506,81.49957635107044,81.60517120361328,-0.007008492481093365,-0.00703316732106204
2025-07-16,81.8643534479785,82.22913832701009,80.81801378171032,81.7203598022461,0.0014115355305781563,0.0014105402507729005
2025-07-17,81.80677437629531,82.06595712852842,81.58598310127846,81.70117950439453,-0.0002347064782629582,-0.00023473402613895513
2025-07-18,82.0083583458891,82.03715561422258,81.69157374657671,81.82596588134766,0.001527350984527942,0.0015261857703227927
2025-07-21,82.7667088130581,83.04509458191852,82.51712030928303,82.5555191040039,0.008915913363175543,0.008876401291425673
2025-07-22,82.71870720617814,83.29467447041863,82.66111267690042,83.0546875,0.0060464569954097325,0.00602825052720222
2025-07-23,82.60351937630917,82.74750570164517,82.35393087269136,82.59391784667969,-0.005547786250117537,-0.005563232370595422
2025-07-24,82.12355709751985,82.78591625964582,82.08515829736696,82.44993591308594,-0.0017432510449622018,-0.001744772275246338
2025-07-25,82.36352773274017,82.97789376541324,82.28673014770084,82.96829223632812,0.006286922087951785,0.006267241835686242
2025-07-28,82.54591415322359,82.74750232428737,82.39232630452683,82.43072509765625,-0.00647918770149758,-0.006500268746166241
2025-07-29,82.77631497376746,83.84185046064485,82.74751038324935,83.8226547241211,0.01688605340806859,0.016745068909290704
2025-07-30,83.29467775475204,83.47707020308475,83.09308957051024,83.39067840576172,-0.00515345546834689,-0.005166780319043168
2025-07-31,83.64024782384791,83.9090393555072,83.36186208749467,83.43865966796875,0.0005753792045384287,0.0005752137373917822
2025-08-01,84.37435056625225,84.73089170742459,84.33580498192401,84.62489318847656,0.014216833362715064,0.014116721916761584
2025-08-04,84.75977987361709,84.94286951978202,84.4610608524569,84.85614013671875,0.0027326114046271055,0.0027288846097936826
2025-08-05,84.65378579883507,85.23195475945079,84.5863328759602,85.11632537841797,0.003066192278838198,0.003061501098221079
2025-08-06,84.64416230473144,84.8465284604093,83.75763592063741,84.62489318847656,-0.005773653735127171,-0.005790385708014781
2025-08-07,84.7212357587145,85.03923124906775,84.40324026836123,84.48033142089844,-0.0017082652885145322,-0.0017097260374640212
2025-08-08,84.18161155021033,84.21051889416759,83.97925279069263,84.1141586303711,-0.00433441470184337,-0.004343835509561043
2025-08-11,84.35506195316886,84.48032955941889,84.10451938885198,84.21051788330078,0.0011455770883130878,0.0011449214155817848
2025-08-12,83.73834545735606,83.8057983747804,83.40108087023437,83.7865219116211,-0.0050349526678753476,-0.005047670749980253
2025-08-13,84.25870354712517,84.61523726193008,84.24906531510378,84.48033142089844,0.008280681587537142,0.008246584843959409
2025-08-14,84.32616649905876,84.32616649905876,83.72872102354889,83.85398864746094,-0.0074140662436198435,-0.007441687039040352
2025-08-15,83.50709625895169,83.62272565403747,83.11200955422703,83.25655364990234,-0.0071247057795942315,-0.0071502076971152
2025-08-18,83.35290487752542,83.39145045564062,82.86145794632827,83.01564025878906,-0.002893626754313372,-0.0028978213859631595
2025-08-19,83.30472388513057,83.59381205486578,83.30472388513057,83.49745178222656,0.005803864451753071,0.005787086915529636
2025-08-20,83.43961478965316,83.80579405262868,83.41070744822167,83.6805191040039,0.00219248992478005,0.0021900899260867026
2025-08-21,83.4107263150458,83.5263630587441,82.97710139185854,83.26618957519531,-0.004951325986561339,-0.004963624413549275
2025-08-22,83.67089942204996,84.12380076992977,83.564900921405,83.88289642333984,0.007406449740174459,0.007379156671608597
2025-08-25,83.57453011654802,83.8828873527666,83.49743896953926,83.64198303222656,-0.0028720204163843466,-0.002876152580690382
2025-08-26,83.36254491327969,83.63235661410525,83.08309497976252,83.59381103515625,-0.0005759308343006309,-0.0005760967461691455
2025-08-27,82.97709748779373,83.50709001503574,82.87109898234532,83.49745178222656,-0.0011527079784550143,-0.0011533728572866778
2025-08-28,83.62272834496937,84.08526799565105,83.50709894616271,84.04672241210938,0.0065782921293859875,0.00655674958952021
2025-08-29,83.6034544811722,83.69981475864479,83.29509718216916,83.44927215576172,-0.0071085491403002354,-0.007133935252897488
2025-09-02,82.8282699584961,83.03139808435907,82.68318371128571,82.8282699584961,-0.007441673021503337,-0.0074695004110267825
2025-09-03,83.11845146992977,83.96965604041883,83.07975934675736,83.73751068115234,0.010977420186511821,0.010917605650953288
2025-09-04,84.17278004565716,84.38558302283926,83.74718147106054,84.37591552734375,0.007623881352554873,0.0075949664387066325
2025-09-05,85.33354250871888,85.7107815592113,85.25615824713853,85.66241455078125,0.015247230390295297,0.015132159572960128
2025-09-08,86.25244498611204,86.82314461350728,86.20408536398021,86.80379486083984,0.013324166917825675,0.013236180904329806
2025-09-09,86.47493712458282,86.62003077444383,86.07834830694736,86.31050109863281,-0.005682859407216689,-0.005699068290443943
2025-09-10,86.47492286317726,87.12299936193709,86.27179473877948,86.80379486083984,0.005715338874505038,0.00569906829044388
2025-09-11,86.96823156002077,87.51958139240327,86.9585566844301,87.3841552734375,0.00668588756434052,0.0066636361433487674
2025-09-12,86.89086610651029,87.03595975267797,86.56198668321228,87.0069351196289,-0.004316802658653862,-0.004326146952595525
2025-09-15,87.2003776145662,87.50023234236903,87.12299336875647,87.21005249023438,0.002334496328668445,0.0023317756256056445
2025-09-16,87.14234945591097,87.53893824328016,87.09398982949433,87.39384460449219,0.002107464781980095,0.0021052471931900713
2025-09-17,87.74206374095102,88.06126826070928,86.92955119585962,87.17137145996094,-0.002545638603474565,-0.0025488842507577314
2025-09-18,86.33950655689114,86.54263468703724,85.99128479670684,86.27179718017578,-0.01031960682410904,-0.010373223151862832
2025-09-19,86.15572021338873,86.31048871898034,85.88488270837195,86.10735321044922,-0.0019061150352892575,-0.0019079339843380816
2025-09-22,85.91388978097079,86.00094889999528,85.64305230803708,85.79781341552734,-0.0035948125610753,-0.0036012894264868737
2025-09-23,86.05899796235776,86.43623698920479,85.84619494623506,86.39754486083984,0.006990055124225014,0.0069657379421036525
2025-09-24,86.16538353452546,86.24276777694348,85.79781207292368,86.06865692138672,-0.003806681543820023,-0.0038139453959823303
2025-09-25,85.94290568251556,86.11701653807232,85.56566672543717,86.06865692138672,0.0,0.0
2025-09-26,86.07832370983584,86.54262178076274,85.78814387280306,85.99127197265625,-0.0008991071953307062,-0.000899511634646092
2025-09-29,86.36852331959345,86.80379682748344,86.33950606970326,86.69739532470703,0.008211570033239246,0.008178038531153686
2025-09-30,86.72641997472539,87.09398410636837,86.29113908696469,86.44590759277344,-0.0029007530271434323,-0.0029049683649485154
2025-10-01,86.8244511182877,87.00887658781318,86.47501728416348,86.66915130615234,0.0025824671126197796,0.002579138274271273
2025-10-02,86.68857082447296,87.05742180530213,86.57209780354297,86.9215316772461,0.0029119977211065073,0.002907766068793479
2025-10-03,86.9991775027308,87.0865396734966,86.64974363058067,86.75651550292969,-0.0018984499137583155,-0.0019002542537902719
2025-10-06,86.10617910173258,86.54297512426088,86.04794259424462,86.06735229492188,-0.00794364785183821,-0.007975366709728567
2025-10-07,86.35855037568922,86.75651218932578,86.20324314712921,86.56238555908203,0.00575169621186733,0.0057352183607478555
2025-10-08,86.97007358018296,86.98949069042261,86.51386776050168,86.6303482055664,0.0007851290840175107,0.000784821031408389
2025-10-09,86.55267700593296,86.66915742735297,86.39737718282922,86.56238555908203,-0.0007845131399345506,-0.0007848210314083854
2025-10-10,87.33889947481192,88.05717683227061,87.26124586712568,87.96011352539062,0.01614705922533277,0.016018082014005224
2025-10-13,87.63009415770892,87.92129149962965,87.22242380338474,87.91158294677734,-0.0005517339242550046,-0.0005518861854242688
2025-10-14,87.98924950963271,88.25132123157032,87.77570574818728,88.19308471679688,0.0032021010267777594,0.0031969852192640594
2025-10-15,88.29012943210304,88.62015355898498,87.81451404897744,87.99893951416016,-0.0022013653707674274,-0.002203791937342375
2025-10-16,87.86305029036205,88.81428855183161,87.79510522921825,88.65898132324219,0.007500565492335465,0.007472576121258578
2025-10-17,88.57163717275375,88.61046398455284,88.23191182633325,88.52310180664062,-0.0015326085927623856,-0.0015337842386685754
2025-10-20,88.77545369740716,88.87251700374885,88.60073678380984,88.8628158569336,0.0038375750889863003,0.0038302303822832307
2025-10-21,89.2898977707664,89.48403179300341,89.21225156732734,89.29960632324219,0.004915334519804304,0.004903293703390996
2025-10-22,89.28989643629566,89.47432190330059,89.12488807395212,89.35784149169922,0.0006521324209003421,0.0006519198749535294
2025-10-23,88.9210624534497,89.09577938687985,88.61045539462457,88.74634552001953,-0.0068432267551639114,-0.006866749004855233
2025-10-24,88.90164452636347,88.91135307964679,88.48427300611338,88.78517150878906,0.0004374939445903614,0.00043739827201768185
2025-10-27,88.63957003369946,89.09577575268392,88.41631774796761,89.08606719970703,0.0033890309136608288,0.0033833010904431105
2025-10-28,89.15401475438028,89.47433036247592,89.11518794684235,89.31902313232422,0.0026149536054269618,0.002611540562918135
2025-10-29,89.18312589683518,89.19283444930954,88.34836811497766,88.41631317138672,-0.010106581210591048,-0.010157999437492916
2025-10-30,87.73686997828536,88.29984758180373,87.6980431705817,87.9018783569336,-0.00581832465074561,-0.0058353170451854
2025-10-31,87.90187270371524,87.99894341945965,87.55243886231183,87.63980102539062,-0.002981475896098318,-0.0029859293494698966
2025-11-03,87.30372237534002,87.49855028774954,87.10888703072206,87.42061614990234,-0.00250097413416972,-0.0025041067942041225
2025-11-04,87.45957972857275,87.73234176794432,87.42061266120422,87.61544799804688,0.0022286716420580888,0.0022261918371777683
2025-11-05,87.1965697985422,87.23553686970233,86.5828477180313,86.66078186035156,-0.010896093776939786,-0.010955890974035987
2025-11-06,87.24526628287659,87.5277719526753,87.21604283982987,87.44010162353516,0.008992761736668964,0.008952567645710036
2025-11-07,87.05044097256604,87.54726181581333,87.05044097256604,87.25501251220703,-0.0021167531589225685,-0.0021189966473904314
2025-11-10,87.17708034659944,87.35242844628998,87.0796663872622,87.23553466796875,-0.00022322894327198028,-0.0002232538625610775
2025-11-11,87.62518984615664,87.74209105580718,87.45958537330822,87.63493347167969,0.004578395779095246,0.0045679468060244146
2025-11-12,87.62519009642305,87.98562991971849,87.55699958198431,87.79080200195312,0.00177861184003536,0.0017770319830208042
2025-11-13,87.479073924633,87.61545495514811,87.0699234008789,87.0699234008789,-0.008211322651525355,-0.00824522125716712
2025-11-14,87.4693251294471,87.51802839049053,86.57310485839844,86.57310485839844,-0.0057059719714357415,-0.00572231322096107
2025-11-17,86.77767835767702,86.99199352130577,86.68026440117535,86.78741455078125,0.0024754765666930023,0.002472417621767841
2025-11-18,87.04069965544889,87.13811361516484,86.50491916090687,86.75819396972656,-0.0003366914570036572,-0.0003367481502980559
2025-11-19,86.92380760933008,87.00173431933092,86.55362414993841,86.58284759521484,-0.0020210929537434197,-0.0020231381182168784
2025-11-20,86.69000281656874,87.10888952925166,86.69000281656874,86.9238052368164,0.0039379351808290775,0.003930201809779003
2025-11-21,87.3329532761699,87.35243309619082,86.89457928750393,87.18682861328125,0.0030259072960308053,0.0030213384528257406
2025-11-24,87.62519283283974,87.74209404647482,87.45958835434672,87.68364715576172,0.005698321069620649,0.005682147052188723
2025-11-25,87.97589010235143,88.24865217191335,87.8005419958889,87.90769958496094,0.002555236198161559,0.0025519771327547256
2025-11-26,87.82002206914089,88.29735565185547,87.50829295337915,88.29735565185547,0.00443255902195383,0.004422764165731624
2025-11-28,88.12200998516013,88.19020049885336,87.62518913841896,87.87847137451172,-0.004744018371233616,-0.004755306942663867
2025-12-01,86.86269729945062,86.99956533337277,86.72582926552845,86.78448486328125,-0.0124488568601544,-0.012526993026580233
2025-12-02,86.59874170376663,86.97023959625535,86.48142304673138,86.82359313964844,0.000450636728774656,0.00045053522253780975
2025-12-03,86.93114799206907,87.16578534558671,86.75517370630578,87.0680160522461,0.0028151669812204183,0.002811211819875295
2025-12-04,86.9213679868785,86.94091736826289,86.50098542899786,86.59874725341797,-0.005389680621027737,-0.005404257349157479
2025-12-05,86.56941949878119,86.56941949878119,86.08060291766724,86.19791412353516,-0.004628625038995526,-0.004639370293862829
2025-12-08,86.21747719690497,86.22724815893429,85.60156348657351,85.9144058227539,-0.0032890389943187603,-0.003294459772435787
2025-12-09,86.3641074865073,86.37388590629803,85.87529091945552,86.00238800048828,0.0010240678136783643,0.0010235438139451864
2025-12-10,86.03171395376644,86.5400798907347,85.89484591463079,86.33477783203125,0.0038648907230469653,0.0038574412210678538
2025-12-11,86.70628482751373,86.84315286923642,86.18814046117087,86.21746826171875,-0.0013587753771803213,-0.001359699349518553
2025-12-12,85.42558082990669,85.54289949150179,85.23983560581726,85.386474609375,-0.009638344399318433,-0.009685093874917155
2025-12-15,85.75799464172306,85.91441209185207,85.43537386122235,85.44515228271484,0.0006872010304710408,0.0006869650159629861
2025-12-16,85.23984396399754,85.95351204712016,85.2202871224396,85.9144058227539,0.005491868496956043,0.005476843173459823
2025-12-17,85.66999358878618,86.02194213320513,85.62111640463034,85.83619689941406,-0.0009103121018050331,-0.0009107266874870507
2025-12-18,86.15880479432059,86.40321307606196,86.10014919350229,86.24679565429688,0.004783515226844948,0.0047721105729781835
2025-12-19,85.98377248701792,86.13098966523985,85.7874879079065,85.92488861083984,-0.003732394241605541,-0.0037393770053593743
2025-12-22,85.79730245909808,85.83656087502148,85.63045980725649,85.73841857910156,-0.0021701515678748118,-0.002172509759161316
2025-12-23,85.45380534013732,85.9543408107385,85.41454692207276,85.87582397460938,0.0016026117321144007,0.0016013289203157203
2025-12-24,86.13098067325792,86.44504045971473,86.02302191968441,86.39596557617188,0.006056903765095711,0.006038634456666086
2025-12-26,86.46468454380862,86.53338490290018,85.97396555378951,86.11136627197266,-0.003294127246581846,-0.003299564828414974
2025-12-29,86.31745882824615,86.43523406982422,86.16043266058551,86.43523406982422,0.0037610342498650695,0.0037539792444290132
2025-12-30,86.11135836356893,86.40579272565077,86.04265801078674,86.22913360595703,-0.0023844496527966053,-0.0023872969799760236
2025-12-31,86.05248159629103,86.27821562424181,85.51268771713318,85.5421371459961,-0.00796710382247745,-0.007999010777816862
2026-01-02,85.77767788709063,85.78749436311787,85.40472667582823,85.41454315185547,-0.0014915923122525987,-0.0014927058434930876
2026-01-05,85.56176167950859,85.89544699188151,85.49306132179785,85.83656311035156,0.004940844297976366,0.0049286783835907864
2026-01-06,85.5323202399921,85.7187883618555,85.28696074847622,85.65990447998047,-0.0020580813579870183,-0.002060202117722047
2026-01-07,86.20950594243614,86.3763560846635,85.85619516915617,86.16043853759766,0.00584327125573858,0.005826265560025546
2026-01-08,85.70898171249958,85.9248992689706,85.63046487600509,85.72860717773438,-0.005011944776428301,-0.005024546696032929
2026-01-09,85.67953311187016,86.36653665835992,85.50287398737606,86.29783630371094,0.006639897050892518,0.00661795003153573
2026-01-12,85.8758285338143,86.2782217245062,85.78750270431297,86.04267120361328,-0.0029567960336762678,-0.0029611759909595817
2026-01-13,86.24876425193779,86.27821368013711,85.91507894345185,86.18988037109375,0.0017108856038663411,0.001709423706280424
2026-01-14,86.27821229387109,86.78855672446655,86.25857934205365,86.69041442871094,0.005807341366087515,0.005790543760793165
2026-01-15,86.99465266308623,87.0142856137462,86.6707763671875,86.6707763671875,-0.00022653094523605866,-0.00022655660724619955
2026-01-16,86.49411875271309,86.6805943483385,86.08191663501395,86.17024993896484,-0.005775031091242777,-0.005791771063648179
2026-01-20,85.02197013547945,85.41454682791472,84.93364431076476,85.0416030883789,-0.013097871381194448,-0.01318440493264858
2026-01-21,85.18881834261151,85.85619645820903,85.0121592094305,85.68934631347656,0.007616780511821908,0.0075879192995064685
2026-01-22,85.65008438729505,86.13099436156024,85.52250015269372,86.06229400634766,0.00435232276725217,0.0043428788027226545
2026-01-23,86.19969400960913,86.39597859781276,85.87581770007378,86.29783630371094,0.0027368814657195983,0.0027331430251998304
2026-01-26,86.75911212170551,86.8474379388415,86.56282004844171,86.71003723144531,0.004776492034906932,0.004765120792217554
2026-01-27,86.47449328948895,86.61189399538866,86.05247469628928,86.17024993896484,-0.006225199639110723,-0.00624465698699783
2026-01-28,85.8856350571999,86.07210317157381,85.66971751529387,85.97396087646484,-0.00227792147103012,-0.002280519880876561
2026-01-29,85.53231429854183,86.11135906416314,85.4636139452007,85.99359130859375,0.0002283299725729382,0.00022830390925203335
2026-01-30,85.7580471757564,85.93470630997618,85.51268768310547,85.51268768310547,-0.005592319359736031,-0.005608014921394046
2026-02-02,85.73139784271228,85.77080642160725,85.26836395263672,85.26836395263672,-0.0028571635050715916,-0.002861252988124269
2026-02-03,85.20924422538387,85.49495077466227,85.1501351174013,85.47525024414062,0.002426296013124274,0.002423357309436121
2026-02-04,85.34717807415137,85.49495837366045,85.17969724236958,85.25851440429688,-0.0025356561019089785,-0.0025388763225758205
2026-02-05,85.642727052088,86.18458557128906,85.46539222002377,86.18458557128906,0.010861920049424656,0.010803353113756808
2026-02-06,86.1550345638863,86.24370574951172,85.90873657197535,86.24370574951172,0.0006859716018909889,0.000685736430912618
2026-02-09,85.90872268661454,86.28310038431647,85.74124188312526,86.22398376464844,-0.00022867738221454825,-0.00022870353287390204
2026-02-10,86.9333333567741,87.21903991699219,86.91363282549811,87.21903991699219,0.011540363932381004,0.011474281854076916
2026-02-11,86.73630380089762,87.16979068224792,86.63778610506847,86.7560043334961,-0.0053088819131323906,-0.005323024101728967
2026-02-12,87.05155649241905,87.95793123238802,87.04170246886657,87.90867614746094,0.013286363552819758,0.013198873918658984
2026-02-13,88.30275489924868,88.48008975718454,88.19438317959796,88.39142608642578,0.005491493674129044,0.005476470397797877
2026-02-17,88.59830893856237,88.78549780707861,88.43082811747824,88.53919982910156,0.0016718108216886574,0.001670414901569915
2026-02-18,88.36186557705032,88.52934639925795,88.14512215234971,88.20423126220703,-0.0037832798076002927,-0.0037904545123119394
2026-02-19,88.07615666653699,88.39141777138633,88.04660211239762,88.29290008544922,0.0010052672300788768,0.0010047622873501935
2026-02-20,88.37171283830484,88.41112141735185,87.61311836179904,88.08601379394531,-0.002343181516335724,-0.002345931062107931
2026-02-23,88.22393620693998,88.66726954811352,88.20422816006878,88.41111755371094,0.0036907534552093058,0.0036839593364890837
2026-02-24,88.61800355657931,88.71652875433031,88.43082221697043,88.5687484741211,0.0017829309794030745,0.0017813434446609026
2026-02-25,88.38156276575319,88.74608646772924,88.38156276575319,88.57860565185547,0.00011129408402177354,0.00011128789129467609
2026-02-26,88.7263762978913,88.98252828548637,88.71652979113496,88.93326568603516,0.00400390174997356,0.003995907467139125
2026-02-27,89.34705593257176,89.51453675184956,89.20912966770562,89.47512817382812,0.006092911168987358,0.00607442443972624
2026-03-02,88.94234257860312,88.95222182752224,88.32948978210536,88.57660675048828,-0.010042136196712015,-0.010092898574141805
2026-03-03,87.95388170807864,88.63591946696053,87.91434208501981,88.39868927001953,-0.002008628316163996,-0.00201064831542531
2026-03-04,88.24052905005149,88.40857433011423,88.0724913114006,88.12191772460938,-0.0031309462583176684,-0.0031358579253436126
2026-03-05,87.60790901783561,87.91433920113663,87.48929769396194,87.76606750488281,-0.004038157917064744,-0.004046333293141709
2026-03-06,87.30148783392768,87.91434066935297,87.00494443646761,87.43987274169922,-0.0037166387016878133,-0.003723562564295084
2026-03-09,87.28172092563359,88.28995489243222,87.19275489071536,88.20099639892578,0.008704537568060555,0.008666871500239468
2026-03-10,87.77595517849734,87.92421933483061,87.25206084094312,87.26194763183594,-0.010646691142156772,-0.010703772672762644
2026-03-11,86.73806740448416,86.79737307150877,86.07579565133477,86.13510131835938,-0.012913375693043294,-0.012997478144524871
2026-03-12,85.90775061242071,86.2438260855987,85.77924495621944,85.96705627441406,-0.0019509473068849426,-0.0019528528834383907
2026-03-13,85.92752462663273,86.14498879600455,85.47283024586095,85.54202270507812,-0.004944144742832557,-0.00495640746225532
2026-03-16,86.17463183758981,86.33278278008136,85.95716769292879,86.20428466796875,0.007741948833427603,0.007712133733338105
2026-03-17,86.35256219377264,86.56013956185717,86.31302257012624,86.44152069091797,0.002752021246542169,0.002748241369351606
2026-03-18,86.35255725152406,86.47117611567431,85.92751574841692,85.95716857910156,-0.005603234509816923,-0.005618991516003174
2026-03-19,86.05602229799912,86.71830159433055,85.96706379722451,86.48106384277344,0.006094840864723894,0.0060763424473620434
2026-03-20,85.80890437444681,85.85833079084338,84.7710175028297,84.8402099609375,-0.018973562638164188,-0.019155870379458283
2026-03-23,85.18616805825769,85.71994165513435,84.94893786233871,85.39374542236328,0.006524447095082042,0.006503255017914262
2026-03-24,84.73147084121948,85.29489725085232,84.57331235501505,85.01812744140625,-0.004398659165249175,-0.004408361729109982
2026-03-25,85.74959588543327,85.87809400585756,85.48271285334833,85.83855438232422,0.009650023655054074,0.009603759571659045
2026-03-26,85.34431727718531,85.61120784091572,84.9390493482701,85.11697387695312,-0.008406251835942902,-0.00844178363720817
2026-03-27,84.51400462503094,85.10708385095938,84.46457821394877,84.65238952636719,-0.005458186885938243,-0.005473137213918483
2026-03-30,85.63097177541344,85.94728120291435,85.49258687222003,85.77924346923828,0.013311543231985246,0.0132237231293312
2026-03-31,85.92751491358793,86.15486584898082,85.5716658660061,85.6902847290039,-0.001037066038782175,-0.0010376041638462295
2026-04-01,85.62577916123278,86.05251898148275,85.57616283004458,85.6059341430664,-0.000984365803010867,-0.00098485060920514
2026-04-02,85.55630828767876,86.19145485613001,85.49676566299406,86.13191223144531,0.006144177896591607,0.0061253793971653234
2026-04-06,85.8441091962246,86.19145378849005,85.73494267129198,85.99297332763672,-0.0016130943828954747,-0.0016143968204644656
2026-04-07,85.86395466528666,86.02274509203987,85.25858698503681,85.98304748535156,-0.00011542620171234308,-0.0001154328638290241
2026-04-08,86.69759140579006,86.70751770059358,86.07237112096867,86.26092529296875,0.003231774352549399,0.003226563393893107
2026-04-09,86.03267618610077,86.46933474094341,85.73494790510128,86.04259490966797,-0.0025310461551306673,-0.0025342546675224563
2026-04-10,85.9433492639838,86.02274447679257,85.67539988518452,85.83418273925781,-0.0024221976409354307,-0.0024251359073081823
2026-04-13,85.78456949543003,86.14184039437563,85.59600775111306,86.09221649169922,0.0030061887258279185,0.003001679175945151
2026-04-14,86.04259389973066,86.57850025631265,85.97312497785215,86.5487289428711,0.005302598420333204,0.005288589147207229
2026-04-15,86.36016213578868,86.40978603631353,86.07236774168587,86.1716079711914,-0.00435732536209299,-0.004366846171156317
2026-04-16,86.26092477404623,86.31054867622085,85.54638298338057,85.62577819824219,-0.006334218262837754,-0.006354364542351549
2026-04-17,86.38993739321744,86.54872023945329,86.23114697543771,86.40978240966797,0.009156170348731285,0.00911450674725154
2026-04-20,86.44948861070314,86.46933362912708,86.0525200983229,86.38994598388672,-0.00022956226978110283,-0.00022958862323220556
2026-04-21,86.31054269399958,86.42962793649372,85.87387661407065,85.91357421875,-0.005514203761923575,-0.005529463104757562
2026-04-22,86.3899375621835,86.4991040817346,86.05251170951357,86.08228302001953,0.0019637036731816604,0.0019617781275122854
2026-04-23,86.17160582789596,86.38001257613726,85.58607561675173,85.89373016357422,-0.002190379365304085,-0.0021927817549235807
2026-04-24,85.80441637627402,86.16168728297549,85.59600960928894,86.05252075195312,0.001848686604674299,0.0018469798867271519
2026-04-27,85.8341849585956,85.96320407563182,85.53646426018119,85.62577819824219,-0.00495909416693352,-0.004971431278577753
2026-04-28,85.46699116435708,85.71509552001953,85.28835572541836,85.71509552001953,0.0010431125258862917,0.0010425688620509866
2026-04-29,85.33797286231855,85.33797286231855,84.90131434086466,85.0501708984375,-0.007757380628791721,-0.007787625622052678
2026-04-30,85.2387287820136,85.248655075918,84.74252008840702,84.97077941894531,-0.0009334664310903795,-0.0009339023821976297
2026-05-01,85.16501989916473,85.66306095120663,85.00564311474972,85.27458953857422,0.0035754658449227428,0.0035690890623771322
2026-05-04,85.01559998593504,85.02556293412458,84.42791523430046,84.62712860107422,-0.007592659677442604,-0.007621630655612585
2026-05-05,84.81638937534774,85.15505362976891,84.75661928377109,85.09529113769531,0.005532062169189,0.005516816514030659
2026-05-06,85.71286320030562,85.83238818228628,85.58336767048934,85.74274444580078,0.007608567988301562,0.007579768822909394
2026-05-07,85.94195920083952,85.95192214933283,85.26462309385295,85.3144302368164,-0.004995340559166728,-0.005007858979399997
2026-05-08,85.7228185491354,85.94195781543716,85.65309310981237,85.74274444580078,0.005020419263135789,0.005007858979399895
2026-05-11,85.54352317166318,85.58336736534898,85.15505178260527,85.22477722167969,-0.006040945242294038,-0.00605926557066717
2026-05-12,84.8562339130091,84.86618926205959,84.5872874985843,84.65701293945312,-0.006661962644381458,-0.006684252569104922
2026-05-13,84.60721669528155,84.71678633513467,84.25858187783795,84.46776580810547,-0.0022354572264793315,-0.0022379595909664428
2026-05-14,84.9259597597442,85.04548474494592,84.57733255373398,84.58728790283203,0.00141500244007986,0.0014140022675137214
2026-05-15,83.54140593699309,83.64101262408087,83.26249657384297,83.33222961425781,-0.014837433847222359,-0.014948609648474642
2026-05-18,83.37206348713329,83.59120275127269,82.99355504875795,83.23261260986328,-0.0011954198856271026,-0.0011961349699193746
2026-05-19,82.6349701718077,82.90391659475004,82.44571214081147,82.69473266601562,-0.00646237006122663,-0.006483341573906108
2026-05-20,82.73457718317411,83.67089679341773,82.71465888486192,83.58125305175781,0.0107203972630594,0.010663341217743995
2026-05-21,83.29238220823869,83.92987410042612,83.00351750716895,83.89002990722656,0.0036943314941395577,0.003687524211965227
2026-05-22,84.2785030149405,84.34822845458984,83.81034323465079,84.34822845458984,0.005461895148565432,0.00544703309136376
2026-05-26,85.00563623207975,85.04548042495743,84.56736530943074,84.7665786743164,0.004959798532719439,0.00494753925097868
2026-05-27,84.91599790956386,85.14510013333589,84.81639122077293,84.96580505371094,0.002350293978007345,0.0023475363570838437
2026-05-28,85.02556716704362,85.51364525958984,84.93591582788024,85.4040756225586,0.005158199449420975,0.005144941510492766
2026-05-29,85.47380314670872,85.62321698261898,85.2148272706012,85.42400360107422,0.00023333755877996687,0.00023331033980585517
2026-06-01,84.93000030517578,85.54000091552734,84.80000305175781,85.47000122070312,0.0005384624659330317,0.0005383175470393453
2026-06-02,85.80000305175781,85.81999969482422,85.5,85.6500015258789,0.0021060056464838883,0.0021037911252434816
2026-06-03,85.29000091552734,85.43000030517578,85.0999984741211,85.30999755859375,-0.003969690148603489,-0.003977590282862545
2026-06-04,85.61000061035156,85.70999908447266,85.41999816894531,85.5,0.002227200173997801,0.0022247236401663224
2026-06-05,84.98999786376953,85.3499984741211,84.91999816894531,85.05999755859375,-0.005146227384868474,-0.005159514819393639
2026-06-08,85.2300033569336,85.33000183105469,84.62000274658203,84.62000274658203,-0.005172758342822936,-0.0051861833735646085
2026-06-09,84.97000122070312,85.18000030517578,84.77999877929688,85.12000274658203,0.005908768420835209,0.0058913801107534775
2026-06-10,85.12000274658203,85.30000305175781,84.69999694824219,84.87999725341797,-0.0028196133155516945,-0.0028235959131948886
2026-06-11,85.16999816894531,86.04000091552734,85.04000091552734,85.9800033569336,0.012959544522974431,0.012876288164011073
2026-06-12,85.63999938964844,85.83000183105469,85.41000366210938,85.7699966430664,-0.0024425064627571214,-0.0024454942477817976
