Date,Open,High,Low,Close,Simple,Log
2018-01-25,1770.239990234375,1770.239990234375,1770.239990234375,1770.239990234375,,
2018-01-26,1770.239990234375,1770.239990234375,1770.239990234375,1770.239990234375,0.0,0.0
2018-01-29,1868.800048828125,1893.1199951171875,1868.800048828125,1893.1199951171875,0.06941431984402491,0.06711113398335494
2018-01-30,1970.56005859375,2035.8399658203125,1951.3599853515625,1955.199951171875,0.03279240418716545,0.03226620594072297
2018-01-31,1917.43994140625,1963.52001953125,1917.43994140625,1961.5999755859375,0.0032733349907392295,0.003267989292090173
2018-02-01,1929.5999755859375,1929.5999755859375,1850.8800048828125,1862.8480224609375,-0.05034255421801914,-0.05165394280076069
2018-02-02,1922.56005859375,2131.199951171875,1921.9200439453125,2102.39990234375,0.12859443013840144,0.1209729913452624
2018-02-05,2172.159912109375,2839.679931640625,2088.320068359375,2807.0400390625,0.33515989794958556,0.28905105842491846
2018-02-06,2944.0,3718.39990234375,2759.424072265625,2759.424072265625,-0.01696305223091077,-0.017108572797601765
2018-02-07,2799.360107421875,2885.760009765625,2682.8798828125,2850.56005859375,0.03302717666491106,0.03249349827634844
2018-02-08,2907.52001953125,3531.52001953125,2903.0400390625,3531.52001953125,0.2388863756385593,0.21421289193529766
2018-02-09,3182.080078125,3609.60009765625,3136.0,3217.919921875,-0.08880031712176872,-0.09299321487574928
2018-02-12,3089.919921875,3205.1201171875,3072.0,3107.199951171875,-0.034407310744579145,-0.03501318042111731
2018-02-13,3123.840087890625,3139.840087890625,3046.39990234375,3070.080078125,-0.011946406291901246,-0.012018338061632076
2018-02-14,3028.47998046875,3029.1201171875,2708.47998046875,2718.719970703125,-0.11444656115825558,-0.12154247480348944
2018-02-15,2625.919921875,2741.760009765625,2616.639892578125,2656.0,-0.023069669321958197,-0.023339938921049734
2018-02-16,2700.800048828125,2735.360107421875,2595.840087890625,2695.679931640625,0.014939733298428015,0.014829234670260531
2018-02-20,2764.800048828125,2859.52001953125,2744.9599609375,2805.760009765625,0.040835737519477666,0.040023984213410094
2018-02-21,2778.239990234375,2850.56005859375,2629.1201171875,2848.0,0.015054740992585192,0.014942543051871166
2018-02-22,2767.360107421875,2848.639892578125,2739.199951171875,2810.8798828125,-0.013033749012464901,-0.013119433661600718
2018-02-23,2721.280029296875,2743.0400390625,2590.080078125,2591.360107421875,-0.07809646251086999,-0.08131468401266481
2018-02-26,2516.47998046875,2528.639892578125,2476.800048828125,2513.919921875,-0.02988399231935379,-0.03033961908862789
2018-02-27,2506.944091796875,2727.679931640625,2506.944091796875,2714.239990234375,0.07968434738763142,0.07666872747927561
2018-02-28,2644.47998046875,2837.1201171875,2636.800048828125,2826.239990234375,0.041263853013354446,0.040435218624921186
2018-03-01,2804.47998046875,3156.47998046875,2804.47998046875,3020.800048828125,0.06884060068006304,0.06657451024198284
2018-03-02,3179.52001953125,3233.280029296875,2887.679931640625,2887.679931640625,-0.04406783469138975,-0.045068325238444534
2018-03-05,2942.080078125,2942.080078125,2754.56005859375,2781.43994140625,-0.036790777630959615,-0.03748462975472968
2018-03-06,2759.679931640625,2880.639892578125,2759.679931640625,2796.159912109375,0.005292212312045352,0.005278257768420709
2018-03-07,2848.0,2848.0,2753.919921875,2754.56005859375,-0.01487749442922337,-0.014989274405652635
2018-03-08,2725.1201171875,2726.39990234375,2725.1201171875,2725.760009765625,-0.01045540783845822,-0.010510449607236357
2018-03-09,2580.47998046875,2580.47998046875,2448.0,2448.0,-0.10190185811314634,-0.10747592724529369
2018-03-12,2490.8798828125,2560.0,2490.8798828125,2544.639892578125,0.03947708030152164,0.03871777930086786
2018-03-13,2565.1201171875,2605.43994140625,2565.1201171875,2605.43994140625,0.023893380358241956,0.023612400452470754
2018-03-14,2591.360107421875,2686.080078125,2591.360107421875,2662.39990234375,0.021861935879725847,0.02162639056155213
2018-03-15,2576.639892578125,2604.159912109375,2576.639892578125,2588.159912109375,-0.027884612739438763,-0.028280770393894823
2018-03-16,2515.199951171875,2515.199951171875,2515.199951171875,2515.199951171875,-0.02818989684375295,-0.02859486073154299
2018-03-19,2580.47998046875,2891.52001953125,2580.47998046875,2775.679931640625,0.10356233521211222,0.09854343375730279
2018-03-20,2757.1201171875,2757.1201171875,2722.56005859375,2722.56005859375,-0.019137607489015274,-0.019323101925645365
2018-03-21,2685.43994140625,2695.679931640625,2547.199951171875,2623.360107421875,-0.03643627653272541,-0.037116655829207874
2018-03-22,2890.239990234375,3041.919921875,2779.52001953125,3020.800048828125,0.1515003374038637,0.1410657332910338
2018-03-23,3010.56005859375,3201.280029296875,2913.280029296875,3200.0,0.059322016775454234,0.05762909667266503
2018-03-26,3016.9599609375,3150.080078125,2963.199951171875,2963.199951171875,-0.07400001525878908,-0.07688106081413175
2018-03-27,2963.199951171875,3238.39990234375,2963.199951171875,3185.919921875,0.07516197839266447,0.07247132780347217
2018-03-28,3278.719970703125,3296.0,3206.080078125,3206.080078125,0.00632789170612158,0.00630795466150334
2018-03-29,3136.0,3136.0,3136.0,3136.0,-0.021858492744193936,-0.022100928968363166
2018-04-02,3114.239990234375,3418.8798828125,3100.159912109375,3317.760009765625,0.057959186787508,0.05634175687683191
2018-04-03,3235.840087890625,3274.8798828125,3175.679931640625,3175.679931640625,-0.04282409749553795,-0.043768098249705345
2018-04-04,3367.679931640625,3374.080078125,3106.56005859375,3115.52001953125,-0.01894394693557644,-0.019125682349409083
2018-04-05,3031.679931640625,3031.679931640625,3031.679931640625,3031.679931640625,-0.026910463539001506,-0.027279180001031706
2018-04-06,3066.239990234375,3308.800048828125,3066.239990234375,3187.199951171875,0.051298297656074965,0.05002587432322533
2018-04-09,3187.199951171875,3187.199951171875,3187.199951171875,3187.199951171875,0.0,0.0
2018-04-10,3187.199951171875,3187.199951171875,3187.199951171875,3187.199951171875,0.0,0.0
2018-04-11,3187.199951171875,3187.199951171875,3187.199951171875,3187.199951171875,0.0,0.0
2018-04-12,3077.760009765625,3077.760009765625,3077.760009765625,3077.760009765625,-0.034337331539557425,-0.034940710248001404
2018-04-13,2942.719970703125,2942.719970703125,2942.719970703125,2942.719970703125,-0.043876078262769846,-0.0448677490832136
2018-04-16,2793.60009765625,2793.60009765625,2793.60009765625,2793.60009765625,-0.05067416353967402,-0.0520031921365779
2018-04-17,2579.199951171875,2579.199951171875,2579.199951171875,2579.199951171875,-0.0767468996955758,-0.07985186722160771
2018-04-18,2640.639892578125,2640.639892578125,2593.280029296875,2595.840087890625,0.006451666033565839,0.006430943120049963
2018-04-19,2667.52001953125,2709.760009765625,2621.43994140625,2622.080078125,0.010108477158043083,0.010057728212640539
2018-04-20,2723.199951171875,2723.199951171875,2695.0400390625,2695.0400390625,0.027825222252431114,0.027445135314227865
2018-04-23,2681.60009765625,2681.60009765625,2629.760009765625,2662.39990234375,-0.012111188051255883,-0.012185126080619762
2018-04-24,2661.760009765625,2661.760009765625,2661.760009765625,2661.760009765625,-0.00024034427644081813,-0.00024037316375512022
2018-04-25,2928.0,2928.0,2835.199951171875,2851.199951171875,0.07117093228210702,0.06875237936767302
2018-04-26,2800.639892578125,2800.639892578125,2708.47998046875,2717.43994140625,-0.04691358447542349,-0.048049702078357286
2018-04-27,2671.360107421875,2671.360107421875,2651.199951171875,2651.199951171875,-0.02437588011608327,-0.024677889817737404
2018-04-30,2625.280029296875,2625.280029296875,2625.280029296875,2625.280029296875,-0.009776675600624896,-0.0098247810915004
2018-05-01,2707.199951171875,2711.0400390625,2707.199951171875,2711.0400390625,0.032666995066653604,0.032144771338124385
2018-05-02,2596.47998046875,2602.239990234375,2544.639892578125,2544.639892578125,-0.06137871226052327,-0.06334319556846998
2018-05-03,2686.719970703125,2800.0,2686.719970703125,2752.0,0.08148897925662335,0.07833877612014975
2018-05-04,2579.199951171875,2579.199951171875,2579.199951171875,2579.199951171875,-0.06279071541719661,-0.0648486656724254
2018-05-07,2552.9599609375,2552.9599609375,2544.0,2544.0,-0.013647624006770664,-0.013741608920796138
2018-05-08,2544.0,2544.0,2544.0,2544.0,0.0,0.0
2018-05-09,2511.360107421875,2511.360107421875,2476.159912109375,2482.56005859375,-0.024150920364091943,-0.024447336046316756
2018-05-10,2343.0400390625,2349.43994140625,2343.0400390625,2349.43994140625,-0.053622113481881284,-0.05511333248473512
2018-05-11,2330.8798828125,2352.639892578125,2293.1201171875,2293.1201171875,-0.023971595624206476,-0.024263590148473374
2018-05-14,2225.919921875,2225.919921875,2225.919921875,2225.919921875,-0.029305135308359098,-0.029743108592526383
2018-05-15,2340.47998046875,2387.199951171875,2324.47998046875,2387.199951171875,0.07245544986228492,0.06995083236733973
2018-05-16,2336.0,2336.0,2287.360107421875,2308.159912109375,-0.03310993661159356,-0.03367047831821391
2018-05-17,2295.679931640625,2295.679931640625,2250.8798828125,2250.8798828125,-0.024816317533445154,-0.025129433454496156
2018-05-18,2269.43994140625,2271.360107421875,2266.8798828125,2266.8798828125,0.007108331333970597,0.007083186236265222
2018-05-21,2154.239990234375,2195.840087890625,2154.239990234375,2176.0,-0.04009029481515625,-0.04091605604302255
2018-05-22,2191.488037109375,2191.488037109375,2191.488037109375,2191.488037109375,0.007117664112764155,0.007092453099879059
2018-05-23,2300.159912109375,2300.159912109375,2174.719970703125,2174.719970703125,-0.007651452402344661,-0.0076808749438165725
2018-05-24,2216.9599609375,2271.360107421875,2187.52001953125,2187.52001953125,0.005885837717297671,0.005868583843710542
2018-05-25,2187.52001953125,2187.52001953125,2164.47998046875,2164.47998046875,-0.010532492894596235,-0.010588352169030247
2018-05-29,2307.840087890625,2523.52001953125,2307.840087890625,2458.8798828125,0.1360141488950124,0.12752577523461173
2018-05-30,2362.8798828125,2362.8798828125,2339.840087890625,2339.840087890625,-0.04841220417229808,-0.04962332553290293
2018-05-31,2364.800048828125,2388.47998046875,2333.43994140625,2364.159912109375,0.010393797569591356,0.010340153446220897
2018-06-01,2261.1201171875,2261.760009765625,2248.320068359375,2248.320068359375,-0.04899831147489686,-0.05023944091245218
2018-06-04,2248.320068359375,2248.320068359375,2248.320068359375,2248.320068359375,0.0,0.0
2018-06-05,2177.280029296875,2177.280029296875,2177.280029296875,2177.280029296875,-0.03159694211791597,-0.03210689625894392
2018-06-06,2118.39990234375,2118.39990234375,2076.159912109375,2076.159912109375,-0.04644332186345157,-0.04755641350948851
2018-06-07,2062.719970703125,2152.9599609375,2062.719970703125,2100.47998046875,0.011713966837297196,0.01164588944952557
2018-06-08,2075.52001953125,2075.52001953125,2075.52001953125,2075.52001953125,-0.011882979685400197,-0.011954146633955984
2018-06-11,2092.800048828125,2092.800048828125,2048.0,2053.1201171875,-0.010792428949352617,-0.010851089653442213
2018-06-12,2033.9200439453125,2046.719970703125,2033.9200439453125,2046.719970703125,-0.003117278151822056,-0.0031221469843296214
2018-06-13,2026.239990234375,2068.47998046875,2026.239990234375,2056.9599609375,0.005003122254607861,0.004990648227216073
2018-06-14,2022.4000244140625,2022.4000244140625,1998.0799560546875,2001.407958984375,-0.02700684651528462,-0.027378233321694673
2018-06-15,2048.0,2049.280029296875,2023.6800537109375,2023.6800537109375,0.011128213329312686,0.011066750325277945
2018-06-18,2085.760009765625,2085.760009765625,1998.0799560546875,1999.93603515625,-0.011733089186280576,-0.011802465073459356
2018-06-19,2125.43994140625,2157.43994140625,2097.919921875,2101.696044921875,0.050881632200639126,0.04962946157570131
2018-06-20,2058.239990234375,2058.239990234375,2031.3599853515625,2053.760009765625,-0.02280826253257373,-0.023072394948024714
2018-06-21,2065.919921875,2220.800048828125,2065.919921875,2189.43994140625,0.0660641608539787,0.06397351235076913
2018-06-22,2113.280029296875,2147.4560546875,2105.60009765625,2132.47998046875,-0.026015767713141846,-0.02636016408782778
2018-06-25,2256.639892578125,2499.199951171875,2256.639892578125,2438.39990234375,0.1434573476313501,0.13405643394363453
2018-06-26,2383.360107421875,2391.0400390625,2296.320068359375,2338.56005859375,-0.04094481945067152,-0.041806666077996116
2018-06-27,2314.239990234375,2479.360107421875,2308.47998046875,2464.0,0.05363982034384063,0.0522506652883954
2018-06-28,2543.360107421875,2545.919921875,2503.0400390625,2508.800048828125,0.01818183799842732,0.018018524965419242
2018-06-29,2351.360107421875,2368.0,2302.080078125,2362.8798828125,-0.05816333034742449,-0.059923406219704996
2018-07-02,2502.39990234375,2502.39990234375,2415.360107421875,2415.360107421875,0.022210280341000033,0.021967224375428272
2018-07-03,2415.360107421875,2415.360107421875,2415.360107421875,2415.360107421875,0.0,0.0
2018-07-05,2314.239990234375,2314.239990234375,2314.239990234375,2314.239990234375,-0.041865441462239916,-0.042767053110703224
2018-07-06,2245.1201171875,2245.1201171875,2199.360107421875,2199.360107421875,-0.049640436297561985,-0.05091487788827684
2018-07-09,2112.0,2112.0,2078.080078125,2078.719970703125,-0.054852380158957326,-0.05641415221613298
2018-07-10,2059.52001953125,2062.719970703125,2034.56005859375,2034.56005859375,-0.021243800382808598,-0.02147269747783263
2018-07-11,2106.8798828125,2127.360107421875,2100.47998046875,2101.760009765625,0.03302922953197185,0.03249548550869566
2018-07-12,2076.159912109375,2076.159912109375,2048.0,2048.0,-0.025578567255935214,-0.02591138643090445
2018-07-13,2042.8800048828125,2042.8800048828125,2030.656005859375,2030.656005859375,-0.00846874713897705,-0.008504810731337418
2018-07-16,1998.0799560546875,2025.9200439453125,1991.6800537109375,1999.3599853515625,-0.015411778468391035,-0.015531774423467168
2018-07-17,1966.719970703125,1966.719970703125,1966.0799560546875,1966.0799560546875,-0.016645341279561077,-0.01678543171719256
2018-07-18,1955.8399658203125,1990.4000244140625,1944.3199462890625,1955.8399658203125,-0.005208328482694813,-0.005221939105117153
2018-07-19,1996.800048828125,2007.6800537109375,1991.6800537109375,1996.800048828125,0.020942451183951105,0.02072617244601175
2018-07-20,2024.3199462890625,2025.5999755859375,1994.239990234375,2001.0880126953125,0.0021474177495659497,0.002145115343632776
2018-07-23,1992.9599609375,2022.4000244140625,1992.9599609375,2019.8399658203125,0.00937087874497955,0.009327244443438892
2018-07-24,1941.760009765625,2012.1600341796875,1941.760009765625,1967.3599853515625,-0.025982246790248298,-0.02632574839097898
2018-07-25,1975.0400390625,1984.0,1932.800048828125,1949.43994140625,-0.009108675625579599,-0.00915041325440991
2018-07-26,1948.1600341796875,1954.56005859375,1948.1600341796875,1954.56005859375,0.0026264554648482985,0.0026230123581537975
2018-07-27,1958.4000244140625,2056.320068359375,1946.239990234375,2018.56005859375,0.032743941389064446,0.03221928079393126
2018-07-30,1994.239990234375,2056.320068359375,1994.239990234375,2056.320068359375,0.018706408860547308,0.018533595808923997
2018-07-31,2008.3199462890625,2008.3199462890625,2008.3199462890625,2008.3199462890625,-0.023342728988979378,-0.023619485810642313
2018-08-01,1987.8399658203125,1987.8399658203125,1964.800048828125,1984.0,-0.012109597543957351,-0.01218351607552715
2018-08-02,2051.072021484375,2051.072021484375,1963.52001953125,1963.52001953125,-0.01032257080078125,-0.010376218039031495
2018-08-03,1931.52001953125,1932.800048828125,1928.06396484375,1928.9599609375,-0.017601072690870967,-0.01775781349831503
2018-08-06,1928.9599609375,1928.9599609375,1873.1519775390625,1873.1519775390625,-0.02893164426871464,-0.029358415917001154
2018-08-07,1845.760009765625,1845.760009765625,1825.9200439453125,1827.8399658203125,-0.02419024844865003,-0.02448763825891145
2018-08-08,1794.56005859375,1794.56005859375,1794.0479736328125,1794.0479736328125,-0.018487391029517464,-0.018660418714941906
2018-08-09,1788.800048828125,1827.199951171875,1783.0400390625,1825.9200439453125,0.01776545041209876,0.017609489235953842
2018-08-10,1908.6080322265625,1952.0,1889.280029296875,1917.43994140625,0.050122620519126304,0.04890693879779664
2018-08-13,1937.9200439453125,2032.6400146484375,1877.760009765625,2028.800048828125,0.05807749438045162,0.05645357686002955
2018-08-14,1982.719970703125,2016.0,1926.4000244140625,1926.4000244140625,-0.05047319693885599,-0.05179152052248252
2018-08-15,2045.43994140625,2168.320068359375,2026.239990234375,2046.719970703125,0.06245844308772752,0.060585508663504296
2018-08-16,1969.9200439453125,1969.9200439453125,1912.3199462890625,1934.719970703125,-0.05472170184645431,-0.05627589944307559
2018-08-17,1968.6400146484375,1973.760009765625,1881.5999755859375,1887.3599853515625,-0.024478987175777567,-0.024783578582823946
2018-08-20,1848.3199462890625,1854.719970703125,1838.0799560546875,1848.3199462890625,-0.020684998816072664,-0.02090193010055072
2018-08-21,1835.52001953125,1886.719970703125,1835.52001953125,1885.43994140625,0.02008310043491912,0.019884094992223433
2018-08-22,1885.43994140625,1885.43994140625,1852.800048828125,1852.800048828125,-0.01731155252486094,-0.017463149584821966
2018-08-23,1854.719970703125,1867.52001953125,1832.9599609375,1857.9200439453125,0.0027633824386099626,0.002759571316802559
2018-08-24,1824.0,1848.3199462890625,1818.8800048828125,1847.0400390625,-0.005856013512674507,-0.005873227195073622
2018-08-27,1834.0479736328125,1849.5999755859375,1831.6800537109375,1849.5999755859375,0.0013859669900480043,0.0013850074243145476
2018-08-28,1843.199951171875,1857.280029296875,1834.239990234375,1851.52001953125,0.0010380860567995587,0.0010375476180671743
2018-08-29,1853.43994140625,1853.43994140625,1833.5999755859375,1833.5999755859375,-0.009678558025988493,-0.009725699690885218
2018-08-30,1853.43994140625,1896.06396484375,1852.1600341796875,1888.6400146484375,0.03001747371037755,0.02957576686500121
2018-08-31,1872.0,1912.3199462890625,1848.9599609375,1900.1600341796875,0.006099637539128677,0.006081110052537661
2018-09-04,1889.280029296875,1917.43994140625,1873.9200439453125,1873.9200439453125,-0.013809358034257868,-0.013905594219344392
2018-09-05,1920.0,1930.239990234375,1884.1600341796875,1885.43994140625,0.006147486120423595,0.006128667413401884
2018-09-06,1934.0799560546875,1979.52001953125,1914.8800048828125,1943.0400390625,0.030549950911344936,0.030092592673715127
2018-09-07,1987.8399658203125,2000.0,1955.199951171875,1971.8399658203125,0.014822096394734308,0.014713322643435984
2018-09-10,1939.8399658203125,1939.8399658203125,1905.9200439453125,1918.719970703125,-0.026939303411009252,-0.02730881786918812
2018-09-11,1941.760009765625,1946.8800048828125,1862.4000244140625,1862.4000244140625,-0.029352874389702466,-0.029792290119111057
2018-09-12,1855.3599853515625,1855.3599853515625,1829.823974609375,1838.0799560546875,-0.013058455777794853,-0.013144467014618726
2018-09-13,1800.9599609375,1800.9599609375,1788.1600341796875,1788.1600341796875,-0.027158732518986706,-0.027534347328492
2018-09-14,1768.3199462890625,1779.199951171875,1750.4000244140625,1750.4000244140625,-0.021116683654630042,-0.02134283012756645
2018-09-17,1749.760009765625,1804.800048828125,1744.6400146484375,1804.800048828125,0.03107862411752005,0.030605462182963186
2018-09-18,1790.719970703125,1795.8399658203125,1768.9599609375,1795.199951171875,-0.005319202901442388,-0.005333400229220572
2018-09-19,1744.0,1744.0,1724.1600341796875,1733.1199951171875,-0.034581081630579824,-0.0351931595427172
2018-09-20,1707.52001953125,1712.6400146484375,1692.1600341796875,1704.9599609375,-0.01624817338616158,-0.016381622465626883
2018-09-21,1706.239990234375,1706.6240234375,1683.199951171875,1700.2239990234375,-0.0027777555031018863,-0.0027816206251547195
2018-09-24,1715.199951171875,1743.3599853515625,1706.239990234375,1706.8800048828125,0.003914781736523043,0.00390713891864961
2018-09-25,1685.760009765625,1722.8800048828125,1685.760009765625,1722.8800048828125,0.009373828244650717,0.009330166556037833
2018-09-26,1699.8399658203125,1728.0,1690.8800048828125,1728.0,0.0029717653595588978,0.0029673583937029602
2018-09-27,1719.0400390625,1719.0400390625,1711.3599853515625,1711.3599853515625,-0.009629638106734673,-0.00967630289006214
2018-09-28,1722.8800048828125,1722.8800048828125,1708.800048828125,1708.800048828125,-0.0014958492341466956,-0.0014969691335521144
2018-10-01,1664.0,1704.9599609375,1660.1600341796875,1689.5999755859375,-0.011235997596883651,-0.011299598278055257
2018-10-02,1696.0,1697.280029296875,1684.47998046875,1689.5999755859375,0.0,0.0
2018-10-03,1667.8399658203125,1692.1600341796875,1666.56005859375,1676.800048828125,-0.007575714336391148,-0.007604555815782332
2018-10-04,1719.0400390625,1843.199951171875,1707.52001953125,1779.199951171875,0.06106864227211517,0.0592765533658486
2018-10-05,1747.199951171875,1909.760009765625,1732.47998046875,1807.3599853515625,0.01582735777456601,0.01570341126743471
2018-10-08,1868.1600341796875,1948.1600341796875,1827.3919677734375,1832.9599609375,0.01416429255567353,0.014064916261126234
2018-10-09,1880.3199462890625,1882.8800048828125,1861.1199951171875,1861.1199951171875,0.01536314746628964,0.015246329260443565
2018-10-10,1913.5999755859375,2178.56005859375,1913.5999755859375,2172.800048828125,0.1674690801929255,0.15483822643541784
2018-10-11,2149.1201171875,2457.60009765625,2096.639892578125,2359.0400390625,0.08571427929358766,0.08223809232317122
2018-10-12,2152.9599609375,2378.239990234375,2152.9599609375,2180.47998046875,-0.07569183042128913,-0.07870974608476118
2018-10-15,2227.327880859375,2280.9599609375,2165.760009765625,2193.280029296875,0.005870289543026708,0.005853126528521502
2018-10-16,2140.159912109375,2156.159912109375,2046.719970703125,2053.1201171875,-0.06390424853971233,-0.06603750916800334
2018-10-17,2043.52001953125,2184.320068359375,2043.52001953125,2077.43994140625,0.01184530024091579,0.011775693805582441
2018-10-18,2126.719970703125,2284.159912109375,2105.60009765625,2230.39990234375,0.07362906522051316,0.0710445595406861
2018-10-19,2179.840087890625,2270.719970703125,2160.0,2193.280029296875,-0.016642698472085105,-0.016782744178265262
2018-10-22,2179.199951171875,2302.719970703125,2179.199951171875,2213.1201171875,0.00904585261599511,0.00900518396232638
2018-10-23,2404.47998046875,2467.840087890625,2257.280029296875,2296.9599609375,0.03788309685447455,0.03718315494693602
2018-10-24,2281.60009765625,2474.239990234375,2272.0,2474.239990234375,0.07718028712373304,0.07434678167992335
2018-10-25,2451.199951171875,2513.280029296875,2375.0400390625,2423.0400390625,-0.020693203316556663,-0.020910307930811754
2018-10-26,2586.239990234375,2665.60009765625,2481.919921875,2559.360107421875,0.056259932218090336,0.05473430292843509
2018-10-29,2462.719970703125,2696.9599609375,2435.199951171875,2581.760009765625,0.008752149523153285,0.008714071477722223
2018-10-30,2602.239990234375,2602.239990234375,2478.080078125,2483.840087890625,-0.037927584866375375,-0.03866555554281847
2018-10-31,2434.56005859375,2467.199951171875,2370.56005859375,2405.1201171875,-0.031692849747818164,-0.032205938056294674
2018-11-01,2421.1201171875,2449.280029296875,2325.760009765625,2327.679931640625,-0.03219805322547964,-0.03272781307863044
2018-11-02,2291.840087890625,2428.800048828125,2272.0,2346.239990234375,0.0079736300259583,0.00794200861844666
2018-11-05,2352.639892578125,2360.9599609375,2307.199951171875,2323.840087890625,-0.00954714881554486,-0.009593015001781257
2018-11-06,2321.280029296875,2327.679931640625,2245.1201171875,2245.1201171875,-0.03387495168593113,-0.03446200354701022
2018-11-07,2164.47998046875,2164.47998046875,2083.199951171875,2089.60009765625,-0.06927024453643604,-0.07178631724366097
2018-11-08,2072.320068359375,2098.68798828125,2029.43994140625,2080.0,-0.004594227224155367,-0.0046048131211700585
2018-11-09,2101.1201171875,2184.9599609375,2099.072021484375,2126.912109375,0.02255389873798075,0.022303320247735757
2018-11-12,2154.8798828125,2316.800048828125,2154.8798828125,2307.840087890625,0.0850660343312406,0.08164084627524312
2018-11-13,2304.639892578125,2387.199951171875,2266.239990234375,2325.1201171875,0.007487533208017538,0.007459640775063219
2018-11-14,2280.320068359375,2440.320068359375,2278.39990234375,2385.280029296875,0.025873894283855448,0.025544829139796242
2018-11-15,2427.52001953125,2480.0,2350.719970703125,2360.320068359375,-0.010464163800867232,-0.010519298123227517
2018-11-16,2400.639892578125,2416.0,2244.47998046875,2252.159912109375,-0.04582435988233602,-0.0469075153418454
2018-11-19,2254.080078125,2396.800048828125,2246.39990234375,2384.0,0.058539399081632526,0.05689003251711152
2018-11-20,2526.719970703125,2578.68798828125,2479.360107421875,2517.1201171875,0.05583897533032722,0.054335688174331855
2018-11-21,2441.087890625,2490.8798828125,2428.800048828125,2458.239990234375,-0.023391862212326475,-0.023669794614695396
2018-11-23,2508.800048828125,2519.679931640625,2461.43994140625,2479.360107421875,0.00859156033235231,0.008554862920097021
2018-11-26,2424.320068359375,2424.320068359375,2337.919921875,2339.199951171875,-0.056530778175560514,-0.05819153598337119
2018-11-27,2380.159912109375,2383.360107421875,2291.840087890625,2297.60009765625,-0.01778379547878517,-0.017943827324107806
2018-11-28,2262.719970703125,2313.60009765625,2211.199951171875,2229.760009765625,-0.029526499393792593,-0.029971181633845594
2018-11-29,2263.679931640625,2337.919921875,2237.43994140625,2270.080078125,0.018082694183582992,0.01792114683663906
2018-11-30,2272.7041015625,2272.7041015625,2195.199951171875,2206.080078125,-0.028192838048630264,-0.028597887258349598
2018-12-03,2048.0,2108.800048828125,2037.1199951171875,2086.39990234375,-0.054250150286008214,-0.05577717437570755
2018-12-04,2066.56005859375,2393.02392578125,2064.639892578125,2357.760009765625,0.1300614072676305,0.12227197396245462
2018-12-06,2545.280029296875,2663.679931640625,2403.840087890625,2418.56005859375,0.025787208442036746,0.025460326059092406
2018-12-07,2410.8798828125,2623.360107421875,2370.56005859375,2580.47998046875,0.06694889436367646,0.06480307460616283
2018-12-10,2584.320068359375,2707.199951171875,2540.159912109375,2555.52001953125,-0.009672603983141959,-0.009719687476370108
2018-12-11,2475.52001953125,2640.639892578125,2469.760009765625,2555.968017578125,0.00017530602126036854,0.00017529065695543402
2018-12-12,2490.239990234375,2536.320068359375,2459.52001953125,2535.679931640625,-0.00793753513266715,-0.007969205063441403
2018-12-13,2502.39990234375,2553.60009765625,2469.760009765625,2496.639892578125,-0.015396280333078383,-0.015516033819426771
2018-12-14,2554.239990234375,2613.1201171875,2521.60009765625,2598.39990234375,0.04075878546526934,0.03995004853247542
2018-12-17,2622.719970703125,2778.239990234375,2584.320068359375,2725.760009765625,0.04901482150880487,0.047851458493376506
2018-12-18,2681.60009765625,2812.800048828125,2675.840087890625,2738.56005859375,0.00469595591037586,0.004684964306711577
2018-12-19,2720.0,2813.43994140625,2599.0400390625,2728.9599609375,-0.003505527522072893,-0.0035116862810220697
2018-12-20,2800.0,2953.60009765625,2753.280029296875,2867.840087890625,0.05089122923790157,0.04963859390149977
2018-12-21,2871.0400390625,3046.39990234375,2828.159912109375,3012.47998046875,0.05043513171772118,0.049204489484577625
2018-12-24,3053.43994140625,3165.43994140625,3035.52001953125,3163.52001953125,0.05013810549506048,0.04892168456316059
2018-12-26,3145.60009765625,3216.0,2991.360107421875,2995.840087890625,-0.05300422649624037,-0.054460648843230826
2018-12-27,3180.159912109375,3326.719970703125,3098.239990234375,3122.56005859375,0.04229864311360787,0.04142850794286196
2018-12-28,3127.0400390625,3219.199951171875,3047.679931640625,3117.43994140625,-0.0016397177608830082,-0.001641063569415989
2018-12-31,3038.719970703125,3075.199951171875,3000.9599609375,3007.360107421875,-0.03531097184015641,-0.03594948018859795
2019-01-02,3102.080078125,3123.072021484375,2908.159912109375,2927.360107421875,-0.026601403603967344,-0.026961623543928916
2019-01-03,2982.39990234375,3114.239990234375,2962.56005859375,3048.9599609375,0.04153908267292672,0.04069950638489941
2019-01-04,2931.840087890625,2945.919921875,2798.719970703125,2807.0400390625,-0.07934506355426652,-0.08266997476970725
2019-01-07,2785.919921875,2825.087890625,2710.39990234375,2744.320068359375,-0.022343810501567418,-0.022597215233696278
2019-01-08,2696.9599609375,2791.679931640625,2680.320068359375,2688.639892578125,-0.02028924265183729,-0.020497896444642463
2019-01-09,2666.8798828125,2687.360107421875,2595.840087890625,2625.280029296875,-0.023565767753484623,-0.023847881423549135
2019-01-10,2672.0,2705.919921875,2597.760009765625,2597.760009765625,-0.01048269869276408,-0.010538029193703719
2019-01-11,2636.800048828125,2644.47998046875,2512.639892578125,2513.280029296875,-0.0325203175625034,-0.03306085436330762
2019-01-14,2585.60009765625,2586.239990234375,2485.1201171875,2520.320068359375,0.002801135957965384,0.0027972200875237964
2019-01-15,2499.199951171875,2510.080078125,2407.679931640625,2410.8798828125,-0.043423129832123264,-0.044394127238092225
2019-01-16,2385.919921875,2459.52001953125,2376.320068359375,2459.52001953125,0.020175263423745093,0.01997443942165575
2019-01-17,2476.800048828125,2477.43994140625,2394.8798828125,2432.0,-0.01118918297582916,-0.011252252791448794
2019-01-18,2364.159912109375,2399.360107421875,2325.760009765625,2371.840087890625,-0.0247368059660259,-0.025047901813289954
2019-01-22,2400.0,2615.679931640625,2393.60009765625,2580.47998046875,0.08796541286376391,0.08430935828117353
2019-01-23,2541.43994140625,2719.360107421875,2534.39990234375,2566.39990234375,-0.005456379523022803,-0.005471319933589625
2019-01-24,2569.60009765625,2600.9599609375,2441.60009765625,2475.52001953125,-0.03541142700695421,-0.03605361778582974
2019-01-25,2421.1201171875,2437.1201171875,2376.320068359375,2382.719970703125,-0.0374870928515848,-0.038207802885783855
2019-01-28,2469.760009765625,2559.360107421875,2467.199951171875,2481.280029296875,0.041364516101598525,0.04053188790093345
2019-01-29,2451.840087890625,2515.199951171875,2431.679931640625,2474.239990234375,-0.002837261002134883,-0.002841293656733992
2019-01-30,2433.919921875,2478.080078125,2360.9599609375,2365.43994140625,-0.043973118718293236,-0.04496924783054408
2019-01-31,2361.60009765625,2362.8798828125,2267.52001953125,2267.52001953125,-0.04139607189383421,-0.04227729451185588
2019-02-01,2261.1201171875,2281.60009765625,2233.60009765625,2245.760009765625,-0.009596391466534127,-0.00964273354726983
2019-02-04,2235.52001953125,2250.239990234375,2165.760009765625,2176.0,-0.031062985119636788,-0.03155566932743457
2019-02-05,2156.800048828125,2174.719970703125,2109.43994140625,2157.43994140625,-0.00852943869198075,-0.00856602252911692
2019-02-06,2140.159912109375,2170.239990234375,2117.1201171875,2145.919921875,-0.005339671019412573,-0.005353978015204666
2019-02-07,2211.199951171875,2304.639892578125,2177.280029296875,2217.60009765625,0.03340300588598821,0.03285724560098063
2019-02-08,2268.159912109375,2289.280029296875,2186.239990234375,2190.719970703125,-0.012121268835410981,-0.012195330503898524
2019-02-11,2161.280029296875,2200.320068359375,2145.280029296875,2167.0400390625,-0.010809200608613012,-0.010868044438192719
2019-02-12,2116.47998046875,2142.080078125,2102.39990234375,2128.0,-0.018015375054809546,-0.01817962762886616
2019-02-13,2110.719970703125,2147.199951171875,2100.47998046875,2122.8798828125,-0.002406070106907854,-0.002408969345034645
2019-02-14,2171.52001953125,2210.56005859375,2120.320068359375,2161.280029296875,0.018088704309308534,0.01792705019598298
2019-02-15,2117.760009765625,2134.39990234375,2081.60009765625,2085.760009765625,-0.03494226500386388,-0.03556735042129503
2019-02-19,2122.8798828125,2129.280029296875,2064.0,2092.159912109375,0.0030683790626848673,0.003063681195087869
2019-02-20,2077.43994140625,2077.43994140625,2006.5279541015625,2008.3199462890625,-0.04007340229350953,-0.040898458165930934
2019-02-21,2017.280029296875,2066.239990234375,1981.887939453125,2034.56005859375,0.013065703178008814,0.01298108316126197
2019-02-22,2000.0,2006.4000244140625,1953.280029296875,1957.760009765625,-0.037747742320867084,-0.038478640570960815
2019-02-25,1913.5999755859375,1994.8800048828125,1891.8399658203125,1992.9599609375,0.017979706908043847,0.017819983654634657
2019-02-26,2023.0400390625,2035.199951171875,1976.9599609375,2009.5999755859375,0.00834939736602136,0.008314733959881027
2019-02-27,2032.6400146484375,2085.1201171875,1994.8800048828125,2011.52001953125,0.0009554358920376149,0.0009549797536832341
2019-02-28,2012.800048828125,2019.8399658203125,1971.199951171875,2010.239990234375,-0.0006363492704255513,-0.00063655182655806
2019-03-01,1957.1199951171875,1995.52001953125,1918.719970703125,1918.719970703125,-0.04552691219747329,-0.04659583128713214
2019-03-04,1896.9599609375,2067.199951171875,1873.280029296875,1965.43994140625,0.024349551480409293,0.024057827235220656
2019-03-05,1960.3199462890625,2008.9599609375,1950.719970703125,1976.9599609375,0.00586129308179606,0.005844182530914257
2019-03-06,1976.9599609375,2048.0,1975.0400390625,2035.199951171875,0.029459367607403086,0.029033778622706254
2019-03-07,2059.52001953125,2153.60009765625,2055.679931640625,2112.639892578125,0.03805028658813581,0.03734422922355416
2019-03-08,2177.280029296875,2213.760009765625,2124.159912109375,2126.719970703125,0.006664684395321974,0.006642573573009919
2019-03-11,2087.0400390625,2087.0400390625,1964.800048828125,1971.8399658203125,-0.07282576315470757,-0.07561377331621694
2019-03-12,1952.0,1960.9599609375,1913.5999755859375,1916.1600341796875,-0.028237551021267238,-0.028643898445593324
2019-03-13,1903.3599853515625,1914.239990234375,1879.0400390625,1895.6800537109375,-0.010688032368610378,-0.010745559656090087
2019-03-14,1897.5999755859375,1901.0560302734375,1858.56005859375,1864.3199462890625,-0.016542932632795937,-0.016681295011579767
2019-03-15,1856.0,1861.1199951171875,1805.43994140625,1829.760009765625,-0.018537556599246385,-0.018711530490080612
2019-03-18,1843.8399658203125,1872.6400146484375,1818.239990234375,1834.239990234375,0.002448397847171213,0.0024454054046268267
2019-03-19,1802.239990234375,1875.8399658203125,1799.6800537109375,1846.4000244140625,0.006629467378548304,0.006607589100675131
2019-03-20,1851.52001953125,1888.6400146484375,1807.3599853515625,1866.239990234375,0.010745215315196122,0.010687895731047156
2019-03-21,1893.760009765625,1893.760009765625,1820.927978515625,1841.9200439453125,-0.013031521356483333,-0.013117176590028767
2019-03-22,1879.6800537109375,2066.56005859375,1861.1199951171875,2053.1201171875,0.11466299741752417,0.1085521147584289
2019-03-25,2056.9599609375,2112.0,2012.1600341796875,2063.360107421875,0.0049875261309126895,0.004975129623974797
2019-03-26,1971.199951171875,1998.719970703125,1934.0799560546875,1946.8800048828125,-0.05645165965944832,-0.058107680360885317
2019-03-27,1941.760009765625,2055.0400390625,1927.6800537109375,1976.3199462890625,0.01512160037208976,0.015008408640161687
2019-03-28,1963.52001953125,1989.760009765625,1926.719970703125,1932.1600341796875,-0.022344515720895353,-0.022597936570695788
2019-03-29,1896.9599609375,1907.8399658203125,1866.8800048828125,1872.6400146484375,-0.030804911849095173,-0.031289357994307966
2019-04-01,1854.0799560546875,1867.52001953125,1832.9599609375,1839.3599853515625,-0.017771717487903183,-0.01793153072732244
2019-04-02,1845.760009765625,1854.719970703125,1825.9200439453125,1834.239990234375,-0.002783574263854005,-0.002787455611047222
2019-04-03,1804.800048828125,1874.239990234375,1799.6800537109375,1847.0400390625,0.006978393719618614,0.006954157418473082
2019-04-04,1836.800048828125,1859.8399658203125,1815.0400390625,1828.47998046875,-0.010048541559050661,-0.010099368933432207
2019-04-05,1806.0799560546875,1818.8800048828125,1790.0799560546875,1792.0,-0.019950987081301275,-0.020152695385791317
2019-04-08,1796.47998046875,1809.9200439453125,1779.52001953125,1783.6800537109375,-0.004642827170235786,-0.004653638568918473
2019-04-09,1807.3599853515625,1857.9200439453125,1797.1199951171875,1847.0400390625,0.03552205745629222,0.034905702888141814
2019-04-10,1829.760009765625,1843.199951171875,1792.0,1795.199951171875,-0.028066575057537735,-0.028467969724989967
2019-04-11,1770.8800048828125,1783.6800537109375,1754.239990234375,1760.0,-0.019607816471305606,-0.0198026000969118
2019-04-12,1724.800048828125,1726.0799560546875,1674.56005859375,1680.6400146484375,-0.045090900767933206,-0.046139127081887825
2019-04-15,1655.6800537109375,1725.43994140625,1651.199951171875,1658.8800048828125,-0.012947454288821492,-0.013032003163124518
2019-04-16,1648.0,1657.5999755859375,1626.8800048828125,1645.43994140625,-0.00810189009271467,-0.008134888759491832
2019-04-17,1617.9200439453125,1685.760009765625,1615.3599853515625,1656.9599609375,0.007001178980379219,0.006976784520624898
2019-04-18,1651.199951171875,1684.47998046875,1627.52001953125,1630.719970703125,-0.0158362246843482,-0.01596295745029118
2019-04-22,1648.0,1661.43994140625,1614.719970703125,1616.0,-0.009026669794678588,-0.009067657016986419
2019-04-23,1606.4000244140625,1615.3599853515625,1591.0400390625,1603.199951171875,-0.007920822294631757,-0.007952358647160237
2019-04-24,1605.760009765625,1644.800048828125,1602.56005859375,1644.800048828125,0.0259481654960394,0.02561722451332523
2019-04-25,1658.8800048828125,1723.8399658203125,1640.9599609375,1676.800048828125,0.01945525234073231,0.01926841829934348
2019-04-26,1658.239990234375,1684.47998046875,1616.6400146484375,1618.56005859375,-0.034732817592102005,-0.035350343003843786
2019-04-29,1628.800048828125,1644.800048828125,1615.0400390625,1643.52001953125,0.015421090372874868,0.01530339382251896
2019-04-30,1637.1199951171875,1690.239990234375,1632.0,1643.52001953125,0.0,0.0
2019-05-01,1624.9599609375,1706.8800048828125,1616.0,1705.5999755859375,0.03777255848236849,0.03707664559223998
2019-05-02,1705.5999755859375,1775.3599853515625,1680.6400146484375,1708.1600341796875,0.0015009724615353548,0.00149984712829228
2019-05-03,1663.3599853515625,1666.56005859375,1619.8399658203125,1626.8800048828125,-0.047583380755017,-0.04875271466344136
2019-05-06,1789.43994140625,1806.0799560546875,1706.239990234375,1719.0400390625,0.05664832925789498,0.055101945055886475
2019-05-07,1818.239990234375,2052.47998046875,1800.9599609375,2005.1199951171875,0.16641843677515777,0.15393788871039818
2019-05-08,1983.3599853515625,2018.56005859375,1895.0400390625,1965.43994140625,-0.019789366126498842,-0.019987797888224468
2019-05-09,2073.60009765625,2130.56005859375,1949.43994140625,1955.199951171875,-0.0052100244930650685,-0.005223643996567869
2019-05-10,1976.3199462890625,2024.9599609375,1804.1600341796875,1804.1600341796875,-0.07725036863961654,-0.08039733657318344
2019-05-13,2026.8800048828125,2085.760009765625,1972.47998046875,2076.800048828125,0.15111742278029183,0.14073314259037756
2019-05-14,1999.3599853515625,2012.1600341796875,1934.719970703125,1961.5999755859375,-0.05546998773771761,-0.05706781672510392
2019-05-15,2016.0,2029.9520263671875,1873.280029296875,1879.0400390625,-0.04208805951823924,-0.04299942540137046
2019-05-16,1864.3199462890625,1865.5999755859375,1786.239990234375,1798.4000244140625,-0.04291553823870131,-0.04386363461972049
2019-05-17,1871.3599853515625,1872.6400146484375,1774.719970703125,1825.280029296875,0.014946621729261977,0.014836021681579591
2019-05-20,1875.8399658203125,1907.199951171875,1817.5999755859375,1852.1600341796875,0.01472651015261861,0.014619128060583414
2019-05-21,1792.0,1793.280029296875,1752.9599609375,1758.719970703125,-0.05044923859289874,-0.05176628896121637
2019-05-22,1766.4000244140625,1772.1600341796875,1723.52001953125,1742.0799560546875,-0.009461434978636718,-0.009506478698533868
2019-05-23,1808.0,1888.0,1808.0,1857.280029296875,0.06612789088227777,0.06403329123256934
2019-05-24,1802.8800048828125,1843.199951171875,1784.3199462890625,1818.8800048828125,-0.0206754090973561,-0.020892137876646552
2019-05-28,1806.0799560546875,1873.280029296875,1776.6400146484375,1873.280029296875,0.029908528472480267,0.029469990989670333
2019-05-29,1912.9599609375,1943.6800537109375,1876.47998046875,1909.760009765625,0.01947385329380924,0.019286664105954456
2019-05-30,1863.0400390625,1912.3199462890625,1846.0799560546875,1875.8399658203125,-0.017761417021961434,-0.017921043947298005
2019-05-31,1966.719970703125,1976.9599609375,1913.9200439453125,1946.8800048828125,0.03787105529092072,0.03717155283736873
2019-06-03,1945.5999755859375,2010.239990234375,1908.47998046875,1966.719970703125,0.010190646455124908,0.010139071906915056
2019-06-04,1907.8399658203125,1935.3599853515625,1856.0,1857.280029296875,-0.05564591962073984,-0.057254098015963796
2019-06-05,1833.5999755859375,1877.1199951171875,1811.8399658203125,1821.43994140625,-0.019297083544366322,-0.019485702737327165
2019-06-06,1807.3599853515625,1827.199951171875,1777.280029296875,1782.4000244140625,-0.021433546121782387,-0.021666580422199856
2019-06-07,1777.280029296875,1802.3680419921875,1766.4000244140625,1795.8399658203125,0.00754036199627417,0.007512075571022587
2019-06-10,1773.43994140625,1807.3599853515625,1767.0400390625,1783.0400390625,-0.007127543100404088,-0.007153065382144185
2019-06-11,1753.5999755859375,1811.199951171875,1747.199951171875,1786.239990234375,0.0017946603002574335,0.0017930518216217385
2019-06-12,1799.0400390625,1811.199951171875,1770.239990234375,1777.9200439453125,-0.004657798691412585,-0.004668680037632012
2019-06-13,1756.800048828125,1785.9200439453125,1749.1199951171875,1767.0400390625,-0.006119513034269608,-0.0061383139952179405
2019-06-14,1779.199951171875,1795.8399658203125,1745.9200439453125,1748.47998046875,-0.010503473709399969,-0.010559024516067755
2019-06-17,1746.56005859375,1751.0400390625,1720.447998046875,1729.9200439453125,-0.010614897928921008,-0.010671637840727343
2019-06-18,1698.56005859375,1726.719970703125,1686.4000244140625,1716.47998046875,-0.007769181889996868,-0.007799519216577445
2019-06-19,1705.5999755859375,1723.52001953125,1656.3199462890625,1659.52001953125,-0.03318416852257422,-0.03374725515507852
2019-06-20,1629.43994140625,1716.47998046875,1616.6400146484375,1664.6400146484375,0.0030852264853264977,0.003080476940533716
2019-06-21,1676.800048828125,1715.8399658203125,1656.6400146484375,1703.6800537109375,0.02345254152186471,0.02318175623306559
2019-06-24,1692.800048828125,1697.280029296875,1672.9599609375,1688.3199462890625,-0.009015840379429041,-0.009056729017465494
2019-06-25,1689.5999755859375,1739.583984375,1687.6800537109375,1731.199951171875,0.02539803250981132,0.025080861611781226
2019-06-26,1697.280029296875,1731.199951171875,1688.9599609375,1717.760009765625,-0.007763367482278571,-0.007793659299130601
2019-06-27,1705.5999755859375,1714.8800048828125,1676.800048828125,1690.8800048828125,-0.015648288893673867,-0.0157720158066601
2019-06-28,1672.3199462890625,1683.199951171875,1655.6800537109375,1664.0,-0.01589705053297108,-0.016024763960431676
2019-07-01,1571.199951171875,1605.1199951171875,1565.43994140625,1571.8399658203125,-0.05538463592529297,-0.05697745648755755
2019-07-02,1574.4000244140625,1574.4000244140625,1511.0400390625,1513.5999755859375,-0.03705211185668045,-0.037755982725780804
2019-07-03,1514.8800048828125,1528.3199462890625,1498.8800048828125,1504.6400146484375,-0.005919636021420649,-0.005937226520655717
2019-07-05,1536.6400146484375,1581.43994140625,1504.0,1509.1199951171875,0.002977443391864565,0.002973019586200667
2019-07-08,1543.6800537109375,1566.0799560546875,1529.5999755859375,1550.719970703125,0.027565717584112415,0.027192624062311755
2019-07-09,1597.43994140625,1597.43994140625,1550.0799560546875,1555.199951171875,0.0028889680621826397,0.0028848030138166995
2019-07-10,1534.719970703125,1535.16796875,1503.6800537109375,1507.8399658203125,-0.030452666434226505,-0.030925982834411593
2019-07-11,1486.719970703125,1510.4000244140625,1473.5999755859375,1482.8800048828125,-0.01655345494435212,-0.016691994378330455
2019-07-12,1472.6400146484375,1484.1600341796875,1456.0,1459.199951171875,-0.015968961502592305,-0.01609783923893708
2019-07-15,1452.1600341796875,1467.52001953125,1445.1199951171875,1453.43994140625,-0.003947375245592077,-0.003955186694513187
2019-07-16,1446.4000244140625,1465.5999755859375,1426.56005859375,1457.9200439453125,0.0030824132538478377,0.003077672357882759
2019-07-17,1445.1199951171875,1495.0400390625,1436.1600341796875,1495.0400390625,0.025460926524294214,0.02514219592658192
2019-07-18,1493.760009765625,1517.760009765625,1453.43994140625,1479.3599853515625,-0.010488049350684925,-0.010543436549775456
2019-07-19,1450.8800048828125,1499.52001953125,1445.760009765625,1496.3199462890625,0.011464390753728182,0.011399172610252795
2019-07-22,1494.4000244140625,1502.719970703125,1455.3599853515625,1466.239990234375,-0.02010262319184286,-0.02030743034348092
2019-07-23,1440.6400146484375,1464.3199462890625,1413.1199951171875,1414.4000244140625,-0.03535571677595972,-0.03599586402030533
2019-07-24,1429.760009765625,1431.6800537109375,1370.239990234375,1378.56005859375,-0.025339341912949842,-0.0256659115529483
2019-07-25,1386.239990234375,1446.4000244140625,1386.239990234375,1420.800048828125,0.03064066013740696,0.03018060901304284
2019-07-26,1394.56005859375,1397.1199951171875,1373.43994140625,1384.9599609375,-0.02522528621827247,-0.02554889747138049
2019-07-29,1388.1600341796875,1408.0,1381.760009765625,1397.1199951171875,0.008780061895403923,0.008741741293445059
2019-07-30,1424.6400146484375,1438.0799560546875,1404.1600341796875,1429.760009765625,0.023362355962631254,0.023093633404369495
2019-07-31,1427.8399658203125,1557.760009765625,1403.52001953125,1509.760009765625,0.05595344635014232,0.054444099416603595
2019-08-01,1512.9599609375,1672.9599609375,1443.52001953125,1628.800048828125,0.07884699441799348,0.07589287308659284
2019-08-02,1632.0,1708.1600341796875,1617.280029296875,1642.239990234375,0.008251437256475702,0.008217580266457063
2019-08-05,1758.0799560546875,1896.0,1745.9200439453125,1875.199951171875,0.1418550043372484,0.13265413674316906
2019-08-06,1806.0799560546875,1898.8800048828125,1758.719970703125,1758.719970703125,-0.06211603215750816,-0.06412903928805026
2019-08-07,1884.1600341796875,1925.760009765625,1758.719970703125,1767.6800537109375,0.005094661547642598,0.005081727670052793
2019-08-08,1731.8399658203125,1754.239990234375,1655.6800537109375,1662.719970703125,-0.05937730800744567,-0.06121318474353012
2019-08-09,1691.52001953125,1757.760009765625,1675.52001953125,1723.52001953125,0.03656661969508557,0.035913924533089406
2019-08-12,1750.4000244140625,1855.3599853515625,1744.0,1848.9599609375,0.07278124999114666,0.07025457519570814
2019-08-13,1878.4000244140625,1881.5999755859375,1709.43994140625,1712.6400146484375,-0.07372790604937851,-0.07658724953824163
2019-08-14,1829.760009765625,1952.0,1796.47998046875,1949.760009765625,0.13845291076295574,0.12967024489592632
2019-08-15,1902.0799560546875,1984.0,1879.8079833984375,1898.8800048828125,-0.02609552182215935,-0.026442051834939417
2019-08-16,1861.760009765625,1864.9599609375,1789.43994140625,1793.9200439453125,-0.05527466752380572,-0.05686104720064367
2019-08-19,1718.4000244140625,1727.8079833984375,1656.3199462890625,1662.719970703125,-0.0731359648302069,-0.07594839605089941
2019-08-20,1680.6400146484375,1714.56005859375,1664.6400146484375,1702.4000244140625,0.023864543885978362,0.02358423650601586
2019-08-21,1633.9200439453125,1646.719970703125,1616.0,1619.199951171875,-0.048872222773154395,-0.050106864550855994
2019-08-22,1605.760009765625,1693.43994140625,1604.800048828125,1648.0,0.017786591956899134,0.017630261531980752
2019-08-23,1704.3199462890625,1885.43994140625,1629.43994140625,1853.43994140625,0.12466015862029733,0.11748090879425671
2019-08-26,1761.9200439453125,1854.0799560546875,1756.1600341796875,1798.4000244140625,-0.029696088749672334,-0.030145945988866763
2019-08-27,1768.3199462890625,1880.9599609375,1762.56005859375,1834.8800048828125,0.020284686373175376,0.020081692641250738
2019-08-28,1877.1199951171875,1904.0,1792.0,1793.280029296875,-0.0226717689850211,-0.02293272531049167
2019-08-29,1739.52001953125,1756.1600341796875,1701.1199951171875,1718.4000244140625,-0.0417558906916351,-0.04265272208358187
2019-08-30,1683.199951171875,1768.9599609375,1683.199951171875,1728.0,0.005586577891961486,0.005571030842016979
2019-09-03,1792.0,1820.800048828125,1761.280029296875,1804.1600341796875,0.04407409385398586,0.043130458066623405
2019-09-04,1733.760009765625,1765.760009765625,1691.52001953125,1692.800048828125,-0.061724006319758384,-0.06371113692205269
2019-09-05,1650.56005859375,1654.4000244140625,1609.5999755859375,1630.0799560546875,-0.03705109343354329,-0.03775492511652578
2019-09-06,1608.9599609375,1620.1600341796875,1574.4000244140625,1582.0799560546875,-0.02944640833212575,-0.029888657219806155
2019-09-09,1553.280029296875,1608.9599609375,1550.0799560546875,1566.719970703125,-0.009708728874782357,-0.009756165867939072
2019-09-10,1588.47998046875,1611.52001953125,1557.760009765625,1561.5999755859375,-0.00326797080073582,-0.003273322279477878
2019-09-11,1559.6800537109375,1565.43994140625,1527.0400390625,1537.280029296875,-0.015573736340471767,-0.01569628095570861
2019-09-12,1508.47998046875,1529.5999755859375,1482.8800048828125,1500.800048828125,-0.023730211655345168,-0.024016308282423016
2019-09-13,1482.239990234375,1493.1199951171875,1460.47998046875,1477.1199951171875,-0.015778286874009395,-0.0159040890927507
2019-09-16,1510.4000244140625,1514.8800048828125,1472.6400146484375,1498.8800048828125,0.014731375810736802,0.014623923092943388
2019-09-17,1503.3599853515625,1518.719970703125,1490.56005859375,1491.8399658203125,-0.004696866353254503,-0.004707931290641188
2019-09-18,1478.4000244140625,1516.2879638671875,1440.0,1443.8399658203125,-0.032175032912197365,-0.03270402717947963
2019-09-19,1424.0,1428.1600341796875,1395.199951171875,1417.5999755859375,-0.018173752531823628,-0.018340923688056236
2019-09-20,1402.8800048828125,1502.719970703125,1397.1199951171875,1490.56005859375,0.051467328064573215,0.050186643937104106
2019-09-23,1496.3199462890625,1500.1600341796875,1452.800048828125,1477.760009765625,-0.008587408977133726,-0.008624493231337921
2019-09-24,1441.280029296875,1557.760009765625,1436.800048828125,1546.239990234375,0.04634039357961184,0.04529873677608916
2019-09-25,1542.4000244140625,1598.0799560546875,1497.5999755859375,1511.0400390625,-0.022764869227408502,-0.023027989802068615
2019-09-26,1507.199951171875,1552.6400146484375,1505.9200439453125,1523.8399658203125,0.008470938179609089,0.008435261119978289
2019-09-27,1504.6400146484375,1607.3599853515625,1496.3199462890625,1565.43994140625,0.027299438601837256,0.02693345476065318
2019-09-30,1547.52001953125,1549.43994140625,1502.719970703125,1519.3599853515625,-0.029435786602770242,-0.029877713289120547
2019-10-01,1480.3199462890625,1587.199951171875,1475.199951171875,1586.56005859375,0.044229197747786,0.04327900343808271
2019-10-02,1630.719970703125,1712.6400146484375,1630.0799560546875,1692.800048828125,0.06696247624470075,0.06481580417048452
2019-10-03,1687.0400390625,1734.4000244140625,1627.52001953125,1628.1600341796875,-0.038185262750426885,-0.03893342768414768
2019-10-04,1616.0,1617.280029296875,1539.199951171875,1541.760009765625,-0.05306605161672162,-0.054525936503896096
2019-10-07,1562.8800048828125,1579.52001953125,1520.6400146484375,1553.280029296875,0.00747199269554355,0.007444215638950544
2019-10-08,1612.800048828125,1681.280029296875,1595.52001953125,1679.3599853515625,0.08117013910991977,0.07804391675345079
2019-10-09,1628.800048828125,1653.1199951171875,1584.6400146484375,1623.0400390625,-0.03353655367540054,-0.034111801716741816
2019-10-10,1620.47998046875,1625.5999755859375,1558.719970703125,1563.52001953125,-0.03667193544136471,-0.03736125587502121
2019-10-11,1516.800048828125,1524.47998046875,1447.6800537109375,1473.280029296875,-0.05771591607853499,-0.05944847458228134
2019-10-14,1478.4000244140625,1479.0400390625,1423.3599853515625,1425.280029296875,-0.03258036425221078,-0.03312292135476532
2019-10-15,1397.760009765625,1401.5999755859375,1367.0400390625,1388.1600341796875,-0.02604400142721408,-0.0263891523633682
2019-10-16,1386.239990234375,1400.3199462890625,1367.6800537109375,1370.8800048828125,-0.012448153578406673,-0.012526280879667952
2019-10-17,1357.43994140625,1371.52001953125,1341.760009765625,1362.56005859375,-0.0060690551028743656,-0.006087546673330881
2019-10-18,1368.3199462890625,1392.6400146484375,1345.9200439453125,1359.3599853515625,-0.0023485740844996217,-0.0023513363103236373
2019-10-21,1344.0,1349.1199951171875,1322.239990234375,1323.52001953125,-0.02636532353940335,-0.026719121200479427
2019-10-22,1317.1199951171875,1345.9200439453125,1306.8800048828125,1344.6400146484375,0.01595744288376344,0.015831461353578706
2019-10-23,1353.5999755859375,1354.8800048828125,1327.0400390625,1328.0,-0.012375070254612375,-0.012452279074149081
2019-10-24,1316.47998046875,1340.800048828125,1306.8800048828125,1309.43994140625,-0.013975947736257543,-0.014074530900409898
2019-10-25,1316.47998046875,1318.4000244140625,1265.9200439453125,1266.56005859375,-0.03274673504036385,-0.03329490989970472
2019-10-28,1261.43994140625,1283.199951171875,1257.5999755859375,1278.719970703125,0.009600738651806218,0.00955494443271975
2019-10-29,1290.8800048828125,1297.280029296875,1269.43994140625,1277.43994140625,-0.0010010239350302097,-0.0010015252940990052
2019-10-30,1278.0799560546875,1309.1199951171875,1243.8399658203125,1246.0799560546875,-0.02454908785538701,-0.024855440897952576
2019-10-31,1259.52001953125,1292.800048828125,1250.56005859375,1264.0,0.014381134900885995,0.014278707229870053
2019-11-01,1226.239990234375,1233.280029296875,1205.760009765625,1207.6800537109375,-0.044556919532486194,-0.04558008749219513
2019-11-04,1191.0400390625,1219.8399658203125,1186.8800048828125,1209.5999755859375,0.0015897603583834297,0.001588498027077308
2019-11-05,1216.0,1237.1199951171875,1212.800048828125,1234.56005859375,0.020634989675592186,0.020424972496864664
2019-11-06,1236.47998046875,1254.8480224609375,1226.239990234375,1230.0799560546875,-0.0036289061094084696,-0.003635506562304799
2019-11-07,1205.1199951171875,1228.1600341796875,1203.199951171875,1218.56005859375,-0.009365161511846742,-0.009409290368935648
2019-11-08,1221.760009765625,1233.9200439453125,1192.0,1192.9599609375,-0.021008482491862712,-0.02123230093437536
2019-11-11,1216.0,1221.1199951171875,1177.5999755859375,1188.47998046875,-0.0037553485577415113,-0.003762417582453976
2019-11-12,1179.52001953125,1185.9200439453125,1164.800048828125,1174.4000244140625,-0.01184702837748619,-0.011917763641688077
2019-11-13,1187.199951171875,1192.3199462890625,1169.9200439453125,1182.719970703125,0.007084422782785316,0.0070594461536564075
2019-11-14,1185.9200439453125,1196.1600341796875,1163.52001953125,1163.52001953125,-0.016233725351285533,-0.016366935907097094
2019-11-15,1145.5999755859375,1150.719970703125,1112.3199462890625,1113.5999755859375,-0.0429043274781159,-0.04385192123874369
2019-11-18,1114.239990234375,1125.1199951171875,1104.6400146484375,1112.3199462890625,-0.0011494516208133687,-0.0011501127469979314
2019-11-19,1106.56005859375,1130.239990234375,1102.0799560546875,1124.47998046875,0.010932137124984642,0.010872813279928579
2019-11-20,1128.3199462890625,1176.9599609375,1112.3199462890625,1136.0,0.010244752891418907,0.010192631091558558
2019-11-21,1128.9599609375,1160.9599609375,1125.760009765625,1138.56005859375,0.0022535727057657606,0.002251037219349816
2019-11-22,1120.6400146484375,1132.800048828125,1104.6400146484375,1105.9200439453125,-0.028667802284186528,-0.029086750028436036
2019-11-25,1081.5999755859375,1081.5999755859375,1053.43994140625,1057.9200439453125,-0.043402776053106384,-0.04437284974005348
2019-11-26,1049.5999755859375,1056.0,1036.800048828125,1042.56005859375,-0.01451904181178032,-0.014625474556531562
2019-11-27,1033.9200439453125,1038.0799560546875,1030.4000244140625,1037.43994140625,-0.004911100463992679,-0.004923199547340258
2019-11-29,1046.4000244140625,1058.56005859375,1041.9200439453125,1058.56005859375,0.02035791793293762,0.020153465679448753
2019-12-02,1057.280029296875,1128.3199462890625,1053.43994140625,1113.5999755859375,0.05199508194679625,0.050688439349073605
2019-12-03,1199.3599853515625,1218.56005859375,1171.8399658203125,1178.239990234375,0.058045991438196776,0.0564238026597352
2019-12-04,1141.760009765625,1150.719970703125,1109.760009765625,1123.8399658203125,-0.046170580582009624,-0.047270429163004585
2019-12-05,1106.56005859375,1144.3199462890625,1104.6400146484375,1109.1199951171875,-0.013097924215909718,-0.013184458468571901
2019-12-06,1066.8800048828125,1086.0799560546875,1061.1199951171875,1070.719970703125,-0.03462206486504216,-0.035235611688207394
2019-12-09,1075.199951171875,1127.3599853515625,1069.760009765625,1126.4000244140625,0.05200244250079056,0.05069543608163513
2019-12-10,1120.0,1150.0799560546875,1105.280029296875,1128.3199462890625,0.0017044760594697728,0.0017030250886804583
2019-12-11,1116.1600341796875,1122.56005859375,1095.0400390625,1102.0799560546875,-0.023255806405510948,-0.023530489682502976
2019-12-12,1099.52001953125,1106.56005859375,1035.52001953125,1036.800048828125,-0.05923336765896425,-0.06106016979133436
2019-12-13,1032.3199462890625,1058.56005859375,992.6400146484375,993.9199829101562,-0.041358086321885534,-0.04223766936715529
2019-12-16,964.47998046875,973.4400024414062,952.3200073242188,972.7999877929688,-0.021249190558931152,-0.021478204662325587
2019-12-17,963.2000122070312,977.9199829101562,958.0800170898438,965.760009765625,-0.0072368196090499826,-0.0072631324122719556
2019-12-18,954.239990234375,976.0,951.552001953125,975.3599853515625,0.009940332472730296,0.009891252348394611
2019-12-19,971.52001953125,976.0,951.0399780273438,951.0399780273438,-0.024934391085823293,-0.025250519054213317
2019-12-20,947.8400268554688,962.5599975585938,944.6400146484375,962.5599975585938,0.012113075998282374,0.012040299799532316
2019-12-23,960.0,968.3200073242188,958.0800170898438,965.760009765625,0.003324480775377836,0.0033189669062865237
2019-12-24,961.9199829101562,966.4639892578125,953.5999755859375,956.1599731445312,-0.00994039567182281,-0.009990131273735353
2019-12-26,948.47998046875,956.7999877929688,947.2000122070312,954.8800048828125,-0.0013386549297910166,-0.0013395517287270997
2019-12-27,951.0399780273438,984.9600219726562,950.4000244140625,974.719970703125,0.02077744399176873,0.020564536961211397
2019-12-30,983.0399780273438,1021.4400024414062,982.4000244140625,1008.6400146484375,0.03479978349150259,0.034207962102330694
2019-12-31,1022.0800170898438,1027.8399658203125,963.8400268554688,967.6799926757812,-0.040609158250511146,-0.041456735770148995
2020-01-02,941.4400024414062,962.5599975585938,928.0,928.6400146484375,-0.040343892942740656,-0.04118028051237128
2020-01-03,1002.8800048828125,1007.3599853515625,956.7999877929688,978.5599975585938,0.053756011072874976,0.052360934775902146
2020-01-06,1007.3599853515625,1010.6240234375,965.1199951171875,965.1199951171875,-0.013734469501039959,-0.013829659925544276
2020-01-07,970.239990234375,983.0399780273438,950.4000244140625,960.6400146484375,-0.004641889600687454,-0.004652696626536024
2020-01-08,954.239990234375,960.0,917.1199951171875,947.2000122070312,-0.01399067521284214,-0.014089467236433678
2020-01-09,920.3200073242188,929.280029296875,906.8800048828125,907.52001953125,-0.041891883619516124,-0.04279465103201454
2020-01-10,906.239990234375,914.239990234375,893.4400024414062,903.6799926757812,-0.004231341207714845,-0.004240318665330372
2020-01-13,893.4400024414062,903.0399780273438,879.3599853515625,880.6400146484375,-0.025495726600212487,-0.02582637482116328
2020-01-14,882.5599975585938,889.5999755859375,864.6400146484375,874.239990234375,-0.007267469462669651,-0.007294006166824438
2020-01-15,874.239990234375,877.4400024414062,864.6400146484375,871.6799926757812,-0.002928254926782059,-0.0029325506532779156
2020-01-16,858.8800048828125,861.1199951171875,848.6400146484375,850.5599975585938,-0.02422906949183934,-0.024527422464147033
2020-01-17,850.5599975585938,867.8400268554688,848.0,852.47998046875,0.002257316257133324,0.002254772346345813
2020-01-21,864.0,865.280029296875,841.5999755859375,859.52001953125,0.00825830426965446,0.008224391057436518
2020-01-22,842.8800048828125,866.5599975585938,842.8800048828125,866.5599975585938,0.008190592269372798,0.008157231408190429
2020-01-23,880.0,894.0800170898438,860.7999877929688,863.3599853515625,-0.003692776283288901,-0.0036996114138886666
2020-01-24,849.280029296875,929.9199829101562,845.4400024414062,911.3599853515625,0.05559673926798259,0.05410623665778072
2020-01-27,990.0800170898438,1006.719970703125,967.6799926757812,1005.4400024414062,0.10323035748991316,0.09824256478505977
2020-01-28,981.1199951171875,988.7999877929688,944.6400146484375,949.1199951171875,-0.05601528404227274,-0.05764530369045408
2020-01-29,932.47998046875,965.760009765625,922.8800048828125,950.4000244140625,0.0013486485412383953,0.0013477399316327691
2020-01-30,986.8800048828125,1008.0,934.4000244140625,934.4000244140625,-0.01683501640255558,-0.016978336094551457
2020-01-31,954.239990234375,1068.800048828125,954.239990234375,1036.800048828125,0.1095890643606039,0.10398973449101143
2020-02-03,1010.5599975585938,1025.280029296875,974.0800170898438,997.1199951171875,-0.03827165494039775,-0.039023253787678715
2020-02-04,954.239990234375,960.6400146484375,935.0399780273438,949.1199951171875,-0.04813863951686048,-0.04933588454041396
2020-02-05,914.5599975585938,942.719970703125,908.7999877929688,908.7999877929688,-0.04248146444248124,-0.04341019983009028
2020-02-06,901.1199951171875,920.3200073242188,896.0,901.760009765625,-0.007746454799631319,-0.007776614435076793
2020-02-07,928.0,938.8800048828125,905.5999755859375,920.3200073242188,0.020581970100246094,0.02037302351113427
2020-02-10,928.6400146484375,928.6400146484375,898.5599975585938,902.4000244140625,-0.019471469453606338,-0.019663535812527094
2020-02-11,888.3200073242188,907.52001953125,883.2000122070312,903.6799926757812,0.0014184045069700613,0.0014173995215023996
2020-02-12,887.0399780273438,891.52001953125,856.3200073242188,857.5999755859375,-0.05099152074109947,-0.05233754547123984
2020-02-13,885.760009765625,894.0159912109375,865.9199829101562,876.1599731445312,0.021641788814083185,0.021410930160052438
2020-02-14,867.8400268554688,884.1599731445312,862.0800170898438,865.280029296875,-0.012417759520111593,-0.012495504175950424
2020-02-18,881.9199829101562,897.9199829101562,868.47998046875,880.6400146484375,0.017751461759777376,0.017595744665974633
2020-02-19,864.6400146484375,874.239990234375,858.8800048828125,867.8400268554688,-0.014534869617614077,-0.014641535681618526
2020-02-20,871.0399780273438,927.3599853515625,864.0,898.5599975585938,0.03539819523470911,0.034786082423210955
2020-02-21,926.719970703125,979.2000122070312,917.760009765625,953.5999755859375,0.0612535369668008,0.059450791468773856
2020-02-24,1098.239990234375,1136.0,1046.4000244140625,1130.8800048828125,0.18590607575041695,0.17050710329989754
2020-02-25,1091.8399658203125,1270.4000244140625,1083.52001953125,1237.760009765625,0.09451047363233545,0.0903072072655891
2020-02-26,1198.0799560546875,1256.9599609375,1156.47998046875,1211.52001953125,-0.021199578292518617,-0.021427516572395958
2020-02-27,1321.5999755859375,1408.0,1287.0400390625,1408.0,0.16217642077823058,0.1502944720158072
2020-02-28,1581.43994140625,1600.0,1451.52001953125,1459.8399658203125,0.03681815754283568,0.03615655952466993
2020-03-02,1420.800048828125,1510.719970703125,1402.239990234375,1409.9200439453125,-0.034195475561561994,-0.034793820900077675
2020-03-03,1404.800048828125,1605.1199951171875,1349.43994140625,1564.800048828125,0.10985020430620951,0.10422505514204014
2020-03-04,1497.5999755859375,1554.56005859375,1455.3599853515625,1472.0,-0.05930473283000137,-0.0611360311957985
2020-03-05,1611.52001953125,1771.52001953125,1576.9599609375,1707.52001953125,0.1600000132685122,0.1484200165566458
2020-03-06,2026.239990234375,2091.52001953125,1871.3599853515625,1908.47998046875,0.11769113019984845,0.11126506661686723
2020-03-09,2601.60009765625,2634.8798828125,2250.239990234375,2365.43994140625,0.23943660170082803,0.21465692290005903
2020-03-10,2112.0,2378.239990234375,2097.280029296875,2183.0400390625,-0.07711035023586921,-0.08024560767854197
2020-03-11,2357.760009765625,2524.800048828125,2326.39990234375,2474.239990234375,0.13339194241115693,0.12521485550908606
2020-03-12,2886.39990234375,3121.919921875,2659.199951171875,3031.0400390625,0.2250388204158731,0.20297253362997517
2020-03-13,2695.679931640625,3163.52001953125,2689.280029296875,2764.800048828125,-0.08783783348395591,-0.091937490552541
2020-03-16,3520.0,3966.080078125,3298.56005859375,3789.43994140625,0.37060180645339047,0.3152499181706077
2020-03-17,3685.1201171875,4007.679931640625,3470.719970703125,3744.639892578125,-0.011822340377691809,-0.011892779967999718
2020-03-18,4220.7998046875,5045.759765625,3958.39990234375,4416.0,0.17928562603643416,0.16490885348395137
2020-03-19,4723.2001953125,4921.60009765625,3577.60009765625,3968.0,-0.10144927536231885,-0.10697211955216783
2020-03-20,3800.320068359375,4037.1201171875,3361.280029296875,3875.199951171875,-0.023387109079668567,-0.023664927646146465
2020-03-23,3671.679931640625,3778.56005859375,3152.0,3272.320068359375,-0.1555738775828036,-0.16909802741685087
2020-03-24,2679.0400390625,3055.360107421875,2528.0,3017.60009765625,-0.07784078738692346,-0.08103738854040318
2020-03-25,3083.52001953125,3370.8798828125,3050.8798828125,3257.60009765625,0.07953340145581467,0.07652891209276029
2020-03-26,3145.60009765625,3181.43994140625,2919.0400390625,2919.679931640625,-0.10373285728311121,-0.10951676009152017
2020-03-27,3221.760009765625,3246.080078125,3098.239990234375,3238.39990234375,0.10916264048300328,0.10360535269477884
2020-03-30,3233.280029296875,3321.60009765625,3109.1201171875,3112.320068359375,-0.03893275623344927,-0.03971089975789404
2020-03-31,3136.0,3152.639892578125,2906.8798828125,2960.0,-0.04894100382152178,-0.050179182421381634
2020-04-01,3162.8798828125,3256.9599609375,3011.840087890625,3214.080078125,0.08583786423141881,0.08235191407811557
2020-04-02,3173.1201171875,3225.60009765625,3021.1201171875,3031.0400390625,-0.05694943331009983,-0.05863537457330899
2020-04-03,3008.0,3062.39990234375,2880.0,2908.800048828125,-0.04032938815027454,-0.04116516605340657
2020-04-06,2695.0400390625,2756.47998046875,2657.280029296875,2701.43994140625,-0.07128716444618277,-0.07395569930524815
2020-04-07,2618.239990234375,2794.239990234375,2609.919921875,2778.239990234375,0.0284293008521026,0.028032687691875814
2020-04-08,2741.760009765625,2798.080078125,2682.8798828125,2713.60009765625,-0.023266489866007545,-0.023541427570840594
2020-04-09,2696.320068359375,2744.9599609375,2648.0,2660.47998046875,-0.019575514178887365,-0.019769652302325913
2020-04-13,2643.199951171875,2715.52001953125,2599.679931640625,2605.43994140625,-0.020688010985447258,-0.020905005897412163
2020-04-14,2457.60009765625,2471.679931640625,2368.0,2394.239990234375,-0.08106114741523562,-0.08453569574462816
2020-04-15,2560.0,2651.52001953125,2516.800048828125,2586.239990234375,0.08019246223566956,0.07713923103313372
2020-04-16,2613.760009765625,2683.52001953125,2581.1201171875,2607.360107421875,0.008166340814174111,0.008133176683749584
2020-04-17,2499.840087890625,2586.8798828125,2483.840087890625,2499.199951171875,-0.041482630627860395,-0.0423675952499457
2020-04-20,2634.8798828125,2752.0,2568.320068359375,2741.760009765625,0.09705508295965415,0.09262939239316405
2020-04-21,2946.56005859375,3081.60009765625,2926.080078125,2970.8798828125,0.08356671343618483,0.08025811225955026
2020-04-22,2862.080078125,2917.1201171875,2797.43994140625,2828.159912109375,-0.048039630120627286,-0.04923187333522239
2020-04-23,2782.719970703125,2872.320068359375,2732.800048828125,2819.840087890625,-0.0029417799832063274,-0.002946115522831305
2020-04-24,2762.8798828125,2803.199951171875,2653.50390625,2657.280029296875,-0.05764867989920408,-0.059377122660083624
2020-04-27,2589.43994140625,2590.080078125,2426.239990234375,2461.43994140625,-0.07369945422818114,-0.07655653352679943
2020-04-28,2374.39990234375,2532.22412109375,2365.43994140625,2500.47998046875,0.01586065067270992,0.015736184900008676
2020-04-29,2359.0400390625,2368.639892578125,2294.39990234375,2349.1201171875,-0.06053232357928151,-0.06244186580753354
2020-04-30,2399.360107421875,2510.080078125,2396.159912109375,2423.679931640625,0.031739464452074095,0.031246178260471963
2020-05-01,2630.39990234375,2692.47998046875,2579.840087890625,2636.159912109375,0.08766833346881708,0.08403626139867296
2020-05-04,2725.1201171875,2752.0,2571.52001953125,2576.639892578125,-0.02257830386458759,-0.022837096586626218
2020-05-05,2476.800048828125,2492.800048828125,2403.840087890625,2474.8798828125,-0.03949329902821863,-0.04029432025254012
2020-05-06,2430.719970703125,2513.60009765625,2413.248046875,2509.43994140625,0.013964337757869316,0.013867734686483047
2020-05-07,2424.320068359375,2438.080078125,2379.52001953125,2398.080078125,-0.044376381137396614,-0.04539114757116575
2020-05-08,2333.43994140625,2350.719970703125,2236.800048828125,2236.800048828125,-0.06725381306823408,-0.06962215487446724
2020-05-11,2296.9599609375,2302.39990234375,2080.0,2087.679931640625,-0.06666671760206067,-0.06899292606058936
2020-05-12,2024.1920166015625,2304.0,2010.8800048828125,2297.60009765625,0.1005518915203909,0.09581177354913835
2020-05-13,2325.760009765625,2634.239990234375,2277.760009765625,2537.60009765625,0.10445682007274493,0.09935364856673837
2020-05-14,2660.47998046875,2743.0400390625,2398.080078125,2398.080078125,-0.05498109007014618,-0.056550341180820016
2020-05-15,2512.0,2557.43994140625,2342.39990234375,2342.39990234375,-0.023218647404295578,-0.023492446667102106
2020-05-18,2182.39990234375,2234.8798828125,2163.840087890625,2191.360107421875,-0.06448078945475888,-0.06665359842245666
2020-05-19,2203.52001953125,2310.39990234375,2154.8798828125,2305.919921875,0.05227795014846004,0.050957290585631976
2020-05-20,2199.0400390625,2245.760009765625,2156.800048828125,2156.800048828125,-0.06466827908127093,-0.06685403088234593
2020-05-21,2164.47998046875,2264.320068359375,2134.39990234375,2219.52001953125,0.029080104452521294,0.028665300714635335
2020-05-22,2233.60009765625,2267.52001953125,2188.800048828125,2198.39990234375,-0.009515623649098859,-0.00956118646525778
2020-05-26,2094.719970703125,2182.719970703125,2087.679931640625,2165.1201171875,-0.015138185332327359,-0.015253937329055132
2020-05-27,2109.43994140625,2262.39990234375,2105.280029296875,2121.60009765625,-0.02010051044548178,-0.020305274256391132
2020-05-28,2147.840087890625,2226.944091796875,2120.639892578125,2206.719970703125,0.04012060196495448,0.03933666985788361
2020-05-29,2218.239990234375,2258.56005859375,2120.320068359375,2120.320068359375,-0.039153088516356016,-0.039940183967357934
2020-06-01,2179.840087890625,2188.159912109375,2126.719970703125,2138.8798828125,0.008753307922744868,0.0087152198261317
2020-06-02,2126.080078125,2153.7919921875,2077.43994140625,2079.360107421875,-0.02782754462693815,-0.028222067036021946
2020-06-03,2040.3199462890625,2050.56005859375,1980.1600341796875,1989.760009765625,-0.04309022633282211,-0.04404617236343187
2020-06-04,2002.56005859375,2021.1199951171875,1915.52001953125,1973.760009765625,-0.008041170755002103,-0.00807367533574821
2020-06-05,1853.43994140625,1893.1199951171875,1845.1199951171875,1866.8800048828125,-0.05415045616184311,-0.05567176714773186
2020-06-08,1857.280029296875,1927.0400390625,1853.43994140625,1908.47998046875,0.02228315450223528,0.022038512607539126
2020-06-09,1964.1600341796875,2016.1280517578125,1949.43994140625,2001.280029296875,0.048625109918801535,0.047479887006155706
2020-06-10,2016.0,2054.39990234375,1913.5999755859375,1992.3199462890625,-0.004477176045653453,-0.0044872286142932
2020-06-11,2212.47998046875,2707.199951171875,2120.320068359375,2663.0400390625,0.3366528021880899,0.2901685801687112
2020-06-12,2457.60009765625,2881.919921875,2394.8798828125,2477.43994140625,-0.06969482055612986,-0.0722425967246058
2020-06-15,2702.080078125,2791.679931640625,2391.679931640625,2414.080078125,-0.02557473229614826,-0.025907450811149365
2020-06-16,2257.919921875,2496.76806640625,2239.360107421875,2359.679931640625,-0.022534524424983937,-0.02279230685119339
2020-06-17,2341.1201171875,2433.280029296875,2329.60009765625,2366.719970703125,0.0029834720243626656,0.002979030304008564
2020-06-18,2402.56005859375,2427.52001953125,2321.919921875,2323.840087890625,-0.018117852277961255,-0.01828399033276337
2020-06-19,2268.159912109375,2440.320068359375,2249.60009765625,2360.9599609375,0.015973505767588714,0.015847271815874454
2020-06-22,2377.60009765625,2408.9599609375,2238.719970703125,2245.760009765625,-0.04879369115862975,-0.050024301119811584
2020-06-23,2145.280029296875,2221.43994140625,2138.751953125,2204.800048828125,-0.01823879700385911,-0.018407174337645476
2020-06-24,2284.800048828125,2453.760009765625,2220.159912109375,2350.080078125,0.06589260979656308,0.06381257938988782
2020-06-25,2389.1201171875,2440.320068359375,2256.0,2264.9599609375,-0.036220092234224066,-0.03689232188490789
2020-06-26,2268.800048828125,2427.52001953125,2260.47998046875,2400.0,0.05962138024135544,0.05791165586543481
2020-06-29,2360.320068359375,2438.27197265625,2279.679931640625,2283.52001953125,-0.048533325195312504,-0.04975061671142366
2020-06-30,2303.743896484375,2310.3359375,2150.39990234375,2172.800048828125,-0.04848653384079071,-0.04970143978779321
2020-07-01,2135.679931640625,2170.239990234375,2090.239990234375,2104.9599609375,-0.031222425610315074,-0.031720234833542645
2020-07-02,2019.199951171875,2085.1201171875,1985.9200439453125,2068.47998046875,-0.017330486634293374,-0.017482417433031073
2020-07-06,2001.280029296875,2089.919921875,1996.1600341796875,2065.919921875,-0.0012376521010224462,-0.001238418624909235
2020-07-07,2083.199951171875,2144.0,2026.56005859375,2136.9599609375,0.034386637308780665,0.033808630090425874
2020-07-08,2104.9599609375,2173.43994140625,2077.43994140625,2083.199951171875,-0.025157237734131477,-0.025479090460513335
2020-07-09,2085.760009765625,2208.639892578125,2069.1201171875,2115.840087890625,0.015668268761425796,0.015546788716652559
2020-07-10,2129.919921875,2174.592041015625,2056.320068359375,2057.60009765625,-0.027525705069912476,-0.02791163578736192
2020-07-13,2035.8399658203125,2264.9599609375,2030.719970703125,2255.360107421875,0.09611197530117122,0.09176935055270038
2020-07-14,2257.280029296875,2304.639892578125,2119.679931640625,2125.43994140625,-0.057605065190293736,-0.05933084087673533
2020-07-15,2062.080078125,2155.52001953125,2056.320068359375,2064.639892578125,-0.02860586537575749,-0.0290229871531211
2020-07-16,2116.47998046875,2116.47998046875,2022.4000244140625,2032.6400146484375,-0.015499011737939994,-0.015620377082170648
2020-07-17,2011.52001953125,2030.719970703125,1956.47998046875,1959.6800537109375,-0.03589418707282466,-0.036554225947990265
2020-07-20,1934.0799560546875,1944.9599609375,1838.719970703125,1870.719970703125,-0.04539520767145322,-0.046457854175145516
2020-07-21,1824.0,1910.4000244140625,1801.5999755859375,1887.3599853515625,0.00889497888996349,0.008855651603441355
2020-07-22,1897.5999755859375,1925.823974609375,1864.3199462890625,1866.239990234375,-0.011190231477358314,-0.011253313158171125
2020-07-23,1849.5999755859375,1963.52001953125,1836.800048828125,1924.47998046875,0.03120712798950409,0.03073008494391575
2020-07-24,1985.280029296875,2013.1199951171875,1928.9599609375,1930.8800048828125,0.003325586381264234,0.0033200688481791274
2020-07-27,1906.56005859375,1931.8399658203125,1873.280029296875,1877.760009765625,-0.02751076969198374,-0.02789627778425777
2020-07-28,1877.1199951171875,1893.1199951171875,1806.719970703125,1866.8800048828125,-0.005794140266183745,-0.005810991420390084
2020-07-29,1841.280029296875,1861.760009765625,1818.8800048828125,1828.47998046875,-0.020569090843346904,-0.020783580934128316
2020-07-30,1911.0400390625,2001.280029296875,1856.0,1868.800048828125,0.022051140176573725,0.02181152984130407
2020-07-31,1818.8800048828125,1915.52001953125,1816.3199462890625,1825.280029296875,-0.023287681075640054,-0.023563123805584462
2020-08-03,1811.8399658203125,1840.511962890625,1799.0400390625,1821.43994140625,-0.0021038349343602825,-0.0021060511039246587
2020-08-04,1815.0400390625,1815.0400390625,1761.9200439453125,1767.6800537109375,-0.029515048217185202,-0.029959382126655287
2020-08-05,1739.52001953125,1765.1199951171875,1724.800048828125,1730.56005859375,-0.020999272486703968,-0.02122289333311215
2020-08-06,1735.0400390625,1749.1199951171875,1705.5999755859375,1711.3599853515625,-0.01109471650338989,-0.011156721918755552
2020-08-07,1731.8399658203125,1736.9599609375,1681.280029296875,1697.9200439453125,-0.00785336897046185,-0.007884369082767967
2020-08-10,1672.9599609375,1699.199951171875,1642.239990234375,1648.0,-0.029400703598101985,-0.029841566921753784
2020-08-11,1609.5999755859375,1736.9599609375,1601.9200439453125,1724.800048828125,0.04660197137628952,0.04554869855470236
2020-08-12,1659.52001953125,1665.9200439453125,1620.1600341796875,1633.9200439453125,-0.05269016831519613,-0.05412906751542239
2020-08-13,1642.8800048828125,1654.4000244140625,1593.5999755859375,1632.6400146484375,-0.0007834099970915887,-0.0007837170230653111
2020-08-14,1646.719970703125,1660.1600341796875,1619.8399658203125,1628.1600341796875,-0.0027440099645693605,-0.0027477816612076814
2020-08-17,1592.9599609375,1606.4000244140625,1562.8800048828125,1573.760009765625,-0.033411963979002035,-0.03398289703136857
2020-08-18,1560.3199462890625,1595.52001953125,1542.4000244140625,1557.1199951171875,-0.010573413065004478,-0.010629708773749327
2020-08-19,1544.3199462890625,1596.1600341796875,1532.800048828125,1585.280029296875,0.01808469114004807,0.017923108322202053
2020-08-20,1647.3599853515625,1653.760009765625,1561.5999755859375,1568.0,-0.01090030087904359,-0.010960144431154803
2020-08-21,1596.1600341796875,1602.56005859375,1567.0400390625,1576.3199462890625,0.005306088194555247,0.005292060508139148
2020-08-24,1532.800048828125,1586.239990234375,1528.3199462890625,1569.280029296875,-0.004466045747096414,-0.00447604832181839
2020-08-25,1574.4000244140625,1620.800048828125,1550.719970703125,1560.9599609375,-0.005301837915507535,-0.005315942533837661
2020-08-26,1551.3599853515625,1605.760009765625,1512.9599609375,1595.52001953125,0.022140259493263148,0.021898722573609156
2020-08-27,1580.1600341796875,1772.800048828125,1563.52001953125,1646.0799560546875,0.03168868826747251,0.031196962895696685
2020-08-28,1665.280029296875,1735.0400390625,1610.239990234375,1637.1199951171875,-0.00544321125139946,-0.005458079504335818
2020-08-31,1683.199951171875,1733.760009765625,1643.52001953125,1718.4000244140625,0.04964818067050536,0.048455041994177925
2020-09-01,1718.4000244140625,1757.43994140625,1704.9599609375,1745.280029296875,0.015642460719807127,0.015521378481531468
2020-09-02,1743.3599853515625,1806.719970703125,1736.3199462890625,1788.1600341796875,0.024569125964323035,0.02427215929941771
2020-09-03,1812.47998046875,2096.639892578125,1747.4560546875,2029.43994140625,0.1349319426755049,0.12657268673511318
2020-09-04,1978.239990234375,2181.1201171875,1826.56005859375,1850.8800048828125,-0.08798483408171653,-0.09209865974970743
2020-09-08,1999.3599853515625,2016.0,1802.239990234375,1809.9200439453125,-0.0221299926680516,-0.022378534620044084
2020-09-09,1763.904052734375,1782.4000244140625,1686.4000244140625,1717.1199951171875,-0.05127301017443675,-0.052634203714696154
2020-09-10,1701.760009765625,1777.9200439453125,1687.0400390625,1736.3199462890625,0.011181484827194499,0.011119434143135019
2020-09-11,1688.9599609375,1739.52001953125,1631.3599853515625,1633.280029296875,-0.05934385377096474,-0.06117761932302491
2020-09-14,1610.8800048828125,1628.800048828125,1581.43994140625,1604.47998046875,-0.017633258419576303,-0.017790576416781948
2020-09-15,1588.47998046875,1631.3599853515625,1580.1600341796875,1601.9200439453125,-0.001595492966319001,-0.0015967671206716732
2020-09-16,1591.6800537109375,1600.0,1553.5999755859375,1597.43994140625,-0.00279670796054754,-0.002800626055138471
2020-09-17,1646.719970703125,1651.8399658203125,1553.9200439453125,1560.9599609375,-0.022836527072583435,-0.023101319618280502
2020-09-18,1549.43994140625,1598.719970703125,1514.8800048828125,1559.6800537109375,-0.0008199487870231836,-0.0008202851288978303
2020-09-21,1625.5999755859375,1705.5999755859375,1602.8800048828125,1610.239990234375,0.03241686421720957,0.031902523693271845
2020-09-22,1607.6800537109375,1666.56005859375,1607.0400390625,1623.0400390625,0.007949155967901245,0.00791772786897719
2020-09-23,1617.280029296875,1710.0799560546875,1609.5999755859375,1708.800048828125,0.05283912146441061,0.051490440344199376
2020-09-24,1710.719970703125,1728.0,1647.3599853515625,1676.1600341796875,-0.019101131622053513,-0.019285915069432866
2020-09-25,1678.0799560546875,1690.8800048828125,1624.3199462890625,1634.56005859375,-0.024818617994490366,-0.025131792460086566
2020-09-28,1621.1199951171875,1641.5999755859375,1616.6400146484375,1623.0400390625,-0.007047779903028406,-0.007072732814679858
2020-09-29,1630.0799560546875,1632.0,1571.52001953125,1596.1600341796875,-0.016561516805425724,-0.016700191970927744
2020-09-30,1575.0400390625,1611.52001953125,1554.56005859375,1593.5999755859375,-0.001603885913022296,-0.0016051735149952427
2020-10-01,1575.0400390625,1625.5999755859375,1575.0400390625,1600.6400146484375,0.004417695262521226,0.0044079658905479225
2020-10-02,1683.8399658203125,1688.3199462890625,1618.56005859375,1649.9200439453125,0.030787702947498108,0.03032327010471472
2020-10-05,1633.9200439453125,1651.199951171875,1585.5999755859375,1598.0799560546875,-0.03141975763059657,-0.031923947352992484
2020-10-06,1584.6400146484375,1634.56005859375,1554.68798828125,1620.47998046875,0.014016835846789144,0.013919508430356853
2020-10-07,1589.1199951171875,1595.52001953125,1555.8399658203125,1567.3599853515625,-0.032780408124401306,-0.03332972360507347
2020-10-08,1549.43994140625,1558.4000244140625,1501.43994140625,1504.6400146484375,-0.0400163148793522,-0.04083898933065798
2020-10-09,1459.8399658203125,1460.47998046875,1425.9200439453125,1426.56005859375,-0.051892781857812764,-0.05328768381625489
2020-10-12,1401.5999755859375,1426.56005859375,1393.9200439453125,1398.4000244140625,-0.019739816778163943,-0.019937249471065305
2020-10-13,1414.4000244140625,1445.760009765625,1405.43994140625,1417.5999755859375,0.013729941959862213,0.013636540268867204
2020-10-14,1404.800048828125,1424.6400146484375,1381.1199951171875,1402.8800048828125,-0.010383726690627815,-0.010438013708656994
2020-10-15,1466.239990234375,1478.4000244140625,1410.56005859375,1415.0400390625,0.008667907545452103,0.008630556914203356
2020-10-16,1413.1199951171875,1425.280029296875,1391.3599853515625,1425.280029296875,0.007236537448904512,0.007210479349866466
2020-10-19,1417.5999755859375,1496.3199462890625,1415.0400390625,1487.3599853515625,0.043556322111180545,0.042634420310646785
2020-10-20,1477.1199951171875,1495.0400390625,1463.6800537109375,1486.719970703125,-0.0004303024518211851,-0.0004303950584880768
2020-10-21,1478.4000244140625,1498.239990234375,1442.0479736328125,1451.52001953125,-0.023676248295250724,-0.023961034761332888
2020-10-22,1448.9599609375,1461.760009765625,1404.1600341796875,1417.5999755859375,-0.023368636662873254,-0.02364601304623854
2020-10-23,1411.8399658203125,1450.239990234375,1409.280029296875,1418.8800048828125,0.0009029552193282608,0.000902547800499731
2020-10-26,1452.800048828125,1572.47998046875,1438.0799560546875,1546.8800048828125,0.0902119978853122,0.0863721708024124
2020-10-27,1546.751953125,1580.1600341796875,1520.0,1553.280029296875,0.0041373761338050485,0.004128840727859409
2020-10-28,1670.4000244140625,1777.1519775390625,1649.280029296875,1774.719970703125,0.14256279436393027,0.13327380451999418
2020-10-29,1738.8800048828125,1773.43994140625,1596.1600341796875,1648.0,-0.07140279750890499,-0.07408021601005566
2020-10-30,1675.52001953125,1728.6400146484375,1649.280029296875,1697.9200439453125,0.030291288801767235,0.02984156692175377
2020-11-02,1621.1199951171875,1683.199951171875,1616.0,1660.1600341796875,-0.022238979921507585,-0.02248999455501263
2020-11-03,1609.5999755859375,1619.8399658203125,1548.1600341796875,1568.6400146484375,-0.05512722728352604,-0.05670499259816103
2020-11-04,1504.0,1507.8399658203125,1420.800048828125,1430.4000244140625,-0.08812728793314462,-0.09225486875075098
2020-11-05,1384.9599609375,1422.719970703125,1372.1600341796875,1406.719970703125,-0.01655484711043509,-0.016693409978471963
2020-11-06,1395.199951171875,1396.47998046875,1312.6400146484375,1313.280029296875,-0.0664239815686598,-0.06873288553836274
2020-11-09,1221.1199951171875,1287.0400390625,1166.0799560546875,1284.47998046875,-0.021929861252473648,-0.022173895008062588
2020-11-10,1252.47998046875,1299.199951171875,1242.8800048828125,1246.0799560546875,-0.029895385679774455,-0.030351363485416175
2020-11-11,1225.5999755859375,1241.5999755859375,1192.3199462890625,1215.3599853515625,-0.02465329014711859,-0.024962271345822393
2020-11-12,1233.7919921875,1328.0,1220.47998046875,1301.1199951171875,0.07056346333536512,0.06818511111604024
2020-11-13,1257.5999755859375,1258.8800048828125,1200.0,1221.1199951171875,-0.06148548965523715,-0.06345696186597283
2020-11-16,1191.0400390625,1235.199951171875,1186.56005859375,1186.56005859375,-0.02830183492337368,-0.02871005250260377
2020-11-17,1215.3599853515625,1222.4000244140625,1168.6400146484375,1171.199951171875,-0.012945073711716715,-0.013029591362208362
2020-11-18,1159.0400390625,1216.0,1146.8800048828125,1205.760009765625,0.029508247980347013,0.029081259090668016
2020-11-19,1202.56005859375,1220.47998046875,1173.1199951171875,1192.9599609375,-0.010615751662400141,-0.01067250073409989
2020-11-20,1191.6800537109375,1195.52001953125,1167.3599853515625,1190.4000244140625,-0.0021458696077492068,-0.0021481752849815835
2020-11-23,1174.4000244140625,1198.4000244140625,1154.56005859375,1175.0400390625,-0.012903213236342914,-0.012987182792387393
2020-11-24,1150.719970703125,1175.3599853515625,1148.1600341796875,1155.199951171875,-0.016884605827095278,-0.01702877592511768
2020-11-25,1156.47998046875,1171.8399658203125,1111.0400390625,1112.9599609375,-0.03656509004482322,-0.037250349242431424
2020-11-27,1104.0,1128.83203125,1094.4000244140625,1120.6400146484375,0.006900566040550338,0.0068768661009092
2020-11-30,1124.47998046875,1162.8800048828125,1097.5999755859375,1099.52001953125,-0.01884636889734226,-0.019026225049710722
2020-12-01,1088.6400146484375,1114.8800048828125,1081.5999755859375,1110.4000244140625,0.009895231273234106,0.009846594060053514
2020-12-02,1112.3199462890625,1112.3199462890625,1080.9599609375,1104.6400146484375,-0.005187328565364968,-0.005200829463489143
2020-12-03,1091.199951171875,1124.1600341796875,1088.0,1114.8800048828125,0.009269979449036958,0.009227276887925436
2020-12-04,1101.43994140625,1102.0799560546875,1084.800048828125,1095.0400390625,-0.017795606462955527,-0.017955852227717728
2020-12-07,1106.56005859375,1112.6400146484375,1095.6800537109375,1101.43994140625,0.0058444459704223295,0.005827433449727004
2020-12-08,1108.47998046875,1110.0799560546875,1061.760009765625,1061.760009765625,-0.036025506383910666,-0.03669044362610607
2020-12-09,1050.239990234375,1110.4000244140625,1041.9200439453125,1100.800048828125,0.036769174487102596,0.03610931477641595
2020-12-10,1109.760009765625,1118.0799560546875,1080.6400146484375,1111.0400390625,0.009302316297383983,0.00925931621435227
2020-12-11,1138.56005859375,1182.719970703125,1121.280029296875,1152.0,0.03686632299233983,0.03620301350546104
2020-12-14,1114.8800048828125,1182.719970703125,1104.6400146484375,1178.239990234375,0.022777769300672768,0.022522229060506164
2020-12-15,1151.3599853515625,1164.800048828125,1122.56005859375,1123.8399658203125,-0.046170580582009624,-0.047270429163004585
2020-12-16,1121.280029296875,1133.43994140625,1086.0799560546875,1087.3599853515625,-0.03246012028244838,-0.032998635581387506
2020-12-17,1089.280029296875,1095.6800537109375,1063.6800537109375,1072.0,-0.014125943163704302,-0.01422666394120328
2020-12-18,1080.3199462890625,1124.47998046875,1079.6800537109375,1093.1199951171875,0.019701487982451082,0.019509925622489783
2020-12-21,1201.9200439453125,1246.0799560546875,1155.8399658203125,1180.1600341796875,0.07962532883059081,0.0766140631967919
2020-12-22,1166.719970703125,1182.719970703125,1152.6400146484375,1159.0400390625,-0.017895873869231416,-0.018057941492575093
2020-12-23,1134.0799560546875,1136.9599609375,1091.8399658203125,1112.3199462890625,-0.040309300109448776,-0.04114423404784449
2020-12-24,1096.3199462890625,1096.9599609375,1080.0,1080.3199462890625,-0.028768701043938694,-0.02919063209974621
2020-12-28,1064.3199462890625,1077.760009765625,1059.8399658203125,1076.47998046875,-0.0035544709079036174,-0.0035608030490150914
2020-12-29,1061.1199951171875,1136.6400146484375,1059.8399658203125,1115.52001953125,0.03626638652908354,0.03562424063940375
2020-12-30,1110.4000244140625,1115.52001953125,1071.3599853515625,1075.199951171875,-0.03614463896068654,-0.03681403604443057
2020-12-31,1073.9200439453125,1092.47998046875,1053.43994140625,1074.56005859375,-0.000595138213527191,-0.0005953153785690693
2021-01-04,1073.280029296875,1203.199951171875,1072.0,1168.0,0.08695646246942457,0.08338155441092017
2021-01-05,1196.1600341796875,1197.43994140625,1119.0400390625,1128.9599609375,-0.033424690978167804,-0.033996064050284575
2021-01-06,1118.0799560546875,1152.0,1058.56005859375,1123.199951171875,-0.005102049642966788,-0.005115109538675546
2021-01-07,1075.199951171875,1079.6800537109375,1056.0,1056.0,-0.05982901895763337,-0.061693525533005424
2021-01-08,1049.5999755859375,1084.1600341796875,1038.7840576171875,1046.4000244140625,-0.009090885971531737,-0.009132460231791066
2021-01-11,1084.800048828125,1113.5999755859375,1068.1600341796875,1109.760009765625,0.06055044330397563,0.05878805947741481
2021-01-12,1084.800048828125,1116.800048828125,1068.800048828125,1072.0,-0.034025383356172334,-0.03461772188108327
2021-01-13,1071.3599853515625,1079.0400390625,1045.760009765625,1055.3599853515625,-0.015522401724288759,-0.015644135579606616
2021-01-14,1046.4000244140625,1073.280029296875,1032.9599609375,1067.52001953125,0.011522167173731557,0.01145629253504189
2021-01-15,1083.52001953125,1120.0,1067.52001953125,1095.0400390625,0.02577939432305354,0.0254527083498036
2021-01-19,1068.1600341796875,1083.52001953125,1057.9200439453125,1064.3199462890625,-0.028053853446069366,-0.028454880836506245
2021-01-20,1050.239990234375,1065.5999755859375,1038.0799560546875,1043.8399658203125,-0.019242315753037476,-0.019429858851068665
2021-01-21,1044.47998046875,1061.1199951171875,1033.5999755859375,1035.52001953125,-0.007970519008174026,-0.008002453397097261
2021-01-22,1061.1199951171875,1067.199951171875,1036.800048828125,1049.5999755859375,0.013596990680161847,0.013505381078161018
2021-01-25,1059.199951171875,1137.5999755859375,1052.1600341796875,1091.8399658203125,0.04024389407097173,0.03945519918906237
2021-01-26,1072.6400146484375,1100.800048828125,1027.199951171875,1100.800048828125,0.00820640688040819,0.008172917417485607
2021-01-27,1130.8800048828125,1315.8399658203125,1128.9599609375,1296.0,0.1773255291727851,0.16324536537619677
2021-01-28,1240.3199462890625,1297.9200439453125,1204.47998046875,1266.56005859375,-0.022716004171489224,-0.022977987675955443
2021-01-29,1298.56005859375,1392.6400146484375,1228.1600341796875,1349.1199951171875,0.06518438345126953,0.0631479141773114
2021-02-01,1285.760009765625,1362.56005859375,1254.719970703125,1272.3199462890625,-0.056926032603537235,-0.058610561040436805
2021-02-02,1210.239990234375,1213.43994140625,1152.0,1164.1600341796875,-0.08500999487184158,-0.08884213712347995
2021-02-03,1138.56005859375,1155.8399658203125,1102.0799560546875,1104.0,-0.05167677330727005,-0.053059878412618625
2021-02-04,1080.3199462890625,1082.8800048828125,1056.0,1056.0,-0.04347826086956519,-0.04445176257083381
2021-02-05,1050.8800048828125,1075.8399658203125,1050.239990234375,1054.0799560546875,-0.0018182234330610392,-0.0018198784076672984
2021-02-08,1048.3199462890625,1064.3199462890625,1045.1199951171875,1045.1199951171875,-0.00850026687826999,-0.008536600188505153
2021-02-09,1059.8399658203125,1066.8800048828125,1036.1600341796875,1049.5999755859375,0.004286570431797809,0.004277409259440909
2021-02-10,1042.56005859375,1097.5999755859375,1040.6400146484375,1066.8800048828125,0.01646344292951074,0.016329389769620662
2021-02-11,1053.43994140625,1090.56005859375,1040.6400146484375,1041.9200439453125,-0.02339528421496817,-0.02367329858778818
2021-02-12,1051.52001953125,1051.52001953125,1005.4400024414062,1007.3599853515625,-0.03316958800685477,-0.03373217430379151
2021-02-16,1011.8400268554688,1029.760009765625,998.4000244140625,1018.239990234375,0.010800513263404588,0.010742604311160394
2021-02-17,1034.239990234375,1051.52001953125,993.9199829101562,997.1199951171875,-0.020741667308044165,-0.020959797213318122
2021-02-18,1025.280029296875,1038.0799560546875,992.0,1002.239990234375,0.005134783318216041,0.005121645273171423
2021-02-19,993.280029296875,996.1599731445312,954.8800048828125,966.4000244140625,-0.03575986407400411,-0.03641491173508394
2021-02-22,998.4000244140625,1007.3599853515625,969.5999755859375,1006.719970703125,0.04172179767225148,0.04087491888509765
2021-02-23,1012.47998046875,1062.4000244140625,963.8400268554688,965.1199951171875,-0.04132229100102458,-0.042200330448342024
2021-02-24,990.719970703125,1000.9600219726562,924.1599731445312,926.719970703125,-0.03978782390618674,-0.04060100217647321
2021-02-25,947.2000122070312,1100.800048828125,931.2000122070312,1074.56005859375,0.15953048662419045,0.1480151702735239
2021-02-26,1029.1839599609375,1106.56005859375,1001.5999755859375,1025.9200439453125,-0.04526504987733437,-0.04632151616109113
2021-03-01,965.1199951171875,965.1199951171875,937.5999755859375,949.760009765625,-0.07423583799650113,-0.07713576143505206
2021-03-02,951.6799926757812,963.135986328125,938.239990234375,958.0800170898438,0.008760115438290361,0.008721968247695286
2021-03-03,951.0399780273438,1001.5999755859375,942.719970703125,999.0399780273438,0.04275212947444129,0.041863496264437514
2021-03-04,987.52001953125,1085.5040283203125,965.1199951171875,1041.280029296875,0.04228064161449918,0.041411236832819734
2021-03-05,1001.5999755859375,1071.3599853515625,964.47998046875,967.6799926757812,-0.07068227042709363,-0.07330458618384672
2021-03-08,969.5999755859375,993.280029296875,949.1199951171875,984.9600219726562,0.01785717326767622,0.017699606976415705
2021-03-09,957.4400024414062,961.9199829101562,933.760009765625,945.280029296875,-0.04028589160026108,-0.041119842622869676
2021-03-10,919.6799926757812,940.47998046875,919.6799926757812,933.1199951171875,-0.012863949097425054,-0.012947406188357798
2021-03-11,918.4000244140625,920.3200073242188,903.6799926757812,910.0800170898438,-0.024691334606381732,-0.025001278194239335
2021-03-12,926.719970703125,929.9199829101562,892.7999877929688,892.7999877929688,-0.018987373607137537,-0.01916994855886736
2021-03-15,890.239990234375,896.9600219726562,839.0399780273438,842.239990234375,-0.05663082241250894,-0.05829758029227794
2021-03-16,840.9600219726562,843.52001953125,817.280029296875,842.239990234375,0.0,0.0
2021-03-17,851.2000122070312,856.0,804.47998046875,805.760009765625,-0.04331304722137275,-0.04427905412632193
2021-03-18,823.0399780273438,858.239990234375,806.4000244140625,850.5599975585938,0.055599666463963526,0.05410900967877772
2021-03-19,845.4400024414062,867.8400268554688,812.7999877929688,817.280029296875,-0.039127126078400076,-0.03991316396355229
2021-03-22,807.6799926757812,812.1599731445312,758.4000244140625,764.1599731445312,-0.06499615094968636,-0.06720463307057187
2021-03-23,769.9199829101562,814.4000244140625,766.719970703125,800.0,0.04690120932137609,0.04583457148757724
2021-03-24,783.3599853515625,807.6799926757812,767.3599853515625,807.0399780273438,0.008799972534179634,0.008761478442342834
2021-03-25,812.1599731445312,851.2000122070312,778.239990234375,782.719970703125,-0.030134823535835742,-0.030598210481090567
2021-03-26,768.6400146484375,799.3599853515625,742.4000244140625,751.3599853515625,-0.04006539570389589,-0.04089011736545501
2021-03-29,768.6400146484375,791.6799926757812,760.9600219726562,768.6400146484375,0.022998335862655317,0.02273786024544424
2021-03-30,768.6400146484375,777.5999755859375,734.719970703125,735.3599853515625,-0.043297289579825926,-0.04426258320892308
2021-03-31,728.3200073242188,745.5999755859375,716.1599731445312,729.5999755859375,-0.007832911608416149,-0.007863750002381431
2021-04-01,720.0,724.47998046875,702.0800170898438,707.2000122070312,-0.03070170521992821,-0.031182876713357257
2021-04-05,685.4400024414062,697.280029296875,682.8800048828125,689.280029296875,-0.025339341912949842,-0.0256659115529483
2021-04-06,688.6400146484375,694.0800170898438,677.1199951171875,689.280029296875,0.0,0.0
2021-04-07,689.280029296875,691.52001953125,668.1599731445312,671.3599853515625,-0.025998205640155425,-0.026342133082731582
2021-04-08,661.760009765625,668.1599731445312,654.719970703125,661.1199951171875,-0.015252607331091905,-0.015370124843275778
2021-04-09,666.8800048828125,671.0399780273438,648.9600219726562,659.8400268554688,-0.0019360604295319828,-0.0019379370170411142
2021-04-12,664.9600219726562,677.760009765625,650.239990234375,650.239990234375,-0.014549036479104882,-0.014655911596996021
2021-04-13,650.8800048828125,653.4400024414062,640.0,645.760009765625,-0.006889733846014656,-0.0069135776436401964
2021-04-14,648.3200073242188,663.6799926757812,642.5599975585938,659.8400268554688,0.021803792240021158,0.02156948924063614
2021-04-15,643.8400268554688,647.0399780273438,634.239990234375,638.0800170898438,-0.03297770501938846,-0.03353372797186141
2021-04-16,637.4400024414062,642.5599975585938,622.719970703125,627.8400268554688,-0.016048128698776032,-0.016178294405323188
2021-04-19,632.9600219726562,668.7999877929688,630.4000244140625,650.8800048828125,0.03669721113949875,0.03603990121067734
2021-04-20,659.2000122070312,687.3599853515625,653.4400024414062,665.5999755859375,0.02261549070903679,0.02236355190521359
2021-04-21,668.7999877929688,677.1199951171875,626.5599975585938,629.760009765625,-0.053846104469523204,-0.055350042896483494
2021-04-22,629.1199951171875,680.9600219726562,625.280029296875,668.7999877929688,0.06199183406687436,0.06014623358761851
2021-04-23,661.9199829101562,665.280029296875,628.47998046875,642.719970703125,-0.03899524157574741,-0.039775918490021586
2021-04-26,636.3200073242188,646.8480224609375,634.1119995117188,637.1199951171875,-0.00871293228964276,-0.008751111816380636
2021-04-27,633.4400024414062,643.8400268554688,621.4400024414062,624.1599731445312,-0.020341571559486904,-0.02055131048018165
2021-04-28,621.4400024414062,630.239990234375,615.8400268554688,621.9199829101562,-0.003588807887006773,-0.0035952631070224625
2021-04-29,610.4000244140625,642.719970703125,608.0,617.1199951171875,-0.007718015057995298,-0.007747953077085456
2021-04-30,630.5599975585938,648.47998046875,622.8800048828125,642.5599975585938,0.04122375331004369,0.040396707276095914
2021-05-03,627.2000122070312,633.9199829101562,619.2000122070312,620.0,-0.03510955808688754,-0.035740715784618494
2021-05-04,636.0,678.239990234375,631.3599853515625,643.3599853515625,0.03767739572832651,0.036984942341178106
2021-05-05,632.0,646.7999877929688,615.6799926757812,627.0399780273438,-0.025366836134983917,-0.025694120970868033
2021-05-06,628.7999877929688,654.0800170898438,621.2000122070312,623.2000122070312,-0.006123956932368113,-0.006142785265246607
2021-05-07,622.719970703125,624.47998046875,585.2000122070312,587.8400268554688,-0.056739384882771304,-0.05841266643244384
2021-05-10,586.8800048828125,614.4000244140625,576.6400146484375,613.5999755859375,0.04382135879427329,0.042888362553051194
2021-05-11,648.47998046875,674.4000244140625,628.7999877929688,659.3599853515625,0.0745762900689948,0.07192643510955359
2021-05-12,684.47998046875,799.2000122070312,682.5599975585938,774.3200073242188,0.17435092290497578,0.16071558892537557
2021-05-13,730.8800048828125,731.3599853515625,679.0399780273438,700.0,-0.0959809983226998,-0.10090489925633267
2021-05-14,663.52001953125,664.0,611.52001953125,617.6799926757812,-0.11760001046316959,-0.12510982290047087
2021-05-17,629.9199829101562,662.5599975585938,618.4000244140625,637.9199829101562,0.03276776077317267,0.03224234470016267
2021-05-18,630.0800170898438,649.760009765625,614.719970703125,647.2000122070312,0.014547324970978437,0.014442527762482237
2021-05-19,689.760009765625,741.1199951171875,672.8800048828125,677.5999755859375,0.04697151236947383,0.045901722702066904
2021-05-20,658.8800048828125,668.1599731445312,633.5999755859375,639.8400268554688,-0.055726018434131164,-0.057338920236975226
2021-05-21,629.280029296875,640.3200073242188,621.5999755859375,631.6799926757812,-0.012753241180909702,-0.012835261860432877
2021-05-24,618.719970703125,619.6799926757812,596.7999877929688,603.6799926757812,-0.0443262416487068,-0.04533868112685513
2021-05-25,599.52001953125,613.5999755859375,598.0,603.2000122070312,-0.0007950909001017692,-0.0007954071525155373
2021-05-26,594.239990234375,596.3200073242188,572.0,574.4000244140625,-0.0477453368868368,-0.048922776693262705
2021-05-27,568.0,568.3200073242188,542.8800048828125,546.5599975585938,-0.048468011267701394,-0.04968197354431249
2021-05-28,541.1199951171875,556.0,538.5599975585938,555.2000122070312,0.015807989401037892,0.015684344486030625
2021-06-01,541.5999755859375,569.1199951171875,538.8800048828125,568.47998046875,0.023919250665950464,0.02363766673642462
2021-06-02,561.9199829101562,567.2000122070312,545.760009765625,553.760009765625,-0.0258935603871,-0.026234700393591236
2021-06-03,570.8159790039062,578.8800048828125,555.552001953125,564.0,0.01849174742450077,0.018322853975903247
2021-06-04,546.0800170898438,546.0800170898438,532.0,534.239990234375,-0.05276597476174649,-0.054209093582186486
2021-06-07,533.760009765625,539.2000122070312,523.52001953125,524.6400146484375,-0.017969406561507917,-0.01813281689860323
2021-06-08,521.5999755859375,542.0800170898438,520.3200073242188,530.239990234375,0.010673939138420518,0.010617374803561033
2021-06-09,524.9600219726562,542.5599975585938,524.1599731445312,538.8800048828125,0.016294536073407917,0.01616320485411547
2021-06-10,524.6400146484375,527.6799926757812,506.239990234375,507.67999267578125,-0.05789788436076071,-0.05964160726690169
2021-06-11,496.9599914550781,498.55999755859375,489.2799987792969,493.1199951171875,-0.028679478743792397,-0.029098771178168028
2021-06-14,491.67999267578125,507.0400085449219,490.0799865722656,497.760009765625,0.009409504166089988,0.009365510538594279
2021-06-15,500.0,512.47998046875,497.6000061035156,508.6400146484375,0.021857932878005748,0.021622473193246134
2021-06-16,501.9200134277344,526.864013671875,492.9599914550781,513.1199951171875,0.008807762542721864,0.008769200467201121
2021-06-17,514.5599975585938,521.3599853515625,492.3999938964844,510.239990234375,-0.005612731739589982,-0.005628542306447946
2021-06-18,534.239990234375,558.0800170898438,520.0,555.0399780273438,0.08780179650832576,0.08415895951145055
2021-06-21,535.2000122070312,551.6799926757812,512.6400146484375,520.6400146484375,-0.06197745160838042,-0.06398129146780383
2021-06-22,523.8400268554688,526.5599975585938,493.760009765625,493.9200134277344,-0.051321451423102404,-0.0526852642262165
2021-06-23,487.5199890136719,489.9200134277344,479.5199890136719,484.6400146484375,-0.018788464785816195,-0.018967210435573898
2021-06-24,472.32000732421875,478.0799865722656,470.7200012207031,475.20001220703125,-0.019478380150376395,-0.019670583767694063
2021-06-25,472.9599914550781,478.3999938964844,466.3999938964844,466.3999938964844,-0.018518556575105816,-0.018692171786789415
2021-06-28,463.67999267578125,474.0799865722656,461.44000244140625,466.3999938964844,0.0,0.0
2021-06-29,463.8399963378906,477.44000244140625,462.0799865722656,476.32000732421875,0.021269325809502693,0.021046290694300578
2021-06-30,479.8399963378906,482.8800048828125,466.8800048828125,471.3599853515625,-0.010413213588317927,-0.010467810446841554
2021-07-01,466.3999938964844,470.68798828125,462.4320068359375,463.67999267578125,-0.01629326399026665,-0.016427458860831908
2021-07-02,452.32000732421875,465.67999267578125,449.1199951171875,462.55999755859375,-0.0024154484447869162,-0.0024183703464651773
2021-07-06,458.55999755859375,487.20001220703125,458.0799865722656,473.1199951171875,0.022829465613822597,0.02257277279371015
2021-07-07,468.0,490.0799865722656,467.0400085449219,474.0799865722656,0.0020290654907542116,0.002027009717766972
2021-07-08,515.8400268554688,519.52001953125,496.4800109863281,504.79998779296875,0.06479919442037096,0.06278623154360538
2021-07-09,489.44000244140625,492.6400146484375,468.4800109863281,470.8800048828125,-0.06719489645484633,-0.06955899219037692
2021-07-12,472.1600036621094,474.55999755859375,464.4800109863281,467.8399963378906,-0.006456015361447465,-0.006476945561047281
2021-07-13,468.0,475.20001220703125,457.760009765625,473.44000244140625,0.01196991738062314,0.011898844514975072
2021-07-14,462.239990234375,479.3599853515625,458.3999938964844,462.55999755859375,-0.02298074693035479,-0.02324892081863356
2021-07-15,474.8800048828125,480.32000732421875,466.239990234375,469.2799987792969,0.014527847752013878,0.014423329637911014
2021-07-16,459.0400085449219,489.9200134277344,456.1600036621094,488.79998779296875,0.04159561256488198,0.040753780256001806
2021-07-19,516.9600219726562,592.6400146484375,512.0,558.5599975585938,0.14271688115338477,0.13340865610191546
2021-07-20,554.239990234375,563.6799926757812,504.4800109863281,511.5199890136719,-0.08421657252672721,-0.08797537515210893
2021-07-21,499.8399963378906,501.760009765625,477.9200134277344,479.0400085449219,-0.06349699164519229,-0.06560254476486434
2021-07-22,481.9200134277344,495.0400085449219,475.20001220703125,487.5199890136719,0.01770202972087409,0.017547173633406316
2021-07-23,477.1199951171875,487.0400085449219,475.8399963378906,485.2799987792969,-0.004594663367356144,-0.004605251277455922
2021-07-26,491.0400085449219,496.9599914550781,477.6000061035156,477.6000061035156,-0.015825899882748073,-0.015952466566861983
2021-07-27,488.1600036621094,518.8800048828125,488.1600036621094,493.760009765625,0.033835853131473526,0.033276014094928766
2021-07-28,488.6400146484375,502.7200012207031,472.6400146484375,479.8399963378906,-0.028191860726715867,-0.02859688158411583
2021-07-29,477.6000061035156,477.6000061035156,468.55999755859375,471.8399963378906,-0.016672224201932928,-0.016812770063131574
2021-07-30,488.79998779296875,489.6000061035156,472.32000732421875,483.3599853515625,0.024415032856651475,0.024121750027292607
2021-08-02,478.0799865722656,504.6400146484375,476.0,502.0799865722656,0.03872890141513774,0.03799775546753316
2021-08-03,494.0799865722656,507.3599853515625,476.79998779296875,476.9599914550781,-0.050031859044379456,-0.051326830786078165
2021-08-04,485.9200134277344,487.8399963378906,471.67999267578125,476.32000732421875,-0.0013417983527442834,-0.001342699370233373
2021-08-05,472.0,472.6400146484375,464.1600036621094,464.79998779296875,-0.024185462197913954,-0.024482733369417916
2021-08-06,460.1600036621094,463.1199951171875,452.1600036621094,452.79998779296875,-0.02581755661608376,-0.0261566793447436
2021-08-09,451.67999267578125,456.79998779296875,444.32000732421875,448.1600036621094,-0.010247315052890227,-0.010300180246750319
2021-08-10,442.0799865722656,446.8800048828125,435.67999267578125,440.4800109863281,-0.017136720396788485,-0.01728525334721604
2021-08-11,436.9599914550781,440.4800109863281,426.55999755859375,428.4800109863281,-0.02724300694855475,-0.027620978192972403
2021-08-12,431.3599853515625,432.79998779296875,415.0400085449219,419.8399963378906,-0.020164335387662158,-0.02037041055000432
2021-08-13,413.9200134277344,422.239990234375,412.0799865722656,420.4800109863281,0.0015244251477231074,0.0015232643912154726
2021-08-16,430.8800048828125,439.67999267578125,421.1199951171875,421.1199951171875,0.0015220322349167592,0.0015208751178189123
2021-08-17,434.7200012207031,456.9599914550781,428.32000732421875,435.20001220703125,0.033434691425482166,0.032887906488903905
2021-08-18,441.2799987792969,469.0400085449219,434.8800048828125,465.1199951171875,0.0687499588026732,0.06648970272162583
2021-08-19,486.55999755859375,494.3999938964844,462.8800048828125,480.239990234375,0.0325077297813825,0.031990532296099924
2021-08-20,472.9599914550781,475.3599853515625,440.4800109863281,444.1600036621094,-0.07512907568288352,-0.0781010924852949
2021-08-23,431.8399963378906,431.9360046386719,421.760009765625,428.9599914550781,-0.03422192921854017,-0.03482121155584906
2021-08-24,426.8800048828125,430.79998779296875,424.4800109863281,427.3599853515625,-0.0037299658135674374,-0.003736939482484602
2021-08-25,425.9200134277344,428.1600036621094,416.6400146484375,418.0799865722656,-0.021714711478340254,-0.021953945430391943
2021-08-26,424.0,441.2799987792969,420.32000732421875,436.0,0.042862643521054844,0.04196947369435211
2021-08-27,429.44000244140625,429.6000061035156,410.3999938964844,413.6000061035156,-0.05137613279010178,-0.052742905397765674
2021-08-30,408.6400146484375,414.239990234375,406.7200012207031,409.44000244140625,-0.010058035785106334,-0.010108959576996254
2021-08-31,412.0,415.5199890136719,407.1199951171875,407.8399963378906,-0.00390779135886854,-0.003915446725746681
2021-09-01,405.2799987792969,408.79998779296875,394.3999938964844,397.1199951171875,-0.026284820804631792,-0.02663644192784272
2021-09-02,393.1199951171875,404.1600036621094,392.1600036621094,396.32000732421875,-0.0020144737177806293,-0.002016505499065668
2021-09-03,403.20001220703125,406.8800048828125,395.67999267578125,399.0400085449219,0.00686314384950526,0.00683969968375152
2021-09-07,401.9200134277344,412.656005859375,401.44000244140625,408.79998779296875,0.02445864835367284,0.02416432512348125
2021-09-08,416.6400146484375,423.20001220703125,407.0400085449219,408.1600036621094,-0.0015655189578515083,-0.0015667456631092613
2021-09-09,411.5199890136719,418.7200012207031,399.3599853515625,416.79998779296875,0.021168130275723618,0.020947197785912728
2021-09-10,402.3999938964844,435.5199890136719,398.7200012207031,432.9599914550781,0.03877160301198557,0.03803886409471553
2021-09-13,414.239990234375,436.9599914550781,412.1600036621094,417.44000244140625,-0.03584624288612159,-0.03650449800943071
2021-09-14,411.20001220703125,430.3999938964844,408.1600036621094,423.3599853515625,0.0141816377815569,0.014082019089223123
2021-09-15,415.5199890136719,424.6400146484375,403.8399963378906,406.8800048828125,-0.03892663699679799,-0.03970453265173152
2021-09-16,409.2799987792969,418.8800048828125,398.4800109863281,402.8800048828125,-0.00983090825795696,-0.009879550698678848
2021-09-17,404.79998779296875,430.3999938964844,402.0799865722656,428.9599914550781,0.06473388169227112,0.06272489159180755
2021-09-20,462.7200012207031,518.5599975585938,452.0,475.8399963378906,0.109287592821397,0.10371800100813743
2021-09-21,462.3999938964844,486.0799865722656,451.3599853515625,461.760009765625,-0.029589750085378563,-0.030036358841487615
2021-09-22,446.7200012207031,452.9599914550781,423.8399963378906,433.1199951171875,-0.062023592434897634,-0.06403048214179649
2021-09-23,419.20001220703125,419.9840087890625,404.0799865722656,405.760009765625,-0.0631695272903755,-0.06525293871611527
2021-09-24,415.67999267578125,416.4800109863281,392.4800109863281,393.2799987792969,-0.03075712412747822,-0.031240052602530096
2021-09-27,395.8399963378906,400.79998779296875,389.9200134277344,397.1199951171875,0.009764026520061142,0.009716666446916539
2021-09-28,413.9200134277344,447.67999267578125,410.0799865722656,438.55999755859375,0.10435133700376276,0.0992581372669232
2021-09-29,435.8399963378906,448.6400146484375,430.55999755859375,444.9599914550781,0.014593200319482635,0.014487744294250484
2021-09-30,433.1199951171875,453.20001220703125,423.0400085449219,445.2799987792969,0.0007191822419185812,0.0007189237542957497
2021-10-01,435.67999267578125,451.0400085449219,418.3999938964844,429.1199951171875,-0.036291779793412804,-0.03696670632150331
2021-10-04,429.6000061035156,456.0,425.760009765625,441.1199951171875,0.027964206134750036,0.027580347491712117
2021-10-05,437.44000244140625,440.79998779296875,416.6400146484375,424.79998779296875,-0.036996752595363946,-0.037698495014581945
2021-10-06,435.0400085449219,452.4800109863281,418.3999938964844,419.3599853515625,-0.012806032480531804,-0.012888736547143355
2021-10-07,412.32000732421875,412.32000732421875,402.8800048828125,404.1600036621094,-0.03624566534813878,-0.036918856421471184
2021-10-08,399.20001220703125,403.0400085449219,393.6000061035156,396.6400146484375,-0.018606465126516647,-0.018781743004968387
2021-10-11,400.0,402.239990234375,386.3999938964844,401.9200134277344,0.013311815712735875,0.013223992030554929
2021-10-12,395.5199890136719,403.0400085449219,389.44000244140625,393.760009765625,-0.02030255620395116,-0.02051148580504863
2021-10-13,391.67999267578125,400.1600036621094,385.1199951171875,386.239990234375,-0.01909797679994496,-0.01928269881836264
2021-10-14,373.760009765625,375.8399963378906,364.6400146484375,364.9599914550781,-0.05509527578017992,-0.05667117750257336
2021-10-15,361.760009765625,367.0400085449219,354.8800048828125,364.6400146484375,-0.0008767448874735795,-0.0008771294530661436
2021-10-18,370.3999938964844,371.3599853515625,357.2799987792969,357.9200134277344,-0.018429138193135852,-0.018601070411860692
2021-10-19,355.5199890136719,358.7200012207031,352.0,354.3999938964844,-0.009834654110395857,-0.009883333749024002
2021-10-20,355.20001220703125,356.1600036621094,349.2799987792969,351.20001220703125,-0.009029293861635312,-0.009070304989793528
2021-10-21,353.44000244140625,355.1199951171875,339.0400085449219,339.5199890136719,-0.033257468073418006,-0.03382307345181703
2021-10-22,340.79998779296875,355.20001220703125,336.9599914550781,347.20001220703125,0.02262023869543106,0.022368194877489124
2021-10-25,344.0,350.55999755859375,336.4800109863281,336.9599914550781,-0.02949314629011912,-0.029936814357945464
2021-10-26,333.2799987792969,350.9599914550781,332.6400146484375,343.5199890136719,0.019468179383154816,0.019281098562095426
2021-10-27,342.0799865722656,352.6400146484375,334.239990234375,351.20001220703125,0.02235684512977132,0.02211059437017823
2021-10-28,345.1199951171875,346.7200012207031,339.0719909667969,340.32000732421875,-0.030979511687484695,-0.03146952354553152
2021-10-29,348.79998779296875,349.760009765625,340.1600036621094,343.0400085449219,0.007992481082993885,0.00796071037829496
2021-11-01,339.8399963378906,350.3999938964844,336.8800048828125,337.6000061035156,-0.01585821567717771,-0.015985302550850126
2021-11-02,336.6400146484375,336.9599914550781,328.32000732421875,328.4800109863281,-0.02701420305777813,-0.02738579408435547
2021-11-03,329.44000244140625,331.67999267578125,314.239990234375,317.1199951171875,-0.034583583442505006,-0.03519575097232275
2021-11-04,313.6000061035156,326.239990234375,311.5199890136719,320.79998779296875,0.011604417042266224,0.011537602196258028
2021-11-05,318.3999938964844,334.8800048828125,317.1199951171875,333.2799987792969,0.038902778869125854,0.03816513590945083
2021-11-08,328.1600036621094,340.0,327.0400085449219,333.760009765625,0.0014402634064039077,0.001439227221863791
2021-11-09,336.4800109863281,347.67999267578125,335.67999267578125,339.3599853515625,0.01677844985044774,0.016639246579649946
2021-11-10,346.3999938964844,353.760009765625,333.2799987792969,345.6000061035156,0.018387614984980427,0.01822060693905578
2021-11-11,337.6000061035156,341.5199890136719,330.8800048828125,338.239990234375,-0.02129634183784168,-0.02152638078054445
2021-11-12,332.1600036621094,335.20001220703125,324.4800109863281,325.760009765625,-0.036896821277999425,-0.03759472990991414
2021-11-15,321.760009765625,332.79998779296875,321.6000061035156,321.9200134277344,-0.011787807658323102,-0.011857834717357081
2021-11-16,324.32000732421875,324.79998779296875,317.760009765625,323.0400085449219,0.0034791099356079602,0.0034730718333973593
2021-11-17,322.0799865722656,329.6000061035156,319.8399963378906,328.32000732421875,0.016344720900298704,0.016212583834403098
2021-11-18,324.79998779296875,335.67999267578125,323.5199890136719,331.3599853515625,0.009259192128190152,0.009216588589734056
2021-11-19,332.9599914550781,339.20001220703125,328.1600036621094,335.3599853515625,0.012071463594966358,0.011999184572626926
2021-11-22,328.1600036621094,342.7200012207031,326.0799865722656,341.2799987792969,0.01765271256655243,0.017498713133320826
2021-11-23,341.44000244140625,348.0,331.5199890136719,333.6000061035156,-0.02250349479386815,-0.02276056236570115
2021-11-24,341.6000061035156,347.8399963378906,326.7200012207031,328.79998779296875,-0.014388543833112055,-0.014493062724484989
2021-11-26,367.5199890136719,423.0400085449219,362.0,418.55999755859375,0.2729927405658634,0.24137061693989198
2021-11-29,370.55999755859375,373.760009765625,346.1600036621094,352.79998779296875,-0.157110115991004,-0.17091895346370184
2021-11-30,375.8399963378906,408.32000732421875,368.4800109863281,407.3599853515625,0.154648524507917,0.14379598987739406
2021-12-01,378.0799865722656,437.9200134277344,364.0799865722656,436.79998779296875,0.07227023640036401,0.06977811707459376
2021-12-02,423.5199890136719,431.20001220703125,402.7200012207031,411.5199890136719,-0.05787545669822436,-0.059617801571943504
2021-12-03,408.0,482.3999938964844,404.79998779296875,447.3599853515625,0.08709175081334841,0.08350601194895627
2021-12-06,431.5199890136719,446.8800048828125,410.239990234375,412.4800109863281,-0.077968471717075,-0.08117586047557138
2021-12-07,388.4800109863281,388.6400146484375,361.6000061035156,366.3999938964844,-0.11171454582649121,-0.11846213024372793
2021-12-08,363.20001220703125,368.4800109863281,344.32000732421875,344.32000732421875,-0.06026197308972581,-0.06215413733699768
2021-12-09,345.44000244140625,362.239990234375,339.8399963378906,355.20001220703125,0.03159852652003359,0.03110956667974563
2021-12-10,338.239990234375,349.44000244140625,331.67999267578125,332.4800109863281,-0.06396396520240144,-0.06610130453021845
2021-12-13,335.67999267578125,349.6000061035156,334.8800048828125,346.239990234375,0.04138588424376799,0.04055240705883799
2021-12-14,357.6000061035156,368.12799072265625,347.67999267578125,350.8800048828125,0.013401151742456374,0.013312150572206274
2021-12-15,354.0799865722656,368.1600036621094,325.6000061035156,326.8800048828125,-0.06839945185253737,-0.07085115257854047
2021-12-16,320.9599914550781,351.6000061035156,319.3599853515625,340.6400146484375,0.04209498764097863,0.04123309814092012
2021-12-17,353.760009765625,361.9200134277344,337.9200134277344,351.5199890136719,0.03193980124872642,0.031440333234659404
2021-12-20,384.0,397.9200134277344,361.6000061035156,364.4800109863281,0.03686852064663726,0.036205133018767356
2021-12-21,352.4800109863281,360.9599914550781,342.55999755859375,346.55999755859375,-0.049165970389543734,-0.050415753633348555
2021-12-22,345.760009765625,345.760009765625,326.239990234375,326.55999755859375,-0.057710065041821634,-0.05944226518253927
2021-12-23,323.20001220703125,324.4800109863281,319.20001220703125,322.8800048828125,-0.01126896344712569,-0.01133293929747192
2021-12-27,320.32000732421875,324.6400146484375,313.6000061035156,315.20001220703125,-0.023785903616325377,-0.024073355576314574
2021-12-28,313.44000244140625,316.79998779296875,306.7200012207031,307.3599853515625,-0.024873180684774954,-0.02518774535026246
2021-12-29,306.8800048828125,310.239990234375,296.79998779296875,299.3599853515625,-0.0260281115996589,-0.026372837768087954
2021-12-30,297.760009765625,302.0,292.6400146484375,299.3599853515625,0.0,0.0
2021-12-31,298.3999938964844,301.760009765625,293.9200134277344,296.4800109863281,-0.009620438622924832,-0.009667014000332215
2022-01-03,292.4800109863281,298.3999938964844,285.760009765625,286.3999938964844,-0.03399897705180732,-0.03459038581759934
2022-01-04,284.1600036621094,294.7200012207031,283.3599853515625,286.0799865722656,-0.0011173440329556028,-0.0011179687271751866
2022-01-05,288.32000732421875,308.9599914550781,281.6000061035156,308.6400146484375,0.07885916224507739,0.07590415157050176
2022-01-06,309.9200134277344,315.20001220703125,300.8800048828125,310.0799865722656,0.004665538671219771,0.004654688779644462
2022-01-07,309.1199951171875,317.760009765625,299.67999267578125,301.1199951171875,-0.028895742528000756,-0.02932144521679263
2022-01-10,312.6400146484375,329.67999267578125,294.55999755859375,295.5199890136719,-0.018597257552877777,-0.01877236090684101
2022-01-11,299.5199890136719,305.9200134277344,284.32000732421875,285.1199951171875,-0.035192184228198586,-0.03582635211769025
2022-01-12,281.44000244140625,287.67999267578125,276.7200012207031,282.0799865722656,-0.01066220748100255,-0.010719456109995772
2022-01-13,281.2799987792969,302.239990234375,278.3999938964844,299.8399963378906,0.06296089978391683,0.06105831578952833
2022-01-14,309.9200134277344,311.44000244140625,292.7200012207031,295.20001220703125,-0.01547486722095126,-0.015595852758463681
2022-01-18,308.0,320.6400146484375,307.3599853515625,318.239990234375,0.07804870282723853,0.07515265034126013
2022-01-19,311.5199890136719,328.6400146484375,310.0,325.760009765625,0.02363002690426086,0.023355159480768817
2022-01-20,317.760009765625,342.239990234375,305.2799987792969,339.8399963378906,0.04322196141385115,0.042313963937460904
2022-01-21,345.6000061035156,371.67999267578125,338.3999938964844,371.20001220703125,0.09227876708767524,0.08826612595982791
2022-01-24,400.1600036621094,445.44000244140625,372.33599853515625,379.5199890136719,0.022413729884255273,0.022166233623983747
2022-01-25,405.2799987792969,420.1600036621094,370.3999938964844,381.760009765625,0.005902247093162893,0.005884897068736062
2022-01-26,364.79998779296875,397.8399963378906,348.1600036621094,389.1199951171875,0.019279089384142134,0.019095602299315187
2022-01-27,369.6000061035156,402.0799865722656,362.1600036621094,391.8399963378906,0.00699013480374866,0.006965817068526091
2022-01-28,383.8399963378906,400.6400146484375,365.2799987792969,367.20001220703125,-0.06288276939858861,-0.06494689186804317
2022-01-31,371.3599853515625,374.3999938964844,342.55999755859375,342.55999755859375,-0.06710243417569717,-0.0694598742754563
2022-02-01,336.1600036621094,345.9200134277344,316.7200012207031,317.44000244140625,-0.07333020579231764,-0.0761579859269979
2022-02-02,315.3599853515625,323.67999267578125,308.79998779296875,310.7200012207031,-0.021169358521358705,-0.02139664275584226
2022-02-03,330.239990234375,351.5199890136719,321.5199890136719,348.4800109863281,0.12152423280535518,0.11468868223943121
2022-02-04,344.32000732421875,354.55999755859375,324.79998779296875,336.0,-0.03581270257368574,-0.036469711307814554
2022-02-07,328.0,331.8399963378906,319.5199890136719,326.7200012207031,-0.027619043986002567,-0.028007621250667164
2022-02-08,323.5199890136719,329.3919982910156,310.55999755859375,312.0,-0.0450538723240258,-0.046100350903054636
2022-02-09,303.0400085449219,306.3999938964844,299.3599853515625,299.3599853515625,-0.040512867462940694,-0.04135637421621842
2022-02-10,315.67999267578125,335.44000244140625,300.4800109863281,327.3599853515625,0.09353287469972771,0.08941362442281478
2022-02-11,327.5199890136719,381.9200134277344,324.7200012207031,371.8399963378906,0.13587491745076785,0.127403206358797
2022-02-14,372.9599914550781,396.79998779296875,368.1600036621094,372.9599914550781,0.0030120350909474958,0.0030075080014764265
2022-02-15,346.8800048828125,355.5199890136719,341.2799987792969,342.239990234375,-0.08236808752823899,-0.0859589355766919
2022-02-16,347.20001220703125,354.239990234375,327.3599853515625,328.4800109863281,-0.040205644111384164,-0.041036230083079786
2022-02-17,347.3599853515625,369.44000244140625,345.9200134277344,367.3599853515625,0.11836328867771684,0.11186626709968135
2022-02-18,370.8800048828125,385.1199951171875,364.79998779296875,375.20001220703125,0.02134153736958,0.02111699585053871
2022-02-22,380.6400146484375,393.9200134277344,366.0799865722656,373.760009765625,-0.0038379594737637523,-0.0038453433389298917
2022-02-23,363.67999267578125,396.32000732421875,362.3999938964844,395.20001220703125,0.05736301873186145,0.05577809043407861
2022-02-24,438.3999938964844,439.20001220703125,380.32000732421875,382.79998779296875,-0.03137657902593016,-0.03187936907194687
2022-02-25,379.5199890136719,387.20001220703125,361.9200134277344,367.20001220703125,-0.040752288619127386,-0.04160593570011833
2022-02-28,395.20001220703125,399.5199890136719,376.79998779296875,384.0,0.045751599222433326,0.04473586059784277
2022-03-01,394.3999938964844,431.5199890136719,389.1199951171875,426.7200012207031,0.11125000317891431,0.10548551070664258
2022-03-02,420.9599914550781,423.8399963378906,395.20001220703125,399.3599853515625,-0.0641170223820603,-0.0662648342331434
2022-03-03,394.8800048828125,412.32000732421875,389.44000244140625,401.760009765625,0.006009676738017999,0.005991690655159701
2022-03-04,423.8399963378906,437.1199951171875,416.3999938964844,419.20001220703125,0.04340900541987791,0.042493242410272566
2022-03-07,420.79998779296875,456.4800109863281,420.1600036621094,455.8399963378906,0.08740453975169227,0.08379370058917915
2022-03-08,452.1600036621094,469.760009765625,426.8800048828125,450.3999938964844,-0.011934017385727302,-0.01200579944167957
2022-03-09,427.1199951171875,435.5199890136719,419.20001220703125,432.4800109863281,-0.03978681872334755,-0.04059995534293154
2022-03-10,438.3999938964844,440.4800109863281,412.9599914550781,413.2799987792969,-0.04439514363506203,-0.04541078153739136
2022-03-11,400.4800109863281,422.8800048828125,399.8399963378906,421.44000244140625,0.019744492078521914,0.01955209795409125
2022-03-14,419.3599853515625,492.0,407.20001220703125,460.9599914550781,0.09377370155830533,0.08963382845106103
2022-03-15,494.239990234375,666.4000244140625,459.20001220703125,459.20001220703125,-0.003818073760569307,-0.0038253812103749636
2022-03-16,472.6400146484375,474.7200012207031,414.239990234375,415.20001220703125,-0.09581881278383442,-0.1007255103365698
2022-03-17,422.3999938964844,440.6400146484375,412.79998779296875,418.3999938964844,0.0077070847672748855,0.007677536910917933
2022-03-18,438.0799865722656,446.0799865722656,394.239990234375,400.0,-0.04397704150310455,-0.04497335105497863
2022-03-21,396.6400146484375,421.1199951171875,382.239990234375,416.1600036621094,0.04040000915527342,0.039605263392122385
2022-03-22,408.6400146484375,410.3999938964844,391.67999267578125,407.1199951171875,-0.021722434797606605,-0.02196184021307341
2022-03-23,414.3999938964844,415.8399963378906,391.67999267578125,407.8399963378906,0.0017685233575812642,0.0017669613614946617
2022-03-24,400.32000732421875,416.4800109863281,396.0,403.20001220703125,-0.011376971784334722,-0.011442184615992146
2022-03-25,400.79998779296875,412.4800109863281,399.0400085449219,403.20001220703125,0.0,0.0
2022-03-28,411.5199890136719,487.5199890136719,406.3999938964844,411.67999267578125,0.021031696954403323,0.020813583709852094
2022-03-29,401.6000061035156,407.8399963378906,387.5199890136719,397.6000061035156,-0.034201289406246005,-0.03479984060907235
2022-03-30,404.4800109863281,412.9599914550781,396.4800109863281,400.0,0.006036201860267321,0.006018056974668615
2022-03-31,405.2799987792969,416.32000732421875,403.3599853515625,411.20001220703125,0.028000030517578045,0.02761519671933289
2022-04-01,409.1199951171875,414.239990234375,400.0,400.4800109863281,-0.026070041105217268,-0.02641588871095047
2022-04-04,400.1600036621094,404.4800109863281,383.8399963378906,390.8800048828125,-0.0239712491014773,-0.024263235115088985
2022-04-05,393.6000061035156,414.239990234375,386.7359924316406,396.9599914550781,0.015554611380258265,0.015434878416313462
2022-04-06,416.1600036621094,423.5199890136719,389.6000061035156,390.0799865722656,-0.017331733753805922,-0.01748368654770997
2022-04-07,394.8800048828125,399.20001220703125,384.1600036621094,384.79998779296875,-0.01353568232426794,-0.013628124801382408
2022-04-08,389.6000061035156,400.0,379.44000244140625,394.7200012207031,0.02577966149279498,0.02545296880512969
2022-04-11,406.0799865722656,417.6000061035156,396.0,417.6000061035156,0.05796515203702435,0.056347395310500745
2022-04-12,402.8800048828125,421.9200134277344,395.20001220703125,411.8399963378906,-0.013793126631796992,-0.01388913566843358
2022-04-13,412.0,416.32000732421875,392.4800109863281,393.44000244140625,-0.044677530254706666,-0.04570633084252895
2022-04-14,392.32000732421875,401.1199951171875,386.3999938964844,399.8399963378906,0.016266759497688632,0.01613587325454055
2022-04-18,402.3999938964844,409.42401123046875,397.44000244140625,404.9599914550781,0.012805109954184601,0.012723817768451853
2022-04-19,401.2799987792969,403.8399963378906,391.3599853515625,395.67999267578125,-0.022915841009262472,-0.023182490433511053
2022-04-20,389.760009765625,402.7200012207031,388.9599914550781,390.239990234375,-0.013748490047774009,-0.013843875819700587
2022-04-21,387.20001220703125,403.5199890136719,384.1600036621094,397.760009765625,0.019270243233487028,0.01908692343095167
2022-04-22,397.9200134277344,424.0,396.9599914550781,418.3999938964844,0.05189054611855326,0.05058906528906337
2022-04-25,425.6000061035156,431.5199890136719,396.79998779296875,396.79998779296875,-0.05162525434658505,-0.05300555351593099
2022-04-26,403.67999267578125,434.55999755859375,403.3599853515625,421.6000061035156,0.06250004806826337,0.06062466705715228
2022-04-27,416.1600036621094,436.0,408.1600036621094,435.20001220703125,0.03225807852615725,0.031748711886795046
2022-04-28,414.3999938964844,443.3599853515625,408.0,416.6400146484375,-0.04264705201746288,-0.04358314885232781
2022-04-29,424.1600036621094,450.3999938964844,417.44000244140625,443.3599853515625,0.06413203188289884,0.06215947333641756
2022-05-02,462.239990234375,468.4800109863281,440.0,440.0,-0.007578458730095328,-0.007607321162759857
2022-05-03,434.239990234375,444.9599914550781,428.32000732421875,432.79998779296875,-0.016363664106889164,-0.016499027584821135
2022-05-04,425.2799987792969,429.44000244140625,397.6000061035156,397.6000061035156,-0.08133082874829278,-0.08482920919417244
2022-05-05,400.9599914550781,441.2799987792969,400.9599914550781,432.0,0.08651909800908886,0.08297909811079708
2022-05-06,438.3999938964844,455.3599853515625,426.239990234375,433.1199951171875,0.002592581289785789,0.0025892263483016714
2022-05-09,453.2799987792969,459.0400085449219,437.1199951171875,448.1600036621094,0.03472480770797137,0.03413550509081911
2022-05-10,428.79998779296875,454.8800048828125,424.79998779296875,432.8800048828125,-0.03409496308112592,-0.03468975506892223
2022-05-11,434.3999938964844,443.20001220703125,416.4800109863281,436.4800109863281,0.008316406539706556,0.008282015771023107
2022-05-12,439.3599853515625,451.0400085449219,425.2799987792969,430.8800048828125,-0.012829925684021859,-0.012912939989856998
2022-05-13,420.32000732421875,423.67999267578125,412.32000732421875,415.5199890136719,-0.035648012660318584,-0.036298918920987466
2022-05-16,416.0,419.0400085449219,390.3999938964844,395.0400085449219,-0.04928759388294113,-0.05054367424709545
2022-05-17,385.1199951171875,411.8399963378906,385.1199951171875,396.6400146484375,0.004050238125016925,0.004042057990804263
2022-05-18,404.79998779296875,423.5199890136719,392.32000732421875,417.44000244140625,0.05244046748890141,0.051111722018741965
2022-05-19,420.6400146484375,429.760009765625,404.4800109863281,405.67999267578125,-0.02817173652943261,-0.028576173804352532
2022-05-20,398.3999938964844,424.0,395.6000061035156,400.79998779296875,-0.012029197818272941,-0.012102134118596099
2022-05-23,396.9599914550781,410.0799865722656,373.2799987792969,384.9599914550781,-0.03952095015050927,-0.040323108724584465
2022-05-24,390.3999938964844,400.0,382.7200012207031,384.4800109863281,-0.001246832084902505,-0.0012476100267356004
2022-05-25,390.3999938964844,391.20001220703125,369.6000061035156,378.3999938964844,-0.015813610372737874,-0.01593997951474486
2022-05-26,374.239990234375,374.7200012207031,366.239990234375,372.1600036621094,-0.01649046071623883,-0.016627941877477615
2022-05-27,363.5199890136719,365.9200134277344,355.20001220703125,359.3599853515625,-0.034393857976657394,-0.03499924838294073
2022-05-31,364.79998779296875,368.76800537109375,355.20001220703125,360.9599914550781,0.00445237691656275,0.004442494409365816
2022-06-01,354.3999938964844,371.20001220703125,351.3599853515625,356.1600036621094,-0.013297838836983988,-0.013387046827489547
2022-06-02,358.239990234375,360.6400146484375,347.20001220703125,347.20001220703125,-0.02515720845392433,-0.025479060424688237
2022-06-03,354.55999755859375,362.7359924316406,349.44000244140625,350.239990234375,0.008755696775526234,0.008717587947191682
2022-06-06,345.760009765625,359.20001220703125,344.239990234375,352.4800109863281,0.006395673864809437,0.006375308330802933
2022-06-07,352.1600036621094,357.44000244140625,345.760009765625,346.7200012207031,-0.016341379896996244,-0.016476372913922954
2022-06-08,348.0,351.3599853515625,342.3999938964844,348.79998779296875,0.005999038316055083,0.00598111572883516
2022-06-09,348.0,373.44000244140625,345.1199951171875,370.0799865722656,0.06100917294735586,0.05922050516219803
2022-06-10,372.79998779296875,385.6000061035156,367.67999267578125,373.2799987792969,0.00864681237337428,0.008609642803112707
2022-06-13,394.0799865722656,420.6400146484375,392.32000732421875,413.44000244140625,0.1075868082764706,0.10218360205637435
2022-06-14,409.2799987792969,416.9599914550781,400.32000732421875,405.2799987792969,-0.019736850846371223,-0.019934223817920815
2022-06-15,396.79998779296875,400.79998779296875,370.57598876953125,383.5199890136719,-0.05369129942549877,-0.0551864412013289
2022-06-16,399.3599853515625,417.44000244140625,396.6400146484375,406.3999938964844,0.05965792015601279,0.05794613920574217
2022-06-17,402.3999938964844,409.44000244140625,390.55999755859375,394.55999755859375,-0.029133849694167102,-0.029566667457467246
2022-06-21,381.6000061035156,392.0,378.0799865722656,392.0,-0.00648823391736153,-0.006509373997849012
2022-06-22,397.6000061035156,398.54400634765625,376.4800109863281,381.44000244140625,-0.026938769282126906,-0.027308268953033534
2022-06-23,374.7200012207031,383.0400085449219,366.0799865722656,374.3999938964844,-0.01845639812254174,-0.018628842536117244
2022-06-24,369.44000244140625,372.0,364.79998779296875,369.9200134277344,-0.011965759994079117,-0.012037925958332108
2022-06-27,366.239990234375,370.7200012207031,360.0,361.6000061035156,-0.022491368464021,-0.022748156945767047
2022-06-28,356.0,368.9599914550781,354.7200012207031,364.4800109863281,0.007964615138828401,0.007933065004075951
2022-06-29,368.0,373.6000061035156,361.5199890136719,365.44000244140625,0.0026338658531102066,0.0026304033070327654
2022-06-30,372.0,380.32000732421875,364.4800109863281,369.2799987792969,0.010507870819386644,0.010453046865728418
2022-07-01,370.8800048828125,376.6400146484375,358.55999755859375,360.6400146484375,-0.023396837520093028,-0.02367488910474456
2022-07-05,370.239990234375,376.32000732421875,360.32000732421875,360.79998779296875,0.00044358123900134494,0.00044348288592752533
2022-07-06,361.2799987792969,367.0400085449219,354.55999755859375,354.55999755859375,-0.017294873740282934,-0.01744617712210376
2022-07-07,353.9200134277344,357.2799987792969,348.32000732421875,357.2799987792969,0.007671483640095733,0.0076422074420618765
2022-07-08,356.79998779296875,356.79998779296875,349.0400085449219,351.8399963378906,-0.015226160042523751,-0.015343268277190958
2022-07-11,355.67999267578125,360.79998779296875,350.8800048828125,355.3599853515625,0.01000451640037947,0.009954802526714166
2022-07-12,356.79998779296875,363.5199890136719,351.3599853515625,359.67999267578125,0.012156707289215252,0.01208340797740451
2022-07-13,365.760009765625,368.4800109863281,354.55999755859375,358.55999755859375,-0.0031138654915316977,-0.003118723658421524
2022-07-14,367.8399963378906,368.9599914550781,356.79998779296875,357.1199951171875,-0.004016071093292939,-0.004024157163555875
2022-07-15,351.67999267578125,353.9200134277344,341.9200134277344,344.6400146484375,-0.03494618234594993,-0.035571409608527685
2022-07-18,339.8399963378906,352.6400146484375,337.9200134277344,350.55999755859375,0.01717729415777547,0.017031432411239302
2022-07-19,343.67999267578125,349.6000061035156,341.6000061035156,349.6000061035156,-0.002738451225935079,-0.002742207642903873
2022-07-20,347.8399963378906,348.3999938964844,342.0799865722656,345.1199951171875,-0.012814676510622292,-0.012897492747261445
2022-07-21,345.2799987792969,348.0,338.239990234375,339.20001220703125,-0.017153404595251276,-0.01730222858723016
2022-07-22,337.760009765625,350.0799865722656,336.79998779296875,342.3999938964844,0.009433907943081188,0.009389686536441375
2022-07-25,320.9599914550781,338.7200012207031,320.6400146484375,338.3999938964844,-0.011682243198898212,-0.011751016746224342
2022-07-26,343.0400085449219,349.5199890136719,339.5199890136719,346.7200012207031,0.024586310503196485,0.02428893161309195
2022-07-27,339.20001220703125,343.5199890136719,335.5199890136719,340.9599914550781,-0.01661285690281966,-0.016752398019821254
2022-07-28,338.55999755859375,345.44000244140625,331.20001220703125,333.1199951171875,-0.022993889413337687,-0.023262372520159585
2022-07-29,335.0400085449219,339.20001220703125,331.67999267578125,335.0400085449219,0.005763729154291575,0.005747182417570535
2022-08-01,343.67999267578125,348.79998779296875,336.0,348.79998779296875,0.04106966003196577,0.04024870385124534
2022-08-02,350.8800048828125,352.32000732421875,340.32000732421875,346.3999938964844,-0.006880716687148847,-0.006904497969170252
2022-08-03,340.32000732421875,352.6400146484375,336.32000732421875,351.20001220703125,0.013856866036727755,0.013761737450591562
2022-08-04,354.3999938964844,354.3999938964844,341.1199951171875,341.1199951171875,-0.02870164219670246,-0.029121589295658737
2022-08-05,349.1199951171875,351.3599853515625,340.9599914550781,344.0,0.008442791170371278,0.008407350150034413
2022-08-08,341.6000061035156,358.7200012207031,341.6000061035156,353.1199951171875,0.026511613712754345,0.02616627130739839
2022-08-09,357.1199951171875,358.0799865722656,348.9599914550781,351.0400085449219,-0.0058903109453639635,-0.005907727252198887
2022-08-10,344.79998779296875,351.67999267578125,342.7200012207031,343.0400085449219,-0.022789425151738096,-0.023053118076811954
2022-08-11,343.0400085449219,349.760009765625,337.2799987792969,347.0400085449219,0.011660447470739133,0.011592988349074672
2022-08-12,345.1199951171875,352.79998779296875,345.1199951171875,352.79998779296875,0.016597450167770145,0.016461217831346173
2022-08-15,356.4800109863281,356.4800109863281,338.3999938964844,343.8399963378906,-0.02539680205526551,-0.02572486728862719
2022-08-16,341.9200134277344,343.8399963378906,337.1199951171875,340.6400146484375,-0.00930660110381254,-0.009350178095717795
2022-08-17,344.0,346.7200012207031,336.32000732421875,337.6000061035156,-0.008924402343216675,-0.008964463346926039
2022-08-18,338.3999938964844,340.1600036621094,337.44000244140625,338.239990234375,0.0018956875571356502,0.0018938930090555753
2022-08-19,341.6000061035156,344.0,338.3999938964844,338.55999755859375,0.0009460954749822559,0.0009456482087405129
2022-08-22,345.9200134277344,346.3999938964844,336.32000732421875,339.5199890136719,0.002835513533792522,0.0028315010484737434
2022-08-23,337.9200134277344,339.0400085449219,320.9599914550781,322.239990234375,-0.05089537976687741,-0.052236243842448585
2022-08-24,322.3999938964844,322.55999755859375,313.5199890136719,316.79998779296875,-0.016881835297504755,-0.017025957816782563
2022-08-25,312.32000732421875,316.0799865722656,307.3599853515625,315.20001220703125,-0.005050428180518374,-0.005063224696360059
2022-08-26,312.0,339.20001220703125,311.8399963378906,322.3999938964844,0.022842580617427055,0.02258559498935857
2022-08-29,324.4800109863281,324.7200012207031,311.5199890136719,315.3599853515625,-0.021836255205334387,-0.0220781947464546
2022-08-30,315.20001220703125,321.2799987792969,309.1199951171875,311.67999267578125,-0.011669180767112208,-0.01173779999951016
2022-08-31,309.6000061035156,310.7200012207031,304.6400146484375,307.8399963378906,-0.01232031708203063,-0.012396841373811873
2022-09-01,305.9200134277344,317.760009765625,305.9200134277344,311.0400085449219,0.010395050172489206,0.0103413931629773
2022-09-02,307.20001220703125,310.3999938964844,299.5840148925781,305.44000244140625,-0.018004134354654422,-0.018168180773656447
2022-09-06,301.1199951171875,313.0880126953125,300.0,308.0,0.008381343432855903,0.00834641500305743
2022-09-07,310.55999755859375,311.20001220703125,293.44000244140625,296.79998779296875,-0.03636367599685475,-0.03704131280916146
2022-09-08,298.3999938964844,299.67999267578125,289.6000061035156,291.5199890136719,-0.01778975403118921,-0.017949893779181825
2022-09-09,292.0,296.0,288.1600036621094,295.5199890136719,0.013721186027529697,0.013627902889438718
2022-09-12,292.0,293.31201171875,288.4800109863281,290.3999938964844,-0.017325376649735325,-0.01747721734164494
2022-09-13,298.3999938964844,310.2720031738281,294.7200012207031,304.1600036621094,0.0473829547342548,0.04629462884716944
2022-09-14,303.67999267578125,309.9200134277344,302.3999938964844,305.44000244140625,0.004208307351017959,0.004199477190322709
2022-09-15,304.4800109863281,310.3999938964844,301.1199951171875,306.3999938964844,0.0031429788089472055,0.00313804997582876
2022-09-16,316.4800109863281,320.0,314.3999938964844,316.9599914550781,0.03446474467672922,0.03388413804490321
2022-09-19,303.0400085449219,303.5199890136719,285.6000061035156,287.8399963378906,-0.09187277859109422,-0.09637079851175202
2022-09-20,290.0799865722656,297.0400085449219,286.239990234375,294.55999755859375,0.0233463080398828,0.023077951716954932
2022-09-21,291.0400085449219,302.3999938964844,285.760009765625,301.760009765625,0.024443279015165853,0.024149322610865127
2022-09-22,299.20001220703125,307.44000244140625,296.9599914550781,302.55999755859375,0.0026510729290805113,0.0026475650336661655
2022-09-23,308.1600036621094,333.44000244140625,308.1600036621094,317.1199951171875,0.048122678728452994,0.04700063890327427
2022-09-26,325.44000244140625,332.4800109863281,313.1199951171875,328.9599914550781,0.03733601324481395,0.036655901106922587
2022-09-27,320.9599914550781,342.8800048828125,319.67999267578125,335.20001220703125,0.01896893517157472,0.018791268173904835
2022-09-28,332.79998779296875,337.9200134277344,317.1199951171875,321.1199951171875,-0.04200482272401418,-0.04291253518262661
2022-09-29,329.6000061035156,344.0,329.2799987792969,329.9200134277344,0.027404143137631287,0.02703537168610675
2022-09-30,331.20001220703125,339.3599853515625,320.32000732421875,339.3599853515625,0.02861291082572004,0.028211206122915007
2022-10-03,327.67999267578125,330.55999755859375,316.239990234375,322.3999938964844,-0.049976403191756114,-0.051268455950507184
2022-10-04,309.760009765625,314.3999938964844,306.8800048828125,310.239990234375,-0.037717133661031244,-0.03844683168427807
2022-10-05,315.8399963378906,322.3999938964844,310.0799865722656,312.32000732421875,0.006704542145815395,0.006682166659040247
2022-10-06,310.8800048828125,323.0400085449219,308.32000732421875,321.44000244140625,0.029200803353337745,0.028782581986105192
2022-10-07,325.6000061035156,337.3599853515625,324.79998779296875,334.55999755859375,0.04081631103017136,0.04000531972111859
2022-10-10,336.9599914550781,351.1839904785156,336.32000732421875,342.8800048828125,0.02486850605252533,0.024564317582894898
2022-10-11,345.44000244140625,352.9599914550781,337.1199951171875,348.1600036621094,0.015398969622336,0.01528160878013584
2022-10-12,346.239990234375,349.3599853515625,341.1199951171875,344.6400146484375,-0.010110262455902408,-0.010161718274376225
2022-10-13,351.8399963378906,351.8399963378906,332.1600036621094,335.67999267578125,-0.025998205640155425,-0.026342133082731582
2022-10-14,328.9599914550781,348.9599914550781,326.8800048828125,343.20001220703125,0.022402346566163356,0.02215509979319756
2022-10-17,332.9599914550781,334.55999755859375,326.3999938964844,333.44000244140625,-0.028438255881347074,-0.02885045673525631
2022-10-18,326.8800048828125,335.5199890136719,325.44000244140625,327.0400085449219,-0.019193839520226796,-0.019380432743475107
2022-10-19,329.2799987792969,334.79998779296875,324.79998779296875,329.6000061035156,0.007827780980020682,0.007797302849916281
2022-10-20,327.67999267578125,330.239990234375,318.7200012207031,325.2799987792969,-0.013106818095330985,-0.013193470426004349
2022-10-21,323.67999267578125,325.2799987792969,317.2799987792969,324.0,-0.003935067585158714,-0.0039428303349306635
2022-10-24,320.4800109863281,328.9599914550781,318.0799865722656,319.0400085449219,-0.015308615602092956,-0.01542700223562566
2022-10-25,319.3599853515625,320.32000732421875,305.9200134277344,306.7200012207031,-0.038615869465424946,-0.039381230279507864
2022-10-26,308.9599914550781,309.2799987792969,298.2239990234375,299.67999267578125,-0.022952557762466186,-0.023220069021549807
2022-10-27,298.239990234375,299.5199890136719,292.1600036621094,293.760009765625,-0.01975434815416921,-0.019952073579971905
2022-10-28,293.9200134277344,294.0799865722656,284.4800109863281,286.8800048828125,-0.0234204951460264,-0.023699113798451084
2022-10-31,289.1199951171875,289.1199951171875,281.9200134277344,282.55999755859375,-0.015058586345128577,-0.015173118101938835
2022-11-01,279.8399963378906,284.1600036621094,279.0400085449219,279.8399963378906,-0.009626278469014649,-0.009672910591432405
2022-11-02,281.760009765625,288.4800109863281,276.9599914550781,287.0400085449219,0.025729031951307046,0.025403610455676916
2022-11-03,290.55999755859375,294.1600036621094,278.7200012207031,281.1199951171875,-0.020624349399041675,-0.02084000156988141
2022-11-04,274.8800048828125,283.5199890136719,269.3599853515625,277.6000061035156,-0.012521304335554428,-0.012600356450270463
2022-11-07,276.0,278.7200012207031,271.67999267578125,274.55999755859375,-0.01095103918617446,-0.011011443211847726
2022-11-08,272.32000732421875,285.2799987792969,271.8399963378906,282.55999755859375,0.029137529396622064,0.028721101367755072
2022-11-09,283.20001220703125,293.2799987792969,282.7200012207031,291.3599853515625,0.03114378492710701,0.03066865692793624
2022-11-10,274.8800048828125,277.42401123046875,268.79998779296875,275.3599853515625,-0.054914884693908705,-0.05648028643739786
2022-11-11,277.2799987792969,279.5199890136719,271.20001220703125,271.67999267578125,-0.013364297180227025,-0.013454403101831772
2022-11-14,272.0,272.79998779296875,264.4800109863281,271.67999267578125,0.0,0.0
2022-11-15,265.2799987792969,283.0400085449219,264.8160095214844,275.20001220703125,0.012956491556780803,0.012873274252141815
2022-11-16,271.5199890136719,273.2799987792969,267.20001220703125,267.8399963378906,-0.02674424252424712,-0.02710837678777216
2022-11-17,274.239990234375,274.7200012207031,264.6400146484375,265.2799987792969,-0.009557936057332572,-0.009603906282995059
2022-11-18,263.20001220703125,268.32000732421875,262.1600036621094,262.55999755859375,-0.010253321898444634,-0.010306249302054458
2022-11-21,263.0400085449219,263.6000061035156,254.8800048828125,255.52000427246094,-0.026812893630385304,-0.027178916855956876
2022-11-22,253.27999877929688,253.27999877929688,246.24000549316406,246.72000122070312,-0.03443958556909843,-0.0350466058646626
2022-11-23,247.36000061035156,248.24000549316406,240.9600067138672,241.27999877929688,-0.02204929642708575,-0.02229601556238025
2022-11-25,243.0399932861328,244.47999572753906,241.1199951171875,242.55999755859375,0.005305034755357818,0.0052910126285313965
2022-11-28,247.52000427246094,253.60000610351562,244.47999572753906,251.52000427246094,0.03693934203517113,0.03627343383856444
2022-11-29,250.39999389648438,253.23199462890625,246.72000122070312,247.83999633789062,-0.01463107455494439,-0.01473916433495163
2022-11-30,248.0,252.32000732421875,236.63999938964844,238.72000122070312,-0.0367979149933243,-0.03749203976352416
2022-12-01,238.0800018310547,242.9600067138672,233.9199981689453,234.24000549316406,-0.018766738038833997,-0.018945067904977003
2022-12-02,239.0399932861328,239.52000427246094,229.44000244140625,230.0800018310547,-0.01775957805905526,-0.01791917173293321
2022-12-05,233.1199951171875,238.8800048828125,229.36000061035156,234.0800018310547,0.017385257163450296,0.01723586260313882
2022-12-06,233.44000244140625,243.1199951171875,230.72000122070312,241.1199951171875,0.03007515905273217,0.02963176953347571
2022-12-07,242.8800048828125,246.63999938964844,240.47999572753906,244.63999938964844,0.014598558160844988,0.014493025058219658
2022-12-08,244.32000732421875,246.89599609375,237.75999450683594,239.67999267578125,-0.02027471683388604,-0.020483069915323646
2022-12-09,240.9600067138672,245.60000610351562,238.8800048828125,244.8000030517578,0.02136185969807869,0.021136893333970255
2022-12-12,244.32000732421875,246.24000549316406,240.8800048828125,243.36000061035156,-0.005882362840909705,-0.005899732085499879
2022-12-13,229.75999450683594,242.0800018310547,228.9600067138672,233.27999877929688,-0.04142012576337051,-0.04230238743148952
2022-12-14,232.8000030517578,235.52000427246094,223.9199981689453,225.27999877929688,-0.034293552991521925,-0.03489537603643888
2022-12-15,229.60000610351562,244.55999755859375,227.83999633789062,239.36000061035156,0.062500008466569,0.060624629784970345
2022-12-16,244.63999938964844,247.67999267578125,237.1199951171875,240.16000366210938,0.0033422587304390294,0.003336685797731385
2022-12-19,239.0399932861328,239.27999877929688,230.39999389648438,234.39999389648438,-0.023984050956832093,-0.024276351469807052
2022-12-20,235.1999969482422,239.0399932861328,229.75999450683594,232.63999938964844,-0.007508509183721146,-0.007536839942401683
2022-12-21,227.52000427246094,228.16000366210938,222.55999755859375,223.83999633789062,-0.03782669822406037,-0.03856069716478401
2022-12-22,225.27999877929688,246.72000122070312,224.47999572753906,236.0,0.0543245347616681,0.052900310468827816
2022-12-23,236.0,237.75999450683594,227.83999633789062,229.60000610351562,-0.027118618205442258,-0.027493113996942854
2022-12-27,229.75999450683594,234.24000549316406,228.0,229.44000244140625,-0.000696880042926673,-0.0006971229766941408
2022-12-28,227.36000061035156,230.32000732421875,223.27999877929688,228.9600067138672,-0.0020920315656884902,-0.002094222920513463
2022-12-29,225.60000610351562,226.72000122070312,223.1999969482422,226.0800018310547,-0.012578637309404228,-0.012658418096097402
2022-12-30,228.8000030517578,231.0399932861328,225.60000610351562,225.9199981689453,-0.0007077302760680748,-0.0007079808353658153
2023-01-03,224.0,232.0,222.39999389648438,223.83999633789062,-0.009206807046356458,-0.009249451643213977
2023-01-04,222.0800018310547,224.0,217.27999877929688,217.75999450683594,-0.02716226738083405,-0.02753798087939856
2023-01-05,220.0,223.0399932861328,218.39999389648438,219.52000427246094,0.008082337481734925,0.008049850322877482
2023-01-06,215.36000061035156,218.0800018310547,211.1199951171875,214.39999389648438,-0.02332366197306457,-0.02359996327150492
2023-01-09,213.1199951171875,217.75999450683594,211.1999969482422,215.52000427246094,0.005223929141142225,0.0052103317572621734
2023-01-10,216.72000122070312,216.8000030517578,205.9199981689453,206.55999755859375,-0.04157389818227697,-0.04246281720704273
2023-01-11,205.1199951171875,208.63999938964844,204.9600067138672,207.52000427246094,0.004647592589145377,0.004636825877346487
2023-01-12,203.52000427246094,206.39999389648438,196.9600067138672,197.27999877929688,-0.04934466693495032,-0.050603707927956036
2023-01-13,198.72000122070312,198.72000122070312,190.55999755859375,192.32000732421875,-0.025141887093313553,-0.02546334379802401
2023-01-17,195.36000061035156,197.1199951171875,192.16000366210938,193.9199981689453,0.008319419632868641,0.008285004008287349
2023-01-18,192.0,202.24000549316406,190.73599243164062,200.8000030517578,0.03547857336930549,0.03486370957694153
2023-01-19,206.0800018310547,208.63999938964844,198.9600067138672,201.9199981689453,0.005577664841463159,0.00556216726905859
2023-01-20,200.16000366210938,202.39999389648438,193.75999450683594,194.72000122070312,-0.03565767142201537,-0.03630893477639509
2023-01-23,194.72000122070312,196.0800018310547,192.16000366210938,193.27999877929688,-0.0073952466740901945,-0.0074227270775085235
2023-01-24,194.24000549316406,194.72000122070312,184.9600067138672,185.75999450683594,-0.03890730711897361,-0.03968442005244192
2023-01-25,191.83999633789062,197.52000427246094,185.1199951171875,186.0800018310547,0.0017226923647812864,0.0017212102322176136
2023-01-26,183.83999633789062,187.67999267578125,182.39999389648438,183.1999969482422,-0.015477240189557318,-0.015598263028538867
2023-01-27,184.0,184.0,176.9600067138672,180.8000030517578,-0.013100403583316766,-0.013186970744695659
2023-01-30,185.1199951171875,188.72000122070312,183.67999267578125,185.27999877929688,0.02477873701283384,0.02447672295893938
2023-01-31,185.44000244140625,186.72000122070312,179.67999267578125,181.1199951171875,-0.02245252423098687,-0.022708419740380358
2023-02-01,180.63999938964844,185.27999877929688,173.60000610351562,175.67999267578125,-0.030035349978264292,-0.03049565142534201
2023-02-02,171.52000427246094,184.47999572753906,170.24000549316406,179.36000061035156,0.020947222723089354,0.020730846096306602
2023-02-03,184.63999938964844,187.45599365234375,179.07200622558594,181.1199951171875,0.009812636601509661,0.009764805329035302
2023-02-06,183.52000427246094,186.39999389648438,181.75999450683594,185.60000610351562,0.024735043656717748,0.02443408518159451
2023-02-07,187.0399932861328,187.36000061035156,178.24000549316406,179.83999633789062,-0.031034534354554055,-0.03152630689524752
2023-02-08,181.9199981689453,190.0,179.1999969482422,186.55999755859375,0.03736655559132296,0.036685343733513974
2023-02-09,183.1999969482422,193.27999877929688,181.60000610351562,192.47999572753906,0.031732409125305505,0.031239339953772503
2023-02-10,195.8560028076172,199.7760009765625,192.9600067138672,194.72000122070312,0.01163760153203075,0.011570405478774753
2023-02-13,191.83999633789062,192.63999938964844,186.8800048828125,187.0399932861328,-0.03944128947424097,-0.040240173679831986
2023-02-14,184.8000030517578,187.44000244140625,178.39999389648438,180.8000030517578,-0.033361796719213355,-0.03393099699113524
2023-02-15,181.27999877929688,181.75999450683594,176.9600067138672,177.1199951171875,-0.02035402584322321,-0.02056402344476231
2023-02-16,182.24000549316406,186.8800048828125,178.24000549316406,186.8800048828125,0.05510394102691518,0.05363928437542027
2023-02-17,189.9199981689453,194.24000549316406,186.39999389648438,186.72000122070312,-0.0008561839572388541,-0.0008565506920664301
2023-02-21,195.83999633789062,202.8800048828125,193.27999877929688,201.27999877929688,0.0779777070662282,0.07508679237151523
2023-02-22,202.0800018310547,204.32000732421875,194.25599670410156,195.52000427246094,-0.028616825028659476,-0.029034269612359193
2023-02-23,191.36000061035156,197.60000610351562,187.52000427246094,188.63999938964844,-0.035188240243822166,-0.035822264281490365
2023-02-24,195.52000427246094,200.9600067138672,194.39999389648438,196.0,0.039016118713767645,0.0382742256769928
2023-02-27,191.1999969482422,191.1999969482422,186.72000122070312,188.47999572753906,-0.038367368737045604,-0.03912278143527596
2023-02-28,188.47999572753906,188.63999938964844,182.72000122070312,184.63999938964844,-0.020373495463367974,-0.02058389778113679
2023-03-01,185.75999450683594,190.72000122070312,182.8800048828125,186.39999389648438,0.009532032672518564,0.00948688949320321
2023-03-02,189.75999450683594,190.0800018310547,179.52000427246094,179.52000427246094,-0.036909816788106675,-0.03760822337361749
2023-03-03,177.60000610351562,178.72000122070312,173.67999267578125,174.39999389648438,-0.02852055622840688,-0.028935169656034262
2023-03-06,172.63999938964844,173.75999450683594,170.8800048828125,171.36000061035156,-0.01743115477364754,-0.01758486621640851
2023-03-07,171.60000610351562,176.63999938964844,168.9600067138672,175.0800018310547,0.021708690519684826,0.02147641251983573
2023-03-08,176.44000244140625,177.0,171.47999572753906,172.1999969482422,-0.016449650746471867,-0.01658644850962376
2023-03-09,170.8800048828125,191.8800048828125,169.55999755859375,190.0399932861328,0.10360044514549416,0.09857796671855502
2023-03-10,190.8000030517578,230.8000030517578,190.8000030517578,211.72000122070312,0.11408129183591331,0.10803011176542097
2023-03-13,236.75999450683594,238.60000610351562,213.32000732421875,218.16000366210938,0.03041754394613383,0.02996410256824412
2023-03-14,202.75999450683594,212.9199981689453,194.0399932861328,206.63999938964844,-0.05280529922571575,-0.054250609489789596
2023-03-15,223.9199981689453,241.52000427246094,216.68800354003906,219.83999633789062,0.06387919564087774,0.061921846542027904
2023-03-16,228.72000122070312,230.0,201.16000366210938,201.83999633789062,-0.08187773062156667,-0.08542470618674115
2023-03-17,208.0,227.0399932861328,204.60000610351562,223.83999633789062,0.1089972275027733,0.1034562083676057
2023-03-20,224.0399932861328,227.24000549316406,212.0800018310547,212.39999389648438,-0.05110794598181356,-0.052460233924948314
2023-03-21,202.9600067138672,203.0800018310547,193.60000610351562,193.83999633789062,-0.08738228856842234,-0.09143820301599777
2023-03-22,193.8800048828125,202.1999969482422,187.1999969482422,202.16000366210938,0.042922036119500406,0.04202642357900833
2023-03-23,195.72000122070312,210.75999450683594,188.55999755859375,207.55999755859375,0.02671148495579745,0.026360961542282308
2023-03-24,213.0399932861328,221.9600067138672,198.75999450683594,198.9600067138672,-0.04143375865235688,-0.04231660949716911
2023-03-27,194.60000610351562,197.8800048828125,190.27999877929688,191.8800048828125,-0.03558505022186065,-0.03623363115887518
2023-03-28,190.75999450683594,193.16000366210938,186.32000732421875,186.55999755859375,-0.027725699337290854,-0.02811731200539507
2023-03-29,182.16000366210938,183.8000030517578,179.36000061035156,180.44000244140625,-0.03280443394766541,-0.033354564005198414
2023-03-30,179.32000732421875,186.63999938964844,178.83999633789062,180.44000244140625,0.0,0.0
2023-03-31,179.55999755859375,180.60000610351562,177.0,179.63999938964844,-0.004433623591961533,-0.004443481248589102
2023-04-03,179.60000610351562,182.96400451660156,175.0,175.63999938964844,-0.022266755809344008,-0.022518402603397953
2023-04-04,176.67999267578125,183.63999938964844,175.8800048828125,178.67999267578125,0.017308092101439465,0.0171600132747123
2023-04-05,179.75999450683594,183.0399932861328,176.55999755859375,177.0399932861328,-0.009178416481269158,-0.00922079767330386
2023-04-06,178.55999755859375,180.16000366210938,172.36000061035156,173.9199981689453,-0.017623109102500645,-0.017780244975154676
2023-04-10,174.8000030517578,176.83999633789062,171.24000549316406,172.24000549316406,-0.00965957160457942,-0.00970652789614964
2023-04-11,170.52000427246094,171.63999938964844,168.10000610351562,170.55999755859375,-0.009753877618385198,-0.009801758285187725
2023-04-12,167.1999969482422,172.83999633789062,166.47999572753906,171.60000610351562,0.006097611162104943,0.006079095958715554
2023-04-13,168.47999572753906,168.55999755859375,164.60000610351562,165.36000061035156,-0.036363667081689144,-0.03704130355757418
2023-04-14,166.32000732421875,167.47999572753906,162.44000244140625,162.44000244140625,-0.01765843104842446,-0.017816201216875268
2023-04-17,162.0,162.0,157.1199951171875,158.0,-0.027333183788936455,-0.02771368482071793
2023-04-18,157.32000732421875,159.47999572753906,155.47999572753906,156.9600067138672,-0.006582235988182306,-0.00660399443553151
2023-04-19,157.9600067138672,158.60000610351562,154.63999938964844,156.36000061035156,-0.003822668691709552,-0.0038299937631792293
2023-04-20,159.8000030517578,161.1999969482422,155.83999633789062,159.8000030517578,0.022000527167934214,0.021762007601276147
2023-04-21,158.63999938964844,161.55999755859375,156.32000732421875,156.8000030517578,-0.01877346647501832,-0.018951925050483702
2023-04-24,157.1999969482422,159.1199951171875,155.9199981689453,155.9600067138672,-0.005357119397589205,-0.00537152021600445
2023-04-25,158.39999389648438,170.27999877929688,157.0800018310547,169.16000366210938,0.08463706322134001,0.08124542709003402
2023-04-26,166.60000610351562,168.1999969482422,160.24000549316406,164.8800048828125,-0.025301481949870475,-0.02562706805653411
2023-04-27,159.47999572753906,159.60000610351562,155.67999267578125,157.72000122070312,-0.043425542516197235,-0.04439664944743249
2023-04-28,156.8800048828125,156.8800048828125,151.24000549316406,151.44000244140625,-0.03981738987250616,-0.04063179372676682
2023-05-01,150.17999267578125,150.47999572753906,145.44000244140625,148.9600067138672,-0.016376094080549186,-0.0165116644219777
2023-05-02,151.52000427246094,165.9600067138672,151.52000427246094,155.55999755859375,0.04430713310455392,0.04335363499287333
2023-05-03,157.0,160.75999450683594,152.27999877929688,160.39999389648438,0.03111337370693623,0.030639163787329927
2023-05-04,163.83999633789062,172.83999633789062,162.24000549316406,168.24000549316406,0.04887787964467938,0.04772090666463455
2023-05-05,161.1999969482422,161.9600067138672,154.16000366210938,155.0,-0.0786971294630755,-0.0819664471259584
2023-05-08,154.16000366210938,156.36000061035156,152.24000549316406,152.44000244140625,-0.016516113281250022,-0.016654024898064806
2023-05-09,155.0800018310547,156.67999267578125,153.8800048828125,156.1199951171875,0.02414059706667704,0.023853819015210255
2023-05-10,151.0,158.16000366210938,149.1999969482422,151.36000061035156,-0.03048933292153233,-0.03096380170037436
2023-05-11,153.16000366210938,156.8000030517578,149.39999389648438,149.8800048828125,-0.009777984418413377,-0.009826102832385704
2023-05-12,148.16000366210938,153.72000122070312,147.32000732421875,150.0399932861328,0.001067443275341473,0.0010668739628715974
2023-05-15,148.55999755859375,150.55999755859375,146.0,146.0,-0.026926109483545346,-0.027295258758167202
2023-05-16,147.32000732421875,150.52000427246094,146.0399932861328,150.44000244140625,0.030410975626070202,0.029957728122237317
2023-05-17,146.60000610351562,148.60000610351562,144.63999938964844,145.44000244140625,-0.03323584099214183,-0.03380070261505864
2023-05-18,144.9199981689453,145.47999572753906,139.52000427246094,139.60000610351562,-0.04015398954798144,-0.04098241316578537
2023-05-19,138.52000427246094,146.32000732421875,137.67999267578125,143.0800018310547,0.024928335067253338,0.024622693138505874
2023-05-22,143.39999389648438,146.55999755859375,140.9199981689453,143.24000549316406,0.0011182811019132544,0.0011176562913676402
2023-05-23,145.1999969482422,148.1999969482422,141.67999267578125,145.9600067138672,0.01898911698123973,0.018811074086636306
2023-05-24,149.75999450683594,153.33599853515625,149.44000244140625,151.83999633789062,0.04028493665083399,0.039494653177165336
2023-05-25,147.63999938964844,151.0800018310547,146.72000122070312,148.27999877929688,-0.023445716836502428,-0.023724940693292767
2023-05-26,144.9199981689453,145.1999969482422,138.86000061035156,142.60000610351562,-0.038305858662944,-0.03905881926826529
2023-05-30,137.47999572753906,143.44000244140625,136.39999389648438,138.9199981689453,-0.025806506150490183,-0.026145336086615106
2023-05-31,139.75999450683594,141.9199981689453,136.52000427246094,137.83999633789062,-0.007774271849192327,-0.007804649043385757
2023-06-01,135.67999267578125,136.32400512695312,129.72000122070312,129.9600067138672,-0.05716765694557202,-0.05886680318991994
2023-06-02,126.72000122070312,127.5999984741211,123.4000015258789,124.72000122070312,-0.04032013867697759,-0.041155527924856
2023-06-05,124.87999725341797,125.36000061035156,122.12000274658203,122.44000244140625,-0.018280939360016624,-0.01845010052024529
2023-06-06,121.76000213623047,122.12000274658203,114.83999633789062,115.12000274658203,-0.05978438050364476,-0.06164604757928654
2023-06-07,115.80000305175781,117.55999755859375,114.91999816894531,115.63999938964844,0.00451699644423309,0.004506825432575517
2023-06-08,116.0,116.5199966430664,111.55999755859375,112.83999633789062,-0.02421310157848766,-0.024511058190318888
2023-06-09,112.5199966430664,114.95999908447266,111.88800048828125,113.44000244140625,0.005317317644347952,0.005303230625586514
2023-06-12,113.87999725341797,115.5999984741211,113.19999694824219,113.95999908447266,0.0045838913247113755,0.004573417290565577
2023-06-13,112.4000015258789,114.27999877929688,111.76000213623047,113.68000030517578,-0.0024569917650607564,-0.002460015122585872
2023-06-14,113.23999786376953,113.55999755859375,110.08000183105469,110.27999877929688,-0.029908528472480156,-0.030364911386890434
2023-06-15,109.27999877929688,113.31999969482422,109.12000274658203,113.19999694824219,0.026478039547217502,0.026133563723620242
2023-06-16,113.36000061035156,113.87999725341797,109.12000274658203,109.19999694824219,-0.03533568999855097,-0.03597510344578677
2023-06-20,110.08000183105469,112.0199966430664,109.31999969482422,109.4000015258789,0.0018315438024372188,0.0018298685712813583
2023-06-21,108.16000366210938,109.0999984741211,106.73999786376953,107.16000366210938,-0.020475300114503714,-0.020687825084958547
2023-06-22,108.31999969482422,108.5199966430664,103.83999633789062,104.5999984741211,-0.02388955860864228,-0.02417954180755708
2023-06-23,107.12000274658203,108.44000244140625,104.4000015258789,105.91999816894531,0.012619500134608552,0.012540537858480295
2023-06-26,106.04000091552734,106.19999694824219,103.44000244140625,105.72000122070312,-0.0018881887433871425,-0.0018899736188942497
2023-06-27,104.80000305175781,104.83999633789062,100.94000244140625,103.08000183105469,-0.024971617093884846,-0.025288697735058673
2023-06-28,102.23999786376953,102.4000015258789,99.23999786376953,99.31999969482422,-0.03647654316491966,-0.037158445980283235
2023-06-29,99.80000305175781,101.9800033569336,99.63999938964844,101.4800033569336,0.02174792256087721,0.021514810243522222
2023-06-30,99.91999816894531,100.76000213623047,98.68000030517578,100.0,-0.014584187110518787,-0.014691581822744769
2023-07-03,99.63999938964844,100.4000015258789,98.83999633789062,98.95999908447266,-0.010400009155273393,-0.010454467155347829
2023-07-05,101.04000091552734,101.04000091552734,99.33999633789062,100.27999877929688,0.013338719755822348,0.013250542284402056
2023-07-06,105.04000091552734,115.5999984741211,105.04000091552734,106.04000091552734,0.05743919232495687,0.0558501289374716
2023-07-07,107.16000366210938,107.44000244140625,102.0,103.31999969482422,-0.025650709140128236,-0.025985424780672516
2023-07-10,103.76000213623047,105.08000183105469,102.41999816894531,102.63999938964844,-0.0065814973595073045,-0.006603250913090937
2023-07-11,100.83999633789062,103.60399627685547,100.23999786376953,101.87999725341797,-0.007404541511592422,-0.007432091208589086
2023-07-12,98.5199966430664,98.68000030517578,96.04000091552734,96.27999877929688,-0.05496661390941704,-0.05653502291607157
2023-07-13,94.5199966430664,97.0199966430664,93.76000213623047,96.83999633789062,0.005816343640359101,0.005799494017581991
2023-07-14,96.87999725341797,98.16000366210938,95.04000091552734,95.68000030517578,-0.011978480757758647,-0.012050800861907244
2023-07-17,96.0,96.12000274658203,93.72799682617188,95.4800033569336,-0.0020902691012153474,-0.0020924567627389006
2023-07-18,95.31999969482422,95.5999984741211,93.55599975585938,93.91999816894531,-0.01633855397089279,-0.016473500045240213
2023-07-19,93.16000366210938,96.63999938964844,92.91999816894531,95.5999984741211,0.01788756748220721,0.01772946751239042
2023-07-20,96.5999984741211,97.66000366210938,94.72000122070312,95.95999908447266,0.0037656968211041697,0.0037586243344962535
2023-07-21,94.80000305175781,95.44000244140625,93.04000091552734,94.80000305175781,-0.012088328926448955,-0.012161986978261631
2023-07-24,94.72000122070312,94.72000122070312,92.36399841308594,93.19999694824219,-0.01687770097055874,-0.017021752505151276
2023-07-25,93.12000274658203,93.59200286865234,91.27999877929688,93.16000366210938,-0.0004291125262055884,-0.0004292046213327191
2023-07-26,94.27999877929688,94.27999877929688,90.44000244140625,90.68000030517578,-0.026620902312633477,-0.026981655321287004
2023-07-27,89.0,97.23999786376953,88.80000305175781,95.19999694824219,0.049845573752257843,0.04864308073629686
2023-07-28,91.68000030517578,94.08000183105469,90.5479965209961,91.5999984741211,-0.037815111234492216,-0.03854865471902184
2023-07-31,91.12000274658203,92.37999725341797,90.36000061035156,90.4000015258789,-0.013100403583316766,-0.013186970744695659
2023-08-01,92.87999725341797,93.72000122070312,91.68000030517578,91.80000305175781,0.015486742281504595,0.015368046592671299
2023-08-02,97.55999755859375,102.5999984741211,97.19999694824219,100.08000183105469,0.09019606213551556,0.08635755358457221
2023-08-03,103.5999984741211,105.23999786376953,98.31999969482422,99.76000213623047,-0.0031974389385445168,-0.003202561669087357
2023-08-04,96.23999786376953,104.0199966430664,94.4800033569336,103.31999969482422,0.03568562031236011,0.0350636424884663
2023-08-07,101.04000091552734,101.91999816894531,97.68800354003906,97.91999816894531,-0.05226482328521931,-0.053680165209425174
2023-08-08,102.09600067138672,108.83999633789062,99.5199966430664,99.63999938964844,0.017565372271918678,0.017412884203892556
2023-08-09,98.80000305175781,103.0,96.63999938964844,98.76000213623047,-0.00883176694910126,-0.008870998160910271
2023-08-10,95.68000030517578,102.16000366210938,93.44000244140625,99.19999694824219,0.004455192410838471,0.0044452974196373795
2023-08-11,101.04000091552734,101.68000030517578,95.04000091552734,95.31999969482422,-0.03911287674174391,-0.03989833449818997
2023-08-14,96.87999725341797,98.36000061035156,93.44000244140625,93.68000030517578,-0.01720519717686786,-0.017354926481846406
2023-08-15,95.44000244140625,100.08000183105469,95.12000274658203,99.08000183105469,0.057643056237058454,0.05604290055462408
2023-08-16,99.16000366210938,100.91999816894531,96.19999694824219,100.68000030517578,0.01614855111578728,0.016019550196534296
2023-08-17,99.5999984741211,105.55999755859375,98.76000213623047,105.5199966430664,0.048073066380809326,0.04695330329755264
2023-08-18,108.83999633789062,109.31999969482422,101.96399688720703,102.83999633789062,-0.02539803250981132,-0.025726129807901846
2023-08-21,101.80000305175781,103.63999938964844,99.68000030517578,100.12000274658203,-0.02644879121126953,-0.02680485279143805
2023-08-22,98.16000366210938,102.36000061035156,98.04000091552734,100.55999755859375,0.004394674390145736,0.004385046007412716
2023-08-23,99.4800033569336,99.63999938964844,96.91999816894531,97.22000122070312,-0.03321396598030435,-0.033778075830486615
2023-08-24,95.87999725341797,101.58799743652344,95.37999725341797,101.19999694824219,0.040938034124314626,0.0401222625242551
2023-08-25,99.95999908447266,102.4000015258789,95.83999633789062,96.80000305175781,-0.04347820186926199,-0.04445170088870055
2023-08-28,94.91999816894531,95.36000061035156,92.87999725341797,93.0,-0.039256228635922596,-0.040047532655698555
2023-08-29,92.76000213623047,92.91999816894531,89.83999633789062,90.68000030517578,-0.024946233277679752,-0.02526266414851324
2023-08-30,89.68000030517578,90.4800033569336,87.44000244140625,87.95999908447266,-0.029995602244697772,-0.03045467372663323
2023-08-31,87.5999984741211,87.87200164794922,85.55999755859375,86.0,-0.022282845667044193,-0.022534859024601676
2023-09-01,84.68000030517578,85.68000030517578,83.9800033569336,84.83999633789062,-0.013488414675690397,-0.013580209721918222
2023-09-05,85.19999694824219,86.55999755859375,84.0999984741211,85.4000015258789,0.006600721501188733,0.006579032130369098
2023-09-06,85.68000030517578,88.91999816894531,85.4000015258789,86.95999908447266,0.01826695000843781,0.018102113622852016
2023-09-07,89.83999633789062,90.76000213623047,86.36000061035156,86.83999633789062,-0.001379976401166494,-0.0013809294454870662
2023-09-08,86.55999755859375,86.5999984741211,83.83999633789062,85.12000274658203,-0.019806467801036898,-0.020005244978813702
2023-09-11,83.63999938964844,84.83999633789062,82.76000213623047,83.12000274658203,-0.023496239843346478,-0.023776678025962544
2023-09-12,84.0,84.4000015258789,82.19999694824219,83.72000122070312,0.007218460710959995,0.007192532324034155
2023-09-13,83.04000091552734,83.27200317382812,81.55999755859375,82.04000091552734,-0.02006689298471165,-0.020270967794877772
2023-09-14,80.95999908447266,81.21199798583984,79.5199966430664,79.63999938964844,-0.029254040700829265,-0.029690472831590233
2023-09-15,80.14800262451172,83.0,79.08000183105469,82.72000122070312,0.03867405643721078,0.03794495398505486
2023-09-18,83.76000213623047,84.36000061035156,80.83999633789062,82.04000091552734,-0.008220506469305944,-0.008254481153464593
2023-09-19,82.12000274658203,84.12000274658203,81.16000366210938,81.63999938964844,-0.004875688949476875,-0.004887613898193547
2023-09-20,80.31999969482422,84.95999908447266,79.73999786376953,84.72000122070312,0.037726627316036154,0.03703238523631778
2023-09-21,88.63999938964844,91.5199966430664,86.80000305175781,91.23999786376953,0.076959354923535,0.07414165830104832
2023-09-22,90.87999725341797,91.95999908447266,88.19999694824219,91.4800033569336,0.002630485519326875,0.002627031847523179
2023-09-25,94.12000274658203,95.12000274658203,91.04000091552734,91.5999984741211,0.0013117087099276947,0.001310849171618332
2023-09-26,93.68000030517578,100.63999938964844,92.58000183105469,100.16000366210938,0.09344983985350885,0.08933768889236345
2023-09-27,97.23999786376953,101.76000213623047,95.83999633789062,95.87999725341797,-0.04273169181512859,-0.0436715629942352
2023-09-28,95.95999908447266,97.08000183105469,90.7040023803711,91.4800033569336,-0.04589063436093832,-0.04697697506974666
2023-09-29,88.04000091552734,93.44000244140625,87.4800033569336,93.27999877929688,0.01967638124520077,0.01948530366534254
2023-10-02,93.76000213623047,95.55999755859375,91.0,93.44000244140625,0.0017153051479765757,0.0017138356922379234
2023-10-03,96.04000091552734,103.83999633789062,94.54000091552734,102.23999786376953,0.09417803074097231,0.09000342452697148
2023-10-04,100.5999984741211,101.9800033569336,96.72000122070312,97.12000274658203,-0.05007820054935519,-0.05137561414347097
2023-10-05,96.95999908447266,101.4800033569336,95.72000122070312,95.76000213623047,-0.01400330078140799,-0.014102272033591828
2023-10-06,98.83999633789062,101.13999938964844,92.5999984741211,94.55999755859375,-0.012531375844473835,-0.012610555718694912
2023-10-09,97.72000122070312,99.08000183105469,93.12000274658203,93.23999786376953,-0.013959387996031691,-0.014057736582732298
2023-10-10,92.31999969482422,92.36000061035156,88.95999908447266,90.12000274658203,-0.03346198186046767,-0.034034645215476014
2023-10-11,89.0,93.23999786376953,88.0,88.4800033569336,-0.018197950950580077,-0.018365570326934467
2023-10-12,87.5199966430664,94.08000183105469,85.72000122070312,90.4000015258789,0.021699797650322372,0.021467708563271005
2023-10-13,90.19999694824219,103.63999938964844,89.5999984741211,101.27999877929688,0.1203539498868631,0.11364466206578798
2023-10-16,97.4800033569336,97.80000305175781,91.4000015258789,91.63999938964844,-0.09518166968638431,-0.10002109541813353
2023-10-17,95.04000091552734,96.08000183105469,90.19999694824219,94.19999694824219,0.027935372933698632,0.027552298260760517
2023-10-18,96.36000061035156,101.4800033569336,95.63999938964844,100.23999786376953,0.06411890776223705,0.062147140090917714
2023-10-19,98.68000030517578,105.58799743652344,97.19999694824219,105.19999694824219,0.04948123693312034,0.04829598201784967
2023-10-20,105.31999969482422,107.72000122070312,102.76000213623047,105.83999633789062,0.006083644564774282,0.006065213911766617
2023-10-23,107.76000213623047,109.41999816894531,98.76000213623047,102.19999694824219,-0.034391529814757904,-0.034996837297311234
2023-10-24,99.68000030517578,102.23999786376953,97.18000030517578,97.55999755859375,-0.045401169551876785,-0.0464640995859047
2023-10-25,98.04000091552734,106.27999877929688,98.04000091552734,103.91999816894531,0.06519065979405947,0.06315380641944018
2023-10-26,104.16000366210938,107.91999816894531,102.31999969482422,104.83999633789062,0.008852946354460656,0.008813988782250426
2023-10-27,102.83999633789062,108.87999725341797,101.44000244140625,108.31999969482422,0.03319347079828039,0.03265446282186544
2023-10-30,104.16000366210938,104.39600372314453,100.08000183105469,100.23999786376953,-0.07459381327380832,-0.0775225170699562
2023-10-31,99.83999633789062,100.68000030517578,93.68000030517578,93.80000305175781,-0.0642457596693482,-0.06640240072974474
2023-11-01,93.12000274658203,93.12000274658203,89.36000061035156,89.83999633789062,-0.042217554211401276,-0.04313461887929402
2023-11-02,87.80000305175781,89.27999877929688,86.68000030517578,86.76000213623047,-0.034283106936872754,-0.034884559086645894
2023-11-03,85.30000305175781,85.87999725341797,84.16000366210938,84.72000122070312,-0.023513149669177502,-0.023793994879142116
2023-11-06,83.68000030517578,84.34400177001953,81.80000305175781,81.91999816894531,-0.033050082759838006,-0.033608576762372444
2023-11-07,81.76000213623047,82.5999984741211,80.95999908447266,81.5199966430664,-0.004882831235591301,-0.004894791204251021
2023-11-08,80.55999755859375,82.4800033569336,79.63999938964844,80.0,-0.01864569069748223,-0.018821713061323003
2023-11-09,79.12000274658203,83.87999725341797,78.94000244140625,83.08000183105469,0.03850002288818355,0.03777738637368647
2023-11-10,81.5999984741211,81.76000213623047,78.9800033569336,79.72000122070312,-0.04044295301273837,-0.04128351039059187
2023-11-13,80.27999877929688,80.72000122070312,78.04000091552734,78.83999633789062,-0.011038696303782403,-0.011100074822348533
2023-11-14,76.04000091552734,78.41999816894531,75.83200073242188,78.23999786376953,-0.00761033107548148,-0.00763943741162543
2023-11-15,77.0,77.56400299072266,76.28800201416016,76.5999984741211,-0.020961137965570753,-0.02118394159654706
2023-11-16,76.4800033569336,76.95999908447266,75.27999877929688,75.4000015258789,-0.015665756816530485,-0.015789761575424298
2023-11-17,75.04000091552734,75.72000122070312,74.0,74.23999786376953,-0.015384663642363905,-0.015504235547742296
2023-11-20,73.80000305175781,73.95999908447266,72.9000015258789,73.68000030517578,-0.007543070780003824,-0.007571663614329178
2023-11-21,73.95999908447266,74.04000091552734,71.95999908447266,72.23999786376953,-0.019544006995682595,-0.0197375165515265
2023-11-22,71.31999969482422,73.5199966430664,71.08000183105469,72.80000305175781,0.0077520100297392425,0.00772211758495669
2023-11-24,72.04000091552734,72.55999755859375,69.36000061035156,69.68000030517578,-0.04285717878835582,-0.04380266019846688
2023-11-27,70.31999969482422,70.36000061035156,69.72000122070312,70.16000366210938,0.006888681900564464,0.006865063336545291
2023-11-28,69.80000305175781,70.47599792480469,68.80000305175781,69.23999786376953,-0.013112966794736725,-0.013199700805008747
2023-11-29,68.55999755859375,70.55999755859375,68.4800033569336,70.23999786376953,0.014442519220863037,0.014339219458097543
2023-11-30,69.83999633789062,70.76000213623047,69.0,69.16000366210938,-0.01537577213135466,-0.015495205147205123
2023-12-01,68.80000305175781,69.16000366210938,68.0,68.91999816894531,-0.0034702932396684094,-0.003476328674450913
2023-12-04,70.08000183105469,71.27999877929688,69.0,69.12000274658203,0.0029019817607429665,0.0028977791403284464
2023-12-05,69.4000015258789,69.55999755859375,68.5199966430664,68.63999938964844,-0.006944492735242669,-0.006968717944590637
2023-12-06,67.91999816894531,69.4000015258789,67.5199966430664,68.95999908447266,0.004662000257425358,0.004651166791590386
2023-12-07,68.63999938964844,69.37999725341797,68.4800033569336,69.0,0.000580059687621981,0.0005798915180305035
2023-12-08,68.4000015258789,68.4800033569336,66.87999725341797,67.0,-0.02898550724637683,-0.02941388520629334
2023-12-11,66.76000213623047,66.95999908447266,65.33999633789062,65.4800033569336,-0.02268651706069258,-0.022947815621484697
2023-12-12,64.55999755859375,64.95999908447266,63.18000030517578,63.599998474121094,-0.028711129908844613,-0.029131357415211865
2023-12-13,63.20000076293945,64.19999694824219,62.45199966430664,62.84000015258789,-0.011949659430297688,-0.01202163053865215
2023-12-14,62.08000183105469,64.36000061035156,62.08000183105469,62.47999954223633,-0.005728844835732216,-0.005745317610750053
2023-12-15,62.84000015258789,64.80000305175781,62.439998626708984,64.55999755859375,0.033290621504427964,0.032748487940743455
2023-12-18,64.4800033569336,64.95999908447266,64.27999877929688,64.72000122070312,0.002478371563817916,0.0024753054659220745
2023-12-19,65.19999694824219,65.83999633789062,64.80000305175781,65.68000030517578,0.014833112891931899,0.014724178179043503
2023-12-20,65.4000015258789,70.5199966430664,65.0,69.68000030517578,0.06090133954650412,0.05911886713334654
2023-12-21,68.73200225830078,70.30000305175781,67.5199966430664,68.23999786376953,-0.020665936209809277,-0.020882465045166495
2023-12-22,67.87999725341797,69.31999969482422,66.44000244140625,66.44000244140625,-0.02637742495181039,-0.02673155038763261
2023-12-26,66.27999877929688,66.72000122070312,64.63999938964844,64.87999725341797,-0.023479908649372105,-0.02375995401722896
2023-12-27,64.23999786376953,64.23999786376953,62.0,62.08000183105469,-0.04315652806560155,-0.044115462103849916
2023-12-28,61.84000015258789,62.79999923706055,61.63999938964844,61.91999816894531,-0.0025773785017727535,-0.0025807056598701967
2023-12-29,61.959999084472656,63.599998474121094,61.52000045776367,62.08000183105469,0.0025840385471720406,0.0025807056598702504
2024-01-02,63.79999923706055,64.83999633789062,61.720001220703125,62.08000183105469,0.0,0.0
2024-01-03,63.2599983215332,65.4000015258789,62.31999969482422,64.4000015258789,0.03737112800250708,0.03668975143403466
2024-01-04,64.4800033569336,64.68000030517578,63.08000183105469,64.31999969482422,-0.0012422644279369566,-0.0012430366780168702
2024-01-05,63.720001220703125,63.79999923706055,61.599998474121094,62.20000076293945,-0.03296018255509037,-0.033515608115021245
2024-01-08,62.15999984741211,62.439998626708984,60.0,60.7599983215332,-0.023151164368863553,-0.023423361908005386
2024-01-09,61.31999969482422,61.439998626708984,59.20000076293945,59.36000061035156,-0.023041437621065364,-0.023311040961708118
2024-01-10,58.959999084472656,59.20000076293945,58.400001525878906,58.720001220703125,-0.010781660765967538,-0.010840204046526929
2024-01-11,57.880001068115234,60.560001373291016,57.720001220703125,58.400001525878906,-0.00544958597022982,-0.005464489132556437
2024-01-12,58.20000076293945,59.599998474121094,58.13199996948242,59.36000061035156,0.016438340058043455,0.016304693179083295
2024-01-16,60.79999923706055,62.68000030517578,60.040000915527344,61.439998626708984,0.03504039748939447,0.03444045734634678
2024-01-17,63.279998779296875,65.19999694824219,62.20000076293945,63.7599983215332,0.037760412543623945,0.037064941669523024
2024-01-18,62.15999984741211,63.599998474121094,61.279998779296875,61.560001373291016,-0.03450434451312079,-0.03511367687834828
2024-01-19,60.31999969482422,60.72800064086914,59.52000045776367,60.0,-0.025341152347144846,-0.025667769056748654
2024-01-22,59.2400016784668,59.68000030517578,57.79999923706055,58.0,-0.033333333333333326,-0.03390155167568134
2024-01-23,57.2400016784668,57.400001525878906,56.279998779296875,56.31999969482422,-0.02896552250303075,-0.0293933041152365
2024-01-24,55.880001068115234,57.84000015258789,55.7239990234375,57.79999923706055,0.026278401105395144,0.025939056047504214
2024-01-25,57.68000030517578,58.68000030517578,57.36000061035156,58.439998626708984,0.011072653946301081,0.011011800904649482
2024-01-26,58.439998626708984,58.7599983215332,57.36000061035156,58.119998931884766,-0.005475696480902514,-0.005490743059011618
2024-01-29,58.15999984741211,59.215999603271484,57.959999084472656,58.36000061035156,0.004129416429413002,0.00412091378864838
2024-01-30,58.15999984741211,58.279998779296875,57.439998626708984,57.599998474121094,-0.013022654699829883,-0.013108192902081551
2024-01-31,57.720001220703125,61.0,57.560001373291016,60.52000045776367,0.050694480225628835,0.049451355273104486
2024-02-01,59.79999923706055,61.15999984741211,58.79999923706055,60.040000915527344,-0.00793125476876555,-0.007962874470112033
2024-02-02,59.7599983215332,60.439998626708984,58.86000061035156,59.959999084472656,-0.001332475513570408,-0.0013333640484558982
2024-02-05,59.439998626708984,60.68000030517578,57.439998626708984,57.599998474121094,-0.03935958382899163,-0.0401551167545365
2024-02-06,57.08000183105469,57.75600051879883,56.119998931884766,56.20000076293945,-0.024305516463002053,-0.024605770735811612
2024-02-07,55.68000030517578,56.47999954223633,55.599998474121094,56.0,-0.0035587323883337074,-0.0035650797399311485
2024-02-08,55.84000015258789,56.68000030517578,55.47999954223633,55.68000030517578,-0.005714280264718208,-0.005730669228098182
2024-02-09,55.439998626708984,56.279998779296875,55.0,56.08000183105469,0.007183935411037012,0.007158253870044198
2024-02-12,55.720001220703125,57.86000061035156,55.560001373291016,57.279998779296875,0.021397947736472522,0.021172225964136804
2024-02-13,59.15999984741211,65.23999786376953,58.63999938964844,61.31999969482422,0.07053074374344348,0.06815454768560732
2024-02-14,59.0,60.2400016784668,57.84000015258789,58.279998779296875,-0.04957600995852485,-0.05084708864532499
2024-02-15,57.599998474121094,58.86000061035156,57.220001220703125,57.68000030517578,-0.010295101007006813,-0.010348462113978564
2024-02-16,58.040000915527344,58.5,56.47999954223633,57.599998474121094,-0.0013869942897262177,-0.0013879570566438678
2024-02-20,58.47999954223633,60.959999084472656,58.20000076293945,59.47999954223633,0.03263890829719185,0.03211757268496822
2024-02-21,59.784000396728516,60.36000061035156,58.79999923706055,58.959999084472656,-0.008742442195118438,-0.008780881542719268
2024-02-22,56.720001220703125,57.959999084472656,55.959999084472656,57.84000015258789,-0.018995911622727957,-0.01917865186452852
2024-02-23,56.875999450683594,57.279998779296875,55.63999938964844,55.720001220703125,-0.03665281684460564,-0.03734140966919863
2024-02-26,55.2400016784668,55.439998626708984,54.86000061035156,55.15999984741211,-0.010050275682387144,-0.010101120660590698
2024-02-27,54.47999954223633,54.7599983215332,54.01599884033203,54.119998931884766,-0.018854258854319683,-0.019034266592289854
2024-02-28,54.47999954223633,55.439998626708984,54.36000061035156,55.0,0.01626018265859175,0.016129401665937713
2024-02-29,54.0,55.47999954223633,53.959999084472656,54.2400016784668,-0.01381815130060371,-0.013914510655146976
2024-03-01,53.720001220703125,54.720001220703125,53.400001525878906,54.400001525878906,0.0029498496028923515,0.0029455073338171245
2024-03-04,54.15999984741211,54.599998474121094,53.959999084472656,54.279998779296875,-0.0022059327797067096,-0.0022083694334767883
2024-03-05,54.79999923706055,58.18000030517578,54.720001220703125,56.52000045776367,0.04126753369274505,0.04043875343780718
2024-03-06,55.20000076293945,57.20000076293945,54.880001068115234,56.720001220703125,0.0035385838874666398,0.0035323378299644335
2024-03-07,55.52000045776367,57.15999984741211,55.439998626708984,56.439998626708984,-0.004936575951481781,-0.0049488010926979605
2024-03-08,55.63999938964844,59.84000015258789,55.279998779296875,57.91999816894531,0.026222529735072442,0.025884613811208983
2024-03-11,58.439998626708984,59.444000244140625,56.779998779296875,57.31999969482422,-0.010359090004992355,-0.010413118828047694
2024-03-12,55.91999816894531,56.68000030517578,54.34000015258789,54.52000045776367,-0.04884855638464658,-0.05008198241131545
2024-03-13,54.279998779296875,54.7599983215332,53.91999816894531,54.2400016784668,-0.005135707574210113,-0.005148940647260119
2024-03-14,53.880001068115234,57.79999923706055,53.560001373291016,55.63999938964844,0.025811166442818223,0.02548368150826399
2024-03-15,56.487998962402344,58.84000015258789,55.900001525878906,56.7599983215332,0.020129384330890954,0.019929466634957094
2024-03-18,55.880001068115234,55.944000244140625,54.959999084472656,55.439998626708984,-0.023255809264593363,-0.023530492609658765
2024-03-19,55.560001373291016,55.84000015258789,53.84000015258789,53.880001068115234,-0.02813848479863057,-0.028541958744757987
2024-03-20,54.0,54.20000076293945,52.5,52.7599983215332,-0.0207869844910753,-0.021006075330259534
2024-03-21,52.040000915527344,53.0,51.79999923706055,52.279998779296875,-0.009097792977761032,-0.009139430629180522
2024-03-22,52.52000045776367,52.79999923706055,51.68000030517578,52.52000045776367,0.004590697859041315,0.0045801927438951255
2024-03-25,52.560001373291016,52.599998474121094,51.70000076293945,52.31999969482422,-0.0038080876084586324,-0.003815356834510221
2024-03-26,51.7599983215332,52.040000915527344,51.15999984741211,52.040000915527344,-0.005351658656920333,-0.005366030079006262
2024-03-27,51.36000061035156,52.279998779296875,51.040000915527344,51.08000183105469,-0.018447330276395446,-0.018619604225925804
2024-03-28,51.20000076293945,52.040000915527344,50.91999816894531,51.880001068115234,0.015661691628487295,0.015540313025290964
2024-04-01,51.959999084472656,53.31999969482422,51.70000076293945,52.560001373291016,0.01310717600570177,0.013022020267986503
2024-04-02,54.36000061035156,55.79999923706055,53.79999923706055,53.79999923706055,0.02359204397585213,0.023318052682289685
2024-04-03,54.63999938964844,54.91999816894531,52.880001068115234,53.439998626708984,-0.00669146125384279,-0.006713949456128865
2024-04-04,52.63999938964844,57.63999938964844,52.119998931884766,55.97999954223633,0.047529958473050415,0.04643497237945675
2024-04-05,56.720001220703125,57.720001220703125,55.119998931884766,57.040000915527344,0.018935358734529117,0.0187583162466244
2024-04-08,56.0,56.47999954223633,54.36000061035156,54.79999923706055,-0.03927071603284327,-0.04006261212494299
2024-04-09,54.560001373291016,56.84000015258789,54.119998931884766,54.400001525878906,-0.007299228407856018,-0.007325998120575806
2024-04-10,55.7599983215332,57.560001373291016,55.15999984741211,55.439998626708984,0.019117593229024843,0.01893714819974497
2024-04-11,55.599998474121094,57.7599983215332,54.119998931884766,54.36000061035156,-0.01948048418307713,-0.019672729599989437
2024-04-12,56.79999923706055,61.939998626708984,56.79999923706055,59.15999984741211,0.08830020572417907,0.0846170347524615
2024-04-15,57.400001525878906,62.720001220703125,56.720001220703125,62.439998626708984,0.05544284631096663,0.0539604383901027
2024-04-16,61.959999084472656,62.599998474121094,59.2400016784668,60.31999969482422,-0.03395257813119057,-0.03454235501304043
2024-04-17,60.0,62.400001525878906,58.779998779296875,59.720001220703125,-0.009946924356045272,-0.009996725528990136
2024-04-18,58.91999816894531,61.08000183105469,58.2400016784668,59.880001068115234,0.0026791668476497943,0.0026755842775930396
2024-04-19,60.119998931884766,62.81999969482422,59.279998779296875,61.84000015258789,0.03273211505529372,0.032207829357606
2024-04-22,59.47999954223633,59.560001373291016,56.332000732421875,57.08000183105469,-0.07697280578570642,-0.08009658205925037
2024-04-23,55.880001068115234,56.15999984741211,54.52000045776367,54.84000015258789,-0.039243195630875305,-0.04003396721084562
2024-04-24,54.560001373291016,55.84000015258789,54.20000076293945,54.279998779296875,-0.01021154944808278,-0.010264044998868922
2024-04-25,57.36000061035156,58.20000076293945,55.18000030517578,55.52000045776367,0.022844541384546835,0.022587511965907615
2024-04-26,53.959999084472656,54.439998626708984,53.439998626708984,53.720001220703125,-0.03242073527052436,-0.032957930065096716
2024-04-29,53.15999984741211,53.959999084472656,52.439998626708984,52.79999923706055,-0.01712587421327194,-0.017274218115870377
2024-04-30,53.0,54.560001373291016,52.36000061035156,54.439998626708984,0.031060594949730902,0.03058797629488841
2024-05-01,55.0,55.439998626708984,52.31999969482422,54.7599983215332,0.0058780254022126055,0.005860817211424991
2024-05-02,53.599998474121094,55.08000183105469,52.720001220703125,52.959999084472656,-0.03287069562149225,-0.033423075427313355
2024-05-03,51.08000183105469,52.119998931884766,50.880001068115234,51.15999984741211,-0.03398790158945242,-0.03457892061352532
2024-05-06,50.36000061035156,50.439998626708984,49.63999938964844,49.63999938964844,-0.0297107205296554,-0.030161025687232508
2024-05-07,49.560001373291016,50.040000915527344,49.5,49.63999938964844,0.0,0.0
2024-05-08,49.63999938964844,49.720001220703125,49.060001373291016,49.119998931884766,-0.010475432396401474,-0.010530685946977323
2024-05-09,49.119998931884766,49.63999938964844,48.84000015258789,48.91999816894531,-0.004071676858478646,-0.004079988704471367
2024-05-10,48.880001068115234,49.040000915527344,48.15999984741211,48.2400016784668,-0.013900174078710026,-0.013997686176381162
2024-05-13,48.15999984741211,49.040000915527344,48.040000915527344,48.7599983215332,0.010779366189336503,0.010721682977025845
2024-05-14,48.7599983215332,49.08000183105469,47.7599983215332,47.959999084472656,-0.016406875812119415,-0.016542959120124007
2024-05-15,47.0,47.439998626708984,46.08000183105469,46.08000183105469,-0.039199276257422366,-0.039988254945854264
2024-05-16,46.08000183105469,46.540000915527344,45.91999816894531,46.040000915527344,-0.0008680753892762461,-0.0008684523849065218
2024-05-17,46.0,46.20000076293945,45.36000061035156,45.439998626708984,-0.013032195414574899,-0.01311785954833628
2024-05-20,45.47999954223633,45.84000015258789,45.0,45.52000045776367,0.00176060372958875,0.0017590556835731538
2024-05-21,45.57600021362305,45.68000030517578,44.63999938964844,44.7599983215332,-0.01669600458232967,-0.016836953929929576
2024-05-22,44.91999816894531,46.20000076293945,44.47999954223633,45.720001220703125,0.021447786755346643,0.021221019681687294
2024-05-23,44.79999923706055,46.91999816894531,44.560001373291016,46.36000061035156,0.013998236495204486,0.013901166010876015
2024-05-24,46.119998931884766,46.15999984741211,44.7599983215332,45.0,-0.02933564694664592,-0.029774541866709175
2024-05-28,44.84000015258789,46.7599983215332,44.7599983215332,45.959999084472656,0.02133331298828134,0.021108943290144903
2024-05-29,48.0,48.15999984741211,46.91999816894531,47.720001220703125,0.03829421608550643,0.037579189749785455
2024-05-30,47.7599983215332,48.47999954223633,46.68000030517578,47.560001373291016,-0.003352888585901659,-0.0033585221127530253
2024-05-31,46.880001068115234,48.84000015258789,46.0,46.119998931884766,-0.030277594613673298,-0.03074542845611926
2024-06-03,45.63999938964844,47.599998474121094,45.439998626708984,45.84000015258789,-0.006071092493094121,-0.006089596506187349
2024-06-04,46.599998474121094,47.380001068115234,45.84000015258789,46.08000183105469,0.005235638692580702,0.005221980388874523
2024-06-05,45.47999954223633,46.47999954223633,45.040000915527344,45.2400016784668,-0.018229169253673683,-0.018397367774757728
2024-06-06,45.0,45.47999954223633,44.7599983215332,45.0,-0.0053050766923607995,-0.0053191985789873605
2024-06-07,44.91999816894531,45.099998474121094,44.119998931884766,44.52000045776367,-0.01066665649414067,-0.010723953080772902
2024-06-10,45.15999984741211,45.400001525878906,44.279998779296875,44.400001525878906,-0.0026953937702360875,-0.002699032884726351
2024-06-11,45.0,45.599998474121094,44.279998779296875,44.439998626708984,0.0009008355733224338,0.0009004300644702787
2024-06-12,43.47999954223633,43.959999084472656,43.220001220703125,43.560001373291016,-0.019801919005665303,-0.020000604278107792
2024-06-13,43.439998626708984,44.70000076293945,43.2599983215332,43.439998626708984,-0.002754883902634897,-0.00275868557901671
2024-06-14,44.599998474121094,45.7599983215332,44.2400016784668,44.84000015258789,0.032228397102621376,0.03171995759473423
2024-06-17,44.91999816894531,45.47999954223633,44.16400146484375,44.7599983215332,-0.001784162149474744,-0.0017857556624349675
2024-06-18,44.15999984741211,44.959999084472656,44.02000045776367,44.52000045776367,-0.005361882769644222,-0.005376309254918726
2024-06-20,44.439998626708984,46.31999969482422,44.380001068115234,46.20000076293945,0.037735855523397976,0.037041277911987115
2024-06-21,46.31999969482422,46.84000015258789,44.7599983215332,45.15999984741211,-0.022510841955691197,-0.02276807869890112
2024-06-24,45.439998626708984,45.52000045776367,44.31999969482422,44.79999923706055,-0.007971669875286636,-0.008003613511592072
2024-06-25,44.7599983215332,45.08000183105469,43.79999923706055,44.0,-0.017857126131349377,-0.018018488472779644
2024-06-26,44.040000915527344,44.2400016784668,43.400001525878906,43.52000045776367,-0.010909080505371094,-0.010969020852107306
2024-06-27,43.52000045776367,43.599998474121094,43.119998931884766,43.2400016784668,-0.006433795412493448,-0.006454581477691041
2024-06-28,43.15999984741211,43.79999923706055,42.880001068115234,43.68000030517578,0.010175731027505908,0.010124306834811792
2024-07-01,43.2400016784668,43.439998626708984,41.959999084472656,41.959999084472656,-0.039377317048674976,-0.04017357671422859
2024-07-02,42.20000076293945,42.2400016784668,41.36000061035156,41.47999954223633,-0.011439455498318929,-0.011505389383487895
2024-07-03,41.400001525878906,41.80400085449219,41.279998779296875,41.68000030517578,0.004821619217613593,0.004810032441428968
2024-07-05,41.52000045776367,42.15999984741211,41.459999084472656,41.84000015258789,0.0038387679040452483,0.0038314186366182595
2024-07-08,41.36000061035156,41.400001525878906,40.84000015258789,41.08000183105469,-0.018164395763899055,-0.018331393770350167
2024-07-09,41.040000915527344,41.459999084472656,40.880001068115234,41.20000076293945,0.0029211033723481883,0.0029168452401729717
2024-07-10,41.2400016784668,41.279998779296875,40.560001373291016,41.119998931884766,-0.0019417919799324945,-0.0019436797020841571
2024-07-11,40.63999938964844,41.86000061035156,40.57600021362305,41.36000061035156,0.005836616845840803,0.0058196497858786144
2024-07-12,40.70000076293945,40.720001220703125,39.97999954223633,40.63999938964844,-0.01740815304830834,-0.01756145670548983
2024-07-15,40.31999969482422,41.400001525878906,40.119998931884766,41.2400016784668,0.014763836068639069,0.014655911596996054
2024-07-16,41.15999984741211,41.63999938964844,40.959999084472656,41.63999938964844,0.009699265152806724,0.009652529240220425
2024-07-17,42.63999938964844,43.540000915527344,42.08000183105469,43.0,0.032660918114462145,0.03213888660461287
2024-07-18,42.0,44.88800048828125,41.7599983215332,44.2400016784668,0.028837248336437193,0.028429279460543324
2024-07-19,44.959999084472656,46.68000030517578,44.36000061035156,46.119998931884766,0.042495415508382095,0.041617277087271934
2024-07-22,45.2400016784668,45.41999816894531,43.380001068115234,43.68000030517578,-0.05290543545572601,-0.05435633381810299
2024-07-23,43.68000030517578,43.880001068115234,42.68000030517578,43.31999969482422,-0.008241772157426164,-0.00827592333517043
2024-07-24,44.70000076293945,49.66999816894531,44.66999816894531,49.189998626708984,0.1355032080617975,0.12707590780105052
2024-07-25,48.56800079345703,51.040000915527344,46.61000061035156,49.59000015258789,0.008131765339422392,0.008098880688877014
2024-07-26,48.04999923706055,48.459999084472656,46.720001220703125,46.779998779296875,-0.056664677649620354,-0.05833346851655065
2024-07-29,46.369998931884766,47.25,45.68000030517578,45.90999984741211,-0.018597668973642567,-0.018772780123981165
2024-07-30,45.7599983215332,49.13999938964844,45.650001525878906,47.369998931884766,0.03180133063221846,0.03130613944981242
2024-07-31,46.117000579833984,46.540000915527344,44.619998931884766,46.25,-0.023643634307344175,-0.02392763042887822
2024-08-01,46.11000061035156,52.130001068115234,45.83000183105469,50.5099983215332,0.09210807181693403,0.08810983929114037
2024-08-02,54.459999084472656,64.44999694824219,53.81999969482422,62.68000030517578,0.2409424349248952,0.21587111910703582
2024-08-05,90.08000183105469,91.0199966430664,72.37000274658203,87.26000213623047,0.3921506335574316,0.3308497698200638
2024-08-06,77.4800033569336,80.41999816894531,62.0,70.47000122070312,-0.19241348274682324,-0.21370508751543404
2024-08-07,61.43000030517578,71.80000305175781,60.380001068115234,68.95500183105469,-0.02149850097069883,-0.021732960180596894
2024-08-08,67.73999786376953,67.73999786376953,62.61000061035156,63.470001220703125,-0.07954463729535177,-0.08288677192950701
2024-08-09,62.72999954223633,64.05000305175781,54.5099983215332,55.779998779296875,-0.12115963909731053,-0.1291520122360374
2024-08-12,54.724998474121094,56.16999816894531,51.220001220703125,54.7599983215332,-0.018286132665572108,-0.01845539054618048
2024-08-13,53.34000015258789,53.5,50.33000183105469,50.41999816894531,-0.07925493582203558,-0.08257208432518419
2024-08-14,49.47999954223633,49.900001525878906,47.060001373291016,47.13999938964844,-0.06505352833029443,-0.06726600088338519
2024-08-15,45.83000183105469,46.560001373291016,44.65999984741211,45.334999084472656,-0.038290206375610314,-0.039042543657043405
2024-08-16,46.119998931884766,46.45000076293945,45.0,45.22999954223633,-0.002316081269587822,-0.0023187675343513577
2024-08-19,45.290000915527344,45.45000076293945,44.029998779296875,44.43000030517578,-0.017687358946654408,-0.017845649552449768
2024-08-20,44.7400016784668,46.43899917602539,44.52000045776367,46.16999816894531,0.03916267953675523,0.03841527304342146
2024-08-21,46.06999969482422,48.0099983215332,45.9900016784668,46.88999938964844,0.015594568968109845,0.015474223224900965
2024-08-22,46.349998474121094,49.15999984741211,46.189998626708984,48.8650016784668,0.04211990434050561,0.041257008055031213
2024-08-23,47.54999923706055,48.13999938964844,45.72999954223633,45.939998626708984,-0.05985885503502941,-0.06172526077204991
2024-08-26,45.65999984741211,47.04999923706055,45.56999969482422,45.900001525878906,-0.0008706378325145092,-0.0008710170577600865
2024-08-27,46.529998779296875,46.91999816894531,44.94499969482422,44.9900016784668,-0.01982570407757045,-0.02002487014941508
2024-08-28,45.04999923706055,48.2400016784668,44.90999984741211,47.58000183105469,0.05756834976575531,0.0559722631978831
2024-08-29,46.02000045776367,46.58000183105469,45.15800094604492,45.8849983215332,-0.0356242842432003,-0.036274313667398396
2024-08-30,45.040000915527344,46.0,44.36000061035156,44.5,-0.030184120566552175,-0.030649040518922983
2024-09-03,45.619998931884766,55.20000076293945,45.52000045776367,53.540000915527344,0.2031460879893785,0.18493986601988743
2024-09-04,55.029998779296875,56.209999084472656,51.2400016784668,54.970001220703125,0.02670900785810515,0.026358548887201707
2024-09-05,53.9900016784668,54.63999938964844,51.400001525878906,52.2400016784668,-0.049663443362052195,-0.05093908698119298
2024-09-06,51.34000015258789,58.58000183105469,50.70000076293945,56.11000061035156,0.07408114103258101,0.07146554354255778
2024-09-09,54.97999954223633,55.54999923706055,51.94499969482422,52.45000076293945,-0.06522901100694134,-0.06745371125230902
2024-09-10,51.95000076293945,54.90999984741211,51.400001525878906,51.52000045776367,-0.01773117810577629,-0.017890258707076938
2024-09-11,50.77000045776367,55.70500183105469,49.290000915527344,49.33000183105469,-0.04250773694197374,-0.043437638317134986
2024-09-12,49.849998474121094,51.02000045776367,48.880001068115234,48.939998626708984,-0.00790600425439647,-0.00793742241030971
2024-09-13,49.20000076293945,49.369998931884766,47.709999084472656,48.790000915527344,-0.003064930841656821,-0.003069637361420863
2024-09-16,49.06999969482422,50.45000076293945,48.959999084472656,49.2400016784668,0.009223216939851397,0.009180942811320585
2024-09-17,49.150001525878906,51.06999969482422,48.70000076293945,50.29999923706055,0.021527163331866772,0.021298726534193423
2024-09-18,50.099998474121094,50.930999755859375,47.560001373291016,49.880001068115234,-0.008349864320392753,-0.008384919712378047
2024-09-19,47.970001220703125,48.72999954223633,47.349998474121094,47.720001220703125,-0.04330392544423667,-0.044269519415283065
2024-09-20,48.060001373291016,48.25,46.93000030517578,47.43000030517578,-0.0060771355429372065,-0.006095676486524247
2024-09-23,47.060001373291016,48.150001525878906,46.630001068115234,47.72999954223633,0.0063250945631516675,0.006305175103388755
2024-09-24,47.45000076293945,49.358001708984375,47.14500045776367,47.7599983215332,0.0006285099431089236,0.0006283125134546328
2024-09-25,48.029998779296875,48.59000015258789,47.439998626708984,48.40999984741211,0.013609747670067396,0.013517966859043041
2024-09-26,48.150001525878906,48.95000076293945,48.0,48.47999954223633,0.0014459759356508783,0.001444931519127187
2024-09-27,48.400001525878906,50.768001556396484,48.34000015258789,50.72999954223633,0.04641089152733535,0.04536611023632963
2024-09-30,51.0,52.16999816894531,49.529998779296875,49.599998474121094,-0.022274809349730584,-0.022526639587874972
2024-10-01,49.5,54.060001373291016,49.5,53.43000030517578,0.07721778122741263,0.07438158871417963
2024-10-02,53.529998779296875,55.119998931884766,52.38999938964844,52.709999084472656,-0.013475598289176438,-0.01356721818339753
2024-10-03,53.900001525878906,55.400001525878906,53.0099983215332,55.09000015258789,0.045152743491819525,0.04416304075644223
2024-10-04,53.88999938964844,54.75299835205078,52.720001220703125,53.0,-0.0379379224323656,-0.03867630070229618
2024-10-07,53.970001220703125,58.15999984741211,53.849998474121094,57.720001220703125,0.08905662680571935,0.08531184150225087
2024-10-08,55.68000030517578,56.36000061035156,54.67499923706055,55.38999938964844,-0.04036732123662812,-0.0412046940285255
2024-10-09,55.0,55.279998779296875,53.720001220703125,54.029998779296875,-0.02455317973167781,-0.024859635762934807
2024-10-10,54.279998779296875,55.45000076293945,54.185001373291016,54.709999084472656,0.012585606524876392,0.012507066078635505
2024-10-11,54.810001373291016,54.900001525878906,53.630001068115234,54.06999969482422,-0.011698033272862451,-0.01176699359172135
2024-10-14,53.310001373291016,53.52000045776367,51.59000015258789,52.150001525878906,-0.03550949102611334,-0.03615528704362254
2024-10-15,51.22999954223633,54.07500076293945,50.86000061035156,53.849998474121094,0.03259821473636171,0.032078164560466145
2024-10-16,53.720001220703125,54.61000061035156,52.970001220703125,53.33000183105469,-0.009656391045513302,-0.009703316319738515
2024-10-17,52.810001373291016,53.5,52.34000015258789,52.45000076293945,-0.016501050776315584,-0.016638709558592087
2024-10-18,52.09000015258789,52.38999938964844,51.13999938964844,51.209999084472656,-0.023641595051090425,-0.02392554179178241
2024-10-21,51.599998474121094,52.709999084472656,51.09000015258789,51.349998474121094,0.0027338291769445355,0.0027300990627436676
2024-10-22,52.040000915527344,52.56999969482422,50.810001373291016,51.150001525878906,-0.003894780023079858,-0.00390238443021115
2024-10-23,51.75,55.09000015258789,51.61000061035156,53.720001220703125,0.05024437181148378,0.04902287214938559
2024-10-24,52.529998779296875,55.25,52.46500015258789,52.810001373291016,-0.01693968404195434,-0.017084801655259364
2024-10-25,52.189998626708984,55.38999938964844,51.720001220703125,55.290000915527344,0.046960792988931965,0.04589148418526812
2024-10-28,53.060001373291016,53.380001068115234,52.0099983215332,52.709999084472656,-0.046663081720625055,-0.0477869034105081
2024-10-29,52.84000015258789,53.25,51.709999084472656,52.47999954223633,-0.004363489778623109,-0.0043730375847732626
2024-10-30,52.95000076293945,53.91999816894531,52.119998931884766,53.7599983215332,0.024390220854836775,0.024097529080210435
2024-10-31,55.209999084472656,58.0,55.099998474121094,57.869998931884766,0.07645090659731912,0.07366943213518493
2024-11-01,56.310001373291016,57.04999923706055,54.959999084472656,56.849998474121094,-0.017625721040089415,-0.0177829037724913
2024-11-04,56.369998931884766,56.709999084472656,54.150001525878906,54.470001220703125,-0.0418645086595979,-0.04276607954996519
2024-11-05,53.689998626708984,53.689998626708984,51.40999984741211,51.54999923706055,-0.05360752557745008,-0.05509791814316201
2024-11-06,46.0,48.4900016784668,46.0,46.7400016784668,-0.09330742249818935,-0.09795183064155359
2024-11-07,45.7400016784668,45.7400016784668,44.84000015258789,45.09000015258789,-0.035301700184556584,-0.035939869204359105
2024-11-08,45.029998779296875,45.61000061035156,44.56999969482422,44.77000045776367,-0.007096910484393759,-0.007122213339406468
2024-11-11,44.369998931884766,44.75,43.91999816894531,44.650001525878906,-0.002680342431489846,-0.0026839409809330363
2024-11-12,44.91999816894531,45.72999954223633,44.36000061035156,44.52000045776367,-0.0029115579769888322,-0.002915804807180236
2024-11-13,44.2400016784668,44.779998779296875,43.349998474121094,43.53499984741211,-0.02212490117303656,-0.022373327913915542
2024-11-14,43.27000045776367,43.84000015258789,42.779998779296875,43.47999954223633,-0.0012633583408419025,-0.0012641570507660228
2024-11-15,44.15999984741211,48.630001068115234,43.95000076293945,46.59000015258789,0.07152715370501594,0.0690848773789611
2024-11-18,46.310001373291016,46.63999938964844,44.150001525878906,44.88999938964844,-0.036488533105210275,-0.03717088990659004
2024-11-19,47.52000045776367,47.619998931884766,45.209999084472656,46.380001068115234,0.03319228555860465,0.032653315659800376
2024-11-20,46.43000030517578,49.83000183105469,46.34000015258789,48.029998779296875,0.03557562900350941,0.03495743540426539
2024-11-21,46.58000183105469,49.27000045776367,46.43000030517578,47.650001525878906,-0.007911664856876222,-0.007943128138449352
2024-11-22,47.290000915527344,47.560001373291016,45.720001220703125,45.7599983215332,-0.039664284235525926,-0.04047235173109257
2024-11-25,44.38999938964844,46.24599838256836,43.880001068115234,43.880001068115234,-0.04108385756940247,-0.04195165064299835
2024-11-26,44.040000915527344,44.060001373291016,43.22999954223633,43.61000061035156,-0.006153155223140194,-0.006172163898407937
2024-11-27,43.689998626708984,44.81999969482422,43.31999969482422,43.45000076293945,-0.0036688797333823686,-0.0036756265799323872
2024-11-29,43.0,43.08000183105469,42.41999816894531,42.584999084472656,-0.01990797844138581,-0.020108812176199885
2024-12-02,42.619998931884766,42.7400016784668,42.13999938964844,42.29999923706055,-0.006692493918968423,-0.0067149890783833235
2024-12-03,42.599998474121094,43.2400016784668,41.709999084472656,42.06999969482422,-0.005437341522096739,-0.005452177667409009
2024-12-04,41.68000030517578,42.38999938964844,41.29999923706055,42.33000183105469,0.006180226720145621,0.0061612074410683495
2024-12-05,42.560001373291016,42.70000076293945,42.11000061035156,42.41999816894531,0.0021260650601861997,0.0021238081821463865
2024-12-06,41.68000030517578,42.18000030517578,41.470001220703125,41.7599983215332,-0.015558695801530686,-0.01568100259043213
2024-12-09,41.66999816894531,43.06999969482422,41.59000015258789,42.88999938964844,0.027059413638255814,0.026699780916950654
2024-12-10,42.45000076293945,42.86000061035156,42.02000045776367,42.459999084472656,-0.010025654261948125,-0.010076249585166482
2024-12-11,41.59000015258789,42.33000183105469,41.380001068115234,42.130001068115234,-0.007771974175055929,-0.007802333369229284
2024-12-12,42.2400016784668,42.91999816894531,41.8390007019043,42.470001220703125,0.008070262140230655,0.008037871724127885
2024-12-13,41.970001220703125,43.029998779296875,41.75,42.5,0.0007063522117878307,0.0007061028624763314
2024-12-16,42.29999923706055,43.459999084472656,42.29999923706055,43.220001220703125,0.016941205193014675,0.016799303392309225
2024-12-17,43.75,44.5,43.2400016784668,44.290000915527344,0.02475704915787169,0.024455559283623925
2024-12-18,44.0,51.88999938964844,43.380001068115234,51.720001220703125,0.16775796232984375,0.15508563889950078
2024-12-19,49.59000015258789,56.849998474121094,48.88999938964844,56.13999938964844,0.08546013272667952,0.08200398255597623
2024-12-20,55.81999969482422,55.97999954223633,47.625,48.08000183105469,-0.1435696053833574,-0.15498223175132966
2024-12-23,46.91999816894531,48.81999969482422,44.380001068115234,44.380001068115234,-0.07695508781261395,-0.08007738673851336
2024-12-24,43.970001220703125,44.04999923706055,42.18000030517578,42.279998779296875,-0.047318662421734436,-0.04847480944178263
2024-12-26,42.61000061035156,44.01599884033203,42.255001068115234,42.54999923706055,0.006386009119183855,0.006365704958805502
2024-12-27,43.18000030517578,46.869998931884766,43.0880012512207,44.43000030517578,0.04418333964334775,0.04323508672754342
2024-12-30,46.91999816894531,48.4900016784668,44.13999938964844,45.529998779296875,0.024758011851576667,0.02445649871922339
2024-12-31,44.68000030517578,46.2599983215332,44.369998931884766,45.79999923706055,0.0059301661542421336,0.005912651926344671
2025-01-02,45.099998474121094,49.018001556396484,44.849998474121094,46.84000015258789,0.022707443948728034,0.02245346752508472
2025-01-03,46.0,46.29999923706055,44.09000015258789,44.099998474121094,-0.05849704674510792,-0.06027779413478627
2025-01-06,43.81999969482422,44.880001068115234,43.279998779296875,43.900001525878906,-0.004535078348348431,-0.004545393013184243
2025-01-07,43.4900016784668,47.400001525878906,43.400001525878906,46.40999984741211,0.057175358412084876,0.055600595126074105
2025-01-08,47.08000183105469,48.61000061035156,45.93000030517578,46.34000015258789,-0.0015082890552545747,-0.0015094276682406983
2025-01-10,47.93000030517578,50.470001220703125,47.59000015258789,49.45000076293945,0.06711265861266691,0.06495655120020342
2025-01-13,51.11000061035156,51.5,48.119998931884766,48.52000045776367,-0.018806881513190432,-0.01898597998683851
2025-01-14,47.630001068115234,49.060001373291016,46.42399978637695,47.41999816894531,-0.02267111043776482,-0.022932051486679452
2025-01-15,45.04999923706055,45.154998779296875,43.43000030517578,43.54999923706055,-0.08161111516910968,-0.08513435624389551
2025-01-16,43.43000030517578,43.90999984741211,43.112998962402344,43.619998931884766,0.0016073408966825742,0.0016060505068493497
2025-01-17,42.970001220703125,43.959999084472656,42.77000045776367,43.959999084472656,0.007794593326763355,0.007764372422388416
2025-01-21,43.029998779296875,43.400001525878906,41.97999954223633,42.11000061035156,-0.042083678631707255,-0.042994852040992355
2025-01-22,42.08000183105469,42.86000061035156,41.97999954223633,42.75,0.015198275477847245,0.01508393871471394
2025-01-23,42.54999923706055,42.61000061035156,41.70000076293945,41.93000030517578,-0.019181279411092822,-0.019367626921877552
2025-01-24,41.61000061035156,42.150001525878906,41.459999084472656,41.7400016784668,-0.004531329008493512,-0.004541626599408536
2025-01-27,46.70000076293945,46.91999816894531,43.939998626708984,44.4900016784668,0.0658840414330577,0.0638045406832996
2025-01-28,44.0,45.209999084472656,42.73500061035156,43.02000045776367,-0.0330411590299986,-0.03359934806448111
2025-01-29,42.900001525878906,44.560001373291016,42.65999984741211,42.90999984741211,-0.00255696441611053,-0.0025602390328665556
2025-01-30,42.29999923706055,43.2400016784668,42.15999984741211,42.68000030517578,-0.005360045282083559,-0.005374461863559444
2025-01-31,42.13999938964844,44.720001220703125,41.91999816894531,44.119998931884766,0.033739424002168006,0.033182736592105154
2025-02-03,47.130001068115234,48.20000076293945,43.47999954223633,45.06999969482422,0.02153220276378809,0.021303659755425225
2025-02-04,44.52000045776367,45.06999969482422,43.41999816894531,43.689998626708984,-0.030619060959827582,-0.031097618400678234
2025-02-05,43.7400016784668,44.29999923706055,42.70000076293945,42.79999923706055,-0.020370780902344898,-0.020581126768664724
2025-02-06,42.38999938964844,43.33000183105469,42.34000015258789,42.529998779296875,-0.0063084220228181165,-0.006328404198687142
2025-02-07,42.189998626708984,44.11600112915039,42.130001068115234,43.959999084472656,0.03362333285257213,0.033070428145672154
2025-02-10,43.16999816894531,43.59000015258789,42.83000183105469,42.849998474121094,-0.025250241889646308,-0.0255744992750357
2025-02-11,43.13999938964844,43.33000183105469,42.560001373291016,42.900001525878906,0.0011669324046303942,0.0011662520682315292
2025-02-12,43.970001220703125,44.2599983215332,42.63999938964844,42.869998931884766,-0.0006993611404895184,-0.0006996058075723492
2025-02-13,42.810001373291016,43.29999923706055,42.060001373291016,42.060001373291016,-0.018894275222183676,-0.019075052769356827
2025-02-14,42.08000183105469,42.470001220703125,41.83000183105469,42.0,-0.0014265661277205188,-0.00142758464194607
2025-02-18,41.75,42.165000915527344,41.439998626708984,41.79999923706055,-0.004761922927129847,-0.004773297004797881
2025-02-19,42.20000076293945,42.20000076293945,41.27000045776367,41.27000045776367,-0.012679396865322712,-0.012760466422156868
2025-02-20,41.310001373291016,42.29999923706055,41.040000915527344,41.4900016784668,0.005330778247222945,0.00531661994309334
2025-02-21,41.5099983215332,44.8650016784668,41.4900016784668,44.33000183105469,0.06845022987940363,0.06620921526254558
2025-02-24,43.849998474121094,45.7599983215332,43.08000183105469,44.70000076293945,0.008346467778071798,0.008311828625467246
2025-02-25,45.0,47.029998779296875,44.02000045776367,45.13999938964844,0.009843369557026582,0.009795239180568018
2025-02-26,44.56999969482422,45.439998626708984,43.040000915527344,44.099998474121094,-0.023039453468974513,-0.02330901001571675
2025-02-27,43.47999954223633,46.790000915527344,43.25,46.56999969482422,0.05600909991306646,0.05449680258885965
2025-02-28,47.130001068115234,48.150001525878906,45.38999938964844,45.83000183105469,-0.01589001220998021,-0.016017611967008943
2025-03-03,44.5099983215332,50.775001525878906,44.5099983215332,49.290000915527344,0.07549637674524678,0.07278230081736649
2025-03-04,51.56999969482422,54.505001068115234,48.33000183105469,50.59000015258789,0.02637450218936843,0.02603269202842359
2025-03-05,50.22999954223633,51.75,48.27000045776367,48.45000076293945,-0.042300837778095346,-0.043221577236292344
2025-03-06,51.470001220703125,53.904998779296875,50.15999984741211,53.72999954223633,0.10897830126218833,0.10343914213730697
2025-03-07,53.38999938964844,55.34000015258789,51.02000045776367,51.22999954223633,-0.04652894139771557,-0.047646207205376705
2025-03-10,53.939998626708984,57.869998931884766,53.52000045776367,56.47999954223633,0.10247901711714169,0.0975612960644559
2025-03-11,57.31999969482422,60.275001525878906,55.939998626708984,56.939998626708984,0.008144459776928015,0.008111472651573056
2025-03-12,54.709999084472656,57.38999938964844,53.529998779296875,53.970001220703125,-0.05216012429991024,-0.05356969848294852
2025-03-13,54.15999984741211,57.56999969482422,53.220001220703125,56.279998779296875,0.042801510215783045,0.041910851307636804
2025-03-14,54.529998779296875,54.83000183105469,51.27000045776367,51.529998779296875,-0.08439943324496535,-0.0881750719054082
2025-03-17,50.94300079345703,50.95000076293945,49.220001220703125,49.5099983215332,-0.03920047556017492,-0.03998950317919904
2025-03-18,49.29999923706055,51.63999938964844,49.029998779296875,50.79999923706055,0.026055361730163762,0.02572170409418324
2025-03-19,50.40999984741211,50.810001373291016,48.0,49.18000030517578,-0.03188974323257299,-0.032409296572614155
2025-03-20,50.0099983215332,50.310001373291016,47.89400100708008,48.33000183105469,-0.017283417422663927,-0.01743451924983378
2025-03-21,49.2400016784668,49.97999954223633,48.099998474121094,48.099998474121094,-0.004759018171313301,-0.0047703783548341365
2025-03-24,46.709999084472656,46.7400016784668,45.15999984741211,45.45000076293945,-0.055093509256708195,-0.05666930797882651
2025-03-25,44.939998626708984,45.79999923706055,44.849998474121094,45.79999923706055,0.007700736375047201,0.007671237052238108
2025-03-26,45.0,47.97999954223633,45.0,46.939998626708984,0.0248908167825026,0.024586086704498203
2025-03-27,47.68000030517578,48.459999084472656,46.584999084472656,47.18000030517578,0.005112946005290997,0.005099919281287575
2025-03-28,48.060001373291016,51.70000076293945,47.470001220703125,51.41999816894531,0.08986854252530363,0.08605708578010826
2025-03-31,54.349998474121094,55.310001373291016,50.84000015258789,51.470001220703125,0.0009724436705251804,0.0009719711534850003
2025-04-01,52.16999816894531,54.0,50.689998626708984,51.47999954223633,0.00019425531952732555,0.0001942364544058038
2025-04-02,53.650001525878906,53.650001525878906,49.18000030517578,50.09000015258789,-0.02700076538477869,-0.02737198342005771
2025-04-03,57.5099983215332,62.61000061035156,55.93000030517578,62.4900016784668,0.24755443178488923,0.22118518038495638
2025-04-04,69.93000030517578,76.45999908447266,66.72000122070312,74.8499984741211,0.19779159007309466,0.18047951967905723
2025-04-07,81.73999786376953,84.81999969482422,68.2300033569336,74.3499984741211,-0.006680026856284771,-0.006702438096566963
2025-04-08,67.87999725341797,91.19000244140625,67.30999755859375,85.41999816894531,0.1488903822732066,0.1387965915941724
2025-04-09,87.18000030517578,89.2300033569336,63.349998474121094,67.79000091552734,-0.20639191795051348,-0.23116553902919973
2025-04-10,72.08999633789062,87.05000305175781,69.61000061035156,79.19999694824219,0.16831384980998543,0.15556155533986457
2025-04-11,81.63999938964844,85.79000091552734,76.63999938964844,77.12000274658203,-0.02626255406322109,-0.02661357437140071
2025-04-14,70.5199966430664,75.75,68.02999877929688,68.02999877929688,-0.11786830450661556,-0.12541391950331415
2025-04-15,68.5,69.37000274658203,65.69000244140625,68.31999969482422,0.004262838758356757,0.0042537786000868775
2025-04-16,70.66000366210938,75.30999755859375,68.38999938964844,73.36000061035156,0.07377050553337705,0.07117629125470407
2025-04-17,71.66999816894531,73.0999984741211,70.94000244140625,71.33999633789062,-0.027535499668137953,-0.027921707670600013
2025-04-21,72.25,77.62000274658203,72.05999755859375,76.5199966430664,0.0726100444502622,0.07009497210447581
2025-04-22,73.08000183105469,73.48999786376953,70.56999969482422,70.94000244140625,-0.07292203928978824,-0.07571761694147365
2025-04-23,67.61000061035156,70.76000213623047,66.29000091552734,68.37999725341797,-0.03608690583430341,-0.036754139715860085
2025-04-24,67.81999969482422,68.04000091552734,65.62000274658203,65.86000061035156,-0.036852833347261416,-0.03754905782907451
2025-04-25,65.77999877929688,67.26000213623047,63.209999084472656,63.34000015258789,-0.03826298867916489,-0.03901424269610467
2025-04-28,62.31999969482422,66.1050033569336,62.31999969482422,63.68000030517578,0.0053678584112539784,0.005353502808938278
2025-04-29,64.27999877929688,64.69000244140625,62.75,63.02000045776367,-0.01036431916220426,-0.010418402735548178
2025-04-30,65.22000122070312,68.47000122070312,64.0199966430664,64.63999938964844,0.02570610790411676,0.025381261177607264
2025-05-01,62.75,64.58000183105469,62.56999969482422,63.41999816894531,-0.0188737814390898,-0.019054164532199956
2025-05-02,62.16999816894531,62.75,60.790000915527344,61.0099983215332,-0.03800062940702209,-0.03874148258589833
2025-05-05,62.0,62.63999938964844,60.95000076293945,62.130001068115234,0.01835769181109348,0.018191223614798933
2025-05-06,64.05000305175781,64.79000091552734,62.69300079345703,64.55000305175781,0.038950618735535736,0.038211183302855466
2025-05-07,63.72999954223633,64.98999786376953,62.459999084472656,62.83000183105469,-0.026646028495521334,-0.027007469012220692
2025-05-08,61.779998779296875,62.24100112915039,59.849998474121094,60.439998626708984,-0.038039203162403945,-0.03878158087487542
2025-05-09,60.16999816894531,60.630001068115234,59.279998779296875,59.95000076293945,-0.008107178605278764,-0.00814022048319382
2025-05-12,55.439998626708984,55.5,52.09000015258789,52.16999816894531,-0.12977485396136423,-0.1390033122633324
2025-05-13,51.36000061035156,51.900001525878906,50.28499984741211,51.81999969482422,-0.006708807483329249,-0.006731412691640201
2025-05-14,51.90999984741211,53.16999816894531,51.810001373291016,52.939998626708984,0.02161325624238919,0.021383001613623658
2025-05-15,53.43000030517578,53.974998474121094,51.9900016784668,52.06999969482422,-0.01643367877697377,-0.01657020954450475
2025-05-16,51.59000015258789,52.310001373291016,51.2400016784668,51.83000183105469,-0.004609138950953162,-0.0046197937842319846
2025-05-19,53.880001068115234,54.23500061035156,52.06999969482422,52.470001220703125,0.012348048756289476,0.012272433433701985
2025-05-20,52.279998779296875,53.36000061035156,51.880001068115234,52.09000015258789,-0.007242253845523017,-0.007268606276989668
2025-05-21,53.13999938964844,56.375,52.15999984741211,55.65999984741211,0.06853522143149493,0.0662887586699038
2025-05-22,56.02000045776367,56.38999938964844,54.21099853515625,55.099998474121094,-0.010061109860334483,-0.010112064890350226
2025-05-23,59.0,59.36000061035156,56.90999984741211,58.790000915527344,0.06696919316865935,0.06482209952103851
2025-05-27,55.130001068115234,55.79999923706055,52.83000183105469,52.880001068115234,-0.10052729640035074,-0.10594657224472329
2025-05-28,52.76499938964844,53.880001068115234,52.7599983215332,53.4900016784668,0.01153556350284135,0.01146953617995311
2025-05-29,52.150001525878906,54.36000061035156,52.09000015258789,53.54999923706055,0.0011216593140976894,0.001121030724287739
2025-05-30,54.25,55.959999084472656,53.2599983215332,53.83000183105469,0.005228806685030785,0.0052151839418489105
2025-06-02,54.34000015258789,54.810001373291016,53.189998626708984,53.279998779296875,-0.01021740726452125,-0.010269963267332538
2025-06-03,53.029998779296875,53.26499938964844,51.93000030517578,52.11000061035156,-0.021959425595931892,-0.022204122687162473
2025-06-04,51.900001525878906,52.479000091552734,51.7599983215332,52.02000045776367,-0.0017271186247119763,-0.0017286118136078023
2025-06-05,51.42499923706055,53.529998779296875,50.560001373291016,53.02000045776367,0.0192233754555986,0.019040940674403404
2025-06-06,51.630001068115234,51.75,50.654998779296875,50.810001373291016,-0.04168236637857381,-0.04257599686106442
2025-06-09,50.5,50.77000045776367,49.849998474121094,50.31999969482422,-0.009643803684767693,-0.009690606306123844
2025-06-10,50.279998779296875,50.529998779296875,49.763999938964844,50.08000183105469,-0.004769432933725115,-0.004780842973047535
2025-06-11,49.18000030517578,51.290000915527344,48.66999816894531,50.5099983215332,0.008586191588592751,0.008549539895138552
2025-06-12,51.209999084472656,51.51499938964844,50.2599983215332,51.15999984741211,0.012868769500667288,0.01278667047850484
2025-06-13,53.584999084472656,56.0099983215332,52.22999954223633,55.150001525878906,0.07799065071085276,0.07509879963922676
2025-06-16,52.970001220703125,52.97999954223633,50.84000015258789,51.290000915527344,-0.06999094294748609,-0.07256095411611292
2025-06-17,52.279998779296875,55.220001220703125,51.939998626708984,54.220001220703125,0.05712615037775848,0.05555404733321608
2025-06-18,54.2400016784668,54.85599899291992,51.869998931884766,52.900001525878906,-0.02434525387506259,-0.024646498875564346
2025-06-20,52.38999938964844,54.2400016784668,52.06999969482422,53.459999084472656,0.010585964885460264,0.010530325876462968
2025-06-23,53.310001373291016,55.56999969482422,52.61000061035156,52.790000915527344,-0.012532700718655865,-0.012611897406965712
2025-06-24,50.029998779296875,50.09000015258789,49.09000015258789,49.150001525878906,-0.06895244035841241,-0.0714449185398182
2025-06-25,48.599998474121094,49.36000061035156,48.47999954223633,48.52000045776367,-0.01281792570817153,-0.01290078412813908
2025-06-26,48.5,48.5,47.97999954223633,48.40999984741211,-0.002267118905889487,-0.002269692710773179
2025-06-27,47.880001068115234,49.290000915527344,47.84000015258789,48.27000045776367,-0.0028919518713016457,-0.0028961416438112873
2025-06-30,47.7400016784668,48.45000076293945,47.61000061035156,48.04999923706055,-0.004557721537533976,-0.00456813961753147
2025-07-01,48.34000015258789,48.400001525878906,47.529998779296875,48.040000915527344,-0.00020808161689811477,-0.0002081032688813988
2025-07-02,48.06999969482422,48.2599983215332,47.439998626708984,47.90999984741211,-0.0027061004504106423,-0.0027097685592429367
2025-07-03,47.060001373291016,47.630001068115234,46.810001373291016,47.56999969482422,-0.007096642739944703,-0.00712194368125374
2025-07-07,48.07500076293945,48.970001220703125,47.81999969482422,48.13999938964844,0.011982335473637473,0.011911115647356753
2025-07-08,47.130001068115234,47.310001373291016,46.54999923706055,46.849998474121094,-0.026796861900350022,-0.027162443561270778
2025-07-09,45.7400016784668,46.19499969482422,45.22999954223633,45.2599983215332,-0.03393810468246161,-0.03452737299457958
2025-07-10,45.09000015258789,45.38999938964844,44.77000045776367,44.95000076293945,-0.006849261380689531,-0.006872825229699163
2025-07-11,45.88999938964844,46.02000045776367,44.689998626708984,45.20000076293945,0.005561735167001869,0.005546325826678657
2025-07-14,45.66999816894531,45.95000076293945,45.36000061035156,45.869998931884766,0.014822968089298394,0.014714181605999774
2025-07-15,44.90999984741211,45.66999816894531,44.834999084472656,45.61000061035156,-0.0056681562587191925,-0.005684281217799559
2025-07-16,45.47999954223633,48.099998474121094,45.21500015258789,45.90999984741211,0.0065774881176488,0.0065559508319227335
2025-07-17,45.650001525878906,45.959999084472656,45.43000030517578,45.849998474121094,-0.0013069347307871348,-0.0013077895148282071
2025-07-18,45.2400016784668,45.63999938964844,45.0099983215332,45.0099983215332,-0.018320614624709464,-0.018490515408806255
2025-07-21,44.63999938964844,44.86000061035156,43.88999938964844,44.86000061035156,-0.0033325420301089093,-0.003338107316106308
2025-07-22,44.59000015258789,45.768001556396484,44.40999984741211,44.650001525878906,-0.0046812100226364395,-0.004692201201031924
2025-07-23,43.97999954223633,44.349998474121094,42.70000076293945,42.810001373291016,-0.04120940850408339,-0.04208258926112922
2025-07-24,42.5099983215332,42.814998626708984,42.15999984741211,42.68000030517578,-0.0030366985270956492,-0.0030413186517224138
2025-07-25,42.810001373291016,42.849998474121094,42.220001220703125,42.33000183105469,-0.00820052651402281,-0.008234335794377769
2025-07-28,41.45000076293945,41.7400016784668,41.13999938964844,41.150001525878906,-0.0278762167288662,-0.028272133585522816
2025-07-29,40.689998626708984,42.35499954223633,40.459999084472656,42.099998474121094,0.023086194726985365,0.02282374024020548
2025-07-30,41.935001373291016,42.99800109863281,41.54999923706055,42.38999938964844,0.006888383041286916,0.0068647665218851675
2025-07-31,41.38999938964844,42.779998779296875,41.11000061035156,42.459999084472656,0.001651325686060634,0.0016499637469304816
2025-08-01,44.529998779296875,46.970001220703125,44.4900016784668,45.90999984741211,0.081252963667658,0.07812052022450357
2025-08-04,44.630001068115234,44.7400016784668,42.849998474121094,42.91999816894531,-0.06512745999574077,-0.06734507983704144
2025-08-05,42.63999938964844,44.529998779296875,42.63999938964844,43.25,0.007688766196021435,0.007659358277429927
2025-08-06,43.150001525878906,43.470001220703125,41.875,41.93000030517578,-0.030520224157785436,-0.030995664916996703
2025-08-07,41.36000061035156,42.89799880981445,41.20100021362305,42.209999084472656,0.006677767165728099,0.006655569643694433
2025-08-08,41.560001373291016,41.68000030517578,40.75,40.810001373291016,-0.03316744234890645,-0.03372995503602665
2025-08-11,40.66999816894531,41.22999954223633,40.36000061035156,41.0,0.004655687829340005,0.004644883635748181
2025-08-12,40.220001220703125,40.29999923706055,39.20000076293945,39.29999923706055,-0.04146343324242574,-0.04234756724231013
2025-08-13,38.72999954223633,39.310001373291016,38.650001525878906,39.02000045776367,-0.007124651011006455,-0.00715015253551879
2025-08-14,39.790000915527344,39.849998474121094,38.935001373291016,39.18000030517578,0.004100457343287234,0.004092073378986141
2025-08-15,38.90999984741211,39.36000061035156,38.775001525878906,39.040000915527344,-0.0035732360530366103,-0.0035796353095659482
2025-08-18,38.970001220703125,38.9900016784668,37.88999938964844,38.099998474121094,-0.02407793082382803,-0.0243725429125599
2025-08-19,37.66999816894531,39.029998779296875,37.638999938964844,38.81999969482422,0.01889767059156644,0.01872132779622183
2025-08-20,38.88999938964844,40.07500076293945,38.494998931884766,38.66999816894531,-0.0038640269721307297,-0.0038715116111372834
2025-08-21,39.13999938964844,39.810001373291016,38.83000183105469,39.27000045776367,0.015515963724565207,0.01539682197832314
2025-08-22,39.03499984741211,39.09000015258789,35.970001220703125,35.97999954223633,-0.08377898846896781,-0.08749766444708586
2025-08-25,36.375,36.619998931884766,35.849998474121094,36.13999938964844,0.004446910768419743,0.004437052475888584
2025-08-26,36.369998931884766,36.43000030517578,35.81999969482422,35.86000061035156,-0.007747614389198798,-0.007777783078162686
2025-08-27,36.0,36.4900016784668,35.599998474121094,36.0099983215332,0.004182869733090344,0.004174145852265442
2025-08-28,35.52000045776367,36.040000915527344,35.369998931884766,35.45000076293945,-0.015551168694692308,-0.01567335654995208
2025-08-29,35.459999084472656,36.60499954223633,35.28099822998047,36.27000045776367,0.02313116155646111,0.022867691416110524
2025-09-02,38.209999084472656,38.939998626708984,37.349998474121094,37.38999938964844,0.03087948491175241,0.030412306749286085
2025-09-03,37.16999816894531,37.2599983215332,36.439998626708984,36.459999084472656,-0.024872969252662136,-0.02518752852503962
2025-09-04,36.2400016784668,36.33000183105469,35.33000183105469,35.380001068115234,-0.02962144935481814,-0.030069025218615566
2025-09-05,34.560001373291016,36.4900016784668,34.5,35.470001220703125,0.002543814298213709,0.0025405842791746034
2025-09-08,35.099998474121094,35.20100021362305,34.7239990234375,34.810001373291016,-0.018607268810210242,-0.018782561926220784
2025-09-09,34.959999084472656,35.415000915527344,34.599998474121094,34.63999938964844,-0.004883710914559636,-0.004895675200010278
2025-09-10,34.220001220703125,34.76499938964844,34.08000183105469,34.439998626708984,-0.005773694181969824,-0.005790426389740454
2025-09-11,33.900001525878906,34.11000061035156,33.643001556396484,33.68000030517578,-0.022067315674740073,-0.022314441249480333
2025-09-12,33.65999984741211,33.755001068115234,33.25,33.68000030517578,0.0,0.0
2025-09-15,33.279998779296875,34.029998779296875,33.24599838256836,33.90999984741211,0.006828964968892404,0.006805753202592398
2025-09-16,34.02000045776367,34.599998474121094,33.970001220703125,34.529998779296875,0.018283660709956573,0.01811852441218491
2025-09-17,34.25,34.279998779296875,32.790000915527344,33.31999969482422,-0.03504196719514896,-0.035670667910236965
2025-09-18,32.68000030517578,33.310001373291016,32.6349983215332,33.16999816894531,-0.004501846556205336,-0.0045120103828764566
2025-09-19,32.880001068115234,33.689998626708984,32.880001068115234,33.18000030517578,0.00030154165760043483,0.0003014962030521976
2025-09-22,33.5,33.810001373291016,33.21099853515625,33.79999923706055,0.0186859230314127,0.018513485956918936
2025-09-23,33.68000030517578,34.7599983215332,33.68000030517578,34.20000076293945,0.011834364938100972,0.01176488645993077
2025-09-24,33.9900016784668,34.834999084472656,33.779998779296875,33.86000061035156,-0.009941524707693272,-0.00999127164600111
2025-09-25,34.5099983215332,34.86800003051758,33.5,34.29999923706055,0.012994643200758604,0.012910937198032045
2025-09-26,33.91999816894531,34.439998626708984,32.84000015258789,32.84000015258789,-0.04256557192267085,-0.04349804269813028
2025-09-29,32.720001220703125,33.52000045776367,32.68000030517578,33.27000045776367,0.013093797295305354,0.013008814558806711
2025-09-30,33.5,33.619998931884766,33.02000045776367,33.15999984741211,-0.003306300235589421,-0.003311778123908311
2025-10-01,33.44499969482422,33.4900016784668,32.86000061035156,32.970001220703125,-0.0057297535459371884,-0.00574623155722784
2025-10-02,32.79999923706055,33.486000061035156,32.78099822998047,33.439998626708984,0.014255304476929576,0.014154653040883501
2025-10-03,33.20000076293945,33.709999084472656,33.08000183105469,33.25,-0.005681777347838479,-0.005697980047321841
2025-10-06,33.09000015258789,33.52000045776367,32.994998931884766,33.04999923706055,-0.00601506053953238,-0.006033223888569078
2025-10-07,33.0,34.029998779296875,32.86000061035156,33.77000045776367,0.021785211416760042,0.021551304739517392
2025-10-08,33.61000061035156,33.810001373291016,33.10499954223633,33.2400016784668,-0.01569436695625004,-0.01581882747017433
2025-10-09,33.0,33.814998626708984,32.95000076293945,33.22999954223633,-0.00030090661027093457,-0.00030095189174887877
2025-10-10,33.25,37.869998931884766,33.0099983215332,37.470001220703125,0.12759559846149338,0.12008757679285302
2025-10-13,35.36000061035156,35.689998626708984,34.40999984741211,34.619998931884766,-0.07606090728504333,-0.0791091264882273
2025-10-14,36.59000015258789,37.814998626708984,34.97999954223633,36.150001525878906,0.04419418374346096,0.043245471918910275
2025-10-15,35.27000045776367,37.46799850463867,35.0099983215332,36.58000183105469,0.0118948903741527,0.011824702204463687
2025-10-16,36.220001220703125,40.2400016784668,36.07500076293945,39.970001220703125,0.09267357080257144,0.08862751024482714
2025-10-17,39.220001220703125,40.82500076293945,36.77000045776367,36.95000076293945,-0.07555667664576937,-0.07856353522161687
2025-10-20,35.810001373291016,35.83000183105469,33.90999984741211,33.9900016784668,-0.0801082279663039,-0.08349925495288056
2025-10-21,34.29999923706055,34.85499954223633,33.459999084472656,33.720001220703125,-0.007943525873219448,-0.0079752437544035
2025-10-22,33.900001525878906,36.029998779296875,33.72999954223633,34.25,0.0157176382001869,0.015595395373419876
2025-10-23,34.369998931884766,34.560001373291016,33.41999816894531,33.470001220703125,-0.02277368698677007,-0.023037013013439363
2025-10-24,32.66999816894531,33.2599983215332,32.56999969482422,33.08000183105469,-0.011652207213162624,-0.01172062618698769
2025-10-27,32.029998779296875,32.40999984741211,31.84000015258789,32.0,-0.03264817930090946,-0.03319302270808071
2025-10-28,31.969999313354492,32.994998931884766,31.969999313354492,32.93000030517578,0.029062509536743164,0.028648202855955412
2025-10-29,32.68000030517578,33.59000015258789,32.290000915527344,33.56999969482422,0.019435146787649682,0.019248696245532375
2025-10-30,33.119998931884766,33.900001525878906,32.7599983215332,33.83000183105469,0.007745074131488838,0.0077152350165769715
2025-10-31,33.08000183105469,34.68000030517578,33.029998779296875,34.0,0.005025071230982281,0.005012487698370187
2025-11-03,33.56999969482422,34.709999084472656,33.435001373291016,33.68000030517578,-0.009411755730124094,-0.00945632618099683
2025-11-04,34.849998474121094,35.30500030517578,34.07500076293945,34.88999938964844,0.035926338287078696,0.035296039269922155
2025-11-05,34.88999938964844,35.040000915527344,33.189998626708984,33.65999984741211,-0.03525364183873436,-0.035890053475637916
2025-11-06,33.869998931884766,35.5099983215332,33.689998626708984,34.9900016784668,0.039512829384547477,0.03875217012004674
2025-11-07,35.9900016784668,37.06999969482422,34.70000076293945,34.810001373291016,-0.005144335425584012,-0.005157613075099624
2025-11-10,33.41999816894531,33.58000183105469,32.77000045776367,32.849998474121094,-0.056305740357533884,-0.05795304279366791
2025-11-11,32.904998779296875,32.97999954223633,32.58000183105469,32.779998779296875,-0.002130888830310429,-0.0021331624043104797
2025-11-12,32.5,33.33000183105469,32.5,32.90999984741211,0.003965865556936565,0.003958022242310707
2025-11-13,33.36000061035156,35.75899887084961,33.029998779296875,35.220001220703125,0.07019147323006325,0.06783757940870459
2025-11-14,36.209999084472656,36.78499984741211,33.959999084472656,34.56999969482422,-0.01845546573964396,-0.018627892621662957
2025-11-17,35.20000076293945,36.900001525878906,34.290000915527344,36.349998474121094,0.051489696124104256,0.05020791689634635
2025-11-18,37.400001525878906,38.630001068115234,36.33000183105469,37.529998779296875,0.03246218307315374,0.031946418618750326
2025-11-19,37.55500030517578,38.0099983215332,35.869998931884766,36.83000183105469,-0.018651664561959325,-0.018827800447502586
2025-11-20,34.33000183105469,39.70500183105469,34.09000015258789,39.47999954223633,0.07195214714725284,0.06948142279709231
2025-11-21,38.36000061035156,40.52000045776367,36.9010009765625,37.31999969482422,-0.05471124297003371,-0.056264835168585006
2025-11-24,36.790000915527344,36.869998931884766,34.57500076293945,34.779998779296875,-0.06806004652458797,-0.07048689397358217
2025-11-25,34.689998626708984,35.994998931884766,33.599998474121094,33.68000030517578,-0.031627329290646156,-0.032138275393124596
2025-11-26,33.29999923706055,33.43000030517578,32.58000183105469,32.77000045776367,-0.027018997599957406,-0.027390721755455417
2025-11-28,32.65999984741211,32.66999816894531,32.06999969482422,32.099998474121094,-0.020445589694334187,-0.020657494078908562
2025-12-01,32.869998931884766,32.869998931884766,31.600000381469727,32.060001373291016,-0.0012460156614126916,-0.0012467925843661029
2025-12-02,31.75,32.04899978637695,31.5,31.700000762939453,-0.011228964283559795,-0.011292485065709271
2025-12-03,31.920000076293945,32.02000045776367,31.299999237060547,31.420000076293945,-0.008832829019135513,-0.008872069695053374
2025-12-04,31.219999313354492,31.625,31.020000457763672,31.09000015258789,-0.010502861963868515,-0.010558406277068328
2025-12-05,30.950000762939453,31.18000030517578,30.65999984741211,30.719999313354492,-0.011900959711079295,-0.011972343050874187
2025-12-08,30.639999389648438,31.520000457763672,30.639999389648438,31.079999923706055,0.01171877013014977,0.011650637116957088
2025-12-09,31.25,31.299999237060547,30.770000457763672,31.239999771118164,0.0051480002511219425,0.005134794600235375
2025-12-10,31.3700008392334,31.54599952697754,29.8799991607666,30.020000457763672,-0.039052475105406326,-0.03983547619098282
2025-12-11,30.299999237060547,30.850000381469727,29.459999084472656,29.479999542236328,-0.01798803821762407,-0.018151789660743423
2025-12-12,29.350000381469727,30.899999618530273,29.110000610351562,29.530000686645508,0.0016961039750880147,0.0016946672151076532
2025-12-15,29.25,30.239999771118164,29.155000686645508,29.559999465942383,0.0010158746562589638,0.0010153590047956365
2025-12-16,29.700000762939453,30.200000762939453,29.2549991607666,29.530000686645508,-0.0010148437022617918,-0.0010153590047956562
2025-12-17,29.309999465942383,30.075000762939453,29.020000457763672,29.989999771118164,0.015577347571166245,0.01545726612067578
2025-12-18,29.219999313354492,29.670000076293945,28.780000686645508,28.940000534057617,-0.035011645384263934,-0.035639245471681
2025-12-19,28.700000762939453,28.700000762939453,27.809999465942383,27.860000610351562,-0.03731858686163714,-0.03803274939782959
2025-12-22,27.3799991607666,27.459999084472656,26.93000030517578,26.989999771118164,-0.03122759584255519,-0.03172557170980119
2025-12-23,27.15999984741211,27.15999984741211,26.889999389648438,27.100000381469727,0.004075606198013837,0.004067323412361361
2025-12-24,26.979999542236328,27.139999389648438,26.875,27.059999465942383,-0.0014760485226670284,-0.0014771389554408753
2025-12-26,26.90999984741211,27.31999969482422,26.8799991607666,26.969999313354492,-0.003325948054846206,-0.0033314913145532092
2025-12-29,27.21500015258789,27.229999542236328,26.430999755859375,26.670000076293945,-0.01112344251755315,-0.011185770637446447
2025-12-30,26.610000610351562,26.610000610351562,26.149999618530273,26.280000686645508,-0.014623149176332229,-0.014731121310115409
2025-12-31,26.270000457763672,26.670000076293945,26.09000015258789,26.469999313354492,0.007229780127271157,0.00720377055401873
2026-01-02,26.079999923706055,26.530000686645508,25.93000030517578,26.100000381469727,-0.013978048412645605,-0.014076661354145724
2026-01-05,25.850000381469727,26.3799991607666,25.770000457763672,26.3799991607666,0.010727922421628344,0.010670786531577348
2026-01-06,26.299999237060547,26.3700008392334,25.959999084472656,26.020000457763672,-0.013646653315225854,-0.013740624798802014
2026-01-07,26.170000076293945,26.606000900268555,26.139999389648438,26.440000534057617,0.016141432317639648,0.016012544505214957
2026-01-08,26.56999969482422,26.6299991607666,26.020000457763672,26.25,-0.007186101748102303,-0.00721204614470346
2026-01-09,26.1299991607666,26.43000030517578,25.635000228881836,25.75,-0.01904761904761909,-0.019231361927887644
2026-01-12,26.329999923706055,26.329999923706055,25.780000686645508,25.84000015258789,0.003495151556811349,0.00348905770976012
2026-01-13,25.71500015258789,26.75,25.690000534057617,26.530000686645508,0.026702806887890507,0.026352509211993714
2026-01-14,27.165000915527344,27.850000381469727,26.8799991607666,27.1299991607666,0.022615848420355134,0.022363901705562822
2026-01-15,26.2549991607666,26.489999771118164,26.024999618530273,26.31999969482422,-0.029856228934711626,-0.03031100087476995
2026-01-16,26.149999618530273,26.650999069213867,26.059999465942383,26.420000076293945,0.0037994066348485678,0.0037922071196219123
2026-01-20,28.729999542236328,29.8799991607666,27.690000534057617,29.3799991607666,0.11203630113266327,0.10619284019903154
2026-01-21,28.15999984741211,28.56999969482422,26.399999618530273,26.760000228881836,-0.08917627660736815,-0.09340589836778482
2026-01-22,26.290000915527344,26.690000534057617,26.0,26.0,-0.028400606217543034,-0.028811705791678445
2026-01-23,26.350000381469727,26.600000381469727,25.84000015258789,26.530000686645508,0.020384641794058078,0.02017965601001702
2026-01-26,26.450000762939453,26.610000610351562,26.135000228881836,26.56999969482422,0.0015076896774768311,0.0015065542544954469
2026-01-27,26.489999771118164,26.940000534057617,26.25,26.940000534057617,0.013925511610204167,0.013829442520188124
2026-01-28,26.81999969482422,27.30900001525879,26.545000076293945,26.8700008392334,-0.0025983553614160604,-0.0026017369456833614
2026-01-29,27.299999237060547,28.770999908447266,27.100000381469727,27.229999542236328,0.013397792771085104,0.013308836014163538
2026-01-30,27.43000030517578,27.8700008392334,26.770000457763672,27.5,0.00991555131482369,0.009866714797862658
2026-02-02,27.229999542236328,27.299999237060547,26.010000228881836,26.1200008392334,-0.050181787664240085,-0.05148466813438013
2026-02-03,26.280000686645508,28.450000762939453,26.190000534057617,27.270000457763672,0.04402754906511808,0.043085877105698125
2026-02-04,27.09000015258789,28.84000015258789,26.90999984741211,27.649999618530273,0.013934695797132468,0.013838500528126558
2026-02-05,28.75,29.770000457763672,28.06999969482422,29.350000381469727,0.06148284941747906,0.05966684509939999
2026-02-06,28.479999542236328,28.575000762939453,27.34000015258789,27.6200008392334,-0.05894376557925263,-0.0607523809052356
2026-02-09,27.510000228881836,27.6299991607666,26.510000228881836,26.600000381469727,-0.03692977649424223,-0.03762894823751424
2026-02-10,26.709999084472656,27.190000534057617,26.540000915527344,27.170000076293945,0.02142855964849133,0.021202196117657363
2026-02-11,26.520000457763672,27.750999450683594,26.479999542236328,27.1200008392334,-0.0018402369127769047,-0.0018419322288992818
2026-02-12,26.860000610351562,28.915000915527344,26.660999298095703,28.790000915527344,0.06157817199909621,0.05975664240689105
2026-02-13,28.809999465942383,29.75,27.764999389648438,29.25,0.015977737750767718,0.015851437253595963
2026-02-17,29.479999542236328,30.219999313354492,28.084999084472656,28.270000457763672,-0.03350425785423339,-0.034078385779806576
2026-02-18,28.350000381469727,28.674999237060547,27.6299991607666,28.260000228881836,-0.0003537399617936643,-0.0003538025425325898
2026-02-19,29.049999237060547,29.56999969482422,28.75,28.979999542236328,0.025477682502587085,0.025158535741161933
2026-02-20,29.540000915527344,29.68000030517578,28.020000457763672,28.3700008392334,-0.02104895488745262,-0.021273642694208703
2026-02-23,28.44499969482422,29.645999908447266,28.030000686645508,29.440000534057617,0.03771588520168456,0.037022033598739866
2026-02-24,29.43000030517578,29.7450008392334,28.350000381469727,28.489999771118164,-0.03226904706881528,-0.03280117152516294
2026-02-25,27.940000534057617,28.059999465942383,27.3700008392334,27.3799991607666,-0.038961060697404015,-0.0397403512670834
2026-02-26,27.270000457763672,28.84000015258789,27.229999542236328,27.719999313354492,0.012417829182225892,0.012341360341967634
2026-02-27,29.170000076293945,29.5049991607666,28.344999313354492,28.899999618530273,0.04256855463222542,0.04168743236780118
2026-03-02,30.59000015258789,30.65999984741211,28.719999313354492,29.260000228881836,0.012456768688700492,0.012379821495582128
2026-03-03,31.530000686645508,33.69499969482422,29.760000228881836,30.479999542236328,0.04169512316511392,0.040849312385628216
2026-03-04,30.290000915527344,30.510000228881836,28.988000869750977,29.469999313354492,-0.033136490946539254,-0.03369794235016275
2026-03-05,30.350000381469727,32.72999954223633,29.860000610351562,31.3700008392334,0.06447239803693883,0.06247927550553516
2026-03-06,33.81999969482422,35.7599983215332,32.88999938964844,35.66999816894531,0.13707354844358344,0.12845789908228974
2026-03-09,36.099998474121094,37.43000030517578,31.670000076293945,32.279998779296875,-0.09503783469772664,-0.09986214245194902
2026-03-10,32.310001373291016,33.880001068115234,30.75,33.709999084472656,0.0442998872135314,0.04334669650137917
2026-03-11,33.2599983215332,33.80500030517578,32.189998626708984,32.2599983215332,-0.043013966250961544,-0.04396648141933196
2026-03-12,33.810001373291016,34.599998474121094,33.29999923706055,34.45000076293945,0.0678860060555071,0.06568099893823799
2026-03-13,33.599998474121094,35.16999816894531,33.0099983215332,35.099998474121094,0.018867857671599708,0.018692067393535294
2026-03-16,33.79999923706055,33.84000015258789,32.36000061035156,32.459999084472656,-0.07521366109445515,-0.0781925531178266
2026-03-17,31.889999389648438,32.279998779296875,31.395000457763672,31.989999771118164,-0.014479338466134362,-0.01458518707502566
2026-03-18,32.9900016784668,34.79999923706055,32.790000915527344,34.68000030517578,0.08408879503920019,0.08073981390547069
2026-03-19,36.33000183105469,36.70500183105469,32.970001220703125,33.77000045776367,-0.02623990309701052,-0.026590312759292526
2026-03-20,33.91999816894531,36.58100128173828,33.77000045776367,35.970001220703125,0.06514660151370166,0.0631124436914212
2026-03-23,33.58000183105469,35.13999938964844,32.72999954223633,34.33000183105469,-0.04559353166506175,-0.04666563083776519
2026-03-24,35.31999969482422,35.540000915527344,33.70000076293945,35.0099983215332,0.01980764503960475,0.019614026217609194
2026-03-25,34.08000183105469,35.16999816894531,33.77000045776367,34.25,-0.021708036502982586,-0.021947122315842484
2026-03-26,34.97999954223633,36.810001373291016,34.529998779296875,36.619998931884766,0.06919704910612445,0.06690794537059204
2026-03-27,37.34000015258789,39.79999923706055,37.17499923706055,39.40999984741211,0.07618790270084119,0.0734250772562795
2026-03-30,37.90999984741211,39.92900085449219,37.880001068115234,39.15999984741211,-0.006343567646991954,-0.006363773569320585
2026-03-31,37.33000183105469,38.10499954223633,35.345001220703125,35.70000076293945,-0.08835544172509258,-0.09250510360933911
2026-04-01,35.0099983215332,35.7400016784668,34.21099853515625,34.72999954223633,-0.027170901960038463,-0.02754685658110495
2026-04-02,36.84000015258789,37.209999084472656,34.459999084472656,34.70000076293945,-0.0008637713703506522,-0.0008641446358002558
2026-04-06,34.79999923706055,34.79999923706055,33.66999816894531,33.880001068115234,-0.02363111460504641,-0.02391480762926423
2026-04-07,34.65999984741211,36.33000183105469,34.540000915527344,35.02000045776367,0.03364815093590123,0.03309443861892147
2026-04-08,31.489999771118164,32.83000183105469,31.049999237060547,31.65999984741211,-0.09594519036068927,-0.10086529029591182
2026-04-09,31.850000381469727,31.96500015258789,30.3700008392334,30.389999389648438,-0.040113722801154106,-0.04094046278854552
2026-04-10,30.219999313354492,31.110000610351562,30.094999313354492,30.770000457763672,0.01250414859319382,0.012426617366156828
2026-04-13,31.15999984741211,31.299999237060547,29.56999969482422,29.579999923706055,-0.038674049930258136,-0.039441749507484934
2026-04-14,28.81999969482422,29.420000076293945,28.770000457763672,29.219999313354492,-0.012170406060854955,-0.012245071880021465
2026-04-15,28.959999084472656,29.6200008392334,28.920000076293945,29.329999923706055,0.0037645658089147105,0.0037574975647428773
2026-04-16,29.34000015258789,29.979999542236328,29.040000915527344,29.299999237060547,-0.001022866918634402,-0.0010233904040020413
2026-04-17,28.579999923706055,28.989999771118164,28.3700008392334,28.979999542236328,-0.010921491575312525,-0.010981568887443843
2026-04-20,29.290000915527344,29.8700008392334,29.200000762939453,29.329999923706055,0.012077308039968315,0.012004959291445893
2026-04-21,29.299999237060547,30.399999618530273,29.2450008392334,29.889999389648438,0.01909306060003635,0.01891307548778697
2026-04-22,29.190000534057617,29.8799991607666,29.110000610351562,29.549999237060547,-0.011375047157265561,-0.011440237842408255
2026-04-23,29.719999313354492,30.94499969482422,29.43000030517578,29.5,-0.0016920216024182144,-0.0016934546877387607
2026-04-24,29.450000762939453,29.850000381469727,29.06999969482422,29.790000915527344,0.009830539509401381,0.009782534112123277
2026-04-27,29.479999542236328,29.6299991607666,28.780000686645508,28.889999389648438,-0.030211530655234076,-0.030677304106495357
2026-04-28,29.290000915527344,29.440000534057617,28.30500030517578,28.329999923706055,-0.019383851774778416,-0.019574182202021315
2026-04-29,28.3799991607666,29.30500030517578,28.280000686645508,29.020000457763672,0.02435582548237969,0.024063952080736233
2026-04-30,28.670000076293945,29.075000762939453,28.079999923706055,28.190000534057617,-0.02860096177166005,-0.0290179391591648
2026-05-01,27.8700008392334,28.399999618530273,27.770000457763672,28.399999618530273,0.007449417541476988,0.00742180766417514
2026-05-04,28.350000381469727,29.239999771118164,27.639999389648438,28.670000076293945,0.009507058499659493,0.009462150821258184
2026-05-05,28.1299991607666,28.780000686645508,28.02400016784668,28.709999084472656,0.0013951520081014746,0.0013941796877899783
2026-05-06,27.979999542236328,28.270000457763672,27.81100082397461,28.06999969482422,-0.022291863812513024,-0.02254408274233982
2026-05-07,27.854999542236328,28.299999237060547,27.760000228881836,27.899999618530273,-0.006056290635631623,-0.006074704347266152
2026-05-08,27.739999771118164,28.149999618530273,27.559999465942383,28.059999465942383,0.0057347616343994545,0.005718380487042847
2026-05-11,28.049999237060547,28.540000915527344,27.829999923706055,28.469999313354492,0.014611541525855865,0.014505821530120777
2026-05-12,28.65999984741211,28.8799991607666,27.631000518798828,27.780000686645508,-0.024235990282772013,-0.024534515128275203
2026-05-13,27.90999984741211,28.440000534057617,27.725000381469727,28.3700008392334,0.02123830590369713,0.02101591635902142
2026-05-14,28.15999984741211,28.469999313354492,27.469999313354492,27.649999618530273,-0.02537896367304371,-0.02570656423050934
2026-05-15,28.579999923706055,28.59000015258789,27.639999389648438,27.8700008392334,0.007956644619831588,0.007925157434315207
2026-05-18,27.469999313354492,27.871000289916992,27.200000762939453,27.200000762939453,-0.02404018859413759,-0.02433387025508957
2026-05-19,27.5,27.739999771118164,27.209999084472656,27.579999923706055,0.013970556989261418,0.01387386824768191
2026-05-20,27.360000610351562,27.549999237060547,26.950000762939453,27.0,-0.02102972898152633,-0.021254003594548765
2026-05-21,27.25,27.329999923706055,26.05500030517578,26.209999084472656,-0.02925929316767939,-0.029695883599474213
2026-05-22,26.299999237060547,26.600000381469727,26.06999969482422,26.420000076293945,0.008012247201706346,0.007980319577059004
2026-05-26,25.7549991607666,25.760000228881836,25.360000610351562,25.639999389648438,-0.029523114473621215,-0.029967693734107848
2026-05-27,25.40999984741211,25.690000534057617,24.989999771118164,25.020000457763672,-0.024180926156147864,-0.024478084913130804
2026-05-28,25.110000610351562,25.190000534057617,24.440000534057617,24.559999465942383,-0.018385331071348987,-0.01855644180075054
2026-05-29,24.229999542236328,24.440000534057617,23.850000381469727,24.139999389648438,-0.017100980676989175,-0.01724889114836548
2026-06-01,24.40999984741211,24.799999237060547,24.075000762939453,24.780000686645508,0.026512067654463678,0.026166713525102407
2026-06-02,24.43000030517578,24.69499969482422,24.270000457763672,24.3700008392334,-0.01654559467518768,-0.01668400183639492
2026-06-03,24.5,24.68000030517578,24.25,24.309999465942383,-0.002462099763017589,-0.0024651357148737867
2026-06-04,24.5,24.520000457763672,23.43000030517578,23.5,-0.033319600318262865,-0.03388734520927939
2026-06-05,23.780000686645508,25.674999237060547,23.709999084472656,25.209999084472656,0.07276591848819813,0.0702402837336755
2026-06-08,24.6200008392334,25.010000228881836,24.334999084472656,24.760000228881836,-0.01785001475339143,-0.018011247823377517
2026-06-09,24.489999771118164,26.780000686645508,24.190000534057617,25.170000076293945,0.016558959758564695,0.01642335511795912
2026-06-10,25.729999542236328,26.899999618530273,25.5049991607666,26.600000381469727,0.05681367901633849,0.05525841795024987
2026-06-11,26.454999923706055,27.1299991607666,25.15999984741211,25.31999969482422,-0.04812032587552861,-0.049316644905401094
2026-06-12,24.959999084472656,25.31999969482422,24.170000076293945,24.200000762939453,-0.04423376561547554,-0.04524192053415554
