Date,realized,naive,roll_mean,har_rv,ewma,garch,gjr,garch_t,ridge,regime,ridge_lower,ridge_upper
2010-01-29,0.24685632371604904,0.18212406019771465,,,,,,,,high,,
2010-02-01,0.19213861787472344,0.17253123741003776,,,,,,,,high,,
2010-02-02,0.07909156001727276,0.24685632371604904,,,,,,,,medium,,
2010-02-03,0.489983358685599,0.19213861787472344,,,,,,,,high,,
2010-02-04,0.03280980894093325,0.07909156001727276,,,,,,,,low,,
2010-02-05,0.11460582528852081,0.489983358685599,,,,,,,,medium,,
2010-02-08,0.19938712553874663,0.03280980894093325,,,,,,,,high,,
2010-02-09,0.031096189001541687,0.11460582528852081,,,,,,,,low,,
2010-02-10,0.16614916185620607,0.19938712553874663,,,,,,,,high,,
2010-02-11,0.0132092236503743,0.031096189001541687,,,,,,,,low,,
2010-02-12,0.24978343211855122,0.16614916185620607,,,,,,,,high,,
2010-02-16,0.07522073725148258,0.0132092236503743,,,,,,,,medium,,
2010-02-17,0.09358211759413348,0.24978343211855122,,,,,,,,medium,,
2010-02-18,0.03291920321341549,0.07522073725148258,,,,,,,,low,,
2010-02-19,0.0028604149681810526,0.09358211759413348,,,,,,,,low,,
2010-02-22,0.19279422256419626,0.03291920321341549,,,,,,,,high,,
2010-02-23,0.14600741972779743,0.0028604149681810526,,,,,,,,high,,
2010-02-24,0.02148584923953556,0.19279422256419626,,,,,,,,low,,
2010-02-25,0.01004080656510355,0.14600741972779743,,,0.18147082502508463,,,,,low,,
2010-02-26,0.16485309006735685,0.02148584923953556,,,0.17602118968527747,,,,,high,,
2010-03-01,0.043985716089361034,0.01004080656510355,,,0.17067659691040207,,,,,low,,
2010-03-02,0.014138099648779443,0.16485309006735685,0.13225135388579423,,0.1703328012075956,,,,,low,,
2010-03-03,0.048070006758489305,0.043985716089361034,0.1259723382445054,,0.1654948699216575,,,,,medium,,
2010-03-04,0.2268966638052714,0.014138099648779443,0.11877265016444821,,0.16049059786748843,,,,,high,,
2010-03-05,0.0027768844860683256,0.048070006758489305,0.10973690848455914,,0.15604628036777332,,,,,low,,
2010-03-08,0.026394203662764838,0.2268966638052714,0.11131681966322042,,0.16117797890027782,,,,,low,,
2010-03-09,0.07073014691588503,0.0027768844860683256,0.10784797077543841,,0.15626932870746785,,,,,medium,,
2010-03-10,0.06628278999424497,0.026394203662764838,0.08677573645621867,,0.15164661601308868,,,,,medium,,
2010-03-11,0.0013726084081000904,0.07073014691588503,0.08849938818235284,,0.14804411369687234,,,,,low,,
2010-03-12,0.0041286846445322736,0.06628278999424497,0.08630288657806756,,0.14444943931784637,,,,,low,,
2010-03-15,0.12645346637414545,0.0013726084081000904,0.07730222670849272,,0.14004933106343737,,,,,high,,
2010-03-16,0.09409163397004774,0.0041286846445322736,0.0760764310559014,,0.1357866303641524,,,,,medium,,
2010-03-17,0.008132048494801897,0.12645346637414545,0.07427208126126227,,0.13524480469132305,,,,,low,,
2010-03-18,0.08035672002637323,0.09409163397004774,0.07794855445761106,,0.1331348260194292,,,,,medium,,
2010-03-19,0.08487173632743937,0.008132048494801897,0.06696440065653154,,0.1290943716744985,,,,,medium,,
2010-03-22,0.11164474523478236,0.08035672002637323,0.06719785441902658,,0.12669991135496253,,,,,medium,,
2010-03-23,0.07705921150510964,0.08487173632743937,0.0668019279978132,,0.12458687002548904,,,,,medium,,
2010-03-24,0.02581675976821225,0.11164474523478236,0.07038036172605716,,0.12384848743563881,,,,,low,,
2010-03-25,0.009527076953702227,0.07705921150510964,0.07375303429591756,,0.1215501061059068,,,,,low,,
2010-03-26,0.10076640452771317,0.02581675976821225,0.06616314962337283,,0.1180167483952661,,,,,medium,,
2010-03-29,0.010824729131251497,0.009527076953702227,0.059959497679095766,,0.11444527792530784,,,,,low,,
2010-03-30,0.05408951044293622,0.10076640452771317,0.06356315928310384,,0.11367097447424063,,,,,medium,,
2010-03-31,0.10854199252171312,0.010824729131251497,0.06359879212701966,,0.11023999046305272,,,,,medium,,
2010-04-01,0.12937023067881018,0.05408951044293622,0.058564083962273264,,0.10769969673055586,,,,,high,,
2010-04-05,0.03742852815403879,0.10854199252171312,0.06149846016374381,,0.10775042015573535,,,,,low,,
2010-04-06,0.0906861694791406,0.12937023067881018,0.06673628430147248,,0.10916841693579038,,,,,medium,,
2010-04-07,0.0549909990875811,0.03742852815403879,0.06625258072854291,,0.10623903399446566,,,,,medium,,
2010-04-08,0.1042560346545968,0.0906861694791406,0.0600611946228097,,0.10537061869193215,,,,,medium,,
2010-04-09,0.025228844130041575,0.0549909990875811,0.062434563468333,,0.10304479533362346,,,,,low,,
2010-04-12,0.011929346143095978,0.1042560346545968,0.06597373760432537,,0.10311787090675155,,,,,low,,
2010-04-13,0.18017126688308777,0.025228844130041575,0.06390549656860521,,0.10016729634411255,,,,,high,,
2010-04-14,0.013103479171554884,0.011929346143095978,0.061434885484462076,,0.09715974773248444,,,,,low,,
2010-04-15,0.2526084254132399,0.18017126688308777,0.06956209723332515,,0.10402555796192119,,,,,high,,
2010-04-16,0.059847436434069735,0.013103479171554884,0.0699700424390989,,0.10090758037291175,,,,,medium,,
2010-04-19,0.1417768738643064,0.2526084254132399,0.07570435875905775,,0.11575862985323424,,,,,high,,
2010-04-20,0.028893316898638405,0.059847436434069735,0.07414780432560421,,0.1131855101204744,,,,,low,,
2010-04-21,0.04736557739548675,0.1417768738643064,0.08022256911512714,,0.11510144671950139,,,,,medium,,
2010-04-22,0.10362174107338615,0.028893316898638405,0.0778833235184119,,0.11181919280870879,,,,,medium,,
2010-04-23,0.05994460885503277,0.04736557739548675,0.07617849811241406,,0.10903178363618651,,,,,medium,,
2010-04-26,0.3754429224013956,0.10362174107338615,0.07581381610507787,,0.10871477344730886,,,,,high,,
2010-04-27,0.12058660487217776,0.05994460885503277,0.07503587962098346,,0.10642071798106176,,,,,medium,,
2010-04-28,0.1968045995489135,0.3754429224013956,0.0909279779224918,,0.1382146531361506,,,,,high,,
2010-04-29,0.26926074603219025,0.12058660487217776,0.0959761382824225,,0.1372208463664671,,,,,high,,
2010-04-30,0.20575939575869662,0.1968045995489135,0.10034151078338617,,0.1415051591324298,,,,,high,,
2010-05-03,0.3732824825668386,0.26926074603219025,0.11208860246070157,,0.1522247299838542,,,,,high,,
2010-05-04,0.09455039559289664,0.20575939575869662,0.1189826881568725,,0.15595589777278998,,,,,medium,,
2010-05-05,0.5272545657983606,0.3732824825668386,0.1310163467952873,,0.17670114949989896,,,,,high,,
2010-05-06,0.23613375305203022,0.09455039559289664,0.12943362701865485,,0.17287650244876224,,,,,high,,
2010-05-07,0.6991293188292524,0.5272545657983606,0.15169844691157858,,0.21159619708845187,,,,,high,,
2010-05-10,0.0450996501444164,0.23613375305203022,0.15830970071034628,,0.21314812348407738,,,,,medium,,
2010-05-11,0.22201983357193592,0.6991293188292524,0.1875887152440586,,0.26838983486506296,,,,,high,,
2010-05-12,0.19733200743824691,0.0450996501444164,0.18489978867541404,,0.260447990888682,,,,,high,,
2010-05-13,0.28740669030659627,0.22201983357193592,0.1938448336500456,,0.2583035713853615,,,,,high,,
2010-05-14,0.008362344247986613,0.19733200743824691,0.20227222734527972,,0.2550566332416843,,,,,low,,
2010-05-17,0.2159299925174196,0.28740669030659627,0.20714656477362103,,0.25711244491258606,,,,,high,,
2010-05-18,0.09038984609455081,0.008362344247986613,0.20693105864073155,,0.2492881796180301,,,,,medium,,
2010-05-19,0.5994138196075008,0.2159299925174196,0.205263857145467,,0.24741355340310148,,,,,high,,
2010-05-20,0.23174769310370824,0.09038984609455081,0.20665214849367067,,0.24089598975432563,,,,,high,,
2010-05-21,0.20367938723438525,0.5994138196075008,0.22745382784563406,,0.275874683208011,,,,,high,,
2010-05-24,0.0162145891939261,0.23174769310370824,0.2366744813095009,,0.27342796122662116,,,,,low,,
2010-05-25,0.09570660876512925,0.20367938723438525,0.24377965448399627,,0.26975210202844446,,,,,medium,,
2010-05-26,0.5317684892734968,0.0162145891939261,0.23980660212583899,,0.26156452268991326,,,,,high,,
2010-05-27,0.1992202258432514,0.09570660876512925,0.2414321475762979,,0.25467749185171684,,,,,high,,
2010-05-28,0.26706318805486723,0.5317684892734968,0.24853785516139346,,0.27916957379983487,,,,,high,,
2010-06-01,0.4133620929002349,0.1992202258432514,0.2521121106600786,,0.2750287871888118,,,,,high,,
2010-06-02,0.05467283956701055,0.26706318805486723,0.2553056828648947,,0.27455736839581923,,,,,medium,,
2010-06-03,0.5577848240292885,0.4133620929002349,0.2618557440861694,,0.2847998188532132,,,,,high,,
2010-06-04,0.19765408158438327,0.05467283956701055,0.2549881733501837,,0.2764482370587175,,,,,high,,
2010-06-07,0.17005405046975222,0.5577848240292885,0.2633746434166587,,0.3008415607949533,,,,,high,,
2010-06-08,0.08486517428184054,0.19765408158438327,0.2680611745980899,,0.2956676075891117,,,,,medium,,
2010-06-09,0.4640366154692829,0.17005405046975222,0.2518247875376986,,0.2896709804790444,,,,,high,,
2010-06-10,0.07707762321622108,0.08486517428184054,0.24494894304814452,,0.2816147123005876,,,,,medium,,
2010-06-11,0.02460374442767115,0.4640366154692829,0.23426291107723687,,0.29575029035127826,,,,,low,,
2010-06-14,0.36094843552030187,0.07707762321622108,0.2357164553077734,,0.2873614410256414,,,,,high,,
2010-06-15,0.005669452702011786,0.02460374442767115,0.22674299671030684,,0.27867242880382853,,,,,low,,
2010-06-16,0.025518052444336782,0.36094843552030187,0.23418010707767298,,0.28428128606570746,,,,,low,,
2010-06-17,0.017214255648728374,0.005669452702011786,0.22137386900473732,,0.27562443141415943,,,,,low,,
2010-06-18,0.04546389729428857,0.025518052444336782,0.22215367392275323,,0.2673008937898807,,,,,medium,,
2010-06-21,0.2621772483759369,0.017214255648728374,0.21312114042872182,,0.2591921325724786,,,,,high,,
2010-06-22,0.04925792770433728,0.04546389729428857,0.2110790518468917,,0.25154273165737123,,,,,medium,,
2010-06-23,0.2630473335333536,0.2621772483759369,0.1957501167909115,,0.25219344890903056,,,,,high,,
2010-06-24,0.06649836955390413,0.04925792770433728,0.1874551274545765,,0.2448081374031048,,,,,medium,,
2010-06-25,0.050035703814522624,0.2630473335333536,0.19015367046816598,,0.24594063647797457,,,,,medium,,
2010-06-28,0.4901355524134054,0.06649836955390413,0.19243929684816496,,0.23900399758188023,,,,,high,,
2010-06-29,0.15080045398495143,0.050035703814522624,0.1903633466231374,,0.2320468713598292,,,,,high,,
2010-06-30,0.07074299171200414,0.4901355524134054,0.18847094040222415,,0.2550077980411337,,,,,medium,,
2010-07-01,0.08651345526257559,0.15080045398495143,0.18627004168139233,,0.2499833695536654,,,,,medium,,
2010-07-02,0.10406603194513286,0.07074299171200414,0.17734639639308036,,0.24298653913906848,,,,,medium,,
2010-07-06,0.49998808566331476,0.08651345526257559,0.1624896401368231,,0.2365353787218802,,,,,high,,
2010-07-07,0.15708606762244068,0.10406603194513286,0.16473478524491958,,0.2307419134101246,,,,,high,,
2010-07-08,0.11851067746391579,0.49998808566331476,0.16210766077373898,,0.25504236102308864,,,,,medium,,
2010-07-09,0.010288292164020305,0.15708606762244068,0.16026366013910523,,0.25024861941621684,,,,,low,,
2010-07-12,0.23952348182496208,0.11851067746391579,0.15792077954793082,,0.24435547071616084,,,,,high,,
2010-07-13,0.0014425821780760344,0.010288292164020305,0.15453092126984808,,0.23692482192062672,,,,,low,,
2010-07-14,0.004339845434645858,0.23952348182496208,0.14432577883146988,,0.23708154476535415,,,,,low,,
2010-07-15,0.4370928639336974,0.0014425821780760344,0.1408878224206451,,0.22985935743151167,,,,,high,,
2010-07-16,0.09376377627942954,0.004339845434645858,0.1399667361027803,,0.2228594507809835,,,,,medium,,
2010-07-19,0.17606490414939202,0.4370928639336974,0.1434278464852074,,0.24114179442055084,,,,,high,,
2010-07-20,0.20633540360769023,0.09376377627942954,0.14743213392054455,,0.2349210545266476,,,,,high,,
2010-07-21,0.35434897835254475,0.17606490414939202,0.15427517263441068,,0.23181147248724662,,,,,high,,
2010-07-22,0.13777940627219012,0.20633540360769023,0.16287158845072716,,0.23036237361387832,,,,,high,,
2010-07-23,0.1653454251910412,0.35434897835254475,0.1769118194079206,,0.23961762392188185,,,,,high,,
2010-07-26,0.0014280798120883207,0.13777940627219012,0.1712573720395685,,0.2347564679404879,,,,,low,,
2010-07-27,0.10246136021511128,0.1653454251910412,0.17653407647078231,,0.23118025405167306,,,,,medium,,
2010-07-28,0.07734198470933136,0.0014280798120883207,0.1646422922107248,,0.2241378451674534,,,,,medium,,
2010-07-29,0.002887593973777453,0.10246136021511128,0.166276973604416,,0.21875421604704812,,,,,low,,
2010-07-30,0.35846725992318207,0.07734198470933136,0.1675181681905437,,0.2129345194466688,,,,,high,,
2010-08-02,0.0760224642439703,0.002887593973777453,0.14537053371601516,,0.20644888783813345,,,,,medium,,
2010-08-03,0.10609293413085755,0.35846725992318207,0.1548099339859347,,0.21857218779715804,,,,,medium,,
2010-08-04,0.016860585097453033,0.0760224642439703,0.155049910010115,,0.21273020026764772,,,,,low,,
2010-08-05,0.06471186262577863,0.10609293413085755,0.15593988632230962,,0.20788033206609122,,,,,medium,,
2010-08-06,0.08475226691787902,0.016860585097453033,0.1519760023746878,,0.20158976976053014,,,,,medium,,
2010-08-09,0.08570225336821063,0.06471186262577863,0.13219071950934527,,0.19609025132741095,,,,,medium,,
2010-08-10,0.43507309036404457,0.08475226691787902,0.12890281947731974,,0.19124664773682057,,,,,high,,
2010-08-11,0.0973060124775224,0.08570225336821063,0.1274115274729695,,0.18660508039247103,,,,,medium,,
2010-08-12,0.0467642535179099,0.43507309036404457,0.14671992739115244,,0.20997496113612918,,,,,medium,,
2010-08-13,0.007329475542000556,0.0973060124775224,0.1402554969662688,,0.2049688338497547,,,,,low,,
2010-08-16,0.19502031928866476,0.0467642535179099,0.14231557293626126,,0.19905452319193825,,,,,high,,
2010-08-17,0.02896669352310782,0.007329475542000556,0.1424514652138683,,0.19299887119795012,,,,,low,,
2010-08-18,0.2761597748597638,0.19502031928866476,0.13144816773000317,,0.1931207547696237,,,,,high,,
2010-08-19,0.05150339603092336,0.02896669352310782,0.128502845786534,,0.18737190965414605,,,,,medium,,
2010-08-20,0.060526329818970846,0.2761597748597638,0.13305261263700546,,0.19384940508247817,,,,,medium,,
2010-08-23,0.23562704373811744,0.05150339603092336,0.12601479411078875,,0.1883669087922397,,,,,high,,
2010-08-24,0.061671892742238624,0.060526329818970846,0.1126592191774445,,0.18322929073799474,,,,,medium,,
2010-08-25,0.1063908694773939,0.23562704373811744,0.11710683906225937,,0.18678811747467655,,,,,medium,,
2010-08-26,0.24589980511696813,0.061671892742238624,0.11239440576913197,,0.18172676776197325,,,,,high,,
2010-08-27,0.23026527876637679,0.1063908694773939,0.1171654416630095,,0.178107501415383,,,,,high,,
2010-08-30,0.0,0.24589980511696813,0.12368537097673028,,0.18288506769607682,,,,,low,,
2010-08-31,0.47483207788933723,0.23026527876637679,0.1306364297975051,,0.1860684202742317,,,,,high,,
2010-09-01,0.14783057688118967,0.0,0.13050517552596974,,0.1804000266129338,,,,,high,,
2010-09-02,0.20591737939342333,0.47483207788933723,0.13579448543352227,,0.21004630336521693,,,,,high,,
2010-09-03,0.1789490635318395,0.14783057688118967,0.13905849055339584,,0.20684176404104346,,,,,high,,
2010-09-07,0.11149273803855331,0.20591737939342333,0.14359596533805793,,0.206786417490824,,,,,medium,,
2010-09-08,0.07332329820641102,0.1789490635318395,0.15096362344871186,,0.2052226867368794,,,,,medium,,
2010-09-09,0.08014319088629468,0.11149273803855331,0.15309002687656525,,0.20083627142658556,,,,,medium,,
2010-09-10,0.17657436787101932,0.07332329820641102,0.15257052829877127,,0.19554455709350013,,,,,high,,
2010-09-13,0.009855257220684642,0.08014319088629468,0.15231784364050235,,0.1906011260278537,,,,,low,,
2010-09-14,0.060596780606736865,0.17657436787101932,0.1405679017090012,,0.1897887571270849,,,,,medium,,
2010-09-15,0.00421530118488305,0.009855257220684642,0.13659286737914494,,0.18402286150809133,,,,,low,,
2010-09-16,0.005927966920115051,0.060596780606736865,0.13722161861045526,,0.17903314478990376,,,,,low,,
2010-09-17,0.2427346060894366,0.00421530118488305,0.13708006523058627,,0.17358214494355587,,,,,high,,
2010-09-20,0.03197294652598605,0.005927966920115051,0.1284849583047431,,0.1683003975875329,,,,,low,,
2010-09-21,0.07800190895812562,0.2427346060894366,0.1382016816032126,,0.17366844197504044,,,,,medium,,
2010-09-22,0.12876017526150538,0.03197294652598605,0.1271022803153136,,0.1685598416952535,,,,,high,,
2010-09-23,0.3273740936324303,0.07800190895812562,0.128306758175641,,0.1645379375294825,,,,,high,,
2010-09-24,0.07604415346270628,0.12876017526150538,0.1314082966048471,,0.16261340620401182,,,,,medium,,
2010-09-27,0.05556228232962036,0.3273740936324303,0.13557861705458862,,0.17688120452872888,,,,,medium,,
2010-09-28,0.027683547841357844,0.07604415346270628,0.13623190163279167,,0.1725013208098812,,,,,low,,
2010-09-29,0.04715205325506612,0.05556228232962036,0.13392151130789287,,0.1677990863304831,,,,,medium,,
2010-09-30,0.06676493239742126,0.027683547841357844,0.12400259052263786,,0.16282851132467346,,,,,medium,,
2010-10-01,0.11911881537267233,0.04715205325506612,0.11567926209030555,,0.15829003639448339,,,,,medium,,
2010-10-04,0.3195845906723048,0.06676493239742126,0.1187140317447338,,0.15433679035260126,,,,,high,,
2010-10-05,0.001368385237563998,0.11911881537267233,0.10254524708488541,,0.1524533098870259,,,,,low,,
2010-10-06,0.019156294078555052,0.3195845906723048,0.11035224771175427,,0.16725892989460997,,,,,low,,
2010-10-07,0.08903814737786284,0.001368385237563998,0.10105456615921521,,0.16216389548974874,,,,,medium,,
2010-10-08,0.014989028217262718,0.019156294078555052,0.09379125845679318,,0.15729373502004138,,,,,low,,
2010-10-11,0.04898509612624439,0.08903814737786284,0.09277059524494362,,0.15405358623956342,,,,,medium,,
2010-10-12,0.12346214651790396,0.014989028217262718,0.09011903751816414,,0.14940561316526313,,,,,high,,
2010-10-13,0.061928633227363576,0.04898509612624439,0.0887027604836164,,0.1453502232166184,,,,,medium,,
2010-10-14,0.032437428310808765,0.12346214651790396,0.08628856860392933,,0.14413070541401662,,,,,low,,
2010-10-15,0.07822664340666304,0.061928633227363576,0.08865554024059658,,0.14056084079628325,,,,,medium,,
2010-10-18,0.20803029868090847,0.032437428310808765,0.08737556968169075,,0.13651022003044946,,,,,high,,
2010-10-19,0.155034175626896,0.07822664340666304,0.09073972160086256,,0.1337314556367215,,,,,high,,
2010-10-20,0.03502158348128286,0.20803029868090847,0.09992619122635317,,0.13931135059021396,,,,,low,,
2010-10-21,0.029558335119726737,0.155034175626896,0.09593980802351042,,0.14030441545372693,,,,,low,,
2010-10-22,0.0469451948615189,0.03502158348128286,0.09607838243056936,,0.136300403281265,,,,,medium,,
2010-10-25,0.002675441088639541,0.029558335119726737,0.09387640180155123,,0.13234633976449953,,,,,low,,
2010-10-26,0.04546273637126483,0.0469451948615189,0.0901575390560973,,0.12882876817447217,,,,,medium,,
2010-10-27,0.0026853692703005384,0.002675441088639541,0.07539850939501591,,0.1249058441302564,,,,,low,,
2010-10-28,0.012061900142677924,0.04546273637126483,0.07400844498176856,,0.1216116496390053,,,,,low,,
2010-10-29,0.00536440629085254,0.0026853692703005384,0.07160494893361767,,0.11790870366827055,,,,,low,,
2010-11-01,0.12589103733278764,0.012061900142677924,0.07089487403822313,,0.11435490379861823,,,,,high,,
2010-11-02,0.0637793622095468,0.00536440629085254,0.06899543553984977,,0.11087897903892764,,,,,medium,,
2010-11-03,0.3057080106014119,0.12589103733278764,0.07168298576418462,,0.11183654282029457,,,,,high,,
2010-11-04,0.059728992257041126,0.0637793622095468,0.06916755607495163,,0.10954924004312964,,,,,medium,,
2010-11-05,0.029751899790739146,0.3057080106014119,0.06853680243536558,,0.1299554427453425,,,,,low,,
2010-11-08,0.11404443972768909,0.059728992257041126,0.07118955729988728,,0.12684307322101673,,,,,medium,,
2010-11-09,0.06396142074549152,0.029751899790739146,0.0716711757413502,,0.123194666455868,,,,,medium,,
2010-11-10,0.059803331557487405,0.11404443972768909,0.07280782539361502,,0.12266490266800184,,,,,medium,,
2010-11-11,0.18793256903322442,0.06396142074549152,0.07503384323580725,,0.11995558113895431,,,,,high,,
2010-11-12,0.02244683942244014,0.059803331557487405,0.07552558120995466,,0.11722016578867171,,,,,low,,
2010-11-15,0.24731406379873522,0.18793256903322442,0.07845605496065104,,0.12261831943750462,,,,,high,,
2010-11-16,0.008058950569609369,0.02244683942244014,0.07666142796951815,,0.11900995236525665,,,,,low,,
2010-11-17,0.23364632623657214,0.24731406379873522,0.0864285477644239,,0.13032045658844396,,,,,high,,
2010-11-18,0.043667794762166603,0.008058950569609369,0.08323910718092145,,0.12636579015759083,,,,,low,,
2010-11-19,0.013197731229337255,0.23364632623657214,0.08440347206981526,,0.13522444487833532,,,,,low,,
2010-11-22,0.22981540167509465,0.043667794762166603,0.0793413638486912,,0.13154057944626119,,,,,high,,
2010-11-23,0.23452916388708941,0.013197731229337255,0.07834937056451186,,0.12757428974981902,,,,,high,,
2010-11-24,0.18489068776063855,0.22981540167509465,0.08745196449884675,,0.13589552815190659,,,,,high,,
2010-11-26,0.0481079967704468,0.23452916388708941,0.0959785085454636,,0.14373508486169664,,,,,medium,,
2010-11-29,0.08926250959989843,0.18489068776063855,0.10426101975782719,,0.14653075488860115,,,,,medium,,
2010-11-30,0.3376168494515881,0.0481079967704468,0.10438125886688092,,0.14255472339324932,,,,,high,,
2010-12-01,0.20333314721966575,0.08926250959989843,0.10831658342731719,,0.1399307183903041,,,,,high,,
2010-12-02,0.042744026148931906,0.3376168494515881,0.12311453566863127,,0.1588863676162621,,,,,low,,
2010-12-03,0.016797430236614005,0.20333314721966575,0.13211311480175916,,0.16189764442674218,,,,,low,,
2010-12-06,0.009056950843164642,0.042744026148931906,0.128333705202493,,0.15731439711913656,,,,,low,,
2010-12-07,0.05815516219628258,0.016797430236614005,0.12619816284008695,,0.15257745439039538,,,,,medium,,
2010-12-08,0.06180954909519705,0.009056950843164642,0.11271402376016662,,0.14794596484687417,,,,,medium,,
2010-12-09,0.09235214903671117,0.05815516219628258,0.11264248603013213,,0.1441445433480183,,,,,medium,,
2010-12-10,0.010201001230439573,0.06180954909519705,0.1140996519076075,,0.1405710341284765,,,,,low,,
2010-12-13,0.014018810434746695,0.09235214903671117,0.11311363869438124,,0.13815331289438657,,,,,low,,
2010-12-14,0.07257825043618674,0.010201001230439573,0.11066998326187888,,0.1339679111483001,,,,,medium,,
2010-12-15,0.09210299459225871,0.014018810434746695,0.10858886866539065,,0.1299320929068443,,,,,medium,,
2010-12-16,0.017003086279876487,0.07257825043618674,0.10334549054734349,,0.12722210494763211,,,,,low,,
2010-12-17,0.03831339432202497,0.09210299459225871,0.10651167941869888,,0.12539263871870485,,,,,low,,
2010-12-20,0.1006472790180477,0.017003086279876487,0.0960429986223871,,0.1216439941416415,,,,,medium,,
2010-12-21,0.049372295706476034,0.03831339432202497,0.09741820061113327,,0.118311033311168,,,,,medium,,
2010-12-22,0.022715784516679976,0.1006472790180477,0.09137278937392762,,0.11732622491749715,,,,,low,,
2010-12-23,0.006319684541182661,0.049372295706476034,0.09163208487139624,,0.11439306746996221,,,,,low,,
2010-12-27,0.022740547337909797,0.022715784516679976,0.09206472365718454,,0.11104768283961886,,,,,low,,
2010-12-28,0.011355901266082123,0.006319684541182661,0.0819058274238249,,0.10767585103897563,,,,,low,,
2010-12-29,0.025210713054210857,0.022740547337909797,0.07227907212613492,,0.1045441127598454,,,,,low,,
2010-12-30,0.003789453136743638,0.011355901266082123,0.06439112728547326,,0.10139743888083454,,,,,low,,
2010-12-31,0.1641043791818676,0.025210713054210857,0.063350341662008,,0.0985022282898165,,,,,high,,
2011-01-03,0.008750331265755825,0.003789453136743638,0.05946520273186459,,0.09550596440369634,,,,,low,,
2011-01-04,0.08251201271060248,0.1641043791818676,0.051578272265059115,,0.10094513717103602,,,,,medium,,
2011-01-05,0.0310871888228361,0.008750331265755825,0.042733598812608665,,0.09789340924294213,,,,,low,,
2011-01-06,0.031153171298269965,0.08251201271060248,0.044541234565411876,,0.09703930303391022,,,,,low,,
2011-01-07,0.01998427651725977,0.0310871888228361,0.04519076904660379,,0.0943907492916707,,,,,low,,
2011-01-10,0.05626529389900963,0.031153171298269965,0.04619514270365403,,0.09183282606807226,,,,,medium,,
2011-01-11,0.14325411075346497,0.01998427651725977,0.04446010244551663,,0.08916969297639743,,,,,high,,
2011-01-12,0.025926284984085744,0.05626529389900963,0.04420809084568993,,0.08754488617062219,,,,,low,,
2011-01-13,0.11500970677148788,0.14325411075346497,0.046521816378269645,,0.09184533240081133,,,,,medium,,
2011-01-14,0.027007221863889475,0.025926284984085744,0.04723660200343538,,0.08927352078847992,,,,,low,,
2011-01-18,0.1556519568778011,0.11500970677148788,0.05182709729146908,,0.09102312773264114,,,,,high,,
2011-01-19,0.021040467464737953,0.027007221863889475,0.049755686901819196,,0.08849779995721398,,,,,low,,
2011-01-20,0.03593575069321633,0.1556519568778011,0.05264427609661657,,0.09389143125027102,,,,,low,,
2011-01-21,0.09028014648859158,0.021040467464737953,0.05282779342320119,,0.09117689886566108,,,,,medium,,
2011-01-24,0.008605232325721052,0.03593575069321633,0.052719718712800796,,0.08883645627908932,,,,,low,,
2011-01-25,0.061445285041221466,0.09028014648859158,0.052248485416007344,,0.0889237386605683,,,,,medium,,
2011-01-26,0.039177712933111467,0.008605232325721052,0.050395437080518475,,0.08624052655760772,,,,,low,,
2011-01-27,0.277211825047645,0.061445285041221466,0.05215586892254309,,0.084957130947939,,,,,high,,
2011-01-28,0.11931638068976708,0.039177712933111467,0.053649415667630755,,0.08292614089906207,,,,,medium,,
2011-01-31,0.25413150254614214,0.277211825047645,0.06521629192716417,,0.10523746438660142,,,,,high,,
2011-02-01,0.03035613538867485,0.11931638068976708,0.0701235864464226,,0.10613487832915368,,,,,low,,
2011-02-02,0.03527814944069118,0.25413150254614214,0.08052907687787401,,0.12026514411602887,,,,,low,,
2011-02-03,0.0449084900133373,0.03035613538867485,0.08173665334387088,,0.11683823129968364,,,,,low,,
2011-02-04,0.09925325863362973,0.03527814944069118,0.07588091562836287,,0.11360798750669626,,,,,medium,,
2011-02-07,0.07217812937298872,0.0449084900133373,0.07752446829870747,,0.11069496232583954,,,,,medium,,
2011-02-08,0.0359257178205314,0.09925325863362973,0.07828543402248143,,0.11004201363217389,,,,,low,,
2011-02-09,0.0060022011665784355,0.07217812937298872,0.08015320404748838,,0.1081446763366425,,,,,low,,
2011-02-10,0.09477877891539334,0.0359257178205314,0.08037013798031845,,0.10521879200416132,,,,,medium,,
2011-02-11,0.03816164641646383,0.0060022011665784355,0.07973458910074203,,0.10202399778726919,,,,,low,,
2011-02-14,0.04997135516365638,0.09477877891539334,0.08148520205603219,,0.10160385510889086,,,,,medium,,
2011-02-15,0.10025115228306701,0.03816164641646383,0.07670827185889578,,0.0989511063406675,,,,,medium,,
2011-02-16,0.04744605868776977,0.04997135516365638,0.0778012295943308,,0.09671437504059621,,,,,medium,,
2011-02-17,0.033108777953623394,0.10025115228306701,0.0771303862084935,,0.09693022093840742,,,,,low,,
2011-02-18,0.31860184699383864,0.04744605868776977,0.0780594242459426,,0.09469322772193672,,,,,high,,
2011-02-22,0.09753585964311574,0.033108777953623394,0.07248927974938907,,0.0921659937529542,,,,,medium,,
2011-02-23,0.010903642696026226,0.31860184699383864,0.08601479700071182,,0.11863947232972061,,,,,low,,
2011-02-24,0.1697428113942891,0.09753585964311574,0.08881480195297999,,0.11748020925233903,,,,,high,,
2011-02-25,0.0983645634846145,0.010903642696026226,0.08520677905331792,,0.11393259830907711,,,,,medium,,
2011-02-28,0.26467154583537966,0.1697428113942891,0.09253121446552556,,0.11802777665114386,,,,,high,,
2011-03-01,0.033943469849017145,0.0983645634846145,0.09420936348567978,,0.11694125849549716,,,,,low,,
2011-03-02,0.2734341326000385,0.26467154583537966,0.10445908316305562,,0.13060552856863838,,,,,high,,
2011-03-03,0.11893852109230564,0.033943469849017145,0.09340143065402708,,0.12689943024243758,,,,,medium,,
2011-03-04,0.1246335324074242,0.2734341326000385,0.10040678301358485,,0.1400829431599297,,,,,high,,
2011-03-07,0.13890516884655021,0.11893852109230564,0.09426164749295593,,0.13890507339353986,,,,,high,,
2011-03-08,0.022751675721824995,0.1246335324074242,0.0985469837210809,,0.13809038088736653,,,,,low,,
2011-03-09,0.293766897801934,0.13890516884655021,0.10325730278498359,,0.13813940369039604,,,,,high,,
2011-03-10,0.109948766592104,0.022751675721824995,0.10225017486264214,,0.1340470196823151,,,,,medium,,
2011-03-11,0.09585448962781147,0.293766897801934,0.11109170391574685,,0.14855445698873743,,,,,medium,,
2011-03-14,0.18187276014314213,0.109948766592104,0.11280855106207027,,0.14652523661899686,,,,,high,,
2011-03-15,0.2938784975317355,0.09585448962781147,0.11553258614421937,,0.1439887192080905,,,,,high,,
2011-03-16,0.21009709216103484,0.18187276014314213,0.12352670246133592,,0.14653821425334843,,,,,high,,
2011-03-17,0.05774245145029976,0.2938784975317355,0.13257668967116965,,0.15926994575580558,,,,,medium,,
2011-03-18,0.2460157951933195,0.21009709216103484,0.14039193720501378,,0.16276777313665367,,,,,high,,
2011-03-21,0.05505795580462358,0.05774245145029976,0.14074516885440666,,0.15844178279583532,,,,,medium,,
2011-03-22,0.04542759488679677,0.2460157951933195,0.14737083444123633,,0.16501211141145786,,,,,medium,,
2011-03-23,0.15181243435988895,0.05505795580462358,0.14771682976472966,,0.1605526076012544,,,,,high,,
2011-03-24,0.0485119485423415,0.04542759488679677,0.14827677598896483,,0.15605874343253107,,,,,medium,,
2011-03-25,0.03868770798508012,0.15181243435988895,0.14069543905105802,,0.15580722843055989,,,,,low,,
2011-03-28,0.1066502109399192,0.0485119485423415,0.13846707945556827,,0.15152736859862112,,,,,medium,,
2011-03-29,0.1095562317743387,0.03868770798508012,0.13972999151416163,,0.1472165586926463,,,,,medium,,
2011-03-30,0.021523201100418596,0.1066502109399192,0.13686214603896302,,0.14510275081375545,,,,,low,,
2011-03-31,0.06704867000411195,0.1095562317743387,0.13737085823395045,,0.1432189717576943,,,,,medium,,
2011-04-01,0.01311401240914984,0.021523201100418596,0.1263186607459977,,0.13895599422186836,,,,,low,,
2011-04-04,0.0023793785393081746,0.06704867000411195,0.12782344257122927,,0.1357202036519834,,,,,low,,
2011-04-05,0.05003968681018354,0.01311401240914984,0.1159907098352798,,0.13162482249888785,,,,,medium,,
2011-04-06,0.04038513953153088,0.0023793785393081746,0.11069256699196174,,0.1276163310494621,,,,,low,,
2011-04-07,0.05477458791302399,0.05003968681018354,0.10730193764663261,,0.12433426916525478,,,,,medium,,
2011-04-08,0.04779152620256314,0.04038513953153088,0.10282375449594991,,0.12095175661901492,,,,,medium,,
2011-04-11,0.11864451796379039,0.05477458791302399,0.10427934141373169,,0.11803212745830852,,,,,medium,,
2011-04-12,0.0012046849781567762,0.04779152620256314,0.09309864270466937,,0.1150336034565576,,,,,low,,
2011-04-13,0.012071811495797682,0.11864451796379039,0.09349390413065511,,0.11525344865694961,,,,,low,,
2011-04-14,0.05791868633654555,0.0012046849781567762,0.08919164028294353,,0.11174275393793866,,,,,medium,,
2011-04-15,0.17793312074692574,0.012071811495797682,0.08147341534442788,,0.10837896563514539,,,,,high,,
2011-04-18,0.0911905698737739,0.05791868633654555,0.07074796938101015,,0.10603072495381918,,,,,medium,,
2011-04-19,0.21640213982700982,0.17793312074692574,0.06928597068036883,,0.11165829787213717,,,,,high,,
2011-04-20,0.08109824320669123,0.0911905698737739,0.07080633969961765,,0.1105371618810387,,,,,medium,,
2011-04-21,0.01661454265973402,0.21640213982700982,0.06946026445569449,,0.1195623246454107,,,,,low,,
2011-04-25,0.13660742339826612,0.08109824320669123,0.0706439138830612,,0.11760976153878726,,,,,high,,
2011-04-26,0.10364032324446323,0.01661454265973402,0.06933422969092198,,0.11409949706429606,,,,,medium,,
2011-04-27,0.05148403641940036,0.13660742339826612,0.06864309282903004,,0.11557365099431867,,,,,medium,,
2011-04-28,0.0373216824617354,0.10364032324446323,0.07114892804276285,,0.1148926093012087,,,,,low,,
2011-04-29,0.024430779142549614,0.05148403641940036,0.07173057933523194,,0.11210410042491678,,,,,low,,
2011-05-02,0.057102300019274764,0.0373216824617354,0.0685792825862236,,0.10907274660088795,,,,,medium,,
2011-05-03,0.10526326042352041,0.024430779142549614,0.06470994383023318,,0.10591913890401745,,,,,medium,,
2011-05-04,0.14364307745097252,0.057102300019274764,0.06632717559927209,,0.10364059295009803,,,,,high,,
2011-05-05,0.07009889261178674,0.10526326042352041,0.06806420243651794,,0.10373866876109615,,,,,medium,,
2011-05-06,0.0615129713898493,0.14364307745097252,0.07399734175660079,,0.10655519102568456,,,,,medium,,
2011-05-09,0.13550638082727792,0.07009889261178674,0.077075501487168,,0.1047263075601009,,,,,high,,
2011-05-10,0.16707043585145814,0.0615129713898493,0.07759701442260734,,0.10264781665683388,,,,,high,,
2011-05-11,0.07556233148746712,0.13550638082727792,0.08192070720877766,,0.1049099545479099,,,,,medium,,
2011-05-12,0.1222151302298831,0.16707043585145814,0.08702506393325195,,0.10963797007235049,,,,,medium,,
2011-05-13,0.10066366360825119,0.07556233148746712,0.08828737326438395,,0.10789733717325833,,,,,medium,,
2011-05-16,0.002380628492993568,0.1222151302298831,0.08844967382193361,,0.10880954705521682,,,,,low,,
2011-05-17,0.14184905440303217,0.10066366360825119,0.0929705364869379,,0.108338067496157,,,,,high,,
2011-05-18,0.03780543010720805,0.002380628492993568,0.09253002816862863,,0.10503927218043285,,,,,low,,
2011-05-19,0.126120078696871,0.14184905440303217,0.09634504489892347,,0.10760354563064088,,,,,high,,
2011-05-20,0.18416131590908597,0.03780543010720805,0.08997560441529993,,0.10473569918172003,,,,,high,,
2011-05-23,0.0132198625222674,0.126120078696871,0.09156330936180436,,0.10614032757217691,,,,,low,,
2011-05-24,0.0529367003487148,0.18416131590908597,0.09009781736553509,,0.11235989678503291,,,,,medium,,
2011-05-25,0.07314703600171618,0.0132198625222674,0.08701243642533402,,0.10898507928664873,,,,,medium,,
2011-05-26,0.06086761768650699,0.0529367003487148,0.08866344359301494,,0.10645759865466937,,,,,medium,,
2011-05-27,0.16527499237654458,0.07314703600171618,0.08577888052953542,,0.10475808524973013,,,,,high,,
2011-05-31,0.356564460061787,0.06086761768650699,0.08383466664053739,,0.10265521444450929,,,,,high,,
2011-06-01,0.016850393529191626,0.16527499237654458,0.08900698282040759,,0.10744653021756127,,,,,low,,
2011-06-02,0.15786222276593675,0.356564460061787,0.10351801816586446,,0.1359425036373648,,,,,high,,
2011-06-03,0.16797881732657363,0.016850393529191626,0.10317345518343911,,0.13186575970739545,,,,,high,,
2011-06-06,0.009834893512971711,0.15786222276593675,0.10775345167192375,,0.1335683074341072,,,,,low,,
2011-06-07,0.06647724453410703,0.16797881732657363,0.11060415880388072,,0.1358789025934104,,,,,medium,,
2011-06-08,0.12114370816708389,0.009834893512971711,0.1045219686248807,,0.1317615084446699,,,,,medium,,
2011-06-09,0.2208227247346141,0.06647724453410703,0.10435734825771341,,0.12878114319887357,,,,,high,,
2011-06-10,0.012444430799245237,0.12114370816708389,0.10706783629304227,,0.12833571503950314,,,,,low,,
2011-06-13,0.20138467835994,0.2208227247346141,0.11094585192519392,,0.1356746584848168,,,,,high,,
2011-06-14,0.2823367539252465,0.012444430799245237,0.10391739715009331,,0.13157677610105972,,,,,high,,
2011-06-15,0.03499753732118167,0.20138467835994,0.10963659473520573,,0.13677371256673443,,,,,low,,
2011-06-16,0.04736698718515883,0.2823367539252465,0.11691485035772226,,0.14955757453018934,,,,,medium,,
2011-06-17,0.08121577114547084,0.03499753732118167,0.11393002643558271,,0.14525463734595465,,,,,medium,,
2011-06-20,0.21754959855208944,0.04736698718515883,0.11597486092159022,,0.14130673366394986,,,,,high,,
2011-06-21,0.09565589327789818,0.08121577114547084,0.11321880259170108,,0.1384387860717263,,,,,medium,,
2011-06-22,0.045646234388269494,0.21754959855208944,0.12138899206646842,,0.14441277405230785,,,,,medium,,
2011-06-23,0.18435943863898016,0.09565589327789818,0.12000425636560602,,0.14196037949386267,,,,,high,,
2011-06-24,0.1414613833321902,0.045646234388269494,0.11370811629647798,,0.13808909844049508,,,,,high,,
2011-06-27,0.20720699464376358,0.18435943863898016,0.12148718793814674,,0.1412932670672563,,,,,high,,
2011-06-28,0.13595161057945732,0.1414613833321902,0.12551103716466835,,0.14130335968363272,,,,,high,,
2011-06-29,0.15179859146018246,0.20720699464376358,0.13160467164839781,,0.14609834156542367,,,,,high,,
2011-06-30,0.23456143377875446,0.13595161057945732,0.13501758041625916,,0.14550949216056688,,,,,high,,
2011-07-01,0.013035362659020826,0.15179859146018246,0.1344050167382427,,0.14589448348876743,,,,,low,,
2011-07-05,0.018984337745182014,0.23456143377875446,0.1288594246344685,,0.1526736135246942,,,,,low,,
2011-07-06,0.1647003036177041,0.013035362659020826,0.12868601414036984,,0.14805699433483563,,,,,high,,
2011-07-07,0.11258892826912767,0.018984337745182014,0.12237338300306279,,0.14362188364575576,,,,,medium,,
2011-07-08,0.28701301977936633,0.1647003036177041,0.12222435965265963,,0.1449730393381595,,,,,high,,
2011-07-11,0.06856521155069306,0.11258892826912767,0.12689499759612127,,0.1432366126832605,,,,,medium,,
2011-07-12,0.05315578413054404,0.28701301977936633,0.13691935101636032,,0.15565446344891037,,,,,medium,,
2011-07-13,0.10957153762123632,0.06856521155069306,0.13452941935197893,,0.15184427735734252,,,,,medium,,
2011-07-14,0.09214566202081345,0.05315578413054404,0.12690819477906665,,0.14779315185554143,,,,,medium,,
2011-07-15,0.13018304966301536,0.10957153762123632,0.13132306327097534,,0.14578272223645827,,,,,high,,
2011-07-18,0.25766351361758516,0.09214566202081345,0.12635765343737868,,0.1431324399228464,,,,,high,,
2011-07-19,0.009561704451534828,0.13018304966301536,0.11944157597091362,,0.14238869063919718,,,,,low,,
2011-07-20,0.22019403112385877,0.25766351361758516,0.12956275671165923,,0.1517942556344405,,,,,high,,
2011-07-21,0.0106200919479078,0.009561704451534828,0.12784433476922177,,0.147188626777065,,,,,low,,
2011-07-22,0.08846497260557686,0.22019403112385877,0.13416152840460305,,0.1525573564988642,,,,,medium,,
2011-07-25,0.05931263800858445,0.0106200919479078,0.12475564174077661,,0.14793271910495384,,,,,medium,,
2011-07-26,0.3250329034605896,0.08846497260557686,0.12442878171021654,,0.14505380760795075,,,,,high,,
2011-07-27,0.04619043623080776,0.05931263800858445,0.1250499818747763,,0.1413833441998129,,,,,medium,,
2011-07-28,0.10849722970591984,0.3250329034605896,0.13144423027575855,,0.1585202773023586,,,,,medium,,
2011-07-29,0.06750577908187354,0.04619043623080776,0.1271137326802412,,0.15410701152448322,,,,,medium,,
2011-08-01,0.4055577430401083,0.10849722970591984,0.12262692518306646,,0.15175747649515764,,,,,high,,
2011-08-02,0.08602180434165917,0.06750577908187354,0.1195157510240854,,0.14806057403783987,,,,,medium,,
2011-08-03,0.743589346724455,0.4055577430401083,0.131050257914082,,0.1745715971907715,,,,,high,,
2011-08-04,0.0237613239166637,0.08602180434165917,0.12429845657603224,,0.1705599983651631,,,,,low,,
2011-08-05,1.033793043014098,0.743589346724455,0.15750545585173378,,0.24600970967323854,,,,,high,,
2011-08-08,0.7381447773510234,0.0237613239166637,0.15772259158680113,,0.2385862666817954,,,,,high,,
2011-08-09,0.7012957659604552,1.033793043014098,0.19722680701390996,,0.3429747594171739,,,,,high,,
2011-08-10,0.7125054705094536,0.7381447773510234,0.22566116379035978,,0.3785039592940446,,,,,high,,
2011-08-11,0.10688693299127387,0.7012957659604552,0.24449219770768196,,0.405189187232872,,,,,medium,,
2011-08-12,0.33598357488988123,0.7125054705094536,0.27376220947853475,,0.42986907720114415,,,,,high,,
2011-08-15,0.13555869821118452,0.10688693299127387,0.27620453442674975,,0.4175950994784233,,,,,high,,
2011-08-16,0.01061756152940679,0.33598357488988123,0.2864959906662336,,0.41315327039445987,,,,,low,,
2011-08-17,0.6844820955554375,0.13555869821118452,0.2884693104930686,,0.4019408625494826,,,,,high,,
2011-08-18,0.2592363883335166,0.01061756152940679,0.28303451557790466,,0.3897048030555571,,,,,high,,
2011-08-19,0.012681582304518749,0.6844820955554375,0.30243536021144335,,0.4133625380477216,,,,,low,,
2011-08-22,0.5224361001446508,0.2592363883335166,0.31378420947880614,,0.4057692483317966,,,,,high,,
2011-08-23,0.2235854168854998,0.012681582304518749,0.3043518254415634,,0.3934201459890316,,,,,high,,
2011-08-24,0.24198672830334947,0.5224361001446508,0.3276161894505063,,0.40232948601598933,,,,,high,,
2011-08-25,0.2307170450570165,0.2235854168854998,0.3337580278268664,,0.3938988457934962,,,,,high,,
2011-08-26,0.4561716891935532,0.24198672830334947,0.34206139556753756,,0.38647170307138806,,,,,high,,
2011-08-29,0.04185989585343807,0.2307170450570165,0.3377743110946479,,0.3789361106191856,,,,,low,,
2011-08-30,0.07044560536644287,0.4561716891935532,0.3564098225929545,,0.3840085649782123,,,,,medium,,
2011-08-31,0.1662498259284646,0.04185989585343807,0.35338085287238713,,0.3724512831913457,,,,,high,,
2011-09-01,0.4055909257267667,0.07044560536644287,0.35351448133986757,,0.3615169648145905,,,,,high,,
2011-09-02,0.11584564743801724,0.1662498259284646,0.3426368487438838,,0.352861424889578,,,,,medium,,
2011-09-06,0.44778426183191955,0.4055909257267667,0.3571627178977523,,0.3562453564701031,,,,,high,,
2011-09-07,0.16496057546823145,0.11584564743801724,0.3286289133847324,,0.3465563758004463,,,,,high,,
2011-09-08,0.41607327173181596,0.44778426183191955,0.34790268328997126,,0.3534485634715824,,,,,high,,
2011-09-09,0.10271225825170602,0.16496057546823145,0.30841029840152284,,0.3450551452832522,,,,,medium,,
2011-09-12,0.14558917961017573,0.41607327173181596,0.29377068450974064,,0.349723159279217,,,,,high,,
2011-09-13,0.2197648140708832,0.10271225825170602,0.266562343250252,,0.3400013225382693,,,,,high,,
2011-09-14,0.2739525300077553,0.14558917961017573,0.24079342093664852,,0.33156691318839365,,,,,high,,
2011-09-15,0.09395593478744453,0.2197648140708832,0.24592423371299435,,0.3259420427870875,,,,,medium,,
2011-09-16,0.15806858919106523,0.2739525300077553,0.24310464076380683,,0.32305869693092215,,,,,high,,
2011-09-19,0.018471041866873053,0.09395593478744453,0.24121360606272776,,0.3140614102748856,,,,,low,,
2011-09-20,0.4676370032785221,0.15806858919106523,0.24791592550189404,,0.30694565641453575,,,,,high,,
2011-09-21,0.5131325651171672,0.018471041866873053,0.21764269578877748,,0.297629246875209,,,,,high,,
2011-09-22,0.09564825744851922,0.4676370032785221,0.22711545101355046,,0.3104661664173616,,,,,medium,,
2011-09-23,0.37749708529663284,0.5131325651171672,0.24986322295957997,,0.3261965478412098,,,,,high,,
2011-09-26,0.17753339216510713,0.09564825744851922,0.23046377556430125,,0.31712592436331605,,,,,high,,
2011-09-27,0.324132829550837,0.37749708529663284,0.23745976049208,,0.32106847206404054,,,,,high,,
2011-09-28,0.12545955238113882,0.17753339216510713,0.2345300633948872,,0.3143102802142244,,,,,high,,
2011-09-29,0.3966835026450273,0.324132829550837,0.23877623541733353,,0.31490827328763776,,,,,high,,
2011-09-30,0.45175964499492605,0.12545955238113882,0.2237438655622238,,0.3068576108016909,,,,,high,,
2011-10-03,0.3480159389400882,0.3966835026450273,0.2398722113254779,,0.31297502421878703,,,,,high,,
2011-10-04,0.29392111559908096,0.45175964499492605,0.2572046676722271,,0.32298818933270895,,,,,high,,
2011-10-05,0.28719542192891245,0.3480159389400882,0.26546676371821,,0.3245442864185065,,,,,high,,
2011-10-06,0.10629759080241541,0.29392111559908096,0.26039086325786065,,0.3227888342984996,,,,,medium,,
2011-10-07,0.5309355220932012,0.28719542192891245,0.26817948937108316,,0.3207646275347903,,,,,high,,
2011-10-10,0.01592878323573541,0.10629759080241541,0.2526573679606512,,0.312080919265348,,,,,low,,
2011-10-11,0.1392453102558649,0.5309355220932012,0.26929259280724066,,0.3293393111618429,,,,,high,,
2011-10-12,0.03154630506479499,0.01592878323573541,0.2511042069665097,,0.31933014660705933,,,,,low,,
2011-10-13,0.2713587869926367,0.1392453102558649,0.25276480023942605,,0.3114751890052496,,,,,high,,
2011-10-14,0.3030641715272077,0.03154630506479499,0.24758103321463604,,0.30208524612383686,,,,,high,,
2011-10-17,0.3102823345259028,0.2713587869926367,0.24992621380198846,,0.30033032089158773,,,,,high,,
2011-10-18,0.18778088935968124,0.3030641715272077,0.25124947023469085,,0.3004950533234146,,,,,high,,
2011-10-19,0.06945696016907106,0.3102823345259028,0.2610824884046207,,0.3010912620363831,,,,,medium,,
2011-10-20,0.30141860551256516,0.18778088935968124,0.2624330475031942,,0.29552037312967944,,,,,high,,
2011-10-21,0.19463573441104667,0.06945696016907106,0.2647505892442032,,0.2870223155742047,,,,,high,,
2011-10-24,0.3086596532808776,0.30141860551256516,0.2571952075275688,,0.28790639382318695,,,,,high,,
2011-10-25,0.16126347249003384,0.19463573441104667,0.24271807885910876,,0.28317780678329885,,,,,high,,
2011-10-26,0.5529868341754371,0.3086596532808776,0.2524004150333069,,0.28477102544523675,,,,,high,,
2011-10-27,0.0037017173895284848,0.16126347249003384,0.24257161445118874,,0.27890718737730014,,,,,low,,
2011-10-28,0.382670180107073,0.5529868341754371,0.25963767999711285,,0.3024393035747103,,,,,high,,
2011-10-31,0.44271693347872526,0.0037017173895284848,0.24507262944432612,,0.2932271859303778,,,,,high,,
2011-11-01,0.2589474130013077,0.382670180107073,0.2567640216136867,,0.2993483583036998,,,,,high,,
2011-11-02,0.28934204763587906,0.44271693347872526,0.25885645028794574,,0.30982700049108275,,,,,high,,
2011-11-03,0.09682332613898768,0.2589474130013077,0.25009225792459944,,0.30701210038255417,,,,,medium,,
2011-11-04,0.09868446438602575,0.28934204763587906,0.24742526286531719,,0.30598067459602163,,,,,medium,,
2011-11-07,0.20368204584406677,0.09682332613898768,0.238466272435313,,0.2976057933269097,,,,,high,,
2011-11-08,0.5859203057111383,0.09868446438602575,0.2298975925469999,,0.28955029466243737,,,,,high,,
2011-11-09,0.14951594423532694,0.20368204584406677,0.23432415868525683,,0.28512838038103383,,,,,high,,
2011-11-10,0.2987954867709621,0.5859203057111383,0.23682346703152668,,0.3114778611385838,,,,,high,,
2011-11-11,0.1504037639428239,0.14951594423532694,0.24289561071332633,,0.30420166264426257,,,,,high,,
2011-11-14,0.07845303010801612,0.2987954867709621,0.25014789146401256,,0.30388000433902107,,,,,medium,,
2011-11-15,0.25181743829378345,0.1504037639428239,0.25555050323119566,,0.29691707789776695,,,,,high,,
2011-11-16,0.2520376877777463,0.07845303010801612,0.24678205973644018,,0.28851249323815326,,,,,high,,
2011-11-17,0.01690196267200651,0.25181743829378345,0.24445266277128452,,0.2864433845683232,,,,,low,,
2011-11-18,0.30192218712081337,0.2520376877777463,0.2418051788281865,,0.28449640344440225,,,,,high,,
2011-11-21,0.06235049262401593,0.01690196267200651,0.23403795488783768,,0.27586056611803367,,,,,medium,,
2011-11-22,0.350286728890733,0.30192218712081337,0.24460455611291687,,0.2774932958598698,,,,,high,,
2011-11-23,0.02995918119285698,0.06235049262401593,0.23373782370889187,,0.26947287902156364,,,,,low,,
2011-11-25,0.45983652239816475,0.350286728890733,0.240812868912514,,0.27499225829593504,,,,,high,,
2011-11-28,0.04508624370191295,0.02995918119285698,0.22814466563578578,,0.2667158614473484,,,,,medium,,
2011-11-29,0.6532252525999223,0.45983652239816475,0.2417161679043372,,0.28205688671368995,,,,,high,,
2011-11-30,0.0025338380442817715,0.04508624370191295,0.21862977742826792,,0.27368720880657005,,,,,low,,
2011-12-01,0.013977149015532358,0.6532252525999223,0.2481535744832858,,0.30985900149346185,,,,,low,,
2011-12-02,0.17290644647205322,0.0025338380442817715,0.23087464984406808,,0.3004200891722252,,,,,high,,
2011-12-05,0.005033168433927352,0.013977149015532358,0.21138647782301384,,0.29128820405438494,,,,,low,,
2011-12-06,0.05908876231381004,0.17290644647205322,0.2074755247989568,,0.2855725601416404,,,,,medium,,
2011-12-07,0.3482271225517615,0.005033168433927352,0.19455239392614085,,0.27687561439492797,,,,,high,,
2011-12-08,0.2689543551995941,0.05908876231381004,0.1928371864795418,,0.2688307802422955,,,,,high,,
2011-12-09,0.23172869288076817,0.3482271225517615,0.2041800345779844,,0.2742435356287934,,,,,high,,
2011-12-12,0.14825331346343257,0.2689543551995941,0.20714695773050834,,0.27392906478681694,,,,,high,,
2011-12-13,0.16900136226815282,0.23172869288076817,0.1910473389654915,,0.27158202409057763,,,,,high,,
2011-12-14,0.057375269299295255,0.14825331346343257,0.1909899466576781,,0.2658009231695033,,,,,medium,,
2011-12-15,0.023533928001445544,0.16900136226815282,0.18509021372573226,,0.2610072997814507,,,,,low,,
2011-12-16,0.16972645334203443,0.057375269299295255,0.18086164578739003,,0.25344592559061163,,,,,high,,
2011-12-19,0.4803698131122818,0.023533928001445544,0.17836532296436408,,0.24579255015684173,,,,,high,,
2011-12-20,0.03074135132373778,0.16972645334203443,0.1746339145574664,,0.24190403714632644,,,,,low,,
2011-12-21,0.14062449211630595,0.4803698131122818,0.18501264752721802,,0.26239630111227086,,,,,high,,
2011-12-22,0.1419342207513208,0.03074135132373778,0.18564171064775128,,0.2545140694500601,,,,,high,,
2011-12-23,0.01255938504640701,0.14062449211630595,0.17830999723845548,,0.24915312906348647,,,,,low,,
2011-12-27,0.2083278589356286,0.1419342207513208,0.18192743942606027,,0.24405197028505185,,,,,high,,
2011-12-28,0.16404312940922208,0.01255938504640701,0.16657619652404543,,0.23663716241786606,,,,,high,,
2011-12-29,0.07803761626443285,0.2083278589356286,0.1746838636941714,,0.23503477965499264,,,,,medium,,
2011-12-30,0.2529814588014794,0.16404312940922208,0.1612387094674013,,0.23139031027034154,,,,,high,,
2012-01-03,0.02489887125016219,0.07803761626443285,0.162736499129334,,0.22515412347749425,,,,,low,,
2012-01-04,0.042261916045221413,0.2529814588014794,0.14454359941122297,,0.22692001601803022,,,,,low,,
2012-01-05,0.04090861287390862,0.02489887125016219,0.1455601918296721,,0.22009163836188242,,,,,low,,
2012-01-06,0.03853667104551411,0.042261916045221413,0.1468458630582943,,0.21363771598918896,,,,,low,,
2012-01-09,0.13763791779909212,0.04090861287390862,0.14084596153110593,,0.20737169562871582,,,,,high,,
2012-01-10,0.008604661249717526,0.03853667104551411,0.14236884801345076,,0.20127578950278455,,,,,low,,
2012-01-11,0.038092246005236384,0.13763791779909212,0.14593926417187267,,0.19803504391530116,,,,,low,,
2012-01-12,0.08212752607954836,0.008604661249717526,0.13050187956723433,,0.19201366699570235,,,,,medium,,
2012-01-13,0.06160641709699075,0.038092246005236384,0.12000814733112715,,0.18639783949040745,,,,,medium,,
2012-01-17,0.1755080690056967,0.08212752607954836,0.11320809429470807,,0.18183564316460898,,,,,high,,
2012-01-18,0.08376183749431829,0.06160641709699075,0.10926959900532437,,0.1769408660972176,,,,,medium,,
2012-01-19,0.059175714549503024,0.1755080690056967,0.10956535840248544,,0.17685522561317205,,,,,medium,,
2012-01-20,0.0409089270328651,0.08376183749431829,0.11076474786589557,,0.1726906694130007,,,,,low,,
2012-01-23,0.01809364397511386,0.059175714549503024,0.11238482907262547,,0.16805608937410846,,,,,low,,
2012-01-24,0.1328322164754188,0.0409089270328651,0.10652948696766322,,0.16324426680234147,,,,,high,,
2012-01-25,0.08142964605921513,0.01809364397511386,0.08551693382506467,,0.15833323088455528,,,,,medium,,
2012-01-26,0.00722381790985703,0.1328322164754188,0.09015742769559563,,0.1569200788498009,,,,,low,,
2012-01-27,0.054192094225011096,0.08142964605921513,0.08746675287481878,,0.153441597074893,,,,,medium,,
2012-01-30,0.006035131238098597,0.00722381790985703,0.08134355274566134,,0.1487776707131546,,,,,low,,
2012-01-31,0.13900763135633687,0.054192094225011096,0.08323594861741607,,0.1448548051300042,,,,,high,,
2012-02-01,0.02517134855725917,0.006035131238098597,0.0740408246311647,,0.1404497243273908,,,,,low,,
2012-02-02,0.2225353503785909,0.13900763135633687,0.07290284744694266,,0.1403636165619126,,,,,high,,
2012-02-03,0.010618605540849134,0.02517134855725917,0.07049983527843474,,0.13622717779639534,,,,,low,,
2012-02-06,0.040144795557322116,0.2225353503785909,0.06911592125921255,,0.1428834919164415,,,,,low,,
2012-02-07,0.04711023897893712,0.010618605540849134,0.0684668182724256,,0.13855510100144125,,,,,medium,,
2012-02-08,0.019960797726060964,0.040144795557322116,0.06837058552297562,,0.13469358310375723,,,,,low,,
2012-02-09,0.11727447498353269,0.04711023897893712,0.06865247761865874,,0.1310991309146181,,,,,medium,,
2012-02-10,0.1181472996819442,0.019960797726060964,0.06780811974050177,,0.12719932863708727,,,,,medium,,
2012-02-13,0.019935730298250236,0.11727447498353269,0.06688250870343088,,0.12662577621614796,,,,,low,,
2012-02-14,0.07398319295470912,0.1181472996819442,0.07186171954125938,,0.12613314011602808,,,,,medium,,
2012-02-15,0.17578417459772147,0.019935730298250236,0.07103642337276,,0.12238807496626977,,,,,high,,
2012-02-16,0.04200757505130949,0.07398319295470912,0.07066622641254004,,0.12003549979359746,,,,,low,,
2012-02-17,0.006981644604986174,0.17578417459772147,0.07585612448075507,,0.12408873639616506,,,,,low,,
2012-02-21,0.05118115690902261,0.04200757505130949,0.0697879202101011,,0.12074771969720427,,,,,medium,,
2012-02-22,0.07002062317042641,0.006981644604986174,0.0662979114424042,,0.11708174795856763,,,,,medium,,
2012-02-23,0.03485201120554582,0.05118115690902261,0.065934522458746,,0.11420515843027537,,,,,low,,
2012-02-24,0.026662287350517986,0.07002062317042641,0.06725778137408968,,0.11204651881923745,,,,,low,,
2012-02-27,0.046301894934239876,0.03485201120554582,0.06801952533910932,,0.10896805402430311,,,,,medium,,
2012-02-28,0.062324187306868326,0.026662287350517986,0.06319361946979565,,0.10585011688221477,,,,,medium,,
2012-02-29,0.08226745829051782,0.046301894934239876,0.0615969035095695,,0.10325029945627229,,,,,medium,,
2012-03-01,0.04841891970430176,0.062324187306868326,0.06410146575488819,,0.10126225919338855,,,,,medium,,
2012-03-02,0.06473984152541112,0.08226745829051782,0.06537761866695668,,0.10022414135499982,,,,,medium,,
2012-03-05,0.2321683197263002,0.04841891970430176,0.06730415450632955,,0.09789202882178949,,,,,high,,
2012-03-06,0.1107423468769441,0.06473984152541112,0.06392834587765112,,0.09622553285526364,,,,,medium,,
2012-03-07,0.1579325721137562,0.2321683197263002,0.07333729911260753,,0.10926078758619065,,,,,high,,
2012-03-08,0.06139885637293325,0.1107423468769441,0.06825579895344176,,0.10935024721154588,,,,,medium,,
2012-03-09,0.0011505934940337344,0.1579325721137562,0.07495188834311936,,0.11285650097083744,,,,,low,,
2012-03-12,0.28615378820530873,0.06139885637293325,0.07591798201655622,,0.11044719822852928,,,,,high,,
2012-03-13,0.017003140734561054,0.0011505934940337344,0.07382890722178789,,0.10708290252259428,,,,,low,,
2012-03-14,0.09190385230780376,0.28615378820530873,0.08592858860720824,,0.1252668454227157,,,,,medium,,
2012-03-15,0.021987376397342842,0.017003140734561054,0.08137080068680046,,0.12152210505138311,,,,,low,,
2012-03-16,0.062227398632476665,0.09190385230780376,0.0801779167152486,,0.11995142258136458,,,,,medium,,
2012-03-19,0.04620447106231861,0.021987376397342842,0.08027117335611646,,0.11642186150283727,,,,,medium,,
2012-03-20,0.025998227624093373,0.062227398632476665,0.07973681906874225,,0.11389970058816037,,,,,low,,
2012-03-21,0.11435240239815325,0.04620447106231861,0.07384683254440576,,0.11100830813591,,,,,medium,,
2012-03-22,0.05131636569326815,0.025998227624093373,0.07311913493407775,,0.1078147869128394,,,,,medium,,
2012-03-23,0.2227954661371978,0.11435240239815325,0.07799962392467624,,0.10821818191270383,,,,,high,,
2012-03-26,0.049319232144668684,0.05131636569326815,0.0780057697785056,,0.1056716923588314,,,,,medium,,
2012-03-27,0.07871541693416183,0.2227954661371978,0.08495008082244976,,0.116080943121161,,,,,medium,,
2012-03-28,0.027123420582985152,0.049319232144668684,0.08560768177422805,,0.11319117206789894,,,,,low,,
2012-03-29,0.06565318702741282,0.07871541693416183,0.08797373311893913,,0.11142384825451666,,,,,medium,,
2012-03-30,0.11612672061901354,0.027123420582985152,0.0871019842847912,,0.10823353601773394,,,,,medium,,
2012-04-02,0.06491559857711178,0.06565318702741282,0.08725330245390686,,0.10616142838987883,,,,,medium,,
2012-04-03,0.15732287887443933,0.11612672061901354,0.08879235983247485,,0.1067855742112023,,,,,high,,
2012-04-04,0.007948589057304662,0.06491559857711178,0.08954220887214802,,0.10474641485204496,,,,,low,,
2012-04-05,0.17829219036422778,0.15732287887443933,0.09375052875164931,,0.10862104783114455,,,,,high,,
2012-04-09,0.26645408602328385,0.007948589057304662,0.0835587228121495,,0.10533000956090226,,,,,high,,
2012-04-10,0.12849341135544545,0.17829219036422778,0.08662917024338967,,0.11106769362846344,,,,,high,,
2012-04-11,0.20741029691598215,0.26645408602328385,0.0915619663301864,,0.125919567229957,,,,,high,,
2012-04-12,0.18872113389873788,0.12849341135544545,0.09461171882939148,,0.12607547966358273,,,,,high,,
2012-04-13,0.010414732694524993,0.20741029691598215,0.1039871598940255,,0.13237245504282555,,,,,low,,
2012-04-16,0.2351291881975863,0.18872113389873788,0.09955840288009045,,0.13641135885850011,,,,,high,,
2012-04-17,0.05364363184679965,0.010414732694524993,0.09925892978736157,,0.1322803208928337,,,,,medium,,
2012-04-18,0.10192706091810189,0.2351291881975863,0.10576917232780624,,0.14058926846074613,,,,,medium,,
2012-04-19,0.02650720921001224,0.05364363184679965,0.10720809303005426,,0.13693823504124397,,,,,low,,
2012-04-20,0.13347996887749117,0.10192706091810189,0.10901262313394632,,0.13509368211756784,,,,,high,,
2012-04-23,0.060340665432652575,0.02650720921001224,0.10811729304975058,,0.13113902050726062,,,,,medium,,
2012-04-24,0.21735403559990235,0.13347996887749117,0.11300282674308683,,0.13128065456539917,,,,,high,,
2012-04-25,0.11062028752727732,0.060340665432652575,0.11054774779010952,,0.12813662006477228,,,,,medium,,
2012-04-26,0.026054597774116738,0.21735403559990235,0.11809491460404745,,0.13516072064405468,,,,,low,,
2012-04-27,0.058798880348422414,0.11062028752727732,0.11299604284905106,,0.133815268416859,,,,,medium,,
2012-04-30,0.09873546261487265,0.026054597774116738,0.11193855946857144,,0.12989559277241752,,,,,medium,,
2012-05-01,0.047361468612532334,0.058798880348422414,0.11103326235103782,,0.12675934529733712,,,,,medium,,
2012-05-02,0.1210577367163262,0.09873546261487265,0.11428835517066906,,0.12525484907844225,,,,,medium,,
2012-05-03,0.2565008895557631,0.047361468612532334,0.11345691342453813,,0.12199195509193096,,,,,high,,
2012-05-04,0.01158814591675075,0.1210577367163262,0.11368105051987053,,0.12193610383252107,,,,,low,,
2012-05-07,0.06368435894366117,0.2565008895557631,0.12238947283708196,,0.13388006197099667,,,,,medium,,
2012-05-08,0.0941648083284676,0.01158814591675075,0.11576516679355066,,0.12983256849228433,,,,,medium,,
2012-05-09,0.03274913308556617,0.06368435894366117,0.11829861087929414,,0.12684024576320163,,,,,low,,
2012-05-10,0.04785995526086255,0.0941648083284676,0.11447463896857775,,0.12512058877820809,,,,,medium,,
2012-05-11,0.17558337437683655,0.03274913308556617,0.10385168656231786,,0.1215738556397077,,,,,high,,
2012-05-14,0.09114289054800959,0.04785995526086255,0.10018652946710956,,0.11845178239120137,,,,,medium,,
2012-05-15,0.06071883235628146,0.17558337437683655,0.09873985116987566,,0.12263256724054486,,,,,medium,,
2012-05-16,0.23543511015399304,0.09114289054800959,0.09430447647211528,,0.12097455660168024,,,,,high,,
2012-05-17,0.13586269999947231,0.06071883235628146,0.09659102645674059,,0.11822842018921408,,,,,high,,
2012-05-18,0.2728551462736429,0.23543511015399304,0.09660493200021363,,0.12831626259209894,,,,,high,,
2012-05-21,0.02766213755645806,0.13586269999947231,0.10034216237078965,,0.12878151981529423,,,,,low,,
2012-05-22,0.00840447022527079,0.2728551462736429,0.10811162079604152,,0.14162130809331436,,,,,low,,
2012-05-23,0.031210117448905447,0.02766213755645806,0.10816411753906176,,0.13747403697771196,,,,,low,,
2012-05-24,0.051509070929245344,0.00840447022527079,0.10247886760032449,,0.1333019215898946,,,,,medium,,
2012-05-25,0.1922748703235521,0.031210117448905447,0.10115475178288143,,0.1294669164205874,,,,,high,,
2012-05-29,0.23034255378331642,0.051509070929245344,0.09361634429785157,,0.12615535091262553,,,,,high,,
2012-05-30,0.03493680309407655,0.1922748703235521,0.09732791624313678,,0.1310665470496982,,,,,low,,
2012-05-31,0.3996726076592951,0.23034255378331642,0.10661373242537313,,0.13903666744856952,,,,,high,,
2012-06-01,0.007424015416095402,0.03493680309407655,0.10552909255017559,,0.13507241766592437,,,,,low,,
2012-06-04,0.12019818714332418,0.3996726076592951,0.11920805368855843,,0.1635058902060158,,,,,medium,,
2012-06-05,0.35667691702753923,0.007424015416095402,0.1173927149069022,,0.1585352721776195,,,,,high,,
2012-06-06,0.009621511057126053,0.12019818714332418,0.11735364447176576,,0.15650010487063093,,,,,low,,
2012-06-07,0.1262266488496707,0.35667691702753923,0.12190710026593737,,0.1750881242216718,,,,,high,,
2012-06-08,0.20156693248756605,0.009621511057126053,0.12181770777231807,,0.16977059397126792,,,,,high,,
2012-06-11,0.1824156413113298,0.1262266488496707,0.12466053913168217,,0.16747752480707603,,,,,high,,
2012-06-12,0.10151742629153651,0.20156693248756605,0.12954245386618662,,0.16971609155563683,,,,,medium,,
2012-06-13,0.16827829740283198,0.1824156413113298,0.13634547696735771,,0.1705047406984552,,,,,high,,
2012-06-14,0.16235381895402598,0.10151742629153651,0.13878445292329744,,0.16717027808513107,,,,,high,,
2012-06-15,0.030770235217095966,0.16827829740283198,0.1384524039699336,,0.16723696626393403,,,,,low,,
2012-06-18,0.15355124487650068,0.16235381895402598,0.14168926435202525,,0.1669480052704786,,,,,high,,
2012-06-19,0.025740525599991466,0.030770235217095966,0.14032796448206228,,0.1620374855349316,,,,,low,,
2012-06-20,0.3562054203894116,0.15355124487650068,0.13660597060581262,,0.16154088338114772,,,,,high,,
2012-06-21,0.1222617984451123,0.025740525599991466,0.13160041722401802,,0.1567465599713043,,,,,medium,,
2012-06-22,0.25453970016134525,0.3562054203894116,0.13538906604746204,,0.17523770458995203,,,,,high,,
2012-06-25,0.07978194560416976,0.1222617984451123,0.13968905063330997,,0.17251850557230078,,,,,medium,,
2012-06-26,0.14312905823115155,0.25453970016134525,0.15087701563040426,,0.17850575401510066,,,,,high,,
2012-06-27,0.04529571739950106,0.07978194560416976,0.1530848260010981,,0.17416760747674306,,,,,medium,,
2012-06-28,0.39569424057425867,0.14312905823115155,0.1572493708784575,,0.17246289398920178,,,,,high,,
2012-06-29,0.047824040105966505,0.04529571739950106,0.15056850029100063,,0.16757668374755164,,,,,medium,,
2012-07-02,0.10465724089409431,0.39569424057425867,0.15808448605422526,,0.18918632128432458,,,,,medium,,
2012-07-03,0.07162378159951714,0.047824040105966505,0.15867026955476574,,0.18379663936033588,,,,,medium,,
2012-07-05,0.1508695077388846,0.10465724089409431,0.1452604801563475,,0.18003199895029226,,,,,high,,
2012-07-06,0.019911632576838395,0.07162378159951714,0.14817865134650304,,0.1754269858736468,,,,,low,,
2012-07-09,0.13843086432798649,0.1508695077388846,0.14957280228266487,,0.17405127472176787,,,,,high,,
2012-07-10,0.0023686192258526666,0.019911632576838395,0.13426528935308754,,0.16881944154939166,,,,,low,,
2012-07-11,0.07691066785064168,0.13843086432798649,0.1401202599563085,,0.16715199629756494,,,,,medium,,
2012-07-12,0.2663387139657729,0.0023686192258526666,0.1344903495188622,,0.16206091168356335,,,,,high,,
2012-07-13,0.03742347190563386,0.07691066785064168,0.1288241556717293,,0.15824926476833678,,,,,low,,
2012-07-16,0.1090137842752956,0.2663387139657729,0.13263884079238578,,0.1667226398697925,,,,,medium,,
2012-07-17,0.1175758120657473,0.03742347190563386,0.12972547922939023,,0.1619033146708605,,,,,medium,,
2012-07-18,0.0416091204813023,0.1090137842752956,0.12703163772359313,,0.15922613671457403,,,,,low,,
2012-07-19,0.14523163089033136,0.1175758120657473,0.12499627377412588,,0.15703894151209924,,,,,high,,
2012-07-20,0.16052360207991764,0.0416091204813023,0.12548895037704436,,0.15259565700438443,,,,,high,,
2012-07-23,0.13631348145849345,0.14523163089033136,0.12511078610494575,,0.15216386581927946,,,,,high,,
2012-07-24,0.0035533251858424998,0.16052360207991764,0.13123728958130604,,0.15267835847587022,,,,,low,,
2012-07-25,0.26189389071057406,0.13631348145849345,0.1212422014480825,,0.15174624275979043,,,,,high,,
2012-07-26,0.2926101719412519,0.0035533251858424998,0.11584636175447932,,0.14712601546770385,,,,,high,,
2012-07-27,0.0,0.26189389071057406,0.11618064314308062,,0.15640525937848182,,,,,low,,
2012-07-30,0.11103117911875025,0.2926101719412519,0.1258546534311298,,0.16772624009076373,,,,,medium,,
2012-07-31,0.013839932640644486,0.0,0.11934878714789564,,0.16261662312963407,,,,,low,,
2012-08-01,0.10960381363333782,0.11103117911875025,0.12233676268058881,,0.15999122324424647,,,,,medium,,
2012-08-02,0.31484190508869964,0.013839932640644486,0.10497974868360634,,0.15515428659372818,,,,,high,,
2012-08-03,0.030752649773993473,0.10960381363333782,0.10778792020757776,,0.15280465060750772,,,,,low,,
2012-08-06,0.07959822390260604,0.31484190508869964,0.11734176858005982,,0.1670204510963806,,,,,medium,,
2012-08-07,0.019225143229490357,0.030752649773993473,0.11548398986071784,,0.16210744815541164,,,,,low,,
2012-08-08,0.013561689959654318,0.07959822390260604,0.1122443860499779,,0.15837376012938148,,,,,low,,
2012-08-09,0.02596110276878149,0.019225143229490357,0.11221318198873481,,0.15362125305959265,,,,,low,,
2012-08-10,0.00788540447360264,0.013561689959654318,0.1065373104265379,,0.14897837156506022,,,,,low,,
2012-08-13,0.0022559679355105985,0.02596110276878149,0.10760969604212557,,0.1445798070753478,,,,,low,,
2012-08-14,0.018045179036386534,0.00788540447360264,0.10447218407044198,,0.14018863061365153,,,,,low,,
2012-08-15,0.11712879535659752,0.0022559679355105985,0.09246842288724823,,0.1359190435060906,,,,,medium,,
2012-08-16,0.021235614305404975,0.018045179036386534,0.09158759139319153,,0.13185251197281464,,,,,low,,
2012-08-17,0.001126546878772334,0.11712879535659752,0.0919564555332507,,0.13101575897894885,,,,,low,,
2012-08-20,0.0480145700978979,0.021235614305404975,0.08757735563505332,,0.12713094994404744,,,,,medium,,
2012-08-21,0.006714120907558792,0.001126546878772334,0.08573723865312016,,0.12325833794972063,,,,,low,,
2012-08-22,0.12983399275404758,0.0480145700978979,0.08131828134437318,,0.1200807425784045,,,,,high,,
2012-08-23,0.09592840692467618,0.006714120907558792,0.07432694129108414,,0.11643421498453048,,,,,medium,,
2012-08-24,0.0033619018973803814,0.12983399275404758,0.07403241907724568,,0.11728138289765992,,,,,low,,
2012-08-27,0.015703688901183104,0.09592840692467618,0.07823128642901087,,0.11611099415314055,,,,,low,,
2012-08-28,0.01235472061295403,0.0033619018973803814,0.06647983239204751,,0.11257679746954456,,,,,low,,
2012-08-29,0.11442873599559882,0.015703688901183104,0.053893174072044386,,0.10921501526573732,,,,,medium,,
2012-08-30,0.07570582385609079,0.01235472061295403,0.05445475228172411,,0.10593112259015745,,,,,medium,,
2012-08-31,0.01461673342714373,0.11442873599559882,0.054609186685217234,,0.10646010852197803,,,,,low,,
2012-09-04,0.013510852385512511,0.07570582385609079,0.0574212726495557,,0.10486949856876605,,,,,low,,
2012-09-05,0.32220097115082713,0.01461673342714373,0.05310367809472869,,0.1017377705674022,,,,,high,,
2012-09-06,0.06182759377060656,0.013510852385512511,0.03940681206276564,,0.09869393147683819,,,,,medium,,
2012-09-07,0.09018232873769011,0.32220097115082713,0.0526544630344399,,0.12403576311840755,,,,,medium,,
2012-09-10,0.04424717044329327,0.06182759377060656,0.051846707119349016,,0.12120700219670298,,,,,low,,
2012-09-11,0.05294580862668585,0.09018232873769011,0.055072033733358096,,0.11957274055408296,,,,,medium,,
2012-09-12,0.24186774833044464,0.04424717044329327,0.05646682830079622,,0.11643560706300914,,,,,high,,
2012-09-13,0.07039646941877402,0.05294580862668585,0.05769340583979188,,0.11363103042598705,,,,,medium,,
2012-09-14,0.0539041688706592,0.24186774833044464,0.06832896692419378,,0.1250891317104634,,,,,medium,,
2012-09-17,0.01298720905571917,0.07039646941877402,0.07142626244616031,,0.12249813547213974,,,,,low,,
2012-09-18,0.008662777573841976,0.0539041688706592,0.07305621652953634,,0.1194980550795696,,,,,low,,
2012-09-19,0.0010907865773358266,0.01298720905571917,0.06832250806131458,,0.1159013292144455,,,,,low,,
2012-09-20,0.006647147303677595,0.008662777573841976,0.06775101548260719,,0.11239054074864305,,,,,low,,
2012-09-21,0.023940594777005865,0.0010907865773358266,0.06774939001436008,,0.10896699968204816,,,,,low,,
2012-09-24,0.16893325350156219,0.006647147303677595,0.06586905261462278,,0.105659971950411,,,,,high,,
2012-09-25,0.08923638718631934,0.023940594777005865,0.0666520741541431,,0.10260885447613452,,,,,medium,,
2012-09-26,0.14956238667500213,0.16893325350156219,0.06842931327903014,,0.10774585395367964,,,,,high,,
2012-09-27,0.07352663634654658,0.08923638718631934,0.06812513056365027,,0.10672584911556902,,,,,medium,,
2012-09-28,0.04189454932224051,0.14956238667500213,0.07477060714445126,,0.10976846955181722,,,,,low,,
2012-10-01,0.016499546384514868,0.07352663634654658,0.07739892293742233,,0.1079376665878486,,,,,low,,
2012-10-02,0.06481330422241326,0.04189454932224051,0.07874164242420809,,0.105151398811897,,,,,medium,,
2012-10-03,0.11378537840718773,0.016499546384514868,0.07429031562370426,,0.10202814206691398,,,,,medium,,
2012-10-04,0.001085033657052545,0.06481330422241326,0.07379520109490073,,0.10018584296926601,,,,,low,,
2012-10-05,0.05430353327830454,0.11378537840718773,0.07830286677581183,,0.10105343974319081,,,,,medium,,
2012-10-08,0.1569629403121921,0.001085033657052545,0.07773805683360911,,0.09797530536199961,,,,,high,,
2012-10-09,0.10128342998879043,0.05430353327830454,0.06556090056667627,,0.09591737724062789,,,,,medium,,
2012-10-10,0.00887003737006406,0.1569629403121921,0.0698852345003847,,0.10062989883332187,,,,,low,,
2012-10-11,0.05204496710533438,0.10128342998879043,0.07038983001179834,,0.10066923034507601,,,,,medium,,
2012-10-12,0.13220109969355834,0.00887003737006406,0.06878177850846975,,0.09762662011844184,,,,,high,,
2012-10-15,0.16085705922030935,0.05204496710533438,0.06874083116659013,,0.0955071738377031,,,,,high,,
2012-10-16,0.07198885073568331,0.13220109969355834,0.0637559835012771,,0.09809664053783133,,,,,medium,,
2012-10-17,0.04125031212906641,0.16085705922030935,0.06786782849225599,,0.10294694479089875,,,,,low,,
2012-10-18,0.2645460828514488,0.07198885073568331,0.06868985948612073,,0.10135646359797781,,,,,high,,
2012-10-19,0.0022136710962200384,0.04125031212906641,0.0699745459894547,,0.09878684145850415,,,,,low,,
2012-10-22,0.22027656536923043,0.2645460828514488,0.081605605320255,,0.11563903942764968,,,,,high,,
2012-10-23,0.04490098258074679,0.0022136710962200384,0.08165664552565884,,0.11211751965570715,,,,,low,,
2012-10-24,0.04615052313335141,0.22027656536923043,0.0913670736195476,,0.12135659782630237,,,,,medium,,
2012-10-25,0.008982813081588072,0.04490098258074679,0.09231981851971764,,0.11817251922515402,,,,,low,,
2012-10-26,0.0,0.04615052313335141,0.08673878532116261,,0.11512884907418797,,,,,low,,
2012-10-31,0.16622031633002818,0.008982813081588072,0.08309089558912937,,0.1116432453471765,,,,,high,,
2012-11-01,0.14115354799541477,0.0,0.07629260528572018,,0.10824214233721936,,,,,high,,
2012-11-02,0.03251750586199343,0.16622031633002818,0.08050595437587843,,0.11256611971964336,,,,,low,,
2012-11-05,0.12422823001662404,0.14115354799541477,0.0850177270428409,,0.11448284970647127,,,,,high,,
2012-11-06,0.359776855878058,0.03251750586199343,0.08574581610999901,,0.11128066676448657,,,,,high,,
2012-11-07,0.19087647450746564,0.12422823001662404,0.08844649455519042,,0.11209970015927598,,,,,high,,
2012-11-08,0.013793465748537815,0.359776855878058,0.09962792534932087,,0.1399239985520056,,,,,low,,
2012-11-09,0.012644953129153964,0.19087647450746564,0.10825480902433965,,0.14349227003486534,,,,,low,,
2012-11-12,0.05510978601517301,0.013793465748537815,0.10641344231844117,,0.13916193893451814,,,,,medium,,
2012-11-13,0.21428060456325038,0.012644953129153964,0.09985353381012124,,0.13495805357040386,,,,,high,,
2012-11-14,0.026859965547621854,0.05510978601517301,0.09775473181132047,,0.1315411759145385,,,,,low,,
2012-11-15,0.07837283775258622,0.21428060456325038,0.10709157577464712,,0.1379125329795676,,,,,medium,,
2012-11-16,0.32128533266691195,0.026859965547621854,0.10594680297656928,,0.13387293308441056,,,,,high,,
2012-11-19,0.0068498584487407185,0.07837283775258622,0.10350006379743416,,0.13120664076832875,,,,,low,,
2012-11-20,0.02964607077765042,0.32128533266691195,0.11079225804500702,,0.14958518484803238,,,,,low,,
2012-11-21,0.21628666788256545,0.0068498584487407185,0.1078313947592369,,0.14503792299983093,,,,,high,,
2012-11-23,0.03368755154226931,0.02964607077765042,0.10730392924326346,,0.1408068625187416,,,,,low,,
2012-11-26,0.08102618911134789,0.21628666788256545,0.10511031947195057,,0.1464369268410604,,,,,medium,,
2012-11-27,0.1278236800488629,0.03368755154226931,0.10654095040131645,,0.14221546398978424,,,,,high,,
2012-11-28,0.07406513538989776,0.08102618911134789,0.10021138784413997,,0.1393041223556371,,,,,medium,,
2012-11-29,0.00334802280965125,0.1278236800488629,0.10398060136541797,,0.13864210682845202,,,,,low,,
2012-11-30,0.07817159511675824,0.07406513538989776,0.10524944737707918,,0.13563728991505772,,,,,medium,,
2012-12-03,0.022443567873316993,0.00334802280965125,0.10499332054653658,,0.13150778876543917,,,,,low,,
2012-12-04,0.028098789108229716,0.07817159511675824,0.1085465748700256,,0.1289313324704385,,,,,low,,
2012-12-05,0.05384638154107236,0.022443567873316993,0.10201126812199329,,0.12512439413391632,,,,,medium,,
2012-12-06,0.0480816882904259,0.028098789108229716,0.09687241544530303,,0.1215076939288117,,,,,medium,,
2012-12-07,0.006681333247370458,0.05384638154107236,0.09784190979435209,,0.11854213795595184,,,,,low,,
2012-12-10,0.10808431986965113,0.0480816882904259,0.09438070335225217,,0.11553274465634972,,,,,medium,,
2012-12-11,0.007747283680769601,0.006681333247370458,0.07833090686903911,,0.11202510698677012,,,,,low,,
2012-12-12,0.09734035752748421,0.10808431986965113,0.0745676271127748,,0.11179257726599992,,,,,medium,,
2012-12-13,0.05899096413281462,0.007747283680769601,0.07429280065514898,,0.10840353654809377,,,,,medium,,
2012-12-14,0.18656159068770362,0.09734035752748421,0.07814259176416398,,0.10777177665873647,,,,,high,,
2012-12-17,0.17666290272723031,0.05899096413281462,0.07831900895132952,,0.1054830153365407,,,,,high,,
2012-12-18,0.11793222790301702,0.18656159068770362,0.07705905377516829,,0.11201508898454318,,,,,medium,,
2012-12-19,0.09131661790430559,0.17666290272723031,0.08386827819242322,,0.11690647639289652,,,,,medium,,
2012-12-20,0.14409875127625554,0.11793222790301702,0.08566643229017008,,0.11696827515158478,,,,,high,,
2012-12-21,0.04890934474352205,0.09131661790430559,0.07521330889186979,,0.1155898188888169,,,,,medium,,
2012-12-24,0.06691360230293299,0.14409875127625554,0.08145189492948411,,0.1174955865727181,,,,,medium,,
2012-12-26,0.021278966038126963,0.04890934474352205,0.08232749829156917,,0.1145444347509625,,,,,low,,
2012-12-27,0.1715723951578956,0.06691360230293299,0.07553781349249498,,0.11225795157075405,,,,,high,,
2012-12-28,0.2698065936658107,0.021278966038126963,0.07497378687867033,,0.10896285831947124,,,,,high,,
2012-12-31,0.40687123754045224,0.1715723951578956,0.07908952351714976,,0.1136958901208537,,,,,high,,
2013-01-02,0.03586986806864965,0.2698065936658107,0.08554329231792011,,0.1285258183544603,,,,,low,,
2013-01-03,0.0697154115505649,0.40687123754045224,0.1006708424156726,,0.15956316950012198,,,,,medium,,
2013-01-04,0.04338356359385722,0.03586986806864965,0.10214910810926342,,0.15495153953215474,,,,,low,,
2013-01-07,0.04567627174021124,0.0697154115505649,0.10176473612898192,,0.1511985289070026,,,,,medium,,
2013-01-08,0.04035888996249526,0.04338356359385722,0.1027165541162792,,0.1469770847800069,,,,,low,,
2013-01-09,0.12619769970090952,0.04567627174021124,0.10351553059955108,,0.14293812280636928,,,,,high,,
2013-01-10,0.0010807752016517367,0.04035888996249526,0.10290246280052485,,0.1389358086825152,,,,,low,,
2013-01-11,0.010795041918930813,0.12619769970090952,0.10645319059191047,,0.13820463437525043,,,,,low,,
2013-01-14,0.010802387798885673,0.0010807752016517367,0.10619861977165054,,0.1339946259725779,,,,,low,,
2013-01-15,0.002166869102248194,0.010795041918930813,0.10177637986479961,,0.12993951738390086,,,,,low,,
2013-01-16,0.10255914025663364,0.010802387798885673,0.10191524823380488,,0.12600882104921407,,,,,medium,,
2013-01-17,0.03539455522362799,0.002166869102248194,0.09758918057811233,,0.12217123770586293,,,,,low,,
2013-01-18,0.0856216446723376,0.10255914025663364,0.09956955222010411,,0.12108412479858087,,,,,medium,,
2013-01-22,0.025542266414439904,0.03539455522362799,0.09269832333537341,,0.11771512151763984,,,,,low,,
2013-01-23,0.004254788478849176,0.0856216446723376,0.08856008433287828,,0.11604009137389419,,,,,low,,
2013-01-24,0.08924618575451278,0.025542266414439904,0.08436054062885205,,0.11267887592673785,,,,,medium,,
2013-01-25,0.0190182080369581,0.004254788478849176,0.08040318474587675,,0.10925119463331454,,,,,low,,
2013-01-28,0.062408120854727175,0.08924618575451278,0.07790988631307026,,0.10815529121305961,,,,,medium,,
2013-01-29,0.06216373395128009,0.0190182080369581,0.07655119828095372,,0.10496387250170912,,,,,medium,,
2013-01-30,0.039138241037579624,0.062408120854727175,0.07634640366967163,,0.10290799809363138,,,,,low,,
2013-01-31,0.16331004126383156,0.06216373395128009,0.07820480221117859,,0.10092825420300522,,,,,high,,
2013-02-01,0.1784427251347939,0.039138241037579624,0.07218506793298242,,0.09832207209660195,,,,,high,,
2013-02-04,0.16029478514066092,0.16331004126383156,0.06734431555107427,,0.10337991218966522,,,,,high,,
2013-02-05,0.01155794369278267,0.1784427251347939,0.05696120135081708,,0.10934656025177114,,,,,low,,
2013-02-06,0.021002904800531623,0.16029478514066092,0.06261687939954487,,0.11305279790061812,,,,,low,,
2013-02-07,0.08833490908299925,0.01155794369278267,0.059973358133282036,,0.10964531075295858,,,,,medium,,
2013-02-08,0.0031365011789073554,0.021002904800531623,0.058956055460858144,,0.1064294876456224,,,,,low,,
2013-02-11,0.026151361504258282,0.08833490908299925,0.060895084430984875,,0.10543142349338368,,,,,low,,
2013-02-12,0.013572500167963204,0.0031365011789073554,0.059203157668094517,,0.10222244476938251,,,,,low,,
2013-02-13,0.014609666469005324,0.026151361504258282,0.054655596840974006,,0.09931513552456783,,,,,low,,
2013-02-14,0.0187624474744371,0.013572500167963204,0.05522340252126089,,0.0963469726626428,,,,,low,,
2013-02-15,0.11896611329292164,0.014609666469005324,0.05539679454626427,,0.09348037940680821,,,,,medium,,
2013-02-19,0.1978471932333048,0.0187624474744371,0.05575861544060752,,0.09074903977515257,,,,,high,,
2013-02-20,0.09649883938595075,0.11896611329292164,0.061067671994729046,,0.09268463245666428,,,,,medium,,
2013-02-21,0.15513796844844757,0.1978471932333048,0.06539894713003228,,0.1020961573235111,,,,,high,,
2013-02-22,0.30204829014007595,0.09649883938595075,0.06817641459195603,,0.10176900009326825,,,,,high,,
2013-02-25,0.10866954506278606,0.15513796844844757,0.07133624749087013,,0.10573353759542573,,,,,medium,,
2013-02-26,0.19999586135822486,0.30204829014007595,0.08390470311476267,,0.12642308447704212,,,,,high,,
2013-02-27,0.03134530289132006,0.10866954506278606,0.08865082841403253,,0.12542875552606403,,,,,low,,
2013-02-28,0.05235188576130369,0.19999586135822486,0.09368490457783762,,0.1311042753828921,,,,,medium,,
2013-03-01,0.08453192271933355,0.03134530289132006,0.0942452270712177,,0.1273419916722435,,,,,medium,,
2013-03-04,0.14221464878965037,0.05235188576130369,0.09378812547606209,,0.12412681849236441,,,,,high,,
2013-03-05,0.021608083797867245,0.08453192271933355,0.09480486132915544,,0.12211370849504097,,,,,low,,
2013-03-06,0.028768004940154846,0.14221464878965037,0.0994901525906132,,0.12341212547431855,,,,,low,,
2013-03-07,0.06769121302664032,0.021608083797867245,0.09304915452397845,,0.1197695040833373,,,,,medium,,
2013-03-08,0.06025503970104534,0.028768004940154846,0.08624575815149486,,0.11633445727023718,,,,,medium,,
2013-03-11,0.03560763379024707,0.06769121302664032,0.08203650487358484,,0.1140026736998746,,,,,low,,
2013-03-12,0.022435245508643707,0.06025503970104534,0.08425000923759679,,0.1115107762623835,,,,,low,,
2013-03-13,0.08450544398520522,0.03560763379024707,0.08491386055531112,,0.10846496321084245,,,,,medium,,
2013-03-14,0.020954319131706575,0.022435245508643707,0.08191842130193132,,0.10530417733467001,,,,,low,,
2013-03-15,0.08760938952438418,0.08450544398520522,0.0856170096113085,,0.10417342166825438,,,,,medium,,
2013-03-18,0.03686708266988697,0.020954319131706575,0.08538078041255615,,0.10113021647640244,,,,,low,,
2013-03-19,0.11088417434495122,0.08760938952438418,0.08874609356512074,,0.10037034298765894,,,,,medium,,
2013-03-20,0.13561371753165394,0.03686708266988697,0.08975779430152445,,0.09773077464876646,,,,,high,,
2013-03-21,0.12752265950251257,0.11088417434495122,0.09394514552291144,,0.09856948849340137,,,,,high,,
2013-03-22,0.06631513206793876,0.13561371753165394,0.0947018548064902,,0.10117535392132342,,,,,medium,,
2013-03-25,0.12703905890192124,0.12752265950251257,0.09150528509145418,,0.10294652411730265,,,,,high,,
2013-03-26,0.0,0.06631513206793876,0.09013329839518092,,0.10112353545360052,,,,,low,,
2013-03-27,0.04878733477058445,0.12703905890192124,0.08885607523397518,,0.10286275616800578,,,,,medium,,
2013-03-28,0.06282119806220876,0.0,0.07512660750033535,,0.09972914223079378,,,,,medium,,
2013-04-01,0.07833044952471986,0.04878733477058445,0.07240468885068983,,0.09742669009837872,,,,,medium,,
2013-04-02,0.1609606548501309,0.06282119806220876,0.0661694768826891,,0.09570387934912707,,,,,high,,
2013-04-03,0.06443812765120122,0.07833044952471986,0.06830516536602545,,0.09475134896395203,,,,,medium,,
2013-04-04,0.07129691097573171,0.1609606548501309,0.07324192759733578,,0.09996823989270931,,,,,medium,,
2013-04-05,0.10742736737117131,0.06443812765120122,0.07232857327605703,,0.09819962518117395,,,,,medium,,
2013-04-08,0.054879069396871205,0.07129691097573171,0.06910503973906074,,0.0967965462889072,,,,,medium,,
2013-04-09,0.19443756369136142,0.10742736737117131,0.07300591626512001,,0.09746709930366737,,,,,high,,
2013-04-10,0.05202772684571282,0.054879069396871205,0.0741927828313344,,0.09544919096222187,,,,,medium,,
2013-04-11,0.0388949894674993,0.19443756369136142,0.07995398058882171,,0.10407820685655604,,,,,low,,
2013-04-12,0.36787846228687693,0.05202772684571282,0.07958001182267023,,0.10170914322503867,,,,,high,,
2013-04-15,0.23436279515348038,0.0388949894674993,0.07972943708072715,,0.09906984424625769,,,,,high,,
2013-04-16,0.23195657981278756,0.36787846228687693,0.09543140147973776,,0.1317042815458652,,,,,high,,
2013-04-17,0.09927141767866356,0.23436279515348038,0.1022430992601139,,0.14000289959851156,,,,,medium,,
2013-04-18,0.13799627664002712,0.23195657981278756,0.11183411110925395,,0.1471495649920115,,,,,high,,
2013-04-19,0.07044848069422154,0.09927141767866356,0.11236420329808482,,0.1447242331842661,,,,,medium,,
2013-04-22,0.16366030868111053,0.13799627664002712,0.1169609848421821,,0.14432940030540573,,,,,high,,
2013-04-23,0.01006476122488068,0.07044848069422154,0.11512299876714893,,0.14099254076331277,,,,,low,,
2013-04-24,0.06434449733257687,0.16366030868111053,0.11639784381939697,,0.14245435955454833,,,,,medium,,
2013-04-25,0.028038507305469848,0.01006476122488068,0.11105884844314097,,0.13813662746658315,,,,,low,,
2013-04-26,0.10634514323736884,0.06434449733257687,0.11096927413698815,,0.13485264935176466,,,,,medium,,
2013-04-29,0.03785946991116431,0.028038507305469848,0.10646924906442218,,0.13092475811882842,,,,,low,,
2013-04-30,0.13917884690421278,0.10634514323736884,0.1113031192115753,,0.12958152692639444,,,,,high,,
2013-05-01,0.1474385094811882,0.03785946991116431,0.11080639808160166,,0.12597575227423172,,,,,high,,
2013-05-02,0.16098132486805994,0.13917884690421278,0.11427720030169276,,0.12680671053587922,,,,,high,,
2013-05-03,0.040333770360751635,0.1474385094811882,0.11741847575425951,,0.12813833217034046,,,,,low,,
2013-05-06,0.08045935659742658,0.16098132486805994,0.117419415300529,,0.13034249291190217,,,,,medium,,
2013-05-07,0.07224495361633916,0.040333770360751635,0.11632376269641766,,0.1267573442166991,,,,,medium,,
2013-05-08,0.04470376578365265,0.08045935659742658,0.1167402374974038,,0.12446606500545764,,,,,low,,
2013-05-09,0.051643398345027444,0.07224495361633916,0.11514103687218415,,0.12196496733508298,,,,,medium,,
2013-05-10,0.012629879866230332,0.04470376578365265,0.1146785230715833,,0.11875534372035378,,,,,low,,
2013-05-13,0.16405235639396068,0.051643398345027444,0.10818787919220449,,0.11583041136924445,,,,,high,,
2013-05-14,0.08550320175389503,0.012629879866230332,0.10639706796586436,,0.1123443544554706,,,,,medium,,
2013-05-15,0.0745375620320533,0.16405235639396068,0.11208603918979443,,0.11609810195537264,,,,,medium,,
2013-05-16,0.1536180235454733,0.08550320175389503,0.09925080007465889,,0.11449319181327651,,,,,high,,
2013-05-17,0.0009452635720477341,0.0745375620320533,0.09198601675095767,,0.11249675729778684,,,,,low,,
2013-05-20,0.02282013033643456,0.1536180235454733,0.08842517328426157,,0.11537806987398942,,,,,low,,
2013-05-21,0.11775257544425914,0.0009452635720477341,0.08395580264305175,,0.1118634286921762,,,,,medium,,
2013-05-22,0.045920808425487826,0.02282013033643456,0.07872052326561572,,0.10859956988385232,,,,,medium,,
2013-05-23,0.013433417235945476,0.11775257544425914,0.08087070939061744,,0.10917039308184989,,,,,low,,
2013-05-24,0.095069978264479,0.045920808425487826,0.07551891392445276,,0.10644062890125135,,,,,medium,,
2013-05-28,0.10309511625200263,0.013433417235945476,0.07567203465222844,,0.1032504645701818,,,,,medium,,
2013-05-29,0.05860965853209956,0.095069978264479,0.07706864742186036,,0.10277799849166834,,,,,medium,,
2013-05-30,0.22782835596514575,0.10309511625200263,0.08048031146488457,,0.10279705314461603,,,,,high,,
2013-05-31,0.08741091129543674,0.05860965853209956,0.07831051670555414,,0.10069411905120848,,,,,medium,,
2013-06-03,0.07630597178221475,0.22782835596514575,0.0869454660716442,,0.11245129106291259,,,,,medium,,
2013-06-04,0.22226448011151606,0.08741091129543674,0.08459237808942711,,0.11110812452211967,,,,,high,,
2013-06-05,0.14371894321406645,0.07630597178221475,0.08135908092129197,,0.10933284270753767,,,,,high,,
2013-06-06,0.20193033756947593,0.22226448011151606,0.08414467888690359,,0.11916601953575127,,,,,high,,
2013-06-07,0.0,0.14371894321406645,0.08884400492569065,,0.12078003095540848,,,,,low,,
2013-06-10,0.16375553867615747,0.20193033756947593,0.09436541315169289,,0.12711844318897797,,,,,high,,
2013-06-11,0.13139682017796941,0.0,0.09108155162367747,,0.1232459033106661,,,,,high,,
2013-06-12,0.24143230549028766,0.16375553867615747,0.09649299584606406,,0.12604416729352233,,,,,high,,
2013-06-13,0.09957470382314523,0.13139682017796941,0.10011815138392505,,0.12637172010923686,,,,,medium,,
2013-06-14,0.12257704527596237,0.24143230549028766,0.11051826163956403,,0.13604777261251505,,,,,medium,,
2013-06-17,0.1254984438698001,0.09957470382314523,0.10758745924998149,,0.13413934525464566,,,,,high,,
2013-06-18,0.219333736860629,0.12257704527596237,0.10927263395553001,,0.1334738552314252,,,,,high,,
2013-06-19,0.39334261510329055,0.1254984438698001,0.1115890376754276,,0.13300881697595676,,,,,high,,
2013-06-20,0.05096099110459199,0.219333736860629,0.11457611555338922,,0.13970075861375203,,,,,medium,,
2013-06-21,0.20059490502444377,0.39334261510329055,0.13241235880480937,,0.16621801530279465,,,,,high,,
2013-06-24,0.15262528664403718,0.05096099110459199,0.1336914888397256,,0.16163707573261094,,,,,high,,
2013-06-25,0.15717121942564158,0.20059490502444377,0.13745704927518854,,0.1642353511020461,,,,,high,,
2013-06-26,0.09318065926206186,0.15262528664403718,0.14230725283057713,,0.16356198887854745,,,,,medium,,
2013-06-27,0.06504053950686181,0.15717121942564158,0.14884078929374514,,0.16318560073271265,,,,,medium,,
2013-06-28,0.09301237254810708,0.09318065926206186,0.14875491115727166,,0.15985220043820877,,,,,medium,,
2013-07-01,0.0147507768790581,0.06504053950686181,0.14702515766885615,,0.15579916152727413,,,,,low,,
2013-07-02,0.006894459057779819,0.09301237254810708,0.14858891739685648,,0.15276142869018747,,,,,low,,
2013-07-03,0.17126105699701266,0.0147507768790581,0.13890357289294342,,0.14815176669500546,,,,,high,,
2013-07-05,0.0905531009085632,0.006894459057779819,0.1352437341548681,,0.14364839445779481,,,,,medium,,
2013-07-08,0.11426024972303792,0.17126105699701266,0.13955987439190437,,0.1454530526840469,,,,,medium,,
2013-07-09,0.005765603052362889,0.0905531009085632,0.13357299351904287,,0.1427556897221649,,,,,low,,
2013-07-10,0.21622645827418013,0.11426024972303792,0.1322339619967234,,0.1412082150980396,,,,,high,,
2013-07-11,0.006641534012550625,0.005765603052362889,0.12331738315503644,,0.13691372809626218,,,,,low,,
2013-07-12,0.06064452808464783,0.21622645827418013,0.13314585853113556,,0.14291913685791668,,,,,medium,,
2013-07-15,0.05947125200328361,0.006641534012550625,0.12600431286460795,,0.1385747938762371,,,,,medium,,
2013-07-16,0.04074021961502687,0.06064452808464783,0.1227882995876388,,0.13517196682436666,,,,,low,,
2013-07-17,0.08696039188201196,0.05947125200328361,0.1145173426109568,,0.13186122541197584,,,,,medium,,
2013-07-18,0.028205610331561267,0.04074021961502687,0.11184304787422414,,0.12823309140302228,,,,,low,,
2013-07-19,0.03096241543507434,0.08696039188201196,0.11022410908359004,,0.12613813369598306,,,,,low,,
2013-07-22,0.03371417513147014,0.028205610331561267,0.10580170755912462,,0.12249045853950384,,,,,low,,
2013-07-23,0.05819331099881653,0.03096241543507434,0.09723937476705395,,0.11900083175087174,,,,,medium,,
2013-07-24,0.03862838714195482,0.03371417513147014,0.08089262749560756,,0.11567076042044096,,,,,low,,
2013-07-25,0.016914853391648534,0.05819331099881653,0.08122136930898143,,0.11304923269960203,,,,,low,,
2013-07-26,0.048819850453476026,0.03862838714195482,0.07385925485977739,,0.11001295564942323,,,,,medium,,
2013-07-29,0.0,0.016914853391648534,0.06769059880285062,,0.10674196045601891,,,,,low,,
2013-07-30,0.01130348554053406,0.048819850453476026,0.0627655365768431,,0.10417877913746462,,,,,low,,
2013-07-31,0.18348084784878535,0.0,0.0585300520649312,,0.10100507383898234,,,,,high,,
2013-08-01,0.026974088352640275,0.01130348554053406,0.05608745870282539,,0.09796718619959992,,,,,low,,
2013-08-02,0.023214868956507418,0.18348084784878535,0.06019966212558348,,0.1050791543989273,,,,,low,,
2013-08-05,0.09020144271653603,0.026974088352640275,0.0607552671925645,,0.1020920518668782,,,,,medium,,
2013-08-06,0.05144263896150951,0.023214868956507418,0.061497104006143014,,0.09914512413409979,,,,,medium,,
2013-08-07,0.0581742064759398,0.09020144271653603,0.05781257608430317,,0.09863137592713976,,,,,medium,,
2013-08-08,0.04580731569840283,0.05144263896150951,0.05603482781398255,,0.09645330540963006,,,,,medium,,
2013-08-09,0.018750716942805005,0.0581742064759398,0.05348546221184172,,0.09459439737597088,,,,,low,,
2013-08-12,0.04693311876855442,0.04580731569840283,0.05530554005938901,,0.09239649681842536,,,,,medium,,
2013-08-13,0.08142677163159649,0.018750716942805005,0.046329369998871946,,0.08969939369923523,,,,,medium,,
2013-08-14,0.22202444782170533,0.04693311876855442,0.04816080566959939,,0.08772334589178853,,,,,high,,
2013-08-15,0.052473003744705114,0.08142677163159649,0.049105453103551605,,0.08735835070492116,,,,,medium,,
2013-08-16,0.10147502508236748,0.22202444782170533,0.05649423473166169,,0.10065427898228148,,,,,medium,,
2013-08-19,0.07804044476525576,0.052473003744705114,0.05702754310119251,,0.09843074627430132,,,,,medium,,
2013-08-20,0.09778161403198272,0.10147502508236748,0.05768729915575412,,0.09861605318768825,,,,,medium,,
2013-08-21,0.14468685717936833,0.07804044476525576,0.05995251890274025,,0.09750403607383376,,,,,high,,
2013-08-22,0.05353935875513813,0.09778161403198272,0.06298975520259971,,0.09752071303168473,,,,,medium,,
2013-08-23,0.05906801362293474,0.14468685717936833,0.06803396802295872,,0.10097390405655458,,,,,medium,,
2013-08-26,0.255333479678105,0.05353935875513813,0.06782242473915516,,0.0987723307336201,,,,,high,,
2013-08-27,0.05636744048642668,0.05906801362293474,0.06875149867010878,,0.09685017673417064,,,,,medium,,
2013-08-28,0.02518801194243567,0.255333479678105,0.0795887089558568,,0.11282229602390408,,,,,low,,
2013-08-29,0.05028704296203556,0.05636744048642668,0.07993178123008184,,0.11025323374903144,,,,,medium,,
2013-08-30,0.07178471740796737,0.02518801194243567,0.0810766908638289,,0.10707238288059244,,,,,medium,,
2013-09-03,0.13133452472296578,0.05028704296203556,0.08284867074662444,,0.10453876155080676,,,,,high,,
2013-09-04,0.0201077534684814,0.07178471740796737,0.07777157390840544,,0.10286804287912912,,,,,low,,
2013-09-05,0.007652048558445832,0.13133452472296578,0.0825152301070566,,0.10479432061942978,,,,,low,,
2013-09-06,0.1520109637551384,0.0201077534684814,0.08237399758487361,,0.10172117754438123,,,,,high,,
2013-09-09,0.11742966227856257,0.007652048558445832,0.07862175239586949,,0.09864015061922322,,,,,medium,,
2013-09-10,0.04982414283757439,0.1520109637551384,0.08319303988648899,,0.10262809820628083,,,,,medium,,
2013-09-11,0.042171594263585674,0.11742966227856257,0.08588646969569912,,0.1035758585961187,,,,,low,,
2013-09-12,0.03571066507616329,0.04982414283757439,0.08606905274747964,,0.1011594171961154,,,,,low,,
2013-09-13,0.09186711458064462,0.042171594263585674,0.08713363808024241,,0.09862018367440922,,,,,medium,,
2013-09-16,0.07084038906140132,0.03571066507616329,0.08662352654877008,,0.09601509926207791,,,,,medium,,
2013-09-17,0.18374116496229836,0.09186711458064462,0.08709808759190864,,0.09577128658220412,,,,,high,,
2013-09-18,0.02660502086873772,0.07084038906140132,0.08022608492098572,,0.09446116988972915,,,,,low,,
2013-09-19,0.1109883240812552,0.18374116496229836,0.08619281952178542,,0.10204502340644668,,,,,medium,,
2013-09-20,0.07346411377948256,0.02660502086873772,0.08278963751207497,,0.09915071972520659,,,,,medium,,
2013-09-23,0.03736158508486906,0.1109883240812552,0.08428726839007494,,0.0999005395062851,,,,,low,,
2013-09-24,0.045884093073143756,0.07346411377948256,0.08318192746950676,,0.09851461458500614,,,,,medium,,
2013-09-25,0.06104218968174772,0.03736158508486906,0.07830350601066588,,0.09595089792193505,,,,,medium,,
2013-09-26,0.07297710385077319,0.045884093073143756,0.07795553938875704,,0.09370432926568951,,,,,medium,,
2013-09-27,0.08458053770336578,0.06104218968174772,0.07804527466415763,,0.09207192937596856,,,,,medium,,
2013-09-30,0.12566320773782746,0.07297710385077319,0.069756348490188,,0.09103925103744721,,,,,high,,
2013-10-01,0.01499139317066396,0.08458053770336578,0.07103876200004887,,0.09066470403185134,,,,,low,,
2013-10-02,0.14638178415211417,0.12566320773782746,0.07560581635438486,,0.09313623221115311,,,,,high,,
2013-10-03,0.1202745541726267,0.01499139317066396,0.07400146863659524,,0.09037356249264654,,,,,medium,,
2013-10-04,0.1372259486834616,0.14638178415211417,0.07739224439769282,,0.09467309836299286,,,,,high,,
2013-10-07,0.18488750373705426,0.1202745541726267,0.0768895184635865,,0.09640110955437926,,,,,high,,
2013-10-08,0.011510792383502097,0.1372259486834616,0.08221307279154015,,0.09932492712024041,,,,,low,,
2013-10-09,0.34222917371911815,0.18488750373705426,0.09026922984511326,,0.10641671870942913,,,,,high,,
2013-10-10,0.10227673622056456,0.011510792383502097,0.08388285841912979,,0.10321335591921534,,,,,medium,,
2013-10-11,0.0634030290599357,0.34222917371911815,0.09410101803006414,,0.13054143200673285,,,,,medium,,
2013-10-14,0.11515672900617369,0.10227673622056456,0.09648522682020005,,0.12902028285685238,,,,,medium,,
2013-10-15,0.22170296423741795,0.0634030290599357,0.09745029203821597,,0.12605021233934108,,,,,high,,
2013-10-16,0.10609236470785303,0.11515672900617369,0.10106147676230734,,0.12542328732364444,,,,,medium,,
2013-10-17,0.10722799106713136,0.22170296423741795,0.10696310629216067,,0.13317760023361574,,,,,medium,,
2013-10-18,0.0009009101464129977,0.10609236470785303,0.10856546882154484,,0.13170965113727973,,,,,low,,
2013-10-21,0.09194435361535111,0.10722799106713136,0.10508759728085543,,0.13037045982368578,,,,,medium,,
2013-10-22,0.07602095940831638,0.0009009101464129977,0.10391922861165885,,0.12639904305534286,,,,,medium,,
2013-10-23,0.05273993063629051,0.09194435361535111,0.1030535935904814,,0.12460072571976746,,,,,medium,,
2013-10-24,0.07250302571874492,0.07602095940831638,0.10316981384633749,,0.12223163082877038,,,,,medium,,
2013-10-25,0.02526085724881001,0.05273993063629051,0.10386882955322028,,0.11921001341149326,,,,,low,,
2013-10-28,0.08468099641444378,0.07250302571874492,0.10507878103711123,,0.11693488352077269,,,,,medium,,
2013-10-29,0.0788501042945559,0.02526085724881001,0.10345235683561406,,0.11354130358381642,,,,,medium,,
2013-10-30,0.045027737060703274,0.08468099641444378,0.10398435195214456,,0.11201956182545174,,,,,medium,,
2013-10-31,0.037934300575690486,0.0788501042945559,0.10372387770628956,,0.11031101320588063,,,,,low,,
2013-11-01,0.05585292705078213,0.045027737060703274,0.10005862903914754,,0.10751771148385722,,,,,medium,,
2013-11-04,0.050270275296844844,0.037934300575690486,0.10110148846664875,,0.1046556040323327,,,,,medium,,
2013-11-05,0.08105060145919046,0.05585292705078213,0.0969865404165882,,0.10238554925212087,,,,,medium,,
2013-11-06,0.20070366404870554,0.050270275296844844,0.09380452774041631,,0.10002728971947701,,,,,high,,
2013-11-07,0.2141626397514854,0.08105060145919046,0.09125110286658579,,0.09899132874712074,,,,,high,,
2013-11-08,0.0026906533146569996,0.20070366404870554,0.09197001924438813,,0.10783433508325557,,,,,low,,
2013-11-11,0.03223671418538749,0.2141626397514854,0.10118146685202373,,0.1169721649342118,,,,,low,,
2013-11-12,0.1273827621752906,0.0026906533146569996,0.08574789774273005,,0.11341063664466502,,,,,high,,
2013-11-13,0.07920611119493444,0.03223671418538749,0.08256426037749472,,0.1102388611079939,,,,,medium,,
2013-11-14,0.06907060317445923,0.1273827621752906,0.0854724300645563,,0.11134196061884627,,,,,medium,,
2013-11-15,0.055545983476798164,0.07920611119493444,0.08383831107313634,,0.10967965511351341,,,,,medium,,
2013-11-18,0.03450308626938905,0.06907060317445923,0.0769004764793655,,0.10767587489518304,,,,,low,,
2013-11-19,0.049660899996105824,0.055545983476798164,0.07460291369613574,,0.10527853422802204,,,,,medium,,
2013-11-20,0.12808915851266994,0.03450308626938905,0.07129723620532925,,0.1024206198027308,,,,,high,,
2013-11-21,0.07941076982637345,0.049660899996105824,0.0735135993803153,,0.10004277414403498,,,,,medium,,
2013-11-22,0.01580641690008963,0.12808915851266994,0.07515654505746615,,0.10194338237785405,,,,,low,,
2013-11-25,0.004402056025512515,0.07941076982637345,0.07531062734919601,,0.10073365991496665,,,,,low,,
2013-11-26,0.03865500219833203,0.01580641690008963,0.07363183127027781,,0.09774162160709976,,,,,low,,
2013-11-27,0.010516815358332704,0.004402056025512515,0.07053633264785814,,0.09477015249833383,,,,,low,,
2013-11-29,0.041223826800816564,0.03865500219833203,0.07114515741829096,,0.09236964570669948,,,,,low,,
2013-12-02,0.0685802259691559,0.010516815358332704,0.06777405827937683,,0.08959273723588977,,,,,medium,,
2013-12-03,0.0017747794218218038,0.041223826800816564,0.0660637729387523,,0.08744833494847265,,,,,low,,
2013-12-04,0.06977297859069889,0.0685802259691559,0.06713434061640923,,0.08643247914865959,,,,,medium,,
2013-12-05,0.17743186644951497,0.0017747794218218038,0.06549072601850613,,0.08380052526802105,,,,,high,,
2013-12-06,0.04035759265977993,0.06977297859069889,0.06612345563395688,,0.08302573375508071,,,,,low,,
2013-12-09,0.0568813076507338,0.17743186644951497,0.07190352795907826,,0.09148005329874315,,,,,medium,,
2013-12-10,0.17829750716299173,0.04035759265977993,0.07005384574092323,,0.08924241289636894,,,,,high,,
2013-12-11,0.052399414683432254,0.0568813076507338,0.06351646590465179,,0.08763837489134246,,,,,medium,,
2013-12-12,0.0017892375655619425,0.17829750716299173,0.061886232605174805,,0.09553562545988789,,,,,low,,
2013-12-13,0.09893595854843278,0.052399414683432254,0.06414572175830095,,0.09351028984898528,,,,,medium,,
2013-12-16,0.05048991539437843,0.0017892375655619425,0.06276174554830888,,0.09066264904273823,,,,,medium,,
2013-12-17,0.27101984890558733,0.09893595854843278,0.06146870901981534,,0.09118021939649933,,,,,high,,
2013-12-18,0.018349393922572007,0.05048991539437843,0.06016342739251734,,0.08926340996194362,,,,,low,,
2013-12-19,0.09234379733044193,0.27101984890558733,0.06934293856211406,,0.10907329868762759,,,,,medium,,
2013-12-20,0.0848111206035823,0.018349393922572007,0.06765218449146743,,0.10584596087165508,,,,,medium,,
2013-12-23,0.03478584696647955,0.09234379733044193,0.0702813077215153,,0.10508476579027831,,,,,low,,
2013-12-24,0.08070367891203899,0.0848111206035823,0.07187904502185513,,0.103979878302525,,,,,medium,,
2013-12-26,0.0008612469955798943,0.03478584696647955,0.06763798540611919,,0.10117168326784899,,,,,low,,
2013-12-27,0.002587125215392646,0.08070367891203899,0.06769675400092218,,0.10006174070508271,,,,,low,,
2013-12-30,0.07512646406664988,0.0008612469955798943,0.06701742809617173,,0.09701368635681555,,,,,medium,,
2013-12-31,0.15213024895834787,0.002587125215392646,0.06693493124116628,,0.09406039343485158,,,,,high,,
2014-01-02,0.002611690111625164,0.07512646406664988,0.06859272496245346,,0.09303308708476454,,,,,low,,
2014-01-03,0.04599744148382364,0.15213024895834787,0.0750296992169996,,0.09759335394307256,,,,,medium,,
2014-01-06,0.09749836961985588,0.002611690111625164,0.07327460209476365,,0.09462242982158466,,,,,medium,,
2014-01-07,0.0034553725014173664,0.04599744148382364,0.0722481118908849,,0.0924291396108594,,,,,low,,
2014-01-08,0.010380111014213931,0.09749836961985588,0.07659918417261372,,0.0927411075142157,,,,,low,,
2014-01-09,0.04322761311213339,0.0034553725014173664,0.07358474753219182,,0.08991982327347474,,,,,low,,
2014-01-10,0.21121578782798792,0.010380111014213931,0.06599148592149633,,0.08721757244249004,,,,,high,,
2014-01-13,0.17299359608585438,0.04322761311213339,0.06612194139660331,,0.08522093779299587,,,,,high,,
2014-01-14,0.08556760153559799,0.21121578782798792,0.07313714504102395,,0.09748629793815371,,,,,medium,,
2014-01-15,0.020630440485399037,0.17299359608585438,0.07289605817388133,,0.10358074457035067,,,,,low,,
2014-01-16,0.06714467075906105,0.08556760153559799,0.07440370303079796,,0.10258918692024334,,,,,medium,,
2014-01-17,0.04668322395745907,0.020630440485399037,0.07526012134533601,,0.09959219698880292,,,,,medium,,
2014-01-21,0.010346150185805682,0.06714467075906105,0.07381506280945548,,0.09794893448973142,,,,,low,,
2014-01-22,0.13006623710675544,0.04668322395745907,0.07364203138050461,,0.09565099866471344,,,,,high,,
2014-01-23,0.3386959181086158,0.010346150185805682,0.0617932268932418,,0.09277170528907844,,,,,high,,
2014-01-24,0.07809537948486972,0.13006623710675544,0.0668712652197956,,0.0954213157853928,,,,,medium,,
2014-01-27,0.09453358748822391,0.3386959181086158,0.07806908889153076,,0.12426507696231072,,,,,medium,,
2014-01-28,0.15247496837249008,0.07809537948486972,0.07776382793158929,,0.121988663772972,,,,,high,,
2014-01-29,0.16826973092184866,0.09453358748822391,0.0804796343189413,,0.1205178658688077,,,,,high,,
2014-01-30,0.09299829342373712,0.15247496837249008,0.08374196565805271,,0.12267028814170576,,,,,medium,,
2014-01-31,0.35725977834787176,0.16826973092184866,0.09135144220015584,,0.12587295880320623,,,,,high,,
2014-02-03,0.11120035601295039,0.09299829342373712,0.09546104075508058,,0.12414621463091369,,,,,medium,,
2014-02-04,0.019916851753236216,0.35725977834787176,0.10828528231331797,,0.14881404034654802,,,,,low,,
2014-02-05,0.20933687853480157,0.11120035601295039,0.1064248326339817,,0.14682919545734968,,,,,high,,
2014-02-06,0.19678120647682845,0.019916851753236216,0.10721143089041857,,0.14243975828173489,,,,,high,,
2014-02-07,0.029153690048759923,0.20933687853480157,0.11463595075637212,,0.14731278076894472,,,,,low,,
2014-02-10,0.17373009902564213,0.19678120647682845,0.11914880697714358,,0.150739386520428,,,,,high,,
2014-02-11,0.007850962174244254,0.029153690048759923,0.1203169123202046,,0.14632162228546142,,,,,low,,
2014-02-12,0.08195785861737306,0.17373009902564213,0.12774191177526953,,0.14810923319564467,,,,,medium,,
2014-02-13,0.0876082887917883,0.007850962174244254,0.12613388218718366,,0.143610105900516,,,,,medium,,
2014-02-14,0.018977951480709965,0.08195785861737306,0.12025852176851934,,0.14067500204762995,,,,,low,,
2014-02-18,0.1051159959197868,0.0876082887917883,0.1163773714369709,,0.13806738052464157,,,,,medium,,
2014-02-19,0.09366966938801494,0.018977951480709965,0.1133505691617487,,0.13394198456639445,,,,,medium,,
2014-02-20,0.018111205271468575,0.1051159959197868,0.1171908216814936,,0.13238953988779367,,,,,low,,
2014-02-21,0.08806478766591258,0.09366966938801494,0.11839650343735514,,0.13039099383467867,,,,,medium,,
2014-02-24,0.006017070593091829,0.018111205271468575,0.11709777531526466,,0.12649657521919958,,,,,low,,
2014-02-25,0.0008631341220778775,0.08806478766591258,0.12063044065526952,,0.12452559953380653,,,,,low,,
2014-02-26,0.08329840032807198,0.006017070593091829,0.11499184217737572,,0.1207410441863497,,,,,medium,,
2014-02-27,0.04015274847415482,0.0008631341220778775,0.09963580654162402,,0.11706297649627832,,,,,low,,
2014-02-28,0.11163659388987358,0.08329840032807198,0.09987230748904229,,0.11531623237008336,,,,,medium,,
2014-03-03,0.22313433844648276,0.04015274847415482,0.09740045117022098,,0.11223501251281136,,,,,high,,
2014-03-04,0.014382632830599509,0.11163659388987358,0.09554416142101112,,0.11219919740107691,,,,,low,,
2014-03-05,0.036360030504601966,0.22313433844648276,0.0980380072175854,,0.1217401999474128,,,,,low,,
2014-03-06,0.006746065479836348,0.014382632830599509,0.09446456809971551,,0.11808406884025581,,,,,low,,
2014-03-07,0.00843335591591062,0.036360030504601966,0.07987821592502144,,0.11483265904844227,,,,,low,,
2014-03-10,0.078458902411073,0.006746065479836348,0.0751302936280617,,0.11134665586830679,,,,,medium,,
2014-03-11,0.00423828187735882,0.00843335591591062,0.0746083165445469,,0.10797435064028908,,,,,low,,
2014-03-12,0.17800491063986004,0.078458902411073,0.06865931762983196,,0.10643449034252753,,,,,high,,
2014-03-13,0.044575115510830376,0.00423828187735882,0.059907366511674255,,0.10319728907486614,,,,,low,,
2014-03-14,0.1435652570764755,0.17800491063986004,0.06667333108399699,,0.10914139698928024,,,,,high,,
2014-03-17,0.11330267843730477,0.044575115510830376,0.06080265001514191,,0.10637833576407181,,,,,medium,,
2014-03-18,0.08458415515298755,0.1435652570764755,0.06697148160160696,,0.10896801495440603,,,,,medium,,
2014-03-19,0.09269617225627658,0.11330267843730477,0.06839624613887658,,0.10923294559143533,,,,,medium,,
2014-03-20,0.06156522551061157,0.08458415515298755,0.0682587855189311,,0.10791290458792804,,,,,medium,,
2014-03-21,0.06564929106253595,0.09269617225627658,0.07160961373600232,,0.10706090836091849,,,,,medium,,
2014-03-24,0.07533498232155583,0.06156522551061157,0.06963003326285798,,0.104889143540461,,,,,medium,,
2014-03-25,0.11417784133602074,0.06564929106253595,0.06835637970260894,,0.1029573613284313,,,,,medium,,
2014-03-26,0.03347471218513277,0.07533498232155583,0.0709574604776129,,0.10151219990864999,,,,,low,,
2014-03-27,0.07827486079782153,0.11417784133602074,0.07214441746261781,,0.10231636180790102,,,,,medium,,
2014-03-28,0.13007888840939122,0.03347471218513277,0.07339249208043785,,0.09953769638353922,,,,,high,,
2014-03-31,0.10526153031645928,0.07827486079782153,0.0769112069293353,,0.09839159034814021,,,,,medium,,
2014-04-01,0.053127852007754536,0.13007888840939122,0.07903759275121346,,0.10057475717470779,,,,,medium,,
2014-04-02,0.021014578930784452,0.10526153031645928,0.08199708283495456,,0.10086210517226042,,,,,low,,
2014-04-03,0.18767572712478486,0.053127852007754536,0.0793375945675855,,0.09865155104574275,,,,,high,,
2014-04-04,0.1754329243468615,0.021014578930784452,0.07015033277141741,,0.09578464158707924,,,,,high,,
2014-04-07,0.06545004271057894,0.18767572712478486,0.0780272916029713,,0.10362213288306857,,,,,medium,,
2014-04-08,0.17066443347256804,0.1754329243468615,0.08434878677761945,,0.1092698324998059,,,,,high,,
2014-04-09,0.33345646423037106,0.06545004271057894,0.08701714937901683,,0.10714721182705828,,,,,high,,
2014-04-10,0.1430091741530949,0.17066443347256804,0.09439128926795583,,0.1119789017329805,,,,,high,,
2014-04-11,0.12506995100843665,0.33345646423037106,0.10598208753246935,,0.1358621020724554,,,,,high,,
2014-04-14,0.1093366141464492,0.1430091741530949,0.11228985536318464,,0.13630149509924872,,,,,medium,,
2014-04-15,0.166324302571318,0.12506995100843665,0.10988372083448357,,0.13565382881079419,,,,,high,,
2014-04-16,0.022183237489389687,0.1093366141464492,0.1128274253179208,,0.13422039079941292,,,,,low,,
2014-04-17,0.05535282850409716,0.166324302571318,0.11386192738586817,,0.13635993885858277,,,,,medium,,
2014-04-21,0.07213563392514631,0.022183237489389687,0.10972013461550839,,0.1323174845268609,,,,,medium,,
2014-04-22,0.037170379500933055,0.05535282850409716,0.10839143794964974,,0.1290010769188744,,,,,low,,
2014-04-23,0.032182865917363336,0.07213563392514631,0.10745686802550747,,0.1263131590783896,,,,,low,,
2014-04-24,0.13015443031883206,0.037170379500933055,0.10634801138870391,,0.1228031413837423,,,,,high,,
2014-04-25,0.050274619261364784,0.032182865917363336,0.10482681024574152,,0.11932275161599225,,,,,medium,,
2014-04-28,0.07390208955013289,0.13015443031883206,0.10731860333652678,,0.12000022689110322,,,,,medium,,
2014-04-29,0.047351933126721944,0.050274619261364784,0.10441391142404242,,0.11699445895936178,,,,,medium,,
2014-04-30,0.0016822819838210675,0.07390208955013289,0.10625151948608788,,0.11486571443191704,,,,,low,,
2014-05-01,0.022762788831958664,0.047351933126721944,0.10484593186467427,,0.11196882041482656,,,,,low,,
2014-05-02,0.030395546398549994,0.0016822819838210675,0.0990097224816938,,0.10855858116585167,,,,,low,,
2014-05-05,0.13817543750252684,0.022762788831958664,0.09525977968694378,,0.10539903360744222,,,,,high,,
2014-05-06,0.09349486960381423,0.030395546398549994,0.09422649306834359,,0.1024590272387541,,,,,medium,,
2014-05-07,0.016903988751892647,0.13817543750252684,0.0995519866397864,,0.10494535825223492,,,,,low,,
2014-05-08,0.023687963950317897,0.09349486960381423,0.09527103857065139,,0.10429378679529566,,,,,low,,
2014-05-09,0.15455425655591393,0.016903988751892647,0.08806517786178915,,0.10120131924238873,,,,,high,,
2014-05-12,0.014216831283291593,0.023687963950317897,0.08616690155450456,,0.09828973381580895,,,,,low,,
2014-05-13,0.0752108271930063,0.15455425655591393,0.08543462078556575,,0.1025399461689965,,,,,medium,,
2014-05-14,0.13937548000179048,0.014216831283291593,0.07092372837888032,,0.09947713920406293,,,,,high,,
2014-05-15,0.055054510512405994,0.0752108271930063,0.06784198533523993,,0.09819042347599084,,,,,medium,,
2014-05-16,0.05824766149484481,0.13937548000179048,0.06849223665311964,,0.10113559794748098,,,,,medium,,
2014-05-19,0.10008719577851061,0.055054510512405994,0.06602486830611767,,0.09897759630102403,,,,,medium,,
2014-05-20,0.13373645231416975,0.05824766149484481,0.06111229371173254,,0.09701720517276233,,,,,high,,
2014-05-21,0.038603217934305156,0.10008719577851061,0.06465338272487439,,0.09720413889896964,,,,,low,,
2014-05-22,0.06364078200380935,0.13373645231416975,0.06821627471624132,,0.09977400594643668,,,,,medium,,
2014-05-23,0.09756857855231028,0.038603217934305156,0.06669207398938491,,0.09719554327713086,,,,,medium,,
2014-05-27,0.011606509081372366,0.06364078200380935,0.067895274103152,,0.09551525617933401,,,,,low,,
2014-05-28,0.08212257355927911,0.09756857855231028,0.07086735195019506,,0.09563969868452471,,,,,medium,,
2014-05-29,0.025584471508485803,0.011606509081372366,0.06547881007576507,,0.09276970146433604,,,,,low,,
2014-05-30,0.018119304652105987,0.08212257355927911,0.06692644436203389,,0.09216556561143138,,,,,low,,
2014-06-02,0.008220501063112126,0.025584471508485803,0.0647301889965045,,0.08957731803502866,,,,,low,,
2014-06-03,0.03210135762231661,0.018119304652105987,0.06340143315674922,,0.08696176575962736,,,,,low,,
2014-06-04,0.10353871360106787,0.008220501063112126,0.06369862493308064,,0.08433660166294393,,,,,medium,,
2014-06-05,0.07592323492655217,0.03210135762231661,0.06412310533264236,,0.08214458269978968,,,,,medium,,
2014-06-06,0.016250545240108726,0.10353871360106787,0.06744779475093864,,0.08358279985593368,,,,,low,,
2014-06-09,0.0016258215412472252,0.07592323492655217,0.06461814917930342,,0.08314312732844724,,,,,low,,
2014-06-10,0.05519030577436216,0.016250545240108726,0.061107043526407716,,0.08070847327185154,,,,,medium,,
2014-06-11,0.11238637087675786,0.0016258215412472252,0.06041258138046928,,0.07825078144109376,,,,,medium,,
2014-06-12,0.04839286678668797,0.05519030577436216,0.06184450600883493,,0.077062000359849,,,,,medium,,
2014-06-13,0.01308230831629264,0.11238637087675786,0.059927783932509644,,0.07962462286896295,,,,,low,,
2014-06-16,0.04411987213244607,0.04839286678668797,0.061481240091754936,,0.07810369969696154,,,,,low,,
2014-06-17,0.11651162862457123,0.01308230831629264,0.05865721650644977,,0.07579211990322551,,,,,medium,,
2014-06-18,0.017794846019091645,0.04411987213244607,0.0543274161487523,,0.07427363260322213,,,,,low,,
2014-06-19,0.03223149384495417,0.11651162862457123,0.057120921517487086,,0.07746015573414965,,,,,low,,
2014-06-20,0.004861874200956819,0.017794846019091645,0.05528215717768012,,0.07522679426552605,,,,,low,,
2014-06-23,0.09562754808531639,0.03223149384495417,0.05219780708979119,,0.07336115111329944,,,,,medium,,
2014-06-24,0.07174897717186675,0.004861874200956819,0.04633987172100879,,0.07113624429468433,,,,,medium,,
2014-06-25,0.011368778988730597,0.09562754808531639,0.048931886727872936,,0.07283832105684754,,,,,low,,
2014-06-26,0.03087115845747223,0.07174897717186675,0.04930044105369372,,0.07277342026475132,,,,,low,,
2014-06-27,0.008107585661665173,0.011368778988730597,0.04538226834625829,,0.07061138295876938,,,,,low,,
2014-06-30,0.10624809406539222,0.03087115845747223,0.046257934226990094,,0.06887663656581504,,,,,medium,,
2014-07-01,0.016118594800810983,0.008107585661665173,0.042893616595280376,,0.06680790056166923,,,,,low,,
2014-07-02,0.07806922080774634,0.10624809406539222,0.04656014489332158,,0.06980556777479942,,,,,medium,,
2014-07-03,0.05526209491396048,0.016118594800810983,0.04646920353644453,,0.0677940764427214,,,,,medium,,
2014-07-07,0.10207019922946414,0.07806922080774634,0.049644145343018815,,0.06845409255062826,,,,,medium,,
2014-07-08,0.07118289967104194,0.05526209491396048,0.05069690612900262,,0.06773506453655267,,,,,medium,,
2014-07-09,0.0628155136652863,0.10207019922946414,0.0506301554757479,,0.07026988091600303,,,,,medium,,
2014-07-10,0.021829345685986504,0.07118289967104194,0.05041468569140653,,0.070324996313167,,,,,low,,
2014-07-11,0.07993853390916944,0.0628155136652863,0.052531275165278245,,0.06989718252892717,,,,,medium,,
2014-07-14,0.029727685635889886,0.021829345685986504,0.0534496171718573,,0.06797845524824705,,,,,low,,
2014-07-15,0.05875192023021683,0.07993853390916944,0.054574536632530354,,0.06875475479902825,,,,,medium,,
2014-07-16,0.180424073899607,0.029727685635889886,0.050817323667036354,,0.06705674795739804,,,,,high,,
2014-07-17,0.1622201947175131,0.05875192023021683,0.051288189732651306,,0.06658767369167473,,,,,high,,
2014-07-18,0.02970219186894586,0.180424073899607,0.058894633622801965,,0.07823716493432431,,,,,low,,
2014-07-21,0.06917499588934543,0.1622201947175131,0.06426283010394138,,0.08563126901310232,,,,,medium,,
2014-07-22,0.035243226604242006,0.02970219186894586,0.06031694661504931,,0.08334077388011117,,,,,low,,
2014-07-23,0.0008017774553885061,0.06917499588934543,0.06265240797278812,,0.08255939873119915,,,,,low,,
2014-07-24,0.0743190826772122,0.035243226604242006,0.0627893049163921,,0.08050848502496104,,,,,medium,,
2014-07-25,0.00642314234071043,0.0008017774553885061,0.06260475506432082,,0.07805611931283025,,,,,low,,
2014-07-28,0.06821940527557806,0.0743190826772122,0.06163618845486154,,0.07783695689996496,,,,,medium,,
2014-07-29,0.002419971107350635,0.00642314234071043,0.05866683232617262,,0.07548212870164649,,,,,low,,
2014-07-30,0.3134952485004661,0.06821940527557806,0.06125095170284751,,0.07506618335509821,,,,,high,,
2014-07-31,0.04850082009542315,0.002419971107350635,0.059957715914205616,,0.07278177894295229,,,,,medium,,
2014-08-01,0.11462109252777215,0.3134952485004661,0.07383897331596928,,0.10428860127203199,,,,,medium,,
2014-08-04,0.1539240149036755,0.04850082009542315,0.07121409722642524,,0.10180709890256168,,,,,high,,
2014-08-05,0.004962925171986781,0.11462109252777215,0.07569148348674166,,0.10262106974142407,,,,,low,,
2014-08-06,0.08595561351861132,0.1539240149036755,0.07913942867292025,,0.10639913091480487,,,,,medium,,
2014-08-07,0.18364834774933697,0.004962925171986781,0.0768531027755578,,0.10316494750367491,,,,,high,,
2014-08-08,0.046005917200654625,0.08595561351861132,0.0761206216068827,,0.1022141284732766,,,,,medium,,
2014-08-11,0.022116972190443666,0.18364834774933697,0.08123268742862337,,0.1088322898493002,,,,,low,,
2014-08-12,0.10745804360999266,0.046005917200654625,0.0804686148620492,,0.10611687867657989,,,,,medium,,
2014-08-13,0.07495038760331767,0.022116972190443666,0.08048168879406999,,0.10302666669939751,,,,,medium,,
2014-08-14,0.003240708329431232,0.10745804360999266,0.08173257559865287,,0.10329791031916688,,,,,low,,
2014-08-15,0.13302147846000947,0.07495038760331767,0.08378815296080867,,0.10181986258015427,,,,,high,,
2014-08-18,0.08283868633541246,0.003240708329431232,0.0812649160562275,,0.09872121090383564,,,,,medium,,
2014-08-19,0.04241520908052202,0.13302147846000947,0.07911025262715489,,0.10110790106258574,,,,,low,,
2014-08-20,0.04628314396398958,0.08283868633541246,0.07550200224615032,,0.10010581439192902,,,,,medium,,
2014-08-21,0.024665015369926,0.04241520908052202,0.07607986666485832,,0.09761068910855883,,,,,low,,
2014-08-22,0.08049483579488674,0.04628314396398958,0.0750393279409785,,0.09531371147670384,,,,,medium,,
2014-08-25,0.010304987064179302,0.024665015369926,0.07455850015760052,,0.09260736017578951,,,,,low,,
2014-08-26,0.006335033888967554,0.08049483579488674,0.07818091190030498,,0.09192562691971944,,,,,low,,
2014-08-27,0.0087220803256278,0.010304987064179302,0.07527118028153075,,0.08916093986164576,,,,,low,,
2014-08-28,0.04520671951929964,0.006335033888967554,0.07526717535190608,,0.08645866506287125,,,,,medium,,
2014-08-29,0.007914474057017505,0.0087220803256278,0.07256275149054471,,0.08385200772610595,,,,,low,,
2014-09-02,0.008700542818669466,0.04520671951929964,0.07450760369108783,,0.08204820837226606,,,,,low,,
2014-09-03,0.022959215776731184,0.007914474057017505,0.0606175684891129,,0.0795723087590703,,,,,low,,
2014-09-04,0.07135650014219679,0.008700542818669466,0.058808464976533185,,0.07717764669056874,,,,,medium,,
2014-09-05,0.041042270491880195,0.022959215776731184,0.05464201603330405,,0.07503754616935145,,,,,low,,
2014-09-08,0.10051031603390229,0.07135650014219679,0.05088894718050956,,0.07482179055437725,,,,,medium,,
2014-09-09,0.05973842301031545,0.041042270491880195,0.05252891742232291,,0.07323571805673125,,,,,medium,,
2014-09-10,0.018245567681021032,0.10051031603390229,0.05319049480938158,,0.07515185688379246,,,,,low,,
2014-09-11,0.09272369692047533,0.05973842301031545,0.04755822550306243,,0.07431725404320766,,,,,medium,,
2014-09-12,0.01195997083239378,0.018245567681021032,0.046296391433988164,,0.07219172416566506,,,,,low,,
2014-09-15,0.11966315381072339,0.09272369692047533,0.04950578801262597,,0.0735853747287244,,,,,medium,,
2014-09-16,0.02139183579916158,0.01195997083239378,0.04516496652273511,,0.0714037911155107,,,,,low,,
2014-09-17,0.08460585313699683,0.11966315381072339,0.0471973649867081,,0.0751781053586958,,,,,medium,,
2014-09-18,0.014305617487429496,0.02139183579916158,0.0480224162353322,,0.07307598314176329,,,,,low,,
2014-09-19,0.12259326795967593,0.08460585313699683,0.045821705993377086,,0.07381857744842758,,,,,medium,,
2014-09-22,0.09087432823075567,0.014305617487429496,0.04270656650028695,,0.07165549857073587,,,,,medium,,
2014-09-23,0.12426613223129446,0.12259326795967593,0.046351023722066675,,0.0756847831987214,,,,,high,,
2014-09-24,0.2561416411539428,0.09087432823075567,0.048377895734192405,,0.0766810526482956,,,,,high,,
2014-09-25,0.12612447120307285,0.12426613223129446,0.05290521922789097,,0.08033498056462811,,,,,high,,
2014-09-26,0.028872793308560588,0.2561416411539428,0.06088916492602987,,0.100014993756747,,,,,low,,
2014-09-29,0.041787589740506476,0.12612447120307285,0.06615368693234323,,0.10177063413267944,,,,,low,,
2014-09-30,0.21513062135524005,0.028872793308560588,0.06717813054232473,,0.09892342768559916,,,,,high,,
2014-10-01,0.0024454748411201943,0.041787589740506476,0.06868110824300103,,0.09645447647332465,,,,,low,,
2014-10-02,0.17477458850557634,0.21513062135524005,0.07640492196281651,,0.10734118093499835,,,,,high,,
2014-10-03,0.018584515786808135,0.0024454748411201943,0.07615633108936662,,0.10407286004468581,,,,,low,,
2014-10-06,0.2450403656786414,0.17477458850557634,0.08370515134786238,,0.10960866750967063,,,,,high,,
2014-10-07,0.2776339531898735,0.018584515786808135,0.08350630134832043,,0.10636700356441654,,,,,high,,
2014-10-08,0.3148361581675557,0.2450403656786414,0.09140102250906793,,0.11932221054418823,,,,,high,,
2014-10-09,0.1812010507675625,0.2776339531898735,0.10215518990443125,,0.13419522812392662,,,,,high,,
2014-10-10,0.26077013028857854,0.3148361581675557,0.11189727363777911,,0.1512453836834074,,,,,high,,
2014-10-13,0.024561545707239278,0.1812010507675625,0.11741830217219947,,0.1532079807593742,,,,,low,,
2014-10-14,0.10740808065681956,0.26077013028857854,0.12844214592708844,,0.16169226294818878,,,,,medium,,
2014-10-15,0.013627111889801405,0.024561545707239278,0.12534386632648678,,0.1568818689177292,,,,,low,,
2014-10-16,0.18748877302702785,0.10740808065681956,0.1296824167730516,,0.15436124933037862,,,,,high,,
2014-10-17,0.1541401464696029,0.013627111889801405,0.12486259668573697,,0.14969600351329565,,,,,high,,
2014-10-20,0.3144897635105045,0.18748877302702785,0.1324124574688218,,0.15222838848405473,,,,,high,,
2014-10-21,0.11288147463858299,0.1541401464696029,0.13557310716575843,,0.15234377049963477,,,,,medium,,
2014-10-22,0.18454195469546134,0.3144897635105045,0.14921784107589822,,0.16658431987019745,,,,,high,,
2014-10-23,0.12215132647207143,0.11288147463858299,0.14877639592493944,,0.16385923571167463,,,,,medium,,
2014-10-24,0.021816647982528033,0.18454195469546134,0.1530340153096988,,0.16517324893245455,,,,,low,,
2014-10-27,0.18208408963001094,0.12215132647207143,0.15293788777518863,,0.16291263556477636,,,,,high,,
2014-10-28,0.024004738014127273,0.021816647982528033,0.14228675172194252,,0.15804003665151925,,,,,low,,
2014-10-29,0.10176712671531384,0.18208408963001094,0.1448303707413488,,0.15958487063474447,,,,,medium,,
2014-10-30,0.18153014970622264,0.024004738014127273,0.14460909550069273,,0.15483495963833638,,,,,high,,
2014-10-31,0.00866017908104941,0.10176712671531384,0.1473354380904567,,0.15217366962594545,,,,,low,,
2014-11-03,0.05507103870450659,0.18153014970622264,0.1458081439245923,,0.15409285479516113,,,,,medium,,
2014-11-04,0.10026457639373244,0.00866017908104941,0.1460906304809527,,0.14941362503831507,,,,,medium,,
2014-11-05,0.06354406773778681,0.05507103870450659,0.14064956003544954,,0.1454886065109718,,,,,medium,,
2014-11-06,0.01485088682170062,0.10026457639373244,0.144362290063037,,0.14317855168913743,,,,,low,,
2014-11-07,0.04996244070699899,0.06354406773778681,0.1361124583384527,,0.13968665905035788,,,,,medium,,
2014-11-10,0.015563285413496422,0.01485088682170062,0.12416777350353576,,0.13548008666964798,,,,,low,,
2014-11-11,0.01710515110671896,0.04996244070699899,0.11212805907351045,,0.13192170928190114,,,,,low,,
2014-11-12,0.017902275464330545,0.015563285413496422,0.10459906973923472,,0.12795964241993898,,,,,low,,
2014-11-13,0.003893301732630325,0.01710515110671896,0.093523388867332,,0.12413220796637489,,,,,low,,
2014-11-14,0.010105990401236477,0.017902275464330545,0.09322069476538161,,0.12043050377433016,,,,,low,,
2014-11-17,0.09164725459633867,0.003893301732630325,0.08851547754155484,,0.11676559995513015,,,,,medium,,
2014-11-18,0.02548028016942566,0.010105990401236477,0.08835542656480187,,0.11323551066440242,,,,,low,,
2014-11-19,0.02784148791244442,0.09164725459633867,0.08399899390886147,,0.11205756190193092,,,,,low,,
2014-11-20,0.08494619545546522,0.02548028016942566,0.07815081816794432,,0.10882296646063055,,,,,medium,,
2014-11-21,0.04454163279879831,0.02784148791244442,0.06512135109530522,,0.1057279558796289,,,,,low,,
2014-11-24,0.011488453148290905,0.08494619545546522,0.06385156567789078,,0.10459755246924833,,,,,low,,
2014-11-25,0.04062496218656915,0.04454163279879831,0.05748791468258791,,0.10199630643678577,,,,,low,,
2014-11-26,0.0336402402972312,0.011488453148290905,0.052457784076961514,,0.09892912012388634,,,,,low,,
2014-11-28,0.11032165000108894,0.04062496218656915,0.05331270744987249,,0.09643016028783091,,,,,medium,,
2014-12-01,0.10261466893692149,0.0336402402972312,0.046565259752927954,,0.09385493705918661,,,,,medium,,
2014-12-02,0.06131964939411822,0.11032165000108894,0.050488755752335295,,0.09492352840733753,,,,,medium,,
2014-12-03,0.017559599903287534,0.10261466893692149,0.050527280398772016,,0.09540248365447694,,,,,low,,
2014-12-04,0.025986168003718554,0.06131964939411822,0.04506316674822181,,0.0937077468425382,,,,,low,,
2014-12-05,0.10607816816700938,0.017559599903287534,0.04546768587650536,,0.09095478922042932,,,,,medium,,
2014-12-08,0.010760174938630239,0.025986168003718554,0.04414564629919681,,0.08841337069050027,,,,,low,,
2014-12-09,0.25448928428332834,0.10607816816700938,0.044409900470709404,,0.08957155427670416,,,,,high,,
2014-12-10,0.08047861358586282,0.010760174938630239,0.04201063261620229,,0.08688283154510149,,,,,medium,,
2014-12-11,0.25654885120453047,0.25448928428332834,0.05290328704627627,,0.10479311323345279,,,,,high,,
2014-12-12,0.10905363669692597,0.08047861358586282,0.05429038581349735,,0.10349545507398797,,,,,medium,,
2014-12-15,0.1273120500152096,0.25654885120453047,0.06524427516763527,,0.11839623917580917,,,,,high,,
2014-12-16,0.31121989926794213,0.10905363669692597,0.06942375178537195,,0.11785656971304737,,,,,high,,
2014-12-17,0.392558606604816,0.1273120500152096,0.07439692335586645,,0.11844518668058793,,,,,high,,
2014-12-18,0.06754037844372832,0.31121989926794213,0.08836631415292608,,0.13783677323179128,,,,,medium,,
2014-12-19,0.07302139325344191,0.392558606604816,0.10575052398036151,,0.1646364876594068,,,,,medium,,
2014-12-22,0.021429128227431066,0.06754037844372832,0.10465475688251559,,0.16047605693035882,,,,,low,,
2014-12-23,0.001531806643205498,0.07302139325344191,0.10681571656815268,,0.1566120633584822,,,,,low,,
2014-12-24,0.05119091049933077,0.021429128227431066,0.10652424567337936,,0.15193172985993555,,,,,medium,,
2014-12-26,0.02132097414633628,0.001531806643205498,0.10273268254554938,,0.14730375518578614,,,,,low,,
2014-12-29,0.08518351951127989,0.05119091049933077,0.10303492244102812,,0.14336569698986226,,,,,medium,,
2014-12-30,0.15752094583459836,0.02132097414633628,0.10348185521366654,,0.1390962786177207,,,,,high,,
2014-12-31,0.008494176790373764,0.08518351951127989,0.10550724418297158,,0.13646348288666968,,,,,low,,
2015-01-02,0.2866870728190033,0.15752094583459836,0.11113818534376098,,0.13781769165990393,,,,,high,,
2015-01-05,0.14952366483419893,0.008494176790373764,0.10650966383418305,,0.1336354078407263,,,,,high,,
2015-01-06,0.19781580873925217,0.2866870728190033,0.11487659128336855,,0.14737125078631697,,,,,high,,
2015-01-07,0.28169637649670604,0.14952366483419893,0.11888586471246314,,0.14750128136918372,,,,,high,,
2015-01-08,0.12721257902186647,0.19781580873925217,0.12707932875046155,,0.1509936951546253,,,,,high,,
2015-01-09,0.1243551366264493,0.28169637649670604,0.13870252004559733,,0.16184041871468166,,,,,high,,
2015-01-12,0.04465268872481516,0.12721257902186647,0.13966317508445447,,0.1599742612973804,,,,,low,,
2015-01-13,0.09584196037443399,0.1243551366264493,0.1448265824339008,,0.15806362776207236,,,,,medium,,
2015-01-14,0.14541233567081388,0.04465268872481516,0.13528855536305928,,0.15363819691941802,,,,,high,,
2015-01-15,0.20818142018029542,0.09584196037443399,0.13598688930799432,,0.15079640148755455,,,,,high,,
2015-01-16,0.033850778433976686,0.14541233567081388,0.13093522951100722,,0.15047879007160606,,,,,low,,
2015-01-20,0.08013676994991503,0.20818142018029542,0.13544103785116038,,0.1545496829767913,,,,,medium,,
2015-01-21,0.23606871684526903,0.033850778433976686,0.13119279823383162,,0.15007071916189468,,,,,high,,
2015-01-22,0.08703558957593588,0.08013676994991503,0.12068901962846673,,0.14681710260954786,,,,,medium,,
2015-01-23,0.0371706474909173,0.23606871684526903,0.11357584282121459,,0.15364131041461818,,,,,low,,
2015-01-26,0.20938944256814904,0.08703558957593588,0.11446198878176948,,0.15047865217742895,,,,,high,,
2015-01-27,0.20357822345206134,0.0371706474909173,0.11283240942892747,,0.14617829762848228,,,,,high,,
2015-01-28,0.1467333406408304,0.20938944256814904,0.12137606008077828,,0.1507204210956415,,,,,high,,
2015-01-29,0.199617815389001,0.20357822345206134,0.13055998811754443,,0.15440301874952603,,,,,high,,
2015-01-30,0.19659162438969352,0.1467333406408304,0.134902825851249,,0.15395361334624652,0.11185959533328174,0.11950915747817865,0.1133432871028849,0.1418573095056883,high,1e-08,0.3074356155528072
2015-02-02,0.2295606444789665,0.199617815389001,0.14300722772591556,,0.15706829244587936,0.11185959533328174,0.11950915747817865,0.1133432871028849,0.1418573095056883,high,1e-08,0.28135852389184873
2015-02-03,0.06044778372317247,0.19659162438969352,0.14807123249311618,,0.15971573995434238,0.11892879677901305,0.12338947148434426,0.12057197466292434,0.09296392833409242,medium,1e-08,0.24651646296045104
2015-02-04,0.16025790005337914,0.2295606444789665,0.15134576424967838,,0.1647436065631357,0.11892879677901305,0.12338947148434426,0.12057197466292434,0.09296392833409242,high,1e-08,0.2829577185067755
2015-02-05,0.04390238429764538,0.06044778372317247,0.15370729183753284,,0.1604096774594541,0.11706208115840211,0.10981010341674058,0.11896457401716246,0.06351139835769042,low,1e-08,0.24526353936489337
2015-02-06,0.07105363093683971,0.16025790005337914,0.14796051125727724,,0.1604005748651122,0.11706208115840211,0.10981010341674058,0.11896457401716246,0.06351139835769042,medium,1e-08,0.2249447419871237
2015-02-09,0.16911962734258607,0.04390238429764538,0.14315954396016115,,0.15588549936686233,0.10930516907494194,0.09838135826512105,0.11084608317415419,0.1091904082550288,high,1e-08,0.3440324736732131
2015-02-10,0.009208571394795594,0.07105363093683971,0.13739762678732423,,0.15213542876740838,0.10930516907494194,0.09838135826512105,0.11084608317415419,0.1091904082550288,low,1e-08,0.2551438412956018
2015-02-11,0.15266680353456766,0.16911962734258607,0.1322805018257733,,0.15320758553746064,0.10604667576585913,0.09074089432951589,0.10749672317559959,0.09632082303090966,high,1e-08,0.2703139250453286
2015-02-12,0.06534619979913489,0.009208571394795594,0.12691668329727007,,0.1485573905178507,0.10604667576585913,0.09074089432951589,0.10749672317559959,0.09632082303090966,medium,1e-08,0.2388848815852017
2015-02-13,0.02497027213878129,0.15266680353456766,0.1282035772476391,,0.1488071555904236,0.10079156157619594,0.08146098786244924,0.10217499068203711,0.06268170839739645,low,1e-08,0.190222253375704
2015-02-17,0.001511816792046631,0.06534619979913489,0.1291441913873809,,0.14515909524142498,0.10079156157619594,0.08146098786244924,0.10217499068203711,0.06268170839739645,low,1e-08,0.21818743940434354
2015-02-18,0.011333370311599105,0.02497027213878129,0.12592275101303307,,0.1408698123263875,0.0903876052996338,0.07398177739492956,0.09162191789829631,0.07163014499660796,low,1e-08,0.29995917559031937
2015-02-19,0.09525885391381934,0.001511816792046631,0.11938181833672545,,0.1365788523849139,0.0903876052996338,0.07398177739492956,0.09162191789829631,0.07163014499660796,medium,1e-08,0.25568203143290597
2015-02-20,0.0022597479587616424,0.011333370311599105,0.11043417970633017,,0.13244720706987553,0.08070654061970728,0.06842019451521475,0.08172371864854645,0.07100952418838831,low,1e-08,0.2603556043603479
2015-02-23,0.04510168467059465,0.09525885391381934,0.11322545586450482,,0.13051506371263172,0.08070654061970728,0.06842019451521475,0.08172371864854645,0.07100952418838831,medium,1e-08,0.22644900003337626
2015-02-24,0.0134957626636721,0.0022597479587616424,0.10968559122854331,,0.12654025972870375,0.076074073107134,0.06405815097968934,0.07692383372167215,0.07871038956917406,low,1e-08,0.23079343778969277
2015-02-25,0.01874678023815012,0.04510168467059465,0.10100527158423994,,0.12318173894649677,0.076074073107134,0.06405815097968934,0.07692383372167215,0.07871038956917406,low,1e-08,0.23816010251102485
2015-02-26,0.05406934033357264,0.0134957626636721,0.09766255217913704,,0.11947486973369068,0.07005839352030352,0.06110987282262828,0.07067144133272865,0.07932879361435775,medium,1e-08,0.29859608991833264
2015-02-27,0.10022053845319925,0.01874678023815012,0.09682510366764761,,0.11592616759889574,0.07005839352030352,0.06110987282262828,0.07067144133272865,0.07932879361435775,medium,1e-08,0.23545439259454054
2015-03-02,0.06515182825467775,0.05406934033357264,0.08976509902062141,,0.11317222878411332,0.06607678578592374,0.06221918867059968,0.06651932534573296,0.0372607728296379,medium,1e-08,0.20939039761366035
2015-03-03,0.06692213848059707,0.10022053845319925,0.08506702242976405,,0.11243720712271725,0.06607678578592374,0.06221918867059968,0.06651932534573296,0.0372607728296379,medium,1e-08,0.21877720478380608
2015-03-04,0.017367624057915875,0.06515182825467775,0.0813587718667571,0.06334857513635415,0.11017387919247933,0.06798581034306085,0.064224107991794,0.06856422086712709,0.07104404129896891,low,1e-08,0.26131903673400647
2015-03-05,0.22326702338050988,0.06692213848059707,0.0753271501891024,0.06334857513635415,0.10806803872592885,0.06798581034306085,0.064224107991794,0.06856422086712709,0.07104404129896891,high,1e-08,0.20684216154117824
2015-03-06,0.06579763615447777,0.017367624057915875,0.06718060471947614,0.06463689389273201,0.10486218096315636,0.06495224296007167,0.06498682763486271,0.06535778428286516,0.08572469152521024,medium,1e-08,0.26184591153903825
2015-03-09,0.25751377077645826,0.22326702338050988,0.06689453103318264,0.06463689389273201,0.1154435022005152,0.06495224296007167,0.06498682763486271,0.06535778428286516,0.08572469152521024,high,1e-08,0.2676208235347659
2015-03-10,0.03717453761435831,0.06579763615447777,0.06713770614369652,0.07912920742560017,0.11308107624051054,0.0821500561289542,0.09769164338900962,0.0832049748973085,0.0992960894934082,low,1e-08,0.2641010312351147
2015-03-11,0.20182757899505957,0.25751377077645826,0.07155842754020013,0.07912920742560017,0.1264867208202507,0.0821500561289542,0.09769164338900962,0.0832049748973085,0.0992960894934082,high,1e-08,0.2482642626694038
2015-03-12,0.09734761285006671,0.03717453761435831,0.07125261632732344,0.10560835394210955,0.12297102864512001,0.09600630409266711,0.12389529490154295,0.0974251685155077,0.0818907107400884,medium,1e-08,0.2454513286998357
2015-03-13,0.21209215894178898,0.20182757899505957,0.07719688669360615,0.10560835394210955,0.12906829103795017,0.09600630409266711,0.12389529490154295,0.0974251685155077,0.0818907107400884,high,1e-08,0.1972532177626996
2015-03-16,0.04718765967074628,0.09734761285006671,0.07393452239849164,0.1006788126602578,0.12738798919060612,0.10028751177605355,0.11320566496981661,0.10186730164782366,0.07604811971295632,medium,1e-08,0.25528098533333715
2015-03-17,0.19083379517676008,0.21209215894178898,0.08315650365062771,0.1006788126602578,0.13398889071747613,0.10028751177605355,0.11320566496981661,0.10186730164782366,0.07604811971295632,high,1e-08,0.23894429175198964
2015-03-18,0.07240901085688577,0.04718765967074628,0.0783619971113631,0.10163811940070386,0.130420251414686,0.10193108006056772,0.10034500812252385,0.10355682702852435,0.08487916265379719,medium,1e-08,0.22412318061367628
2015-03-19,0.140117604713888,0.19083379517676008,0.08406597871943698,0.10163811940070386,0.13481071063984362,0.10193108006056772,0.10034500812252385,0.10355682702852435,0.08487916265379719,high,1e-08,0.3041632928571467
2015-03-20,0.030926784264222254,0.07240901085688577,0.08622228502480535,0.10182347857773184,0.1319017662210132,0.10171927795917218,0.09263973863146686,0.10340516219957846,0.08545745345749362,low,1e-08,0.24892670508743528
2015-03-23,0.08919813074116585,0.140117604713888,0.09252254811216179,0.10182347857773184,0.13240909321241834,0.10171927795917218,0.09263973863146686,0.10340516219957846,0.08545745345749362,medium,1e-08,0.2979763633063631
2015-03-24,0.2326257223933558,0.030926784264222254,0.093413157837281,0.09641531172092638,0.12859870079635463,0.09539699056438493,0.08342279589608878,0.09684565365931304,0.11263855322721336,high,1e-08,0.2685749609341299
2015-03-25,0.03780167346916296,0.08919813074116585,0.09313767042034221,0.09641531172092638,0.12658098864909692,0.09539699056438493,0.08342279589608878,0.09684565365931304,0.11263855322721336,low,1e-08,0.28294870948767703
2015-03-26,0.03634848099233573,0.2326257223933558,0.10360885107646013,0.08576673957021372,0.13530803926331086,0.10539072637039976,0.11837916158625343,0.1072816460747325,0.1267983604879766,low,1e-08,0.2800332651227755
2015-03-27,0.1936662102834715,0.03780167346916296,0.10327703238548597,0.08576673957021372,0.13151238554200484,0.10539072637039976,0.11837916158625343,0.1072816460747325,0.1267983604879766,high,0.0020523584338799595,0.27995671549890744
2015-03-30,0.13873817280041556,0.03634848099233573,0.10431579230951614,0.10040973955934682,0.12781646929139845,0.09308875325277802,0.10369616316202417,0.09447748410802857,0.06604877888861219,high,1e-08,0.2440850650239251
2015-03-31,0.05613549240739319,0.1936662102834715,0.11226667549339436,0.10040973955934682,0.1326922111245629,0.09308875325277802,0.10369616316202417,0.09447748410802857,0.06604877888861219,medium,1e-08,0.22865510465048794
2015-04-01,0.057111880225563065,0.13873817280041556,0.11611525878734179,0.108419277243513,0.13306271587134358,0.1004799998013358,0.10471808309315776,0.10215368636128222,0.10695468646980405,medium,1e-08,0.2395652265728656
2015-04-02,0.10688144664234302,0.05613549240739319,0.11411139305798698,0.108419277243513,0.1297398041628847,0.1004799998013358,0.10471808309315776,0.10215368636128222,0.10695468646980405,medium,1e-08,0.272118355704185
2015-04-06,0.042002605916809814,0.057111880225563065,0.1137459408748454,0.10075983954060438,0.12656294002963187,0.09063700557087627,0.0941377219703676,0.09183169747109655,0.0863979786149826,low,1e-08,0.22118725830795732
2015-04-07,0.053604152222582045,0.10688144664234302,0.11556227306401565,0.10075983954060438,0.12546914258011468,0.09063700557087627,0.0941377219703676,0.09183169747109655,0.0863979786149826,medium,1e-08,0.25517084217582614
2015-04-08,0.07021939691129139,0.042002605916809814,0.11668204496669267,0.09178552605553693,0.12208115550579444,0.08518979276262005,0.08526071231317922,0.08616116393019047,0.08687977592976093,medium,1e-08,0.3010621895845703
2015-04-09,0.08662765035188041,0.053604152222582045,0.10897009627769595,0.09178552605553693,0.1190881367978451,0.08518979276262005,0.08526071231317922,0.08616116393019047,0.08687977592976093,medium,1e-08,0.24984032245877616
2015-04-10,0.07179744324819498,0.07021939691129139,0.10917108540300564,0.07703385938705605,0.11673436121630368,0.07955530442365516,0.07684277166683162,0.08025401288453743,0.06483277160287906,medium,1e-08,0.228417991621623
2015-04-13,0.03037554689352106,0.08662765035188041,0.10140353447461573,0.07703385938705605,0.11515015159170662,0.07955530442365516,0.07684277166683162,0.08025401288453743,0.06483277160287906,low,1e-08,0.2198825040325387
2015-04-14,0.07122139533591235,0.07179744324819498,0.1029773029125174,0.07142787494439679,0.11301892026698937,0.0769955572643709,0.07506538264241282,0.07760890174565845,0.07470418999442234,medium,1e-08,0.24821255719806684
2015-04-15,0.004522267424129647,0.03037554689352106,0.09518402872608384,0.07142787494439679,0.10982823038254765,0.0769955572643709,0.07506538264241282,0.07760890174565845,0.07470418999442234,low,1e-08,0.264808615718637
2015-04-16,0.18261435316028185,0.07122139533591235,0.09399647338453136,0.06874688729012336,0.1079020621065228,0.07271964613961056,0.0688867256718984,0.07314285064909203,0.07282579732997829,high,1e-08,0.2337338636324959
2015-04-17,0.14504646237561153,0.004522267424129647,0.08456147831554685,0.06874688729012336,0.10462079506765769,0.07271964613961056,0.0688867256718984,0.07314285064909203,0.07282579732997829,high,1e-08,0.2128573785695993
2015-04-20,0.018918904246088053,0.18261435316028185,0.09071723711052573,0.066271826082621,0.11085873999718014,0.08084392374107463,0.09292696392107246,0.08164877086009938,0.06236479733344077,low,1e-08,0.2182552212603597
2015-04-21,0.07801238308956265,0.14504646237561153,0.08863599471047354,0.066271826082621,0.11320154236845639,0.08084392374107463,0.09292696392107246,0.08164877086009938,0.06236479733344077,medium,1e-08,0.22259174433920137
2015-04-22,0.03994700700882464,0.018918904246088053,0.08620462622816455,0.08963485479826047,0.10985075939288695,0.08046075112403737,0.0831438732870396,0.0812316282574828,0.0707945464093262,low,1e-08,0.23488038255288227
2015-04-23,0.03683358056051311,0.07801238308956265,0.08338166160887704,0.08963485479826047,0.10820496242668848,0.08046075112403737,0.0831438732870396,0.0812316282574828,0.0707945464093262,low,1e-08,0.2525845494496694
2015-04-24,0.066005254292163,0.03994700700882464,0.08379167173363168,0.08717060859632131,0.10536394479267176,0.07577318456204726,0.07516634218485443,0.07632677030743973,0.07816883088450853,medium,1e-08,0.2244580569321054
2015-04-27,0.05046600825081306,0.03683358056051311,0.08141146490723837,0.08717060859632131,0.10255179164671507,0.07577318456204726,0.07516634218485443,0.07632677030743973,0.07816883088450853,medium,1e-08,0.24301687528857313
2015-04-28,0.06531334726532172,0.066005254292163,0.07383780726627508,0.05253163041882513,0.10073360604785561,0.07176607980991104,0.07313911380994334,0.07211948877561339,0.09564972063599195,medium,1e-08,0.30712678973439667
2015-04-29,0.1590756842678629,0.05046600825081306,0.07441345884725915,0.05253163041882513,0.09844405976739563,0.07176607980991104,0.07313911380994334,0.07211948877561339,0.09564972063599195,high,1e-08,0.2593057307565194
2015-04-30,0.17210538289238728,0.06531334726532172,0.07573004367784944,0.053249885178105444,0.09677659287832673,0.06913106293839483,0.07160333181737882,0.06940046492703632,0.10330814885499756,high,1e-08,0.3104831837256421
2015-05-01,0.045200498299684304,0.1590756842678629,0.07415774704077632,0.053249885178105444,0.10159759245625108,0.06913106293839483,0.07160333181737882,0.06940046492703632,0.10330814885499756,medium,1e-08,0.2584132812749872
2015-05-04,0.18179477175608072,0.17210538289238728,0.07567443840859321,0.06813182813777933,0.10714458602544606,0.08458350469621836,0.08515233159441045,0.08535427427809267,0.07921855621283366,high,1e-08,0.2351031384719101
2015-05-05,0.0653533736539379,0.045200498299684304,0.07517739322187918,0.06813182813777933,0.1044688933533937,0.08458350469621836,0.08515233159441045,0.08535427427809267,0.07921855621283366,medium,1e-08,0.2254632917092201
2015-05-06,0.06333362829535273,0.18179477175608072,0.08084479738235725,0.07911320672102691,0.11064305238036644,0.08880866924763142,0.10157721768522011,0.08972052609209319,0.12549201223084386,medium,0.010051335429962338,0.28101307443460005
2015-05-07,0.20900776673702057,0.0653533736539379,0.07895715770106611,0.07911320672102691,0.10846029570547423,0.08880866924763142,0.10157721768522011,0.08972052609209319,0.12549201223084386,high,1e-08,0.3379178512936728
2015-05-08,0.07576508723732965,0.06333362829535273,0.07992674962736351,0.08430362838559738,0.10629433902250397,0.0825578405695424,0.09215816225500251,0.08327819625620823,0.052522206331533663,medium,1e-08,0.23316445952816087
2015-05-11,0.047491607843119024,0.20900776673702057,0.08699055028711072,0.08430362838559738,0.1150722908050455,0.0825578405695424,0.09215816225500251,0.08327819625620823,0.052522206331533663,medium,1e-08,0.17274205004035284
2015-05-12,0.0030300893725214413,0.07576508723732965,0.08724262712011245,0.09170940154839782,0.11309975725481691,0.08999445598997777,0.08692612484016035,0.09102059431199604,0.09310650801980101,low,1e-08,0.30340805423608125
2015-05-13,0.16553609176625064,0.047491607843119024,0.08546371609698694,0.09170940154839782,0.11026961936346781,0.08999445598997777,0.08692612484016035,0.09102059431199604,0.09310650801980101,high,1e-08,0.3159152076508549
2015-05-14,0.017200463985283295,0.0030300893725214413,0.08233792728445632,0.08693829169377407,0.10691293889790215,0.08156433424670102,0.07968546590105717,0.08232068490373748,0.05481289506225124,low,1e-08,0.27654831531672047
2015-05-15,0.04931676686251888,0.16553609176625064,0.08848158841503495,0.08693829169377407,0.11130447328923507,0.08156433424670102,0.07968546590105717,0.08232068490373748,0.05481289506225124,medium,1e-08,0.18936601135779121
2015-05-18,0.005215795471563949,0.017200463985283295,0.0860260915354609,0.07916821603353957,0.10799590726236313,0.08283293225398489,0.07256404630423327,0.08364648663369423,0.068227190530215,low,1e-08,0.20283360348401672
2015-05-19,0.011171786024997002,0.04931676686251888,0.08806220514629677,0.07916821603353957,0.10540046316749278,0.08283293225398489,0.07256404630423327,0.08364648663369423,0.068227190530215,low,1e-08,0.26718282096961415
2015-05-20,0.04623285427964069,0.005215795471563949,0.07999863434226415,0.07469662062568555,0.10219752662912521,0.07585983929059081,0.06706604903993396,0.07642376708971568,0.07216002422132937,medium,1e-08,0.3070020896395137
2015-05-21,0.03792335533618085,0.011171786024997002,0.07391342178087257,0.07469662062568555,0.09912195977856475,0.07585983929059081,0.06706604903993396,0.07642376708971568,0.07216002422132937,low,1e-08,0.22762584301824956
2015-05-22,0.17067616847435527,0.04623285427964069,0.07515496496421586,0.048945375243694786,0.09676725553932669,0.07042553669173525,0.06295513137566529,0.07077270358357675,0.0592668628813276,high,1e-08,0.2873349982176385
2015-05-26,0.15068403360469035,0.03792335533618085,0.07333273642997123,0.048945375243694786,0.09427809126585987,0.07042553669173525,0.06295513137566529,0.07077270358357675,0.0592668628813276,high,1e-08,0.23219575913608254
2015-05-27,0.01791244248035614,0.17067616847435527,0.07927497104204083,0.059003457753291244,0.1005130750314354,0.07800210929793165,0.08768749096592943,0.0787150167050325,0.060241656859664455,low,1e-08,0.199662270432322
2015-05-28,0.09863246639700064,0.15068403360469035,0.08444999163495796,0.059003457753291244,0.10420674755571846,0.07800210929793165,0.08768749096592943,0.0787150167050325,0.060241656859664455,medium,1e-08,0.21687591488471247
2015-05-29,0.032334164114903516,0.01791244248035614,0.08226395473442129,0.08718910761855245,0.10112741862477005,0.07892825976629703,0.07891289032161193,0.07958594061964909,0.08228458799019203,low,1e-08,0.20780062169925256
2015-06-01,0.01575778819912934,0.09863246639700064,0.08445333919561164,0.08718910761855245,0.10097945986932315,0.07892825976629703,0.07891289032161193,0.07958594061964909,0.08228458799019203,low,1e-08,0.23763934998669858
2015-06-02,0.04205747016449303,0.032334164114903516,0.08295428541604717,0.08818549240707275,0.09822306310999877,0.07565374723537213,0.07910517489777612,0.07621666567203594,0.0952684783786206,low,1e-08,0.26001113925012354
2015-06-03,0.1340779602941056,0.01575778819912934,0.0764398355947411,0.08818549240707275,0.09530898379714195,0.07565374723537213,0.07910517489777612,0.07621666567203594,0.0952684783786206,high,1e-08,0.27050819045089985
2015-06-04,0.027198661746114988,0.04205747016449303,0.07052856683438227,0.05644825642558907,0.09297797640675705,0.07018126092645573,0.07216899558747761,0.0706304503041376,0.08577850591848075,low,1e-08,0.2318479018340381
2015-06-05,0.09762069998786668,0.1340779602941056,0.07456845147049233,0.05644825642558907,0.09594177305580405,0.07018126092645573,0.07216899558747761,0.0706304503041376,0.08577850591848075,medium,1e-08,0.24947218458899234
2015-06-08,0.0022836790091665337,0.027198661746114988,0.06754135556094842,0.06214971445599114,0.09325728078875503,0.07209354966487962,0.08101580706629105,0.07264141402976124,0.09546582025214292,low,1e-08,0.26767224377500354
2015-06-09,0.19038565223113815,0.09762069998786668,0.06900805221249065,0.06214971445599114,0.0935248269652139,0.07209354966487962,0.08101580706629105,0.07264141402976124,0.09546582025214292,high,1e-08,0.2428580414785027
2015-06-10,0.05117110431133653,0.0022836790091665337,0.06623305451766401,0.06940099218670193,0.09067740939577963,0.07013292213470626,0.0804926324065974,0.07069979086122387,0.05496928305882702,medium,1e-08,0.21985148125898737
2015-06-11,0.12151892184188394,0.19038565223113815,0.06538659476739661,0.06940099218670193,0.09951809290161558,0.07013292213470626,0.0804926324065974,0.07069979086122387,0.05496928305882702,medium,1e-08,0.19777500572277928
2015-06-12,0.0680292869663246,0.05117110431133653,0.06426868645257876,0.07249415997605899,0.09729711548075108,0.07894254840357724,0.07312288398629302,0.07966632216397944,0.06873849657061223,medium,1e-08,0.2824136338149193
2015-06-15,0.08654204057988278,0.12151892184188394,0.06763356436161351,0.07249415997605899,0.09891782378297134,0.07894254840357724,0.07312288398629302,0.07966632216397944,0.06873849657061223,medium,1e-08,0.22994994931681542
2015-06-16,0.025667968809187352,0.0680292869663246,0.07058807334315002,0.07670819818247551,0.09734131056930671,0.07875112440229043,0.08269460899772478,0.07950981302621404,0.07689390091065357,low,1e-08,0.30763348389868456
2015-06-17,0.16509084307001443,0.08654204057988278,0.06699743465286058,0.07670819818247551,0.09672736110332492,0.07875112440229043,0.08269460899772478,0.07950981302621404,0.07689390091065357,high,1e-08,0.24672947644166865
2015-06-18,0.07047326430502383,0.025667968809187352,0.0673823212357653,0.06592488624958248,0.09399118107684144,0.07460116833743312,0.07467705532042031,0.07533182656253905,0.05428097834458099,medium,1e-08,0.22760453479563444
2015-06-19,0.08132949200155976,0.16509084307001443,0.07264477924519692,0.06592488624958248,0.09969744621072553,0.07460116833743312,0.07467705532042031,0.07533182656253905,0.05428097834458099,medium,1e-08,0.20035037426013835
2015-06-22,0.011232222121230725,0.07047326430502383,0.075611027828536,0.07254055410756496,0.098189585970165,0.07980091824981092,0.07334166570694821,0.08053697269710948,0.06280492805576085,low,1e-08,0.2660344190600194
2015-06-23,0.11528906075187104,0.08132949200155976,0.07880001446383432,0.07254055410756496,0.09726043533506717,0.07980091824981092,0.07334166570694821,0.08053697269710948,0.06280492805576085,medium,1e-08,0.2668082213507418
2015-06-24,0.04826658383438975,0.011232222121230725,0.07720907663845206,0.07631379445117048,0.09433761982104284,0.07474481743558968,0.06757888387581108,0.07529235600364695,0.07535753779234643,medium,1e-08,0.23624681575398018
2015-06-25,0.003024049290879606,0.11528906075187104,0.08072569961189252,0.07631379445117048,0.09572411072677853,0.07474481743558968,0.06757888387581108,0.07529235600364695,0.07535753779234643,low,1e-08,0.2610827156847421
2015-06-26,0.33289387049976443,0.04826658383438975,0.07516162758280316,0.06503685841162914,0.0935579971935544,0.0742646883723098,0.07615847533277079,0.07479631054435339,0.08185156041814781,high,1e-08,0.2598859534518037
2015-06-29,0.0332288071591846,0.003024049290879606,0.06844981011399359,0.06503685841162914,0.09071086815251966,0.0742646883723098,0.07615847533277079,0.07479631054435339,0.08185156041814781,low,1e-08,0.22795807426994072
2015-06-30,0.12724311627816504,0.33289387049976443,0.08276714775123942,0.08117427821502117,0.11993270465516742,0.10655570112615867,0.14040535959948222,0.10788505259427951,0.14470806084709933,high,0.024743568301385587,0.3169213834075039
2015-07-01,0.014536682033839302,0.0332288071591846,0.07979425414952052,0.08117427821502117,0.11656359485132027,0.10655570112615867,0.14040535959948222,0.10788505259427951,0.14470806084709933,low,1e-08,0.2795157946857183
2015-07-02,0.04517784500261212,0.12724311627816504,0.08410829742966876,0.10221924999964498,0.11723180449175766,0.09874783884072152,0.11903248156071741,0.10017541003331784,0.13551299136828862,medium,0.0016042187332636379,0.3198695199501641
2015-07-06,0.09983052943547006,0.014536682033839302,0.08405279260397376,0.10221924999964498,0.11371621314836,0.09874783884072152,0.11903248156071741,0.10017541003331784,0.13551299136828862,medium,0.0106779720316954,0.29327981834058836
2015-07-07,0.2663318472503785,0.04517784500261212,0.08419462782388826,0.1100168962559444,0.1108059419236164,0.08815332105500612,0.10528945160602667,0.08913060025725844,0.1156671602596132,high,1e-08,0.28966318774265887
2015-07-08,0.02871912149527497,0.09983052943547006,0.08263792642122302,0.1100168962559444,0.1101782530088721,0.08815332105500612,0.10528945160602667,0.08913060025725844,0.1156671602596132,low,1e-08,0.27191307343228494
2015-07-09,0.1998844756852914,0.2663318472503785,0.09350761667141681,0.08634550817446521,0.12516729509544317,0.10511839993251573,0.1339587962665246,0.10627657955491607,0.16609708100400883,high,0.03175891772576805,0.3410139869918887
2015-07-10,0.1752111994752171,0.02871912149527497,0.09037572673993537,0.08634550817446521,0.12155792007181922,0.10511839993251573,0.1339587962665246,0.10627657955491607,0.16609708100400883,high,0.05163663258556914,0.33502075534937253
2015-07-13,0.06885770706267073,0.1998844756852914,0.09935758113430468,0.10125392670579843,0.1276204390897266,0.10482756629403746,0.11553851262988231,0.10622477881795381,0.09022896017551044,medium,1e-08,0.24638903004433244
2015-07-14,0.005269426782040901,0.1752111994752171,0.09866783328176282,0.10125392670579843,0.13096448278193595,0.10482756629403746,0.11553851262988231,0.10622477881795381,0.09022896017551044,low,1e-08,0.25131431441052243
2015-07-15,0.12737919807242465,0.06885770706267073,0.09947176977045982,0.1191707105717661,0.1280901129464539,0.10146565961817433,0.10036710226223114,0.10271731660378441,0.07161432423847419,high,1e-08,0.20510673767608142
2015-07-16,0.013460011639866822,0.005269426782040901,0.09418770181319423,0.1191707105717661,0.12419467953207121,0.10146565961817433,0.10036710226223114,0.10271731660378441,0.07161432423847419,low,1e-08,0.275744362077269
2015-07-17,0.008219730629293737,0.12737919807242465,0.09688542504528969,0.0990967744114755,0.1243880497665426,0.09457098842364252,0.08800609908666057,0.09569557366528546,0.0527244637121841,low,1e-08,0.3459828173979874
2015-07-20,0.06272360385487415,0.013460011639866822,0.09356351463892532,0.0990967744114755,0.1206437483835825,0.09457098842364252,0.08800609908666057,0.09569557366528546,0.0527244637121841,medium,1e-08,0.2173392350731359
2015-07-21,0.02848983744868435,0.008219730629293737,0.09277041290347561,0.08042939821080523,0.11698578127659694,0.08379566964707941,0.07805019171344511,0.08472049227319546,0.06576614750437751,low,1e-08,0.22477091594849874
2015-07-22,0.08937280956407402,0.06272360385487415,0.08811735657551469,0.08042939821080523,0.11445779863545613,0.08379566964707941,0.07805019171344511,0.08472049227319546,0.06576614750437751,medium,1e-08,0.27847273285822444
2015-07-23,0.16464939036028356,0.02848983744868435,0.08620901899113563,0.07635646462827976,0.11119016439702431,0.07695929251672631,0.07474787654012527,0.07766615890454873,0.0753894348527341,high,1e-08,0.28271656254251976
2015-07-24,0.09234914317829929,0.08937280956407402,0.08657462433488627,0.07635646462827976,0.11000321560973403,0.07695929251672631,0.07474787654012527,0.07766615890454873,0.0753894348527341,medium,1e-08,0.26555048140265175
2015-07-27,0.19499148543826567,0.16464939036028356,0.09354813198211595,0.07637063032223948,0.11402293761596181,0.0840069880499633,0.09763716248082088,0.08481643156754037,0.09439577936897267,high,1e-08,0.32415491771303406
2015-07-28,0.10919675869470272,0.09234914317829929,0.0925054084560445,0.07637063032223948,0.11283996782685232,0.0840069880499633,0.09763716248082088,0.08481643156754037,0.09439577936897267,medium,1e-08,0.2514310378843847
2015-07-29,0.0037713034472472403,0.19499148543826567,0.0991747221653116,0.09203855770945099,0.11937414964061711,0.09231068148524875,0.0912218245373282,0.093276709537788,0.0636952169360981,low,1e-08,0.27612105599892706
2015-07-30,0.024097345098135915,0.10919675869470272,0.10400075441093991,0.09203855770945099,0.11878809819523574,0.09231068148524875,0.0912218245373282,0.093276709537788,0.0636952169360981,low,1e-08,0.22638486671261895
2015-07-31,0.053543267780575686,0.0037713034472472403,0.0890406377267346,0.1023480988186346,0.11517303894684719,0.08550985984230973,0.08065153567844689,0.08635675652541541,0.0729787543532907,medium,1e-08,0.2161713197908708
2015-08-03,0.031024109646650498,0.024097345098135915,0.08862557126941419,0.1023480988186346,0.1118203026676443,0.08550985984230973,0.08065153567844689,0.08635675652541541,0.0729787543532907,low,1e-08,0.2360745889938929
2015-08-04,0.05231280204138099,0.053543267780575686,0.08527557815588739,0.08534990488730342,0.10920424064494891,0.07784629389980043,0.07582647555190718,0.07854032609667876,0.09642603400227964,medium,1e-08,0.3055544215805248
2015-08-05,0.12997446897499476,0.031024109646650498,0.08602500668374245,0.08534990488730342,0.10614980888871896,0.07784629389980043,0.07582647555190718,0.07854032609667876,0.09642603400227964,high,1e-08,0.28624723146705355
2015-08-06,0.030477732792958477,0.05231280204138099,0.0863493229127774,0.05926232705684965,0.10371071674099118,0.07237024599024774,0.06985060959341992,0.07288206821301085,0.09207805551303819,low,1e-08,0.25343310675788616
2015-08-07,0.200010162314021,0.12997446897499476,0.08771950198275581,0.05926232705684965,0.10547113233503382,0.07237024599024774,0.06985060959341992,0.07288206821301085,0.09207805551303819,high,1e-08,0.2768491184143558
2015-08-10,0.14324327138449236,0.030477732792958477,0.07699886041650944,0.06845583789176315,0.10253020873110567,0.07332324785953351,0.07940895274923467,0.07380517891930997,0.052718077316912755,high,1e-08,0.21739198861231165
2015-08-11,0.019019895272735187,0.200010162314021,0.08478481681736152,0.06845583789176315,0.11082391881733075,0.07332324785953351,0.07940895274923467,0.07380517891930997,0.052718077316912755,low,1e-08,0.2762571989997371
2015-08-12,0.01975724132211152,0.14324327138449236,0.08221021662187067,0.08363029883995304,0.11303160005469434,0.08940744064709391,0.09024410701603679,0.08972387674412219,0.11396134188065087,low,1e-08,0.27789256109043825
2015-08-13,0.05782069828896176,0.019019895272735187,0.07511061188539421,0.08363029883995304,0.10968718903883015,0.08940744064709391,0.09024410701603679,0.08972387674412219,0.11396134188065087,medium,1e-08,0.26940269839761605
2015-08-14,0.08868424687976792,0.01975724132211152,0.07287877253355061,0.08461145999037659,0.10645573534556636,0.07955775381085498,0.08019195614731181,0.08006488494204429,0.09904431088133202,medium,1e-08,0.22743584589319313
2015-08-17,0.045983730318169005,0.05782069828896176,0.0752674666929561,0.08461145999037659,0.1041798836711039,0.07955775381085498,0.08019195614731181,0.08006488494204429,0.09904431088133202,medium,1e-08,0.2567077958776248
2015-08-18,0.12549121716735984,0.08868424687976792,0.07350860527510807,0.06554037373746084,0.1033157055374407,0.07644960790061821,0.07212294883457447,0.0768683427365335,0.09673803531941237,high,1e-08,0.2520822122801175
2015-08-19,0.3314793847137727,0.045983730318169005,0.07498695612412182,0.06554037373746084,0.10079958887463604,0.07644960790061821,0.07212294883457447,0.0768683427365335,0.09673803531941237,high,1e-08,0.2593408520661554
2015-08-20,0.47786435972033914,0.12549121716735984,0.08031747823948844,0.062497653371063326,0.10244904306740321,0.07733938826155735,0.08351735629322522,0.07764121672324861,0.12015567843610851,high,1e-08,0.26720627450614864
2015-08-21,0.6684177239462998,0.3314793847137727,0.0925336500967111,0.062497653371063326,0.12829174949822114,0.07733938826155735,0.08351735629322522,0.07764121672324861,0.12015567843610851,high,1e-08,0.2924808532349753
2015-08-24,0.18681195241239484,0.47786435972033914,0.1129597647454227,0.1402035880670318,0.17079961178940442,0.16584885041003386,0.23665382292184572,0.16498625209757437,0.37372403774597335,high,0.2711734129096404,0.5378942368966674
2015-08-25,0.6094793293734644,0.6684177239462998,0.13927998812643294,0.1402035880670318,0.2328714069294462,0.16584885041003386,0.23665382292184572,0.16498625209757437,0.37372403774597335,high,0.19473269343800093,0.5292344959854615
2015-08-26,0.3926568353305617,0.18681195241239484,0.14028737731061983,0.24472546804257692,0.23036768212843917,0.22067043167559966,0.31809630876611955,0.2203614886462956,0.30340488155561607,high,0.1768613017570916,0.44634319121140453
2015-08-27,0.0007998253705759064,0.6094793293734644,0.1637932948649455,0.24472546804257692,0.26865036014695287,0.22067043167559966,0.31809630876611955,0.2203614886462956,0.30340488155561607,low,0.1840002074185354,0.49245075646250197
2015-08-28,0.12824917200165215,0.3926568353305617,0.17277808349641352,0.2967627774627963,0.2776569798628714,0.2581869536070922,0.25785954984358594,0.2599786205424638,0.3005419540915166,high,0.15418279664157436,0.4399748405129493
2015-08-31,0.47382240788021196,0.0007998253705759064,0.16785095016349866,0.2967627774627963,0.26919850100216774,0.2581869536070922,0.25785954984358594,0.2599786205424638,0.3005419540915166,high,0.18273450926150844,0.47849952250648503
2015-09-01,0.301309158734675,0.12824917200165215,0.1735090350977898,0.23821595788608835,0.26288140666934173,0.20818138655816706,0.21453693833668916,0.21255190327558218,0.21842164185808177,high,0.061954943115278625,0.42353322555598677
2015-09-02,0.011378708082944996,0.47382240788021196,0.19395108340606598,0.23821595788608835,0.2800548096117416,0.20818138655816706,0.21453693833668916,0.21255190327558218,0.21842164185808177,low,0.0863972040071399,0.3694556026526328
2015-09-03,0.24028879732677505,0.301309158734675,0.20521316935852504,0.22780003101674334,0.28137534922539426,0.22074958685778645,0.24409062097593898,0.22529043500270737,0.19497485552426208,high,0.06841545951694905,0.3697727341238769
2015-09-04,0.3989446303613806,0.011378708082944996,0.20432019656017478,0.22780003101674334,0.2728177604601064,0.22074958685778645,0.24409062097593898,0.22529043500270737,0.19497485552426208,high,0.05846751356146459,0.3494571637078808
2015-09-08,0.21226753131312587,0.24028879732677505,0.21286455998223816,0.2186353343299587,0.2709761630925584,0.18914606240515983,0.2198046358524851,0.19484041851500505,0.10910533936083512,high,1e-08,0.2986335069275104
2015-09-09,0.08637729427328675,0.3989446303613806,0.2250904764088921,0.2186353343299587,0.2803066270928207,0.18914606240515983,0.2198046358524851,0.19484041851500505,0.10910533936083512,medium,1e-08,0.2824071382422227
2015-09-10,0.07214047048265472,0.21226753131312587,0.23335364906889966,0.22091045688369015,0.276696489265062,0.1911962774157151,0.19782087631068737,0.1968045407334787,0.16556754069232266,medium,0.02612453216950724,0.38702614854125217
2015-09-11,0.05890094996590807,0.08637729427328675,0.22818851870341172,0.22091045688369015,0.26910026488146077,0.1911962774157151,0.19782087631068737,0.1968045407334787,0.16556754069232266,medium,0.03708950268247673,0.3792480755526439
2015-09-14,0.19841946557467163,0.07214047048265472,0.22495657320787366,0.21372010630141194,0.26150011520954164,0.15630267859456742,0.16132652115680507,0.1630084451350039,0.16967601965364915,high,0.04858545185777844,0.331344369454828
2015-09-15,0.1375809741752921,0.05890094996590807,0.2267693484211997,0.21372010630141194,0.2539439523866251,0.15630267859456742,0.16132652115680507,0.1630084451350039,0.16967601965364915,high,0.043158675257858284,0.32117614161283126
2015-09-16,0.03568376375235209,0.19841946557467163,0.2348903586144979,0.16790218039345522,0.25095915236478694,0.13898069928171727,0.13445276057212394,0.1454432299079226,0.09049788090328276,low,1e-08,0.22531845621931312
2015-09-17,0.2594185393955182,0.1375809741752921,0.23851582570024019,0.16790218039345522,0.2456366785592383,0.13898069928171727,0.13445276057212394,0.1454432299079226,0.09049788090328276,high,1e-08,0.22290949051629805
2015-09-18,0.08204000091022833,0.03568376375235209,0.2361067128308122,0.16570204963162094,0.2383139421899812,0.1188666403647527,0.11252843738352096,0.1248009067544866,0.14317798548717287,medium,0.017707057457345753,0.2986407595950839
2015-09-21,0.20605362361765703,0.2594185393955182,0.24580829506160076,0.16570204963162094,0.23963263895915385,0.1188666403647527,0.11252843738352096,0.1248009067544866,0.14317798548717287,high,0.03143479361890964,0.27366544582802166
2015-09-22,0.025371962034520655,0.08204000091022833,0.2438332397771857,0.18474524537939707,0.23319992980320017,0.12038208379807534,0.13366895455402167,0.12487049728115715,0.15698526317410466,low,0.04214313136074122,0.3711509414832628
2015-09-23,0.05739942955822956,0.20605362361765703,0.23813206881827134,0.18474524537939707,0.23166087406586913,0.12038208379807534,0.13366895455402167,0.12487049728115715,0.15698526317410466,medium,0.02813877419425069,0.3302849742514045
2015-09-24,0.004112809561006506,0.025371962034520655,0.21756423255982504,0.17472989741229172,0.22468951716987953,0.11242505260402733,0.13402333050614415,0.11656921746992277,0.18976841493317026,low,0.0675841463269714,0.3546969460743763
2015-09-25,0.39841358433234886,0.05739942955822956,0.1897906737240037,0.17472989741229172,0.21829781961643177,0.11242505260402733,0.13402333050614415,0.11656921746992277,0.18976841493317026,high,0.06508770419570528,0.3461050411516212
2015-09-28,0.009295174327966237,0.004112809561006506,0.18148616723075878,0.13599879210777707,0.2116499862472946,0.09464113019032622,0.11361172315807665,0.09851082342253836,0.20769246735712354,low,0.08285955743145301,0.38408669532954265
2015-09-29,0.29619113393776714,0.39841358433234886,0.1718922697288899,0.13599879210777707,0.22722670778014672,0.09464113019032622,0.11361172315807665,0.09851082342253836,0.20769246735712354,high,0.06899074841498806,0.35919862935707786
2015-09-30,0.041415706371581554,0.009295174327966237,0.15446673968331737,0.15741851919041253,0.2203162321319861,0.12854785696439844,0.171373851103495,0.13097050336521943,0.18563421744694109,low,0.033676536948620835,0.4269380814655414
2015-10-01,0.2371312616018882,0.29619113393776714,0.16789361734546243,0.15741851919041253,0.22558953628611741,0.12854785696439844,0.171373851103495,0.13097050336521943,0.18563421744694109,high,0.02158013545996306,0.3578906426697038
2015-10-02,0.2824855553335095,0.041415706371581554,0.16394664163500466,0.17801443039910303,0.21895231488370653,0.1298507547817937,0.14145039670815163,0.13230585573771844,0.16308061621489423,high,0.05021730747792421,0.3681921999127992
2015-10-05,0.05439174430992306,0.2371312616018882,0.15318795316780817,0.17801443039910303,0.22008540009526287,0.1298507547817937,0.14145039670815163,0.13230585573771844,0.16308061621489423,medium,0.02449727414204104,0.3210100955309882
2015-10-06,0.13002207467541396,0.2824855553335095,0.15233233483139152,0.14966331062623264,0.2243194455978155,0.1456816375569148,0.11847585286823942,0.14771409135648453,0.17396581063598282,high,0.04253624736925093,0.3351180286636488
2015-10-07,0.14329111799826727,0.05439174430992306,0.1542874728417087,0.14966331062623264,0.2178934798562297,0.1456816375569148,0.11847585286823942,0.14771409135648453,0.17396581063598282,high,0.07972855208626427,0.3260728613548557
2015-10-08,0.00946909965645727,0.13002207467541396,0.14927534908482867,0.14268156960688524,0.21364283007908244,0.12573168453465902,0.10220153068100654,0.12845659918384233,0.14452682147050777,low,0.02145510524756921,0.3072032337767914
2015-10-09,0.014979149637253273,0.14329111799826727,0.13765473488650534,0.14268156960688524,0.21008713426428402,0.12573168453465902,0.10220153068100654,0.12845659918384233,0.14452682147050777,low,0.0007401413092909325,0.3095590859940794
2015-10-12,0.10003866312032768,0.00946909965645727,0.12843662435665676,0.1324026612149805,0.20370023950716107,0.11029128161986702,0.08804658957379137,0.11311701012852118,0.1362661892529711,medium,1e-08,0.300679008121189
2015-10-13,0.07610586098612253,0.014979149637253273,0.12519125414592794,0.1324026612149805,0.1975287898413535,0.11029128161986702,0.08804658957379137,0.11311701012852118,0.1362661892529711,medium,1e-08,0.2922025969598876
2015-10-14,0.2437499942144755,0.10003866312032768,0.1264593538112767,0.09987782660757777,0.1930726016149168,0.09698334228082317,0.0867986286161678,0.09958168312610667,0.15282944234333523,high,0.01737425602280729,0.2990693752007526
2015-10-15,0.07217174190651855,0.07610586098612253,0.1272413952212865,0.09987782660757777,0.18811680905564385,0.09698334228082317,0.0867986286161678,0.09958168312610667,0.15282944234333523,medium,0.007703739941928526,0.299535811430751
2015-10-16,0.007811655475839073,0.2437499942144755,0.12930187379582303,0.10235909398414551,0.19191013886476743,0.10912881213765223,0.08136256045582223,0.11088579484354916,0.10597089413497551,low,1e-08,0.2653901303326808
2015-10-19,0.02029492804100668,0.07217174190651855,0.12632872687451513,0.10235909398414551,0.1869017306900552,0.10912881213765223,0.08136256045582223,0.11088579484354916,0.10597089413497551,low,1e-08,0.2688538487363715
2015-10-20,0.09848053691299913,0.007811655475839073,0.12506181286194637,0.11997983932414177,0.1812180532853116,0.09387491145372091,0.0724427256423861,0.09573927479063915,0.10815182972002865,medium,1e-08,0.2814753861710821
2015-10-21,0.26817742345558304,0.02029492804100668,0.11419255780037765,0.11997983932414177,0.17576773569850165,0.09387491145372091,0.0724427256423861,0.09573927479063915,0.10815182972002865,high,1e-08,0.3137957974809117
2015-10-22,0.17401191070784494,0.09848053691299913,0.11493985489141269,0.10785412449369093,0.17211201023421924,0.08555165066692971,0.07708605330556847,0.08726083131820425,0.08552063049127509,high,1e-08,0.25066504243705157
2015-10-23,0.039013194124504436,0.26817742345558304,0.11776366397495477,0.10785412449369093,0.17933304003983386,0.08555165066692971,0.07708605330556847,0.08726083131820425,0.08552063049127509,low,1e-08,0.2069440334427168
2015-10-26,0.03066965339279286,0.17401191070784494,0.1245200252782877,0.11846664784358632,0.1790182325882608,0.11137502274893775,0.06972688095003007,0.1126263279942467,0.08248287372265219,low,1e-08,0.29394815337238656
2015-10-27,0.18055916797666047,0.039013194124504436,0.12368428730402746,0.11846664784358632,0.17382749409121367,0.11137502274893775,0.06972688095003007,0.1126263279942467,0.08248287372265219,high,1e-08,0.31017598911767774
2015-10-28,0.009112823317721766,0.03066965339279286,0.12489141656910867,0.12900288511187563,0.1686993642497301,0.09478857285089774,0.066718582514664,0.09635188269976776,0.07358169175721616,low,1e-08,0.2292175860250082
2015-10-29,0.06841097065153533,0.18055916797666047,0.11498894309839557,0.12900288511187563,0.16943436415554186,0.09478857285089774,0.066718582514664,0.09635188269976776,0.07358169175721616,medium,1e-08,0.23801919556538176
2015-10-30,0.18780614477228513,0.009112823317721766,0.11498065441611173,0.10724106442381795,0.1642878758287245,0.09319864899171242,0.06211404458030915,0.09459203044019683,0.09037954012653715,high,1e-08,0.25576382894286454
2015-11-02,0.04602917158834154,0.06841097065153533,0.1046270106303739,0.10724106442381795,0.16016204116451765,0.09319864899171242,0.06211404458030915,0.09459203044019683,0.09037954012653715,medium,1e-08,0.25396136655858653
2015-11-03,0.048151821894430485,0.18780614477228513,0.11128112146676954,0.09485546381754455,0.16195380682478347,0.09732063662166296,0.06364682980533162,0.09827043849437628,0.07717970252706252,medium,1e-08,0.2495166144869666
2015-11-04,0.01585047861754699,0.04602917158834154,0.10259466282979011,0.09485546381754455,0.1574243135305454,0.09732063662166296,0.06364682980533162,0.09827043849437628,0.07717970252706252,low,1e-08,0.2493930250874671
2015-11-05,0.008309035606277788,0.048151821894430485,0.09194312949165018,0.08389612282364267,0.1530835899051065,0.0854909987915226,0.06269797645123976,0.0866408404533936,0.0830080690063599,low,1e-08,0.2973542683275442
2015-11-06,0.14813667803765737,0.01585047861754699,0.09019125377836036,0.08389612282364267,0.1484708207988528,0.0854909987915226,0.06269797645123976,0.0866408404533936,0.0830080690063599,high,1e-08,0.2149325371909365
2015-11-09,0.036620325336928675,0.008309035606277788,0.08465884291158145,0.08286402987647913,0.14396218932527502,0.0750495894199722,0.05934323510310096,0.07611811530244966,0.09914659925103385,low,1e-08,0.3069833416593433
2015-11-10,0.06240652274971921,0.14813667803765737,0.08487909564064464,0.08286402987647913,0.14421606623677094,0.0750495894199722,0.05934323510310096,0.07611811530244966,0.09914659925103385,medium,1e-08,0.2787421280275012
2015-11-11,0.22161071180839875,0.036620325336928675,0.08611324226248424,0.07316310950988589,0.14011010038118996,0.07759401109544543,0.07793214404747341,0.07830334003609453,0.10160033744922775,high,1e-08,0.2568515113448925
2015-11-12,0.17824879326611273,0.06240652274971921,0.0882690319494145,0.07316310950988589,0.1366991743208428,0.07759401109544543,0.07793214404747341,0.07830334003609453,0.10160033744922775,high,1e-08,0.2858443945627261
2015-11-13,0.24140732928243275,0.22161071180839875,0.09379503416250863,0.08648145862135898,0.14322060906061557,0.09389944956781121,0.11547199070383214,0.09405219009971007,0.11979051051490147,high,1e-08,0.3276390423718813
2015-11-16,0.0115807622167894,0.17824879326611273,0.09843789472069,0.08648145862135898,0.1455602013812896,0.09389944956781121,0.11547199070383214,0.09405219009971007,0.11979051051490147,low,1e-08,0.260005195440443
2015-11-17,0.25186763441810694,0.24140732928243275,0.09833140995105172,0.10831887811671981,0.1530135804772521,0.11407548303884422,0.11712581818031262,0.1142550859556484,0.11755931821434526,high,1e-08,0.2993513656814009
2015-11-18,0.013688473436733862,0.0115807622167894,0.09557727451060948,0.10831887811671981,0.14837928866607933,0.11407548303884422,0.11712581818031262,0.1142550859556484,0.11755931821434526,low,1e-08,0.27840876413662685
2015-11-19,0.057845042255098386,0.25186763441810694,0.10667072809889439,0.12559986883331264,0.15653008280452352,0.11880236846633963,0.09913833272756713,0.11927544779606818,0.08551168097902233,medium,1e-08,0.2451783516435422
2015-11-20,0.018197055082389727,0.013688473436733862,0.10637043470779108,0.12559986883331264,0.15179858125728718,0.11880236846633963,0.09913833272756713,0.11927544779606818,0.08551168097902233,low,1e-08,0.24670272281053066
2015-11-23,0.02125977707220401,0.057845042255098386,0.10452336676879558,0.1186925304257494,0.1478546707082037,0.10068909140058516,0.0854157016928701,0.10179124506316266,0.09143541672255714,low,1e-08,0.2999421120509794
2015-11-24,0.0022693769363369954,0.018197055082389727,0.09316062275183225,0.1186925304257494,0.1434197036673754,0.10068909140058516,0.0854157016928701,0.10179124506316266,0.09143541672255714,low,1e-08,0.22214543537498818
2015-11-25,0.01819617414192929,0.02125977707220401,0.0862173439502122,0.09527703176093404,0.13914804132040481,0.08617712884218381,0.07530212323147771,0.08741178136339653,0.0948195386840972,low,1e-08,0.27793537542405006
2015-11-27,0.06590555700580396,0.0022693769363369954,0.08454717044165914,0.09527703176093404,0.1349101766487893,0.08617712884218381,0.07530212323147771,0.08741178136339653,0.0948195386840972,medium,1e-08,0.24072279407281524
2015-11-30,0.15137289712129787,0.01819617414192929,0.08398019411207444,0.056390224899289916,0.13087618753160288,0.07578134210491606,0.06789770012493869,0.07713656911813935,0.09334023381815659,high,1e-08,0.25762904688511656
2015-12-01,0.16199831808028597,0.06590555700580396,0.07876866634067187,0.056390224899289916,0.12791197919543568,0.07578134210491606,0.06789770012493869,0.07713656911813935,0.09334023381815659,high,1e-08,0.2831776169472835
2015-12-02,0.2222836412125485,0.15137289712129787,0.08523503333174351,0.06747925367731014,0.12943960443143226,0.08167212002033697,0.06711364274766918,0.08246732335803285,0.08020615208309795,high,1e-08,0.2449449292453077
2015-12-03,0.30959705192575004,0.16199831808028597,0.089489003669414,0.06747925367731014,0.13162044608378368,0.08167212002033697,0.06711364274766918,0.08246732335803285,0.08020615208309795,high,1e-08,0.29426927568798605
2015-12-04,0.09617713217564679,0.2222836412125485,0.09105616259851688,0.09608096607087722,0.13874114871478863,0.10258520372574148,0.12329903855348533,0.10254655982580001,0.060653377830312744,medium,1e-08,0.2502985902822393
2015-12-07,0.10667314316955862,0.30959705192575004,0.10303652079567181,0.09608096607087722,0.15441884612819798,0.10258520372574148,0.12329903855348533,0.10254655982580001,0.060653377830312744,medium,1e-08,0.27356241410661264
2015-12-08,0.12349254172962064,0.09617713217564679,0.105219489444818,0.13675841931047014,0.15155682657802697,0.11909834257135567,0.11084963454145619,0.11928451831776832,0.12215666254615311,high,0.01531320708990567,0.3247849722799017
2015-12-09,0.040971205458301865,0.10667314316955862,0.10934779237900036,0.13675841931047014,0.1492449427949852,0.11909834257135567,0.11084963454145619,0.11928451831776832,0.12215666254615311,low,0.008317013480487637,0.3584060378935001
2015-12-10,0.3076643731309366,0.12349254172962064,0.11458340629369776,0.13179245500368725,0.1478263651878657,0.10891138776006867,0.11316779580208815,0.10980692032967262,0.1464945662824318,high,0.02865848437772896,0.3056539620674051
2015-12-11,0.08020520779084234,0.040971205458301865,0.10971224844918158,0.13179245500368725,0.14367391750272293,0.10891138776006867,0.11316779580208815,0.10980692032967262,0.1464945662824318,medium,0.018047527051239586,0.3015647557747642
2015-12-14,0.16664847009397638,0.3076643731309366,0.12203243243981832,0.11108456224403196,0.15837646569483618,0.1256704961306844,0.15648589868436416,0.1260107282361823,0.15687963166063626,high,0.026605719618820668,0.3525358646021121
2015-12-15,0.2322718526293607,0.08020520779084234,0.12284146357805117,0.11108456224403196,0.15480339503458795,0.1256704961306844,0.15648589868436416,0.1260107282361823,0.15687963166063626,high,0.044890621929084246,0.393727017505
2015-12-16,0.24189605643128367,0.16664847009397638,0.12034317986375927,0.12332491681527595,0.15553953967548054,0.11634278891516785,0.12930725856947817,0.11738632168161749,0.07258998911416782,high,1e-08,0.27149435357667423
2015-12-17,0.2828068803676363,0.2322718526293607,0.12279877347117964,0.12332491681527595,0.16117694720320674,0.11634278891516785,0.12930725856947817,0.11738632168161749,0.07258998911416782,high,1e-08,0.2532470186240514
2015-12-18,0.13095096016276325,0.24189605643128367,0.12282098834158192,0.14164825035684958,0.1671231579948781,0.13156359890594613,0.14565767470213736,0.1323977319588246,0.14303140483743482,high,1e-08,0.33164606595346435
2015-12-21,0.14405579040275462,0.2828068803676363,0.13514944825752953,0.14164825035684958,0.17621896843667711,0.13156359890594613,0.14565767470213736,0.1323977319588246,0.14303140483743482,high,0.023144832316030643,0.32266162809131255
2015-12-22,0.19657247132929595,0.13095096016276325,0.12965323579137752,0.15034023515602074,0.17383563094120372,0.13473120801364485,0.1580261826801334,0.13606718915179303,0.10252068691798599,high,1e-08,0.2619511294185928
2015-12-23,0.02619863111150675,0.14405579040275462,0.13557902292619667,0.15034023515602074,0.17219413821195118,0.13473120801364485,0.1580261826801334,0.13606718915179303,0.10252068691798599,low,1e-08,0.29128320312819067
2015-12-24,0.036268328076738965,0.19657247132929595,0.141884815156842,0.14423524794822393,0.17375331982311462,0.12930033388367712,0.13068511789884302,0.13105465361539403,0.07039423893301017,low,1e-08,0.2762401986450096
2015-12-28,0.16940888088947567,0.02619863111150675,0.1422485231581655,0.14423524794822393,0.16858228043571885,0.12930033388367712,0.13068511789884302,0.13105465361539403,0.07039423893301017,high,1e-08,0.24059254295501162
2015-12-29,0.1125191310785246,0.036268328076738965,0.14293073002200798,0.11812390296906446,0.16368784211902188,0.1082898320527358,0.11079233354725808,0.11061075968670256,0.04311688981976278,medium,1e-08,0.18290260515139092
2015-12-30,0.15879409210684925,0.16940888088947567,0.1505279802016961,0.11812390296906446,0.16403673129387944,0.1082898320527358,0.11079233354725808,0.11061075968670256,0.04311688981976278,high,1e-08,0.22726188942306924
2015-12-31,0.22192035062889878,0.1125191310785246,0.15481538733517775,0.11655748427581959,0.16141003547575827,0.1055538602534651,0.1045241005537345,0.10752321411655541,0.08488365882785628,high,1e-08,0.2512986344893314
2016-01-04,0.02685312481893224,0.15879409210684925,0.15903759347613433,0.11655748427581959,0.1612542756035657,0.1055538602534651,0.1045241005537345,0.10752321411655541,0.08488365882785628,low,1e-08,0.3239198793061603
2016-01-05,0.20024709275727587,0.22192035062889878,0.16224429590829803,0.12301972693225546,0.16552245599253318,0.11558346616535115,0.13825520413097594,0.11679747172633557,0.12037115473731666,high,1e-08,0.34411808410770595
2016-01-06,0.3808546226555252,0.02685312481893224,0.15610133257823647,0.12301972693225546,0.16061471866016683,0.11558346616535115,0.13825520413097594,0.11679747172633557,0.12037115473731666,high,0.005120100829781135,0.2780346397336095
2016-01-07,0.17425019926458288,0.20024709275727587,0.15509967128481497,0.1255626671830489,0.1632641922429163,0.11221606840598979,0.1402014314151069,0.11348347362030047,0.16025551637885443,high,0.037895048528594724,0.37294307384887787
2016-01-08,0.01571469994002923,0.3808546226555252,0.15833865177253204,0.1255626671830489,0.18373594992949252,0.11221606840598979,0.1402014314151069,0.11348347362030047,0.16025551637885443,low,0.022681161023884566,0.34240831301252467
2016-01-11,0.12808598195521953,0.17425019926458288,0.16188742754930185,0.16210541392613284,0.18318065742683698,0.14211650130239523,0.1927197002918453,0.1429043919566285,0.23120648627488555,high,0.09676781846675632,0.40819439018008297
2016-01-12,0.3959226854920875,0.01571469994002923,0.15775295285705052,0.16210541392613284,0.17764194653195178,0.14211650130239523,0.1927197002918453,0.1429043919566285,0.23120648627488555,high,0.09361396121689114,0.36834638542646014
2016-01-13,0.2606095112563503,0.12808598195521953,0.15796174559457776,0.15771135743365666,0.17506462413636611,0.12261519107860819,0.15792747895344417,0.12425478347623879,0.23787699130862605,high,0.11687649619149044,0.3735268422090679
2016-01-14,0.34076004784948566,0.3959226854920875,0.17409590377793166,0.15771135743365666,0.1954841467736008,0.12261519107860819,0.15792747895344417,0.12425478347623879,0.23787699130862605,high,0.06540704949983465,0.40730720922244845
2016-01-15,0.021127637108623015,0.2606095112563503,0.1719570464199959,0.1635041876740764,0.19999061873710716,0.15939963956383493,0.19313485574025221,0.1603705113505466,0.2583338613826892,low,0.12031397598180116,0.41357769488077256
2016-01-19,0.20342952075574633,0.34076004784948566,0.18380044824084332,0.1635041876740764,0.21110072794877555,0.15939963956383493,0.19313485574025221,0.1603705113505466,0.2583338613826892,high,0.056747507034481615,0.3988140651679688
2016-01-20,0.08892381468394975,0.021127637108623015,0.17718586492332727,0.1973331992265741,0.20473516777305353,0.15576560268686535,0.19998290478217473,0.1575777041357507,0.3055788981432811,medium,0.18095304019143882,0.44421855705069474
2016-01-21,0.3256699210287758,0.20342952075574633,0.17587484983816298,0.1973331992265741,0.2046570638472357,0.15576560268686535,0.19998290478217473,0.1575777041357507,0.3055788981432811,high,0.14685948178285546,0.47971899545436125
2016-01-22,0.23996462964607126,0.08892381468394975,0.16892156612237508,0.16743491694275225,0.1996143523013662,0.13964118345653584,0.1793495837874615,0.1420574069769702,0.20533927231256865,high,0.10012180145530018,0.38096392800086143
2016-01-25,0.2165796307531036,0.3256699210287758,0.17086988615242688,0.16743491694275225,0.2093293818693058,0.13964118345653584,0.1793495837874615,0.1420574069769702,0.20533927231256865,high,0.09266363421985209,0.360677732529989
2016-01-26,0.17276894805773993,0.23996462964607126,0.1758250529471227,0.15697113713332764,0.21129279238968157,0.1561244392196031,0.17607112534681146,0.1581859200485535,0.1973278782773244,high,0.0709525442933646,0.31094422804471356
2016-01-27,0.08269422368541304,0.2165796307531036,0.1791215911448658,0.15697113713332764,0.21161372747605098,0.1561244392196031,0.17607112534681146,0.1581859200485535,0.1973278782773244,medium,0.023973695997314838,0.3674516135724535
2016-01-28,0.38697875977628426,0.17276894805773993,0.17803961281434055,0.16920406043488523,0.20948626217895186,0.1471478834503241,0.16080498338768062,0.1494576538287156,0.19823101987933595,high,0.06165382002775924,0.33801921461453943
2016-01-29,0.005739877277868682,0.08269422368541304,0.18060759429497267,0.16920406043488523,0.20411203903019054,0.1471478834503241,0.16080498338768062,0.1494576538287156,0.19823101987933595,low,0.07815640066215253,0.3633113762058681
2016-02-01,0.2860883906691282,0.38697875977628426,0.19654897755404288,0.16996656534445548,0.21942464455825783,0.16390395113358586,0.13348214555280058,0.1654640634804499,0.17780298388358207,high,0.04289020710518091,0.3239187709003782
2016-02-02,0.09516384326163063,0.005739877277868682,0.18910947738987893,0.16996656534445548,0.2127447318563179,0.16390395113358586,0.13348214555280058,0.1654640634804499,0.17780298388358207,medium,0.03701242384363287,0.33933107643869853
2016-02-03,0.024890335775892267,0.2860883906691282,0.19699898918945183,0.1729748841129999,0.2178428234144947,0.15623975631994194,0.1604001180973478,0.15816569001500508,0.2082567938529002,low,0.051755992612618706,0.31702938647339374
2016-02-04,0.30240445573422625,0.09516384326163063,0.19410670515103282,0.1729748841129999,0.21248890652047284,0.15623975631994194,0.1604001180973478,0.15816569001500508,0.2082567938529002,high,0.08230960444656048,0.35154574871277317
2016-02-05,0.2136897504016611,0.024890335775892267,0.18515079538498702,0.18279396373612414,0.2061058344625704,0.13036033549714912,0.13225565108566298,0.13339493501181904,0.22374785692682345,high,0.08514618382428674,0.4713560908907501
2016-02-08,0.0008547004664713428,0.30240445573422625,0.19767585588113679,0.18279396373612414,0.2131143950802398,0.13036033549714912,0.13225565108566298,0.13339493501181904,0.22374785692682345,low,0.07934347217983231,0.43265414622792603
2016-02-09,0.013700744498701027,0.2136897504016611,0.1982868857740634,0.17117332852035505,0.21314896019590385,0.145203649463105,0.1775662162064577,0.14739401553061646,0.2828502009072844,low,0.14107860116883636,0.4383489630766934
2016-02-10,0.20648839745997674,0.0008547004664713428,0.18101416203819728,0.17117332852035505,0.2066556902420365,0.145203649463105,0.1775662162064577,0.14739401553061646,0.2828502009072844,high,0.15612725290813345,0.45995057628085895
2016-02-11,0.327280002888461,0.013700744498701027,0.17371645954883905,0.15647078538814368,0.20038822938195971,0.11983797353370926,0.14639022073121064,0.12266216962400807,0.25672896196148237,high,0.13300125320277467,0.41796967158326026
2016-02-12,0.26793348092631863,0.20648839745997674,0.1823879912542912,0.15647078538814368,0.20075946658497093,0.11983797353370926,0.14639022073121064,0.12266216962400807,0.25672896196148237,high,0.12086460029497913,0.43940289536247834
2016-02-16,0.2593034269156472,0.327280002888461,0.1914422649330749,0.15438805146948836,0.21050613681200223,0.14538099947761188,0.14316629701098127,0.14682412266750403,0.153217091493827,high,0.024573440937208726,0.3142458719610346
2016-02-17,0.0650153231142604,0.26793348092631863,0.185624573816449,0.15438805146948836,0.21438601780307465,0.14538099947761188,0.14316629701098127,0.14682412266750403,0.153217091493827,medium,0.031226675432947413,0.3327900552448582
2016-02-18,0.007437136701083376,0.2593034269156472,0.18556520634641707,0.1754981246105251,0.21734299801075838,0.1554312846213471,0.11992996768185497,0.1567006507189486,0.11993765158818273,low,0.0011388673659084832,0.29833660087958214
2016-02-19,0.22984881753184067,0.0650153231142604,0.17303135522208865,0.1754981246105251,0.21132278531106233,0.1554312846213471,0.11992996768185497,0.1567006507189486,0.11993765158818273,high,0.0001721972184865928,0.3277621593043279
2016-02-22,0.20048658781493847,0.007437136701083376,0.17240905974901866,0.1795347694043266,0.20489314062766098,0.12908243919398335,0.10365205964349085,0.1313074427845897,0.10387700606446708,high,1e-08,0.26460573782205876
2016-02-23,0.07262838165638662,0.22984881753184067,0.17360993687520476,0.1795347694043266,0.20647555755327937,0.12908243919398335,0.10365205964349085,0.1313074427845897,0.10387700606446708,medium,1e-08,0.26285113584808384
2016-02-24,0.19227692909989544,0.20048658781493847,0.17868097201752245,0.15024247460518741,0.20612112659439338,0.13414892204923162,0.12036518321933815,0.1358194793474428,0.1730535625083014,high,0.01216363973795259,0.329072316643018
2016-02-25,0.036535458280360464,0.07262838165638662,0.16717908386423203,0.15024247460518741,0.2006321425099951,0.13414892204923162,0.12036518321933815,0.1358194793474428,0.1730535625083014,low,0.020967948061059092,0.40607410694845975
2016-02-26,0.12449448039038567,0.19227692909989544,0.16501146111213313,0.13787943065874345,0.2001406661813313,0.12504426990474676,0.1017228344406624,0.1268428371680802,0.1594903526860416,high,0.0291598850769638,0.3226169346362146
2016-02-29,0.3731590980976925,0.036535458280360464,0.15682763509064482,0.13787943065874345,0.19424983775190657,0.12504426990474676,0.1017228344406624,0.1268428371680802,0.1594903526860416,high,0.014370352589048282,0.25057914746524357
2016-03-01,0.071320165309996,0.12449448039038567,0.15463334110576507,0.1290352633360928,0.19078509385563597,0.11028646751743601,0.10158974005428398,0.11236801450912973,0.11472147902684823,medium,1e-08,0.2688321261270261
2016-03-02,0.06221657424212534,0.3731590980976925,0.16783628994268684,0.1290352633360928,0.20632468990607644,0.11028646751743601,0.10158974005428398,0.11236801450912973,0.11472147902684823,medium,0.0030047771902217395,0.32407128161144705
2016-03-03,0.05165119038526759,0.071320165309996,0.15348817201240103,0.15797856342429312,0.20080059502834893,0.13356846286186158,0.08726010689241918,0.13458461515363565,0.11399175566093094,medium,1e-08,0.2704615593323898
2016-03-04,0.01267110131952603,0.06221657424212534,0.15605529460168543,0.15797856342429312,0.1952789808262533,0.13356846286186158,0.08726010689241918,0.13458461515363565,0.11399175566093094,low,1e-08,0.3276605010725818
2016-03-07,0.1733179099221025,0.05165119038526759,0.1453990582251463,0.1476728771767164,0.18975225495229484,0.11304083040925737,0.07628443241090838,0.11494973158913792,0.14201440597499373,high,0.018217332149409713,0.30914370375038813
2016-03-08,0.0784150900282423,0.01267110131952603,0.1416493881368688,0.1476728771767164,0.18399781675995736,0.11304083040925737,0.07628443241090838,0.11494973158913792,0.14201440597499373,medium,0.002998538505630184,0.31454833195148757
2016-03-09,0.01273783301581682,0.1733179099221025,0.14839609605260565,0.10146065537351148,0.18337456380880898,0.10707352160232765,0.09842001592774029,0.10880157441982995,0.12948953516677475,low,1e-08,0.3431682216797261
2016-03-10,0.25616669622819116,0.0784150900282423,0.1382147612477882,0.10146065537351148,0.1788227960680487,0.10707352160232765,0.09842001592774029,0.10880157441982995,0.12948953516677475,high,1e-08,0.2820120141864013
2016-03-11,0.02035428519440695,0.01273783301581682,0.12908058318479526,0.10327029182798582,0.17340320641030713,0.09297712185922108,0.08463678918163067,0.09496393289360039,0.09723618681223845,low,1e-08,0.3068152055270003
2016-03-14,0.02586576492351023,0.25616669622819116,0.1406856739012371,0.10327029182798582,0.17944869531194987,0.09297712185922108,0.08463678918163067,0.09496393289360039,0.09723618681223845,low,1e-08,0.25610178482391177
2016-03-15,0.09186793342509633,0.02035428519440695,0.1409881075692237,0.13004386477099106,0.174053388389189,0.1030554602288091,0.07500062674172131,0.10424641398611822,0.1267443124496298,medium,1e-08,0.29226535302821627
2016-03-16,0.10070736930508695,0.02586576492351023,0.13277798790847523,0.13004386477099106,0.16886991844871926,0.1030554602288091,0.07500062674172131,0.10424641398611822,0.1267443124496298,medium,1e-08,0.2626274444328505
2016-03-17,0.062381464452708604,0.09186793342509633,0.12207743929650411,0.10925649784611832,0.16526466478643384,0.09181153109485402,0.06795730505045815,0.09321363447573548,0.10249755298838589,medium,1e-08,0.24580379332072
2016-03-18,0.022519412831218076,0.10070736930508695,0.11447625240462994,0.10925649784611832,0.16211780690379163,0.09181153109485402,0.06795730505045815,0.09321363447573548,0.10249755298838589,low,1e-08,0.34365582767487224
2016-03-21,0.00852388574819536,0.062381464452708604,0.10552525411086001,0.08016346285249719,0.15792004034578147,0.08558987950111695,0.06267080312142922,0.08706744161553667,0.07841377053672922,low,1e-08,0.2337468128724516
2016-03-22,0.10476673769913462,0.022519412831218076,0.10359362182526718,0.08016346285249719,0.1532084926872535,0.08558987950111695,0.06267080312142922,0.08706744161553667,0.07841377053672922,medium,1e-08,0.24398365994508792
2016-03-23,0.007030569967449379,0.00852388574819536,0.10364301950922683,0.08263344610631715,0.1485558181132772,0.07549397399423884,0.05840262765630072,0.07704165509177416,0.09678467662266341,low,1e-08,0.24445925777813568
2016-03-24,0.009374971587017746,0.10476673769913462,0.09795747042592201,0.08263344610631715,0.14629854882832555,0.07549397399423884,0.05840262765630072,0.07704165509177416,0.09678467662266341,low,1e-08,0.292016744225741
2016-03-28,0.14684865558007654,0.007030569967449379,0.08916401506921795,0.07199623396872634,0.14185215966195772,0.07281998045107917,0.06764879187990959,0.07395993617254101,0.08825874346943255,high,1e-08,0.22777370112280074
2016-03-29,0.06964685325586335,0.009374971587017746,0.08628886006606483,0.07199623396872634,0.13754994181842206,0.07281998045107917,0.06764879187990959,0.07395993617254101,0.08825874346943255,medium,1e-08,0.2910009636960011
2016-03-30,0.03852337226509617,0.14684865558007654,0.08422393854243669,0.07312080396273087,0.13812551887083277,0.07754446771681338,0.06214831125203807,0.07796604499542666,0.07429633251923357,low,1e-08,0.24469213525396827
2016-03-31,0.10813671941713708,0.06964685325586335,0.0857290019504141,0.07312080396273087,0.13499992768754804,0.07754446771681338,0.06214831125203807,0.07796604499542666,0.07429633251923357,medium,1e-08,0.2595241303852698
2016-04-01,0.05140149414983902,0.03852337226509617,0.08182122430835548,0.07634107604230958,0.13122699668797239,0.07232011259751599,0.060262407437700984,0.07274647921192101,0.07271845054660667,medium,1e-08,0.2630474524013449
2016-04-04,0.15855249001447638,0.10813671941713708,0.06977475255014841,0.07634107604230958,0.1299573244774547,0.07232011259751599,0.060262407437700984,0.07274647921192101,0.07271845054660667,high,1e-08,0.21731422671538134
2016-04-05,0.17336658907928398,0.05140149414983902,0.0688693584065049,0.07231233270101128,0.12662582134094252,0.07235338449699254,0.06068636710448022,0.07261918847075872,0.10872232437549205,high,1e-08,0.25257027669293225
2016-04-06,0.18995217421096858,0.15855249001447638,0.07324826366888451,0.07231233270101128,0.12876484861110052,0.07235338449699254,0.06068636710448022,0.07261918847075872,0.10872232437549205,high,1e-08,0.2864721725945672
2016-04-07,0.04280761768213604,0.17336658907928398,0.0787807817913398,0.08119832059757476,0.13186706001162074,0.09044333798997224,0.08158547749223959,0.0899165481081512,0.11762565126262463,low,1e-08,0.2789315184862378
2016-04-08,0.0372593837158941,0.18995217421096858,0.08683901237731445,0.08119832059757476,0.13605328343847614,0.09044333798997224,0.08158547749223959,0.0899165481081512,0.11762565126262463,low,1e-08,0.2590940657041431
2016-04-11,0.14783698948957466,0.04280761768213604,0.08090672636640689,0.09809038425500421,0.13232466023468228,0.09258507133532068,0.10016338919718432,0.09231665587283021,0.13811104368940305,high,1e-08,0.339757147197501
2016-04-12,0.16034622873115403,0.0372593837158941,0.07903601244311834,0.09809038425500421,0.1286177377516179,0.09258507133532068,0.10016338919718432,0.09231665587283021,0.13811104368940305,high,0.0007761802428244006,0.27427817155429124
2016-04-13,0.0007676017801301552,0.14783698948957466,0.08517688319192551,0.09167634765740999,0.1298511364762117,0.09068923845831232,0.08732121602221443,0.09057496374502554,0.07419485786139712,low,1e-08,0.27045652262094116
2016-04-14,0.017552559107719176,0.16034622873115403,0.08082140739660565,0.09167634765740999,0.13187984444035464,0.09068923845831232,0.08732121602221443,0.09057496374502554,0.07419485786139712,low,1e-08,0.19356304736460148
2016-04-15,0.11154356957391529,0.0007676017801301552,0.07993110360504761,0.08239477335141,0.127862391343917,0.08845303750936653,0.07666129181383742,0.08858394094238826,0.08119869882123965,medium,1e-08,0.23629064750309978
2016-04-18,0.05006715475303664,0.017552559107719176,0.07955323061342075,0.08239477335141,0.12404172359673045,0.08845303750936653,0.07666129181383742,0.08858394094238826,0.08119869882123965,medium,1e-08,0.30053513153607875
2016-04-19,0.01513429003938804,0.11154356957391529,0.08044757771109433,0.07990676459996977,0.12332755700197046,0.08343958544857014,0.06905404222811483,0.08372712333853811,0.07985913947156939,low,1e-08,0.287242887987058
2016-04-20,0.08538346322082249,0.05006715475303664,0.07814574977691023,0.07990676459996977,0.12019778839984405,0.08343958544857014,0.06905404222811483,0.08372712333853811,0.07985913947156939,medium,1e-08,0.2582433124497125
2016-04-21,0.0,0.01513429003938804,0.0759981509399411,0.061407255540090015,0.11659502836802538,0.07483789846361666,0.06311105873898128,0.07536819702776697,0.08792637587188336,low,1e-08,0.2526577632875235
2016-04-22,0.027340302870729413,0.08538346322082249,0.07885560777583221,0.061407255540090015,0.11496154465397156,0.07483789846361666,0.06311105873898128,0.07536819702776697,0.08792637587188336,low,1e-08,0.24147897542442254
2016-04-25,0.023581188508191724,0.0,0.07846815842364152,0.06778773044573427,0.11145935287930515,0.07071237867317667,0.06673443977631993,0.07119302535544136,0.09292237182970584,low,1e-08,0.2488098181898982
2016-04-26,0.032675929108372095,0.027340302870729413,0.07494877502235037,0.06778773044573427,0.10827116713733557,0.07071237867317667,0.06673443977631993,0.07119302535544136,0.09292237182970584,low,1e-08,0.2377184303895496
2016-04-27,0.1440771620437797,0.023581188508191724,0.07570107586511139,0.0546242893391358,0.10513159012576351,0.06511792201024356,0.062269228827812606,0.06551505659669468,0.07668217798912333,high,1e-08,0.2891179581532527
2016-04-28,0.0857018203847373,0.032675929108372095,0.07676021029790021,0.0546242893391358,0.1022426288219105,0.06511792201024356,0.062269228827812606,0.06551505659669468,0.07668217798912333,medium,1e-08,0.23042927165111673
2016-04-29,0.12617874897656323,0.1440771620437797,0.07663423331897763,0.05858193714465425,0.10522279010207551,0.07313659297184465,0.08268458784165769,0.07286244063949043,0.10614230265698764,high,1e-08,0.24922975890128862
2016-05-02,0.13815943403653935,0.0857018203847373,0.07736400455210828,0.05858193714465425,0.10415475766612381,0.07313659297184465,0.08268458784165769,0.07286244063949043,0.10614230265698764,high,1e-08,0.29632890503644455
2016-05-03,0.08854482387002513,0.12617874897656323,0.08134833985717496,0.07306798809112401,0.10560580160870459,0.07789522358431014,0.07946362222142037,0.07741474177586086,0.10452158623117656,medium,1e-08,0.24794123382876593
2016-05-04,0.0031012791531733765,0.13815943403653935,0.08271300870351142,0.07306798809112401,0.1078365057214386,0.07789522358431014,0.07946362222142037,0.07741474177586086,0.10452158623117656,low,1e-08,0.34178900236899923
2016-05-05,0.05808453805283649,0.08854482387002513,0.0844013418726108,0.08658785942603722,0.10677734028476123,0.08139490573668097,0.09382620962326337,0.08091567017196888,0.11545518088388555,medium,1e-08,0.33765707489473384
2016-05-06,0.013117627452598778,0.0031012791531733765,0.07733537774255156,0.08658785942603722,0.10352725945534146,0.08139490573668097,0.09382620962326337,0.08091567017196888,0.11545518088388555,low,1e-08,0.2706230846501113
2016-05-09,0.19738157560121353,0.05808453805283649,0.07209528451407668,0.07379887615662478,0.10137676586359547,0.07390488973481413,0.08146991594563767,0.0737991853195886,0.09995036699581608,high,1e-08,0.2905085906902944
2016-05-10,0.14850569983788006,0.013117627452598778,0.06405735057051441,0.07379887615662478,0.09834092772871136,0.07390488973481413,0.08146991594563767,0.0737991853195886,0.09995036699581608,high,1e-08,0.2649263912114533
2016-05-11,0.004619736027854157,0.19738157560121353,0.07108343956683612,0.06723701796299486,0.106902997926906,0.08635660435571914,0.0723769110591204,0.08562480768805406,0.083597757980583,low,1e-08,0.24812631217904116
2016-05-12,0.13833919807951905,0.14850569983788006,0.07614009029965367,0.06723701796299486,0.10984440122680253,0.08635660435571914,0.0723769110591204,0.08562480768805406,0.083597757980583,high,1e-08,0.31993826769510336
2016-05-13,0.15660538111424466,0.004619736027854157,0.06963021514230273,0.08453603065326327,0.1065041100130897,0.08424400697058428,0.08486254871644998,0.08394387784761555,0.11097651218538432,high,1e-08,0.26073851223474326
2016-05-16,0.14816220210804223,0.13833919807951905,0.06862989556722841,0.08453603065326327,0.10867751352610419,0.08424400697058428,0.08486254871644998,0.08394387784761555,0.11097651218538432,high,1e-08,0.32503352315638223
2016-05-17,0.004648594162604067,0.15660538111424466,0.07571343099150635,0.09039170071104669,0.11213237067448381,0.09251529141816238,0.09013791543789462,0.09206254894045714,0.11122454888809918,low,1e-08,0.2578780120235424
2016-05-18,0.05500710212255358,0.14816220210804223,0.08165023294606649,0.09039170071104669,0.11461400755538263,0.09251529141816238,0.09013791543789462,0.09206254894045714,0.11122454888809918,medium,1e-08,0.2506249171799733
2016-05-19,0.10028667496415501,0.004648594162604067,0.07679137042737051,0.08758988064656756,0.11112823696024474,0.08829425129354271,0.09531111521672908,0.08830389632016372,0.1299072049888344,medium,1e-08,0.2943701511644601
2016-05-20,0.02163050252145263,0.05500710212255358,0.0770159134896213,0.08758988064656756,0.10858205571794093,0.08829425129354271,0.09531111521672908,0.08830389632016372,0.1299072049888344,low,1e-08,0.29159093234018696
2016-05-23,0.2057701550462357,0.10028667496415501,0.08088647644074708,0.08031218042274567,0.10810228529045975,0.08315749749790274,0.08497973771065905,0.0833765197807197,0.11159987996896327,high,0.005571127896807556,0.25499920918958835
2016-05-24,0.10767819413010773,0.02163050252145263,0.07798861459077572,0.08031218042274567,0.10494289189020181,0.08315749749790274,0.08497973771065905,0.0833765197807197,0.11159987996896327,medium,1e-08,0.2657047838736697
2016-05-25,0.0045529189075675745,0.2057701550462357,0.0873418034565137,0.0753478213389954,0.11354607578972944,0.09282292058634711,0.07536262716168607,0.0925099194457263,0.039372445589487645,low,1e-08,0.2519420525500137
2016-05-26,0.06824696323924047,0.10767819413010773,0.09099352578648544,0.0753478213389954,0.11320258061139524,0.09282292058634711,0.07536262716168607,0.0925099194457263,0.039372445589487645,medium,1e-08,0.15986830303299207
2016-05-27,0.030199277088422044,0.0045529189075675745,0.09012860444100251,0.0918433742176436,0.10975963987682084,0.08493048694673154,0.06774883200872148,0.08512225548101371,0.03823966154586736,low,1e-08,0.15510603082945681
2016-05-31,0.03252857935302719,0.06824696323924047,0.09174546962876927,0.0918433742176436,0.10772096691275442,0.08493048694673154,0.06774883200872148,0.08512225548101371,0.03823966154586736,low,1e-08,0.2140728297546397
2016-06-01,0.048311400382026845,0.030199277088422044,0.08656920213079845,0.08700957753864594,0.10470099373960785,0.07711073606168407,0.0631407487412314,0.07756450338242699,0.06681536939109428,medium,1e-08,0.25652341133359313
2016-06-02,0.0474145669604612,0.03252857935302719,0.0841522366293571,0.08700957753864594,0.1018236058737918,0.07711073606168407,0.0631407487412314,0.07756450338242699,0.06681536939109428,medium,1e-08,0.19214461131932273
2016-06-03,0.08077370012890878,0.048311400382026845,0.0806128116932418,0.055319182781743664,0.09942838324525428,0.07074075172579063,0.058686744560455625,0.07123047403394173,0.07560170303872488,medium,1e-08,0.2379500280663847
2016-06-06,0.024786358473978625,0.0474145669604612,0.07648804500796552,0.055319182781743664,0.09709650694377289,0.07074075172579063,0.058686744560455625,0.07123047403394173,0.07560170303872488,low,1e-08,0.21724766871274478
2016-06-07,0.05174608469567553,0.08077370012890878,0.07613481211064205,0.05558021852042488,0.09619527638606847,0.06918705851037915,0.05832695577304214,0.0694166508541147,0.06921509365864159,medium,1e-08,0.2475414760257226
2016-06-08,0.02167619356672926,0.024786358473978625,0.07712049753431502,0.05558021852042488,0.09346219097066262,0.06918705851037915,0.05832695577304214,0.0694166508541147,0.06921509365864159,low,1e-08,0.2153051947969618
2016-06-09,0.1504499446790087,0.05174608469567553,0.07683238601808043,0.0583423058263647,0.09149715683809159,0.06516126127387326,0.0553133912326538,0.0653029725775371,0.060182416247480844,high,1e-08,0.22595985883177225
2016-06-10,0.12242036430346424,0.02167619356672926,0.0772214117505409,0.0583423058263647,0.08886853981550283,0.06516126127387326,0.0553133912326538,0.0653029725775371,0.060182416247480844,medium,1e-08,0.21311340328840475
2016-06-13,0.031227284418275186,0.1504499446790087,0.0750881557995316,0.06276773981632845,0.0937116400349404,0.0736818571454397,0.08257430776719552,0.0732133481274069,0.08094410911343551,low,1e-08,0.24450465704488203
2016-06-14,0.022125978750514422,0.12242036430346424,0.07390245872978542,0.06276773981632845,0.0956773950582243,0.0736818571454397,0.08257430776719552,0.0732133481274069,0.08094410911343551,low,1e-08,0.22455401979069037
2016-06-15,0.04737272769349416,0.031227284418275186,0.07511189274753183,0.07395926023205376,0.09307750902956236,0.07359040075676818,0.0865491673205551,0.07326479520397265,0.1058662963447773,medium,1e-08,0.24683671816077746
2016-06-16,0.05911805742668983,0.022125978750514422,0.06982947368712254,0.07395926023205376,0.09040459535919322,0.07359040075676818,0.0865491673205551,0.07326479520397265,0.1058662963447773,medium,1e-08,0.25667146192229756
2016-06-17,0.10223026597447082,0.04737272769349416,0.06486435307708842,0.0686049251423695,0.08841528108920543,0.06788824477045345,0.07592469695063177,0.06776320469893819,0.11487944640205082,medium,1e-08,0.2831451845107354
2016-06-20,0.045066252249630276,0.05911805742668983,0.060816891955208764,0.0686049251423695,0.08693631518020845,0.06788824477045345,0.07592469695063177,0.06776320469893819,0.11487944640205082,medium,1e-08,0.3482071951831834
2016-06-21,0.02589637952927299,0.10223026597447082,0.0652524224921118,0.050772707793151885,0.08792900067758334,0.07002000593336266,0.07126313049037411,0.0697139255974371,0.08770421532657419,low,1e-08,0.24550782502680307
2016-06-22,0.20672720528411653,0.045066252249630276,0.0648005656797062,0.050772707793151885,0.085962065098848,0.07002000593336266,0.07126313049037411,0.0697139255974371,0.08770421532657419,high,1e-08,0.22612426314241205
2016-06-23,0.5700346119467743,0.02589637952927299,0.06141918861448428,0.05514380154270843,0.08358436089519686,0.06514019359798566,0.06519357416669723,0.06496012838575353,0.033812814452144846,high,1e-08,0.1948415949193524
2016-06-24,0.2843165236287031,0.20672720528411653,0.06983267510369627,0.05514380154270843,0.09555800807550292,0.06514019359798566,0.06519357416669723,0.06496012838575353,0.033812814452144846,high,1e-08,0.2904050255269077
2016-06-27,0.2863142390073026,0.5700346119467743,0.08639015041735712,0.1438252619277554,0.16757034481660232,0.18365147351296637,0.23613362430810889,0.17640523906805602,0.23730462457462476,high,0.08696205632415355,0.4021491373277884
2016-06-28,0.2703067427193883,0.2843165236287031,0.09441916539456602,0.1438252619277554,0.17676307411542816,0.18365147351296637,0.23613362430810889,0.17640523906805602,0.23730462457462476,high,0.12356433261945692,0.4575536117121017
2016-06-29,0.21661793364207763,0.2863142390073026,0.10722649812637214,0.1914488255298676,0.18517295676202838,0.1842718916353525,0.21835046260316013,0.18118493412857037,0.12437901823311759,high,1e-08,0.28747485287371977
2016-06-30,0.03334204090245564,0.2703067427193883,0.11641103355728796,0.1914488255298676,0.19135210108751471,0.1842718916353525,0.21835046260316013,0.18118493412857037,0.12437901823311759,low,1e-08,0.3340682640786189
2016-07-01,0.11418869403053628,0.21661793364207763,0.12488460885518139,0.21122865233767926,0.192961365940677,0.17476854286824428,0.1788881348322907,0.17455711495140128,0.04881608632382831,medium,1e-08,0.21044765339707802
2016-07-05,0.09521022279820014,0.03334204090245564,0.1249215843801554,0.21122865233767926,0.1872611676841806,0.17476854286824428,0.1788881348322907,0.17455711495140128,0.04881608632382831,medium,1e-08,0.24794971776546237
2016-07-06,0.009843186176376993,0.11418869403053628,0.12791600681872403,0.15343936317010873,0.18369834974152657,0.14432519660677007,0.1541321888105649,0.1470213829649605,0.09718007610867802,low,1e-08,0.3339802205219972
2016-07-07,0.23638439414800724,0.09521022279820014,0.13008853662953035,0.15343936317010873,0.17962259843185535,0.14432519660677007,0.1541321888105649,0.1470213829649605,0.09718007610867802,high,1e-08,0.2595486474835873
2016-07-08,0.055981222240523855,0.009843186176376993,0.12686442235896073,0.11968901389125018,0.17416726010996741,0.11984899112619023,0.12790737893374973,0.12416662912396412,0.07508477876156874,medium,1e-08,0.27833556619142485
2016-07-11,0.11530249633796207,0.23638439414800724,0.1364825148895984,0.11968901389125018,0.17851284360617725,0.11984899112619023,0.12790737893374973,0.12416662912396412,0.07508477876156874,medium,1e-08,0.26432971806880334
2016-07-12,0.002215500608972289,0.055981222240523855,0.13667502114163696,0.12407073898432554,0.17361698951149412,0.11740511003859565,0.10768904506931544,0.12089032105978444,0.08220082957760927,low,1e-08,0.2511415311996117
2016-07-13,0.0886363533589104,0.11530249633796207,0.14093076217669298,0.12407073898432554,0.1706808936112011,0.11740511003859565,0.10768904506931544,0.12089032105978444,0.08220082957760927,medium,1e-08,0.3030941642389545
2016-07-14,0.021298812325873027,0.002215500608972289,0.13419283290078224,0.12270330654188678,0.1654821558472694,0.10186532527976272,0.09187924732984414,0.10566990477364198,0.0760072013867569,low,1e-08,0.25206060421778187
2016-07-15,0.04266011125165976,0.0886363533589104,0.13265719603966614,0.12270330654188678,0.1619032657417209,0.10186532527976272,0.09187924732984414,0.10566990477364198,0.0760072013867569,low,1e-08,0.30356500960918964
2016-07-18,0.016141759092149318,0.021298812325873027,0.13220590185364786,0.09943410629680718,0.1570577147890348,0.08951386147327231,0.0803490951222768,0.09281502511887942,0.06842009624958767,low,1e-08,0.27593160609595274
2016-07-19,0.06608641700627388,0.04266011125165976,0.1331392715127908,0.09943410629680718,0.15263122660120637,0.08951386147327231,0.0803490951222768,0.09281502511887942,0.06842009624958767,medium,1e-08,0.24424932692999057
2016-07-20,0.059956577146359456,0.016141759092149318,0.1317196820309115,0.08816780443527757,0.14803427723658064,0.0784583896282009,0.07171834035720596,0.0809169656956941,0.0552336315651064,medium,1e-08,0.19504967818963798
2016-07-21,0.07118983901226471,0.06608641700627388,0.13203642564816534,0.08816780443527757,0.14443456398488222,0.0784583896282009,0.07171834035720596,0.0809169656956941,0.0552336315651064,medium,1e-08,0.2016920670060919
2016-07-22,0.04310786594774061,0.059956577146359456,0.13011489433779663,0.08535126485126984,0.1408025218015618,0.07379143401910947,0.06989506135299425,0.07531590955140921,0.04032788474788604,low,1e-08,0.20469473770739993
2016-07-25,0.007326179717994327,0.07118983901226471,0.13130233009973458,0.08535126485126984,0.13762234094671572,0.07379143401910947,0.06989506135299425,0.07531590955140921,0.04032788474788604,low,1e-08,0.1886088905041475
2016-07-26,0.016841393602948052,0.04310786594774061,0.13208467039148308,0.09009127620715036,0.13384697041916532,0.0701233147948921,0.0667277932257725,0.07092314835642452,0.03690526208639611,low,1e-08,0.21104535939747626
2016-07-27,0.018325133209686508,0.007326179717994327,0.1230209874112048,0.09009127620715036,0.1297818599632522,0.0701233147948921,0.0667277932257725,0.07092314835642452,0.03690526208639611,low,1e-08,0.18988144470659632
2016-07-28,0.025632670606024317,0.016841393602948052,0.09787584112284907,0.06837872120436211,0.12589578728972345,0.06433004586540012,0.06255975474459248,0.06447457334237071,0.05498830278102554,low,1e-08,0.23923235989452388
2016-07-29,0.01315622596327353,0.018325133209686508,0.08578532337653014,0.06837872120436211,0.12214300197837984,0.06433004586540012,0.06255975474459248,0.06447457334237071,0.05498830278102554,low,1e-08,0.2330266333430509
2016-08-01,0.10171552324925176,0.025632670606024317,0.07393616117647205,0.04709902602783068,0.11858836445662317,0.060727651482744324,0.05927529787385643,0.06029746622940227,0.06074249758339574,medium,1e-08,0.24519382931729536
2016-08-02,0.0463933619661631,0.01315622596327353,0.06224750132392136,0.04709902602783068,0.1150208387655162,0.060727651482744324,0.05927529787385643,0.06029746622940227,0.06074249758339574,medium,1e-08,0.2219413431040038
2016-08-03,0.016893672868966703,0.10171552324925176,0.05702466448788383,0.044785653938796834,0.11426621814646552,0.06460591107146546,0.07039529430200867,0.06385804474131719,0.06676042550896961,low,1e-08,0.22845323759010344
2016-08-04,0.1298352615252988,0.0463933619661631,0.057617906354415986,0.044785653938796834,0.11136652609737505,0.06460591107146546,0.07039529430200867,0.06385804474131719,0.06676042550896961,high,1e-08,0.2311925148184315
2016-08-05,0.009461405344078428,0.016893672868966703,0.05319540539252646,0.04876351221549449,0.10805311988960659,0.06171437977722271,0.06468977313105141,0.06070708157000537,0.07203367836044933,low,1e-08,0.24001436964424766
2016-08-08,0.0094670478230545,0.1298352615252988,0.05476927078921276,0.04876351221549449,0.109482326532302,0.06171437977722271,0.06468977313105141,0.06070708157000537,0.07203367836044933,low,1e-08,0.2456608918913824
2016-08-09,0.039295122195037176,0.009461405344078428,0.05475191711501737,0.06026152813651734,0.10617235103837136,0.06696757836034267,0.06094540574549481,0.0660699452072585,0.08248993716964836,low,1e-08,0.2572378138703809
2016-08-10,0.07367270798580954,0.0094670478230545,0.04443749228206497,0.06026152813651734,0.10296403030759473,0.06696757836034267,0.06094540574549481,0.0660699452072585,0.08248993716964836,medium,1e-08,0.23646851385720827
2016-08-11,0.01379708755396686,0.039295122195037176,0.04367903318908831,0.04454997854130091,0.10029029086931428,0.06292972874864328,0.06005631206397832,0.06186391243556239,0.0715494786801738,low,1e-08,0.22465062303545716
2016-08-12,0.04578058531131776,0.07367270798580954,0.041786770082172284,0.04454997854130091,0.09889546991753617,0.06292972874864328,0.06005631206397832,0.06186391243556239,0.0715494786801738,medium,1e-08,0.21822705494512173
2016-08-15,0.08187058914386156,0.01379708755396686,0.04231320585239931,0.035953298469807035,0.0959422571628164,0.06202007981512066,0.05769549731475968,0.060971466185481146,0.07365216523271581,medium,1e-08,0.24757795484777595
2016-08-16,0.029857318300081457,0.04578058531131776,0.040365216395690545,0.035953298469807035,0.09369297426388515,0.06202007981512066,0.05769549731475968,0.060971466185481146,0.07365216523271581,low,1e-08,0.23766018318134136
2016-08-17,0.035625398919541806,0.08187058914386156,0.043118478978326394,0.03973717155435795,0.0930260104639237,0.06386508959607748,0.06472347429738849,0.06284184726396375,0.07678256589099425,low,1e-08,0.2842168701650668
2016-08-18,0.023213259634677925,0.029857318300081457,0.04253653384416374,0.03973717155435795,0.0904880979622643,0.06386508959607748,0.06472347429738849,0.06284184726396375,0.07678256589099425,low,1e-08,0.25116162863961417
2016-08-19,0.0007293968721332908,0.035625398919541806,0.04342215383631795,0.038627996898209324,0.08816439339863474,0.06104709440441733,0.06063384448398561,0.05985829256991313,0.07097245245422726,low,1e-08,0.24484670814135762
2016-08-22,0.03196254934024178,0.023213259634677925,0.041473373955790864,0.038627996898209324,0.0856674615762618,0.06104709440441733,0.06063384448398561,0.05985829256991313,0.07097245245422726,low,1e-08,0.24709166369235228
2016-08-23,0.08119526182217987,0.0007293968721332908,0.038781229397871486,0.03684310962339075,0.08305787774638178,0.05794899859960563,0.058116704964103816,0.0565315554952782,0.07265906849914232,medium,1e-08,0.22879457903736625
2016-08-24,0.010928737338549705,0.03196254934024178,0.0369981707764159,0.03684310962339075,0.08090729674144706,0.05794899859960563,0.058116704964103816,0.0565315554952782,0.07265906849914232,low,1e-08,0.22980943825238526
2016-08-25,0.029898194011653573,0.08119526182217987,0.03872941604343587,0.03434177633265202,0.08092460354299176,0.060865924306455585,0.06494961562463054,0.05945778014305423,0.08136574734722615,low,1e-08,0.24032492269806754
2016-08-26,0.07817333674596859,0.010928737338549705,0.03889316866255202,0.03434177633265202,0.07850496932719528,0.060865924306455585,0.06494961562463054,0.05945778014305423,0.08136574734722615,medium,1e-08,0.2351047027281221
2016-08-29,0.02617861572823758,0.029898194011653573,0.039486659590220456,0.03550073274215409,0.07646491036305182,0.05809450551909596,0.06185855585983469,0.05657407541042839,0.07729780484193015,low,1e-08,0.2672501377470037
2016-08-30,0.04514208543708297,0.07817333674596859,0.04220703247823327,0.03550073274215409,0.07656849091173008,0.05809450551909596,0.06185855585983469,0.05657407541042839,0.07729780484193015,medium,1e-08,0.25794005803855735
2016-08-31,0.0007306796160033654,0.02617861572823758,0.0422318481656066,0.04105731187917445,0.07451234104332324,0.05953562659410734,0.059384901347775264,0.058088289546672445,0.08835891469474291,low,1e-08,0.2440657210936949
2016-09-01,0.07156155537700691,0.04514208543708297,0.04368575086896158,0.04105731187917445,0.07308373350033273,0.05953562659410734,0.059384901347775264,0.058088289546672445,0.08835891469474291,medium,1e-08,0.2550668840010272
2016-09-02,0.04798154664892891,0.0007306796160033654,0.03909553070381393,0.03715540091575293,0.0708575346012608,0.05758409556560581,0.05900584275183569,0.056030045798350005,0.07169862146878908,medium,1e-08,0.22955129550796957
2016-09-06,0.0014568251132178857,0.07156155537700691,0.040239539495215915,0.03715540091575293,0.07089997298773339,0.05758409556560581,0.05900584275183569,0.056030045798350005,0.07169862146878908,low,1e-08,0.2418393840405569
2016-09-07,0.0362348896296069,0.04798154664892891,0.04165262466703238,0.03700942430993192,0.06973759049903462,0.05974076619972615,0.05648274844113618,0.058261889303787694,0.07180746453594813,low,1e-08,0.20849254317624338
2016-09-08,0.37995501334012016,0.0014568251132178857,0.035817241193755976,0.03700942430993192,0.06761404423090674,0.05974076619972615,0.05648274844113618,0.058261889303787694,0.07180746453594813,high,1e-08,0.22157818668181695
2016-09-09,0.2277557945670082,0.0362348896296069,0.03703421775218908,0.03311831374147753,0.0661523806995006,0.057428992861227574,0.05654123150283573,0.05583321334036908,0.13077492907916743,high,1e-08,0.3184394236791929
2016-09-12,0.22820267961412935,0.37995501334012016,0.05387457982114662,0.03311831374147753,0.113028836823248,0.057428992861227574,0.05654123150283573,0.05583321334036908,0.13077492907916743,high,1e-08,0.31253100761473984
2016-09-13,0.005957873752926919,0.2277557945670082,0.062440974019872565,0.11084392191496976,0.1229688944161506,0.1276232982852185,0.1468238371084505,0.1290793234612821,0.14454222935533279,low,0.010109549836452677,0.43734005753296956
2016-09-14,0.15863288912857484,0.22820267961412935,0.06946506363934166,0.11084392191496976,0.13167632981397495,0.1276232982852185,0.1468238371084505,0.1290793234612821,0.14454222935533279,high,0.02048656331691506,0.30342024359399195
2016-09-15,0.061365805238953845,0.005957873752926919,0.06910873573929438,0.12722138395610624,0.12767327934560677,0.11864631349164248,0.14600180213528338,0.1210414774814293,0.13476882876112056,medium,1e-08,0.3151314726912343
2016-09-16,0.0029785535260683452,0.15863288912857484,0.07423838591280607,0.12722138395610624,0.12973936139093015,0.11864631349164248,0.14600180213528338,0.1210414774814293,0.13476882876112056,low,0.00983540101786122,0.2989895883887087
2016-09-19,0.0007471434458677204,0.061365805238953845,0.0733063502807648,0.1065295233973965,0.12668192256054653,0.10668466089721534,0.12307031565867114,0.10911786237155868,0.13811555902484748,low,0.0007804698114966117,0.32053259199210815
2016-09-20,0.17851127621978727,0.0029785535260683452,0.07208458824558239,0.1065295233973965,0.12282484781299176,0.10668466089721534,0.12307031565867114,0.10911786237155868,0.13811555902484748,high,1e-08,0.3092576871933341
2016-09-21,0.10003487627137607,0.0007471434458677204,0.07049921299677903,0.07669690545590435,0.11908324877692594,0.08917282501053497,0.10305343254511129,0.0911346771260682,0.10112753268267298,medium,1e-08,0.2626504219886799
2016-09-22,0.08697686554904734,0.17851127621978727,0.07755821375064763,0.07669690545590435,0.12345828232714172,0.08917282501053497,0.10305343254511129,0.0911346771260682,0.10112753268267298,medium,1e-08,0.2588979661647533
2016-09-23,0.12862119958157334,0.10003487627137607,0.08207209917788594,0.08537790584135078,0.12217957773251596,0.0929228416716705,0.08826013199050226,0.09452022257211379,0.08489926627317664,high,1e-08,0.30778600753254376
2016-09-26,0.0985464430204982,0.08697686554904734,0.08457274991464982,0.08537790584135078,0.12035811883893159,0.0929228416716705,0.08826013199050226,0.09452022257211379,0.08489926627317664,medium,1e-08,0.3180396357466836
2016-09-27,0.07879377400516566,0.12862119958157334,0.08672847435825862,0.09257442812554473,0.1208698347112619,0.09005097861377988,0.09808053201102525,0.09133191353262525,0.07881890446953016,medium,1e-08,0.2454704004506597
2016-09-28,0.14362497873075492,0.0985464430204982,0.09071109734380174,0.09257442812554473,0.11964794194828275,0.09005097861377988,0.09808053201102525,0.09133191353262525,0.07881890446953016,high,1e-08,0.25250834940406947
2016-09-29,0.11979936700544319,0.07879377400516566,0.0929336237071432,0.08917039863509198,0.11759761792243366,0.08425972880633716,0.08443781692934287,0.08515906565601332,0.08874826381031892,medium,1e-08,0.2415044443362564
2016-09-30,0.03816796011167426,0.14362497873075492,0.09590869834281532,0.08917039863509198,0.11931946960782819,0.08425972880633716,0.08443781692934287,0.08515906565601332,0.08874826381031892,low,1e-08,0.25052030814312376
2016-10-03,0.0809286759170996,0.11979936700544319,0.10016418703723375,0.09644576573894581,0.11934831786807101,0.08834858491570367,0.09048939533811448,0.08910814709736117,0.08913849440307287,medium,1e-08,0.24523412732379396
2016-10-04,0.07025640733440054,0.03816796011167426,0.09984718134062426,0.09644576573894581,0.11608956589636735,0.08834858491570367,0.09048939533811448,0.08910814709736117,0.08913849440307287,medium,1e-08,0.22730495834996986
2016-10-05,0.011038107525627106,0.0809286759170996,0.1034925448088559,0.0908207058946266,0.11428537573350446,0.0803174962772556,0.08643661955191465,0.08071359326062315,0.08255760023531673,low,1e-08,0.27258096155924744
2016-10-06,0.05443548455892202,0.07025640733440054,0.10343321989782833,0.0908207058946266,0.11213222572680712,0.0803174962772556,0.08643661955191465,0.08071359326062315,0.08255760023531673,medium,1e-08,0.23912570947933415
2016-10-07,0.08267304366830028,0.011038107525627106,0.101753972664951,0.0828207114359728,0.10874984263310732,0.07324302263480754,0.07631734278849765,0.07317938508831316,0.081798647001989,medium,1e-08,0.24419256512292867
2016-10-10,0.20048749897828816,0.05443548455892202,0.10416209354884663,0.0828207114359728,0.10627666674821876,0.07324302263480754,0.07631734278849765,0.07317938508831316,0.081798647001989,high,1e-08,0.24433380561343823
2016-10-11,0.020834757631905208,0.08267304366830028,0.1062729187324236,0.07927339420880682,0.10501017108055805,0.07164376193761607,0.07141875435037617,0.0711782252012582,0.09566403727515635,low,1e-08,0.2748571035336068
2016-10-12,0.05200079435606951,0.20048749897828816,0.09811530444324941,0.07927339420880682,0.11303637513358314,0.07164376193761607,0.07141875435037617,0.0711782252012582,0.09566403727515635,medium,1e-08,0.3156334131916275
2016-10-13,0.008196914073442748,0.020834757631905208,0.0887098027643811,0.07953132966231061,0.10971159466836009,0.08216568581921828,0.09654700758893425,0.08212165008524404,0.10568694470665045,low,1e-08,0.262683865887785
2016-10-14,0.055120196003159413,0.05200079435606951,0.08070062616174202,0.07953132966231061,0.10712927200916562,0.08216568581921828,0.09654700758893425,0.08212165008524404,0.10568694470665045,medium,1e-08,0.25036478475600993
2016-10-17,0.0994174842965432,0.008196914073442748,0.08080240072176546,0.07549312949000596,0.10388508762070048,0.0734411301435404,0.08523646283598352,0.07306592254931081,0.1038437805237088,medium,1e-08,0.24901977200751982
2016-10-18,0.042333260506030174,0.055120196003159413,0.07609727830697385,0.07549312949000596,0.10162125222909124,0.0734411301435404,0.08523646283598352,0.07306592254931081,0.1038437805237088,low,1e-08,0.24975307364733845
2016-10-19,0.029631381446602996,0.0994174842965432,0.07782690008231882,0.05847086664064489,0.10149037560952895,0.07346561032774822,0.07769845035156697,0.07286330477164615,0.08324717602930777,low,1e-08,0.2475359890962677
2016-10-20,0.007420709112382273,0.042333260506030174,0.07961575039958982,0.05847086664064489,0.09894344272151519,0.07346561032774822,0.07769845035156697,0.07286330477164615,0.08324717602930777,low,1e-08,0.2790555017899247
2016-10-21,0.06751219949256076,0.029631381446602996,0.08092867030871415,0.058676180289422404,0.0962034182974631,0.06797131658423287,0.07098993010982241,0.06702973775401078,0.08395686099436377,medium,1e-08,0.2809447543936174
2016-10-24,0.05319006437203609,0.007420709112382273,0.07315182634928664,0.058676180289422404,0.09329038453138401,0.06797131658423287,0.07098993010982241,0.06702973775401078,0.08395686099436377,medium,1e-08,0.3060562822327456
2016-10-25,0.0318721692254228,0.06751219949256076,0.07167352285934049,0.05540800077999372,0.09194772384388905,0.06595185572200915,0.06539723529945835,0.06461975635628414,0.08308996542169086,low,1e-08,0.26489033114895544
2016-10-26,0.04233525668070055,0.05319006437203609,0.07013775916947634,0.05540800077999372,0.09009368380603514,0.06595185572200915,0.06539723529945835,0.06461975635628414,0.08308996542169086,low,1e-08,0.24563092445700604
2016-10-27,0.04691386354144812,0.0318721692254228,0.06574007597146951,0.047954047969876186,0.08769726141850363,0.06386857673656919,0.06556008849397187,0.06223653382825519,0.09476584360522788,medium,1e-08,0.2457707323324974
2016-10-28,0.000746218370075433,0.04233525668070055,0.06318502204693324,0.047954047969876186,0.08565569168584357,0.06386857673656919,0.06556008849397187,0.06223653382825519,0.09476584360522788,low,1e-08,0.2414143328400248
2016-10-31,0.11501180689473975,0.04691386354144812,0.061735935207673356,0.04830685939352014,0.08383757094902386,0.06285241599906462,0.06611702396388947,0.06097012905342318,0.10353978946580604,medium,1e-08,0.2423394375233416
2016-11-01,0.09554781377328489,0.000746218370075433,0.05524144610036975,0.04830685939352014,0.08128374631490605,0.06285241599906462,0.06611702396388947,0.06097012905342318,0.10353978946580604,medium,1e-08,0.25238485519274917
2016-11-02,0.0726619302712236,0.11501180689473975,0.0550238297317014,0.049774820009691086,0.0836916215256845,0.06806452811146957,0.07680634960804304,0.06645058595669245,0.1204026205168673,medium,0.02797471410022438,0.27043985510570906
2016-11-03,0.0174829352015202,0.09554781377328489,0.05763200489813825,0.049774820009691086,0.08444994580101146,0.06806452811146957,0.07680634960804304,0.06645058595669245,0.1204026205168673,low,1e-08,0.2815548385445333
2016-11-04,0.3501402919865975,0.0726619302712236,0.05725624373241662,0.05564378816009412,0.08378944510909805,0.07033593870587833,0.08143315400359631,0.0691007594202031,0.12821521038128897,high,0.003398365832526709,0.404981008308103
2016-11-07,0.0714994863847001,0.0174829352015202,0.05485744954455842,0.05564378816009412,0.08134967748175008,0.07033593870587833,0.08143315400359631,0.0691007594202031,0.12821521038128897,medium,0.026828006259082163,0.384276751065407
2016-11-08,0.1683023704342657,0.3501402919865975,0.07027118520187527,0.10184667280504225,0.11651865631369623,0.11715441244705926,0.07347477976973943,0.11835847501668549,0.09647961217710505,high,1e-08,0.31095943162444517
2016-11-09,0.0396132851258972,0.0714994863847001,0.07104682164850154,0.10184667280504225,0.11431855503896496,0.11715441244705926,0.07347477976973943,0.11835847501668549,0.09647961217710505,low,1e-08,0.2326099634572329
2016-11-10,0.03659137696109108,0.1683023704342657,0.07493906377422724,0.1055814532762643,0.11825459559041508,0.10826050729646931,0.0672105958030749,0.10988358486659293,0.07806213811232408,low,1e-08,0.2427313816014108
2016-11-11,0.01247262819255581,0.0396132851258972,0.06762659950820947,0.1055814532762643,0.11506195356009473,0.10826050729646931,0.0672105958030749,0.10988358486659293,0.07806213811232408,low,1e-08,0.23915657707711738
2016-11-14,0.12386612815656185,0.03659137696109108,0.06834280947771793,0.10137159292852599,0.1119161905164574,0.09087844364098974,0.06446532949582699,0.09247664385491088,0.10644215534647067,high,1e-08,0.24740659078970675
2016-11-15,0.029817562227261108,0.01247262819255581,0.06654607465210366,0.10137159292852599,0.10854977505722808,0.09087844364098974,0.06446532949582699,0.09247664385491088,0.10644215534647067,low,0.01654785948003993,0.2688300334266382
2016-11-16,0.08160566226329508,0.12386612815656185,0.07180376620133634,0.07472963539319644,0.10952917194677496,0.08535839597961191,0.06113326524897078,0.08657943452813091,0.09311573079349987,medium,1e-08,0.2297745715784708
2016-11-17,0.035522539035874975,0.029817562227261108,0.07065364648425006,0.07472963539319644,0.10644334811502322,0.08535839597961191,0.06113326524897078,0.08657943452813091,0.09311573079349987,low,1e-08,0.245665973362287
2016-11-18,0.11988250314422974,0.08160566226329508,0.0698440182100115,0.0649784333334585,0.10511871490493838,0.07812840771664842,0.05990720886251797,0.07874817901162944,0.08009618939186651,medium,1e-08,0.2259527469935323
2016-11-21,0.031006407905015364,0.035522539035874975,0.06953443996136809,0.0649784333334585,0.10228713808022534,0.07812840771664842,0.05990720886251797,0.07874817901162944,0.08009618939186651,low,1e-08,0.24353210049502427
2016-11-22,0.008632066172877045,0.11988250314422974,0.07363676367489658,0.07259179358293055,0.10342730767670634,0.07788337731173549,0.05960289443335959,0.07812535428002033,0.058469944039714464,low,1e-08,0.20061395026795342
2016-11-23,0.058982499004625995,0.031006407905015364,0.07470884089274353,0.07259179358293055,0.10056370784098648,0.07788337731173549,0.05960289443335959,0.07812535428002033,0.058469944039714464,medium,1e-08,0.22741528747189763
2016-11-25,0.074528193983374,0.008632066172877045,0.07203247119639428,0.06495192875913416,0.09752305639503112,0.07015177900786143,0.05797005661303065,0.06975145163466488,0.049435395148309164,medium,1e-08,0.2062715064189509
2016-11-28,0.030957444151217022,0.058982499004625995,0.07229576367969381,0.06495192875913416,0.09564955749108596,0.07015177900786143,0.05797005661303065,0.06975145163466488,0.049435395148309164,low,1e-08,0.1856100438689826
2016-11-29,0.038088139126082776,0.074528193983374,0.07423467389596433,0.06658076412663456,0.09451547322661792,0.06966396944355716,0.06425357706736261,0.06886031482944889,0.058092026441498655,low,1e-08,0.2345861490819593
2016-11-30,0.05833952087424726,0.030957444151217022,0.07371750059916962,0.06658076412663456,0.09194936649808405,0.06966396944355716,0.06425357706736261,0.06886031482944889,0.058092026441498655,medium,1e-08,0.23241522073046514
2016-12-01,0.007946876169720458,0.038088139126082776,0.07331633130756211,0.05814099263949693,0.08963507806634807,0.06611406317823285,0.06300011399166389,0.06471226847309001,0.06417586058148314,low,1e-08,0.27804342801914256
2016-12-02,0.09538673843812633,0.05833952087424726,0.07593420869411537,0.05814099263949693,0.08807150713206228,0.06611406317823285,0.06300011399166389,0.06471226847309001,0.06417586058148314,medium,1e-08,0.2349057710352793
2016-12-05,0.05028294308865294,0.007946876169720458,0.07106762093388722,0.055177994523598846,0.08541067917335358,0.06422035852559511,0.06373032235973969,0.062208347496773606,0.046057327801523176,medium,1e-08,0.1990373083373217
2016-12-06,0.20765183431009843,0.09538673843812633,0.07106029932774365,0.055177994523598846,0.08604186691392822,0.06422035852559511,0.06373032235973969,0.062208347496773606,0.046057327801523176,high,1e-08,0.20225386562996245
2016-12-07,0.038872161925884156,0.05028294308865294,0.0700430726376268,0.060114421359628446,0.08432504463237177,0.06705296622717573,0.06048111412065025,0.06524075835226527,0.05067523830538159,low,1e-08,0.19020770633928336
2016-12-08,0.09588951522292367,0.20765183431009843,0.07868711350619853,0.060114421359628446,0.09628721317317954,0.06705296622717573,0.06048111412065025,0.06524075835226527,0.05067523830538159,medium,1e-08,0.2173318533522256
2016-12-09,0.018226258338454576,0.038872161925884156,0.06453856213980247,0.06973969503515405,0.09383824632731266,0.08138447071854259,0.05888952287754101,0.08101699465982157,0.06059165189241047,low,1e-08,0.20837241124995692
2016-12-12,0.10594956340707921,0.09588951522292367,0.06564719981426718,0.06973969503515405,0.0939625852833963,0.08138447071854259,0.05888952287754101,0.08101699465982157,0.06059165189241047,medium,1e-08,0.2300964385331052
2016-12-13,0.13103323261197095,0.018226258338454576,0.058825558355366674,0.06711386677500575,0.09120943578781941,0.07553012467351393,0.05811230776242961,0.07504155222492673,0.06289776097665051,high,1e-08,0.23183846259865293
2016-12-14,0.06535351712961897,0.10594956340707921,0.06184084373178404,0.06711386677500575,0.0921603499629719,0.07553012467351393,0.05811230776242961,0.07504155222492673,0.06289776097665051,medium,1e-08,0.2927989879331809
2016-12-15,0.03104283813569343,0.13103323261197095,0.06613365535227858,0.06608835566548506,0.09494261836448467,0.0817016309155627,0.07873845442042833,0.08154366497713689,0.07688766181008395,low,1e-08,0.20204523818697478
2016-12-16,0.03457195261244846,0.06535351712961897,0.06853733212214509,0.06608835566548506,0.093431898552168,0.0817016309155627,0.07873845442042833,0.08154366497713689,0.07688766181008395,low,1e-08,0.24625422348209142
2016-12-19,0.06122872235073083,0.03104283813569343,0.06431809166665106,0.06038376854413692,0.09090416907386585,0.07403960636441718,0.07132211032279809,0.07370944235193262,0.0778989359873483,medium,1e-08,0.24683886492082774
2016-12-20,0.044172554834894524,0.03457195261244846,0.06453420032052322,0.06038376854413692,0.08854076503032733,0.07403960636441718,0.07132211032279809,0.07370944235193262,0.0778989359873483,low,1e-08,0.25430095267194713
2016-12-21,0.027419264685811486,0.06122872235073083,0.06360797577904304,0.05775725701221462,0.0871437687632826,0.06976458435013097,0.06531451810061331,0.06890749005478418,0.06651668670079414,low,1e-08,0.2227578065223476
2016-12-22,0.02324555988585885,0.044172554834894524,0.0640011583153621,0.05775725701221462,0.08517902983863379,0.06976458435013097,0.06531451810061331,0.06890749005478418,0.06651668670079414,low,1e-08,0.18655513737969545
2016-12-23,0.039380367046779705,0.027419264685811486,0.05979828383997945,0.042994836542519746,0.08285679248770404,0.06597530694259718,0.06467262936227859,0.06450676973918698,0.061127543648919445,low,1e-08,0.2264298635769593
2016-12-27,0.1311926915694744,0.02324555988585885,0.059445518020926874,0.042994836542519746,0.08053418243785583,0.06597530694259718,0.06467262936227859,0.06450676973918698,0.061127543648919445,high,1e-08,0.21995860557084024
2016-12-28,0.003534443354909766,0.039380367046779705,0.06084316806064973,0.043399826106945254,0.07867437999121543,0.06360757457190157,0.061122787427325916,0.06156367328411916,0.07538998295479954,low,1e-08,0.23194900746903568
2016-12-29,0.0580230486729557,0.1311926915694744,0.06412544954087011,0.043399826106945254,0.08277058609347057,0.06360757457190157,0.061122787427325916,0.06156367328411916,0.07538998295479954,medium,1e-08,0.25881915905390007
2016-12-30,0.12144079993333919,0.003534443354909766,0.06089846087593991,0.05204207357184772,0.08025373053205048,0.06891479776590728,0.07519866740972281,0.06730408881185915,0.08393550007864166,medium,1e-08,0.25999167434712284
2017-01-03,0.09444130978117254,0.0580230486729557,0.06212871562692803,0.05204207357184772,0.07909628334561974,0.06891479776590728,0.07519866740972281,0.06730408881185915,0.08393550007864166,medium,1e-08,0.2417023270509414
2017-01-04,0.012616183220987762,0.12144079993333919,0.06591747293634878,0.06507122777879884,0.08225400166588911,0.07410973765665088,0.07097321295272305,0.07288310715268584,0.061077931492546984,low,1e-08,0.2602115629341811
2017-01-05,0.05679877267736632,0.09444130978117254,0.06755846334120902,0.06507122777879884,0.08303569836064467,0.07410973765665088,0.07097321295272305,0.07288310715268584,0.061077931492546984,medium,1e-08,0.27308225158000404
2017-01-06,0.05239801029363647,0.012616183220987762,0.06777070457081208,0.0582895793519201,0.08056538744926074,0.07081704293412619,0.06537298044486821,0.0697464601911121,0.06573420671967724,medium,1e-08,0.26828545130196035
2017-01-09,0.0,0.05679877267736632,0.06601670612714118,0.0582895793519201,0.07934041082713045,0.07081704293412619,0.06537298044486821,0.0697464601911121,0.06573420671967724,low,1e-08,0.23792137295393329
2017-01-10,0.044863274491952834,0.05239801029363647,0.06611284554554953,0.06022804389337926,0.07798679267522604,0.0681948551893762,0.06516761561653424,0.06685695813534002,0.08022938585612231,low,1e-08,0.2856039378033212
2017-01-11,0.03984720580356157,0.0,0.05667412580418141,0.06022804389337926,0.07561100079923931,0.0681948551893762,0.06516761561653424,0.06685695813534002,0.08022938585612231,low,1e-08,0.232966085507181
2017-01-12,0.03644007716810738,0.044863274491952834,0.05694644910263908,0.04132290798519803,0.07412668102133828,0.0647739196592919,0.06143836538803268,0.06293556779787444,0.08185686963711092,low,1e-08,0.22185185476704233
2017-01-13,0.055931836116890996,0.03984720580356157,0.05439907140175899,0.04132290798519803,0.0725282492378381,0.0647739196592919,0.06143836538803268,0.06293556779787444,0.08185686963711092,medium,1e-08,0.26404851037831745
2017-01-17,0.03507898604150703,0.03644007716810738,0.05522697225765228,0.0400819627937966,0.07088299425600375,0.06311028253148326,0.06074086742792327,0.0609079543100193,0.08060671513347706,low,1e-08,0.235996573610487
2017-01-18,0.05880334997504908,0.055931836116890996,0.052953439199007364,0.0400819627937966,0.07007593852171562,0.06311028253148326,0.06074086742792327,0.0609079543100193,0.08060671513347706,medium,1e-08,0.29583881793357736
2017-01-19,0.058320316030151045,0.03507898604150703,0.04859188253671356,0.038383420253347865,0.06848234112396659,0.06279403679839884,0.061877709059526026,0.06035462302368239,0.07735447375557337,medium,1e-08,0.2970557483671846
2017-01-20,0.04130620465270988,0.05880334997504908,0.048294147666051286,0.038383420253347865,0.06794049765175003,0.06279403679839884,0.061877709059526026,0.06035462302368239,0.07735447375557337,low,1e-08,0.24830671528533432
2017-01-23,0.10178260841244291,0.058320316030151045,0.049534033024890275,0.041781221276119065,0.06740201854253926,0.06408136199821426,0.06281448206965883,0.06172821101537348,0.07600438065623644,medium,1e-08,0.23496355600707783
2017-01-24,0.13740539360889492,0.04130620465270988,0.0498401353903567,0.041781221276119065,0.06612731908947293,0.06408136199821426,0.06281448206965883,0.06172821101537348,0.07600438065623644,high,1e-08,0.24545300249544222
2017-01-25,0.016597190173208487,0.10178260841244291,0.05168349384770725,0.0489254131981821,0.06878978814241075,0.0683365500496488,0.06164437429671925,0.06636449513387836,0.067068993641092,low,1e-08,0.25121554522712286
2017-01-26,0.024915113136871475,0.13740539360889492,0.05592135015561636,0.0489254131981821,0.07470560479031015,0.0683365500496488,0.06164437429671925,0.06636449513387836,0.067068993641092,low,1e-08,0.27846885716720426
2017-01-27,0.09845091636913691,0.016597190173208487,0.05542943767777076,0.056431963346514936,0.07254377814230238,0.07190813697139087,0.05957055027439891,0.07056376111565289,0.06819208648760153,medium,1e-08,0.27651202610938197
2017-01-30,0.001400617096526107,0.024915113136871475,0.05550532646190771,0.056431963346514936,0.07059808449304697,0.07190813697139087,0.05957055027439891,0.07056376111565289,0.06819208648760153,low,1e-08,0.2326485939094985
2017-01-31,0.006281138246328347,0.09845091636913691,0.058190351431105757,0.061711402302214884,0.07257133826847569,0.07152035677779324,0.07079315297230974,0.07027911310422257,0.07931912580758563,low,1e-08,0.2437877160318531
2017-02-01,0.010457027886151405,0.001400617096526107,0.052290711682335386,0.061711402302214884,0.07036135937777167,0.07152035677779324,0.07079315297230974,0.07027911310422257,0.07931912580758563,low,1e-08,0.24141203540908335
2017-02-02,0.10942350273222679,0.006281138246328347,0.052415561450127136,0.041122078549397784,0.06823521672669348,0.06512863554249478,0.06479079674662339,0.06338321115248782,0.0841593115127567,medium,1e-08,0.2567739996363074
2017-02-03,0.028379683418033447,0.010457027886151405,0.05025346959618149,0.041122078549397784,0.06620606527779162,0.06512863554249478,0.06479079674662339,0.06338321115248782,0.0841593115127567,low,1e-08,0.29664043698102854
2017-02-06,0.0006985383321806278,0.10942350273222679,0.049707228814312734,0.05037477287626465,0.06956046773710302,0.06902101767954025,0.06096635406566712,0.06737930350900725,0.07102698883037473,low,1e-08,0.22079771097624354
2017-02-07,0.02080082091412561,0.028379683418033447,0.04670442761598823,0.05037477287626465,0.06779869864053989,0.06902101767954025,0.06096635406566712,0.06737930350900725,0.07102698883037473,low,1e-08,0.21704995684875836
2017-02-08,0.09417512499779437,0.0006985383321806278,0.046162716484678824,0.040645409027093266,0.06573349984945114,0.06381488309135896,0.05934177951369898,0.061836678691801004,0.060311876083996706,medium,1e-08,0.18334250118080087
2017-02-09,0.06264552863824115,0.02080082091412561,0.04452644594998606,0.040645409027093266,0.0639343403137345,0.06381488309135896,0.05934177951369898,0.061836678691801004,0.060311876083996706,medium,1e-08,0.20159444530560316
2017-02-10,0.08639751505190632,0.09417512499779437,0.04642540570926596,0.049519837912298546,0.0661398603655336,0.0665584449151309,0.05758025415738045,0.06459959050128618,0.06149073313662626,medium,1e-08,0.2231590829378051
2017-02-13,0.06342348678167105,0.06264552863824115,0.049272929738276926,0.049519837912298546,0.0659354229297411,0.0665584449151309,0.05758025415738045,0.06459959050128618,0.06149073313662626,medium,1e-08,0.2700171047601583
2017-02-14,0.08287717817164143,0.08639751505190632,0.05116084976372936,0.04979645950701062,0.06733871868054114,0.06863918164274904,0.05652299010100598,0.06687450426243607,0.05826459431111472,medium,1e-08,0.21760444690395153
2017-02-15,0.013521380429871903,0.06342348678167105,0.05223249889909797,0.04979645950701062,0.06711024640140674,0.06863918164274904,0.05652299010100598,0.06687450426243607,0.05826459431111472,low,1e-08,0.22069230443063437
2017-02-16,0.025023089081970804,0.08287717817164143,0.05434327621744042,0.056210996955675434,0.06815919352101896,0.06937319699518048,0.05584413426397459,0.06782372145370093,0.060368158942121136,low,1e-08,0.25937158091481943
2017-02-17,0.09453829994353509,0.013521380429871903,0.052415528231666834,0.056210996955675434,0.0661657372472591,0.06937319699518048,0.05584413426397459,0.06782372145370093,0.060368158942121136,medium,1e-08,0.24215816198246434
2017-02-21,0.01409833583566072,0.025023089081970804,0.05195844200623336,0.04776155547994583,0.06444222061333069,0.06407704671512492,0.055475482627120286,0.06209528746200351,0.05462490909823691,low,1e-08,0.26228905879863734
2017-02-22,0.01075057199801871,0.09453829994353509,0.05358275791389182,0.04776155547994583,0.06663243368732213,0.06407704671512492,0.055475482627120286,0.06209528746200351,0.05462490909823691,low,1e-08,0.22726181601956674
2017-02-23,0.02014457067995941,0.01409833583566072,0.051572667905051356,0.04632516250830156,0.06469477668521442,0.06498957148045117,0.05547081291315334,0.06311109139848155,0.06232849052548526,low,1e-08,0.23126919214748767
2017-02-24,0.024806016496566784,0.01075057199801871,0.05018377551165631,0.04632516250830156,0.06277916669107557,0.06498957148045117,0.05547081291315334,0.06311109139848155,0.06232849052548526,low,1e-08,0.23818505631962086
2017-02-27,0.04284939422274742,0.02014457067995941,0.046472955614725225,0.040215617690436266,0.06106634562402677,0.06132240334013579,0.05496774253055707,0.05890451723130144,0.0588275142201287,low,1e-08,0.2802861220690582
2017-02-28,0.22220643758425057,0.024806016496566784,0.04135480210961941,0.040215617690436266,0.0595169972450424,0.06132240334013579,0.05496774253055707,0.05890451723130144,0.0588275142201287,high,1e-08,0.20350410207375286
2017-03-01,0.09996571391996119,0.04284939422274742,0.04254808411187117,0.03088119790061954,0.05865066767324807,0.060393134572582476,0.05726069165957762,0.05761418568586076,0.05194145565162339,medium,1e-08,0.2109740972311346
2017-03-02,0.009988448990015851,0.22220643758425057,0.05151587158675204,0.03088119790061954,0.0787149847464873,0.060393134572582476,0.05726069165957762,0.05761418568586076,0.05194145565162339,low,1e-08,0.2073994233161932
2017-03-03,0.04727144359967652,0.09996571391996119,0.05158472602088042,0.07126692418484129,0.08014907692414801,0.08516415461103234,0.06966243708339108,0.08486440936869157,0.06559369592058265,medium,1e-08,0.23221401554496604
2017-03-06,0.04741499040828614,0.009988448990015851,0.051975082016039044,0.07126692418484129,0.07774592083626629,0.08516415461103234,0.06966243708339108,0.08486440936869157,0.06559369592058265,medium,1e-08,0.2502749100295083
2017-03-07,0.02947011577012237,0.04727144359967652,0.0538382777139185,0.07040779715758914,0.0762616409283074,0.07450008172682568,0.06675707745720807,0.07397809602221818,0.07677566458957683,low,1e-08,0.28454699087426416
2017-03-08,0.02012960786544203,0.04741499040828614,0.055518185101288274,0.07040779715758914,0.074845029784071,0.07450008172682568,0.06675707745720807,0.07397809602221818,0.07677566458957683,low,1e-08,0.21597998262890605
2017-03-09,0.05563011025578937,0.02947011577012237,0.05188394023937443,0.04748632840146517,0.07292311730710661,0.06816628924163039,0.06543573893535909,0.0671158705718577,0.07570291129003702,medium,1e-08,0.23862668385416202
2017-03-10,0.008013327428471027,0.02012960786544203,0.05150893680516573,0.04748632840146517,0.07087331121295136,0.06816628924163039,0.06543573893535909,0.0671158705718577,0.07570291129003702,low,1e-08,0.2896964440201383
2017-03-13,0.06074503667392997,0.05563011025578937,0.05400582643805704,0.043499147691363114,0.07005231771879403,0.0650614094915512,0.061334120547471074,0.06348892683669598,0.07091442903370598,medium,1e-08,0.29418803825095124
2017-03-14,0.1373689191751656,0.008013327428471027,0.053424576734163655,0.043499147691363114,0.06794659954476695,0.0650614094915512,0.061334120547471074,0.06348892683669598,0.07091442903370598,high,1e-08,0.3012079321367751
2017-03-15,0.031227961861040446,0.06074503667392997,0.05190502726489709,0.042278731128729805,0.0675361646464036,0.0634374099607757,0.06349483071723867,0.061426573416802514,0.062321707254440584,low,1e-08,0.2765001630459052
2017-03-16,0.027875513441107815,0.1373689191751656,0.055301545016575464,0.042278731128729805,0.07361846725080984,0.0634374099607757,0.06349483071723867,0.061426573416802514,0.062321707254440584,low,1e-08,0.22651442710528874
2017-03-17,0.017409975034346183,0.031227961861040446,0.05279383805335429,0.054549179241816965,0.07178446303523292,0.06955810956337542,0.0613618922234644,0.06817878729757014,0.06790180048550422,low,1e-08,0.23267883220143448
2017-03-20,0.20382349147017043,0.027875513441107815,0.05117802108332869,0.054549179241816965,0.06993176131227956,0.06955810956337542,0.0613618922234644,0.06817878729757014,0.06790180048550422,high,1e-08,0.24386558032793618
2017-03-21,0.03735406100884298,0.017409975034346183,0.04820223912254254,0.051891376285003905,0.06793534131558607,0.06405650194995706,0.05983772462222057,0.062192178057562664,0.10612902154409601,low,1e-08,0.3185648017082254
2017-03-22,0.01693470658505988,0.20382349147017043,0.056852335078919757,0.051891376285003905,0.08264949427667845,0.06405650194995706,0.05983772462222057,0.062192178057562664,0.10612902154409601,low,1e-08,0.2556722671062074
2017-03-23,0.01153262496243629,0.03735406100884298,0.05741283380286848,0.06645433086226138,0.08065235348314644,0.07936279245691345,0.09214019449794361,0.07891421666896985,0.10460109715281923,low,1e-08,0.30582766825581287
2017-03-24,0.0162914331003878,0.01693470658505988,0.053885397741119605,0.06645433086226138,0.07830530666727194,0.07936279245691345,0.09214019449794361,0.07891421666896985,0.10460109715281923,low,1e-08,0.2933636133630239
2017-03-27,0.11551311233086702,0.01153262496243629,0.053768774519609416,0.06412804697300242,0.0759723494136625,0.0696816143629306,0.07954861435861453,0.06881385822940993,0.11160129754566206,medium,0.022327679672992602,0.26400823637434084
2017-03-28,0.014837105831085384,0.0162914331003878,0.05402063184244437,0.06412804697300242,0.07376594505904194,0.0696816143629306,0.07954861435861453,0.06881385822940993,0.11160129754566206,low,0.010633318483451398,0.31754129466886044
2017-03-29,0.050551330978191596,0.11551311233086702,0.05835556555384926,0.054654908207804186,0.07691246010009163,0.07190904985688519,0.0709155967606388,0.07088098409195016,0.08960033699308846,medium,1e-08,0.2618915068605035
2017-03-30,0.03694936004945053,0.014837105831085384,0.05790243325087283,0.054654908207804186,0.07465790855693633,0.07190904985688519,0.0709155967606388,0.07088098409195016,0.08960033699308846,low,1e-08,0.31902199387106556
2017-03-31,0.027608113851358796,0.050551330978191596,0.05825252128521121,0.05335668753615524,0.0734350143685566,0.06663067741800813,0.06491836219788186,0.06523772746893149,0.08538843121471057,low,1e-08,0.2276504259889581
2017-04-03,0.010118097422497047,0.03694936004945053,0.04983174503362939,0.05335668753615524,0.07177084761708853,0.06663067741800813,0.06491836219788186,0.06523772746893149,0.08538843121471057,low,1e-08,0.22498569375120903
2017-04-04,0.04719166564656395,0.027608113851358796,0.046542763212329266,0.04737321610133834,0.06991225765658407,0.06289960933885123,0.06328045878548619,0.06091476270095423,0.08527826244438313,medium,1e-08,0.23724907136285353
2017-04-05,0.04462559432843165,0.010118097422497047,0.04654865632289661,0.04737321610133834,0.06782774430960556,0.06289960933885123,0.06328045878548619,0.06091476270095423,0.08527826244438313,low,1e-08,0.24882094352298384
2017-04-06,0.01618329316794985,0.04719166564656395,0.046545030052300575,0.03945277070137787,0.06676967816779784,0.06106089435330783,0.062750934898184,0.05854453525420649,0.09091799155855507,low,1e-08,0.217895332035861
2017-04-07,0.009451471610847499,0.04462559432843165,0.0464182393213981,0.03945277070137787,0.06565200033070864,0.06106089435330783,0.062750934898184,0.05854453525420649,0.09091799155855507,low,1e-08,0.2559878347774592
2017-04-10,0.018889321431613756,0.01618329316794985,0.04581429283948117,0.03655939160522899,0.06377529284325988,0.059556839587555525,0.059849846952193565,0.05662406464382841,0.08916018136433053,low,1e-08,0.24423647765681344
2017-04-11,0.06955449288485037,0.009451471610847499,0.045328923009726865,0.03655939160522899,0.06187576680369771,0.059556839587555525,0.059849846952193565,0.05662406464382841,0.08916018136433053,medium,1e-08,0.2846561513041301
2017-04-12,0.10311088180552502,0.018889321431613756,0.043658887154082525,0.03568495016136024,0.06016894775830515,0.057675091181010864,0.05808437699563149,0.05419392623899576,0.09157704443310266,medium,1e-08,0.2382441394805299
2017-04-13,0.14065507584460624,0.06955449288485037,0.046456212856645224,0.03568495016136024,0.06077296921090228,0.057675091181010864,0.05808437699563149,0.05419392623899576,0.09157704443310266,high,1e-08,0.22120943262001835
2017-04-17,0.047378304403831645,0.10311088180552502,0.04838193308989955,0.049292455379732786,0.06410665953167032,0.06606645935493077,0.07401721670662353,0.06355469323882379,0.08290712224835284,medium,1e-08,0.26350404261227245
2017-04-18,0.029184538755653303,0.14065507584460624,0.04853130384760138,0.049292455379732786,0.07106416108125138,0.06606645935493077,0.07401721670662353,0.06355469323882379,0.08290712224835284,low,1e-08,0.22642167024939147
2017-04-19,0.12920299993943024,0.047378304403831645,0.049265410326819165,0.05893269819089929,0.06986980974971987,0.07169948030490225,0.06946501508989096,0.07028517262820633,0.0854724091424782,high,1e-08,0.24791355440660484
2017-04-20,0.05058834230334305,0.029184538755653303,0.049324911477480325,0.05893269819089929,0.06811745102201887,0.07169948030490225,0.06946501508989096,0.07028517262820633,0.0854724091424782,medium,1e-08,0.30557295083325225
2017-04-21,0.17458405433608576,0.12920299993943024,0.05440641260952961,0.06845247094245491,0.0732338229052247,0.07490944418780014,0.06461269931594377,0.0739484388073537,0.08339468643731665,high,1e-08,0.2429981959992173
2017-04-24,0.09236574294526287,0.05058834230334305,0.04744117855649199,0.06845247094245491,0.07207601591996467,0.07490944418780014,0.06461269931594377,0.0739484388073537,0.08339468643731665,medium,1e-08,0.22187390895635972
2017-04-25,0.00998035260671778,0.17458405433608576,0.053678905525912125,0.06994203243229008,0.08192698254144859,0.0843394960499936,0.06329433453259027,0.08416926172966278,0.05548067250940372,low,1e-08,0.22845610979956904
2017-04-26,0.013317851765034019,0.09236574294526287,0.05710758899683044,0.06994203243229008,0.08259052287300181,0.0843394960499936,0.06329433453259027,0.08416926172966278,0.05548067250940372,low,1e-08,0.2202575737880935
2017-04-27,0.0345990282976073,0.00998035260671778,0.0570370311624796,0.06698060814180044,0.08011179218204365,0.0758206096578027,0.059933422621399245,0.07574515799227012,0.057196120696711004,low,1e-08,0.20326964313741056
2017-04-28,0.04000374180137321,0.013317851765034019,0.056901868374508974,0.06698060814180044,0.07773974017425024,0.0758206096578027,0.059933422621399245,0.07574515799227012,0.057196120696711004,low,1e-08,0.2880775898224765
2017-05-01,0.005991037049552308,0.0345990282976073,0.05322395546390626,0.05972713267407138,0.0758464549980199,0.06777900761310407,0.05921256240634205,0.06718435373629571,0.05884582749635414,low,1e-08,0.23317314528480335
2017-05-02,0.01928365098882614,0.04000374180137321,0.0543678934625557,0.05972713267407138,0.07418585857902646,0.06777900761310407,0.05921256240634205,0.06718435373629571,0.05884582749635414,low,1e-08,0.21993118173136617
2017-05-03,0.018641786484806362,0.005991037049552308,0.05234242555670847,0.03470977958843468,0.07194082754470246,0.06285987648486349,0.057070171454537306,0.061521466890821754,0.05817166734266571,low,1e-08,0.3059386558723007
2017-05-04,0.06249811773981455,0.01928365098882614,0.051539438781225536,0.03470977958843468,0.06990897838958281,0.06285987648486349,0.057070171454537306,0.061521466890821754,0.05817166734266571,medium,1e-08,0.2674808323521506
2017-05-05,0.0026465606621781444,0.018641786484806362,0.05113187844638225,0.03563229382651575,0.06793291040510006,0.059491171821158796,0.0560633847845749,0.057358503889697786,0.05554129591407213,low,1e-08,0.26365878461339964
2017-05-08,0.014571914819696004,0.06249811773981455,0.05351278846080576,0.03563229382651575,0.06761914211524792,0.059491171821158796,0.0560633847845749,0.057358503889697786,0.05554129591407213,low,1e-08,0.30318008211783043
2017-05-09,0.028509123111894463,0.0026465606621781444,0.0514880109615155,0.03646715157971514,0.06556239573549981,0.05915608324584748,0.055003576762404735,0.05663904407062097,0.05115295170398895,low,1e-08,0.24110528460906247
2017-05-10,0.03243610497089873,0.014571914819696004,0.050121934620209335,0.03646715157971514,0.06366523786647102,0.05915608324584748,0.055003576762404735,0.05663904407062097,0.05115295170398895,low,1e-08,0.198010406675616
2017-05-11,0.026521997693210165,0.028509123111894463,0.050682199617661364,0.03800369351143515,0.06211950553469678,0.05746537986395983,0.054389958428008235,0.05445399702035405,0.051427414523180844,low,1e-08,0.207208016037907
2017-05-12,0.08768262266618626,0.03243610497089873,0.05172695567948187,0.03800369351143515,0.060748901587960424,0.05746537986395983,0.054389958428008235,0.05445399702035405,0.051427414523180844,medium,1e-08,0.20217001626848488
2017-05-15,0.01452962001284209,0.026521997693210165,0.052073895509554435,0.03478571180483248,0.05925544939660315,0.056764660388625564,0.05599310385674668,0.053380230391300576,0.04492736919794012,low,1e-08,0.25304531686860415
2017-05-16,0.281683039068781,0.08768262266618626,0.05289790140870607,0.03478571180483248,0.06133376170804332,0.056764660388625564,0.05599310385674668,0.053380230391300576,0.04492736919794012,high,1e-08,0.2039687292808039
2017-05-17,0.0639536696753659,0.01452962001284209,0.04887148041812957,0.041674453454613146,0.059571697115379824,0.059600846118893186,0.05506661559863262,0.05660340787764854,0.10684128195385321,medium,1e-08,0.2902640662202976
2017-05-18,0.10324727202179411,0.281683039068781,0.05528184238286479,0.041674453454613146,0.0899809976679278,0.059600846118893186,0.05506661559863262,0.05660340787764854,0.10684128195385321,medium,1e-08,0.28065334217434323
2017-05-19,0.08060073883384385,0.0639536696753659,0.05603526807702544,0.08373273655554554,0.08863514797603397,0.09245435393819174,0.11332750477049701,0.09332219177838037,0.08868429683357096,medium,1e-08,0.260153164571271
2017-05-22,0.03512973167679657,0.10324727202179411,0.059401755952759115,0.08373273655554554,0.08957911609368543,0.09245435393819174,0.11332750477049701,0.09332219177838037,0.08868429683357096,low,1e-08,0.252770132977127
2017-05-23,0.037032734157349985,0.08060073883384385,0.057192562266141556,0.08658611890059421,0.0890659402002365,0.08456228197728813,0.09417537259440562,0.08574380854698636,0.0778534168244966,low,1e-08,0.21259638045759693
2017-05-24,0.07586904942802074,0.03512973167679657,0.05648989814675307,0.08658611890059421,0.08678031507426096,0.08456228197728813,0.09417537259440562,0.08574380854698636,0.0778534168244966,medium,1e-08,0.2341198131222213
2017-05-25,0.003280301508365127,0.037032734157349985,0.05023756541135598,0.0545752773634503,0.08462422291090689,0.07350145086671185,0.08053911669159831,0.07411825948954062,0.06762818532688163,low,1e-08,0.27653092535933993
2017-05-26,0.013791901802217699,0.07586904942802074,0.04948771570602681,0.0545752773634503,0.08412461183711373,0.07350145086671185,0.08053911669159831,0.07411825948954062,0.06762818532688163,low,1e-08,0.22279732269053829
2017-05-30,0.003944300407085083,0.003280301508365127,0.04918316792882895,0.04784924536222368,0.08156579503946185,0.06805705495967318,0.07114581511834095,0.06774095517618318,0.06785859497275139,low,1e-08,0.2323683175178107
2017-05-31,0.126237412066468,0.013791901802217699,0.04920471565779184,0.04784924536222368,0.07915309961406218,0.06805705495967318,0.07114581511834095,0.06774095517618318,0.06785859497275139,high,1e-08,0.27986291506020844
2017-06-01,0.05283993796893932,0.003944300407085083,0.04781131893549539,0.041553154721078935,0.07674785885055628,0.06218461333547489,0.06495372714280592,0.06064477926731708,0.06538749072812282,medium,1e-08,0.2269819972366981
2017-06-02,0.011702363144889075,0.126237412066468,0.05173103122027242,0.041553154721078935,0.0805789852267362,0.06218461333547489,0.06495372714280592,0.06064477926731708,0.06538749072812282,low,1e-08,0.18505927405036743
2017-06-05,0.0507503218174162,0.05283993796893932,0.05386052671660819,0.05366468363063385,0.0791891282388815,0.0682434412375908,0.06095502833226389,0.06718595812449668,0.06408197122553716,medium,1e-08,0.20017929509057922
2017-06-06,0.029371964353800354,0.011702363144889075,0.05351592272370196,0.05366468363063385,0.07683020023109707,0.0682434412375908,0.06095502833226389,0.06718595812449668,0.06408197122553716,low,1e-08,0.23823786363141886
2017-06-07,0.007818669818911515,0.0507503218174162,0.05497540160245695,0.05517240274676553,0.07551981592517104,0.06404755468561822,0.06197054623667555,0.06233986655691719,0.0606469959999993,low,1e-08,0.22088008825633412
2017-06-08,0.02410104480816994,0.029371964353800354,0.05346966735763813,0.05517240274676553,0.07357180695707746,0.06404755468561822,0.06197054623667555,0.06233986655691719,0.0606469959999993,low,1e-08,0.2215055266520622
2017-06-09,0.003255770929480957,0.007818669818911515,0.05370476322839874,0.04205426088102373,0.07135621926684409,0.060189702123333536,0.05876334305215474,0.05768433528157676,0.0681731196768217,low,1e-08,0.2997474759223699
2017-06-12,0.07762537439773781,0.02410104480816994,0.054137905500602095,0.04205426088102373,0.06943384655933431,0.060189702123333536,0.05876334305215474,0.05768433528157676,0.0681731196768217,medium,1e-08,0.20743661241935613
2017-06-13,0.020122057667425728,0.003255770929480957,0.05299002585594694,0.03887790717496609,0.06732333553682843,0.0577708131632594,0.057417368449262846,0.05453574347573905,0.06417252532402112,low,1e-08,0.24000569353279347
2017-06-14,0.03054849532164525,0.07762537439773781,0.0550440835571669,0.03887790717496609,0.06798549508799256,0.0577708131632594,0.057417368449262846,0.05453574347573905,0.06417252532402112,low,1e-08,0.20532731454025138
2017-06-15,0.0034698312726969163,0.020122057667425728,0.05475317719235851,0.04344319339511739,0.0660984093765059,0.05965214512175042,0.05669443041487848,0.056635143734915315,0.06452503197224864,low,1e-08,0.2473399956415318
2017-06-16,0.13215358005516428,0.03054849532164525,0.05215617140397028,0.04344319339511739,0.06452017027847112,0.05965214512175042,0.05669443041487848,0.056635143734915315,0.06452503197224864,high,1e-08,0.242563362534274
2017-06-19,0.10705901073007923,0.0034698312726969163,0.05165345373396368,0.04222947189875837,0.0625603997281091,0.05753317940660124,0.056415086241210013,0.054054560959523865,0.058611312584605675,medium,1e-08,0.30228617460197416
2017-06-20,0.003917928401126526,0.13215358005516428,0.04485666014243565,0.04222947189875837,0.06875208739068328,0.05753317940660124,0.056415086241210013,0.054054560959523865,0.058611312584605675,low,1e-08,0.2727848038120113
2017-06-21,0.007187883859002499,0.10705901073007923,0.046815993826740815,0.05552374723979117,0.07163055532418951,0.07205860061808587,0.07034952818297888,0.07091038357106076,0.0726676492884136,low,1e-08,0.2468235416942953
2017-06-22,0.01895544200557181,0.003917928401126526,0.042301023662165003,0.05552374723979117,0.06945503062029453,0.07205860061808587,0.07034952818297888,0.07091038357106076,0.0726676492884136,low,1e-08,0.23021211021394955
2017-06-23,0.010449131958045284,0.007187883859002499,0.03896407570876313,0.04803084400794314,0.06736216402566293,0.06418684120040329,0.06406533206085935,0.062372652698001664,0.06850300758744865,low,1e-08,0.19056750072271905
2017-06-26,0.12789052995344943,0.01895544200557181,0.038228880723707455,0.04803084400794314,0.06547488068400502,0.06418684120040329,0.06406533206085935,0.062372652698001664,0.06850300758744865,high,1e-08,0.1896734491198236
2017-06-27,0.14208604792093302,0.010449131958045284,0.03702053516919361,0.0375648224498609,0.06353183030631346,0.05984582926656916,0.05988756283684472,0.05730041966013341,0.08583068827457185,high,1e-08,0.2690626876197906
2017-06-28,0.13952065373435354,0.12789052995344943,0.03938514792034946,0.0375648224498609,0.0691048125202033,0.05984582926656916,0.05988756283684472,0.05730041966013341,0.08583068827457185,high,1e-08,0.23559268832393085
2017-06-29,0.02960211650323213,0.14208604792093302,0.04569450003001163,0.06210713724101766,0.07550002190378942,0.07762733653003373,0.07331214845555586,0.07723585306108088,0.100276467129189,low,1e-08,0.274869626541588
2017-06-30,0.026914332096916738,0.13952065373435354,0.051409443299654176,0.06210713724101766,0.08078489263551697,0.07762733653003373,0.07331214845555586,0.07723585306108088,0.100276467129189,low,1e-08,0.3105499792083604
2017-07-03,0.03670111358445048,0.02960211650323213,0.05257570766766085,0.06618456236484983,0.07865878249459712,0.07620503437499761,0.08254556007265099,0.07638867566863644,0.08842958043667166,low,1e-08,0.25145842157215387
2017-07-05,0.14516161853963017,0.026914332096916738,0.04806102221449944,0.06618456236484983,0.07654694439397162,0.07620503437499761,0.08254556007265099,0.07638867566863644,0.08842958043667166,high,1e-08,0.24377709227546068
2017-07-06,0.10294599749355068,0.03670111358445048,0.047327439287931754,0.059003849565855464,0.07475752081624217,0.06763442851116928,0.07172236680505348,0.06709065782512694,0.10080647692008989,medium,1e-08,0.24094151732849692
2017-07-07,0.017048072712893634,0.14516161853963017,0.05339376907860182,0.059003849565855464,0.08073214622006612,0.06763442851116928,0.07172236680505348,0.06709065782512694,0.10080647692008989,low,1e-08,0.3365617685475809
2017-07-10,0.011788262359423433,0.10294599749355068,0.05576629979115338,0.0629609722989278,0.08223436855291574,0.07762209331156855,0.08281225097047279,0.07786141190465977,0.07245196857930854,low,1e-08,0.21918717379423094
2017-07-11,0.11929248542939237,0.017048072712893634,0.05520612289838489,0.0629609722989278,0.07983846251032403,0.07762209331156855,0.08281225097047279,0.07786141190465977,0.07245196857930854,medium,1e-08,0.1919542127063276
2017-07-12,0.02667513121972699,0.011788262359423433,0.055386558922953626,0.057009470812086425,0.07746009990968865,0.06735917972294894,0.07214243725326909,0.06689635912912982,0.06129549247634652,low,1e-08,0.21792138078323667
2017-07-13,0.07403735295042,0.11929248542939237,0.05971344258755463,0.057009470812086425,0.08058476827622649,0.06735917972294894,0.07214243725326909,0.06689635912912982,0.06129549247634652,medium,1e-08,0.23715205827048214
2017-07-14,0.0019403195118694162,0.02667513121972699,0.060777958964384,0.05576691842720218,0.07840257867558,0.06857559041969016,0.0650296107064906,0.06806062054838491,0.05399296088697308,low,1e-08,0.2555885086364871
2017-07-17,0.008405305114707483,0.07403735295042,0.060614867080415,0.05576691842720218,0.07814754161402637,0.06857559041969016,0.0650296107064906,0.06806062054838491,0.05399296088697308,low,1e-08,0.22372566094261698
2017-07-18,0.08594809966800779,0.0019403195118694162,0.059788424436980625,0.05114900029858407,0.07576834335714035,0.06455186012968413,0.06044069670755978,0.06343398046639934,0.056901476744990825,medium,1e-08,0.29066203638670046
2017-07-19,0.0070703113131799136,0.008405305114707483,0.058781915791210726,0.05114900029858407,0.07348898075919044,0.06455186012968413,0.06044069670755978,0.06343398046639934,0.056901476744990825,low,1e-08,0.22087351776931302
2017-07-20,0.014136577342635289,0.08594809966800779,0.06253092799099759,0.05254672624100768,0.07429547109774384,0.06492650751116658,0.057650757362344804,0.06346801198938107,0.057499928904577564,low,1e-08,0.27663515468988775
2017-07-21,0.003855386255238579,0.0070703113131799136,0.056845324866361936,0.05254672624100768,0.07205294832428069,0.06492650751116658,0.057650757362344804,0.06346801198938107,0.057499928904577564,low,1e-08,0.23082348535563102
2017-07-24,0.03858913230656796,0.014136577342635289,0.052621577894205386,0.040469263987453104,0.0699436937087686,0.05990164046765104,0.056162492867918766,0.05771519215504986,0.05497855674760599,low,1e-08,0.28240414966504623
2017-07-25,0.0006370422642939691,0.003855386255238579,0.052618735069392304,0.040469263987453104,0.06781950244906768,0.05990164046765104,0.056162492867918766,0.05771519215504986,0.05497855674760599,low,1e-08,0.22979900037265694
2017-07-26,0.01475474485485878,0.03858913230656796,0.054046064544281645,0.04330431821992672,0.06642938420325135,0.05809652899513284,0.05495163802922586,0.055306360022625976,0.04393229322094337,low,1e-08,0.27526331230889445
2017-07-27,0.018618867278986352,0.0006370422642939691,0.053213410010587193,0.04330431821992672,0.06440586657950174,0.05809652899513284,0.05495163802922586,0.055306360022625976,0.04393229322094337,low,1e-08,0.22798417965724135
2017-07-28,0.009002312121197674,0.01475474485485878,0.053409119687715084,0.03321636242859141,0.06254830821540341,0.056080648108423344,0.05459036362561089,0.05269967525145906,0.055074637073727666,low,1e-08,0.19112497294332353
2017-07-31,0.03538082196050924,0.018618867278986352,0.048442225929784935,0.03321636242859141,0.06081408670774977,0.056080648108423344,0.05459036362561089,0.05269967525145906,0.055074637073727666,low,1e-08,0.27749490457671566
2017-08-01,0.007701549647259721,0.009002312121197674,0.042392965211615154,0.029008177391716326,0.05900266477866481,0.055000773722786854,0.0543454258949085,0.05107685001394382,0.05519067697660046,low,1e-08,0.26656801888123755
2017-08-02,0.030793507028015466,0.03538082196050924,0.03765933649462223,0.029008177391716326,0.05785796174841072,0.055000773722786854,0.0543454258949085,0.05107685001394382,0.05519067697660046,low,1e-08,0.22071390368904212
2017-08-03,0.02892741379638059,0.007701549647259721,0.03666385618298713,0.02608097504046258,0.05612708744837805,0.05493962816767774,0.05366184936082767,0.05063130356735097,0.04753627286615619,low,1e-08,0.3117696838984214
2017-08-04,0.029511864496386053,0.030793507028015466,0.036840182316218884,0.02608097504046258,0.05493750406795589,0.05493962816767774,0.05366184936082767,0.05063130356735097,0.04753627286615619,low,1e-08,0.25266915298965864
2017-08-07,0.03906379970363571,0.02892741379638059,0.03648683232585207,0.029424516234151186,0.05373313045189617,0.055127763933235194,0.054313734290405084,0.05071558696188288,0.0446722896392444,low,1e-08,0.2859413616193429
2017-08-08,0.0006419514805158474,0.029511864496386053,0.031230025323886426,0.029424516234151186,0.05259535491309138,0.055127763933235194,0.054313734290405084,0.05071558696188288,0.0446722896392444,low,1e-08,0.22023905869804722
2017-08-09,0.22407261316995117,0.03906379970363571,0.028326289060708474,0.026922167520104595,0.051883079166190095,0.0551229043064836,0.055713578826430514,0.05049906666653504,0.0595539350251111,high,1e-08,0.2834104024234405
2017-08-10,0.023440938244797076,0.0006419514805158474,0.02758055627741857,0.026922167520104595,0.05030275733636715,0.0551229043064836,0.055713578826430514,0.05049906666653504,0.0595539350251111,low,1e-08,0.21886037172445993
2017-08-11,0.15736873140648805,0.22407261316995117,0.037229844950624376,0.07390321996813676,0.07342382113641041,0.08634798729775547,0.10604229827616538,0.08605880541898332,0.08204016159381529,high,1e-08,0.20964341056512995
2017-08-14,0.001933733937865883,0.023440938244797076,0.03287295644223368,0.07390321996813676,0.07141822396841772,0.08634798729775547,0.10604229827616538,0.08605880541898332,0.08204016159381529,low,1e-08,0.24409628846738388
2017-08-15,0.027690158375025656,0.15736873140648805,0.038813574632541,0.07853822185621952,0.07924912623735442,0.08610465057757723,0.08777705944091917,0.08705444671924992,0.06433973440562894,low,1e-08,0.24848628599165978
2017-08-16,0.24749528897230647,0.001933733937865883,0.03553613740469763,0.07853822185621952,0.07683633859338715,0.08610465057757723,0.08777705944091917,0.08705444671924992,0.06433973440562894,high,1e-08,0.2102490275292586
2017-08-17,0.02481948146191502,0.027690158375025656,0.036706584625750195,0.0697351871443135,0.07480373149102534,0.07230793710425355,0.0752810366346129,0.07269975369723992,0.1045014473128413,low,1e-08,0.33521068890097405
2017-08-18,0.012430318834584871,0.24749528897230647,0.047574311164731965,0.0697351871443135,0.09452564431989692,0.07230793710425355,0.0752810366346129,0.07269975369723992,0.1045014473128413,low,1e-08,0.34787566787157054
2017-08-21,0.16600312025364983,0.02481948146191502,0.04479573760990957,0.07918479748713927,0.09184743865589537,0.08924532827549868,0.1100839080291416,0.09179223673610219,0.10006411262468956,high,1e-08,0.2563449477261344
2017-08-22,0.056919689242937825,0.012430318834584871,0.045039374315427975,0.07918479748713927,0.08910143454495738,0.08924532827549868,0.1100839080291416,0.09179223673610219,0.10006411262468956,medium,1e-08,0.2744985955155395
2017-08-23,0.036997489691281034,0.16600312025364983,0.05194239899320136,0.0901212289863485,0.09547849944216776,0.08883786717340264,0.09088639337570255,0.09156679130659164,0.08931857383646358,low,1e-08,0.25241440847706575
2017-08-24,0.03708391831616711,0.056919689242937825,0.0543544127653695,0.0901212289863485,0.09361392143156434,0.08883786717340264,0.09088639337570255,0.09156679130659164,0.08931857383646358,low,1e-08,0.2454558688867255
2017-08-25,0.0006513122244341573,0.036997489691281034,0.05428206537376556,0.06318641937739503,0.09121338258860255,0.07584167825731798,0.08142992532542588,0.07776014816663059,0.0727421427646492,low,1e-08,0.2604066373646747
2017-08-28,0.01817120651983067,0.03708391831616711,0.0559387415579416,0.06318641937739503,0.08889995114352034,0.07584167825731798,0.08142992532542588,0.07776014816663059,0.0727421427646492,low,1e-08,0.22820011042921903
2017-08-29,0.0752050191528801,0.0006513122244341573,0.05529767643837686,0.061444134173102447,0.0861918481468979,0.06649443999133077,0.07109518282572722,0.06697016267251157,0.07004343384293427,medium,1e-08,0.21618350122973035
2017-08-30,0.09550628969435217,0.01817120651983067,0.0552773282220516,0.061444134173102447,0.08368455156444594,0.06649443999133077,0.07109518282572722,0.06697016267251157,0.07004343384293427,medium,1e-08,0.23127906209147142
2017-08-31,0.022445175448136238,0.0752050191528801,0.05828654217803715,0.05111406393421618,0.0832001539340942,0.06459993965378238,0.06435951931523812,0.0639276266172966,0.0521077953393877,low,1e-08,0.2136651447700789
2017-09-01,0.11401008267409252,0.09550628969435217,0.06101951798412093,0.05111406393421618,0.08398938480575056,0.06459993965378238,0.06435951931523812,0.0639276266172966,0.0521077953393877,medium,1e-08,0.2299465174270675
2017-09-05,0.05419369387284187,0.022445175448136238,0.06168968279325168,0.05414764814487485,0.08161611917078265,0.06421902828239343,0.05994210809162874,0.06311201783422404,0.07194736100345314,medium,1e-08,0.22171808314932195
2017-09-06,0.0019320404458205136,0.11401008267409252,0.0654722544135279,0.05414764814487485,0.08391315386201759,0.06421902828239343,0.05994210809162874,0.06311201783422404,0.07194736100345314,low,1e-08,0.22858235659386786
2017-09-07,0.01864375722546827,0.05419369387284187,0.0666207216897307,0.06577695597332298,0.0824326982146126,0.06747691304906762,0.06972794082872497,0.06667999687774419,0.0598333786202414,low,1e-08,0.2378677716538973
2017-09-08,0.16931237604268107,0.0019320404458205136,0.0653670933237959,0.06577695597332298,0.07992286730130475,0.06747691304906762,0.06972794082872497,0.06667999687774419,0.0598333786202414,high,1e-08,0.22417087965402022
2017-09-11,0.053510924404936676,0.01864375722546827,0.06443890957478828,0.05563118186620161,0.07762254965930443,0.060776541018615064,0.06364719016349703,0.059011419841542644,0.05909136896144382,medium,1e-08,0.1922699965594237
2017-09-12,0.007617465462467717,0.16931237604268107,0.0721057470548867,0.05563118186620161,0.08592872304152789,0.060776541018615064,0.06364719016349703,0.059011419841542644,0.05909136896144382,low,1e-08,0.2761038479235599
2017-09-13,0.005079208166257758,0.053510924404936676,0.06435294302011331,0.06558479817749177,0.08433579227572954,0.07315846339527379,0.05952428877768977,0.07279757306870463,0.04780557356692361,low,1e-08,0.25468840186130737
2017-09-14,0.021369291267279877,0.007617465462467717,0.06363369425728017,0.06558479817749177,0.08178787106932674,0.07315846339527379,0.05952428877768977,0.07279757306870463,0.04780557356692361,low,1e-08,0.21141409453592552
2017-09-15,0.03376637781276169,0.005079208166257758,0.05671144320090606,0.05923836770591853,0.079306042671069,0.06389851798417906,0.056835707569309946,0.06284049191415543,0.051250132722763665,low,1e-08,0.2655205758688054
2017-09-18,0.015894189234728035,0.021369291267279877,0.05759487762497033,0.05923836770591853,0.07706802382605021,0.06389851798417906,0.056835707569309946,0.06284049191415543,0.051250132722763665,low,1e-08,0.21029149280562745
2017-09-19,0.005713263486097959,0.03376637781276169,0.0578710694175947,0.04259223138773839,0.07517660257620806,0.059578738409904644,0.05513672427991481,0.057610284201877526,0.04267884244597514,low,1e-08,0.20666760310599616
2017-09-20,0.042533732186321595,0.015894189234728035,0.04734374670225023,0.04259223138773839,0.07299032672548346,0.059578738409904644,0.05513672427991481,0.057610284201877526,0.04267884244597514,low,1e-08,0.14604670014277385
2017-09-21,0.0031832661318854506,0.005713263486097959,0.046475282248804,0.030611880315309804,0.0707805835702345,0.056291894604670926,0.05408202233916783,0.05334358993212707,0.05325395639460516,low,1e-08,0.2111297264912017
2017-09-22,0.032459478090261513,0.042533732186321595,0.04784361921933748,0.030611880315309804,0.06941069551828621,0.056291894604670926,0.05408202233916783,0.05334358993212707,0.05325395639460516,low,1e-08,0.22650769128124493
2017-09-25,0.00957078047721313,0.0031832661318854506,0.040442716759257286,0.02944157223153676,0.06730068323715806,0.05534826616089059,0.05546336967725756,0.05172398879288091,0.0526813586705675,low,1e-08,0.2177512018894716
2017-09-26,0.061816663527321285,0.032459478090261513,0.03933088897959018,0.02944157223153676,0.0657330670926781,0.05534826616089059,0.05546336967725756,0.05172398879288091,0.0526813586705675,medium,1e-08,0.21659492956737508
2017-09-27,0.019045866423983066,0.00957078047721313,0.03808422037895073,0.02902651916551865,0.0637736774318564,0.054317891442531754,0.05532926821169646,0.05003193096678276,0.04663494784227936,low,1e-08,0.2594490524644553
2017-09-28,0.055800705206649925,0.061816663527321285,0.03920843607036683,0.02902651916551865,0.06365795323893571,0.054317891442531754,0.05532926821169646,0.05003193096678276,0.04663494784227936,medium,1e-08,0.1903597927106671
2017-09-29,0.0688759439117421,0.019045866423983066,0.040044552170346324,0.03288140517666288,0.06189474623590201,0.0556455049311762,0.05399795316155872,0.05147776167883156,0.04825947967253245,medium,1e-08,0.26842397145319297
2017-10-02,0.033970183599726915,0.055800705206649925,0.04175498392883811,0.03288140517666288,0.06154612219306648,0.0556455049311762,0.05399795316155872,0.05147776167883156,0.04825947967253245,low,1e-08,0.23041214586896216
2017-10-03,0.018837494842629716,0.0688759439117421,0.041467298690604566,0.042183039878166816,0.062010349027945694,0.059423261900893865,0.053232293841189535,0.05598413563576078,0.043072153815081365,low,1e-08,0.1991257309564336
2017-10-04,0.09405398636698466,0.033970183599726915,0.03867020295903069,0.042183039878166816,0.06069435546903465,0.059423261900893865,0.053232293841189535,0.05598413563576078,0.043072153815081365,medium,1e-08,0.22147123354372128
2017-10-05,0.01807217962539189,0.018837494842629716,0.03850621747696221,0.036331773306223794,0.05902599064285334,0.056555824348679486,0.05262548476379336,0.05270839773051422,0.04470656231913363,low,1e-08,0.21679812371220314
2017-10-06,0.026218106600670775,0.09405398636698466,0.03759912219027549,0.036331773306223794,0.06169110679975886,0.056555824348679486,0.05262548476379336,0.05270839773051422,0.04470656231913363,low,1e-08,0.20390724447952252
2017-10-09,0.0418898376398335,0.01807217962539189,0.03595723517902776,0.03962199921463531,0.05997533925934262,0.059483592737966016,0.05281389098657928,0.05625177791538915,0.05533866399897532,low,1e-08,0.19165235700699548
2017-10-10,0.024937606463924594,0.026218106600670775,0.03706114727697551,0.03962199921463531,0.058501813535481936,0.059483592737966016,0.05281389098657928,0.05625177791538915,0.05533866399897532,low,1e-08,0.22756893289558952
2017-10-11,0.02365546640504883,0.0418898376398335,0.038117787295810286,0.03878784231148709,0.057640263406523194,0.057361108249868654,0.053075567796211386,0.05378382654151967,0.050136984879095375,low,1e-08,0.20857463805022597
2017-10-12,0.01932390734124637,0.024937606463924594,0.03155529776950317,0.03878784231148709,0.05621715948540933,0.057361108249868654,0.053075567796211386,0.05378382654151967,0.050136984879095375,low,1e-08,0.20554279226556235
2017-10-13,0.0211730598570826,0.02365546640504883,0.030198231496780994,0.02472168693768492,0.054811693504414685,0.05512811542148384,0.05328373662051144,0.0510408456693005,0.04632072034705001,low,1e-08,0.19917257385234166
2017-10-16,0.011192742821376764,0.01932390734124637,0.030730342491270938,0.02472168693768492,0.05335229370728653,0.05512811542148384,0.05328373662051144,0.0510408456693005,0.04632072034705001,low,1e-08,0.182128956289368
2017-10-17,0.015533199746324899,0.0211730598570826,0.03146188120449025,0.024483824449699335,0.051986316632567336,0.05353828814243309,0.05233457001101995,0.048846242044567584,0.04268804451292456,low,1e-08,0.19165309964796348
2017-10-18,0.0043451741083752205,0.011192742821376764,0.03099931082058556,0.024483824449699335,0.05047711500781501,0.05353828814243309,0.05233457001101995,0.048846242044567584,0.04268804451292456,low,1e-08,0.2039481350414167
2017-10-19,0.08191931818252705,0.015533199746324899,0.030170529999383886,0.020619944963313094,0.04908706152137247,0.05223369730420223,0.05163418422316151,0.04691637200239224,0.041382622430749506,medium,1e-08,0.18077211900169496
2017-10-20,0.06174186805779205,0.0043451741083752205,0.029645574766367856,0.020619944963313094,0.04760357197266556,0.05223369730420223,0.05163418422316151,0.04691637200239224,0.041382622430749506,medium,1e-08,0.19675747605269248
2017-10-23,0.027892270251410244,0.08191931818252705,0.03310948634347826,0.03317076279281065,0.0503267378455305,0.057084520160384684,0.051276147141224374,0.05264212194186186,0.05517037863177264,low,1e-08,0.2168387284329515
2017-10-24,0.07857807939174073,0.06174186805779205,0.033982583428545106,0.03317076279281065,0.05108362952960895,0.057084520160384684,0.051276147141224374,0.05264212194186186,0.05517037863177264,medium,1e-08,0.19493462113857576
2017-10-25,0.02051533326040442,0.027892270251410244,0.03510571997943259,0.034092497839785796,0.04999643685253878,0.056809284180293816,0.05574714713058692,0.05268531416934178,0.06952432602483669,low,1e-08,0.2659884417068336
2017-10-26,0.12979376657405484,0.07857807939174073,0.03720202003859074,0.034092497839785796,0.05215492258384233,0.056809284180293816,0.05574714713058692,0.05268531416934178,0.06952432602483669,high,1e-08,0.2596430640388746
2017-10-27,0.05912943635035811,0.02051533326040442,0.03769949971055398,0.03884836960233623,0.05081516040189304,0.05776459636135238,0.060948193531873696,0.054149540006559,0.059489450533922225,medium,1e-08,0.2592029628748183
2017-10-30,0.024730723934433256,0.12979376657405484,0.04078936803086006,0.03884836960233623,0.05863475936301543,0.05776459636135238,0.060948193531873696,0.054149540006559,0.059489450533922225,low,1e-08,0.21792710370505283
2017-10-31,0.02098545959294404,0.05912943635035811,0.042611348482058914,0.04939703951543304,0.05866455761200169,0.0662756876897911,0.061948324654420996,0.06438087272504565,0.06373953679170359,low,1e-08,0.2275029179403321
2017-11-01,0.006165182830999834,0.024730723934433256,0.04119907660604907,0.04939703951543304,0.05719908236154163,0.0662756876897911,0.061948324654420996,0.06438087272504565,0.06373953679170359,low,1e-08,0.26807828827534247
2017-11-02,0.05300600226537345,0.02098545959294404,0.03902223640974006,0.04286744926344115,0.05569429317696655,0.059470134421616715,0.05736587242769991,0.05694013453368235,0.06459848031945639,medium,1e-08,0.23432973183502182
2017-11-03,0.02456483860328048,0.006165182830999834,0.03775837273843429,0.04286744926344115,0.054018733821641615,0.059470134421616715,0.05736587242769991,0.05694013453368235,0.06459848031945639,low,1e-08,0.1972459910162639
2017-11-06,0.011040945150408403,0.05300600226537345,0.03931148671219537,0.034712712909681885,0.053958505947080966,0.057325776692802255,0.05458611905823512,0.05428627913945415,0.05318010248348411,low,1e-08,0.18963503349901314
2017-11-07,0.027002414513986942,0.02456483860328048,0.03615288908657245,0.034712712909681885,0.05265961469603642,0.057325776692802255,0.05458611905823512,0.05428627913945415,0.05318010248348411,low,1e-08,0.21836478282546593
2017-11-08,0.05758974586076898,0.011040945150408403,0.03583328751952775,0.026952488512563384,0.05112697005424606,0.054133370225483875,0.05295809085540334,0.050267951897028,0.05536978770445259,medium,1e-08,0.2104688133242917
2017-11-09,0.004918940968859615,0.027002414513986942,0.03586893787922393,0.026952488512563384,0.0500087678941125,0.054133370225483875,0.05295809085540334,0.050267951897028,0.05536978770445259,low,1e-08,0.17998208032057353
2017-11-10,0.014760325170995008,0.05758974586076898,0.03658257007108465,0.03395968598343768,0.05049573233460885,0.055467060318077084,0.057172856078179395,0.051480958854139225,0.058719309692240804,low,1e-08,0.24808377219229613
2017-11-13,0.03686760470949956,0.004918940968859615,0.03567263073039987,0.03395968598343768,0.04897225340724339,0.055467060318077084,0.057172856078179395,0.051480958854139225,0.058719309692240804,low,1e-08,0.21651369832291106
2017-11-14,0.07945560968245412,0.014760325170995008,0.03526830612885197,0.027849889857943434,0.04761781955849592,0.052628160777023904,0.054194000944945114,0.04788740622928458,0.06184615633822156,medium,1e-08,0.25160402323439157
2017-11-15,0.13494890564826145,0.03686760470949956,0.03606574691831802,0.027849889857943434,0.047042135918303106,0.052628160777023904,0.054194000944945114,0.04788740622928458,0.06184615633822156,high,1e-08,0.25089203124510745
2017-11-16,0.04664809140796288,0.07945560968245412,0.03871495372856218,0.039373948855046935,0.04958806744824169,0.05745571636181045,0.06362001544698147,0.053518707834499746,0.05624697330789604,medium,1e-08,0.2637530855382469
2017-11-17,0.027084013280003177,0.13494890564826145,0.04434023385705694,0.039373948855046935,0.0583447536235786,0.05745571636181045,0.06362001544698147,0.053518707834499746,0.05624697330789604,low,1e-08,0.21791532310907488
2017-11-20,0.10386582220150763,0.04664809140796288,0.045754547114404125,0.05083238902455457,0.05770984599522565,0.06585248878585989,0.0615810934175705,0.0638805044995483,0.0518832298707205,medium,1e-08,0.19346787707710192
2017-11-21,0.014042823242495645,0.027084013280003177,0.04678813071311449,0.05083238902455457,0.05634370747320579,0.06585248878585989,0.0615810934175705,0.0638805044995483,0.0518832298707205,low,1e-08,0.21538295405028515
2017-11-22,0.036665701924930294,0.10386582220150763,0.047785699077613604,0.059700806208765056,0.06026129031818292,0.06686180984948754,0.05692648505134987,0.06530165276944,0.05410738001672254,low,1e-08,0.2103054576807184
2017-11-24,0.007924582993513268,0.014042823242495645,0.04561756067691831,0.059700806208765056,0.058526658688505234,0.06686180984948754,0.05692648505134987,0.06530165276944,0.05410738001672254,low,1e-08,0.22899505544613183
2017-11-27,0.16104217648851574,0.036665701924930294,0.046016353025714676,0.042901369399960365,0.05745006538260168,0.0599367889141897,0.05424403683177046,0.05783297194003087,0.05361991040507329,high,1e-08,0.19968957621050917
2017-11-28,0.00966303736602265,0.007924582993513268,0.04280483046215888,0.042901369399960365,0.05573371827408037,0.0599367889141897,0.05424403683177046,0.05783297194003087,0.05361991040507329,low,1e-08,0.21790857976581138
2017-11-29,0.1389837922167723,0.16104217648851574,0.04919241424525485,0.06525503157383841,0.06690252213470568,0.07429363216405932,0.05273330491105305,0.07347957488632233,0.06253878451597578,high,1e-08,0.20875204657747615
2017-11-30,0.032947866753397684,0.00966303736602265,0.04373192655398066,0.06525503157383841,0.06490757334374722,0.07429363216405932,0.05273330491105305,0.07347957488632233,0.06253878451597578,low,1e-08,0.22264282389018117
2017-12-01,0.01920674218527292,0.1389837922167723,0.04736167000245403,0.06725285801748511,0.07154860699320977,0.07650043104340425,0.0519480427583154,0.07656537162229125,0.08710184282560743,low,1e-08,0.2770956329982905
2017-12-04,0.05709520824314809,0.032947866753397684,0.047735176494225144,0.06725285801748511,0.0698368433445029,0.07650043104340425,0.0519480427583154,0.07656537162229125,0.08710184282560743,medium,1e-08,0.24784083292210826
2017-12-05,0.0030142538257092876,0.01920674218527292,0.047654325702967355,0.06017756819453362,0.06787258315216427,0.06536311769067062,0.05317332364933842,0.06493356865382748,0.09601404441119783,low,1e-08,0.3098141757446159
2017-12-06,0.05005359439858544,0.05709520824314809,0.04996932685806501,0.06017756819453362,0.0672746464827747,0.06536311769067062,0.05317332364933842,0.06493356865382748,0.09601404441119783,medium,1e-08,0.25807017128476645
2017-12-07,0.08656374958258184,0.0030142538257092876,0.047696974656262096,0.04879984959859734,0.06522936853432601,0.05991271902091111,0.05586002710534583,0.05856135689491751,0.08102647153938157,medium,1e-08,0.2471404802479502
2017-12-08,0.04783270063614847,0.05005359439858544,0.0488555544651396,0.04879984959859734,0.06441971768765206,0.05991271902091111,0.05586002710534583,0.05856135689491751,0.08102647153938157,medium,1e-08,0.30202052222455084
2017-12-11,0.02801740742229853,0.08656374958258184,0.05228840921205657,0.0483402297421373,0.06595834283733287,0.06241634127831379,0.053407732782755665,0.06071649053261406,0.04949254961271119,low,1e-08,0.19955885626883443
2017-12-12,0.0017833854342420375,0.04783270063614847,0.05323524039942755,0.0483402297421373,0.06501346664703518,0.06241634127831379,0.053407732782755665,0.06071649053261406,0.04949254961271119,low,1e-08,0.21934409599564367
2017-12-13,0.06486963798634922,0.02801740742229853,0.05189104319767889,0.044332935580823206,0.06340539647267629,0.0582721484315458,0.05182975006517039,0.05593361588830177,0.04196858893814482,medium,1e-08,0.22126973213484236
2017-12-14,0.1321978815152781,0.0017833854342420375,0.05174851794610536,0.044332935580823206,0.061475364753389286,0.0582721484315458,0.05182975006517039,0.05593361588830177,0.04196858893814482,high,1e-08,0.29247229811470304
2017-12-15,0.10065915341772413,0.06486963798634922,0.05402621398316691,0.048182639062510246,0.0616842884308259,0.05745473742461565,0.05762825144535631,0.05455184593048796,0.04807417793803971,medium,1e-08,0.2101155894995822
2017-12-18,0.0609636896589699,0.1321978815152781,0.058359408383429574,0.048182639062510246,0.06800905193789966,0.05745473742461565,0.05762825144535631,0.05455184593048796,0.04807417793803971,medium,1e-08,0.2058321951931342
2017-12-19,0.008317841806664132,0.10065915341772413,0.059323205825941853,0.06233508624677656,0.07039640038218427,0.07073363831553478,0.0545698497929579,0.06954947336955668,0.052531864183336746,low,1e-08,0.18505700493544536
2017-12-20,0.03269208462040037,0.0609636896589699,0.055960241462792236,0.06233508624677656,0.06986636016691279,0.07073363831553478,0.0545698497929579,0.06954947336955668,0.052531864183336746,low,1e-08,0.18338953224856722
2017-12-21,0.00414792119449036,0.008317841806664132,0.05421795739000593,0.056478136654800906,0.06776858398648782,0.06316586740389962,0.05716118224300421,0.061876210077662,0.05036204312263999,low,1e-08,0.1962080889795821
2017-12-22,0.01899201263726701,0.03269208462040037,0.05447286972366034,0.056478136654800906,0.06619027466940501,0.06316586740389962,0.05716118224300421,0.061876210077662,0.05036204312263999,low,1e-08,0.25278307823598734
2017-12-26,0.0077260022081057506,0.00414792119449036,0.04994023785970501,0.043790457410024235,0.06418189486277842,0.05729804634835061,0.054098963644311625,0.055189835899876326,0.04961452156964618,low,1e-08,0.21477693663448166
2017-12-27,0.03265970722862897,0.01899201263726701,0.050165201014012804,0.043790457410024235,0.0624003083576274,0.05729804634835061,0.054098963644311625,0.055189835899876326,0.04961452156964618,low,1e-08,0.23943571903442015
2017-12-28,0.05985627621140993,0.0077260022081057506,0.04884976011779352,0.029842787704135326,0.060528935565946844,0.0535185059593715,0.052596267566628815,0.050245081568838425,0.04306580864784048,medium,1e-08,0.1897329036952677
2017-12-29,0.11362533331964358,0.03265970722862897,0.04997408394666241,0.029842787704135326,0.05922774946659157,0.0535185059593715,0.052596267566628815,0.050245081568838425,0.04306580864784048,medium,1e-08,0.27610409752427256
2018-01-02,0.10040662629150883,0.05985627621140993,0.04537472484315759,0.035692187711668766,0.05926564904376305,0.055005158405106364,0.05689733744966103,0.05144875320906225,0.04934586625748266,medium,1e-08,0.23451637445640192
2018-01-03,0.06690198526535454,0.11362533331964358,0.05010028375014037,0.035692187711668766,0.06384602657569059,0.055005158405106364,0.05689733744966103,0.05144875320906225,0.04934586625748266,medium,1e-08,0.17587174161482041
2018-01-04,0.10579186699265004,0.10040662629150883,0.04834677620808294,0.05450917756736858,0.06660799981329665,0.06656642320568645,0.05398953509020572,0.0648142085330493,0.044535013703270634,medium,1e-08,0.21289980932214708
2018-01-05,0.02902824576528007,0.06690198526535454,0.049890145231353704,0.05450917756736858,0.06662567552173247,0.06656642320568645,0.05398953509020572,0.0648142085330493,0.044535013703270634,low,1e-08,0.19581273736666757
2018-01-08,0.03593575413012723,0.10579186699265004,0.05382583272259812,0.06336206906539642,0.06959997807263293,0.0689291262050943,0.052303844141057626,0.0678951783325669,0.04730191309968605,low,1e-08,0.19850940684235677
2018-01-09,0.024288656999381777,0.02902824576528007,0.05255006170087684,0.06336206906539642,0.06785326723143768,0.0689291262050943,0.052303844141057626,0.0678951783325669,0.04730191309968605,low,1e-08,0.1782759769082658
2018-01-10,0.1158255079523288,0.03593575413012723,0.05404649353289584,0.05310487236766613,0.06637246889363164,0.06162142714776044,0.0511346474770276,0.060090157240405936,0.05440645141993168,medium,1e-08,0.1981312962883194
2018-01-11,0.10348179659562905,0.024288656999381777,0.05287536001475022,0.05310487236766613,0.06462493853725472,0.06162142714776044,0.0511346474770276,0.060090157240405936,0.05440645141993168,medium,1e-08,0.2099620297306282
2018-01-12,0.054265580778923274,0.1158255079523288,0.05420543994064781,0.05714023315685253,0.06878032144176277,0.06599404668422686,0.05132331778319964,0.06480880293668624,0.04910999651979449,medium,1e-08,0.20677874587077952
2018-01-16,0.15131240559346598,0.10348179659562905,0.05673494430244237,0.05714023315685253,0.07134001397654635,0.06599404668422686,0.05132331778319964,0.06480880293668624,0.04910999651979449,high,1e-08,0.20550135455260232
2018-01-17,0.02668189139019263,0.054265580778923274,0.05792804309137987,0.05619734061656456,0.07043237134982627,0.06620474997644371,0.0553765235812865,0.06528674311437473,0.06568369331549925,low,1e-08,0.22586157598230822
2018-01-18,0.07222224163910466,0.15131240559346598,0.06472481673498097,0.05619734061656456,0.0776968625049373,0.06620474997644371,0.0553765235812865,0.06528674311437473,0.06568369331549925,medium,1e-08,0.22997250638245917
2018-01-19,0.1290687474332631,0.02668189139019263,0.06298901007151929,0.06664452524374681,0.07561289371670646,0.07069302347486092,0.0543794113001233,0.07060261183464657,0.06255440525704584,high,1e-08,0.2146407718702915
2018-01-22,0.03369941927278372,0.07222224163910466,0.06026284462260232,0.06664452524374681,0.07541375369044923,0.07069302347486092,0.0543794113001233,0.07060261183464657,0.06255440525704584,low,1e-08,0.22523880836255714
2018-01-23,0.006160994222997048,0.1290687474332631,0.061554189805126815,0.07006852411752647,0.07965880167804563,0.07480916484570253,0.05271292865751843,0.07516428651837602,0.05067239036439476,low,1e-08,0.270372336313721
2018-01-24,0.00671830483955352,0.03369941927278372,0.060314904787572905,0.07006852411752647,0.07767195282246125,0.07480916484570253,0.05271292865751843,0.07516428651837602,0.05067239036439476,low,1e-08,0.1976566726062156
2018-01-25,0.18379462906213867,0.006160994222997048,0.06021686626104257,0.0522952197020861,0.07532087221300822,0.06451740558398053,0.05152892005173363,0.06420652248317096,0.05149377572645585,high,1e-08,0.21462952257708495
2018-01-26,0.10524482864731806,0.00671830483955352,0.05903623990736773,0.0522952197020861,0.07304483486645477,0.06451740558398053,0.05152892005173363,0.06420652248317096,0.05149377572645585,medium,1e-08,0.24127416424410106
2018-01-29,0.16282493911287935,0.18379462906213867,0.0672019993558972,0.07681043637746891,0.08391807294589729,0.07948766307967471,0.051191298953844305,0.07995280390106226,0.06991138444950411,high,1e-08,0.28371169997607437
2018-01-30,0.007885176411098514,0.10524482864731806,0.07112258190180859,0.07681043637746891,0.08534809210729881,0.07948766307967471,0.051191298953844305,0.07995280390106226,0.06991138444950411,low,1e-08,0.28937648423068957
2018-01-31,0.018018635699704823,0.16282493911287935,0.0781725335792983,0.08618152546874011,0.09185835108797336,0.08689532839828422,0.09164388727276915,0.08853970350983052,0.08952959766486415,low,1e-08,0.27921644031105564
2018-02-01,0.34559113834898214,0.007885176411098514,0.07704641854213784,0.08618152546874011,0.08908091728954828,0.08689532839828422,0.09164388727276915,0.08853970350983052,0.08952959766486415,high,1e-08,0.24914699198894125
2018-02-02,0.6639083344194027,0.018018635699704823,0.0751447076097876,0.07872405384084047,0.08647985609138825,0.07193973304607891,0.07750179647971774,0.07314388865250666,0.14063691352608865,high,1e-08,0.37097119050457245
2018-02-05,0.3127665383101111,0.34559113834898214,0.0856886078383939,0.07872405384084047,0.1191471093788377,0.07193973304607891,0.07750179647971774,0.07314388865250666,0.14063691352608865,high,1e-08,0.31515990226051394
2018-02-06,0.08612300310735338,0.6639083344194027,0.11130232184420726,0.23585483466873636,0.19947613452146476,0.23537987232138732,0.3208896152351801,0.2413333599447416,0.2425891823352953,medium,0.10357573240822483,0.4019076173371862
2018-02-07,0.5954320997357768,0.3127665383101111,0.12247798334624166,0.23585483466873636,0.20802081385812668,0.23537987232138732,0.3208896152351801,0.2413333599447416,0.2425891823352953,high,0.12394445747166077,0.4507715732479498
2018-02-08,0.23845908414898714,0.08612300310735338,0.12158394407872818,0.21138306730771766,0.2027839484726523,0.19265762069738657,0.2447123711305215,0.20669516650096972,0.3190541452201466,high,0.1836139575768572,0.5234434524623693
2018-02-09,0.23310309932417236,0.5954320997357768,0.14732957380465983,0.21138306730771766,0.24479871955632265,0.19265762069738657,0.2447123711305215,0.20669516650096972,0.3190541452201466,high,0.20086457108088696,0.4743013552971552
2018-02-12,0.03949158618595325,0.23845908414898714,0.156535179714608,0.2728215353322291,0.24442297846033345,0.22616076651434402,0.2899735223679829,0.24351647409747196,0.24439229517767946,low,0.10530827298307484,0.40636629091256804
2018-02-13,0.2142447804129701,0.23310309932417236,0.16602674527482575,0.2728215353322291,0.2437586104126939,0.22616076651434402,0.2899735223679829,0.24351647409747196,0.24439229517767946,high,0.10404045835522682,0.38277685652571386
2018-02-14,0.20256369372104643,0.03949158618595325,0.1625570215581723,0.20636999837089712,0.23653063155556997,0.17757444698305186,0.22126222399237538,0.19806587456128444,0.18954383996888385,high,0.045113679661374716,0.3741953796773807
2018-02-15,0.004649742117287756,0.2142447804129701,0.16759170264077874,0.20636999837089712,0.23525302302050083,0.17757444698305186,0.22126222399237538,0.19806587456128444,0.18954383996888385,low,0.05537535550415148,0.33568390735567993
2018-02-16,0.09939452924841773,0.20256369372104643,0.17433252595632978,0.17147975441493432,0.23342079759674816,0.15722777868612972,0.1700556445706586,0.17653912423656978,0.13166599126983058,medium,1e-08,0.29076718673592894
2018-02-20,0.0789616437052003,0.004649742117287756,0.16766604125286713,0.17147975441493432,0.22631272573977226,0.15722777868612972,0.1700556445706586,0.17653912423656978,0.13166599126983058,medium,1e-08,0.26815618920153966
2018-02-21,0.02057538385317989,0.09939452924841773,0.17097116115551372,0.13952076893023058,0.2207649410312478,0.12138817012222242,0.13728307780466395,0.139807271410124,0.15950608945820266,low,0.053986146232008,0.3415502197988307
2018-02-22,0.2530284943147421,0.0789616437052003,0.17127749761306355,0.13952076893023058,0.2149116704783994,0.12138817012222242,0.13728307780466395,0.139807271410124,0.15950608945820266,high,0.026029087492342846,0.31585221340338326
2018-02-23,0.18433132904391367,0.02057538385317989,0.1663459810866961,0.11993398083015218,0.20842553904593722,0.09489529921895484,0.11099027178188015,0.1105961348562848,0.10890717138118029,high,1e-08,0.29861273501610963
2018-02-26,0.19821083293542513,0.2530284943147421,0.1763154844976942,0.11993398083015218,0.21136730623042263,0.09489529921895484,0.11099027178188015,0.1105961348562848,0.10890717138118029,high,1e-08,0.28800545082156315
2018-02-27,0.16081067319886394,0.18433132904391367,0.18441413608046317,0.15060560817366708,0.2098433991969837,0.11730038811594637,0.09294175962489405,0.12867046698142037,0.1105436630787674,high,1e-08,0.284612387923372
2018-02-28,0.2308234424159935,0.19821083293542513,0.1931183419030028,0.15060560817366708,0.20916368975739857,0.11730038811594637,0.09294175962489405,0.12867046698142037,0.1105436630787674,high,1e-08,0.3219210049834045
2018-03-01,0.08183045483541763,0.16081067319886394,0.1920736166364903,0.1631102850270998,0.2065819123811033,0.11644555906107122,0.12666914267571985,0.1267410173528422,0.1595260832092008,medium,0.05083739392143344,0.32641432697228323
2018-03-02,0.1834742151187162,0.2308234424159935,0.1977817354441574,0.1631102850270998,0.20811604701650943,0.11644555906107122,0.12666914267571985,0.1267410173528422,0.1595260832092008,high,0.020787823206104724,0.31608510772343695
2018-03-05,0.040241825451777125,0.08183045483541763,0.19410016797700003,0.1588997888567641,0.20276914233814172,0.11214163982488261,0.13234165960348526,0.12202021670115115,0.13214329328413682,low,1e-08,0.26805638124856723
2018-03-06,0.005812095834715076,0.1834742151187162,0.20208148791825534,0.1588997888567641,0.20166351389450343,0.11214163982488261,0.13234165960348526,0.12202021670115115,0.13214329328413682,low,1e-08,0.2964319626448749
2018-03-07,0.07681172802746807,0.040241825451777125,0.20309163290698595,0.147811686596098,0.19576834968156456,0.10115537513505235,0.10555510487432002,0.11063583065706617,0.12120742893246031,medium,1e-08,0.2806571418743111
2018-03-08,0.2762549324024754,0.005812095834715076,0.18764713097451924,0.147811686596098,0.18980979627063574,0.10115537513505235,0.10555510487432002,0.11063583065706617,0.12120742893246031,high,1e-08,0.283644303952436
2018-03-09,0.019925622479061055,0.07681172802746807,0.16096092159306766,0.1073547062918257,0.1849867447371194,0.08384782091148535,0.08631621436322233,0.09201290097280045,0.07795568730863231,low,1e-08,0.2408601894315133
2018-03-12,0.10259014858547079,0.2762549324024754,0.1593013031427206,0.1073547062918257,0.1916921940125152,0.08384782091148535,0.08631621436322233,0.09201290097280045,0.07795568730863231,medium,1e-08,0.2418089922349517
2018-03-13,0.08146445112155064,0.019925622479061055,0.15629233129598005,0.11806337556332244,0.18591655449820102,0.1007730172078768,0.07436388257722283,0.10784131565743493,0.10907210266802103,medium,0.011677090406051926,0.2851282769365022
2018-03-14,0.017292016358990504,0.10259014858547079,0.13389042442551158,0.11806337556332244,0.1819960209386484,0.1007730172078768,0.07436388257722283,0.10784131565743493,0.10907210266802103,low,1e-08,0.23664519448480506
2018-03-15,0.017217803790514838,0.08146445112155064,0.12675430474244628,0.11046239994602348,0.1775764228354739,0.08861536028056685,0.08258429550180144,0.09523919326235498,0.135857574996398,low,1e-08,0.37993131752572307
2018-03-16,0.21478893386458953,0.017292016358990504,0.11694471006221074,0.11046239994602348,0.17221882481310224,0.08861536028056685,0.08258429550180144,0.09523919326235498,0.135857574996398,high,0.004235425152040591,0.3079885764291651
2018-03-19,0.026992157669316223,0.017217803790514838,0.11593226540787262,0.07010834078625075,0.16702560093844226,0.07294173938239858,0.07103780595208094,0.07832355067858915,0.15627152795438065,low,0.01756256112329346,0.2930410904459767
2018-03-20,0.030462838902334016,0.21478893386458953,0.11595699965567352,0.07010834078625075,0.1702696551161073,0.07294173938239858,0.07103780595208094,0.07832355067858915,0.15627152795438065,low,0.0041250778350138875,0.3125625611982608
2018-03-21,0.3968229130087669,0.026992157669316223,0.10797647528968578,0.08748636096308302,0.16521490465661792,0.08456770549673527,0.10041923904572776,0.08894240284027208,0.14930830092734487,high,1e-08,0.31957866316127226
2018-03-22,0.3383541758342308,0.030462838902334016,0.10914979787082425,0.08748636096308302,0.16035549853588743,0.08456770549673527,0.10041923904572776,0.08894240284027208,0.14930830092734487,high,1e-08,0.30852139931471956
2018-03-23,0.4343071723301775,0.3968229130087669,0.12266926985993103,0.15262897422265623,0.18335527866242965,0.13904643748883153,0.1865954369925777,0.14349428479175122,0.22523607441904933,high,0.08651210135826666,0.45851345056123577
2018-03-26,0.2700497387130719,0.3383541758342308,0.1344598395021597,0.15262897422265623,0.19614031105013136,0.13904643748883153,0.1865954369925777,0.14349428479175122,0.22523607441904933,high,0.0681856989251156,0.3666603489436245
2018-03-27,0.04690739899583264,0.4343071723301775,0.15326582988747778,0.21318721953387884,0.21789934262855828,0.19332494700675237,0.19249941052797853,0.2021546735246874,0.2227433754642355,medium,0.10405608488691333,0.4125832369009319
2018-03-28,0.20283465749978402,0.2700497387130719,0.15403952281467456,0.21318721953387884,0.22137508394040253,0.19332494700675237,0.19249941052797853,0.2021546735246874,0.2227433754642355,high,0.0977865633071775,0.3968992678701172
2018-03-29,0.34264147600119516,0.04690739899583264,0.14779298053976178,0.1992530292366917,0.21493843389928266,0.16297699418702102,0.181055777166828,0.17596217004999415,0.20038399462077458,high,0.06623077642467717,0.405516874744277
2018-04-02,0.20346421723364735,0.20283465749978402,0.14800315438359626,0.1992530292366917,0.21423149264763808,0.16297699418702102,0.181055777166828,0.17596217004999415,0.20038399462077458,high,0.09772731934314557,0.3840567531666498
2018-04-03,0.16984281657241285,0.34264147600119516,0.15626819087461133,0.2050630681256684,0.2240214618291952,0.1713092215875417,0.20216618674741144,0.18461393985901786,0.2130498246976207,high,0.08813998037394548,0.4027366673438122
2018-04-04,0.12528147444787036,0.20346421723364735,0.15502458972995925,0.2050630681256684,0.22284151251540688,0.1713092215875417,0.20216618674741144,0.18461393985901786,0.2130498246976207,high,0.08149980167955678,0.3865581919012652
2018-04-05,0.3537798430117191,0.16984281657241285,0.1590251516270954,0.16337809241382045,0.22002189495279784,0.15038301910947363,0.15785488221520041,0.16493134551512637,0.1587298628033572,high,0.02959574988765177,0.4063380967672839
2018-04-06,0.07823951593440868,0.12528147444787036,0.15638002705114784,0.16337809241382045,0.21551515741008273,0.15038301910947363,0.15785488221520041,0.16493134551512637,0.1587298628033572,medium,0.018219971394496683,0.3286601269066342
2018-04-09,0.25241248911584685,0.3537798430117191,0.1706317551220543,0.19486844591680577,0.2262069555260558,0.16169165539851124,0.19376448640975397,0.1749733919082017,0.19562790655889506,high,0.058617749669854086,0.39449950903739583
2018-04-10,0.083221370045047,0.07823951593440868,0.1739239105811313,0.19486844591680577,0.2201515315319973,0.16169165539851124,0.19376448640975397,0.1749733919082017,0.19562790655889506,medium,0.04831628772269406,0.4469503963268115
2018-04-11,0.1305998155562367,0.25241248911584685,0.18190576335787575,0.1748426811701965,0.2222193036291636,0.14727023628469127,0.15220278117892141,0.16057522411023326,0.16442993364777284,high,0.039969689961545596,0.3392949136145055
2018-04-12,0.04655683828106777,0.083221370045047,0.17313151052344722,0.1748426811701965,0.2164118332185998,0.14727023628469127,0.15220278117892141,0.16057522411023326,0.16442993364777284,medium,0.0359858710253839,0.35207186322236217
2018-04-13,0.130509575679326,0.1305998155562367,0.17816215566331883,0.16265890506132788,0.21224376403798614,0.12200313597813002,0.12370533713967832,0.13529720444045046,0.13911435779338988,high,1e-08,0.3017417731598653
2018-04-16,0.16983494059158133,0.04655683828106777,0.1756151870131187,0.16265890506132788,0.20609372334468454,0.12200313597813002,0.12370533713967832,0.13529720444045046,0.13911435779338988,high,0.031865817406056554,0.29047914904136546
2018-04-17,0.01174990101454854,0.130509575679326,0.17784451085665395,0.13523323443773527,0.20235639449889076,0.10409538778806753,0.10107173382230945,0.11576570291053216,0.09664492072985018,low,1e-08,0.3324409862327558
2018-04-18,0.0880621197910091,0.16983494059158133,0.18477828013995354,0.13523323443773527,0.20055387853058346,0.10409538778806753,0.10107173382230945,0.11576570291053216,0.09664492072985018,medium,1e-08,0.2528297624882104
2018-04-19,0.13460787602853672,0.01174990101454854,0.18452973910468232,0.11625709079989527,0.1944654990286748,0.09469178801623201,0.08302421713435401,0.1045626846658351,0.11510084903201939,high,1e-08,0.27749476715295907
2018-04-20,0.002382152482071506,0.0880621197910091,0.17876942937406504,0.11625709079989527,0.1897712220286532,0.09469178801623201,0.08302421713435401,0.1045626846658351,0.11510084903201939,low,1e-08,0.29440199222871694
2018-04-23,0.21378734253357,0.13460787602853672,0.1836610529358478,0.12383646525957888,0.18692107030767913,0.0901799148186667,0.09683171431857444,0.09801208248387604,0.1289780291281563,high,0.017847158982431006,0.29390445130910986
2018-04-24,0.03924091632652245,0.002382152482071506,0.1823846580985631,0.12383646525957888,0.18122764086225118,0.0901799148186667,0.09683171431857444,0.09801208248387604,0.1289780291281563,low,1e-08,0.37028189314675664
2018-04-25,0.16137709881399515,0.21378734253357,0.17406485944059963,0.12397231309185415,0.18334435364472293,0.09863710062774142,0.121491007706349,0.10469227436703277,0.16155343997712504,high,0.0409622011304525,0.32059480005998886
2018-04-26,0.014897757795767333,0.03924091632652245,0.16046880219024925,0.12397231309185415,0.17801863347258304,0.09863710062774142,0.121491007706349,0.10469227436703277,0.16155343997712504,low,0.04992255169666013,0.31775352244663047
2018-04-27,0.1220812163037592,0.16137709881399515,0.14806288975769552,0.11840394197593812,0.17706425362827027,0.09417767862383884,0.09770354908069723,0.09961021488029577,0.14700871011468886,medium,0.018175636212244387,0.3034236066877339
2018-04-30,0.028205511093735793,0.014897757795767333,0.13646507244327258,0.11840394197593812,0.17170894417414811,0.09417767862383884,0.09770354908069723,0.09961021488029577,0.14700871011468886,low,0.010344865743780414,0.2981393049933389
2018-05-01,0.10663664946891925,0.1220812163037592,0.1398820641390874,0.11321221480799756,0.1691424051540269,0.08530111248679707,0.09605611852301439,0.09004319859497416,0.14050735384586266,medium,0.020298302324618232,0.31897228556307106
2018-05-02,0.03498194985098643,0.028205511093735793,0.13194437566608522,0.11321221480799756,0.1641351183609869,0.08530111248679707,0.09605611852301439,0.09004319859497416,0.14050735384586266,low,0.014074902043094667,0.2865974549841829
2018-05-03,0.20551856102027555,0.10663664946891925,0.12121688355098176,0.09300088428001063,0.16126437720467002,0.07819137692749771,0.09167750955053107,0.08191184346210657,0.15635709902164535,high,0.02724552714097675,0.30606989523779315
2018-05-04,0.05370544906420229,0.03498194985098643,0.11355859866995172,0.09300088428001063,0.15658624333836005,0.07819137692749771,0.09167750955053107,0.08191184346210657,0.15635709902164535,medium,0.004318345433751154,0.31878480914116497
2018-05-07,0.0,0.20551856102027555,0.11518022341758184,0.102824112199214,0.15994489439204237,0.09144134111441492,0.07788561420171028,0.09456054945517944,0.13441275240159864,low,0.006838883548345279,0.3085295176609442
2018-05-08,0.1534411125926549,0.05370544906420229,0.11192676771832422,0.102824112199214,0.15562931472928856,0.09144134111441492,0.07788561420171028,0.09456054945517944,0.13441275240159864,high,0.008251255059005173,0.33914040914021415
2018-05-09,0.14843776559275862,0.0,0.09584586576324608,0.08224479191877168,0.1508882188473357,0.07628071713182719,0.06728482205079753,0.07933879438415799,0.11974378715515664,high,1e-08,0.3505300254115952
2018-05-10,0.04843676200021974,0.1534411125926549,0.09926412015680273,0.08224479191877168,0.1510426092654867,0.07628071713182719,0.06728482205079753,0.07933879438415799,0.11974378715515664,medium,1e-08,0.26667044044700305
2018-05-11,0.0075586584716952265,0.14843776559275862,0.0945379963602987,0.09912236692829013,0.1508875867662849,0.0886023368933427,0.06056352028083425,0.09144978233358114,0.08827949344887162,low,1e-08,0.23056370861513784
2018-05-14,0.10932647394746643,0.04843676200021974,0.09295687781280657,0.09912236692829013,0.14677127513423024,0.0886023368933427,0.06056352028083425,0.09144978233358114,0.08827949344887162,medium,1e-08,0.25090690881534705
2018-05-15,0.06675833266473447,0.0075586584716952265,0.0873640979453274,0.07578665115033155,0.14231207528291384,0.0741924212569128,0.055949286725650284,0.07683256322205956,0.11152197191398736,medium,1e-08,0.30056784682087323
2018-05-16,0.013410333212089245,0.10932647394746643,0.09021726320289097,0.07578665115033155,0.14055141350906836,0.0741924212569128,0.055949286725650284,0.07683256322205956,0.11152197191398736,low,1e-08,0.26849854666872447
2018-05-17,0.03968759732211007,0.06675833266473447,0.08731947942950045,0.07471459047378895,0.1372472890364098,0.07262142102475637,0.06683887290639985,0.0746165445223153,0.10591093850358226,low,1e-08,0.27533276593674355
2018-05-18,0.11935514355554555,0.013410333212089245,0.0802092700031599,0.07471459047378895,0.13310672210367416,0.07262142102475637,0.06683887290639985,0.0746165445223153,0.10591093850358226,medium,1e-08,0.2430675131441818
2018-05-21,0.04413764808504645,0.03968759732211007,0.08147916528986725,0.05857030517682959,0.1294173938228775,0.06383337786880677,0.06254170047117684,0.06478357353703475,0.08930852464431559,low,1e-08,0.23421825809891333
2018-05-22,0.04368054268757776,0.11935514355554555,0.08290157546098255,0.05857030517682959,0.12883582239447738,0.06383337786880677,0.06254170047117684,0.06478357353703475,0.08930852464431559,low,1e-08,0.2714274680239632
2018-05-23,0.03252561556775902,0.04413764808504645,0.07878929237264208,0.06107637210911711,0.12537797614751325,0.06642016153831454,0.060275834784987464,0.06671694724604281,0.08406212231959645,low,1e-08,0.22776302614899183
2018-05-24,0.037828358973986606,0.04368054268757776,0.08066649192743781,0.06107637210911711,0.12202843142991104,0.06642016153831454,0.060275834784987464,0.06671694724604281,0.08406212231959645,low,1e-08,0.2358917051686432
2018-05-25,0.18256641935121296,0.03252561556775902,0.07242732251990094,0.05657428871233696,0.11857890509147707,0.060577525144051875,0.05749724095350452,0.059947720855249055,0.09906412213459347,high,1e-08,0.333896942516025
2018-05-29,0.21183725916703972,0.037828358973986606,0.07236311536751296,0.05657428871233696,0.11533931859210807,0.060577525144051875,0.05749724095350452,0.059947720855249055,0.09906412213459347,high,1e-08,0.25486235965714676
2018-05-30,0.09724104054407082,0.18256641935121296,0.07332626630102286,0.07412553270436034,0.12043586989339045,0.07848402157645863,0.09517846907907687,0.07801811609086061,0.10975529937023626,medium,1e-08,0.31135084711975025
2018-05-31,0.15584855444869714,0.21183725916703972,0.08227806181789887,0.07412553270436034,0.1277771978634812,0.07848402157645863,0.09517846907907687,0.07801811609086061,0.10975529937023626,high,1e-08,0.27631984763857004
2018-06-01,0.07542747443442821,0.09724104054407082,0.08114896291973123,0.09332988992690788,0.12615363948050903,0.09124573037247724,0.0894263769351793,0.09270240457872105,0.0891951310212538,medium,1e-08,0.22299533436610017
2018-06-04,0.011547586153741397,0.15584855444869714,0.08695091943586583,0.09332988992690788,0.1281295540628799,0.09124573037247724,0.0894263769351793,0.09270240457872105,0.0891951310212538,low,1e-08,0.29678069462893975
2018-06-05,0.13272113634398833,0.07542747443442821,0.0855323205706617,0.1020303350290845,0.12559263473971988,0.0881409230753422,0.07525612488193732,0.09076251239807291,0.08065530120043615,high,1e-08,0.27141551684603077
2018-06-06,0.0017203318469168035,0.011547586153741397,0.08446712222078691,0.1020303350290845,0.12179942574401366,0.0881409230753422,0.07525612488193732,0.09076251239807291,0.08065530120043615,low,1e-08,0.25586885694656686
2018-06-07,0.04693427665494733,0.13272113634398833,0.08115814837186476,0.08214120072277507,0.12248219506043961,0.08312726413849822,0.06557564734918417,0.08569550857752173,0.07908545665574282,medium,1e-08,0.288213844233988
2018-06-08,0.021113490172629715,0.0017203318469168035,0.07879518849835179,0.08214120072277507,0.11875164164302729,0.08312726413849822,0.06557564734918417,0.08569550857752173,0.07908545665574282,low,1e-08,0.3137554039847222
2018-06-11,0.02052160614325669,0.04693427665494733,0.08092856470994031,0.06285267699935126,0.11570654617974958,0.07085193188958913,0.05915090568478826,0.07304606515621383,0.07700145730414748,low,1e-08,0.23621157812479565
2018-06-12,0.05066434753998531,0.021113490172629715,0.07491367278175735,0.06285267699935126,0.11230080724176436,0.07085193188958913,0.05915090568478826,0.07304606515621383,0.07700145730414748,medium,1e-08,0.29996850654189855
2018-06-13,0.03997093056021059,0.02052160614325669,0.06909930189768908,0.05528889339722342,0.108995647655513,0.06199092512537734,0.05507367135761003,0.0628908562915682,0.07529467909077313,low,1e-08,0.24560483535123678
2018-06-14,0.020252420527051573,0.05066434753998531,0.06920055578586025,0.05528889339722342,0.10640141306426902,0.06199092512537734,0.05507367135761003,0.0628908562915682,0.07529467909077313,low,1e-08,0.2797557942892743
2018-06-15,0.03265263742198092,0.03997093056021059,0.07067384088079276,0.044857725473769657,0.10362357635856695,0.058694890434244876,0.05583574523970646,0.058257469982776644,0.07161372769754903,low,1e-08,0.24117989784390206
2018-06-18,0.06083791348187883,0.020252420527051573,0.0666250202707739,0.044857725473769657,0.10058918666999771,0.058694890434244876,0.05583574523970646,0.058257469982776644,0.07161372769754903,medium,1e-08,0.2759524791811879
2018-06-19,0.027081135638682932,0.03265263742198092,0.06507476139610328,0.04197263510177251,0.09785226154909464,0.055051348981198185,0.05528100555255622,0.05319528091181992,0.08276132301536963,low,1e-08,0.23503670726720782
2018-06-20,0.09951962774052121,0.06083791348187883,0.06723056049927553,0.04197263510177251,0.09603455777930044,0.055051348981198185,0.05528100555255622,0.05319528091181992,0.08276132301536963,medium,1e-08,0.24813364837609525
2018-06-21,0.028948892715777916,0.027081135638682932,0.06665753951366521,0.04363689908970532,0.0933449590767637,0.05478514200051793,0.05726774141116321,0.05218075870251511,0.08977591831296317,low,1e-08,0.24628278254909647
2018-06-22,0.2160982249529199,0.09951962774052121,0.06575592515843683,0.04363689908970532,0.09372691118497849,0.05478514200051793,0.05726774141116321,0.05218075870251511,0.08977591831296317,high,1e-08,0.22688550495811652
2018-06-25,0.0351463320435449,0.028948892715777916,0.06506552718710644,0.0511265024992041,0.09114785872870745,0.05839266053490329,0.0653222003723266,0.05584779197795523,0.1298512864448386,low,1e-08,0.3498434418802875
2018-06-26,0.13150457179113245,0.2160982249529199,0.07290269456280382,0.0511265024992041,0.103011469222834,0.05839266053490329,0.0653222003723266,0.05584779197795523,0.1298512864448386,high,1e-08,0.35295252992450477
2018-06-27,0.09076258641842379,0.0351463320435449,0.0730218180389759,0.07703766364191315,0.10024368759840675,0.07848458347236129,0.09940230251725202,0.07842614989319072,0.1351777344843291,medium,0.010076724309854615,0.3579453104205914
2018-06-28,0.022848745405645975,0.13150457179113245,0.07727982771248253,0.07703766364191315,0.10238884818790325,0.07848458347236129,0.09940230251725202,0.07842614989319072,0.1351777344843291,low,0.008746096226507993,0.30460349944585985
2018-06-29,0.0339381818632558,0.09076258641842379,0.07310692621553756,0.08464554413018065,0.10172874954924235,0.07951336120468888,0.0952644637867099,0.0805480808842421,0.12317054924704797,low,1e-08,0.2938436635565269
2018-07-02,0.056056854648484415,0.022848745405645975,0.0645165392263833,0.08464554413018065,0.09878834994956667,0.07951336120468888,0.0952644637867099,0.0805480808842421,0.12317054924704797,medium,1e-08,0.28793273269259284
2018-07-03,0.1295054209708105,0.0339381818632558,0.06163913655907352,0.05812769329143279,0.09613895054505,0.0681250517617027,0.0791756054334741,0.06903215900523946,0.11603253596826991,high,1e-08,0.2859648444982593
2018-07-05,0.13427058870013195,0.056056854648484415,0.057103150204518414,0.05812769329143279,0.09421612494883365,0.0681250517617027,0.0791756054334741,0.06903215900523946,0.11603253596826991,high,1e-08,0.2791529726678687
2018-07-06,0.1429393024193078,0.1295054209708105,0.05956123868344487,0.06240179778233139,0.09669734614766526,0.07284854429025585,0.07119511866048411,0.07327894361400004,0.0858168157479701,high,1e-08,0.26068958442688256
2018-07-09,0.05712640957927208,0.13427058870013195,0.0651395569810081,0.06240179778233139,0.09935325664654436,0.07284854429025585,0.07119511866048411,0.07327894361400004,0.0858168157479701,medium,1e-08,0.23859039335276913
2018-07-10,0.11611796801707663,0.1429393024193078,0.06560401907534079,0.07851906601622338,0.10249245865167234,0.08372146027601597,0.06284298541920594,0.08491520641061553,0.04685233657524328,medium,1e-08,0.2605274738195503
2018-07-11,0.14392072817707052,0.05712640957927208,0.0681224771540842,0.07851906601622338,0.1003505228482742,0.08372146027601597,0.06284298541920594,0.08491520641061553,0.04685233657524328,high,1e-08,0.23546686725403235
2018-07-12,0.012500760780160096,0.11611796801707663,0.07126719039781736,0.08307735591979348,0.1013657572336515,0.07945738516065318,0.07568727475955978,0.08104930417015892,0.061829498954102044,low,1e-08,0.28116593166894116
2018-07-13,0.01419307892816287,0.14392072817707052,0.07684933757983739,0.08307735591979348,0.1044093209206897,0.07945738516065318,0.07568727475955978,0.08104930417015892,0.061829498954102044,low,1e-08,0.25211645848752623
2018-07-16,0.06420832828213675,0.012500760780160096,0.07648475369969664,0.07431886381865355,0.10127489352557902,0.0768354902780355,0.06573000223647657,0.07879184815368719,0.06589675558516042,medium,1e-08,0.26707206071126127
2018-07-17,0.03340311601014241,0.01419307892816287,0.07482696876279561,0.07431886381865355,0.09825118027010153,0.0768354902780355,0.06573000223647657,0.07879184815368719,0.06589675558516042,low,1e-08,0.277368427067551
2018-07-18,0.05987061677041243,0.06420832828213675,0.0759286686592468,0.06851866001564755,0.09654770491444686,0.06826503836775379,0.059488364947529494,0.06967855220666305,0.06731761435514716,medium,1e-08,0.20390803182443376
2018-07-19,0.018144669330228,0.03340311601014241,0.07652642754484185,0.06851866001564755,0.093963385711369,0.06826503836775379,0.059488364947529494,0.06967855220666305,0.06731761435514716,low,1e-08,0.22213583278892318
2018-07-20,0.029516632573691894,0.05987061677041243,0.07776360842431601,0.0495474718127028,0.09227372447360661,0.06314679658796558,0.06085750015497708,0.06360585686643214,0.06644222562573333,low,1e-08,0.2175253902534955
2018-07-23,0.07987773043024943,0.018144669330228,0.07582300641742279,0.0495474718127028,0.08957302917755658,0.06314679658796558,0.06085750015497708,0.06360585686643214,0.06644222562573333,medium,1e-08,0.2750873950249119
2018-07-24,0.13529348449426992,0.029516632573691894,0.07593371082355956,0.048651511698896206,0.08714471755987403,0.05760806265523868,0.05655829835699882,0.0567706756082321,0.04842287162811538,high,1e-08,0.16581790762292187
2018-07-25,0.03745070662399682,0.07987773043024943,0.0750408973094563,0.048651511698896206,0.08672587157126793,0.05760806265523868,0.05655829835699882,0.0567706756082321,0.04842287162811538,low,1e-08,0.19178460405349818
2018-07-26,0.10756929418203912,0.13529348449426992,0.07987474239029685,0.06856240996384433,0.09037894560462836,0.07038592867186837,0.053650079866851434,0.06963749022763627,0.04036402708457031,medium,1e-08,0.19003515364969634
2018-07-27,0.08292332000594847,0.03745070662399682,0.07175440064807306,0.06856240996384433,0.08810451694258535,0.07038592867186837,0.053650079866851434,0.06963749022763627,0.04036402708457031,medium,1e-08,0.2047158575479276
2018-07-30,0.07825496289717337,0.10756929418203912,0.07504635347255008,0.0691260990201709,0.08939200598708173,0.06994451290125332,0.07038487236501433,0.06931443608241804,0.07909550719629425,medium,1e-08,0.2612871479375008
2018-07-31,0.026517995557442112,0.08292332000594847,0.0728381147550417,0.0691260990201709,0.08901714166596973,0.06994451290125332,0.07038487236501433,0.06931443608241804,0.07909550719629425,low,1e-08,0.2619072639180998
2018-08-01,0.08647270414396364,0.07825496289717337,0.07226958641316669,0.06930752692107141,0.08840836370411367,0.06878021020492747,0.0694112705036469,0.06826668396669182,0.06827302075263386,medium,1e-08,0.2584821447535659
2018-08-02,0.06802470525480306,0.026517995557442112,0.07243637051097561,0.06930752692107141,0.08596085557840606,0.06878021020492747,0.0694112705036469,0.06826668396669182,0.06827302075263386,medium,1e-08,0.2581508390431108
2018-08-03,0.058205732137308175,0.08647270414396364,0.07482430334191688,0.0647354096773037,0.08599165240872778,0.06595721949574582,0.06239944820933077,0.06527868591367737,0.04510901014890259,medium,1e-08,0.2062908715712578
2018-08-06,0.052432689956919416,0.06802470525480306,0.075368296551295,0.0647354096773037,0.08502077427572992,0.06595721949574582,0.06239944820933077,0.06527868591367737,0.04510901014890259,medium,1e-08,0.2275620120476465
2018-08-07,0.006673450995727136,0.058205732137308175,0.07212740160431762,0.056406060112829184,0.08365461475708524,0.06348028841440936,0.05717375521765954,0.062476515624893834,0.04462770734368922,low,1e-08,0.20061424681556572
2018-08-08,0.021688277883463912,0.052432689956919416,0.06840749711598977,0.056406060112829184,0.08211674685783693,0.06348028841440936,0.05717375521765954,0.062476515624893834,0.04462770734368922,low,1e-08,0.19984672864857353
2018-08-09,0.1063536265676142,0.006673450995727136,0.06221359477855429,0.04794147116014796,0.07963191950803879,0.05845745113269952,0.053926115676034884,0.05686521002765004,0.05129132136885298,medium,1e-08,0.2091155934254943
2018-08-10,0.05943332839190312,0.021688277883463912,0.06060277061056301,0.04794147116014796,0.0773885710690907,0.05845745113269952,0.053926115676034884,0.05686521002765004,0.05129132136885298,medium,1e-08,0.2277081143667082
2018-08-13,0.1012940863101357,0.1063536265676142,0.060158936908314725,0.05237469344319825,0.07942491491486643,0.06288722077550375,0.06918051301176727,0.061010111479478414,0.07130024329115041,medium,1e-08,0.24713136707321035
2018-08-14,0.11854532277912251,0.05943332839190312,0.05631860055444347,0.05237469344319825,0.07836936464017132,0.06288722077550375,0.06918051301176727,0.061010111479478414,0.07130024329115041,medium,1e-08,0.2529373679628888
2018-08-15,0.1284454862915265,0.1012940863101357,0.060354660805806,0.056301201840817834,0.07993047848313056,0.06599842112225948,0.06523980198294757,0.06429231855875603,0.07940800055516067,high,1e-08,0.21480711302508923
2018-08-16,0.055884714634287264,0.11854532277912251,0.06509794461721324,0.056301201840817834,0.0827570427231305,0.06599842112225948,0.06523980198294757,0.06429231855875603,0.07940800055516067,medium,1e-08,0.23726067459434116
2018-08-17,0.03397282523725073,0.1284454862915265,0.06801781543582187,0.07443845863514222,0.08618409951946686,0.07672996904282021,0.07357804909032746,0.07610585634904259,0.05284317201920681,low,1e-08,0.2924406141394277
2018-08-20,0.03722830863078745,0.055884714634287264,0.06903970628237392,0.07443845863514222,0.08467244622170679,0.07672996904282021,0.07357804909032746,0.07610585634904259,0.05284317201920681,low,1e-08,0.21726059267302347
2018-08-21,0.00942515412629361,0.03397282523725073,0.06786253393995748,0.06502624800870124,0.08251367723895116,0.0674079759296124,0.06428925627659281,0.06700005129335333,0.049065170568525725,low,1e-08,0.2200203953007427
2018-08-22,0.021073776639195414,0.03722830863078745,0.0687299720899829,0.06502624800870124,0.08051803110741548,0.0674079759296124,0.06428925627659281,0.06700005129335333,0.049065170568525725,low,1e-08,0.1766259104444701
2018-08-23,0.09553859181715733,0.00942515412629361,0.06781672306964662,0.05188015781633407,0.07809925828859136,0.0599638165981949,0.05838509838503801,0.059003711630859136,0.06001985492818954,medium,1e-08,0.22583288484020111
2018-08-24,0.12533318956717607,0.021073776639195414,0.06514381607914416,0.05188015781633407,0.07589578868570207,0.0599638165981949,0.05838509838503801,0.059003711630859136,0.06001985492818954,high,1e-08,0.2915942111737377
2018-08-27,0.007669083668000628,0.09553859181715733,0.06333677550291178,0.04787516395748184,0.07721539903021664,0.06201065705484712,0.05504749822619228,0.06055910086077887,0.05889544661854414,low,1e-08,0.27064193153063304
2018-08-28,0.08541477736995702,0.12533318956717607,0.06733143381851082,0.04787516395748184,0.08091346785904524,0.06201065705484712,0.05504749822619228,0.06055910086077887,0.05889544661854414,medium,1e-08,0.23187434477218136
2018-08-29,0.0642621672586682,0.007669083668000628,0.06279051515878181,0.052430369574264585,0.07847100620469034,0.06471553878480761,0.0526567264060711,0.06367140209451466,0.05751118447631857,medium,1e-08,0.2711898709892699
2018-08-30,0.0005470790387106439,0.08541477736995702,0.0629037632207822,0.052430369574264585,0.07890486637387782,0.06471553878480761,0.0526567264060711,0.06367140209451466,0.05751118447631857,low,1e-08,0.2874904530611622
2018-08-31,0.02733796982056219,0.0642621672586682,0.06226772705539561,0.06122259416066042,0.07810375682179192,0.06460970027224777,0.058024739583103786,0.06352729755443254,0.06643285408635108,low,1e-08,0.21526532222955383
2018-09-04,0.042729240331340984,0.0005470790387106439,0.06108723084999872,0.06122259416066042,0.0757245203195466,0.06460970027224777,0.058024739583103786,0.06352729755443254,0.06643285408635108,low,1e-08,0.22869422219317018
2018-09-05,0.0477804699047691,0.02733796982056219,0.05839928838075319,0.04363965047899099,0.07372240279998,0.05786956670460331,0.05544146787226567,0.056175779930793174,0.07164222534936038,medium,1e-08,0.2807706129276056
2018-09-06,0.03085163183002172,0.042729240331340984,0.05724949452059583,0.04363965047899099,0.07223877347300381,0.05786956670460331,0.05544146787226567,0.056175779930793174,0.07164222534936038,low,1e-08,0.28045063580406515
2018-09-07,0.027597468718602775,0.0477804699047691,0.056775618964571326,0.041489063366040656,0.07100924142370593,0.056241968079472265,0.05861412079804388,0.053941803961947664,0.07643294738806435,low,1e-08,0.25822499485511996
2018-09-10,0.05234570686858065,0.03085163183002172,0.05579466177698506,0.041489063366040656,0.06925953376041784,0.056241968079472265,0.05861412079804388,0.053941803961947664,0.07643294738806435,medium,1e-08,0.2525932061990455
2018-09-11,0.0038442263115365297,0.027597468718602775,0.05674575349166123,0.037668865716420766,0.06748901579137367,0.05340711679549944,0.055639721399056916,0.05039734233737422,0.05763975328486618,low,1e-08,0.20071410021196198
2018-09-12,0.09388891789450715,0.05234570686858065,0.05813927299098472,0.037668865716420766,0.06667747444972155,0.05340711679549944,0.055639721399056916,0.05039734233737422,0.05763975328486618,medium,1e-08,0.22783805730686763
2018-09-13,0.0027379169000343435,0.0038442263115365297,0.053479754797526646,0.03566586180866914,0.06465306758081733,0.05226931690041689,0.052553359014569694,0.048747719573016775,0.04581376255781429,low,1e-08,0.187560019645848
2018-09-14,0.0840540014185817,0.09388891789450715,0.05504591795673592,0.03566586180866914,0.06676919748624541,0.05226931690041689,0.052553359014569694,0.048747719573016775,0.04581376255781429,medium,1e-08,0.22789386182992558
2018-09-17,0.08613868012404369,0.0027379169000343435,0.050566092074458585,0.04046864944243713,0.06473861259184424,0.05556500273565238,0.05067486932628141,0.05232520536043712,0.06884987872815959,medium,1e-08,0.22491515934565728
2018-09-18,0.016916386157490783,0.0840540014185817,0.04899830473988854,0.04046864944243713,0.06605699956829993,0.05556500273565238,0.05067486932628141,0.05232520536043712,0.06884987872815959,low,1e-08,0.2431771965166088
2018-09-19,0.1286465680772776,0.08613868012404369,0.04707526809591205,0.05082243706226116,0.06743076370069623,0.062112890831234856,0.05879549521454598,0.05960049865066286,0.05257253509312799,high,1e-08,0.1938875044638108
2018-09-20,0.014502000673554897,0.016916386157490783,0.045303980437875854,0.05082243706226116,0.0655077344051933,0.062112890831234856,0.05879549521454598,0.05960049865066286,0.05257253509312799,low,1e-08,0.1873611422722365
2018-09-21,0.05273574231198518,0.1286465680772776,0.0496073323851498,0.05909246493615111,0.07089981551154391,0.06832669566241281,0.054551373497776376,0.06655500569294014,0.059350578602642715,medium,1e-08,0.2230258591644142
2018-09-24,0.014731662422794318,0.014502000673554897,0.04857431838709378,0.05909246493615111,0.068831644543835,0.06832669566241281,0.054551373497776376,0.06655500569294014,0.059350578602642715,low,1e-08,0.21538696874518642
2018-09-25,0.047494926465574294,0.05273574231198518,0.0505429814864434,0.05296854160996553,0.0679734586747216,0.061636358498786945,0.05690692630704077,0.059904792812033814,0.07220158880231309,medium,1e-08,0.29217968517417797
2018-09-26,0.044355665924654036,0.014731662422794318,0.05025470356751607,0.05296854160996553,0.06600143128611827,0.061636358498786945,0.05690692630704077,0.059904792812033814,0.07220158880231309,low,1e-08,0.2598660834023386
2018-09-27,0.0016353868728514781,0.047494926465574294,0.04807090059698957,0.048794775006022466,0.06503970847340444,0.0572335448454692,0.05732738267798855,0.05501313484907553,0.06434515559041502,low,1e-08,0.1994695521006942
2018-09-28,0.05514890899696453,0.044355665924654036,0.04439010406778402,0.048794775006022466,0.06398749380608905,0.0572335448454692,0.05732738267798855,0.05501313484907553,0.06434515559041502,medium,1e-08,0.20240633075309963
2018-10-01,0.009248435730760443,0.0016353868728514781,0.044115845122549964,0.03290832093134085,0.06203947026839171,0.05380729915247602,0.05347979247926863,0.05098565740880601,0.05929491345622498,low,1e-08,0.2214675930464391
2018-10-02,0.008709703444066474,0.05514890899696453,0.04274012383286849,0.03290832093134085,0.061647759478548995,0.05380729915247602,0.05347979247926863,0.05098565740880601,0.05929491345622498,low,1e-08,0.2735385580731393
2018-10-03,0.12406849564828268,0.009248435730760443,0.04023949967250905,0.03238159271850091,0.05981263652113562,0.052565471202875566,0.0512620444105297,0.049285032783254225,0.05960484686046737,high,1e-08,0.21477398422412405
2018-10-04,0.08884620835098413,0.008709703444066474,0.040610528054570674,0.03238159271850091,0.058029733192544765,0.052565471202875566,0.0512620444105297,0.049285032783254225,0.05960484686046737,medium,1e-08,0.22229912601959673
2018-10-05,0.0,0.12406849564828268,0.045007370137648876,0.04970548825353427,0.0639451517714966,0.06253406391707621,0.07307746331488282,0.05985346136078087,0.09518574156663466,low,1e-08,0.3035023267212042
2018-10-08,0.02316713113745242,0.08884620835098413,0.04710359595672357,0.04970548825353427,0.06570587807248099,0.06253406391707621,0.07307746331488282,0.05985346136078087,0.09518574156663466,low,1e-08,0.23978151773540934
2018-10-09,0.502638031211828,0.0,0.0449317564155977,0.046681252604171365,0.06370421232916387,0.06037825203015158,0.07167443770250634,0.05817799954644138,0.10027556239009974,high,1e-08,0.22239896250033384
2018-10-10,0.3496626121216157,0.02316713113745242,0.04458246092957183,0.046681252604171365,0.062023673111795276,0.06037825203015158,0.07167443770250634,0.05817799954644138,0.10027556239009974,high,1e-08,0.26537301860776097
2018-10-11,0.22046844935185658,0.502638031211828,0.06617521377017298,0.1621667335335834,0.1370212366384579,0.16228253856866062,0.2296071966780359,0.16555742966068895,0.25321600795525173,high,0.123981299208495,0.40870533146440147
2018-10-12,0.08916225419993655,0.3496626121216157,0.07968961855440183,0.1621667335335834,0.15806380569719,0.16228253856866062,0.2296071966780359,0.16555742966068895,0.25321600795525173,medium,0.13917403452107854,0.4176725153771487
2018-10-15,0.3471094091757231,0.22046844935185658,0.08953617414714365,0.1801838754766526,0.16248537442110603,0.1676231787956989,0.21996396425406511,0.17777697352299512,0.2038976913524656,high,0.06212609161401757,0.3686520893850059
2018-10-16,0.002830836545515062,0.08916225419993655,0.08932132579739045,0.1801838754766526,0.1590421376276169,0.1676231787956989,0.21996396425406511,0.17777697352299512,0.2038976913524656,low,0.05971994043561954,0.40402094083555096
2018-10-17,0.22924525419900038,0.3471094091757231,0.1049745754462854,0.21089009270750164,0.17608473518448814,0.1669306083034541,0.1721005019315174,0.1794980150208944,0.13944516431449014,high,1e-08,0.3215641076941378
2018-10-18,0.008612462970984943,0.002830836545515062,0.10128261340660054,0.21089009270750164,0.1707218929874686,0.1669306083034541,0.1721005019315174,0.1794980150208944,0.13944516431449014,low,1e-08,0.29180905105492055
2018-10-19,0.07126470530095579,0.22924525419900038,0.10778745768273494,0.15447594106812831,0.17478675594814685,0.14473705319701413,0.16650686387330108,0.158521576997489,0.17176555667283144,medium,0.05236217792503531,0.33641562259447677
2018-10-22,0.08081103703407677,0.008612462970984943,0.10741000662880286,0.15447594106812831,0.169475177895437,0.14473705319701413,0.16650686387330108,0.158521576997489,0.17176555667283144,medium,0.0283888974031821,0.29018637546312476
2018-10-23,0.4809750506074093,0.07126470530095579,0.10480174013897005,0.13400763237166724,0.16523693673215606,0.11311813312666286,0.13309060452597357,0.12714649878164816,0.18012819658824056,high,0.05363617541962717,0.3430987142530004
2018-10-24,0.28480035702750517,0.08081103703407677,0.10781578724626649,0.13400763237166724,0.1614214235080967,0.11311813312666286,0.13309060452597357,0.12714649878164816,0.18012819658824056,high,0.029013797840789925,0.34383997806481764
2018-10-25,0.2791914715687489,0.4809750506074093,0.12728121035060397,0.1891916126568853,0.1958920196632459,0.1721861741103711,0.235708404887112,0.18445407778002826,0.2053427104116871,high,0.08049604178153474,0.414896566212005
2018-10-26,0.08794770979098392,0.28480035702750517,0.13955706010536353,0.1891916126568853,0.20233125553769604,0.1721861741103711,0.235708404887112,0.18445407778002826,0.2053427104116871,medium,0.021338270305618565,0.39395737152771665
2018-10-29,0.23523631824727328,0.2791914715687489,0.15008872124641692,0.2001500237558994,0.20774631986443523,0.17330136064153365,0.21792919471341235,0.18808853071796058,0.2521520519949203,high,0.13916098512911895,0.412224598047213
2018-10-30,0.16955387303238934,0.08794770979098392,0.15207017778579557,0.2001500237558994,0.20256630862913017,0.17330136064153365,0.21792919471341235,0.18808853071796058,0.2521520519949203,high,0.11232407619971435,0.47244521084192714
2018-10-31,0.1689334314501344,0.23523631824727328,0.16268840193917838,0.2061247983813959,0.2046736190950999,0.15231479392967684,0.1715401542037174,0.167696931132278,0.17232901814124013,high,0.02522689171374813,0.3274105083845622
2018-11-01,0.09402285112360559,0.16955387303238934,0.16788862757715223,0.2061247983813959,0.20273806718002885,0.15231479392967684,0.1715401542037174,0.167696931132278,0.17232901814124013,medium,0.03220868060208338,0.32341651638161745
2018-11-02,0.08758019663516939,0.1689334314501344,0.1751470364734874,0.16263049646135164,0.20087028328389264,0.1356970551871677,0.13405846267301993,0.1507304321462866,0.14557615742840135,medium,0.012066906991918947,0.31649003514475316
2018-11-05,0.10044725599331025,0.09402285112360559,0.17902490682255737,0.16263049646135164,0.19610802190671067,0.1356970551871677,0.13405846267301993,0.1507304321462866,0.14557615742840135,medium,0.009386070671755427,0.24268346437138572
2018-11-06,0.33985609382339776,0.08758019663516939,0.17736634777650676,0.1418500833396547,0.19134020051038003,0.11184592781416368,0.11184041712324667,0.12547538243391013,0.11652340414232501,high,1e-08,0.3467018104290564
2018-11-07,0.0288085695723093,0.10044725599331025,0.1778936681238852,0.1418500833396547,0.18713574502394356,0.11184592781416368,0.11184041712324667,0.12547538243391013,0.11652340414232501,low,1e-08,0.28127218108254254
2018-11-08,0.1550681432625487,0.33985609382339776,0.1933416723885851,0.1710713728898169,0.19962146606079298,0.13813618934470837,0.09192792198559407,0.14980689204293082,0.08282284008601351,high,1e-08,0.24367228600829516
2018-11-09,0.2966194221507873,0.0288085695723093,0.19359810140835138,0.1710713728898169,0.1936687944671853,0.13813618934470837,0.09192792198559407,0.14980689204293082,0.08282284008601351,high,1e-08,0.2584563998204403
2018-11-12,0.02970061510714252,0.1550681432625487,0.17779947013792954,0.14917958159007305,0.19157221504342467,0.11821206506938632,0.10237380454701506,0.12970079616825111,0.154838945915642,low,0.061124129809490176,0.2910495519773379
2018-11-13,0.10852992226816653,0.2966194221507873,0.17538841604834643,0.14917958159007305,0.19944147928119046,0.11821206506938632,0.10237380454701506,0.12970079616825111,0.154838945915642,medium,0.03358748043437896,0.29072319432816746
2018-11-14,0.1656774480829952,0.02970061510714252,0.16671715085540487,0.15458578989038418,0.19350249877110606,0.12184303191449501,0.13996591035434489,0.1332049494636961,0.17881961012223108,high,0.05338621403203308,0.3395798352017354
2018-11-15,0.04128606229279271,0.10852992226816653,0.16759749940396082,0.15458578989038418,0.18948178975952873,0.12184303191449501,0.13996591035434489,0.1332049494636961,0.17881961012223108,low,0.03379439362490859,0.3285819965083049
2018-11-16,0.26850880365456264,0.1656774480829952,0.15935059208156407,0.1425657174920029,0.188138482878021,0.11232649393564516,0.11861529160893404,0.12300405384872164,0.15852322252056333,high,0.0011674709963580819,0.3275873020507493
2018-11-19,0.29377759384554447,0.04128606229279271,0.16109855688825853,0.1425657174920029,0.18268715267265911,0.11232649393564516,0.11861529160893404,0.12300405384872164,0.15852322252056333,high,0.006411119943713421,0.3199273092744218
2018-11-20,0.05409071318939635,0.26850880365456264,0.16288326368169315,0.1391443321808107,0.18893898132716055,0.12094056823961845,0.14930779790017962,0.13077132070136835,0.20516222022429464,medium,0.07254391721055395,0.3880160280011142
2018-11-21,0.10602334461162269,0.29377759384554447,0.17584531508508225,0.1391443321808107,0.19681051502343333,0.12094056823961845,0.14930779790017962,0.13077132070136835,0.20516222022429464,medium,0.06142202813780699,0.3512318860297306
2018-11-23,0.25628765988635455,0.05409071318939635,0.17506467908001136,0.14886464263620774,0.1912743171718618,0.12375469205273015,0.16143878188846017,0.13434553332837745,0.1764354182750239,high,0.03221345957152942,0.3575748708819374
2018-11-26,0.05340826462501146,0.10602334461162269,0.1762106930608089,0.14886464263620774,0.18725696120877955,0.12375469205273015,0.16143878188846017,0.13434553332837745,0.1764354182750239,medium,0.05425459653803242,0.33192672402047596
2018-11-27,0.3655143916362245,0.25628765988635455,0.1659976298462155,0.16340640950289173,0.19209961277024742,0.12758181275762268,0.13353239720754556,0.1382705166989637,0.12591694951600363,high,1e-08,0.3168771906641628
2018-11-28,0.03468809308229812,0.05340826462501146,0.15547980746428397,0.16340640950289173,0.18670637942155482,0.12758181275762268,0.13353239720754556,0.1382705166989637,0.12591694951600363,low,1e-08,0.32258053849948937
2018-11-29,0.09675774588239862,0.3655143916362245,0.15940357655826012,0.16336916063748982,0.20194989977540276,0.1492428737483427,0.10774481199301388,0.16003882683974796,0.1153072796831422,medium,1e-08,0.2743120481272634
2018-11-30,0.21019932438813319,0.03468809308229812,0.1569826848896835,0.16336916063748982,0.19598196888040154,0.1492428737483427,0.10774481199301388,0.16003882683974796,0.1153072796831422,high,0.019598981807438742,0.27772884455208763
2018-12-03,0.5143674899395312,0.09675774588239862,0.15068820432764374,0.14766888649504684,0.19148399380094128,0.12091286656017791,0.08933615712814595,0.13226015710384573,0.11045162820996633,high,1e-08,0.23231183142438697
2018-12-04,0.02408528828941316,0.21019932438813319,0.15253572484381392,0.14766888649504684,0.19265818967133225,0.12091286656017791,0.08933615712814595,0.13226015710384573,0.11045162820996633,low,1e-08,0.249741547910114
2018-12-06,0.36885919554176394,0.5143674899395312,0.16823727295696833,0.21623011920789967,0.22530996925788832,0.18942688794358878,0.22420364907038914,0.20105100334032178,0.2291680174013509,high,0.09492597572661632,0.47323807873011714
2018-12-07,0.030119063497912244,0.02408528828941316,0.1650582928281414,0.21623011920789967,0.21852577280240923,0.18942688794358878,0.22420364907038914,0.20105100334032178,0.2291680174013509,low,0.095476597038618,0.36984859167194
2018-12-10,0.003601517759876317,0.36885919554176394,0.17784370186935022,0.21183040420158378,0.2303296093521191,0.18385692430220646,0.23406212810128083,0.19771246049403324,0.25744360063695826,low,0.10853664448899952,0.4924277546676115
2018-12-11,0.07993535325025075,0.030119063497912244,0.17464696584683215,0.21183040420158378,0.2234346765540239,0.18385692430220646,0.23406212810128083,0.19771246049403324,0.25744360063695826,medium,0.13280767503168892,0.41374934919286455
2018-12-12,0.005383712383670523,0.003601517759876317,0.1593626669348539,0.18530524807233584,0.21662975248428754,0.14303924486965053,0.18668579126029222,0.15853616977814033,0.2489160910451571,low,0.10233771671852557,0.4984422335244152
2018-12-13,0.29311621785098757,0.07993535325025075,0.1616866116474876,0.18530524807233584,0.21094103992270924,0.14303924486965053,0.18668579126029222,0.15853616977814033,0.2489160910451571,high,0.1362245191416393,0.42090332842277695
2018-12-14,0.31143330343926756,0.005383712383670523,0.15488277388026586,0.13678191712475254,0.20451917769684919,0.11442682350170974,0.15034769423736732,0.12947170008123798,0.24164885027647875,high,0.07972756490208587,0.39497075290828004
2018-12-17,0.017402695130571248,0.29311621785098757,0.15472353732118405,0.13678191712475254,0.2108872576356469,0.11442682350170974,0.15034769423736732,0.12947170008123798,0.24164885027647875,low,0.11513560855760162,0.4607840760617889
2018-12-18,0.23773256855135916,0.31143330343926756,0.16752956860900792,0.16431622865031698,0.21823031745512445,0.15156844065840505,0.2050339414708207,0.16438768676306978,0.24334582124838378,high,0.09630455535119772,0.4572133886860432
2018-12-19,0.2584032681281481,0.017402695130571248,0.16338742192093542,0.16431622865031698,0.2116250797921621,0.15156844065840505,0.2050339414708207,0.16438768676306978,0.24334582124838378,high,0.12593114225415483,0.4323892178477002
2018-12-20,0.3252655280478276,0.23773256855135916,0.1666626546694974,0.17071609596814424,0.2132816691190742,0.13870526523674911,0.19071245287812452,0.15154045122068108,0.2829637361111125,high,0.15838123947317442,0.4203091792132656
2018-12-21,0.41945393404282155,0.2584032681281481,0.17653161857110447,0.17071609596814424,0.21625462098656667,0.13870526523674911,0.19071245287812452,0.15154045122068108,0.2829637361111125,high,0.15865362864958407,0.4827925806385851
2018-12-24,0.8020599777453296,0.3252655280478276,0.17911146967988925,0.1932777741394739,0.22429435404471268,0.16173883233516223,0.2221996926765199,0.17454312958036577,0.341736118972185,high,0.2040815476891072,0.49584140921360614
2018-12-26,0.12187589943901876,0.41945393404282155,0.18482403059794728,0.1932777741394739,0.24051190404633785,0.16173883233516223,0.2221996926765199,0.17454312958036577,0.341736118972185,medium,0.23133084660212466,0.480979691157575
2018-12-27,0.02047742298265465,0.8020599777453296,0.2188226335323079,0.3296655237778514,0.3049151191770678,0.29955495485441863,0.23743582874974273,0.3149613900592862,0.2586098672686568,low,0.13906956922218297,0.4813774432049191
2018-12-28,0.1390423935559819,0.12187589943901876,0.21954320420628043,0.3296655237778514,0.2971297026560013,0.29955495485441863,0.23743582874974273,0.3149613900592862,0.2586098672686568,high,0.11525683422066921,0.4047194991614064
2018-12-31,0.01651440822546899,0.02047742298265465,0.20882455707429412,0.26274781526684887,0.2881215994672002,0.22956758913553094,0.18849625191655947,0.25104994333678077,0.24249684204402694,low,0.11337485056513318,0.47743062343573406
2019-01-02,0.3788105350520471,0.1390423935559819,0.21271701748024727,0.26274781526684887,0.28141282832719633,0.22956758913553094,0.18849625191655947,0.25104994333678077,0.24249684204402694,high,0.11756351917026471,0.399430578546159
2019-01-03,0.5317278102988664,0.01651440822546899,0.19685338187066748,0.2278580500804161,0.2728698456975919,0.17972285016989853,0.15104743686626795,0.20320160186775563,0.2769763568347383,high,0.09835508304175412,0.4033223117703484
2019-01-04,0.1251648840591468,0.3788105350520471,0.21249531105111064,0.2278580500804161,0.2803574875360939,0.17972285016989853,0.15104743686626795,0.20320160186775563,0.2769763568347383,high,0.17427115706234367,0.4122836942438714
2019-01-07,0.14914623750157524,0.5317278102988664,0.23226667761549552,0.25864067672652175,0.30141063256496375,0.23723265388498285,0.18611728629423227,0.257473821635764,0.1935785496637793,high,0.0485667066086341,0.3586667968080668
2019-01-08,0.07418665722656174,0.1251648840591468,0.22840147578235978,0.25864067672652175,0.29383233680095744,0.23723265388498285,0.18611728629423227,0.257473821635764,0.1935785496637793,medium,0.02618373558148274,0.3659037244626461
2019-01-09,0.0560020042709703,0.14914623750157524,0.2118005097624527,0.22147095775692818,0.2872139823033851,0.1906086965248573,0.1492169605162146,0.2130196960678932,0.1560367332744691,medium,1e-08,0.30496879699841467
2019-01-10,0.006129050500490048,0.07418665722656174,0.2140778447141413,0.22147095775692818,0.27905658734271466,0.1906086965248573,0.1492169605162146,0.2130196960678932,0.1560367332744691,low,0.010473646208357718,0.35575851750494925
2019-01-11,0.09684646551256866,0.0560020042709703,0.19985706329274153,0.19265627190114298,0.27090293034949314,0.14948679497181944,0.12067102887349324,0.17198011712815955,0.172614917566852,medium,0.03345333247940747,0.342166414881429
2019-01-14,0.181932122797633,0.006129050500490048,0.1987666081564951,0.19265627190114298,0.26265442643753034,0.14948679497181944,0.12067102887349324,0.17198011712815955,0.172614917566852,high,0.03809932500347679,0.33139124767441586
2019-01-15,0.038419384848875554,0.09684646551256866,0.20300501487252653,0.1406026557118293,0.2557554713716424,0.11992834009930654,0.10652002991213454,0.13959585284643938,0.15620795294009376,low,0.01884358516103224,0.31824936450163627
2019-01-16,0.12043352941236207,0.181932122797633,0.20764123167013485,0.1406026557118293,0.2519368319771413,0.11992834009930654,0.10652002991213454,0.13959585284643938,0.15620795294009376,medium,0.0322924727276978,0.3284212755004984
2019-01-17,0.21128905007840051,0.038419384848875554,0.20914285314582595,0.13780067371382226,0.24444304084225343,0.10693040455528634,0.08846773160937801,0.12357639101877443,0.1185206696389458,high,1e-08,0.2460010720633555
2019-01-18,0.21447451958116434,0.12043352941236207,0.20129364003497938,0.13780067371382226,0.23882527149285987,0.10693040455528634,0.08846773160937801,0.12357639101877443,0.1185206696389458,high,1e-08,0.41162100042435823
2019-01-22,0.03321838820306456,0.21128905007840051,0.1967416285185763,0.16452866483225473,0.23726323660947118,0.11274798525017986,0.07653759200211767,0.12554680712905997,0.13012542265111549,low,0.0012500466303684652,0.27270010116202287
2019-01-23,0.008437205796850483,0.21447451958116434,0.20569943872087598,0.16452866483225473,0.23595798781264443,0.11274798525017986,0.07653759200211767,0.12554680712905997,0.13012542265111549,low,1e-08,0.2915817973330878
2019-01-24,0.1343199999087692,0.03321838820306456,0.1964033396141353,0.14993667075436934,0.22891441494743206,0.10720845389953804,0.10300969103107845,0.11840498208317236,0.11598747743525804,high,1e-08,0.2860238705077475
2019-01-25,0.12065055813596604,0.008437205796850483,0.18504124587180362,0.14993667075436934,0.22195038183112253,0.10720845389953804,0.10300969103107845,0.11840498208317236,0.11598747743525804,medium,1e-08,0.32416986834791256
2019-01-28,0.021064513365105376,0.1343199999087692,0.1763619036836646,0.15252446115120816,0.21768960796926373,0.09539161290001764,0.08648398952986518,0.10459195572743268,0.12432021736019315,low,1e-08,0.29665712932009725
2019-01-29,0.25130549150943693,0.12065055813596604,0.16277993205153482,0.15252446115120816,0.21311694658908342,0.09539161290001764,0.08648398952986518,0.10459195572743268,0.12432021736019315,high,1e-08,0.27550862050828867
2019-01-30,0.1394137652767865,0.021064513365105376,0.1272801382160701,0.0910308830309757,0.20668895899744016,0.08445548311488708,0.08666658384695627,0.09191046558879722,0.1300071025661027,high,0.007039038196151442,0.2926436026623594
2019-01-31,0.007647097943759212,0.25130549150943693,0.13316330149199818,0.0910308830309757,0.20963390286145692,0.08445548311488708,0.08666658384695627,0.09191046558879722,0.1300071025661027,low,1e-08,0.28113198070146805
2019-02-01,0.11168507773075256,0.1394137652767865,0.1385694988690042,0.1279801964907436,0.2060964888398398,0.10621288756997058,0.0752383753986733,0.1126417416372925,0.07949879801162608,medium,1e-08,0.26159293025113645
2019-02-04,0.06654050090744636,0.007647097943759212,0.13259698543208495,0.1279801964907436,0.19982673904110348,0.10621288756997058,0.0752383753986733,0.1126417416372925,0.07949879801162608,medium,1e-08,0.2495300444886173
2019-02-05,0.020923621635256875,0.11168507773075256,0.13692292495505237,0.12024024024034824,0.19566117523135923,0.09210980603746916,0.06616612287529616,0.09832774796021324,0.09670944393433692,low,1e-08,0.26861619457481545
2019-02-06,0.15132956082837076,0.06654050090744636,0.12272883249393417,0.12024024024034824,0.19039946443990458,0.09210980603746916,0.06616612287529616,0.09832774796021324,0.09670944393433692,high,1e-08,0.26189695854247147
2019-02-07,0.01939131035343133,0.020923621635256875,0.09951046028195192,0.07317952755335712,0.1846702644499175,0.07824617925995453,0.060814330720570686,0.08351399104293984,0.1333816928201076,low,0.005018200652611802,0.2895719351726884
2019-02-08,0.008802116554671275,0.15132956082837076,0.10069976377146211,0.07317952755335712,0.18284134744776076,0.07824617925995453,0.060814330720570686,0.08351399104293984,0.1333816928201076,low,0.024545437519051753,0.2613060833631584
2019-02-11,0.20414284200321198,0.01939131035343133,0.09480181253745555,0.073532525330233,0.1773348871805979,0.07786173362995608,0.07831514269283926,0.08194575256690471,0.12377608636923967,high,1e-08,0.27465952784725256
2019-02-12,0.05153784275855109,0.008802116554671275,0.09182978796146055,0.073532525330233,0.1719460703651717,0.07786173362995608,0.07831514269283926,0.08194575256690471,0.12377608636923967,medium,0.001835501645972405,0.2668517716202945
2019-02-13,0.03521018551321782,0.20414284200321198,0.09856346240383516,0.09942188180441491,0.17404591935363495,0.09082146048923385,0.06870426092426615,0.09379051201290321,0.08580965117548776,low,1e-08,0.22444931008290142
2019-02-14,0.1729903112795351,0.05153784275855109,0.1006274984155652,0.09942188180441491,0.1692153423162486,0.09082146048923385,0.06870426092426615,0.09379051201290321,0.08580965117548776,high,1e-08,0.258036388421201
2019-02-15,0.02747094458786084,0.03521018551321782,0.09782584932468562,0.07866769949505634,0.16428690629665346,0.07715893977534204,0.06339057444994761,0.07999197211538321,0.08345493693594126,low,1e-08,0.23295776507759589
2019-02-19,0.03199293537759296,0.1729903112795351,0.09741940334659027,0.07866769949505634,0.16482207131779805,0.07715893977534204,0.06339057444994761,0.07999197211538321,0.08345493693594126,low,1e-08,0.29468988735235285
2019-02-20,0.056450759507592124,0.02747094458786084,0.0969217469710896,0.0873719319161368,0.15994253796183458,0.08058413467423504,0.058185548576970975,0.0833066426111927,0.07193622584484471,medium,1e-08,0.2632668744761036
2019-02-21,0.09842608624394658,0.03199293537759296,0.09290171996950919,0.0873719319161368,0.1552679342219024,0.08058413467423504,0.058185548576970975,0.0833066426111927,0.07193622584484471,medium,1e-08,0.26766596551274724
2019-02-22,0.021610616148968847,0.056450759507592124,0.08586361585265426,0.07289340797825143,0.15117157407602738,0.07079707676118013,0.0590805618111207,0.07276767568988704,0.08594775335431482,low,1e-08,0.31359421348093286
2019-02-25,0.011360681476867578,0.09842608624394658,0.0805886870645989,0.07289340797825143,0.14853597472432212,0.07079707676118013,0.0590805618111207,0.07276767568988704,0.08594775335431482,low,1e-08,0.22559901010189254
2019-02-26,0.006822450862122593,0.021610616148968847,0.08006106106214,0.0571838778835073,0.14410822587169156,0.06719647647689016,0.055135608185683985,0.06823985386206384,0.07026590894673654,low,1e-08,0.30345156911540017
2019-02-27,0.02955925332324287,0.011360681476867578,0.0801939463203226,0.0571838778835073,0.13974581862463867,0.06719647647689016,0.055135608185683985,0.06823985386206384,0.07026590894673654,low,1e-08,0.2259181049936147
2019-02-28,0.09911296551851394,0.006822450862122593,0.07439860318183866,0.053711235355293,0.13549890384734534,0.059321970885182575,0.05261706833962514,0.058879809489564144,0.08141204594315872,medium,1e-08,0.2371594367731739
2019-03-01,0.05774601310503306,0.02955925332324287,0.07025808932671489,0.053711235355293,0.131570440200768,0.059321970885182575,0.05261706833962514,0.058879809489564144,0.08141204594315872,medium,1e-08,0.24493941687072912
2019-03-04,0.021585679952864388,0.09911296551851394,0.07380574624277891,0.05966998428607733,0.1298519799101226,0.06243686424157013,0.05187774015635903,0.06102648879282691,0.09423521393124867,low,1e-08,0.25542625576275696
2019-03-05,0.09615517445425494,0.05774601310503306,0.06500758813348784,0.05966998428607733,0.1266882812542492,0.06243686424157013,0.05187774015635903,0.06102648879282691,0.09423521393124867,medium,1e-08,0.25810793164588236
2019-03-06,0.13279656679659538,0.021585679952864388,0.059651766073309555,0.048298463030919475,0.12294259581393283,0.05848296851168392,0.055059930574624244,0.05626864227485362,0.10287545911725726,high,1e-08,0.26532772963596746
2019-03-07,0.03174686503415159,0.09615517445425494,0.06367486046015026,0.048298463030919475,0.12150200824677616,0.05848296851168392,0.055059930574624244,0.05626864227485362,0.10287545911725726,low,1e-08,0.2489406457981618
2019-03-08,0.23019917266060133,0.13279656679659538,0.06463447359950676,0.07133830633345016,0.12220912165913572,0.07185150209851436,0.08256044856145305,0.07052070216057653,0.12479113728584326,high,5.873727874630591e-05,0.27443798348096926
2019-03-11,0.05986959857492236,0.03174686503415159,0.06305294469617519,0.07133830633345016,0.11874105043356063,0.07185150209851436,0.08256044856145305,0.07052070216057653,0.12479113728584326,medium,1e-08,0.293627161949306
2019-03-12,0.1050758200186484,0.23019917266060133,0.07256546974278176,0.09633300078129613,0.12819114782308094,0.09422742295719432,0.07279950763807891,0.09441666744101518,0.06797191092923865,medium,1e-08,0.23342243289517026
2019-03-13,0.010154436444551673,0.05986959857492236,0.06840819873126136,0.09633300078129613,0.12514812938034026,0.09422742295719432,0.07279950763807891,0.09441666744101518,0.06797191092923865,low,1e-08,0.2271952676555225
2019-03-14,0.07842402200009206,0.1050758200186484,0.07230294917058941,0.08674372560404432,0.1240354252111467,0.08519632645904412,0.06462061649400201,0.08626349715968336,0.06447411144350024,medium,1e-08,0.20571885089345684
2019-03-15,0.05755461881274052,0.010154436444551673,0.07236441825649308,0.08674372560404432,0.12028252682597651,0.08519632645904412,0.06462061649400201,0.08626349715968336,0.06447411144350024,medium,1e-08,0.20158818444398496
2019-03-18,0.003938163108251463,0.07842402200009206,0.06664992643816943,0.07809747226141758,0.11818981647190889,0.07512949758251145,0.058980539451889656,0.07615242952790292,0.0648631108506513,low,1e-08,0.18436594692061592
2019-03-19,0.04778515961999746,0.05755461881274052,0.0669234162588144,0.07809747226141758,0.11545325808916995,0.07512949758251145,0.058980539451889656,0.07615242952790292,0.0648631108506513,medium,1e-08,0.22839048177822172
2019-03-20,0.17930323103201812,0.003938163108251463,0.0655019606949523,0.05224371216968277,0.11194024326809483,0.06615151993257011,0.054925702336915246,0.06651879391301792,0.08409207501190782,high,1e-08,0.26193079709958766
2019-03-21,0.3055261316105016,0.04778515961999746,0.059810817437700586,0.05224371216968277,0.10915945340619636,0.06615151993257011,0.054925702336915246,0.06651879391301792,0.08409207501190782,high,1e-08,0.24906964338718635
2019-03-22,0.011937091430121963,0.17930323103201812,0.0667122850033441,0.07708013853549964,0.11458541797006484,0.08105719701882928,0.0551964575752659,0.08137876579553499,0.1391510195703045,low,0.007278870499858603,0.2804336029966414
2019-03-25,0.11832462939434651,0.3055261316105016,0.07914561210483995,0.07708013853549964,0.1339507445164253,0.08105719701882928,0.0551964575752659,0.08137876579553499,0.1391510195703045,medium,0.014353143351991797,0.3132228935881439
2019-03-26,0.08300478791294776,0.011937091430121963,0.07712226355586403,0.09298820657426429,0.12990297721077465,0.10628154480958389,0.12280943276133811,0.10935292561028309,0.10707446598126136,medium,1e-08,0.26947142879121017
2019-03-27,0.06016354184518623,0.11832462939434651,0.07802674278997311,0.09298820657426429,0.12923753152319264,0.10628154480958389,0.12280943276133811,0.10935292561028309,0.10707446598126136,medium,1e-08,0.25022035297943834
2019-03-28,0.1001085451325246,0.08300478791294776,0.08081738696106307,0.10347668147717548,0.12693930388159583,0.09474867377256141,0.10656571136956881,0.09886314508477272,0.11112751629122546,medium,1e-08,0.23687342296573044
2019-03-29,0.1882555129389549,0.06016354184518623,0.08303569879598664,0.10347668147717548,0.12395140484798439,0.09474867377256141,0.10656571136956881,0.09886314508477272,0.11112751629122546,high,1e-08,0.2754163293581854
2019-04-01,0.007777996906548771,0.1001085451325246,0.08727597580827764,0.07603283042056656,0.12265160808760167,0.0850275206994564,0.0892596483800856,0.0890022738946312,0.07169978193568087,low,1e-08,0.24202301774609714
2019-04-02,0.02497368506375376,0.1882555129389549,0.09448944215444638,0.07603283042056656,0.12754301328414935,0.0850275206994564,0.0892596483800856,0.0890022738946312,0.07169978193568087,low,1e-08,0.24919307735406931
2019-04-03,0.04212759346727319,0.007777996906548771,0.09033785267208433,0.0777374957354382,0.12367221538202247,0.08687494964879679,0.07717426562770903,0.0908530757227631,0.06461323021841917,low,1e-08,0.2222819795694042
2019-04-04,0.07683381198423749,0.02497368506375376,0.08884820139748072,0.0777374957354382,0.12006060529077524,0.08687494964879679,0.07717426562770903,0.0908530757227631,0.06461323021841917,medium,1e-08,0.18338162856276466
2019-04-05,0.012102252242214721,0.04212759346727319,0.08978192473904476,0.07772250398111635,0.1168595740797506,0.07373640137655149,0.06744176183746604,0.0770772577030516,0.05639488207389159,low,1e-08,0.19104677573193105
2019-04-08,0.08135143734692363,0.07683381198423749,0.08890368099040759,0.07772250398111635,0.11485206367626322,0.07373640137655149,0.06744176183746604,0.0770772577030516,0.05639488207389159,medium,1e-08,0.1817282351201769
2019-04-09,0.05414304345561201,0.012102252242214721,0.08341757578339029,0.05460437673912477,0.11139265958497753,0.06669448187712297,0.0607705105081476,0.06875839530565332,0.0547480295900982,medium,1e-08,0.21264100799138658
2019-04-10,0.004407976597655381,0.08135143734692363,0.08567232907033448,0.05460437673912477,0.10982216768191398,0.06669448187712297,0.0607705105081476,0.06875839530565332,0.0547480295900982,low,1e-08,0.2671856581015975
2019-04-11,0.10740873172449282,0.05414304345561201,0.07766977774283496,0.06082606886149229,0.10729931105450465,0.06475968057387856,0.06334085203882776,0.06554789328286081,0.048731921630276474,medium,1e-08,0.1987149224326211
2019-04-12,0.010393829394351144,0.004407976597655381,0.07514879492568646,0.06082606886149229,0.10403614486833983,0.06475968057387856,0.06334085203882776,0.06554789328286081,0.048731921630276474,low,1e-08,0.21084020878194792
2019-04-15,0.010400639209838077,0.10740873172449282,0.07525483636686121,0.06697768091724021,0.10424157717418737,0.06628737956304487,0.05854209311197331,0.06602336751576357,0.04234644438439966,low,1e-08,0.24552016666279025
2019-04-16,0.0388397091276774,0.010393829394351144,0.07526571786457936,0.06697768091724021,0.10109802138729061,0.06628737956304487,0.05854209311197331,0.06602336751576357,0.04234644438439966,low,1e-08,0.24953921725560285
2019-04-17,0.031256108225199135,0.010400639209838077,0.07217374591956782,0.054886958708265286,0.09805127092739777,0.058785307042213734,0.054800321993196476,0.05762317430301145,0.060491575468129624,low,1e-08,0.2700737610166384
2019-04-18,0.013680937052265252,0.0388397091276774,0.0713230682066104,0.054886958708265286,0.09553910197901504,0.058785307042213734,0.054800321993196476,0.05762317430301145,0.060491575468129624,low,1e-08,0.22315654030470272
2019-04-22,0.14274060449979517,0.031256108225199135,0.07256479298465347,0.05615480091340729,0.09294446441086396,0.05556207732443891,0.0538971661978656,0.05333206974472146,0.037508911060083465,high,1e-08,0.2075449966733116
2019-04-23,0.03522896385006307,0.013680937052265252,0.07101460104975656,0.05615480091340729,0.09017529117814202,0.05556207732443891,0.0538971661978656,0.05333206974472146,0.037508911060083465,low,1e-08,0.2035541543080991
2019-04-24,0.009777326319605505,0.14274060449979517,0.06935266348011007,0.06914493878624664,0.09416040017489812,0.06760152251428354,0.052469851991281666,0.06556283256411691,0.06167682011360212,low,1e-08,0.28134816436476906
2019-04-25,0.0739192735047939,0.03522896385006307,0.05706642858190831,0.06914493878624664,0.0916988271302751,0.06760152251428354,0.052469851991281666,0.06556283256411691,0.06167682011360212,medium,1e-08,0.19265088392218188
2019-04-26,0.024886629399754022,0.009777326319605505,0.05696825744052121,0.049861212069467635,0.08893756332305038,0.06029939758884525,0.05228146779613112,0.057966101403033696,0.06054979510514435,low,1e-08,0.1964251349791929
2019-04-29,0.008103218947000723,0.0739192735047939,0.05494983217281427,0.049861212069467635,0.08810868458545781,0.06029939758884525,0.05228146779613112,0.057966101403033696,0.06054979510514435,low,1e-08,0.3287197810104984
2019-04-30,0.11931700390491325,0.024886629399754022,0.052308097694941824,0.05176745515408962,0.08564176866920575,0.058617551425970346,0.050626395455061944,0.056002984543728006,0.05247128457903519,medium,1e-08,0.28941701832446837
2019-05-01,0.03427266082239489,0.008103218947000723,0.04994171938138794,0.05176745515408962,0.08305649593969486,0.058617551425970346,0.050626395455061944,0.056002984543728006,0.05247128457903519,low,1e-08,0.2896710192575646
2019-05-02,0.15537791988556846,0.11931700390491325,0.05081483114376924,0.05592094480979541,0.08566604620247406,0.06479020079540249,0.06919552071001847,0.0624033894930849,0.08194514758556705,high,1e-08,0.2228297977169464
2019-05-03,0.06533000786804953,0.03427266082239489,0.043815610593016516,0.05592094480979541,0.08347950706872538,0.06479020079540249,0.06919552071001847,0.0624033894930849,0.08194514758556705,medium,1e-08,0.2249698707642592
2019-05-06,0.26510148833283786,0.15537791988556846,0.05052469800115377,0.06622324483270152,0.08943844975003255,0.07497212690818535,0.06389216328185437,0.07341312530303658,0.08118890590824494,high,1e-08,0.24474945383969146
2019-05-07,0.02205623647684106,0.06533000786804953,0.05235907631043995,0.06622324483270152,0.088178017168397,0.07497212690818535,0.06389216328185437,0.07341312530303658,0.08118890590824494,low,1e-08,0.27069774755220155
2019-05-08,0.048026762868867916,0.26510148833283786,0.062494253349783785,0.10314085275157393,0.10735720234815296,0.10478502762114786,0.12583150591189626,0.10531889255049855,0.11673411780083467,medium,1e-08,0.2769334180585895
2019-05-09,0.07974408557486544,0.02205623647684106,0.06000436355399305,0.10314085275157393,0.10422678838145338,0.10478502762114786,0.12583150591189626,0.10531889255049855,0.11673411780083467,medium,1e-08,0.2722254235462867
2019-05-10,0.39892734659939666,0.048026762868867916,0.06163729585520456,0.08262170551988676,0.10173408577479466,0.08618424338580459,0.10505500466657826,0.0882665064052829,0.13403195423041395,high,0.00022275558509007864,0.29796317344020135
2019-05-13,0.14356131890961285,0.07974408557486544,0.061564234411020095,0.08262170551988676,0.10055039486236524,0.08618424338580459,0.10505500466657826,0.0882665064052829,0.13403195423041395,high,0.030514543088401187,0.32403568550439743
2019-05-14,0.09298727380071209,0.39892734659939666,0.07723624819028302,0.14804420353777148,0.13803021649062583,0.14337922244142157,0.1870239275288387,0.14677360905623377,0.14312908330253224,medium,1e-08,0.30211477256530506
2019-05-15,0.14701332933359884,0.14356131890961285,0.08356140011355383,0.14804420353777148,0.13836831776749384,0.14337922244142157,0.1870239275288387,0.14677360905623377,0.14312908330253224,high,0.03617937265850423,0.35725964301166174
2019-05-16,0.10263254140357152,0.09298727380071209,0.08290587929883651,0.11865354423528712,0.13607292848113137,0.12208303229553798,0.14980423024062353,0.1285909932474284,0.09775998138550923,medium,1e-08,0.2377549807201711
2019-05-17,0.10495980245172432,0.14701332933359884,0.08911585656880232,0.11865354423528712,0.13675403648013532,0.12208303229553798,0.14980423024062353,0.1285909932474284,0.09775998138550923,medium,1e-08,0.2281795685670726
2019-05-20,0.1431221695299197,0.10263254140357152,0.09330821575942658,0.12531822041322044,0.13495026053065223,0.10937203922638339,0.12912456148385254,0.11694667636170972,0.1171801077598573,high,1e-08,0.241925620291607
2019-05-21,0.04876081546839114,0.10495980245172432,0.09631367454688325,0.12531822041322044,0.13334118664574632,0.10937203922638339,0.12912456148385254,0.11694667636170972,0.1171801077598573,medium,1e-08,0.28072278883845797
2019-05-22,0.19396288177144067,0.1431221695299197,0.10139849551527966,0.0995570185600566,0.13394818795858002,0.10224581445708984,0.1129329559047363,0.10964923423147459,0.08958906286621042,high,1e-08,0.29495821719739507
2019-05-23,0.03600769852048137,0.04876081546839114,0.10299303544328535,0.0995570185600566,0.13041567030634163,0.10224581445708984,0.1129329559047363,0.10964923423147459,0.08958906286621042,low,1e-08,0.2615763002438303
2019-05-24,0.14763862958798352,0.19396288177144067,0.1053213207738147,0.10726793231924925,0.1350742322135135,0.10291928703742764,0.12404513943295249,0.10959267465004854,0.10021788511553455,high,1e-08,0.26151788785405367
2019-05-28,0.10653198573586879,0.03600769852048137,0.10535671780428825,0.10726793231924925,0.1312560039645824,0.10291928703742764,0.12404513943295249,0.10959267465004854,0.10021788511553455,medium,1e-08,0.26284530048200994
2019-05-29,0.0433575591498993,0.14763862958798352,0.11162314068012363,0.10525475748236379,0.1322961834632523,0.09548033359747433,0.11855645966425855,0.10183588282798445,0.12562583654329337,low,1e-08,0.3058414851767459
2019-05-30,0.2139095718887895,0.10653198573586879,0.11310553669062702,0.10525475748236379,0.13089341919476166,0.09548033359747433,0.11855645966425855,0.10183588282798445,0.12562583654329337,high,1e-08,0.42133137643062607
2019-05-31,0.04036918654100324,0.0433575591498993,0.11394512440654272,0.09507813992411068,0.12734949797039674,0.08446934553667843,0.10525701704232752,0.09044104635443558,0.13266750121742255,low,0.008861710851542994,0.28494044954743936
2019-06-03,0.34457749172712615,0.2139095718887895,0.12329995863116948,0.09507813992411068,0.1341277721132058,0.08446934553667843,0.10525701704232752,0.09044104635443558,0.13266750121742255,high,1e-08,0.3379423259708537
2019-06-04,0.13750663498494625,0.04036918654100324,0.11971142147826447,0.09918117390274525,0.1304171153271222,0.09159839473068557,0.1182001239249277,0.09716410341891767,0.09972086476589616,high,1e-08,0.336392594911956
2019-06-05,0.10323047508380015,0.34457749172712615,0.13381618651938865,0.09918117390274525,0.15202672594096894,0.09159839473068557,0.1182001239249277,0.09716410341891767,0.09972086476589616,medium,1e-08,0.2541322701762418
2019-06-06,0.1588567512136418,0.13750663498494625,0.13300385538754214,0.13471100379324707,0.15119484897377836,0.12594117354398932,0.10015057755620943,0.13247967291271617,0.05953406184008125,high,1e-08,0.19602028847866593
2019-06-07,0.07284762444318066,0.10323047508380015,0.13472660389734903,0.13471100379324707,0.14875376053731565,0.12594117354398932,0.10015057755620943,0.13247967291271617,0.05953406184008125,medium,1e-08,0.22453039977857112
2019-06-10,0.003848600596518806,0.1588567512136418,0.1298972976646583,0.13216195483283683,0.14937921020651648,0.11466845104752141,0.0851971849590247,0.12241752682625895,0.09241139995552201,low,1e-08,0.27381475489915746
2019-06-11,0.02802267066584,0.07284762444318066,0.13220599711767372,0.13216195483283683,0.1459236311178836,0.11466845104752141,0.0851971849590247,0.12241752682625895,0.09241139995552201,low,1e-08,0.2181518005908704
2019-06-12,0.06550745382406029,0.003848600596518806,0.13019789883256697,0.09429772410719364,0.14148135020243324,0.09419826069543315,0.07343869917487596,0.102395077863091,0.08140450394387772,medium,1e-08,0.2205358969443845
2019-06-13,0.01754778550520575,0.02802267066584,0.12784692542761122,0.09429772410719364,0.13734289319827261,0.09419826069543315,0.07343869917487596,0.102395077863091,0.08140450394387772,low,1e-08,0.21000594225066696
2019-06-14,0.006034833898864186,0.06550745382406029,0.11269147575600505,0.08119395205109091,0.1341221819228217,0.08044686692242696,0.06583462136602125,0.08742679761635581,0.08267980190019537,low,1e-08,0.2726296564976994
2019-06-17,0.166225670576423,0.01754778550520575,0.10696358787398653,0.08119395205109091,0.1301073002920373,0.08044686692242696,0.06583462136602125,0.08742679761635581,0.08267980190019537,high,1e-08,0.22985535970531862
2019-06-18,0.035831197358632064,0.006034833898864186,0.10301120424208436,0.05719983080663181,0.12615236885265627,0.06825924426005704,0.059992448334804334,0.07332598238234656,0.058639099910868256,low,1e-08,0.1814887607676145
2019-06-19,0.15167263750903623,0.166225670576423,0.10388449248039455,0.05719983080663181,0.12890854653832431,0.06825924426005704,0.059992448334804334,0.07332598238234656,0.058639099910868256,high,1e-08,0.21989919043936043
2019-06-20,0.023073705856876896,0.035831197358632064,0.10084806775107912,0.07619220808167382,0.12528926949517713,0.07542891943762307,0.05652053670600122,0.07904580601031962,0.0630411937467171,low,1e-08,0.21911027227981308
2019-06-21,0.019441144124987257,0.15167263750903623,0.1029713784355024,0.07619220808167382,0.1270268960721857,0.07542891943762307,0.05652053670600122,0.07904580601031962,0.0630411937467171,low,1e-08,0.20929135684439315
2019-06-24,0.1556925210664679,0.023073705856876896,0.0975146300867277,0.08188943384729735,0.12328676384879284,0.07666818462881834,0.05500757370222256,0.0797444370740658,0.06768630671383982,high,1e-08,0.22182038977772886
2019-06-25,0.015832979885433095,0.019441144124987257,0.09618191775293665,0.08188943384729735,0.1196257750527989,0.07666818462881834,0.05500757370222256,0.0797444370740658,0.06768630671383982,low,1e-08,0.21785983248986354
2019-06-26,0.05628880470963205,0.1556925210664679,0.09444235590271059,0.08942884771340058,0.1220906063566146,0.08118749914926626,0.08250485663543508,0.08339488806477516,0.07366888140512234,medium,1e-08,0.21924364697301615
2019-06-27,0.08169031734475334,0.015832979885433095,0.09352532323748114,0.08942884771340058,0.1184347507533892,0.08118749914926626,0.08250485663543508,0.08339488806477516,0.07366888140512234,medium,1e-08,0.2345753150664399
2019-06-28,0.1441106957747187,0.05628880470963205,0.08937305847028333,0.0727420757625779,0.11565158255291937,0.07105065015529113,0.07201306035151578,0.07286811751955753,0.04130180628192939,high,1e-08,0.23120765870951507
2019-07-01,0.04133933628606943,0.08169031734475334,0.08824389172523263,0.0727420757625779,0.1138998231387926,0.07105065015529113,0.07201306035151578,0.07286811751955753,0.04130180628192939,low,1e-08,0.22039581503018793
2019-07-02,0.12692215665089698,0.1441106957747187,0.09282357975363352,0.09012038925709388,0.11593469319658266,0.07897649510480531,0.06478944829157288,0.08019147541328747,0.04000837044209831,high,1e-08,0.21930951363879586
2019-07-03,0.018063142854268337,0.04133933628606943,0.08497947813532805,0.09012038925709388,0.11285804510474638,0.07897649510480531,0.06478944829157288,0.08019147541328747,0.04000837044209831,low,1e-08,0.20242993531104372
2019-07-05,0.0872268269159787,0.12692215665089698,0.08891370404941414,0.08468851850449703,0.1137509387878094,0.07837768465439172,0.05968782967014806,0.07951157153681389,0.06583816669041721,medium,1e-08,0.2223450309265505
2019-07-08,0.019790141302503055,0.018063142854268337,0.0740721427370115,0.08468851850449703,0.1103743454720702,0.07837768465439172,0.05968782967014806,0.07951157153681389,0.06583816669041721,low,1e-08,0.2762340424844509
2019-07-09,0.07584758671262841,0.0872268269159787,0.07178669691569481,0.07120588494198125,0.1091240465255685,0.0721534867490647,0.06632384147277566,0.07293876605073021,0.06593671338143518,medium,1e-08,0.28048396893301664
2019-07-10,0.037212061003602775,0.019790141302503055,0.06799395447109038,0.07120588494198125,0.10591068435183465,0.0721534867490647,0.06632384147277566,0.07293876605073021,0.06593671338143518,low,1e-08,0.19146318670713802
2019-07-11,0.07107272581042338,0.07584758671262841,0.06422081063013524,0.06117523047273367,0.10435142577315029,0.06710421247174236,0.060526101232255526,0.06721362448148933,0.05382640974099416,medium,1e-08,0.21454272527160007
2019-07-12,0.005279682967742893,0.037212061003602775,0.0626010122919726,0.06117523047273367,0.10158223814370348,0.06710421247174236,0.060526101232255526,0.06721362448148933,0.05382640974099416,low,1e-08,0.21691315965181507
2019-07-15,0.05120621857102133,0.07107272581042338,0.06565665434715008,0.056084703788386654,0.1000144688590329,0.06404549842715006,0.05653269923664966,0.06331226510246894,0.055318234294739456,medium,1e-08,0.24072856596998518
2019-07-16,0.10802101210841666,0.005279682967742893,0.06462288217905476,0.056084703788386654,0.09697624887269864,0.06404549842715006,0.05653269923664966,0.06331226510246894,0.055318234294739456,medium,1e-08,0.2587109663545243
2019-07-17,0.05811927862598303,0.05120621857102133,0.06397282603118935,0.05131212442429192,0.09485490964581118,0.059541853912263534,0.05749443641470561,0.05772489720010232,0.06256598020972146,medium,1e-08,0.20215013342901475
2019-07-18,0.08818617844812791,0.10802101210841666,0.0680852454222444,0.05131212442429192,0.09569597167224807,0.059541853912263534,0.05749443641470561,0.05772489720010232,0.06256598020972146,medium,1e-08,0.27684699070545604
2019-07-19,0.03898978867757575,0.05811927862598303,0.07045272018256797,0.05763670515117555,0.09386653763465574,0.06407846311454772,0.06683542945004813,0.06219107882325343,0.07455851398992638,low,1e-08,0.1998377833692156
2019-07-22,0.11350656363169426,0.08818617844812791,0.06690547054037276,0.05763670515117555,0.09353544461018107,0.06407846311454772,0.06683542945004813,0.06219107882325343,0.07455851398992638,medium,1e-08,0.23662724808909014
2019-07-23,0.07460344993658445,0.03898978867757575,0.06704904287305201,0.056482175504980026,0.09118749284735334,0.0632815434898033,0.06856311235462258,0.06136637450101707,0.05081391647987644,medium,1e-08,0.22044229252007067
2019-07-24,0.07583104387571325,0.11350656363169426,0.06531422133317283,0.056482175504980026,0.09267833468469047,0.0632815434898033,0.06856311235462258,0.06136637450101707,0.05081391647987644,medium,1e-08,0.1945148203092718
2019-07-25,0.10635763053136886,0.07460344993658445,0.06765648242770499,0.06036323882306653,0.09169437158996335,0.06825115977533625,0.0620985845220908,0.06679889607423942,0.04974638961672069,medium,1e-08,0.23131000756203238
2019-07-26,0.02891281334330541,0.07583104387571325,0.07021965968910161,0.06036323882306653,0.09082074183422201,0.06825115977533625,0.0620985845220908,0.06679889607423942,0.04974638961672069,low,1e-08,0.203073094887491
2019-07-29,0.03896220588116125,0.10635763053136886,0.06797716466477893,0.06429945032318904,0.09182711719755841,0.0710580054766976,0.06372738944519127,0.06989500019989672,0.052881526963599115,low,1e-08,0.1403326342474107
2019-07-30,0.1736764481375062,0.02891281334330541,0.06857170254922768,0.06429945032318904,0.08931093624059021,0.0710580054766976,0.06372738944519127,0.06989500019989672,0.052881526963599115,high,1e-08,0.21504680185430644
2019-07-31,0.13822889621171713,0.03896220588116125,0.06778412987520627,0.054198937955374074,0.08711452198955166,0.06334293341426887,0.06130153341375661,0.061898129801789235,0.09866032357709276,high,1e-08,0.24842232362645175
2019-08-01,0.11953277980352343,0.1736764481375062,0.07196531763851323,0.054198937955374074,0.09456962547900669,0.06334293341426887,0.06130153341375661,0.061898129801789235,0.09866032357709276,medium,1e-08,0.24165260662360377
2019-08-02,0.47739306849760776,0.13822889621171713,0.07169796311292226,0.07774929465690839,0.09774069205975469,0.08479891237588395,0.102052618304732,0.08452899578521228,0.14856939945236144,high,0.01969470173231047,0.32542548386336134
2019-08-05,0.2226072541512167,0.11953277980352343,0.07525221054553378,0.07774929465690839,0.09918333246122589,0.08479891237588395,0.102052618304732,0.08452899578521228,0.14856939945236144,high,0.005215087604946698,0.29492466943829904
2019-08-06,0.009373976166659847,0.47739306849760776,0.0911827065385661,0.165299743228561,0.15139795884621737,0.16988330513191183,0.22213268887520984,0.1705934670574905,0.15268936400635258,low,0.023436930707923687,0.3554821399915051
2019-08-07,0.311457555832819,0.2226072541512167,0.10048016614297285,0.165299743228561,0.1565864004384721,0.16988330513191183,0.22213268887520984,0.1705934670574905,0.15268936400635258,high,0.017975382770538336,0.27970089485092825
2019-08-08,0.1081273446134604,0.009373976166659847,0.09694140019982199,0.13448296902245174,0.15183351092526076,0.1436130193784391,0.1768067579593505,0.15039665502599492,0.10418221937840112,medium,1e-08,0.367165008798528
2019-08-09,0.19324535773421175,0.311457555832819,0.11019900995119998,0.13448296902245174,0.16580277043107275,0.1436130193784391,0.1768067579593505,0.15039665502599492,0.10418221937840112,high,1e-08,0.259960315858181
2019-08-12,0.24687245533694804,0.1081273446134604,0.11166627167396506,0.15881007745468592,0.1629190489809321,0.14437320722438873,0.14993769053807277,0.15376390168765386,0.15352911803277053,high,0.023950260850515756,0.2753040173600538
2019-08-13,0.46937041672836083,0.19324535773421175,0.11875869425262912,0.15881007745468592,0.1648959842650805,0.14437320722438873,0.14993769053807277,0.15376390168765386,0.15352911803277053,high,0.058312853868029826,0.3092876237962628
2019-08-14,0.041941424767958646,0.24687245533694804,0.12674959104928932,0.14734997690827578,0.17092689970098418,0.14648484364188694,0.1416382516833356,0.1565528185051875,0.16636597965827682,low,0.018455564351536446,0.38067706037943255
2019-08-15,0.2342222336554408,0.46937041672836083,0.1478446244020447,0.14734997690827578,0.201696703059054,0.14648484364188694,0.1416382516833356,0.1565528185051875,0.16636597965827682,high,0.00976339495106042,0.3554093762575932
2019-08-16,0.19125774691001768,0.041941424767958646,0.1474234974109964,0.16187668899885144,0.19582188695366168,0.172310699319302,0.20888736398997385,0.1840924231865815,0.13372423590920593,high,0.0018372631404460337,0.3052633748613216
2019-08-19,0.12164110106459555,0.2342222336554408,0.15315991657222475,0.16187668899885144,0.19833568012286576,0.172310699319302,0.20888736398997385,0.1840924231865815,0.13372423590920593,medium,1e-08,0.27299134791322455
2019-08-20,0.1291425887190998,0.19125774691001768,0.15921166513058996,0.18145410779640744,0.1979181422568369,0.1590295279409239,0.16761039865851513,0.17287941005580149,0.09848826931567219,high,1e-08,0.2547130477580056
2019-08-21,0.004880557935940607,0.12164110106459555,0.1607323434313385,0.18145410779640744,0.19418828239733238,0.1590295279409239,0.16761039865851513,0.17287941005580149,0.09848826931567219,low,1e-08,0.23981273641308465
2019-08-22,0.4077828025493126,0.1291425887190998,0.1648301979786805,0.13618005368746644,0.19091152970018538,0.13361660765446096,0.14215050658513567,0.14910582838920675,0.10168120336538919,high,1e-08,0.2704861416127501
2019-08-23,0.17555561887892573,0.004880557935940607,0.15989265226523716,0.13618005368746644,0.18509945605771738,0.13361660765446096,0.14215050658513567,0.14910582838920675,0.10168120336538919,high,1e-08,0.2555270035917513
2019-08-26,0.0622905816583365,0.4077828025493126,0.17503716829308844,0.18113292732372044,0.20538575646375623,0.1662020599699269,0.2051895883196916,0.17762429608807145,0.15019523561768447,medium,0.0413787709399454,0.32349494669498435
2019-08-27,0.1117853064397625,0.17555561887892573,0.17957010352050717,0.18113292732372044,0.20371916193597445,0.1662020599699269,0.2051895883196916,0.17762429608807145,0.15019523561768447,medium,0.018467673890302995,0.3149574190632293
2019-08-28,0.20275763274692607,0.0622905816583365,0.17756705584446025,0.1563856791463125,0.19810152477278425,0.13832016045609444,0.16629988755276434,0.15242043384989243,0.1411328527465467,high,0.016208887980664503,0.2744923763517383
2019-08-29,0.007051441108992761,0.1117853064397625,0.18133398734884468,0.1563856791463125,0.19400855278676205,0.13832016045609444,0.16629988755276434,0.15242043384989243,0.1411328527465467,low,0.002161062938605489,0.32878257103331576
2019-08-30,0.09281843984584678,0.20275763274692607,0.1887792340245613,0.17345372712669957,0.1945445936009974,0.12914339272993522,0.1350610723017013,0.1423630823388777,0.09463144517659557,medium,1e-08,0.252766245563821
2019-09-03,0.18018300130232498,0.007051441108992761,0.18120537006871973,0.17345372712669957,0.1886258898844944,0.12914339272993522,0.1350610723017013,0.1423630823388777,0.09463144517659557,high,1e-08,0.28397504704098564
2019-09-04,0.20407515743340265,0.09281843984584678,0.17914125841572565,0.12499474564362724,0.1842874345178189,0.10562911763708027,0.11689307761951553,0.11901416480377015,0.0793689332375658,high,1e-08,0.2615215994339955
2019-09-05,0.012260817458904942,0.18018300130232498,0.18189808666567114,0.12499474564362724,0.18404374981886415,0.10562911763708027,0.11689307761951553,0.11901416480377015,0.0793689332375658,low,1e-08,0.21554338935961057
2019-09-06,0.007988608891295244,0.20407515743340265,0.16947454525366182,0.14164471313174387,0.18530670772919533,0.11723728833809202,0.09819648071705925,0.12740162845914038,0.07255233231732985,low,1e-08,0.22440760104485247
2019-09-09,0.0037239887251043816,0.012260817458904942,0.15991334358582945,0.14164471313174387,0.17968661895743113,0.11723728833809202,0.09819648071705925,0.12740162845914038,0.07255233231732985,low,1e-08,0.19684404600679625
2019-09-10,0.1128821835965493,0.007988608891295244,0.15985037234604016,0.11609576821592708,0.17422362997806282,0.09329712032740593,0.08281107983840978,0.10408497700879082,0.08599235901456972,medium,1e-08,0.2507085582317716
2019-09-11,0.05498291770840481,0.0037239887251043816,0.14586248293205314,0.11609576821592708,0.16891853934275675,0.09329712032740593,0.08281107983840978,0.10408497700879082,0.08599235901456972,medium,1e-08,0.2429902952485454
2019-09-12,0.010540489214121039,0.1128821835965493,0.14607861197673902,0.11008422897678677,0.16609036034665145,0.08430695557089218,0.07191290785122968,0.09304490060643135,0.05070403467011386,low,1e-08,0.19375490900945572
2019-09-13,0.04903322069555659,0.05498291770840481,0.1397939556119296,0.11008422897678677,0.16159280493406705,0.08430695557089218,0.07191290785122968,0.09304490060643135,0.05070403467011386,medium,1e-08,0.22402759112116732
2019-09-16,0.04019716773362375,0.010540489214121039,0.12905159351543746,0.08142445594259744,0.15669131004891196,0.07205280945354309,0.06406660135221373,0.0789013058155223,0.060634331753547,low,1e-08,0.21334284519099608
2019-09-17,0.00949348045276291,0.04903322069555659,0.10994535733212817,0.08142445594259744,0.15239190283627393,0.07205280945354309,0.06406660135221373,0.0789013058155223,0.060634331753547,low,1e-08,0.21164210234646846
2019-09-18,0.0010540032247132148,0.04019716773362375,0.1098660729214766,0.07528778955238322,0.14807715308137523,0.064943294290114,0.06122122573020005,0.06914371373240327,0.05397633284614968,low,1e-08,0.2687145442375713
2019-09-19,0.07500095288612159,0.00949348045276291,0.09965112959408215,0.07528778955238322,0.14358495826189577,0.064943294290114,0.06122122573020005,0.06914371373240327,0.05397633284614968,medium,1e-08,0.23790869608962692
2019-09-20,0.0037237359621833228,0.0010540032247132148,0.09100550488111377,0.0549244786763846,0.13921102140309866,0.05774967413648772,0.05649828850183679,0.0591501592298948,0.06827257405160748,low,1e-08,0.222490103595077
2019-09-23,0.12457166895308318,0.07500095288612159,0.08888549814572858,0.0549244786763846,0.13621466348127845,0.05774967413648772,0.05649828850183679,0.0591501592298948,0.06827257405160748,high,1e-08,0.22361675101231263
2019-09-24,0.09389313370555191,0.0037237359621833228,0.08318464120223237,0.0568979727820871,0.13206816591082735,0.057030965191518575,0.06017160410752998,0.0563165214504056,0.08860322450844296,medium,1e-08,0.2662576833014327
2019-09-25,0.03306708842086162,0.12457166895308318,0.08862514624846612,0.0568979727820871,0.13163041617564014,0.057030965191518575,0.06017160410752998,0.0563165214504056,0.08860322450844296,low,1e-08,0.28441155026905995
2019-09-26,0.085518217284638,0.09389313370555191,0.07435743402829519,0.06803814837120743,0.12967624188046478,0.06934973866568908,0.07251514538200181,0.06822636602123731,0.08008817977188869,medium,1e-08,0.2941451907428866
2019-09-27,0.07362106495328237,0.03306708842086162,0.06788068264383773,0.06803814837120743,0.12598641984731662,0.06934973866568908,0.07251514538200181,0.06822636602123731,0.08008817977188869,medium,1e-08,0.23517402165359835
2019-09-30,0.18882153659705295,0.085518217284638,0.06893648426321507,0.06660946290715526,0.12393153446980407,0.06683588803337182,0.07450357005289569,0.06551728505613182,0.07747528749430221,high,1e-08,0.24113729144241117
2019-10-01,0.28041974279356513,0.07362106495328237,0.06720174601382961,0.06660946290715526,0.12150179996267192,0.06683588803337182,0.07450357005289569,0.06551728505613182,0.07747528749430221,high,1e-08,0.1811180267006006
2019-10-02,0.13005403884977063,0.18882153659705295,0.06656828709792628,0.08226417404775282,0.12655489129816883,0.08595416761133683,0.10249846097505229,0.08491912717364784,0.14759816489668237,high,0.029655100081197018,0.30679135268023566
2019-10-03,0.21482231737614893,0.28041974279356513,0.07899411899267958,0.08226417404775282,0.1406175167242915,0.08595416761133683,0.10249846097505229,0.08491912717364784,0.14759816489668237,high,0.040834588263667,0.27474424774854894
2019-10-04,0.06849405431595731,0.13005403884977063,0.08068664622013065,0.10770324455189578,0.14000618568617704,0.11249213431447762,0.13498075836199583,0.11444037617614747,0.0822744535656138,medium,1e-08,0.2430993008681631
2019-10-07,0.24645001771677819,0.21482231737614893,0.08226116058712266,0.10770324455189578,0.14558346675065914,0.11249213431447762,0.13498075836199583,0.11444037617614747,0.0822744535656138,high,1e-08,0.20874922316032998
2019-10-08,0.15074801885880637,0.06849405431595731,0.07609838317269332,0.10937033958604521,0.14214203872278636,0.10898081842535141,0.11378903226081705,0.1133275918605898,0.12829720514141585,high,1e-08,0.2884509123058908
2019-10-09,0.10737022175304001,0.24645001771677819,0.08674334682077847,0.10937033958604521,0.1504538277874309,0.10898081842535141,0.11378903226081705,0.1133275918605898,0.12829720514141585,medium,0.019606188242186868,0.2932428977636134
2019-10-10,0.16456947447477469,0.15074801885880637,0.09323241091021078,0.11458907968319558,0.15047149547182623,0.11980867675025958,0.13110478996789374,0.1253315727838421,0.07662539100485395,high,1e-08,0.2778997536411467
2019-10-11,0.01768353432705655,0.10737022175304001,0.09794360332057149,0.11458907968319558,0.14823924097118807,0.11980867675025958,0.13110478996789374,0.1253315727838421,0.07662539100485395,low,1e-08,0.21576413666388955
2019-10-14,0.15716746393892314,0.16456947447477469,0.1002930256332181,0.11138501576269344,0.14926944404540848,0.11180651304372155,0.10762302328695855,0.1182019847728166,0.058325170544325705,high,1e-08,0.23763070827115326
2019-10-15,0.025495153071637387,0.01768353432705655,0.0985975991158841,0.11138501576269344,0.1447869032518673,0.11180651304372155,0.10762302328695855,0.1182019847728166,0.058325170544325705,low,1e-08,0.1988146845015808
2019-10-16,0.04681451774587635,0.15716746393892314,0.1052624616033751,0.10204559902384332,0.14555943533597956,0.10199907912704602,0.09043841117736695,0.10866417637944684,0.07246063390272717,medium,1e-08,0.2171149871596022
2019-10-17,0.06948752971992707,0.025495153071637387,0.10419254943865151,0.10204559902384332,0.14126321684082602,0.10199907912704602,0.09043841117736695,0.10866417637944684,0.07246063390272717,medium,1e-08,0.24621882841337056
2019-10-18,0.10761800656758981,0.04681451774587635,0.10449333807557207,0.08506906742747282,0.13743898497366702,0.08365556190173598,0.07701641904212944,0.09017735084905376,0.07036543211228469,medium,1e-08,0.24628497577405542
2019-10-21,0.05185290586613435,0.06948752971992707,0.10722034031498863,0.08506906742747282,0.13433472046478162,0.08365556190173598,0.07701641904212944,0.09017735084905376,0.07036543211228469,medium,1e-08,0.2398126773027458
2019-10-22,0.04618273694186934,0.10761800656758981,0.11206415864875573,0.08573232710560372,0.13288328042031802,0.07981976377192751,0.07220068047451984,0.0845979178995414,0.059477478085127676,medium,1e-08,0.21469169675104297
2019-10-23,0.02593596338842375,0.05185290586613435,0.11101197469330178,0.08573232710560372,0.12945969130642443,0.07981976377192751,0.07220068047451984,0.0845979178995414,0.059477478085127676,low,1e-08,0.2255227213331433
2019-10-24,0.06501436407896946,0.04618273694186934,0.11294192928328751,0.07199413550150167,0.12602457571542125,0.07032344522078844,0.06667489662458484,0.07404096644398399,0.04553406169004091,medium,1e-08,0.21068576317398516
2019-10-25,0.08946861098822621,0.02593596338842375,0.10845848812125754,0.07199413550150167,0.12235040872432737,0.07032344522078844,0.06667489662458484,0.07404096644398399,0.04553406169004091,medium,1e-08,0.2227865298827566
2019-10-28,0.004705409527728034,0.06501436407896946,0.10714581677459468,0.07081803803883395,0.11968733106016248,0.06484649686513957,0.06027464676782297,0.06695608818348814,0.05208566143413343,low,1e-08,0.2219212369651485
2019-10-29,0.04869144645576449,0.08946861098822621,0.10970952234583856,0.07081803803883395,0.11809247107439318,0.06484649686513957,0.06027464676782297,0.06695608818348814,0.05208566143413343,medium,1e-08,0.20946938206871665
2019-10-30,0.042282501056988504,0.004705409527728034,0.10603621290234262,0.06298473148757472,0.11450069988309428,0.06254727841504004,0.05596430770624728,0.06316680537044406,0.056126935091618015,low,1e-08,0.21226780209996635
2019-10-31,0.14705978304807757,0.04869144645576449,0.10490304842518272,0.06298473148757472,0.11165140874513226,0.06254727841504004,0.05596430770624728,0.06316680537044406,0.056126935091618015,high,1e-08,0.22803015408119556
2019-11-01,0.06378203151464185,0.042282501056988504,0.09824218317336161,0.06422274756923915,0.1087443950004978,0.05922254103652755,0.055909341663021084,0.058481052212380556,0.0617596004603181,medium,1e-08,0.21930745653468167
2019-11-04,0.01756371659457692,0.14705978304807757,0.09218036682129399,0.06422274756923915,0.11141551788144995,0.05922254103652755,0.055909341663021084,0.058481052212380556,0.0617596004603181,low,1e-08,0.20105491085724383
2019-11-05,0.0036262904043557666,0.06378203151464185,0.08916800285151544,0.06878322059560074,0.10914532248315673,0.07027652456155056,0.05420315163832576,0.0695790047245893,0.050245683727924956,low,1e-08,0.2149760567427591
2019-11-06,0.05581997553054451,0.01756371659457692,0.08020170281598943,0.06878322059560074,0.10590773523776258,0.07027652456155056,0.05420315163832576,0.0695790047245893,0.050245683727924956,medium,1e-08,0.21386708117143155
2019-11-07,0.03914916568814588,0.0036262904043557666,0.0772531680927348,0.060202304173085704,0.10268520087688536,0.06129603401797374,0.05224432197215141,0.060241134400294626,0.0566727398126495,low,1e-08,0.22634299450150255
2019-11-08,0.030315623527023383,0.05581997553054451,0.06858816617517872,0.060202304173085704,0.10049153014295562,0.06129603401797374,0.05224432197215141,0.060241134400294626,0.0566727398126495,low,1e-08,0.201791102346486
2019-11-11,0.03346783034497689,0.03914916568814588,0.0635154910310578,0.04411408847650144,0.09790094076712888,0.05879106664022208,0.05091562337336994,0.05699655461130936,0.053146961508994194,low,1e-08,0.1916683176800125
2019-11-12,0.005135810054726721,0.030315623527023383,0.06001300929351159,0.04411408847650144,0.09520851208108169,0.05879106664022208,0.05091562337336994,0.05699655461130936,0.053146961508994194,low,1e-08,0.21213031236216956
2019-11-13,0.023106255787532774,0.03346783034497689,0.05405384365124805,0.0378643923596813,0.09267139184458102,0.05557230637778557,0.05118028595202634,0.05274667573785921,0.054807553480576705,low,1e-08,0.17166277174315966
2019-11-14,0.11487805525278981,0.005135810054726721,0.05348349254796034,0.0378643923596813,0.08985705452062324,0.05557230637778557,0.05118028595202634,0.05274667573785921,0.054807553480576705,medium,1e-08,0.21643912055382641
2019-11-15,0.011707175431501009,0.023106255787532774,0.04738980126835168,0.03140623407933996,0.08730330334922072,0.052488000901692616,0.049971901003194034,0.04840517523380692,0.05603515695614616,low,1e-08,0.20893465391797025
2019-11-18,0.004579028840293206,0.11487805525278981,0.05145266045840406,0.03140623407933996,0.08919850236335065,0.052488000901692616,0.049971901003194034,0.04840517523380692,0.05603515695614616,low,1e-08,0.2203559010034016
2019-11-19,0.05903562286755378,0.011707175431501009,0.049856872171387005,0.04161712238372659,0.08652868849016393,0.05933866842791213,0.050039291752027565,0.05561226359890306,0.056762105234311945,medium,1e-08,0.21235509511085923
2019-11-20,0.025539660663891958,0.004579028840293206,0.04690648576776728,0.04161712238372659,0.08390017369603815,0.05933866842791213,0.050039291752027565,0.05561226359890306,0.056762105234311945,low,1e-08,0.2237725566824178
2019-11-21,0.035303895874162224,0.05903562286755378,0.04469819559958383,0.044563797291577376,0.0826195926127299,0.0573698578264616,0.055325501196598396,0.053305804360675224,0.06343904853768534,low,1e-08,0.23533208161378366
2019-11-22,0.12303419001354447,0.025539660663891958,0.0435021389994819,0.044563797291577376,0.08034658495849994,0.0573698578264616,0.055325501196598396,0.053305804360675224,0.06343904853768534,medium,1e-08,0.21962686786277205
2019-11-25,0.035961021329448464,0.035303895874162224,0.04300764622367703,0.03323373562900398,0.0783774278441023,0.05460140044056807,0.053453696394727454,0.04993674549644074,0.052777097669342125,low,1e-08,0.2229192368898546
2019-11-26,0.07076216454877579,0.12303419001354447,0.04742120197936434,0.03323373562900398,0.08174768888762149,0.05460140044056807,0.053453696394727454,0.04993674549644074,0.052777097669342125,medium,1e-08,0.23207824086603968
2019-11-27,0.05887620152121128,0.035961021329448464,0.04610059549074975,0.04677464735906944,0.07974531499381475,0.06233288681043795,0.05217555009973237,0.05853797606650028,0.051889652741974504,medium,1e-08,0.23797271383087953
2019-11-29,0.13484125522523016,0.07076216454877579,0.045250302470774724,0.04677464735906944,0.07923505148324604,0.06233288681043795,0.05217555009973237,0.05853797606650028,0.051889652741974504,high,1e-08,0.1785747947164639
2019-12-02,0.10646997198844188,0.05887620152121128,0.047712611197751234,0.050624011628324625,0.07816320238368864,0.0619981887708729,0.056533040381872984,0.05846259053190161,0.06739904125625276,medium,1e-08,0.2232730881440352
2019-12-03,0.09795430957310412,0.13484125522523016,0.05162851159636332,0.050624011628324625,0.08266708462927673,0.0619981887708729,0.056533040381872984,0.05846259053190161,0.06739904125625276,medium,1e-08,0.28765156252814567
2019-12-04,0.02853953729397918,0.10646997198844188,0.054546123911429385,0.06268333998501134,0.08428503642017922,0.07447576308751175,0.08570058994453864,0.072084221614031,0.0674409418115668,low,1e-08,0.2266540401989415
2019-12-05,0.14499575066768636,0.09795430957310412,0.05231405693529423,0.06268333998501134,0.08516708359646052,0.07447576308751175,0.08570058994453864,0.072084221614031,0.0674409418115668,high,1e-08,0.20652472535046457
2019-12-06,0.04990833882124621,0.02853953729397918,0.050712125379809556,0.05752461629184785,0.08286794622750203,0.06964724190564556,0.07335110974484797,0.06809430438340906,0.04469966887430831,medium,1e-08,0.21691007659466643
2019-12-09,0.017701809860348014,0.14499575066768636,0.05650449056495089,0.05752461629184785,0.08784359273132829,0.06964724190564556,0.07335110974484797,0.06809430438340906,0.04469966887430831,low,1e-08,0.20906963592502648
2019-12-10,0.04506682247616286,0.04990833882124621,0.05860822003844591,0.06226371490331068,0.08604044115382256,0.07381994622793032,0.068484126949951,0.07277054881752801,0.06298054168844561,medium,1e-08,0.2189047672856244
2019-12-11,0.13681698509841442,0.017701809860348014,0.05687557614434607,0.06226371490331068,0.08353191789638051,0.07381994622793032,0.068484126949951,0.07277054881752801,0.06298054168844561,high,1e-08,0.2191559447865465
2019-12-12,0.00951275456338497,0.04506682247616286,0.05714456054380139,0.05352562997559304,0.08173608467676118,0.06513563902657926,0.06168971024927399,0.06415567111602898,0.07002238115579365,low,1e-08,0.23010518554699555
2019-12-13,0.1090600345123946,0.13681698509841442,0.06198553152431916,0.05352562997559304,0.0860411153500154,0.06513563902657926,0.06168971024927399,0.06415567111602898,0.07002238115579365,medium,1e-08,0.23093916596166383
2019-12-16,0.00347475199537186,0.00951275456338497,0.06089666444333772,0.05129481650464541,0.08345249348459978,0.0686148359686526,0.05742972467781992,0.06764029397144355,0.08108970045860121,low,1e-08,0.21764369468095823
2019-12-17,0.0009951885661114792,0.1090600345123946,0.06562049282777717,0.05129481650464541,0.0852062498666619,0.0686148359686526,0.05742972467781992,0.06764029397144355,0.08108970045860121,low,1e-08,0.27113435820812937
2019-12-18,0.06506491681118608,0.00347475199537186,0.0647281517463153,0.05642410834777364,0.08261490876013468,0.06684765547622278,0.0544184290367785,0.06597762578120664,0.08738993737938333,medium,1e-08,0.24100048729243126
2019-12-19,0.06959693702330837,0.0009951885661114792,0.059551657806011744,0.05642410834777364,0.08009849676801421,0.06684765547622278,0.0544184290367785,0.06597762578120664,0.08738993737938333,medium,1e-08,0.2244937331121564
2019-12-20,0.024258550011943582,0.06506491681118608,0.06197700968690652,0.0508484805621,0.07927691743127152,0.0623061585371571,0.05223107754617218,0.06102846351953077,0.07555983148952572,low,1e-08,0.22887763926604557
2019-12-23,0.000493441388687331,0.06959693702330837,0.06493236914977085,0.0508484805621,0.078729688667884,0.0623061585371571,0.05223107754617218,0.06102846351953077,0.07555983148952572,low,1e-08,0.2638866235624047
2019-12-24,0.08450292432122596,0.024258550011943582,0.06335159311087947,0.043844640263249864,0.07656220137899866,0.05957144184542218,0.050839053009407185,0.05777257943178756,0.06285832750631155,medium,1e-08,0.2936445657627501
2019-12-26,0.003933072955573459,0.000493441388687331,0.062213128598370165,0.043844640263249864,0.07422990669711696,0.05957144184542218,0.050839053009407185,0.05777257943178756,0.06285832750631155,low,1e-08,0.24623570072844048
2019-12-27,0.08752435074029001,0.08450292432122596,0.0644494480732367,0.05296762712249247,0.07488603981048308,0.06029652579855944,0.05016397929622914,0.05770743090508075,0.06248946840171779,medium,1e-08,0.20224047966556247
2019-12-30,0.03856631680307116,0.003933072955573459,0.05903576093423802,0.05296762712249247,0.07261110083699222,0.06029652579855944,0.05016397929622914,0.05770743090508075,0.06248946840171779,low,1e-08,0.18523316469306303
2019-12-31,0.14845621445503648,0.08752435074029001,0.06137954863473081,0.05135612721276575,0.07359117042977928,0.06103981034664571,0.061298507478985714,0.057980857878197845,0.05104332464646158,high,1e-08,0.21952059173371516
2020-01-02,0.12020067708373372,0.03856631680307116,0.05991610100992606,0.05135612721276575,0.07197195558560725,0.06103981034664571,0.061298507478985714,0.057980857878197845,0.05104332464646158,medium,1e-08,0.1910605443731421
2020-01-03,0.060558064138360214,0.14845621445503648,0.0639879197796454,0.06806385889316809,0.07868620910926395,0.07258571609730945,0.05768174645933131,0.06960131026200199,0.06879082058690211,medium,1e-08,0.31339495152243624
2020-01-06,0.04463129716516544,0.12020067708373372,0.06332243895503192,0.06806385889316809,0.0817735929260228,0.07258571609730945,0.05768174645933131,0.06960131026200199,0.06879082058690211,low,1e-08,0.2886479324383249
2020-01-07,0.08460129524057886,0.060558064138360214,0.061235534052755475,0.06644924081831274,0.08065818010567916,0.07285963039662574,0.0699526473193391,0.07101479934970284,0.0663373698531187,medium,1e-08,0.19730141625999817
2020-01-08,0.10764305634999144,0.04463129716516544,0.05881176076148553,0.06644924081831274,0.07896147578459564,0.07285963039662574,0.0699526473193391,0.07101479934970284,0.0663373698531187,medium,1e-08,0.23961782364181403
2020-01-09,0.045680603293983435,0.08460129524057886,0.06136002248633097,0.06766417439475435,0.07931117530322837,0.06903718330480597,0.06469363948184614,0.06758423090420507,0.05466133711260323,medium,1e-08,0.21974820760814606
2020-01-10,0.10917154333175899,0.10764305634999144,0.059662172744617575,0.06766417439475435,0.08129002663994338,0.06903718330480597,0.06469363948184614,0.06758423090420507,0.05466133711260323,medium,1e-08,0.2915983446263834
2020-01-13,0.024207790979452682,0.045680603293983435,0.05947000294792381,0.05448094194158564,0.07960394070831844,0.06832890822836461,0.062098335571426445,0.06722163266836453,0.05970135395100008,low,1e-08,0.22495480193467365
2020-01-14,0.03587661539646958,0.10917154333175899,0.06362771810571521,0.05448094194158564,0.08168038740188589,0.06832890822836461,0.062098335571426445,0.06722163266836453,0.05970135395100008,low,1e-08,0.26404481981712813
2020-01-15,0.1320537436015927,0.024207790979452682,0.06267958031041021,0.05769661831451979,0.07941376186531601,0.06700409263432308,0.05832497981954719,0.0660671980676959,0.06401996576562967,high,1e-08,0.2295918996007008
2020-01-16,0.04940676965581686,0.03587661539646958,0.058091381687594534,0.05769661831451979,0.07749439161077029,0.06700409263432308,0.05832497981954719,0.0660671980676959,0.06401996576562967,medium,1e-08,0.22859952799594363
2020-01-17,0.031086446125319963,0.1320537436015927,0.0636614266438767,0.06372505409910957,0.08180066845208377,0.07236460998778596,0.05557804890784072,0.07098642001693588,0.06960205585730059,low,1e-08,0.27259777713345623
2020-01-21,0.0019217135833182822,0.04940676965581686,0.06094991460494135,0.06372505409910957,0.08022674199370584,0.07236460998778596,0.05557804890784072,0.07098642001693588,0.06960205585730059,low,1e-08,0.23363391917967974
2020-01-22,0.01820207248727076,0.031086446125319963,0.06220499161084809,0.05188660536721854,0.07815454146133359,0.06452161744791206,0.054324061109859906,0.06349740527893581,0.06660709087225035,low,1e-08,0.23037047202087887
2020-01-23,0.14117656863289443,0.0019217135833182822,0.06224710638435749,0.05188660536721854,0.07577510137871944,0.06452161744791206,0.054324061109859906,0.06349740527893581,0.06660709087225035,high,1e-08,0.2218261121771347
2020-01-24,0.25445251352882914,0.01820207248727076,0.06011697709690678,0.04980205444514209,0.0736018542985692,0.05755280796885127,0.05175528966232002,0.05590097240297921,0.09156556255935445,high,1e-08,0.25515078257809837
2020-01-27,0.16634511961638604,0.14117656863289443,0.06337059671552434,0.04980205444514209,0.07929721552913471,0.05755280796885127,0.05175528966232002,0.05590097240297921,0.09156556255935445,high,1e-08,0.23735538497676453
2020-01-28,0.01310642773422938,0.25445251352882914,0.07383395869356459,0.0955089040320958,0.09897237183023322,0.10261544539065193,0.12948148018306027,0.10092328991826584,0.0931214765094831,low,1e-08,0.2397883994542246
2020-01-29,0.05151631733262615,0.16634511961638604,0.08137267134027816,0.0955089040320958,0.10424989444489242,0.10261544539065193,0.12948148018306027,0.10092328991826584,0.0931214765094831,medium,1e-08,0.2440638014045364
2020-01-30,0.28824476873875277,0.01310642773422938,0.07812737604086922,0.08985143101949103,0.10112499576831682,0.09409688914850212,0.10525367753941973,0.09529134698381393,0.08331916323565158,high,1e-08,0.24451800875625962
2020-01-31,0.11792184146105956,0.05151631733262615,0.08029025078528072,0.08985143101949103,0.09885304618515567,0.09409688914850212,0.10525367753941973,0.09529134698381393,0.08331916323565158,medium,1e-08,0.23839545952813448
2020-02-03,0.2419454441790347,0.28824476873875277,0.08941390614884721,0.1260177087097682,0.11904079997208888,0.11901286084591162,0.149489201508493,0.12003243497949749,0.11059905075693571,high,1e-08,0.33157317001485054
2020-02-04,0.18332385625913408,0.11792184146105956,0.09302097545148304,0.1260177087097682,0.11897395923532687,0.11901286084591162,0.149489201508493,0.12003243497949749,0.11059905075693571,high,1e-08,0.28572859310464477
2020-02-05,0.05341245204363508,0.2419454441790347,0.09727048589348296,0.12207609130355779,0.12968334771704843,0.12465337256299205,0.12127941296068678,0.12757718459841264,0.053447183691611,medium,1e-08,0.2256774525882252
2020-02-06,0.08460383633486353,0.18332385625913408,0.10013972131054662,0.12207609130355779,0.13351090820984637,0.12465337256299205,0.12127941296068678,0.12757718459841264,0.053447183691611,medium,1e-08,0.22831995237052344
2020-02-07,0.11850745427964876,0.05341245204363508,0.0998149207607864,0.11924886932852638,0.13010313699659878,0.11133139657800006,0.09968859472385823,0.11706301487388138,0.07304955190111533,medium,1e-08,0.23757563474546217
2020-02-10,0.02750819237530167,0.08460383633486353,0.10163185435940901,0.11924886932852638,0.1278306896966804,0.11133139657800006,0.09968859472385823,0.11706301487388138,0.07304955190111533,low,1e-08,0.22260330920795038
2020-02-11,0.10227483118430264,0.11850745427964876,0.10317304340663948,0.10736785124782494,0.12729055392219737,0.09898660562011875,0.08919569626997371,0.10562136253986762,0.0763530509625897,medium,1e-08,0.30937359540274806
2020-02-12,0.016934592291459487,0.02750819237530167,0.09953054958960812,0.10736785124782494,0.12359657782323927,0.09898660562011875,0.08919569626997371,0.10562136253986762,0.0763530509625897,low,1e-08,0.2337272738704433
2020-02-13,0.025432947454177332,0.10227483118430264,0.10210301449371353,0.08046747312730156,0.12242203916070722,0.0867957899244494,0.07597189340184254,0.09347923918273641,0.07550770297287729,low,1e-08,0.2893771187579066
2020-02-14,0.04090775526478916,0.016934592291459487,0.09791042581006355,0.08046747312730156,0.1187650333932276,0.0867957899244494,0.07597189340184254,0.09347923918273641,0.07550770297287729,low,1e-08,0.24966359537875898
2020-02-18,0.07590132081577966,0.025432947454177332,0.09796611474073286,0.07067992067917334,0.11531537302742081,0.07252658835913005,0.06637221773137664,0.07863988419005305,0.07227860335602418,medium,1e-08,0.20876880128773326
2020-02-19,0.06521962526171352,0.04090775526478916,0.09819480291656557,0.07067992067917334,0.11225054034397453,0.07252658835913005,0.06637221773137664,0.07863988419005305,0.07227860335602418,medium,1e-08,0.24528019697233802
2020-02-20,0.16347784972969537,0.07590132081577966,0.09564242006266498,0.06906983072112641,0.11040757858570302,0.06767916955921204,0.06185680044554699,0.07179870268175256,0.07290629707829485,high,1e-08,0.2746296061586853
2020-02-21,0.5264836509277311,0.06521962526171352,0.09636118622656938,0.06906983072112641,0.10822966033285607,0.06767916955921204,0.06185680044554699,0.07179870268175256,0.07290629707829485,high,1e-08,0.26269588867412264
2020-02-24,0.4810328883755032,0.16347784972969537,0.10237897729949554,0.08623183340388052,0.11231358000862658,0.08012329211804657,0.09205971421958206,0.08179523526115459,0.21911074775228484,high,0.08482623964724254,0.43317387135717295
2020-02-25,0.05838768790921096,0.5264836509277311,0.12622270172424155,0.08623183340388052,0.16878560934139059,0.08012329211804657,0.09205971421958206,0.08179523526115459,0.21911074775228484,medium,0.08037248774918876,0.37322437375350104
2020-02-26,0.7129544071433773,0.4810328883755032,0.14726046608279758,0.22356731896502757,0.20165025511373053,0.2219427778356336,0.30072898116528185,0.22183142900620165,0.2861103203836006,high,0.14418225968719342,0.4561088620631943
2020-02-27,0.06670090059067084,0.05838768790921096,0.14349733514081195,0.22356731896502757,0.1960295977401108,0.2219427778356336,0.30072898116528185,0.22183142900620165,0.2861103203836006,medium,0.1870522293699177,0.49352210303619803
2020-02-28,0.6874717551759267,0.7129544071433773,0.1643383303051096,0.299676138039802,0.25810886501368097,0.2856443081112521,0.38929334909230834,0.2874166475800049,0.3973691842560928,high,0.2576181778886675,0.570853070532196
2020-03-02,0.45452643179300856,0.06670090059067084,0.15980904762212256,0.299676138039802,0.25077861877581975,0.2856443081112521,0.38929334909230834,0.2874166475800049,0.3973691842560928,high,0.2687904881181846,0.5605346103601263
2020-03-03,0.6672527676754436,0.6874717551759267,0.19046201705129062,0.32126306964240164,0.29575930339869555,0.3093485784967068,0.3057882450261731,0.31669089706041614,0.3485918014737483,high,0.18099471739240358,0.48437271272259963
2020-03-04,0.5276900809141312,0.45452643179300856,0.20878065861767164,0.32126306964240164,0.30760495484627326,0.3093485784967068,0.3057882450261731,0.31669089706041614,0.3485918014737483,high,0.22023141428048804,0.582639132765712
2020-03-05,0.2624248442951475,0.6672527676754436,0.22600829493297578,0.3784685778300634,0.3400840118403856,0.34161869404311446,0.2992501842901927,0.3546781980940172,0.31352742360091596,high,0.1902297107306731,0.47432470924509473
2020-03-06,1.2397102141489855,0.5276900809141312,0.24463412399902448,0.3784685778300634,0.3541540855229461,0.34161869404311446,0.2992501842901927,0.3546781980940172,0.31352742360091596,high,0.1793589391361836,0.44907140285044095
2020-03-09,0.8214229431540658,0.2624248442951475,0.24556500582248414,0.3565713828857951,0.34933024096009563,0.3059488140244942,0.32733497908969167,0.3293738417456393,0.47905769158343303,high,0.35424828806815717,0.6527656672614232
2020-03-10,0.7738544934470875,1.2397102141489855,0.29358256754475015,0.3565713828857951,0.45488746423506077,0.3059488140244942,0.32733497908969167,0.3293738417456393,0.47905769158343303,high,0.34196409633117075,0.662211749367315
2020-03-11,1.518832440882832,0.8214229431540658,0.32849213532249694,0.5534424258028573,0.4847591029609498,0.49910310668290353,0.5506742707711276,0.5158390386262632,0.6296946057939816,high,0.4952325288488244,0.7727689527210774
2020-03-12,1.3570569486705648,0.7738544934470875,0.3598217106457799,0.5534424258028573,0.5067770232074352,0.49910310668290353,0.5506742707711276,0.5158390386262632,0.6296946057939816,high,0.5112530647319918,0.7887242698067662
2020-03-13,1.7370500205953072,1.518832440882832,0.42347284640047,0.8037468884961706,0.6162991912899254,0.6649830298239583,0.8626862205347035,0.6824594396031675,0.8889479100328546,high,0.7381281957712037,1.0498371879944883
2020-03-16,0.8570971705638983,1.3570569486705648,0.48390688077752747,0.8037468884961706,0.6837626966350556,0.6649830298239583,0.8626862205347035,0.6824594396031675,0.8889479100328546,high,0.7441851409865523,1.0322874078614883
2020-03-17,0.8037717671551434,1.7370500205953072,0.5582148439325731,1.1549199572071742,0.7877309859552778,0.8566823218245877,1.0336699490845405,0.8811014020382593,1.2199803043440913,high,1.0988562186360433,1.363523966578132
2020-03-18,0.03373053619249876,0.8570971705638983,0.5964040520358659,1.1549199572071742,0.7920642861834815,0.8566823218245877,1.0336699490845405,0.8811014020382593,1.2199803043440913,low,1.1050757836124996,1.3853625487337062
2020-03-19,0.6840995121811995,0.8037717671551434,0.6317830892950006,1.0205356930013412,0.792771610655332,0.726080435578146,0.8617488249294986,0.779545325817235,0.8513299847003872,high,0.720497283356882,1.0012960415121106
2020-03-20,0.40588242773188943,0.03373053619249876,0.6314568520644419,1.0205356930013412,0.7686649998573477,0.726080435578146,0.8617488249294986,0.779545325817235,0.8513299847003872,high,0.7289366226266603,0.987642019455996
2020-03-23,1.4382863173705536,0.6840995121811995,0.6591022243992337,0.7513448607670443,0.7638551286987264,0.5791969978624921,0.7189854540211708,0.6500981338165766,0.6393062944290244,high,0.4923585900800621,0.8497057194917025
2020-03-24,0.23764317694223738,0.40588242773188943,0.6745868972387872,0.7513448607670443,0.7472286202290961,0.5791969978624921,0.7189854540211708,0.6500981338165766,0.6393062944290244,high,0.5271932316696869,0.8234528460150552
2020-03-25,0.9269075689043594,1.4382863173705536,0.7325327366770081,0.8115072563113681,0.8055865106121323,0.6549428220046176,0.5863411259642628,0.706121027640671,0.5018935583340167,high,0.35596878920946595,0.7083099510316804
2020-03-26,0.4728311038476494,0.23764317694223738,0.719403624223122,0.8115072563113681,0.7832112775543066,0.6549428220046176,0.5863411259642628,0.706121027640671,0.5018935583340167,high,0.363081963335699,0.685251470662742
2020-03-27,0.5155359867896125,0.9269075689043594,0.7396706551562517,0.7324872812433337,0.7925680850554643,0.5769928386917492,0.45641608150108953,0.6357490562467446,0.5030035859774287,high,0.3739611004716458,0.6623772305688453
2020-03-30,0.23661873991437712,0.4728311038476494,0.7585089922443626,0.7324872812433337,0.777102615133628,0.5769928386917492,0.45641608150108953,0.6357490562467446,0.5030035859774287,high,0.39000056246817283,0.6677509862689015
2020-03-31,0.7144283839063639,0.5155359867896125,0.7495354276828278,0.6706284148473843,0.7639383530110139,0.4773824700193741,0.3950164432838377,0.5434651711730845,0.3872572357405205,high,0.2425224128035233,0.5723267154087932
2020-04-01,0.3663083470730447,0.23661873991437712,0.7572589658339054,0.6706284148473843,0.7429300131599407,0.4773824700193741,0.3950164432838377,0.5434651711730845,0.3872572357405205,high,0.24787621156543135,0.4984254364012187
2020-04-02,0.22945222197084678,0.7144283839063639,0.7584842671398344,0.5778139604775673,0.7412508206609039,0.4312094180481472,0.45063221301316286,0.4914143910873176,0.4362325589448317,high,0.31659958253592496,0.6359538842039754
2020-04-03,1.0662311550491042,0.3663083470730447,0.7544743541980179,0.5778139604775673,0.7242489355813778,0.4312094180481472,0.45063221301316286,0.4914143910873176,0.4362325589448317,high,0.30739749252194193,0.6669316179776112
2020-04-06,0.01618882598085634,0.22945222197084678,0.7345743293932635,0.4183131113102414,0.7044311384225962,0.342179883967335,0.3579681807618305,0.40529850862743577,0.440169486910078,low,0.31117977834908983,0.6216206333870126
2020-04-07,0.5328769951696005,1.0662311550491042,0.7590534691266714,0.4183131113102414,0.7312050106587306,0.342179883967335,0.3579681807618305,0.40529850862743577,0.440169486910078,high,0.309872772672477,0.6298821202294566
2020-04-08,0.2415683053071099,0.01618882598085634,0.7478609228396581,0.5071966935230782,0.7089406507182999,0.399199690299355,0.2890553783920185,0.4465586491506708,0.3014125245675357,high,0.18692030395816317,0.4797389069346167
2020-04-09,0.14493595504236934,0.5328769951696005,0.715732140158777,0.5071966935230782,0.6996274072571002,0.399199690299355,0.2890553783920185,0.4465586491506708,0.3014125245675357,high,0.19003486121433133,0.4626635303662466
2020-04-13,0.4681855756514195,0.2415683053071099,0.6893751111657335,0.4760230044826059,0.6808899420713392,0.34222268080828283,0.2271675143678322,0.3916682792920652,0.3046249576916722,high,0.11776805754820271,0.46664154315547995
2020-04-14,0.33730529016693467,0.14493595504236934,0.6607879048746099,0.4760230044826059,0.661101226957657,0.34222268080828283,0.2271675143678322,0.3916682792920652,0.3046249576916722,high,0.16305294825697125,0.47168676313197544
2020-04-15,0.07658716846485686,0.4681855756514195,0.613031229182273,0.34588401251888723,0.651140081966014,0.30072155974429227,0.19039044159352964,0.34675226724951763,0.34722156848846164,medium,0.20793178904194903,0.572685026965317
2020-04-16,0.42885121309173535,0.33730529016693467,0.5666788810684715,0.34588401251888723,0.6366874378285007,0.30072155974429227,0.19039044159352964,0.34675226724951763,0.34722156848846164,high,0.19742581923092303,0.48680484675520685
2020-04-17,0.27967838147085444,0.07658716846485686,0.4912032968807239,0.25951303422199534,0.6175763722340027,0.24403738732484345,0.19852513109765066,0.28982903162330953,0.24543160262079255,high,0.09675555019564633,0.4103308280975916
2020-04-20,0.48200237175657673,0.42885121309173535,0.4717375715410801,0.25951303422199534,0.6079073472063189,0.24403738732484345,0.19852513109765066,0.28982903162330953,0.24543160262079255,high,0.1120747180305116,0.37167200385583743
2020-04-21,0.3523353422097992,0.27967838147085444,0.44791514491906703,0.3025486497273759,0.5933561005365227,0.23872018891264649,0.20319449576145934,0.27594244481050656,0.30756547899504744,high,0.16090881585758626,0.46355386074852445
2020-04-22,0.0011386182396325574,0.48200237175657673,0.46829113744470696,0.3025486497273759,0.5872705947891581,0.23872018891264649,0.20319449576145934,0.27594244481050656,0.30756547899504744,low,0.15945411738934684,0.47985460443575007
2020-04-23,0.22126468930956425,0.3523353422097992,0.45321094790055233,0.3131204558213243,0.5758836323563785,0.254711807353159,0.24980359524655793,0.28402478466913295,0.1921508828929524,high,0.07800835543213587,0.35568288721222197
2020-04-24,0.22888730268378346,0.0011386182396325574,0.43481350201454066,0.3131204558213243,0.5583399666172104,0.254711807353159,0.24980359524655793,0.28402478466913295,0.1921508828929524,high,0.07393616374848856,0.362577100329903
2020-04-27,0.07299777373742454,0.22126468930956425,0.3794943371026775,0.26203269775000587,0.5440371228022005,0.20346754282716473,0.1928009557688739,0.2350606525928076,0.14889804077661284,medium,0.023153953496277663,0.3120246227267858
2020-04-28,0.41557298927363195,0.22888730268378346,0.3790963428182023,0.26203269775000587,0.5304348889048253,0.20346754282716473,0.1928009557688739,0.2350606525928076,0.14889804077661284,high,0.009418946933445133,0.30656679012759785
2020-04-29,0.14780284736316654,0.07299777373742454,0.3402822612197053,0.1879064988411753,0.5145864568599362,0.16761514528296104,0.15408639926551282,0.19797172378117617,0.16189249812352763,high,0.022943193235127553,0.2823953796534525
2020-04-30,0.4202545350304638,0.41557298927363195,0.33767961964815907,0.1879064988411753,0.509188887205399,0.16761514528296104,0.15408639926551282,0.19797172378117617,0.16189249812352763,high,0.018121232982068202,0.3226294067099403
2020-05-01,0.04378568715438619,0.14780284736316654,0.3209644769469569,0.20971680937638934,0.495002691289233,0.1812973421871957,0.14338227745579607,0.2047019659499774,0.27000527641511923,low,0.1611728144492457,0.4225636572650039
2020-05-04,0.14666839918132188,0.4202545350304638,0.3293115585431427,0.20971680937638934,0.4908389114295942,0.1812973421871957,0.14338227745579607,0.2047019659499774,0.27000527641511923,high,0.10634472701068995,0.42901004485924044
2020-05-05,0.10760856342809363,0.04378568715438619,0.298827799599871,0.21920647715290023,0.4760068255171984,0.18310200777015123,0.20033176974308553,0.20424157492471726,0.1863443850198495,medium,0.060955125464189554,0.28104795268307864
2020-05-06,0.19155810130155046,0.14666839918132188,0.2888441656047927,0.21920647715290023,0.46290198230481533,0.18310200777015123,0.20033176974308553,0.20424157492471726,0.1863443850198495,high,0.06127064275367094,0.3487168855498433
2020-05-07,0.26265794567633355,0.10760856342809363,0.283305817489213,0.18478347970205497,0.4495734941962297,0.14891219157461277,0.16374027027779972,0.17115071465461656,0.1738399555908089,high,0.03506481696516601,0.3853052352405433
2020-05-08,0.00326183987812253,0.19155810130155046,0.24354795140977872,0.18478347970205497,0.4383959596680086,0.14891219157461277,0.16374027027779972,0.17115071465461656,0.1738399555908089,low,0.05094905989685485,0.3132198189633808
2020-05-11,0.316405539103109,0.26265794567633355,0.2547510932141186,0.15523705677915073,0.4298824353141855,0.153681401721529,0.13238421501942246,0.17069730891245036,0.1422630320672508,high,0.00338381664178075,0.2999715634918726
2020-05-12,0.28075762075051075,0.00326183987812253,0.23067767706450598,0.15523705677915073,0.416787250376159,0.153681401721529,0.13238421501942246,0.17069730891245036,0.1422630320672508,high,0.02299387508116664,0.2976879058075749
2020-05-13,0.18997524171206423,0.316405539103109,0.23407936950977867,0.17967150582001967,0.4114555422667917,0.1578010915783141,0.17664198738500198,0.17119848206883148,0.23027378953918973,high,0.0854104050987975,0.3688905895674917
2020-05-14,0.07297948333058227,0.28075762075051075,0.24025308158742142,0.17967150582001967,0.4048054025861134,0.1578010915783141,0.17664198738500198,0.17119848206883148,0.23027378953918973,medium,0.09863910315868843,0.46931001001749373
2020-05-15,0.4835265538378293,0.18997524171206423,0.2276071573174507,0.18982944062336268,0.3952224749086829,0.15798845982817497,0.17770072201820425,0.17064634031497536,0.17477811146833755,high,0.030168097395226058,0.3702740814081371
2020-05-18,0.16304514285933086,0.07297948333058227,0.21559234791579837,0.18982944062336268,0.3835991614847453,0.15798845982817497,0.17770072201820425,0.17064634031497536,0.17477811146833755,high,0.01405505162526366,0.34658559464496896
2020-05-19,0.2696775071332985,0.4835265538378293,0.23408959270547894,0.2448612607863183,0.39031691404071767,0.20267702458270315,0.14840157061262774,0.2093997184338144,0.18099370997599123,high,0.08287547923549414,0.3369845007736341
2020-05-20,0.10959646931750114,0.16304514285933086,0.22200749860400598,0.2448612607863183,0.3805278950349028,0.20267702458270315,0.14840157061262774,0.2093997184338144,0.18099370997599123,medium,0.029850972016165336,0.33004517863393384
2020-05-21,0.030144856149394984,0.2696775071332985,0.22155291340684438,0.21511371951515737,0.37480254486453285,0.1833940222429618,0.1366502267793786,0.19408812251875981,0.17650401359933726,low,0.0522075366175502,0.33724146386028153
2020-05-22,0.19558356612630762,0.10959646931750114,0.20462537238688638,0.21511371951515737,0.3643748261665809,0.1833940222429618,0.1366502267793786,0.19408812251875981,0.17650401359933726,high,0.056693685827780206,0.323062690959009
2020-05-26,0.2361934187243592,0.030144856149394984,0.18998035029323165,0.19180949740856074,0.35335166031649906,0.1427933481150848,0.1166930861821318,0.1582693976059198,0.15203213082992084,high,0.04797858672586634,0.2917336276071504
2020-05-27,0.029287532974192277,0.19558356612630762,0.19881875701535323,0.19180949740856074,0.3459206960819805,0.1427933481150848,0.1166930861821318,0.1582693976059198,0.15203213082992084,low,0.02166525037544613,0.30963444817577795
2020-05-28,0.07073449914302778,0.2361934187243592,0.19949733562511665,0.15855118597524703,0.34033615758848407,0.14632213729140764,0.09921074326182726,0.15871332135024327,0.1251717419987359,medium,1e-08,0.27198285509963455
2020-05-29,0.06416555971361416,0.029287532974192277,0.19042461882013526,0.15855118597524703,0.33004612363672853,0.14632213729140764,0.09921074326182726,0.15871332135024327,0.1251717419987359,medium,1e-08,0.30320807451841647
2020-06-01,0.13143828902026686,0.07073449914302778,0.1903217427022081,0.12053921301959389,0.3204603240123709,0.11501291496081731,0.08243265855535646,0.12941064241003228,0.14476568464629105,high,0.032538575755687964,0.3342745262902477
2020-06-02,0.21126513067250466,0.06416555971361416,0.1743486777222073,0.12053921301959389,0.3110951032294604,0.11501291496081731,0.08243265855535646,0.12941064241003228,0.14476568464629105,high,1e-08,0.27403282299047277
2020-06-03,0.04169943963924855,0.13143828902026686,0.1736048341611664,0.11323303966814541,0.3033313615295692,0.10190316490697664,0.07126045749888994,0.11434034161698989,0.08553923561616758,low,1e-08,0.2409603114408934
2020-06-04,0.406858768724591,0.21126513067250466,0.16410531578125917,0.11323303966814541,0.2986089371074206,0.10190316490697664,0.07126045749888994,0.11434034161698989,0.08553923561616758,high,1e-08,0.2354876564200639
2020-06-05,0.19188732513487494,0.04169943963924855,0.16401048634875293,0.1018338253873141,0.2896922333739234,0.10227609644650827,0.06806475995713258,0.11211071977142746,0.08725384690474496,high,1e-08,0.29140847384894764
2020-06-08,0.11837552769798716,0.406858768724591,0.17583732132799243,0.1018338253873141,0.29802405630053896,0.10227609644650827,0.06806475995713258,0.11211071977142746,0.08725384690474496,medium,1e-08,0.20956022127869137
2020-06-09,0.08857958901726683,0.19188732513487494,0.1796681741328461,0.17868401946113122,0.292743031648308,0.15611680030351352,0.08409479395068253,0.16118264210190875,0.10555643750527754,medium,1e-08,0.2513462599226876
2020-06-10,0.9151476953361809,0.11837552769798716,0.17634169351450232,0.17868401946113122,0.28530218989238465,0.15611680030351352,0.08409479395068253,0.16118264210190875,0.10555643750527754,high,1e-08,0.22716728707559808
2020-06-11,0.19011080128795382,0.08857958901726683,0.1684290409390902,0.16117086207951103,0.27746041122901655,0.1278000300041194,0.09282893400881861,0.1368682730074185,0.32656413241566495,high,0.18232053474753443,0.48780484203744284
2020-06-12,0.14819260516394517,0.9151476953361809,0.2098783980053656,0.16117086207951103,0.3501641633122383,0.1278000300041194,0.09282893400881861,0.1368682730074185,0.32656413241566495,high,0.19307266650857377,0.5368882002534203
2020-06-15,0.3055470156852123,0.19011080128795382,0.2041377281046767,0.31081735033134,0.3426756072410921,0.2917023979041078,0.381167617624901,0.2914401544017417,0.2687428118263967,high,0.11678513132807644,0.48353997698924195
2020-06-16,0.06593716780696308,0.14819260516394517,0.19811204557801468,0.31081735033134,0.3342134652937921,0.2917023979041078,0.381167617624901,0.2914401544017417,0.2687428118263967,medium,0.12497154668493728,0.4675540631218946
2020-06-17,0.0061095270967252814,0.3055470156852123,0.2033653080313396,0.32293505955239016,0.3325631679670977,0.24621895606298005,0.2896320281914103,0.2555459664611539,0.22245470931687625,low,0.103662515828574,0.4371929207082979
2020-06-18,0.09072022462269735,0.06593716780696308,0.20304520278026594,0.32293505955239016,0.32283622419567093,0.24621895606298005,0.2896320281914103,0.2555459664611539,0.22245470931687625,medium,0.05824211962336745,0.37486024463872925
2020-06-19,0.10184316439445498,0.0061095270967252814,0.1813444288374885,0.14320391441236588,0.31300490982255086,0.1873798548870447,0.21680080286264322,0.20488620728808515,0.2168247398372652,medium,0.04547558408132559,0.37785793379417437
2020-06-22,0.07307701395548472,0.09072022462269735,0.17805693255400515,0.14320391441236588,0.3042820380962001,0.1873798548870447,0.21680080286264322,0.20488620728808515,0.2168247398372652,medium,0.040156005062209114,0.3759456518202743
2020-06-23,0.4049387636562167,0.10184316439445498,0.17042809879314866,0.13282062091282487,0.2960652411100149,0.14901186898301727,0.1671696009381706,0.16908507629139682,0.16378048896973035,high,0.03415911828496263,0.3416821889250453
2020-06-24,0.17017958633535027,0.07307701395548472,0.1687681235494206,0.13282062091282487,0.2876034846312513,0.14901186898301727,0.1671696009381706,0.16908507629139682,0.16378048896973035,high,0.013476285918439523,0.3239561377852613
2020-06-25,0.3770386908374114,0.4049387636562167,0.18580421025427613,0.17562226951600537,0.29595834613742794,0.1794829045129211,0.2278194784289972,0.1896470832432522,0.15687419905675093,high,0.02315602416131521,0.36459496958285437
2020-06-26,0.2333141479956477,0.17017958633535027,0.18464948390014174,0.17562226951600537,0.2899543543142848,0.1794829045129211,0.2278194784289972,0.1896470832432522,0.15687419905675093,high,0.03694273638050179,0.34452391734352006
2020-06-29,0.20334451800175452,0.3770386908374114,0.1910515417234623,0.21626690024989031,0.29590303545919955,0.1933062955870475,0.24677559561940762,0.20046438385149734,0.19720634439154933,high,0.08294588642634601,0.42696548273561075
2020-06-30,0.11119743422406178,0.2333141479956477,0.20032547876989207,0.21626690024989031,0.29252558778613935,0.1933062955870475,0.24677559561940762,0.20046438385149734,0.19720634439154933,medium,0.07769102159005893,0.3483312225269146
2020-07-01,0.08741789547766433,0.20334451800175452,0.2063532068998342,0.22455056738705495,0.2879546594850146,0.17607252671751203,0.19361599949642347,0.18579842654702278,0.13419085199396313,medium,1e-08,0.36851218688530013
2020-07-02,0.2450593386368617,0.11119743422406178,0.20849101937758183,0.22455056738705495,0.2805079409333427,0.17607252671751203,0.19361599949642347,0.18579842654702278,0.13419085199396313,high,1e-08,0.2953366551138944
2020-07-06,0.16372137912590345,0.08741789547766433,0.2064900923983726,0.17974308176023812,0.27280420806514055,0.1412018645796463,0.14775162372862985,0.15474874301462932,0.15379263759140374,high,1e-08,0.3674677748357108
2020-07-07,0.1214151786595729,0.2450593386368617,0.20802619276038883,0.17974308176023812,0.27121956520309104,0.1412018645796463,0.14775162372862985,0.15474874301462932,0.15379263759140374,medium,0.006481018755202738,0.31668880963043705
2020-07-08,0.09036687421772195,0.16372137912590345,0.2135726445552368,0.15332636954559523,0.26599761426559787,0.141515425933212,0.1426685802862802,0.15238046890056975,0.1358440203763363,medium,1e-08,0.31388235093836164
2020-07-09,0.1620858514019557,0.1214151786595729,0.2005979359159178,0.15332636954559523,0.2596034392758049,0.141515425933212,0.1426685802862802,0.15238046890056975,0.1358440203763363,high,0.010898063239479266,0.2982409831862851
2020-07-10,0.1374597285713427,0.09036687421772195,0.1959833699651381,0.13566028202132016,0.2526663397846058,0.11874805563772235,0.11881118149029153,0.1306465653350618,0.10110108830224891,high,1e-08,0.2534906712981709
2020-07-13,0.20571824442711503,0.1620858514019557,0.19797020286077302,0.13566028202132016,0.24816561385095776,0.11874805563772235,0.11881118149029153,0.1306465653350618,0.10110108830224891,high,1e-08,0.23952113611808676
2020-07-14,0.14584323751158196,0.1374597285713427,0.20019202738595832,0.12971138439246696,0.2429500199688729,0.11419894928790555,0.11603848872709764,0.12376073884191506,0.1310107814578245,high,1e-08,0.2860666206876346
2020-07-15,0.05227958934329431,0.20571824442711503,0.16794523416281895,0.12971138439246696,0.24087845324169957,0.11419894928790555,0.11603848872709764,0.12376073884191506,0.1310107814578245,medium,1e-08,0.27736605374877965
2020-07-16,0.04601764612615763,0.14584323751158196,0.16593307217298386,0.12645518426571853,0.23625684853061596,0.11887651396060306,0.10185948747877771,0.12587929873584225,0.10872172201535471,medium,1e-08,0.29191512797492797
2020-07-17,0.12829235358358707,0.05227958934329431,0.16157338963568157,0.12645518426571853,0.22941719616601436,0.11887651396060306,0.10185948747877771,0.12587929873584225,0.10872172201535471,high,1e-08,0.3148659907790206
2020-07-20,0.03377437828740466,0.04601764612615763,0.14977660011026997,0.10670326071883007,0.22271365545959348,0.09551143407351988,0.08349227769512471,0.10413322571530921,0.10560767054068404,low,1e-08,0.2410595392013825
2020-07-21,0.09035758300205128,0.12829235358358707,0.15261092673648016,0.10670326071883007,0.2182036334889156,0.09551143407351988,0.08349227769512471,0.10413322571530921,0.10560767054068404,medium,1e-08,0.3143880468582801
2020-07-22,0.18940914668135017,0.03377437828740466,0.15386841997242012,0.08412892648105633,0.21171796958553413,0.08613067356723639,0.07202306034615097,0.09350072968972974,0.06131022184388395,high,1e-08,0.2439841552448799
2020-07-23,0.10223883922465138,0.09035758300205128,0.15385193626239077,0.08412892648105633,0.2064579819117058,0.08613067356723639,0.07202306034615097,0.09350072968972974,0.06131022184388395,medium,1e-08,0.2629563253519819
2020-07-24,0.11576733311976033,0.18940914668135017,0.15783220818452237,0.1046410846967704,0.2054749471058319,0.09886718118503629,0.10879546696733053,0.1021109296678346,0.10587387429616611,medium,1e-08,0.24561612711702563
2020-07-27,0.10068256480011756,0.10223883922465138,0.15915774569675722,0.1046410846967704,0.20078327487521463,0.09886718118503629,0.10879546696733053,0.1021109296678346,0.10587387429616611,medium,1e-08,0.32061208568758776
2020-07-28,0.19523494645560532,0.11576733311976033,0.1460135897632819,0.0999955713099303,0.19672115439499313,0.09318693744733314,0.09761468653079619,0.09639956196402309,0.10464801723371812,high,1e-08,0.2775507571623245
2020-07-29,0.05663896918290088,0.10068256480011756,0.14285463423895317,0.0999955713099303,0.1923160902332215,0.09318693744733314,0.09761468653079619,0.09639956196402309,0.10464801723371812,medium,1e-08,0.31184079010492133
2020-07-30,0.12544224410901453,0.19523494645560532,0.1345908276761438,0.1184335510850322,0.19249246974333414,0.10445976066282543,0.09647934337173746,0.1056224119202449,0.09078695938903683,high,1e-08,0.25244608812065705
2020-07-31,0.1103609296744711,0.05663896918290088,0.12656013773010985,0.1184335510850322,0.18714333603743735,0.10445976066282543,0.09647934337173746,0.1056224119202449,0.09078695938903683,medium,1e-08,0.24601439047672397
2020-08-03,0.0613177908599708,0.12544224410901453,0.12301912528043984,0.10115188481237669,0.18402558497734564,0.09460752188553725,0.08424313450473747,0.09692526763295739,0.06614899739670826,medium,1e-08,0.30294914181002747
2020-08-04,0.0985960903147013,0.1103609296744711,0.12298110234636755,0.10115188481237669,0.18045570940980454,0.09460752188553725,0.08424313450473747,0.09692526763295739,0.06614899739670826,medium,1e-08,0.19856079960835224
2020-08-05,0.10611296135629167,0.0613177908599708,0.1217947339546542,0.09406309670670925,0.17560182107152789,0.08529209095500728,0.0725749764867889,0.08827470579864213,0.06110127331589579,medium,1e-08,0.20275659199351592
2020-08-06,0.011398679674424652,0.0985960903147013,0.11513731357637419,0.09406309670670925,0.17195671237651458,0.08529209095500728,0.0725749764867889,0.08827470579864213,0.06110127331589579,low,1e-08,0.2506401304306716
2020-08-07,0.047447089243803156,0.10611296135629167,0.11251874913230092,0.08410976235307124,0.1687322195359473,0.08358563125447055,0.06730497111427318,0.08578511078713855,0.06267340723196119,medium,1e-08,0.2580249980278595
2020-08-10,0.13103900357782708,0.011398679674424652,0.10751799917843054,0.08410976235307124,0.1636157816008428,0.08358563125447055,0.06730497111427318,0.08578511078713855,0.06267340723196119,high,1e-08,0.23212202907116697
2020-08-11,0.22132610279065176,0.047447089243803156,0.10556709986143424,0.06357072620260062,0.15905656266305382,0.07088158343758015,0.05859636555510933,0.07335605549559437,0.08274178700076437,high,1e-08,0.24356663430331366
2020-08-12,0.028695103501012346,0.13103900357782708,0.10415587950579201,0.06357072620260062,0.15751610694190926,0.07088158343758015,0.05859636555510933,0.07335605549559437,0.08274178700076437,low,1e-08,0.2533676129120605
2020-08-13,0.00047356174626967177,0.22132610279065176,0.10796798742485153,0.10409332383248554,0.1620548028783991,0.10224254813608397,0.08677384054470395,0.1012464006640467,0.07083153111665837,low,1e-08,0.2271123662181032
2020-08-14,0.05042347515195951,0.028695103501012346,0.09992148101911957,0.10409332383248554,0.1572751033243832,0.10224254813608397,0.08677384054470395,0.1012464006640467,0.07083153111665837,medium,1e-08,0.2262315867216986
2020-08-17,0.03429647671939712,0.00047356174626967177,0.09331376848433268,0.08515375157654635,0.15248391421326163,0.08242568002600971,0.07143857294783454,0.08409907263711977,0.06038102185844227,low,1e-08,0.25042567960797046
2020-08-18,0.06609612450314908,0.05042347515195951,0.0932293996574538,0.08515375157654635,0.14835368232353893,0.08242568002600971,0.07143857294783454,0.08409907263711977,0.06038102185844227,medium,1e-08,0.27417760392321605
2020-08-19,0.0494222740564056,0.03429647671939712,0.0926966192298738,0.07870118844189491,0.14407935679457395,0.07089195457575635,0.061658974968554506,0.07279144399616412,0.06433908796857232,medium,1e-08,0.2774545562466238
2020-08-20,0.05631394435291884,0.06609612450314908,0.0898695179080357,0.07870118844189491,0.1406252155608588,0.07089195457575635,0.061658974968554506,0.07279144399616412,0.06433908796857232,medium,1e-08,0.1946764654424333
2020-08-21,0.1608608009824966,0.0494222740564056,0.09058078589753574,0.04587259111569422,0.13687760169881746,0.06556424787788931,0.06107182401902162,0.06645249919707368,0.06099716337048347,high,1e-08,0.1804413343568587
2020-08-24,0.05555195648269229,0.05631394435291884,0.08903334777712063,0.04587259111569422,0.13342272968173724,0.06556424787788931,0.06107182401902162,0.06645249919707368,0.06099716337048347,medium,1e-08,0.22365473846048697
2020-08-25,0.1591522527578064,0.1608608009824966,0.08773569569990002,0.0731045523694207,0.13522610378749436,0.07917188822094424,0.06396153087840072,0.07814375477101096,0.08103665925442576,high,1e-08,0.20755921573031916
2020-08-26,0.03470646552387949,0.05555195648269229,0.08561356466617459,0.0731045523694207,0.13181082804138938,0.07917188822094424,0.06396153087840072,0.07814375477101096,0.08103665925442576,low,1e-08,0.23192016565861925
2020-08-27,0.10253956359112004,0.1591522527578064,0.08758560646790398,0.0870532729253568,0.13360918792917048,0.08557515727195888,0.06560888141790928,0.08433769866246967,0.10420969182704432,medium,0.0004749924986720646,0.2457762724092044
2020-08-28,0.057503643671644636,0.03470646552387949,0.0845866928644386,0.0870532729253568,0.1298175739955745,0.08557515727195888,0.06560888141790928,0.08433769866246967,0.10420969182704432,medium,1e-08,0.2619049873460304
2020-08-31,0.14951286397629884,0.10253956359112004,0.08037326637059837,0.08654462876210849,0.12834448992106406,0.07891527276864205,0.060779284590255535,0.0786901111199134,0.08856698054336509,high,1e-08,0.24616964178777603
2020-09-01,0.22961351035922553,0.057503643671644636,0.08041256975645035,0.08654462876210849,0.1252292687419485,0.07891527276864205,0.060779284590255535,0.0786901111199134,0.08856698054336509,high,1e-08,0.30251693121737055
2020-09-02,0.5463117866176218,0.14951286397629884,0.08150668884132692,0.08705438572023166,0.12681748047618785,0.0837086729913824,0.06595410542688936,0.08291728967082736,0.11518974780978974,high,1e-08,0.27277819848330964
2020-09-03,0.12961030910959526,0.22961351035922553,0.08692726069063393,0.08705438572023166,0.13520745098343417,0.0837086729913824,0.06595410542688936,0.08291728967082736,0.11518974780978974,high,1e-08,0.2773648987541152
2020-09-04,0.433740570341967,0.5463117866176218,0.10897244231598169,0.2125517028704105,0.1873274822475116,0.20705198436338298,0.26434838225664925,0.1978109032265417,0.20641841463111682,high,0.09349806780111844,0.3458044966923241
2020-09-08,0.3134819347150487,0.12961030910959526,0.11038217953393142,0.2125517028704105,0.18437467397267274,0.20705198436338298,0.26434838225664925,0.1978109032265417,0.20641841463111682,high,0.07105270871785814,0.3676740786856701
2020-09-09,0.2756409866502246,0.433740570341967,0.12527434357873485,0.24703297712067443,0.20794766678184223,0.21776384212156294,0.2832988778896826,0.21441756782975746,0.2412382205831597,high,0.0801897901062801,0.4246155938052886
2020-09-10,0.008080578119548308,0.3134819347150487,0.13900540062603595,0.24703297712067443,0.21574047741759722,0.21776384212156294,0.2832988778896826,0.21441756782975746,0.2412382205831597,low,0.10567328485400082,0.4103023001133457
2020-09-11,0.20908813811557458,0.2756409866502246,0.149377850508146,0.26054563837157224,0.21979534479119653,0.2106285081097975,0.25201976226461087,0.21343084149972555,0.24418634405740047,high,0.11903794559547393,0.4085070881046559
2020-09-14,0.08020150577910494,0.008080578119548308,0.14378883116913332,0.26054563837157224,0.2131086852311113,0.2106285081097975,0.25201976226461087,0.21343084149972555,0.24418634405740047,medium,0.04956099140108687,0.4131845871296365
2020-09-15,0.06299926326118005,0.20908813811557458,0.14323256004753893,0.20751406711535694,0.2128695938543482,0.1743217251578255,0.1922861066889127,0.18375722685089832,0.17545839973230215,medium,0.06638144842716023,0.3390436197510461
2020-09-16,0.13962046081502497,0.08020150577910494,0.14557376015108858,0.20751406711535694,0.20731761391692313,0.1743217251578255,0.1922861066889127,0.18375722685089832,0.17545839973230215,high,0.046616073369015146,0.30075678571699527
2020-09-17,0.1827571945315248,0.06299926326118005,0.14841583749267542,0.12898431783229114,0.20159338255032352,0.13665316936913172,0.1463683605302199,0.1510054758010552,0.1749831820022935,high,0.037449634172855156,0.31851118981263044
2020-09-18,0.17667629804261262,0.13962046081502497,0.15247024593190567,0.12898431783229114,0.19842159852064545,0.13665316936913172,0.1463683605302199,0.1510054758010552,0.1749831820022935,high,0.00039945482796853796,0.34002309676972114
2020-09-21,0.16167593448024772,0.1827571945315248,0.15921846037791146,0.1264741361287672,0.19751677003004312,0.12875082891121534,0.14870765153675444,0.1410311742170632,0.20581326627161156,high,0.0859266937502074,0.34671492211941196
2020-09-22,0.36814898407367624,0.17667629804261262,0.16424483190243255,0.1264741361287672,0.19632873664829967,0.12875082891121534,0.14870765153675444,0.1410311742170632,0.20581326627161156,high,0.06697074215523696,0.3622830699430704
2020-09-23,0.04231395700090065,0.16167593448024772,0.1693472710126072,0.12943765820770178,0.19442381780863693,0.12491744663211027,0.13727814886276593,0.1352361937759854,0.23583474289366713,low,0.09102558313808423,0.4049172263492365
2020-09-24,0.25664334022486285,0.36814898407367624,0.18352159099991433,0.12943765820770178,0.20896077178235556,0.12491744663211027,0.13727814886276593,0.1352361937759854,0.23583474289366713,high,0.11609588520583937,0.3705579138269711
2020-09-25,0.26366328128391897,0.04231395700090065,0.17813309809165997,0.16224338798214996,0.20285994220808964,0.14537561718875414,0.17782037372564505,0.15259584270730792,0.1692261631135564,high,0.040236454552568184,0.3995604400920402
2020-09-28,0.08645081941220335,0.25664334022486285,0.18727361553448593,0.16224338798214996,0.20648238430533433,0.14537561718875414,0.17782037372564505,0.15259584270730792,0.1692261631135564,medium,0.06397029412707422,0.3645777539094547
2020-09-29,0.12036081657712779,0.26366328128391897,0.19202411683112738,0.19202573062536862,0.2103520289432812,0.16168663750155354,0.15662268881890898,0.16644749672561632,0.1388016799472342,medium,1e-08,0.29970974624975183
2020-09-30,0.10191300945020165,0.08645081941220335,0.1943761329169603,0.19202573062536862,0.20504029400667614,0.16168663750155354,0.15662268881890898,0.16644749672561632,0.1388016799472342,medium,0.01136778315708156,0.2793427418701688
2020-10-01,0.1507221181270148,0.12036081657712779,0.19518618987086975,0.14718931695101412,0.20096824228317847,0.1321077774382523,0.12538284079018905,0.14156973923488458,0.14335867639334113,high,1e-08,0.30584958928320555
2020-10-02,0.28150787061727167,0.10191300945020165,0.1972047974062587,0.14718931695101412,0.19643858081272814,0.1321077774382523,0.12538284079018905,0.14156973923488458,0.14335867639334113,high,1e-08,0.2804202328685593
2020-10-05,0.22567679931250148,0.1507221181270148,0.1972597635040185,0.13716451883224157,0.1939996352660933,0.11792965239494892,0.11994593526286806,0.12765292921318008,0.11196843330867293,high,1e-08,0.2732863029000378
2020-10-06,0.2763272954689591,0.28150787061727167,0.1996185980612024,0.13716451883224157,0.20033099572343474,0.11792965239494892,0.11994593526286806,0.12765292921318008,0.11196843330867293,high,1e-08,0.2579218663492459
2020-10-07,0.1406860356052352,0.22567679931250148,0.1850442804564242,0.15537068380979865,0.2019414728122145,0.14572930759692784,0.15142741529581666,0.15001377157065648,0.1297184621441085,high,1e-08,0.29379442223404645
2020-10-08,0.1417639050877295,0.2763272954689591,0.19171323438184984,0.15537068380979865,0.20715922231062694,0.14572930759692784,0.15142741529581666,0.15001377157065648,0.1297184621441085,high,1e-08,0.34109580404874557
2020-10-09,0.2553796244016319,0.1406860356052352,0.17839257371199843,0.16833038840982945,0.20378321918622783,0.14607487623347212,0.1318563556216379,0.1515172429882073,0.10916761453586685,high,1e-08,0.2707310425357601
2020-10-12,0.10359843685785107,0.1417639050877295,0.17058720872893843,0.16833038840982945,0.20060350117515752,0.14607487623347212,0.1318563556216379,0.1515172429882073,0.10916761453586685,medium,1e-08,0.267092448971415
2020-10-13,0.09975035894087059,0.2553796244016319,0.16966623771763878,0.1688011709764004,0.20430463518060143,0.14780584142861294,0.12198548556724244,0.1526945954151775,0.11695538431528289,medium,1e-08,0.297612544262407
2020-10-14,0.019610886421640068,0.10359843685785107,0.1740079585693798,0.1688011709764004,0.19969957207281475,0.14780584142861294,0.12198548556724244,0.1526945954151775,0.11695538431528289,low,1e-08,0.2535572671293745
2020-10-15,0.009597999628939544,0.09975035894087059,0.16903805951598416,0.12748168123567427,0.1951515615808169,0.12184397866793627,0.11141480775829862,0.13066817766753225,0.1266312819784215,low,1e-08,0.2858319641388104
2020-10-16,0.24134416282584037,0.019610886421640068,0.16628394045428124,0.12748168123567427,0.1892674279430035,0.12184397866793627,0.11141480775829862,0.13066817766753225,0.1266312819784215,high,1e-08,0.29022264724773966
2020-10-19,0.06359321117426489,0.009597999628939544,0.1638566102891794,0.10651960932851161,0.18351663962475734,0.09466585454813653,0.08608268957200597,0.10586519545006279,0.1553969023788461,medium,0.030537735986018607,0.31417323248640994
2020-10-20,0.03005721850180518,0.24134416282584037,0.16848041492603463,0.10651960932851161,0.18748993544673168,0.09466585454813653,0.08608268957200597,0.10586519545006279,0.1553969023788461,low,0.019970399464416106,0.32832579863360106
2020-10-21,0.08707953653206832,0.06359321117426489,0.1630638702279774,0.10386141778788727,0.18244443847549235,0.10609575838160883,0.11807900297422884,0.1129985879136079,0.10815628803190755,medium,1e-08,0.2787495509935853
2020-10-22,0.0538989861508863,0.03005721850180518,0.15639936661248613,0.10386141778788727,0.1770396027047151,0.10609575838160883,0.11807900297422884,0.1129985879136079,0.10815628803190755,medium,1e-08,0.2642379122620785
2020-10-23,0.2933593560063815,0.08707953653206832,0.15300862125120523,0.1029736515612652,0.1729665008354252,0.08907343195052171,0.09365256373324742,0.09652992882963958,0.09227716404728913,high,1e-08,0.31194850829845605
2020-10-26,0.054724889075002295,0.0538989861508863,0.13872453043653296,0.1029736515612652,0.16821614616041375,0.08907343195052171,0.09365256373324742,0.09652992882963958,0.09227716404728913,medium,1e-08,0.2002762605019523
2020-10-27,0.5425764967976716,0.2933593560063815,0.15013568493678212,0.12618792497014378,0.17822024078287718,0.12429222499375445,0.15327028594835793,0.12455120028582999,0.12404119043684775,high,1e-08,0.3030420860180978
2020-10-28,0.1613414006025945,0.054724889075002295,0.14095757352087934,0.12618792497014378,0.17331011447772052,0.12429222499375445,0.15327028594835793,0.12455120028582999,0.12404119043684775,high,1e-08,0.2885041366124734
2020-10-29,0.16548617475676083,0.5425764967976716,0.15363544695332265,0.22065319482008716,0.21423717540636544,0.21118778142675154,0.2782088366157968,0.2020431800103753,0.21124352084506404,high,0.06700085476610011,0.3581807459940709
2020-10-30,0.1779220939509567,0.1613414006025945,0.15703956428015864,0.22065319482008716,0.21143693182468465,0.21118778142675154,0.2782088366157968,0.2020431800103753,0.21124352084506404,high,0.07593380542171337,0.34715251296742866
2020-11-02,0.2802807995289624,0.16548617475676083,0.15909071692468738,0.21142336018543365,0.20896502581343052,0.17494660447118168,0.21894454581160416,0.1764961577962852,0.19858243464124137,high,0.034461358903460276,0.4428083799609902
2020-11-03,0.3547825171107468,0.1779220939509567,0.16254567531108532,0.21142336018543365,0.20723362512721916,0.17494660447118168,0.21894454581160416,0.1764961577962852,0.19858243464124137,high,0.08987721438286464,0.35643402923550394
2020-11-04,0.3095963138744887,0.2802807995289624,0.16843470628390114,0.222555559068531,0.212326325394291,0.17216630753834114,0.1795376487392778,0.17561603796959344,0.1561220551486227,high,0.011939219870814687,0.3903124349236386
2020-11-05,0.003625929615172386,0.3547825171107468,0.17176537203360456,0.222555559068531,0.22344967758974735,0.17216630753834114,0.1795376487392778,0.17561603796959344,0.1561220551486227,low,0.05171937028709349,0.3458603807675577
2020-11-06,0.19947616806042176,0.3095963138744887,0.1755798954227858,0.2063518364890514,0.22953205781316163,0.1986075159649864,0.17161778843585893,0.20027828401105818,0.14693779932713297,high,0.02704759860313714,0.30505314377518516
2020-11-09,0.02327990355719766,0.003625929615172386,0.1631843787930682,0.2063518364890514,0.2225413590145489,0.1986075159649864,0.17161778843585893,0.20027828401105818,0.14693779932713297,low,1e-08,0.31988177738133106
2020-11-10,0.11792556086123224,0.19947616806042176,0.1658566575410312,0.19545876357671552,0.2212252733779845,0.16441991555869628,0.13702438250431062,0.1727533106777302,0.1403026761683836,medium,0.0016498375009866785,0.28177109060990213
2020-11-11,0.15399644823602376,0.02327990355719766,0.16047102110782527,0.19545876357671552,0.21456164969740538,0.16441991555869628,0.13702438250431062,0.1727533106777302,0.1403026761683836,high,0.022168805516208992,0.32227458009353555
2020-11-12,0.21977013423932507,0.11792556086123224,0.15422310912871617,0.13967712894539286,0.21002115537222896,0.13129563495442578,0.10762497810865139,0.14406099007426093,0.11717431855417887,high,1e-08,0.27853809828629356
2020-11-13,0.19815594121198238,0.15399644823602376,0.15651392782772403,0.13967712894539286,0.20708753445297332,0.13129563495442578,0.10762497810865139,0.14406099007426093,0.11717431855417887,high,0.0020445114006856623,0.27353184898376376
2020-11-16,0.08537891493529433,0.21977013423932507,0.16196937215947196,0.13738961644468842,0.2078703125135405,0.1342661175408329,0.11657930282823828,0.14312442049924815,0.11960603582187337,medium,1.5083827849495248e-05,0.3509370549098244
2020-11-17,0.19104398549659773,0.19815594121198238,0.17008505646812389,0.13738961644468842,0.20730028807810366,0.1342661175408329,0.11657930282823828,0.14312442049924815,0.11960603582187337,high,1e-08,0.26211288484438955
2020-11-18,0.0668313956598295,0.08537891493529433,0.17352964352750364,0.13385307110517136,0.20207023139977984,0.12237072536902933,0.10638540353669854,0.13176172271460104,0.1347867997665203,medium,0.009829987609462295,0.30931168160260264
2020-11-19,0.10870718514920243,0.19104398549659773,0.17124327183071986,0.13385307110517136,0.20142567854310034,0.12237072536902933,0.10638540353669854,0.13176172271460104,0.1347867997665203,medium,1e-08,0.2739484043046676
2020-11-20,0.09516077727125051,0.0668313956598295,0.1713904620346092,0.1335786534370354,0.1959743653254321,0.11276725827970323,0.1128113154308155,0.12163011745463839,0.11002772437942834,medium,1e-08,0.2611112753439053
2020-11-23,0.2557953264048197,0.10870718514920243,0.17496546051858178,0.1335786534370354,0.19186096496944693,0.11276725827970323,0.1128113154308155,0.12163011745463839,0.11002772437942834,high,1e-08,0.2640834244509236
2020-11-24,0.024471598570708582,0.09516077727125051,0.17533278964309007,0.1082392210369862,0.18747086839858348,0.09950742997611708,0.09967357671118228,0.10840883477985085,0.07633284389258775,low,1e-08,0.2802967109109408
2020-11-25,0.04421141940269914,0.2557953264048197,0.1845098960182689,0.1082392210369862,0.19225629209174083,0.09950742997611708,0.09967357671118228,0.10840883477985085,0.07633284389258775,low,1e-08,0.2249784077996889
2020-11-27,0.0702817023703571,0.024471598570708582,0.17228772522573826,0.11472095528568076,0.1864957492441295,0.10976011393837419,0.09587929954120958,0.11559535120292286,0.05411475342667354,medium,1e-08,0.20957148749381244
2020-11-30,0.1736283296823016,0.04421141940269914,0.1718098402406336,0.11472095528568076,0.18113835483766974,0.10976011393837419,0.09587929954120958,0.11559535120292286,0.05411475342667354,high,1e-08,0.22319586023349827
2020-12-01,0.033395319755783345,0.0702817023703571,0.15034189503939202,0.10688644031963636,0.17646191781510318,0.09065221744394945,0.08279516033814927,0.09808005165064766,0.1019963623075743,low,1e-08,0.2718949157062245
2020-12-02,0.0043286159253239625,0.1736283296823016,0.15090039181574236,0.10688644031963636,0.17629318689257714,0.09065221744394945,0.08279516033814927,0.09808005165064766,0.1019963623075743,low,1e-08,0.2635463219916959
2020-12-03,0.13680190342251555,0.033395319755783345,0.14489626204297062,0.0814592766308995,0.1711182203126018,0.08995772744682393,0.0769332608102662,0.09561337427215488,0.060673482030018946,high,1e-08,0.23040473354558438
2020-12-04,0.032619928978006155,0.0043286159253239625,0.13700564940544188,0.0814592766308995,0.16590865805775398,0.08995772744682393,0.0769332608102662,0.09561337427215488,0.060673482030018946,low,1e-08,0.22423402996146544
2020-12-07,0.04645008444708092,0.13680190342251555,0.13048388140060338,0.09365314806327944,0.16430772196161278,0.08642208509489699,0.07183245923934799,0.0904750460992384,0.08020290004772586,medium,1e-08,0.24439561989857403
2020-12-08,0.1423772250371369,0.032619928978006155,0.11584012739456973,0.09365314806327944,0.1595025060380983,0.08642208509489699,0.07183245923934799,0.0904750460992384,0.08020290004772586,high,1e-08,0.24192207444175098
2020-12-09,0.0051926350408956,0.04645008444708092,0.10387893514786936,0.06252843157139544,0.15506141714558144,0.07287661233389879,0.06249161257667682,0.07720232352781001,0.07419749280306917,low,1e-08,0.23886673629215588
2020-12-10,0.018616949557912633,0.1423772250371369,0.1101858122125041,0.06252843157139544,0.15432976691008377,0.07287661233389879,0.06249161257667682,0.07720232352781001,0.07419749280306917,low,1e-08,0.23820684112441326
2020-12-11,0.07107115735894816,0.0051926350408956,0.10135474252979838,0.07415264938629346,0.1496336664817434,0.07424750023133624,0.07741061923730677,0.07685231720725327,0.07422879834517182,medium,1e-08,0.24861909400125615
2020-12-14,0.21461661044860586,0.018616949557912633,0.1011427900752854,0.07415264938629346,0.14514687576635588,0.07424750023133624,0.07741061923730677,0.07685231720725327,0.07422879834517182,high,1e-08,0.22839171753656753
2020-12-15,0.024912376835526405,0.07107115735894816,0.09901304446154523,0.06667715592206962,0.14179783205871072,0.06705863812226653,0.07177616851866665,0.06887447062671498,0.056862366004376504,low,1e-08,0.21210404217331155
2020-12-16,0.0887678168335185,0.21461661044860586,0.10176850638029897,0.06667715592206962,0.1471864295197904,0.06705863812226653,0.07177616851866665,0.06887447062671498,0.056862366004376504,medium,1e-08,0.2938381661159996
2020-12-17,0.0633833332687069,0.024912376835526405,0.09291133558921721,0.07968472839905802,0.14283295111378502,0.08566408461953513,0.0753362550883457,0.08533946582388909,0.05861007340321077,medium,1e-08,0.2280396129428534
2020-12-18,0.0567586160682578,0.0887678168335185,0.08793914811746885,0.07968472839905802,0.14017831617894355,0.08566408461953513,0.0753362550883457,0.08533946582388909,0.05861007340321077,medium,1e-08,0.2897171579242555
2020-12-21,0.02675809786530818,0.0633833332687069,0.08693934895080578,0.08644094373864146,0.13679184743007589,0.07769948521325978,0.07118706245514206,0.07847186633879129,0.1194531313676844,low,1e-08,0.3335915039950614
2020-12-22,0.014266740577992371,0.0567586160682578,0.08083546852224488,0.08644094373864146,0.13335134563180154,0.07769948521325978,0.07118706245514206,0.07847186633879129,0.1194531313676844,low,0.0025663582558901545,0.33423255209425595
2020-12-23,0.06175853663224218,0.02675809786530818,0.07901395498613027,0.05145018398420661,0.12945495837157275,0.06742102913137991,0.06486816083721604,0.06877608874475181,0.09125710259915508,medium,1e-08,0.3304427779322159
2020-12-24,0.1363768229874924,0.014266740577992371,0.07472120750562072,0.05145018398420661,0.1255598799990255,0.06742102913137991,0.06486816083721604,0.06877608874475181,0.09125710259915508,high,1e-08,0.21842491550408596
2020-12-28,0.03028925593089921,0.06175853663224218,0.07320292384021126,0.047533737497233185,0.12267115988799021,0.061773793830036096,0.0578481061390912,0.062338670279143,0.08838473116498162,low,1e-08,0.22077495402005234
2020-12-29,0.022654598769177085,0.1363768229874924,0.06777481004851456,0.047533737497233185,0.12353638707303478,0.061773793830036096,0.0578481061390912,0.062338670279143,0.08838473116498162,low,1e-08,0.27779337881082167
2020-12-30,0.08065608392586307,0.03028925593089921,0.06803924901943231,0.05626066128458991,0.12000254554252592,0.06816926717861638,0.06047547029492657,0.0673533969661896,0.04245168627675322,medium,1e-08,0.2031891365376975
2020-12-31,0.21611728583753895,0.022654598769177085,0.0670593935360904,0.05626066128458991,0.1164790458889855,0.06816926717861638,0.06047547029492657,0.0673533969661896,0.04245168627675322,high,1e-08,0.22270951252607404
2021-01-04,0.10933205734918483,0.08065608392586307,0.06753095633406794,0.06328328147731162,0.11464575995557462,0.06484771422684647,0.05685090947552733,0.06367398680444619,0.09972157632163134,medium,1e-08,0.3135909921066607
2021-01-05,0.09490484879064691,0.21611728583753895,0.06946227252294236,0.06328328147731162,0.12311552352774541,0.06484771422684647,0.05685090947552733,0.06367398680444619,0.09972157632163134,medium,1e-08,0.28008422025174506
2021-01-06,0.23585487975780017,0.10933205734918483,0.07291394241355152,0.0874473656027971,0.12233231842547786,0.09198302665536962,0.10121520436087993,0.0893927443374883,0.07856259024681829,high,1e-08,0.3079846009019687
2021-01-07,0.09045038472275219,0.09490484879064691,0.07703104390742985,0.0874473656027971,0.1208623191193595,0.09198302665536962,0.10121520436087993,0.0893927443374883,0.07856259024681829,medium,1e-08,0.23756131865016736
2021-01-08,0.1070050110322671,0.23585487975780017,0.08153345192267004,0.12122666013651572,0.13064796068163206,0.11227328042802334,0.10041214449038326,0.10905617862810454,0.10844591638761743,medium,0.003328792795764211,0.2711401955467468
2021-01-11,0.003350281238028574,0.09045038472275219,0.08416210900197668,0.12122666013651572,0.1285909506078976,0.11227328042802334,0.10041214449038326,0.10905617862810454,0.10844591638761743,low,1e-08,0.23616186615618517
2021-01-12,0.042751724379289494,0.1070050110322671,0.08691460566493969,0.1031779905801875,0.127398975532416,0.09900281292685251,0.09458865106142633,0.09940575907080264,0.1114742562639708,low,1e-08,0.28633923623070345
2021-01-13,0.05559499721640194,0.003350281238028574,0.08059519912861658,0.1031779905801875,0.12352061565491412,0.09900281292685251,0.09458865106142633,0.09940575907080264,0.1114742562639708,medium,0.0006748436495282107,0.2512707810448933
2021-01-14,0.11576497768262964,0.042751724379289494,0.08230243046217996,0.09097519070466333,0.1202146602478543,0.08047023556992701,0.0759424986951425,0.08323383175108919,0.08400142176601823,medium,1e-08,0.22914857712232253
2021-01-15,0.12464360414609334,0.05559499721640194,0.0839832508102931,0.09097519070466333,0.1173452976864694,0.08047023556992701,0.0759424986951425,0.08323383175108919,0.08400142176601823,high,1e-08,0.2474273051650583
2021-01-19,0.2196851758078469,0.11576497768262964,0.08601478809773316,0.06731894163611091,0.11725107913895778,0.0788576257589073,0.0846330968130415,0.08057476188673854,0.07108375181768911,high,1e-08,0.20951530116116973
2021-01-20,0.014472153977083835,0.12464360414609334,0.08192510599307351,0.06731894163611091,0.11770772408371004,0.0788576257589073,0.0846330968130415,0.08057476188673854,0.07108375181768911,low,1e-08,0.2102868509060387
2021-01-21,0.05618629873206879,0.2196851758078469,0.0907784150372699,0.10242075743448502,0.1261724866942563,0.10533882377554549,0.09104065968206967,0.10354343276763447,0.06864275007547775,medium,1e-08,0.20018454239272077
2021-01-22,0.06260400157963564,0.014472153977083835,0.08740133945288651,0.10242075743448502,0.12238011770357034,0.10533882377554549,0.09104065968206967,0.10354343276763447,0.06864275007547775,medium,1e-08,0.20442278293547925
2021-01-25,0.024777525491158178,0.05618629873206879,0.08707420151940294,0.09372973478497708,0.11944745131857733,0.08567539285120422,0.07705070335916243,0.08728482860997508,0.08397216842788369,low,1e-08,0.30645088419898564
2021-01-26,0.38797948045487246,0.06260400157963564,0.08733990086082921,0.09372973478497708,0.11681946614216591,0.08567539285120422,0.07705070335916243,0.08728482860997508,0.08397216842788369,high,1e-08,0.2374464271537497
2021-01-27,0.13652305820832747,0.024777525491158178,0.08724987484382239,0.08013746497706505,0.11342317204047904,0.07290774127703827,0.06586539852074492,0.07568573346907068,0.1292111468073016,high,0.026230905729870947,0.3381138868397599
2021-01-28,0.3178031124606545,0.38797948045487246,0.10423681756549877,0.08013746497706505,0.14534308251039207,0.07290774127703827,0.06586539852074492,0.07568573346907068,0.1292111468073016,high,1e-08,0.3398813770596972
2021-01-29,0.2642407597888406,0.13652305820832747,0.10763520490986629,0.13783161120561893,0.1448290290686178,0.13563445193892,0.16205942669781226,0.1344354079382956,0.18108697055297346,high,0.04459160536258954,0.301502379412889
2021-02-01,0.22446901394762964,0.3178031124606545,0.11588185443137364,0.13783161120561893,0.1605517047517148,0.13563445193892,0.16205942669781226,0.1344354079382956,0.18108697055297346,high,0.07238568113856775,0.386449733051502
2021-02-02,0.012482340464413292,0.2642407597888406,0.12651601369764373,0.19008372230418796,0.16858122568301584,0.1657898232430984,0.18459561057322163,0.1654322924658651,0.13060082704201115,low,0.0022608134246023537,0.37632892743379887
2021-02-03,0.18042244211466318,0.22446901394762964,0.1356893962057552,0.19008372230418796,0.17244602682282337,0.1657898232430984,0.18459561057322163,0.1654322924658651,0.13060082704201115,high,1e-08,0.2898109478626593
2021-02-04,0.06248247596710423,0.012482340464413292,0.1325905896847802,0.15352063681498723,0.16722058116860916,0.14267517608749355,0.14651181935650948,0.14825269998435553,0.0932977231910884,medium,1e-08,0.229239206875551
2021-02-05,0.11464189419982888,0.18042244211466318,0.13096809678828586,0.15352063681498723,0.16804194374471662,0.14267517608749355,0.14651181935650948,0.14825269998435553,0.0932977231910884,medium,1e-08,0.23597556485202606
2021-02-08,0.01056750712221203,0.06248247596710423,0.12883857036182764,0.13158452052097155,0.16364000963771402,0.12365307794461503,0.11851475179155656,0.13212531297070731,0.13527307804409267,low,0.027856335979775052,0.28779523565318504
2021-02-09,0.006916793527746119,0.11464189419982888,0.1297357087895177,0.13158452052097155,0.16112087209086462,0.12365307794461503,0.11851475179155656,0.13212531297070731,0.13527307804409267,low,0.012267420250661729,0.3201372541124187
2021-02-10,0.02563811100729585,0.01056750712221203,0.11949537366971827,0.0836482897687419,0.1562339259902541,0.10214696902186052,0.09468667359575887,0.1123515050454141,0.10156696150399867,low,1e-08,0.2847225160706762
2021-02-11,0.07841658291485785,0.006916793527746119,0.11569839225176345,0.0836482897687419,0.15148388618751113,0.10214696902186052,0.09468667359575887,0.1123515050454141,0.10156696150399867,medium,1e-08,0.2381101032648007
2021-02-12,0.013745406551403303,0.02563811100729585,0.11199989679608295,0.061054159277437424,0.14700328048096042,0.08154120119614551,0.07520882511317177,0.09162288395349107,0.07830102671134226,low,1e-08,0.23106200673240093
2021-02-16,0.0036412920555376816,0.07841658291485785,0.115412001417757,0.061054159277437424,0.1438134772279589,0.08154120119614551,0.07520882511317177,0.09162288395349107,0.07830102671134226,low,1e-08,0.27467021073921527
2021-02-17,0.0675613119721245,0.013745406551403303,0.11409353242558035,0.04768586710386394,0.1394729845903093,0.07111622825496434,0.06480004308162439,0.07928877697261807,0.05066667418138325,medium,1e-08,0.16072093867948054
2021-02-18,0.028032126505459904,0.0036412920555376816,0.1117320003728138,0.04768586710386394,0.1352270171421634,0.07111622825496434,0.06480004308162439,0.07928877697261807,0.05066667418138325,low,1e-08,0.17173796462859273
2021-02-19,0.12210148955076874,0.0675613119721245,0.10954092465869993,0.05597375722929762,0.13214778563328491,0.06458769020587977,0.06378640507914721,0.07010482481874013,0.04578166176423455,medium,1e-08,0.16227474979096404
2021-02-22,0.01927724966972299,0.028032126505459904,0.10514949385685295,0.05597375722929762,0.12830589627877148,0.06458769020587977,0.06378640507914721,0.07010482481874013,0.04578166176423455,low,1e-08,0.28131112914770445
2021-02-23,0.1749245596450902,0.12210148955076874,0.10071387175425849,0.0666749352332679,0.1279421168487372,0.07037923084903173,0.07930220576048926,0.07212397997699926,0.06922354226936087,high,1e-08,0.25048251806909505
2021-02-24,0.3825062270078836,0.01927724966972299,0.10093228519483301,0.0666749352332679,0.1241343259908455,0.07037923084903173,0.07930220576048926,0.07212397997699926,0.06922354226936087,high,1e-08,0.23867216410856665
2021-02-25,0.0817985944209062,0.1749245596450902,0.1063294788726976,0.09149835491062397,0.1277524447119159,0.08465753545500124,0.07821298477934678,0.08391691811618669,0.1414260651177413,medium,0.02950626407584843,0.3316151458047677
2021-02-26,0.38480028567647057,0.3825062270078836,0.12087048911943614,0.09149835491062397,0.15530649285869302,0.08465753545500124,0.07821298477934678,0.08391691811618669,0.1414260651177413,high,1e-08,0.2943196321306361
2021-03-01,0.12387354396446106,0.0817985944209062,0.12346235588897013,0.14672509250835236,0.1519024717494004,0.1350050672003642,0.16737347760769206,0.1331986457160372,0.13087549574503063,high,1e-08,0.3534065605416308
2021-03-02,0.21026553280527363,0.38480028567647057,0.12331784703540642,0.14672509250835236,0.17485472501355045,0.1350050672003642,0.16737347760769206,0.1331986457160372,0.13087549574503063,high,1e-08,0.2778936910076104
2021-03-03,0.19644556100002555,0.12387354396446106,0.12274286911523068,0.18581129175090622,0.17222196045118462,0.1594974948146209,0.1593965187512459,0.16007467701941916,0.18451698628641722,high,0.027874049700131475,0.34810220630516114
2021-03-04,0.2920362370231802,0.21026553280527363,0.11785479731271337,0.18581129175090622,0.1747383046132232,0.1594974948146209,0.1593965187512459,0.16007467701941916,0.18451698628641722,high,0.062072520584428026,0.333440327913853
2021-03-05,0.07903496140226217,0.19644556100002555,0.11477319736776724,0.16532151476127577,0.17611620623711563,0.15157983526189298,0.16996782954403514,0.15583471511853608,0.18131601931773333,medium,0.047864729327176773,0.3340895969225324
2021-03-08,0.2266515477620805,0.2920362370231802,0.11784443478029226,0.16532151476127577,0.18512971894720887,0.15157983526189298,0.16996782954403514,0.15583471511853608,0.18131601931773333,high,0.08596039431064231,0.33419847575213746
2021-03-09,0.09880839682156854,0.07903496140226217,0.12086955391383084,0.1435010115076264,0.18053094907703668,0.1462279863735637,0.1454260402066621,0.1529847590377748,0.14539519305283105,medium,0.0008543766140058362,0.2839844429070997
2021-03-10,0.16095612825299757,0.2266515477620805,0.12297087689780435,0.1435010115076264,0.18362514426503,0.1462279863735637,0.1454260402066621,0.1529847590377748,0.14539519305283105,high,0.03119138550825644,0.3530593427532315
2021-03-11,0.02138143193052247,0.09880839682156854,0.12462205511846182,0.14544262436679029,0.17966882853438657,0.1340309712228543,0.121967061165691,0.14278719747700988,0.12798041346273317,low,1e-08,0.28923745930221617
2021-03-12,0.09467068748892354,0.16095612825299757,0.12672724757542406,0.14544262436679029,0.17860136389018813,0.1340309712228543,0.121967061165691,0.14278719747700988,0.12798041346273317,medium,1e-08,0.2821979430062027
2021-03-15,0.020027532271402464,0.02138143193052247,0.12721878961216543,0.10795751131030445,0.17323963256227845,0.11300344327124827,0.0988779102328308,0.12383701066901623,0.10692433555710068,low,1e-08,0.3117918757326284
2021-03-16,0.05413055166835324,0.09467068748892354,0.1312076029740371,0.10795751131030445,0.16955531373882676,0.11300344327124827,0.0988779102328308,0.12383701066901623,0.10692433555710068,medium,1e-08,0.22710905008578655
2021-03-17,0.23096616330650063,0.020027532271402464,0.13095257666786014,0.0840670919146434,0.16446315780435625,0.09240656728114746,0.08049040195452507,0.10345763228628851,0.09258739287084652,high,1e-08,0.27570548172324527
2021-03-18,0.029374791374088053,0.05413055166835324,0.12984866615665538,0.0840670919146434,0.16000327951613044,0.09240656728114746,0.08049040195452507,0.10345763228628851,0.09258739287084652,low,1e-08,0.256243402991374
2021-03-19,0.12676231228967969,0.23096616330650063,0.13972233691825073,0.10668256780525864,0.16512331332708124,0.11028113005428908,0.12506152951877325,0.11485791239994447,0.09667941999961006,high,1e-08,0.3448424748728712
2021-03-22,0.1249495184519109,0.029374791374088053,0.14089204143273026,0.10668256780525864,0.16025460614273437,0.11028113005428908,0.12506152951877325,0.11485791239994447,0.09667941999961006,high,1e-08,0.34726638895165834
2021-03-23,0.08069656113068271,0.12676231228967969,0.14358299599261917,0.10561594244309651,0.15844484053318592,0.09701698514238684,0.10102261249629985,0.10240280296595096,0.10545930559796543,medium,1e-08,0.308201525824534
2021-03-24,0.08930046878944983,0.1249495184519109,0.14798833199018513,0.10561594244309651,0.15663723813887098,0.09701698514238684,0.10102261249629985,0.10240280296595096,0.10545930559796543,medium,1e-08,0.32708492527616817
2021-03-25,0.2558172693022783,0.08069656113068271,0.1461062897892721,0.11203673594659,0.15314642342596857,0.0899441098780292,0.09956806815868821,0.09497542912190295,0.08006502752359237,high,1e-08,0.1876813651944054
2021-03-26,0.00801658802696042,0.08930046878944983,0.14928916338562334,0.11203673594659,0.1500835494357627,0.0899441098780292,0.09956806815868821,0.09497542912190295,0.08006502752359237,low,1e-08,0.23590849913377293
2021-03-29,0.04211359400453961,0.2558172693022783,0.15296610473367733,0.12915261238827308,0.1584301613297142,0.11742536436947514,0.10354364103374514,0.11744830270738432,0.05620487781179213,low,1e-08,0.21395457997057857
2021-03-30,0.06434629667901723,0.00801658802696042,0.13594384841636267,0.12915261238827308,0.15361629144995445,0.11742536436947514,0.10354364103374514,0.11744830270738432,0.05620487781179213,medium,1e-08,0.21980540798156636
2021-03-31,0.17142700750385395,0.04211359400453961,0.13413998476107325,0.1032275114809569,0.14929333671301562,0.09220969309582892,0.08301200226301726,0.0963104849036374,0.07197540426425517,high,1e-08,0.27351433118806623
2021-04-01,0.2278494511520376,0.06434629667901723,0.1195738943520981,0.1032275114809569,0.1456008829556667,0.09220969309582892,0.08301200226301726,0.0963104849036374,0.07197540426425517,high,1e-08,0.23650395846271333
2021-04-05,0.009375452117309101,0.17142700750385395,0.1217354154220705,0.11428213262176377,0.14727821707409805,0.09665236036444243,0.08137125094756481,0.09878201028346087,0.09493709012018962,low,1e-08,0.30685582415472074
2021-04-06,0.018369886358944945,0.2278494511520376,0.12253468443783251,0.11428213262176377,0.15331126238626674,0.09665236036444243,0.08137125094756481,0.09878201028346087,0.09493709012018962,low,1e-08,0.27333603941158907
2021-04-07,0.07535284090485911,0.009375452117309101,0.11403149767043631,0.10024350698872234,0.148658523234111,0.10228177211590142,0.08279434887932759,0.10459947868338686,0.09437164653539716,medium,1e-08,0.2572678185744305
2021-04-08,0.11540857708482351,0.018369886358944945,0.10159211809478924,0.10024350698872234,0.14420000798137408,0.10228177211590142,0.08279434887932759,0.10459947868338686,0.09437164653539716,medium,1e-08,0.26329230502763257
2021-04-09,0.005792121779027704,0.07535284090485911,0.10142474898127092,0.10087377867118509,0.14102023543330447,0.08505811523373721,0.06997037909773345,0.08937610897895502,0.0943372748873418,low,1e-08,0.27777243872053275
2021-04-12,0.04704335207845552,0.11540857708482351,0.09636825031412287,0.10087377867118509,0.13961609066812236,0.08505811523373721,0.06997037909773345,0.08937610897895502,0.0943372748873418,medium,1e-08,0.2509969554177043
2021-04-13,0.05421250728741762,0.005792121779027704,0.0921402378121892,0.05589967468109046,0.13537025717462675,0.07727859313581088,0.06414226596139251,0.08141044536337226,0.07574039156010616,medium,1e-08,0.23346387272544808
2021-04-14,0.17053056187569984,0.04704335207845552,0.08696238434971003,0.05589967468109046,0.13175122297102126,0.07727859313581088,0.06414226596139251,0.08141044536337226,0.07574039156010616,high,1e-08,0.2513549521522081
2021-04-15,0.053059299888633955,0.05421250728741762,0.08845470595684163,0.06156905895246196,0.12842593751217654,0.06832038716065914,0.06163029206090511,0.07176779335579402,0.08184684187922864,medium,1e-08,0.23706586318411296
2021-04-16,0.07799059579768704,0.17053056187569984,0.09190288206533145,0.06156905895246196,0.13133342488623034,0.06832038716065914,0.06163029206090511,0.07176779335579402,0.08184684187922864,medium,1e-08,0.2223054499494067
2021-04-19,0.11622492314439577,0.053059299888633955,0.09340432604793288,0.07187067187318845,0.1279940535379929,0.07937773033121877,0.06678663853592126,0.08048483213310904,0.07555830463558535,medium,1e-08,0.23681396869013863
2021-04-20,0.15020572262874235,0.07799059579768704,0.09448887350835715,0.07187067187318845,0.1255566846432084,0.07937773033121877,0.06678663853592126,0.08048483213310904,0.07555830463558535,high,1e-08,0.23184933787946554
2021-04-21,0.14498552817836008,0.11622492314439577,0.08927336259189783,0.08411833270274005,0.12501642356376094,0.0802737531351952,0.0834714376898597,0.08065433500323778,0.08174529533225698,high,1e-08,0.2962855921835757
2021-04-22,0.17211886439814153,0.15020572262874235,0.09476567764892757,0.08411833270274005,0.12666911753722226,0.0802737531351952,0.0834714376898597,0.08065433500323778,0.08174529533225698,high,1e-08,0.23946877649759893
2021-04-23,0.033141215633119045,0.14498552817836008,0.0955940056438676,0.0924668071774815,0.12784212772114126,0.09403844549047266,0.09989497030848024,0.09310413582983361,0.09451223317966799,low,1e-08,0.23028431918233488
2021-04-26,0.00342434277367593,0.17211886439814153,0.09773806682324171,0.0924668071774815,0.13092168365841783,0.09403844549047266,0.09989497030848024,0.09310413582983361,0.09451223317966799,low,1e-08,0.2569645036983782
2021-04-27,0.004561806191406804,0.033141215633119045,0.0955764602097161,0.09774387436719487,0.12719260366568486,0.09153157005051135,0.08721056396923779,0.09224573571124733,0.07010773944329218,low,1e-08,0.24602728310506292
2021-04-28,0.10116650164180344,0.00342434277367593,0.09167299993627182,0.09774387436719487,0.12332065718697142,0.09153157005051135,0.08721056396923779,0.09224573571124733,0.07010773944329218,medium,1e-08,0.23352034959619195
2021-04-29,0.10430314433657416,0.004561806191406804,0.08025229706759585,0.07602907849567103,0.11956903455422148,0.07370041506317015,0.07019434221853268,0.07648400835075751,0.08715742695074448,medium,1e-08,0.2337617762685981
2021-04-30,0.03423655019712696,0.10116650164180344,0.08448638405008872,0.07602907849567103,0.11854546995158169,0.07370041506317015,0.07019434221853268,0.07648400835075751,0.08715742695074448,low,1e-08,0.207404373751517
2021-05-03,0.0979354657161239,0.10430314433657416,0.08731318179245393,0.06127486825922603,0.11773952392628674,0.07759700534501845,0.07907285789085204,0.07851356897564224,0.06009610479812877,medium,1e-08,0.23802537702081683
2021-05-04,0.004967044383770431,0.03423655019712696,0.085944556952368,0.06127486825922603,0.11446033481905141,0.07759700534501845,0.07907285789085204,0.07851356897564224,0.06009610479812877,low,1e-08,0.19072292023791562
2021-05-05,0.12676473593979062,0.0979354657161239,0.082604032325653,0.0677030127591651,0.11353668780961525,0.07348070232688539,0.07908369507906415,0.07405757873071718,0.08241103188275223,high,1e-08,0.24596170376058063
2021-05-06,0.11553562232368562,0.004967044383770431,0.0724730138361863,0.0677030127591651,0.11008462654633466,0.07348070232688539,0.07908369507906415,0.07405757873071718,0.08241103188275223,medium,1e-08,0.30275078513439774
2021-05-07,0.15719585263760721,0.12676473593979062,0.07780889037357183,0.07171582017991569,0.1111560407643611,0.07572275284766833,0.07240314072684789,0.07511794842320013,0.06136183743179319,high,1e-08,0.23689107315077035
2021-05-10,0.14167225237153916,0.11553562232368562,0.08222551473560549,0.07171582017991569,0.1114236701784997,0.07572275284766833,0.07240314072684789,0.07511794842320013,0.06136183743179319,high,1e-08,0.28461266713006067
2021-05-11,0.33725823704451774,0.15719585263760721,0.08594565163254858,0.08944137935697591,0.11468632169823967,0.09002207830949192,0.09726805670635459,0.08792509345640373,0.10668016253218028,high,1e-08,0.22321861300010423
2021-05-12,0.19069151059646275,0.14167225237153916,0.08713945505467204,0.08944137935697591,0.11648191648111435,0.09002207830949192,0.09726805670635459,0.08792509345640373,0.10668016253218028,high,1e-08,0.25231793604581293
2021-05-13,0.24375641949034235,0.33725823704451774,0.10220609665764885,0.1488062861778179,0.13992334244988958,0.14457311468327502,0.18294051203457315,0.138238428949994,0.13523472116473298,high,0.008779499487327761,0.30914277277923446
2021-05-14,0.04039310543164196,0.19069151059646275,0.10873555840846735,0.1488062861778179,0.14347691239158228,0.14457311468327502,0.18294051203457315,0.138238428949994,0.13523472116473298,low,0.008954731007052026,0.24514250395332823
2021-05-17,0.13676516061788213,0.24375641949034235,0.11735119078132757,0.16544263940756987,0.15137872521798293,0.1500048162112133,0.1540500446909448,0.14792151976748,0.10155646794947495,high,1e-08,0.3309473677921271
2021-05-18,0.04162244822207032,0.04039310543164196,0.11143585185205222,0.16544263940756987,0.14710024989675913,0.1500048162112133,0.1540500446909448,0.14792151976748,0.10155646794947495,low,1e-08,0.24128247778803905
2021-05-19,0.17077923588445557,0.13676516061788213,0.11524066370338168,0.1531873533869174,0.14650070668101828,0.12343302547047143,0.1318957427513031,0.1271309860361463,0.1268231804427925,high,1e-08,0.28315980666124346
2021-05-20,0.012997329318631057,0.04162244822207032,0.1135875660863082,0.1531873533869174,0.14240314366724993,0.12343302547047143,0.1318957427513031,0.1271309860361463,0.1268231804427925,low,0.014710117683454954,0.2777931833345418
2021-05-21,0.16182596727046028,0.17077923588445557,0.11606730757449273,0.11738270029617559,0.14426319298869414,0.11271913112712552,0.10989283009681543,0.11749904050392303,0.08963801292405839,high,1e-08,0.2537503629835789
2021-05-24,0.03521854136043717,0.012997329318631057,0.10983056242403312,0.11738270029617559,0.13990458375042839,0.11271913112712552,0.10989283009681543,0.11749904050392303,0.08963801292405839,low,1e-08,0.2487898222825551
2021-05-25,0.03150064923593052,0.16182596727046028,0.11059603692821951,0.10178455137864673,0.14131579395842134,0.10421065659479074,0.09423103397741303,0.10906115249305419,0.07881928713883365,low,1e-08,0.2636507012231541
2021-05-26,0.008339804201799328,0.03521854136043717,0.1043732949719602,0.10178455137864673,0.13728206417484573,0.10421065659479074,0.09423103397741303,0.10906115249305419,0.07881928713883365,low,1e-08,0.262440191739029
2021-05-27,0.028389681064695717,0.03150064923593052,0.104298723772088,0.08555970412092721,0.13332336888031737,0.08305519149059482,0.07584589398170664,0.0899175897625293,0.05495191856521111,low,1e-08,0.2116115990955736
2021-05-28,0.013981182590671375,0.008339804201799328,0.1045221538370027,0.08555970412092721,0.1292779431622766,0.08305519149059482,0.07584589398170664,0.0899175897625293,0.05495191856521111,low,1e-08,0.2917993044095748
2021-06-01,0.024965098943729766,0.028389681064695717,0.10560523905851583,0.0675952107580713,0.12553237762597344,0.0683267708475209,0.06281647185692336,0.07478183646311727,0.05077671722579151,low,1e-08,0.2311393611559053
2021-06-02,0.05891688344489411,0.013981182590671375,0.10164227001073711,0.0675952107580713,0.12175632866706443,0.0683267708475209,0.06281647185692336,0.07478183646311727,0.05077671722579151,medium,1e-08,0.18638596900644727
2021-06-03,0.14518779742429241,0.024965098943729766,0.09803599522015327,0.036100050376422714,0.11820542595908826,0.059030215516620646,0.055131153540593544,0.0634445047934839,0.05902345236259021,high,1e-08,0.22003685527962405
2021-06-04,0.0154037174824469,0.05891688344489411,0.09915782854959722,0.036100050376422714,0.11550949446643284,0.059030215516620646,0.055131153540593544,0.0634445047934839,0.05902345236259021,low,1e-08,0.2260146861816047
2021-06-07,0.0033859664557296452,0.14518779742429241,0.10130566180905945,0.07080088309393813,0.11750177234592026,0.07550991523985133,0.06679146497387757,0.07506427371492136,0.045492643023768264,low,1e-08,0.20455576386566002
2021-06-08,0.0236868842363515,0.0154037174824469,0.10178005604081747,0.07080088309393813,0.11398466118256115,0.07550991523985133,0.06679146497387757,0.07506427371492136,0.045492643023768264,low,1e-08,0.257425155154947
2021-06-09,0.07379445111782659,0.0033859664557296452,0.09617193015517832,0.06274221108292738,0.11051534143248813,0.06302074415131435,0.057248319060185744,0.06349671917518103,0.03955035956066537,medium,1e-08,0.1789398561316108
2021-06-10,0.026230414276802456,0.0236868842363515,0.09199698751484493,0.06274221108292738,0.10730557468982048,0.06302074415131435,0.057248319060185744,0.06349671917518103,0.03955035956066537,low,1e-08,0.2472145092610658
2021-06-11,0.03554248912957481,0.07379445111782659,0.0882060147184913,0.06672943008702316,0.1055952387131577,0.06127280189019886,0.055449171335835566,0.060433975266658044,0.03294270863978302,low,1e-08,0.17043941853979677
2021-06-14,0.02911449429808227,0.026230414276802456,0.08295865844145779,0.06672943008702316,0.1025797994272917,0.06127280189019886,0.055449171335835566,0.060433975266658044,0.03294270863978302,low,1e-08,0.1870924440930493
2021-06-15,0.08863549610982252,0.03554248912957481,0.06924430626350585,0.04075001710820148,0.09983513633747562,0.05600022372354997,0.05137499998487801,0.05453785901116371,0.04744521483995261,medium,1e-08,0.1869999174706035
2021-06-16,0.005263005631872117,0.02911449429808227,0.06189989643176128,0.04075001710820148,0.09705611988620289,0.05600022372354997,0.05137499998487801,0.05453785901116371,0.04744521483995261,low,1e-08,0.20956647726230007
2021-06-17,0.2141547831616615,0.08863549610982252,0.05484894536901039,0.049275479130161615,0.09657159030046648,0.06001498058088936,0.06388492572810245,0.05732155370582362,0.06467056083263716,high,1e-08,0.22595082350692278
2021-06-18,0.22725842314660488,0.005263005631872117,0.05325212265083903,0.049275479130161615,0.09363850534725737,0.06001498058088936,0.06388492572810245,0.05732155370582362,0.06467056083263716,high,1e-08,0.226338910633816
2021-06-21,0.08486948687111709,0.2141547831616615,0.05676983276646536,0.08469886132733327,0.10485139852052211,0.09029773396663265,0.11253066735248893,0.08645930900834148,0.07237156743397072,medium,1e-08,0.1771534370269485
2021-06-22,0.019131460273463075,0.22725842314660488,0.06520783162667147,0.08469886132733327,0.11590069145122331,0.09029773396663265,0.11253066735248893,0.08645930900834148,0.07237156743397072,low,1e-08,0.26109474328856547
2021-06-23,0.0939070609691665,0.08486948687111709,0.061302843035156096,0.1053029746868109,0.11427668988138118,0.10269303210766637,0.10086828454412372,0.10165462185577687,0.05409731386203155,medium,1e-08,0.2440649064600942
2021-06-24,0.05638504178282934,0.019131460273463075,0.06158166716946664,0.1053029746868109,0.11089442233747535,0.10269303210766637,0.10086828454412372,0.10165462185577687,0.05409731386203155,medium,1e-08,0.2618686401467189
2021-06-25,0.032004706787577206,0.0939070609691665,0.05849444415577147,0.10539129524445615,0.10994921872037389,0.08756419278283033,0.08232559091845995,0.08872831627442263,0.08686687930472456,low,1e-08,0.2523110952646236
2021-06-28,0.008542331081946214,0.05638504178282934,0.05945655781133474,0.10539129524445615,0.10749073091015086,0.08756419278283033,0.08232559091845995,0.08872831627442263,0.08686687930472456,low,1e-08,0.2395170990181432
2021-06-29,0.013357212444320638,0.032004706787577206,0.05947946951822778,0.05263840403575478,0.10451057302060916,0.07402156633878682,0.06828458863034972,0.07586519900565984,0.061990631400172455,low,1e-08,0.22121244829089975
2021-06-30,0.08789265702177348,0.008542331081946214,0.059488675285507185,0.05263840403575478,0.10134836242351984,0.07402156633878682,0.06828458863034972,0.07586519900565984,0.061990631400172455,medium,1e-08,0.2715728169486812
2021-07-01,0.12133824620538555,0.013357212444320638,0.05880538125730832,0.04452918404937527,0.0983153397971565,0.06287295267373663,0.058325164329981014,0.06473942065688695,0.07157753155142164,medium,1e-08,0.22405042040112227
2021-07-02,0.028914819828625652,0.08789265702177348,0.06216499373144932,0.04452918404937527,0.09772133250506437,0.06287295267373663,0.058325164329981014,0.06473942065688695,0.07157753155142164,low,1e-08,0.23281824117319957
2021-07-06,0.05609849478881733,0.12133824620538555,0.06654559133425185,0.06005556609551642,0.09929687556264476,0.07321873858076168,0.06142747811732692,0.0726336491585239,0.061373546312779304,medium,1e-08,0.24997330067831197
2021-07-07,0.12934710143634265,0.028914819828625652,0.06518186116987601,0.06005556609551642,0.09653207412594254,0.07321873858076168,0.06142747811732692,0.0726336491585239,0.061373546312779304,high,1e-08,0.2434903740149663
2021-07-08,0.1694620545044973,0.05609849478881733,0.06113234741371806,0.05883897998802942,0.09459470028499133,0.06542887543128269,0.05671142475329703,0.06523074668467121,0.08291874968353313,high,1e-08,0.2270268321224961
2021-07-09,0.0568570059179629,0.12934710143634265,0.06631159213889513,0.05883897998802942,0.09703148067346963,0.06542887543128269,0.05671142475329703,0.06523074668467121,0.08291874968353313,medium,1e-08,0.24583633931351231
2021-07-12,0.0541121321063654,0.1694620545044973,0.07386050523202094,0.08891493744831243,0.10282628565788939,0.08844524186775878,0.08211319656042536,0.08581418361131597,0.06836730594684043,medium,1e-08,0.22242300601833567
2021-07-13,0.023687008284012264,0.0568570059179629,0.07536823803573055,0.08891493744831243,0.10066187693552764,0.08844524186775878,0.08211319656042536,0.08581418361131597,0.06836730594684043,low,1e-08,0.2282392976824917
2021-07-14,0.05421868927666395,0.0541121321063654,0.07447358717157322,0.07907278147357921,0.09849127895686052,0.07623838199460811,0.07234511604920199,0.07582623101043291,0.06908550867701987,medium,1e-08,0.22517164387101132
2021-07-15,0.12451471611581828,0.023687008284012264,0.07435797780826459,0.07907278147357921,0.09566694607026735,0.07623838199460811,0.07234511604920199,0.07582623101043291,0.06908550867701987,high,1e-08,0.25901388272608067
2021-07-16,0.23443357449876973,0.05421868927666395,0.07520689599676864,0.06925082930484613,0.093698530789973,0.06706775277319875,0.06593049523839167,0.06736165030880574,0.08457723591713967,high,1e-08,0.29330099140903276
2021-07-19,0.22748512458879475,0.12451471611581828,0.07954326971575663,0.06925082930484613,0.09582736907393273,0.06706775277319875,0.06593049523839167,0.06736165030880574,0.08457723591713967,high,1e-08,0.20303214042670137
2021-07-20,0.12853110075819627,0.23443357449876973,0.08617045509707241,0.10045005345104475,0.10922205654056341,0.10334073602696722,0.13228542666973359,0.09974088203082569,0.09376794833393431,high,1e-08,0.28404888029114467
2021-07-21,0.0332402226367372,0.22748512458879475,0.09627146050420525,0.10045005345104475,0.11966059957815604,0.10334073602696722,0.13228542666973359,0.09974088203082569,0.09376794833393431,low,1e-08,0.29580425528410476
2021-07-22,0.16331665810453075,0.12853110075819627,0.09237947494041139,0.1222701783103005,0.12021128972624155,0.11388416618211088,0.11418731988092369,0.11255676479921767,0.08012925503633736,high,1e-08,0.23555377644854994
2021-07-23,0.03897205040492376,0.0332402226367372,0.0835604658263265,0.1222701783103005,0.11683323016609613,0.11388416618211088,0.11418731988092369,0.11255676479921767,0.08012925503633736,low,1e-08,0.23652061306914518
2021-07-26,0.0723501376911266,0.16331665810453075,0.0871262463369362,0.12587743350810052,0.12013052609410851,0.10563657338713642,0.09623002448862276,0.1066206773132125,0.10178050139888566,medium,1e-08,0.27992291650341106
2021-07-27,0.006510082122100875,0.03897205040492376,0.08802809134291169,0.12587743350810052,0.11686142196821964,0.10563657338713642,0.09623002448862276,0.1066206773132125,0.10178050139888566,low,1e-08,0.25809507492943445
2021-07-28,0.06583794768242296,0.0723501376911266,0.08704823119390986,0.07979553091263629,0.1146789822644225,0.08848001808882129,0.08379968140379568,0.09208727357518559,0.08514884775180866,medium,1e-08,0.24418126294393563
2021-07-29,0.07709342705652279,0.006510082122100875,0.08478118757296767,0.07979553091263629,0.11119683316068715,0.08848001808882129,0.08379968140379568,0.09208727357518559,0.08514884775180866,medium,1e-08,0.23795149742388913
2021-07-30,0.03330317902107755,0.06583794768242296,0.08631906215909702,0.07144649337311848,0.10900885140193782,0.07575108385045533,0.06983751613332366,0.07995371673896019,0.08134882792200217,low,1e-08,0.23229028468670437
2021-08-02,0.12914257111176788,0.07709342705652279,0.08943502106703233,0.07144649337311848,0.10736180742075246,0.07575108385045533,0.06983751613332366,0.07995371673896019,0.08134882792200217,high,1e-08,0.2537900638973559
2021-08-03,0.07808424538248651,0.03330317902107755,0.09034165591143037,0.05351400492288329,0.1044102980316898,0.06852334791022435,0.06846307094251766,0.07189012949912874,0.057340040971117306,medium,1e-08,0.21242887161202076
2021-08-04,0.10053158861251424,0.12914257111176788,0.09221665200643012,0.05351400492288329,0.106057003235825,0.06852334791022435,0.06846307094251766,0.07189012949912874,0.057340040971117306,medium,1e-08,0.19544590721668162
2021-08-05,0.02623166379861632,0.07808424538248651,0.09025056105993469,0.06980215079164835,0.10458982561348455,0.07456658110279703,0.07325664798545296,0.07581213813790795,0.061732717026702216,low,1e-08,0.22136830127512022
2021-08-06,0.012913093423897858,0.10053158861251424,0.09350586873192963,0.06980215079164835,0.10435078218722134,0.07456658110279703,0.07325664798545296,0.07581213813790795,0.061732717026702216,low,1e-08,0.23778889129518338
2021-08-09,0.019745567570510287,0.02623166379861632,0.0921482855051023,0.06806746327539856,0.10137567069883402,0.07000174453329797,0.06467532345876871,0.07104980195531124,0.05563118159032096,low,1e-08,0.20918889752538075
2021-08-10,0.03944441075016811,0.012913093423897858,0.08685583059544574,0.06806746327539856,0.09833824226600041,0.07000174453329797,0.06467532345876871,0.07104980195531124,0.05563118159032096,low,1e-08,0.30013501848544766
2021-08-11,0.04757851972509307,0.019745567570510287,0.08005053573480997,0.0522300784590859,0.09546506452503706,0.060647997999689465,0.05651170961609174,0.06147604902767383,0.05214616991919917,medium,1e-08,0.26254744332924707
2021-08-12,0.028886922242696223,0.03944441075016811,0.07925905413627382,0.0522300784590859,0.09305974169558498,0.060647997999689465,0.05651170961609174,0.06147604902767383,0.05214616991919917,low,1e-08,0.21709186254139673
2021-08-13,0.0373792816210092,0.04757851972509307,0.07896207175530691,0.03777686620253956,0.09097434542405855,0.05763372075287173,0.05289660551944652,0.057021954460065596,0.050016756110657035,low,1e-08,0.19124764592150797
2021-08-16,0.10406102087119051,0.028886922242696223,0.07919843148070163,0.03777686620253956,0.08848626385160073,0.05763372075287173,0.05289660551944652,0.057021954460065596,0.050016756110657035,medium,1e-08,0.21660057482023484
2021-08-17,0.1737473452138109,0.0373792816210092,0.07843300385999007,0.039586883210740234,0.08627782101247318,0.05447112337084971,0.05015795735048498,0.05264601851915878,0.05562747339225259,high,1e-08,0.22892718446955246
2021-08-18,0.024579941476330105,0.10406102087119051,0.0775032904397797,0.039586883210740234,0.087446854824093,0.05447112337084971,0.05015795735048498,0.05264601851915878,0.05562747339225259,low,1e-08,0.18639253833747224
2021-08-19,0.12631224547035863,0.1737473452138109,0.07474482547228158,0.07877268595269246,0.09486529223925508,0.08284364001440615,0.10380307214205925,0.07915149514296724,0.08401434366158657,high,1e-08,0.2533258254774061
2021-08-20,0.13964301460016712,0.024579941476330105,0.06552186260353318,0.07877268595269246,0.09217216859073948,0.08284364001440615,0.10380307214205925,0.07915149514296724,0.08401434366158657,high,1e-08,0.21196879577400876
2021-08-23,0.025199347085828355,0.12631224547035863,0.06542100554499511,0.08179835387138744,0.09456877467907876,0.08078355019053432,0.08594088055271046,0.07854961706497637,0.06150533301946076,low,1e-08,0.2179077046862077
2021-08-24,0.03331082642741712,0.13964301460016712,0.07025749608878738,0.08179835387138744,0.0978604529278379,0.08078355019053432,0.08594088055271046,0.07854961706497637,0.06150533301946076,low,1e-08,0.2840712280142217
2021-08-25,0.09370912437943807,0.025199347085828355,0.06397943649702818,0.0808922401766434,0.0950798011042314,0.07872396234770619,0.07472488788779852,0.07792344397393548,0.061409811373757645,medium,1e-08,0.18800295436829528
2021-08-26,0.14193535382279207,0.03331082642741712,0.06372210813441424,0.0808922401766434,0.09254369310101927,0.07872396234770619,0.07472488788779852,0.07792344397393548,0.061409811373757645,high,1e-08,0.19803719943679016
2021-08-27,0.06980598064874384,0.09370912437943807,0.06469297116570112,0.0728283852153715,0.09261403254543431,0.07353768362775069,0.07648694944358793,0.07317053654501596,0.07612292536405117,medium,1e-08,0.24052835448569942
2021-08-30,0.023518521098684724,0.14193535382279207,0.07084866533391436,0.0728283852153715,0.09628840097724767,0.07353768362775069,0.07648694944358793,0.07317053654501596,0.07612292536405117,low,1e-08,0.2396656064426519
2021-08-31,0.008435814217192491,0.06980598064874384,0.07102903046874713,0.06611401330143496,0.09490806756567052,0.07789965526388941,0.07080384301291659,0.07755125257492115,0.06471293464518524,low,1e-08,0.20496329997283935
2021-09-01,0.048839484877194236,0.023518521098684724,0.06859380747066358,0.06611401330143496,0.09219694171601922,0.07789965526388941,0.07080384301291659,0.07755125257492115,0.06471293464518524,medium,1e-08,0.23930609405758424
2021-09-02,0.003851367873514541,0.008435814217192491,0.06746347270685062,0.062232672603406876,0.08941213159169309,0.06592097418471532,0.06060888068605098,0.06627903769310217,0.06688891649534674,low,1e-08,0.20656308983221724
2021-09-03,0.05676212536793208,0.048839484877194236,0.06381333242346092,0.062232672603406876,0.08750985793731017,0.06592097418471532,0.06060888068605098,0.06627903769310217,0.06688891649534674,medium,1e-08,0.27876701295476386
2021-09-07,0.01933864883942549,0.003851367873514541,0.06043911071850763,0.03630732859150251,0.08484919978470949,0.05883654344511109,0.05386376053103449,0.05903067678674319,0.053855530551578754,low,1e-08,0.20043065286034875
2021-09-08,0.0679438265685923,0.05676212536793208,0.058449589661935725,0.03630732859150251,0.08343104838389784,0.05883654344511109,0.05386376053103449,0.05903067678674319,0.053855530551578754,medium,1e-08,0.3312881671280436
2021-09-09,0.12516858773215075,0.01933864883942549,0.058136270800154315,0.033851322606424705,0.08102798556490345,0.05510941745340562,0.05448320399752136,0.0547268226300781,0.06727482558212518,high,1e-08,0.212251962046538
2021-09-10,0.04062994440379551,0.0679438265685923,0.06063766776127679,0.033851322606424705,0.08030307710262918,0.05510941745340562,0.05448320399752136,0.0547268226300781,0.06727482558212518,low,1e-08,0.304172584065435
2021-09-13,0.08566932127247906,0.12516858773215075,0.06542962322316953,0.05928477811619305,0.08367615945962999,0.06837642863652521,0.08176328643119592,0.06571264259467197,0.08034085578246292,medium,1e-08,0.20198320655510113
2021-09-14,0.13259655244559973,0.04062994440379551,0.06548351111651625,0.05928477811619305,0.08173521410710288,0.06837642863652521,0.08176328643119592,0.06571264259467197,0.08034085578246292,high,1e-08,0.28368224510470846
2021-09-15,0.025164463693422758,0.08566932127247906,0.06721491118685198,0.06212451088401795,0.08197658487679971,0.0661759786545312,0.07775691315817813,0.06400079970179719,0.07958899324632683,low,1e-08,0.24477650785446142
2021-09-16,0.15463719786566427,0.13259655244559973,0.07192898528698394,0.06212451088401795,0.08585954567319162,0.0661759786545312,0.07775691315817813,0.06400079970179719,0.07958899324632683,high,1e-08,0.2509406017602596
2021-09-17,0.2646916515217139,0.025164463693422758,0.07137376629027548,0.06915693683883278,0.08347182100681116,0.0693818133070671,0.06981538699828377,0.06756042055888967,0.10063899238203396,high,1e-08,0.25569229385323167
2021-09-20,0.014994877639521283,0.15463719786566427,0.07367268342638791,0.06915693683883278,0.08935464165831683,0.0693818133070671,0.06981538699828377,0.06756042055888967,0.10063899238203396,low,1e-08,0.26572723952632143
2021-09-21,0.15485033049938082,0.2646916515217139,0.0778065155312926,0.11771209234310047,0.10820765726070677,0.11657577138278491,0.15148601248611976,0.11164759731365695,0.1338369058264439,high,0.0027552400930661906,0.3102538292615396
2021-09-22,0.19287734870866347,0.014994877639521283,0.07737083081143765,0.11771209234310047,0.1049754925960579,0.11657577138278491,0.15148601248611976,0.11164759731365695,0.1338369058264439,high,0.01047867002901703,0.3236008136241008
2021-09-23,0.02614783848169366,0.15485033049938082,0.07866801649457501,0.11291071953726282,0.10861574607018983,0.10545613078627974,0.11917595151634648,0.1038306977650222,0.09886932827810335,low,0.007293339591548949,0.2551768235673618
2021-09-24,0.045413551446470087,0.19287734870866347,0.08108775895405212,0.11291071953726282,0.11541939947605827,0.10545613078627974,0.11917595151634648,0.1038306977650222,0.09886932827810335,medium,1e-08,0.27284602671848046
2021-09-27,0.3199024744215159,0.02614783848169366,0.08113087219931873,0.11305698816485363,0.11208640451154175,0.10117342377727112,0.09892746990423609,0.10182940838909087,0.0758324130927497,high,1e-08,0.21659456256544038
2021-09-28,0.026718157534127814,0.045413551446470087,0.08168099606382113,0.11305698816485363,0.10923966217013097,0.10117342377727112,0.09892746990423609,0.10182940838909087,0.0758324130927497,low,1e-08,0.2191719251261138
2021-09-29,0.19402350127758036,0.3199024744215159,0.09196251197482469,0.1398514167824036,0.1317480973374652,0.13590915966802244,0.17015820787707756,0.13288793376958039,0.1289257480502859,high,1e-08,0.2930154604638386
2021-09-30,0.18865567905377625,0.026718157534127814,0.0867253666889763,0.1398514167824036,0.12790206831572656,0.13590915966802244,0.17015820787707756,0.13288793376958039,0.1289257480502859,high,0.0005564482112332454,0.2853900382145776
2021-10-01,0.20471893305160407,0.19402350127758036,0.09237161762665069,0.12742760326331762,0.13280101610136502,0.12422135826786576,0.15648693698908606,0.12454906791079774,0.14472457213838374,high,0.0104613492182315,0.29708845887881413
2021-10-04,0.16517730923727755,0.18865567905377625,0.09987785207915484,0.12742760326331762,0.1367969341734536,0.12422135826786576,0.15648693698908606,0.12454906791079774,0.14472457213838374,high,0.00017571596412743908,0.3594976448608263
2021-10-05,0.06597477039587371,0.20471893305160407,0.10879981202617356,0.15317466684454983,0.14179276293340243,0.131417685870687,0.15625688831485127,0.13230162480506688,0.15108726946918732,medium,0.011513689367963821,0.32748928615378614
2021-10-06,0.13724423611542663,0.16517730923727755,0.11408789495163188,0.15317466684454983,0.14330348555524675,0.131417685870687,0.15625688831485127,0.13230162480506688,0.15108726946918732,high,0.03290160890790168,0.3220727395994837
2021-10-07,0.028952556403058896,0.06597477039587371,0.1169116859753755,0.12667904183743228,0.13987457186234079,0.11501654712552434,0.1227655137289332,0.11918115613272648,0.12271355220291248,low,0.007941830309561538,0.2840606786698521
2021-10-08,0.11492606385755937,0.13724423611542663,0.12056996373662526,0.12667904183743228,0.1397181481528694,0.11501654712552434,0.1227655137289332,0.11918115613272648,0.12271355220291248,medium,1e-08,0.2829736762125492
2021-10-11,0.039076108560634044,0.028952556403058896,0.12100695953497222,0.10545525624396038,0.13564728636875664,0.09929199069836092,0.09860423729080915,0.10517421650177963,0.1351251785310643,low,1e-08,0.29644304812242916
2021-10-12,0.057110369776074525,0.11492606385755937,0.12314251577537981,0.10545525624396038,0.13449407098635435,0.09929199069836092,0.09860423729080915,0.10517421650177963,0.1351251785310643,medium,1e-08,0.2717525665940968
2021-10-13,0.26701706575391004,0.039076108560634044,0.1192292212675836,0.07740086761761912,0.13074766674120086,0.0870423736979469,0.09182399968380035,0.0932423193101119,0.10497565419236754,high,1e-08,0.3192460973384093
2021-10-14,0.12090095889160443,0.057110369776074525,0.11997833151177811,0.07740086761761912,0.12753411652153954,0.0870423736979469,0.09182399968380035,0.0932423193101119,0.10497565419236754,medium,1e-08,0.28840302931337874
2021-10-15,0.04699621201218786,0.26701706575391004,0.1282214108063886,0.11493700410784966,0.13988188098729415,0.1161431397781011,0.09571636871916442,0.11655384009181627,0.059961506673970766,medium,1e-08,0.20509300760657131
2021-10-18,0.1224679190862666,0.12090095889160443,0.12768979291757063,0.11493700410784966,0.13881623356972875,0.1161431397781011,0.09571636871916442,0.11655384009181627,0.059961506673970766,medium,1e-08,0.1985526745575512
2021-10-19,0.06235248762435648,0.04699621201218786,0.12868214511387813,0.10757757097490028,0.13507874939066478,0.09920880814737712,0.07988340922732806,0.10245519839528242,0.05384315231398734,medium,1e-08,0.2182826324592456
2021-10-20,0.04140265259133301,0.1224679190862666,0.12721990516936008,0.10757757097490028,0.13435548331589778,0.09920880814737712,0.07988340922732806,0.10245519839528242,0.05384315231398734,low,1e-08,0.21692990222480824
2021-10-21,0.016448219772404356,0.06235248762435648,0.11802267044675291,0.11200694064064265,0.13115480206992922,0.08963901528879738,0.07081050004567857,0.09367091808646835,0.06741771162237806,low,1e-08,0.23741625330197175
2021-10-22,0.0851333572192556,0.04140265259133301,0.11922302385365345,0.11200694064064265,0.12756307443040904,0.08963901528879738,0.07081050004567857,0.09367091808646835,0.06741771162237806,medium,1e-08,0.22275809435568183
2021-10-25,0.014285724439315587,0.016448219772404356,0.11293201882060906,0.06403977351169401,0.12374259701764255,0.07406785867006452,0.06036448636058333,0.07883154688671642,0.08073781724383276,low,1e-08,0.21985876451025685
2021-10-26,0.07032682469026552,0.0851333572192556,0.10803456466199961,0.06403977351169401,0.12177174470440882,0.07406785867006452,0.06036448636058333,0.07883154688671642,0.08073781724383276,medium,1e-08,0.23849583449892728
2021-10-27,0.15317052878418597,0.014285724439315587,0.10749537766007333,0.053588855531403176,0.11811393336613482,0.06727856697568026,0.05550983212076147,0.0709907732724416,0.06968817919982014,high,1e-08,0.22872082077933134
2021-10-28,0.032211734881182015,0.07032682469026552,0.10862779917115493,0.053588855531403176,0.11580414032394297,0.06727856697568026,0.05550983212076147,0.0709907732724416,0.06968817919982014,low,1e-08,0.216800866909489
2021-10-29,0.02730775283452546,0.15317052878418597,0.10104907436945813,0.07622145311787035,0.1183792027109452,0.08009119832209184,0.06699924512757743,0.08051378097581023,0.06268801438830846,low,1e-08,0.20241402422687255
2021-11-01,0.06418260106763958,0.032211734881182015,0.10129878243068786,0.07622145311787035,0.11504378839491354,0.08009119832209184,0.06699924512757743,0.08051378097581023,0.06268801438830846,medium,1e-08,0.2206361497741146
2021-11-02,0.09691937984550948,0.02730775283452546,0.09372079386509445,0.06600108077736708,0.111739481183916,0.06770863651223712,0.05768793471407272,0.06905045133421113,0.06271115932059221,medium,1e-08,0.20369209288131604
2021-11-03,0.07480539683163716,0.06418260106763958,0.08806292668390642,0.06600108077736708,0.10947023948418191,0.06770863651223712,0.05768793471407272,0.06905045133421113,0.06271115932059221,medium,1e-08,0.2650844029006404
2021-11-04,0.05508042507791267,0.09691937984550948,0.08316294699272031,0.07226064543152262,0.10875804018158373,0.0690560220894051,0.05710477169176765,0.06925764850345423,0.08747914021564732,medium,1e-08,0.2633680767952684
2021-11-05,0.01355227810153305,0.07480539683163716,0.07905513279246391,0.07226064543152262,0.10702506000745322,0.0690560220894051,0.05710477169176765,0.06925764850345423,0.08747914021564732,low,1e-08,0.241381756583297
2021-11-08,0.052472618430758594,0.05508042507791267,0.07855993527801114,0.05790987509370799,0.10463810422130572,0.06540836115510583,0.054391074064539996,0.06550468555900057,0.09266170404147096,medium,1e-08,0.2812614584070036
2021-11-09,0.127706639304408,0.01355227810153305,0.0729375735501069,0.05790987509370799,0.10150470303503964,0.06540836115510583,0.054391074064539996,0.06550468555900057,0.09266170404147096,high,1e-08,0.2675493794708803
2021-11-10,0.005136621425483773,0.052472618430758594,0.0740066672786387,0.05539012137177894,0.09924824932983196,0.059250762772226996,0.05515210484181536,0.059130960295074114,0.08820808699299267,low,1e-08,0.25182401266150134
2021-11-11,0.11980313648840928,0.127706639304408,0.07458760252622273,0.05539012137177894,0.1011817238372616,0.059250762772226996,0.05515210484181536,0.059130960295074114,0.08820808699299267,medium,1e-08,0.257758207658825
2021-11-12,0.005432881431694893,0.005136621425483773,0.07304489856553409,0.0547014628025015,0.09810738941149745,0.06434593596771135,0.07124514570938965,0.06353598430502175,0.05270990130998289,low,1e-08,0.25158150378848365
2021-11-15,0.06282941369380922,0.11980313648840928,0.07589456977973111,0.0547014628025015,0.09954257258308365,0.06434593596771135,0.07124514570938965,0.06353598430502175,0.05270990130998289,medium,1e-08,0.2900007703556856
2021-11-16,0.03856352806145209,0.005432881431694893,0.06400437958326678,0.06091899916867965,0.09651927943737469,0.06580056964802483,0.06406735728683229,0.06485185693839582,0.05050710788855042,low,1e-08,0.22532755151360137
2021-11-17,0.05391851676088021,0.06282941369380922,0.06136476389245792,0.06091899916867965,0.09483599073363386,0.06580056964802483,0.06406735728683229,0.06485185693839582,0.05050710788855042,medium,1e-08,0.2381717329258164
2021-11-18,0.028388064217377426,0.03856352806145209,0.060981460076515386,0.05061947626956839,0.09243084967648452,0.060999107590173386,0.05924001461242037,0.06027959572181887,0.0661984186651545,low,1e-08,0.2216877421743042
2021-11-19,0.04469224515519968,0.05391851676088021,0.057865578152634184,0.05061947626956839,0.09058303726737948,0.060999107590173386,0.05924001461242037,0.06027959572181887,0.0661984186651545,low,1e-08,0.23406943301929414
2021-11-22,0.02105186309846673,0.028388064217377426,0.05632174072504423,0.037647654720766366,0.08809836759866242,0.05665645233983219,0.054787961908606325,0.05581546046196721,0.071884615895289,low,1e-08,0.2356553867904871
2021-11-23,0.04238588933628238,0.04469224515519968,0.05647126765976544,0.037647654720766366,0.08611322103926235,0.05665645233983219,0.054787961908606325,0.05581546046196721,0.071884615895289,low,1e-08,0.19726299308190876
2021-11-24,0.35405504979933017,0.02105186309846673,0.05668052417458646,0.035186879398586904,0.08364895984939945,0.05286412029913618,0.05271537623316191,0.05170726310220348,0.06136243076306269,high,1e-08,0.2605731273561623
2021-11-26,0.19472698748766687,0.04238588933628238,0.05473745745263312,0.035186879398586904,0.08176254271818427,0.05286412029913618,0.05271537623316191,0.05170726310220348,0.06136243076306269,high,1e-08,0.24529479400653995
2021-11-29,0.3088826965825855,0.35405504979933017,0.07018151769627015,0.12507523497442838,0.11749597986970749,0.12790990830276136,0.17256730491223093,0.1228060795834792,0.08614486347499742,high,1e-08,0.28918837628445226
2021-11-30,0.17631873843121448,0.19472698748766687,0.07583607055069749,0.12507523497442838,0.12349940464541304,0.12790990830276136,0.17256730491223093,0.1228060795834792,0.08614486347499742,high,1e-08,0.24880982831157053
2021-12-01,0.24313962617530915,0.3088826965825855,0.08291389635971565,0.1664330928549475,0.1416385822641308,0.15460257528065918,0.19793259325381432,0.15267825080386177,0.19988497181807802,high,0.06946927585477848,0.3409589942670928
2021-12-02,0.13812867826074143,0.17631873843121448,0.08946421470289895,0.1664330928549475,0.14395518940963498,0.15460257528065918,0.19793259325381432,0.15267825080386177,0.19988497181807802,high,0.05942857865268734,0.3256486201036915
2021-12-03,0.18800527158238936,0.24313962617530915,0.09927475440020729,0.18736906772911668,0.15174558785508788,0.1530340396073154,0.17211089191848503,0.15458344345078087,0.1879005912362487,high,0.07513873967971295,0.4331008969234272
2021-12-06,0.3283607885693667,0.13812867826074143,0.10263593972716648,0.18736906772911668,0.15096321384019545,0.1530340396073154,0.17211089191848503,0.15458344345078087,0.1879005912362487,high,0.0683061620639133,0.35196856052695896
2021-12-07,0.04203548205260713,0.18800527158238936,0.10677620753338829,0.15979589427170732,0.15343812220419353,0.13969150050212517,0.14666429302583364,0.14384946364403767,0.1273439379788028,low,1e-08,0.29399543395993233
2021-12-08,0.10717762249363963,0.3283607885693667,0.118301452612376,0.15979589427170732,0.16911508020578733,0.13969150050212517,0.14666429302583364,0.14384946364403767,0.1273439379788028,medium,1e-08,0.31100081151048137
2021-12-09,0.14943377166891275,0.04203548205260713,0.11770850065668027,0.1519938535083495,0.16428613647204984,0.14492241398643152,0.12813133464974294,0.1503155957920744,0.10775095511594295,high,1e-08,0.2690158402400548
2021-12-10,0.14062314041603857,0.10717762249363963,0.12196419812904877,0.1519938535083495,0.16143035998380711,0.14492241398643152,0.12813133464974294,0.1503155957920744,0.10775095511594295,high,1e-08,0.2722770379602898
2021-12-13,0.10921499528626448,0.14943377166891275,0.12637152327623757,0.14389438854240008,0.16073581612056245,0.12694775284407167,0.11230644084033733,0.13365656310428328,0.13749407271436262,medium,0.0033638455679838542,0.3766797480474234
2021-12-14,0.24804083634302604,0.14062314041603857,0.1269586369631299,0.14389438854240008,0.15960054663482454,0.12694775284407167,0.11230644084033733,0.13365656310428328,0.13749407271436262,high,0.009037172331515221,0.2767749928019617
2021-12-15,0.13998927733106747,0.10921499528626448,0.13168947213861992,0.09979404210064508,0.15703397507765457,0.1134728999581144,0.11564579712635462,0.12054467034105734,0.10163213398160827,high,1e-08,0.2714037413592567
2021-12-16,0.16895072133508038,0.24804083634302604,0.13751845849564795,0.09979404210064508,0.16392542377127758,0.1134728999581144,0.11564579712635462,0.12054467034105734,0.10163213398160827,high,1e-08,0.2628585411605868
2021-12-17,0.16880163976393514,0.13998927733106747,0.14363465830925579,0.1309575990690847,0.1625886581257679,0.1241792464200669,0.12096530505171,0.12963815937272763,0.1559410124617886,high,0.044306246809565436,0.3018500356955397
2021-12-20,0.28191385927521506,0.16895072133508038,0.14845835411113176,0.1309575990690847,0.16297738561054478,0.1241792464200669,0.12096530505171,0.12963815937272763,0.1559410124617886,high,0.02574803392174483,0.35836204757513596
2021-12-21,0.15872663548988244,0.16880163976393514,0.15437826827942644,0.13848099745943154,0.16333269771371842,0.12273630270532539,0.13980865643093437,0.12797158652282473,0.12406641276727082,high,1e-08,0.2870407078472291
2021-12-22,0.09877079191058268,0.28191385927521506,0.16474169293916893,0.13848099745943154,0.1727583322939337,0.12273630270532539,0.13980865643093437,0.12797158652282473,0.12406641276727082,medium,0.019914135490098024,0.280295795427787
2021-12-23,0.22466123161446555,0.15872663548988244,0.17066617345155552,0.1502572058548857,0.171948723703314,0.1369192184653253,0.12443987231117914,0.14140626694143577,0.07285235398818166,high,1e-08,0.23032528346040396
2021-12-27,0.012975880753337226,0.09877079191058268,0.17312428921316386,0.1502572058548857,0.16845688447874524,0.1369192184653253,0.12443987231117914,0.14140626694143577,0.07285235398818166,low,1e-08,0.22261474037425547
2021-12-28,0.020308428631129617,0.22466123161446555,0.1823792605093456,0.15775727465915662,0.1723467979163521,0.13348407461299053,0.10967270243091072,0.13825200122914005,0.11628682059365404,low,1e-08,0.35102816998801434
2021-12-29,0.04388622102836773,0.012975880753337226,0.18104244193739355,0.15775727465915662,0.16712664669578636,0.13348407461299053,0.10967270243091072,0.13825200122914005,0.11628682059365404,low,1e-08,0.27515241860532735
2021-12-30,0.04000873602308382,0.020308428631129617,0.16587214097520261,0.10828387994630805,0.16211163749108035,0.10461973419290169,0.08540362484609412,0.11167480073098739,0.08903118959908247,low,1e-08,0.24413021521892161
2021-12-31,0.09191546645756346,0.04388622102836773,0.15901574249977993,0.10828387994630805,0.15754025534194782,0.10461973419290169,0.08540362484609412,0.11167480073098739,0.08903118959908247,medium,1e-08,0.3331012509278487
2022-01-03,0.0053159711396445096,0.04000873602308382,0.14679419883798442,0.0906007467803487,0.15305501647284758,0.08564075528397543,0.07364230113661979,0.09250139957022104,0.06623602513029442,low,1e-08,0.23802510438154245
2022-01-04,0.3048260144715924,0.09191546645756346,0.14295768647554571,0.0906007467803487,0.15009062249820976,0.08564075528397543,0.07364230113661979,0.09250139957022104,0.06623602513029442,high,1e-08,0.22976802944956395
2022-01-05,0.014913688908272089,0.0053159711396445096,0.13214752033756094,0.05520056813035827,0.1455240833578262,0.07540634013397535,0.06401847086547692,0.08082987259134754,0.10565558227918576,low,1e-08,0.2424341443833303
2022-01-06,0.06275851154851107,0.3048260144715924,0.13972467198350874,0.05520056813035827,0.159630063749989,0.07540634013397535,0.06401847086547692,0.08082987259134754,0.10565558227918576,medium,1e-08,0.24598168066237402
2022-01-07,0.019752336558041598,0.014913688908272089,0.13185687277104885,0.11176519731368129,0.1548101963846929,0.10855857287176338,0.13330437563227182,0.11142851308829697,0.1178165937002247,low,1e-08,0.2792499373296579
2022-01-10,0.14458670807883298,0.06275851154851107,0.1197840419973736,0.11176519731368129,0.15087923295369124,0.10855857287176338,0.13330437563227182,0.11142851308829697,0.1178165937002247,high,1e-08,0.28766814008315716
2022-01-11,0.04291934811552451,0.019752336558041598,0.11877117174762063,0.10689258098166272,0.1463628356122643,0.08931395995922035,0.10605209972614273,0.09327488353927847,0.10535988487084494,low,1e-08,0.2719077791800284
2022-01-12,0.21873033262758784,0.14458670807883298,0.12047158472876576,0.10689258098166272,0.14625687621010972,0.08931395995922035,0.10605209972614273,0.09327488353927847,0.10535988487084494,high,1e-08,0.2481146675397913
2022-01-13,0.006493829067272902,0.04291934811552451,0.1156300200217936,0.0691888104585854,0.14219048363014555,0.08553955728857841,0.08871122968935012,0.08886541512458083,0.1302578775736604,low,0.016403601532880153,0.2836290733956412
2022-01-14,0.2811327994588986,0.21873033262758784,0.11918034694050038,0.0691888104585854,0.14790410109783544,0.08553955728857841,0.08871122968935012,0.08886541512458083,0.1302578775736604,high,1e-08,0.3023888790064275
2022-01-18,0.16483382786678483,0.006493829067272902,0.11451120302145529,0.09470149083221108,0.14340716831184727,0.09452753403301595,0.11216782135972123,0.09716134632982484,0.15460035137443323,high,1e-08,0.3432449411363135
2022-01-19,0.17569750330304224,0.2811327994588986,0.11601538316308586,0.09470149083221108,0.1551573975797641,0.09452753403301595,0.11216782135972123,0.09716134632982484,0.15460035137443323,high,1e-08,0.2931670478933958
2022-01-20,0.311627634717489,0.16483382786678483,0.11714468091470938,0.13515410801224378,0.15575493697104595,0.12373786754677132,0.16040384801088073,0.12554301387283534,0.21771801379989508,high,0.09426061882695307,0.40949771918857075
2022-01-21,0.06741381074860427,0.17569750330304224,0.117451352822344,0.13515410801224378,0.15702293185206603,0.12373786754677132,0.16040384801088073,0.12554301387283534,0.21771801379989508,medium,0.09772046269633627,0.373667605244941
2022-01-24,0.19381096436361175,0.311627634717489,0.12394344350205101,0.1660049519712152,0.17030424546367148,0.15053620030876513,0.20055673419962983,0.15196104782426142,0.2684160458083965,high,0.14242040761728947,0.4111416493181603
2022-01-25,0.03982661848511755,0.06741381074860427,0.11419344129629595,0.1660049519712152,0.16593975164002253,0.15053620030876513,0.20055673419962983,0.15196104782426142,0.2684160458083965,low,0.13917507499936105,0.42971604854691564
2022-01-26,0.07838775399391755,0.19381096436361175,0.11578818351782912,0.14940445528089147,0.16774266749501873,0.13497755924442797,0.17526199570264306,0.1387968826782895,0.27278028553196143,medium,0.14745828716343237,0.5140493575120599
2022-01-27,0.3942493487195277,0.03982661848511755,0.1131089029075807,0.14940445528089147,0.16292487815199155,0.13497755924442797,0.17526199570264306,0.1387968826782895,0.27278028553196143,high,0.14414688959665556,0.48208765765077183
2022-01-28,0.28591916522278793,0.07838775399391755,0.10646010847028307,0.12774286910671698,0.15912423877009899,0.11004176601068928,0.1381814369607346,0.11591716761581992,0.20638773814668335,high,0.06152568679127165,0.41131334364978456
2022-01-31,0.10726386713270347,0.3942493487195277,0.12379072065056446,0.12774286910671698,0.18200891434284194,0.11004176601068928,0.1381814369607346,0.11591716761581992,0.20638773814668335,medium,0.06174117842073151,0.37125981485295206
2022-02-01,0.1542070968305287,0.28591916522278793,0.1358639359501853,0.18031899436151566,0.18985414493433145,0.17112332706535524,0.1443841397268344,0.1738091492305914,0.14312573354000035,high,0.020567169276302956,0.3036207654533364
2022-02-02,0.37313177408915266,0.10726386713270347,0.1387447380458369,0.18031899436151566,0.18593615248078332,0.17112332706535524,0.1443841397268344,0.1738091492305914,0.14312573354000035,high,0.0015565968191576648,0.3421291555126987
2022-02-03,0.0746449239879317,0.1542070968305287,0.1439355726279935,0.1749558094847442,0.18418661013811422,0.14554513957013804,0.11751950415264065,0.15143817326245015,0.22255533929467208,medium,0.089108515016626,0.3849278398246659
2022-02-04,0.0509473010742323,0.37313177408915266,0.156718132065793,0.1749558094847442,0.20060624158538687,0.14554513957013804,0.11751950415264065,0.15143817326245015,0.22255533929467208,medium,0.12087678467123757,0.3580173835423041
2022-02-07,0.1306132675951853,0.0746449239879317,0.15986944810435152,0.17073942874706471,0.19535251263770212,0.1582304407626525,0.17360671239541342,0.16425050647585385,0.18114517861165202,high,0.05510770549704202,0.33114553524675344
2022-02-08,0.23234115870425884,0.0509473010742323,0.1483295065862897,0.17073942874706471,0.18981197430993826,0.1582304407626525,0.17360671239541342,0.16425050647585385,0.18114517861165202,high,0.05228651105508571,0.3421098186819741
2022-02-09,0.285196575103485,0.1306132675951853,0.15358857834478573,0.15063354986367208,0.18678988194295737,0.13147569559423702,0.13679725390380088,0.13947684614819936,0.13280699210756303,high,0.010106370558427027,0.29167259011923635
2022-02-10,0.3130226407410156,0.23234115870425884,0.16129688048822885,0.15063354986367208,0.1898314442819481,0.13147569559423702,0.13679725390380088,0.13947684614819936,0.13280699210756303,high,1e-08,0.2893852226071757
2022-02-11,0.05190274241302758,0.285196575103485,0.17336252769483987,0.1503357143720341,0.1968604678215655,0.15480517766454094,0.17264591621878222,0.1600855291547563,0.2193950287263543,medium,0.08266867249202423,0.40147512799846563
2022-02-14,0.25600880935946146,0.3130226407410156,0.18101870645221182,0.1503357143720341,0.20568857912013205,0.15480517766454094,0.17264591621878222,0.1600855291547563,0.2193950287263543,high,0.08186148089691594,0.37473920568705943
2022-02-15,0.017794002662929295,0.05190274241302758,0.18142704255664377,0.1699207780152795,0.19982731986850769,0.15145617100365952,0.18086797000442129,0.15801768430911758,0.1838869745962624,low,0.015977503775181895,0.3335706987451288
2022-02-16,0.3391011932621777,0.25600880935946146,0.18312151877172897,0.1699207780152795,0.20363578007820723,0.15145617100365952,0.18086797000442129,0.15801768430911758,0.1838869745962624,high,0.07091356505591,0.35319304191337825
2022-02-17,0.10279174914472365,0.017794002662929295,0.18363516302607694,0.16777345412752817,0.1974803196883742,0.13936320373814673,0.14605664605065752,0.14717168862132562,0.2147538375522995,medium,0.07128626123209429,0.3796525744463818
2022-02-18,0.1703566377080138,0.3391011932621777,0.1862700900171351,0.16777345412752817,0.2087054029503767,0.13936320373814673,0.14605664605065752,0.14717168862132562,0.2147538375522995,high,0.0948420861524146,0.3715825590763716
2022-02-22,0.2815909672135392,0.10279174914472365,0.1834499955297687,0.15642342587184221,0.20390791335544645,0.15028673818904084,0.17930058533195808,0.1571083239796652,0.2127751184389739,high,0.0871968264239253,0.35267116345619653
2022-02-23,0.23889358033138983,0.1703566377080138,0.18320722891181287,0.15642342587184221,0.20205200801255277,0.15028673818904084,0.17930058533195808,0.1571083239796652,0.2127751184389739,high,0.06810671548934513,0.386402331969907
2022-02-24,0.3502567239092598,0.2815909672135392,0.18184192584345152,0.17349511934567927,0.20768514986480327,0.15742329543548195,0.19749706927650926,0.16324541994984706,0.2455435104125369,high,0.11933479588082639,0.39175677247403723
2022-02-25,0.040614541285670165,0.23889358033138983,0.18963646082448718,0.17349511934567927,0.2096886805464636,0.15742329543548195,0.19749706927650926,0.16324541994984706,0.2455435104125369,low,0.10642494814164351,0.46570025699513196
2022-02-28,0.2417765101214976,0.3502567239092598,0.19674763171292575,0.19504183864915503,0.22066256715396182,0.18220238159525223,0.1751410581676987,0.18629923776561472,0.17537267189546935,high,0.0444058352279741,0.3429433505472948
2022-03-01,0.2920322752900948,0.040614541285670165,0.19678344638567813,0.19504183864915503,0.2141714801000096,0.18220238159525223,0.1751410581676987,0.18629923776561472,0.17537267189546935,high,0.05558490349260277,0.33160688899806195
2022-03-02,0.0790276137331381,0.2417765101214976,0.20421020802784087,0.1969242710633102,0.21592732658403135,0.1626730820877698,0.17321957495397686,0.16883096117894242,0.21514699201226864,medium,0.07137572687080922,0.4060464268526711
2022-03-03,0.12897560216491247,0.2920322752900948,0.19956397741741208,0.1969242710633102,0.22123314564605798,0.1626730820877698,0.17321957495397686,0.16883096117894242,0.21514699201226864,high,0.0884910227531767,0.3568935705108366
2022-03-04,0.46796669003749547,0.0790276137331381,0.19015981598606438,0.17866165560512592,0.215365225309111,0.15450977495582927,0.14826399355415515,0.16147580800697595,0.19120089211068142,high,0.03032506971495354,0.34886150318056897
2022-03-07,0.12035790917083494,0.12897560216491247,0.19114671303298297,0.17866165560512592,0.21118080360990582,0.15450977495582927,0.14826399355415515,0.16147580800697595,0.19120089211068142,medium,0.08207215089642847,0.32651705476599896
2022-03-08,0.4256084666003747,0.46796669003749547,0.20540851272420876,0.21960569223913454,0.23465093497279113,0.19981856220884966,0.24485126214565514,0.20258490154077616,0.27287176694931603,high,0.15467380927460164,0.47516098256846584
2022-03-09,0.07168230271723865,0.12035790917083494,0.19391879159155795,0.21960569223913454,0.22940479329034788,0.19981856220884966,0.24485126214565514,0.20258490154077616,0.27287176694931603,medium,0.1267280261284283,0.43547415518282234
2022-03-10,0.20184272256490696,0.4256084666003747,0.20987167989212355,0.22950720574592345,0.24563696717722958,0.21191334747192245,0.2130501944653544,0.215238571833665,0.22760963598942885,high,0.06302419833216888,0.3676281079118447
2022-03-11,0.11601548985623858,0.07168230271723865,0.21081417996680563,0.22950720574592345,0.23880027139171442,0.21191334747192245,0.2130501944653544,0.215238571833665,0.22760963598942885,medium,0.10288242707321728,0.3794475488841947
2022-03-14,0.34908541917047303,0.20184272256490696,0.21405188246542933,0.22859909256858077,0.23674556916423148,0.1776727657736704,0.18730639059966264,0.1850113393143125,0.2416396233247749,high,0.11223749731925475,0.46955642501186406
2022-03-15,0.35200362923424955,0.11601548985623858,0.2087643520632466,0.22859909256858077,0.23128582377862492,0.1776727657736704,0.18730639059966264,0.1850113393143125,0.2416396233247749,high,0.10217930769634184,0.44915113317113997
2022-03-16,0.19860622175118178,0.34908541917047303,0.21166839042992788,0.21145456800732285,0.23998996257499022,0.18302521812316297,0.16870223449229038,0.18911285460263955,0.16973034903804046,high,0.03787740319430242,0.3248944548886679
2022-03-17,0.17386936497968267,0.35200362923424955,0.21344025354325666,0.21145456800732285,0.24814081588522569,0.18302521812316297,0.16870223449229038,0.18911285460263955,0.16973034903804046,high,0.0459585827015456,0.3510496760207775
2022-03-18,0.004642533421009013,0.19860622175118178,0.22010859351317283,0.20399435582234166,0.2454508067144843,0.18632916303888553,0.15249182190149513,0.19304390534021648,0.1493627763517879,low,0.0013544148781652974,0.33924059464226486
2022-03-21,0.18575335738760215,0.17386936497968267,0.21637498240500105,0.20399435582234166,0.2417543504685902,0.18632916303888553,0.15249182190149513,0.19304390534021648,0.1493627763517879,high,0.016918714024839358,0.30350939376409747
2022-03-22,0.20443781146489162,0.004642533421009013,0.21577718834855011,0.19251935010072008,0.23439229765343073,0.15292375529637822,0.1219260443933825,0.16226760065439505,0.16854945825457227,high,0.04376270261733763,0.3351066167763364
2022-03-23,0.2392989895603227,0.18575335738760215,0.20880683217243304,0.19251935010072008,0.2317619960954452,0.15292375529637822,0.1219260443933825,0.16226760065439505,0.16854945825457227,high,0.029024465658353964,0.3093013319247539
2022-03-24,0.07752486175543291,0.20443781146489162,0.21342710773244067,0.14903956004255609,0.2302140190985113,0.1479374931330838,0.1379875624593451,0.15578220750387345,0.14576157434884285,medium,0.001667706354709586,0.28617195858671785
2022-03-25,0.11291689926998746,0.2392989895603227,0.2165608509984547,0.14903956004255609,0.23076920353113806,0.1479374931330838,0.1379875624593451,0.15578220750387345,0.14576157434884285,medium,0.0153923050364391,0.28519853875040657
2022-03-28,0.19637764171277106,0.07752486175543291,0.20728511893217716,0.1428690190933527,0.2245434613430193,0.137348069154269,0.11777334528483516,0.14509922428400843,0.11561994227581444,high,0.020657835327068202,0.3517909723883691
2022-03-29,0.09802001910803398,0.11291689926998746,0.20155890615665886,0.1428690190933527,0.2194529417402161,0.137348069154269,0.11777334528483516,0.14509922428400843,0.11561994227581444,medium,1e-08,0.3242427924056737
2022-03-30,0.24432862687470053,0.19637764171277106,0.19456440242045484,0.14961782271210797,0.21813727033684266,0.1304953254850398,0.1049252957409609,0.13697793251109064,0.11379984121262612,high,1e-08,0.3664467916182311
2022-03-31,0.044989509076049865,0.09802001910803398,0.1971737423214714,0.14961782271210797,0.2128504452336537,0.1304953254850398,0.1049252957409609,0.13697793251109064,0.11379984121262612,low,1e-08,0.3470772173548125
2022-04-01,0.1359875982871187,0.24432862687470053,0.19728974762843512,0.14049146410752822,0.21486922066369424,0.1340857824022424,0.14348419806316587,0.1389566493738605,0.14138528119420152,high,0.021796139517154978,0.37162808718561413
2022-04-04,0.20051505482447693,0.044989509076049865,0.18606053098234218,0.14049146410752822,0.20861471286781327,0.1340857824022424,0.14348419806316587,0.1389566493738605,0.14138528119420152,high,1e-08,0.3425605863203024
2022-04-05,0.1587347380453036,0.1359875982871187,0.18864962118934134,0.13706513480157997,0.20498402409138838,0.11566847120839963,0.11557284591068466,0.12125087325491486,0.15223835797426957,high,0.010638121136337877,0.33487344726772916
2022-04-06,0.0799901452082757,0.20051505482447693,0.19190141449204878,0.13706513480157997,0.20471863705440388,0.11566847120839963,0.11557284591068466,0.12125087325491486,0.15223835797426957,medium,0.0018374476768298073,0.30976810358777945
2022-04-07,0.04244691329944368,0.1587347380453036,0.17784541667422188,0.1408224375173107,0.2022546418743131,0.12098356537134483,0.13970893541324084,0.12528435896842535,0.13219655524029017,low,0.014062684588115562,0.30802767902235006
2022-04-08,0.2713302874835814,0.0799901452082757,0.17601051831228737,0.1408224375173107,0.19706960483532387,0.12098356537134483,0.13970893541324084,0.12528435896842535,0.13219655524029017,high,0.0141794153225157,0.34626749176342586
2022-04-11,0.05881943386909666,0.04244691329944368,0.15859408407133596,0.11321835313963541,0.19134875967163384,0.10002280594651072,0.11127688126184368,0.1051422342460293,0.1889312805062912,medium,0.06040608598105306,0.35336336981575306
2022-04-12,0.181820747824854,0.2713302874835814,0.1676689924698061,0.11321835313963541,0.19706520355596954,0.10002280594651072,0.11127688126184368,0.1051422342460293,0.1889312805062912,high,0.06382001059232531,0.3537362222479977
2022-04-13,0.19766894446331196,0.05881943386909666,0.1611679338927238,0.12216325029066527,0.19160427013363565,0.11445292734070035,0.13982910174421134,0.11790504642058885,0.12620323084462792,high,1e-08,0.3453824976573704
2022-04-14,0.0065276614565240275,0.181820747824854,0.16415908198220633,0.12216325029066527,0.19103138907994147,0.11445292734070035,0.13982910174421134,0.11790504642058885,0.12620323084462792,low,1e-08,0.267342828603278
2022-04-18,0.25625794622266945,0.19766894446331196,0.15727651495006262,0.1390435181735926,0.1914361324653673,0.12404622658067706,0.14444514547300413,0.12655423996206078,0.17102337621149794,high,0.045521741721413655,0.3287092330702248
2022-04-19,0.011771654360739387,0.0065276614565240275,0.14157306186925692,0.1390435181735926,0.18561110383364798,0.12404622658067706,0.14444514547300413,0.12655423996206078,0.17102337621149794,low,0.0310329029365961,0.310120043107922
2022-04-20,0.2373795218192234,0.25625794622266945,0.1441935947997791,0.13450721206386615,0.19058982411057568,0.12990960916986996,0.12553964658490377,0.13181634055615923,0.13140908990179517,high,0.005320381307261106,0.2649212960391988
2022-04-21,0.4355819206785575,0.011771654360739387,0.1368255170443726,0.13450721206386615,0.1848061863196508,0.12990960916986996,0.12553964658490377,0.13181634055615923,0.13140908990179517,high,1e-08,0.29479405330668923
2022-04-22,0.09203426556194128,0.2373795218192234,0.14740447106247323,0.14146488777100524,0.18837481029755562,0.12933108218207837,0.1447987780348007,0.1313919766128939,0.22593277845747484,medium,0.07511306419582398,0.38200941204277267
2022-04-25,0.45974102248368415,0.4355819206785575,0.15876031484842576,0.14146488777100524,0.21151799351989642,0.12933108218207837,0.1447987780348007,0.1313919766128939,0.22593277845747484,high,0.09629471013027809,0.3838729230440533
2022-04-26,0.04463906711709021,0.09203426556194128,0.15365106276192803,0.18581873608162555,0.20630969015044714,0.16507997169951946,0.20349949895244063,0.16619987741801942,0.30294998956502517,low,0.15554726636162064,0.47843948084704463
2022-04-27,0.40097840069321644,0.45974102248368415,0.16367115516753536,0.18581873608162555,0.2295464559086803,0.16507997169951946,0.20349949895244063,0.16619987741801942,0.30294998956502517,high,0.19642341976442418,0.4717302428724383
2022-04-28,0.5866522633664489,0.04463906711709021,0.16217634632033795,0.22132631035238406,0.22282199100135208,0.18585136190534413,0.2361216260105807,0.18815155667964564,0.23479200558815672,high,0.0971262413961413,0.4071171803870235
2022-04-29,0.09555579459503981,0.40097840069321644,0.17527005093048473,0.22132631035238406,0.2373134677230258,0.18585136190534413,0.2361216260105807,0.18815155667964564,0.23479200558815672,medium,0.08981239066521782,0.39897673463977723
2022-05-02,0.07277058078082704,0.5866522633664489,0.19300980646019736,0.28381065342803363,0.27127158666499257,0.2697192937283612,0.327701615167563,0.26788296868565226,0.3203541192852065,medium,0.1815023209497359,0.47559795278328987
2022-05-03,0.4834254916458537,0.09555579459503981,0.19289779625506123,0.28381065342803363,0.264047025926594,0.2697192937283612,0.327701615167563,0.26788296868565226,0.3203541192852065,high,0.18540545221134985,0.493862486488851
2022-05-04,0.564225432400453,0.07277058078082704,0.18509970325079428,0.2393379371606825,0.25662290512007957,0.20951419235877805,0.24785223065979703,0.2166345503808733,0.25125387006322775,high,0.11463245326656359,0.49315730804959546
2022-05-05,0.09475306882294628,0.4834254916458537,0.20502861154942173,0.2393379371606825,0.2755467453350072,0.20951419235877805,0.24785223065979703,0.2166345503808733,0.25125387006322775,medium,0.11499755818907406,0.4318733238115594
2022-05-06,0.5082605546926455,0.564225432400453,0.22449396764548235,0.3185221293214877,0.30078475467829335,0.2850964248131817,0.3277156101686795,0.2868494686952566,0.3264705516523023,high,0.19261755155878438,0.46650356311586766
2022-05-09,0.03667930768515875,0.09475306882294628,0.2196866046454128,0.3185221293214877,0.29254379017704374,0.2850964248131817,0.3277156101686795,0.2868494686952566,0.3264705516523023,low,0.19415702180084773,0.5111220913607991
2022-05-10,0.25218398820516874,0.5082605546926455,0.2355741417657465,0.3063259173425165,0.3097526182427999,0.277702422631803,0.33746379524147363,0.28232606586697984,0.3717741468398321,high,0.22067210932986672,0.5087282149762251
2022-05-11,0.01657033279542009,0.03667930768515875,0.2336054673328776,0.3063259173425165,0.30045067105018974,0.277702422631803,0.33746379524147363,0.28232606586697984,0.3717741468398321,low,0.2565976928986857,0.5034652008978817
2022-05-12,0.3795259495612868,0.25218398820516874,0.24313897073768329,0.27663953977959566,0.2977753771299142,0.22944222582252377,0.2794867746529835,0.23945453435266775,0.33745082369651236,high,0.21280979179174553,0.5194949540371404
2022-05-13,0.06441518026945628,0.01657033279542009,0.23155897279731227,0.27663953977959566,0.2887324700602756,0.22944222582252377,0.2794867746529835,0.23945453435266775,0.33745082369651236,medium,0.20005970138474802,0.4953265937931089
2022-05-16,0.326544922812986,0.3795259495612868,0.24613654169241184,0.2432373884101056,0.294969235166153,0.21773712730531875,0.22912868971300007,0.2269207589792881,0.2597373138700849,high,0.12759364988780564,0.3871083512547683
2022-05-17,0.6399263076753953,0.06441518026945628,0.2407999249853483,0.2432373884101056,0.2864182215568411,0.21773712730531875,0.22912868971300007,0.2269207589792881,0.2597373138700849,high,0.12999936789201239,0.43662616026509043
2022-05-18,0.09722560351568191,0.326544922812986,0.24665792400124256,0.21022508920493543,0.288982990811385,0.2011740956059685,0.19062548857555953,0.21030404164531213,0.32653188762081287,medium,0.18869820713005872,0.4872708777173137
2022-05-19,0.0069288912464565405,0.6399263076753953,0.2754487715566458,0.21022508920493543,0.32104647575530143,0.2011740956059685,0.19062548857555953,0.21030404164531213,0.32653188762081287,low,0.18966614249211494,0.46674172278985765
2022-05-20,0.2970147627284326,0.09722560351568191,0.2682200287063282,0.2861885465414925,0.3121758451545294,0.24556625526293557,0.2899741221452606,0.25061211159920027,0.3045209182595354,high,0.17006578847094778,0.43591030385066704
2022-05-23,0.12118028627065847,0.0069288912464565405,0.2679999031102244,0.2861885465414925,0.30267046993736,0.24556625526293557,0.2899741221452606,0.25061211159920027,0.3045209182595354,medium,0.1652039638256959,0.44211182806082355
2022-05-24,0.14024780657988045,0.2970147627284326,0.27071059587882484,0.2754167423609135,0.3023341110865491,0.21421345841412498,0.2321989087867927,0.222272964415767,0.27896089898043996,high,0.16439261222839438,0.42394636549057185
2022-05-25,0.31719385943948214,0.12118028627065847,0.25641961249664763,0.2754167423609135,0.2946228768268725,0.21421345841412498,0.2321989087867927,0.222272964415767,0.27896089898043996,high,0.14484929654430345,0.45301471707454766
2022-05-26,0.3897055789179661,0.14024780657988045,0.25861113708837213,0.15752335651738092,0.287705835901509,0.17613457969340485,0.1875865087590638,0.18725163289219313,0.2340822189985946,high,0.10775102154917285,0.3872178994436305
2022-05-27,0.08907037594344942,0.31719385943948214,0.25213172058636296,0.15752335651738092,0.2895598138537972,0.17613457969340485,0.1875865087590638,0.18725163289219313,0.2340822189985946,medium,0.08877998238312414,0.4165352208973385
2022-05-31,0.12840150803608472,0.3897055789179661,0.2678165620318573,0.22833002583944353,0.2965238927059507,0.20984304945310767,0.17905205040577105,0.21524951723870625,0.1892246969759036,high,0.08238124151965617,0.37120584593780837
2022-06-01,0.3023057846982942,0.08907037594344942,0.25363892454323156,0.22833002583944353,0.2883172657351675,0.20984304945310767,0.17905205040577105,0.21524951723870625,0.1892246969759036,high,0.032684220487205824,0.3850896435622235
2022-06-02,0.26052664027843025,0.12840150803608472,0.23280934475548773,0.20183746755212237,0.28129779916255915,0.17045230965976385,0.15374869766914667,0.17948764701248252,0.20026560561787235,high,0.06257457796211971,0.35039464084268557
2022-06-03,0.04833626433192737,0.3023057846982942,0.24220707157836288,0.20183746755212237,0.2826023212087979,0.17045230965976385,0.15374869766914667,0.17948764701248252,0.20026560561787235,medium,0.0755690866355722,0.3588797432008203
2022-06-06,0.15227300357762058,0.26052664027843025,0.25074143791916303,0.21406480182402085,0.2813266348093094,0.18165249541555087,0.17565883284334427,0.1878306855651004,0.20207136561531924,high,0.07714740084943705,0.33495567067920295
2022-06-07,0.172593089296581,0.04833626433192737,0.23096465485943912,0.21406480182402085,0.2730131472894971,0.18165249541555087,0.17565883284334427,0.1878306855651004,0.20207136561531924,high,0.08463780988230032,0.36127204777570815
2022-06-08,0.3775400563425038,0.15227300357762058,0.21223954445840132,0.17042602118083844,0.2673111144985458,0.15101938114966637,0.141212585602875,0.15941617134569364,0.20812569905131303,high,0.08353863614426407,0.44826845452435055
2022-06-09,0.46029460373767317,0.172593089296581,0.2157777272072029,0.17042602118083844,0.2625932605509205,0.15101938114966637,0.141212585602875,0.15941617134569364,0.20812569905131303,high,0.047563049668553126,0.3913186009427314
2022-06-10,0.6027251731622735,0.3775400563425038,0.2098358863731055,0.18829281111830068,0.2708691508941981,0.17952732584255734,0.20958397192031392,0.1832535834386602,0.28002852023008595,high,0.15479521284723044,0.44401728089010695
2022-06-13,0.04783181507151817,0.46029460373767317,0.22909112710276525,0.18829281111830068,0.28579740801059855,0.17952732584255734,0.20958397192031392,0.1832535834386602,0.28002852023008595,medium,0.13632532643063297,0.419089444889872
2022-06-14,0.2263089201999579,0.6027251731622735,0.2450248173280882,0.29841828487162103,0.313968162369772,0.27948016040682755,0.35698866454357464,0.2762216008635424,0.3662629371021849,high,0.23532628347896856,0.48784119169133383
2022-06-15,0.525383849085194,0.04783181507151817,0.24644579379518358,0.29841828487162103,0.30462882252820817,0.27948016040682755,0.35698866454357464,0.2762216008635424,0.3662629371021849,high,0.2418296656715712,0.5293895190523579
2022-06-16,0.03422635782705233,0.2263089201999579,0.23948138336966862,0.291378636740253,0.3005058069085379,0.22820181488248706,0.2778385255161248,0.23264525511605463,0.3606557278742857,low,0.2321432011759947,0.5505407269312435
2022-06-17,0.39961416299183294,0.525383849085194,0.26043450467947493,0.291378636740253,0.3185077815680189,0.22820181488248706,0.2778385255161248,0.23264525511605463,0.3606557278742857,high,0.25794311817583426,0.543518750572984
2022-06-21,0.0287815196861024,0.03422635782705233,0.24714729718011427,0.28094354282171796,0.3089185347602573,0.23403271973200107,0.29315385666692495,0.23945612890133236,0.28442386052254787,low,0.12513465844458632,0.44545264098975546
2022-06-22,0.15561427590339919,0.39961416299183294,0.23622401787631597,0.28094354282171796,0.3150973027608117,0.23403271973200107,0.29315385666692495,0.23945612890133236,0.28442386052254787,high,0.1654841786911853,0.46400461298575885
2022-06-23,0.5047136319896897,0.0287815196861024,0.23311292315678964,0.24234231719077257,0.3055795054437336,0.215309084863881,0.23770124361923856,0.22331709653415766,0.23783431098596214,high,0.1026647746435558,0.37031620620409406
2022-06-24,0.060637956433078094,0.15561427590339919,0.2398713497321052,0.24234231719077257,0.2987123235996449,0.215309084863881,0.23770124361923856,0.22331709653415766,0.23783431098596214,medium,0.10430148023607763,0.3967185003710172
2022-06-27,0.324360038453766,0.5047136319896897,0.2493122074257987,0.2359880456275993,0.3148959513125795,0.2414016309683208,0.21556445480630207,0.24512781111275758,0.23950196640193158,high,0.09489791381604278,0.42125600051079154
2022-06-28,0.012928347243595,0.060637956433078094,0.24656028334227234,0.2359880456275993,0.30566404801594504,0.2414016309683208,0.21556445480630207,0.24512781111275758,0.23950196640193158,low,0.099931327502243,0.43845759684133073
2022-06-29,0.12896934606202198,0.324360038453766,0.25492902115472166,0.22553693111453355,0.3068179357652809,0.2163846899766798,0.22016099731835584,0.22267675887757415,0.263073053747384,high,0.1319780474210604,0.46539503135053945
2022-06-30,0.16789690157200032,0.012928347243595,0.2410987706003632,0.22553693111453355,0.297487881256664,0.2163846899766798,0.22016099731835584,0.22267675887757415,0.263073053747384,high,0.12221937320973933,0.4015046030908646
2022-07-01,0.029979064898223363,0.12896934606202198,0.22924712365236574,0.2207748197320348,0.2901501036676089,0.1733258386098817,0.1795718222799992,0.18383286425759415,0.23982784953373387,low,0.0957277493855393,0.4100261535557353
2022-07-05,0.05361263643026275,0.16789690157200032,0.2328301475445726,0.2207748197320348,0.2843012836275514,0.1733258386098817,0.1795718222799992,0.18383286425759415,0.23982784953373387,medium,0.09435827302828531,0.4260737065627132
2022-07-06,0.23775538260321394,0.029979064898223363,0.22835640012921524,0.1586230286063679,0.27573812094062605,0.14418950015808243,0.14343552550557145,0.15594184689657625,0.19941726779818736,high,0.06255059108032285,0.35576271163519047
2022-07-07,0.013058715868712089,0.05361263643026275,0.217052166117032,0.1586230286063679,0.2676603809804049,0.14418950015808243,0.14343552550557145,0.15594184689657625,0.19941726779818736,low,0.06032187214515872,0.37175417975809144
2022-07-08,0.18134229875517033,0.23775538260321394,0.2160171089499767,0.1387184183413096,0.26596092211298455,0.13938650872925085,0.12432336273214502,0.1478852754647184,0.19768673639890108,high,0.06250522328408117,0.3624812849171604
2022-07-11,0.14047551396405614,0.013058715868712089,0.21441358401983057,0.1387184183413096,0.25787852017825386,0.13938650872925085,0.12432336273214502,0.1478852754647184,0.19768673639890108,high,0.07226368706365131,0.33721046019454815
2022-07-12,0.08336411150726099,0.18134229875517033,0.21573491561881009,0.13359811578212819,0.2539376952290366,0.1260466752955632,0.12740149923573524,0.13387668494078664,0.17725266923189373,medium,0.057423648420408605,0.351463925843856
2022-07-13,0.03855154889283319,0.14047551396405614,0.21427502583096805,0.13359811578212819,0.24859463806797782,0.1260466752955632,0.12740149923573524,0.13387668494078664,0.17725266923189373,low,0.046342992303212094,0.3171640907149024
2022-07-14,0.30328478273012804,0.08336411150726099,0.20090339197482063,0.14161180861193878,0.24188491258617945,0.11178472585774661,0.12030991897304381,0.11875729818051599,0.17683688179617646,high,0.04817777388556733,0.3621213004879157
2022-07-15,0.13107533161354298,0.03855154889283319,0.181733253118237,0.14161180861193878,0.23470616863631094,0.11178472585774661,0.12030991897304381,0.11875729818051599,0.17683688179617646,high,0.046584558161826835,0.4211727925450801
2022-07-18,0.42891493891061533,0.30328478273012804,0.16812232628041224,0.1463389857173165,0.23937557525010755,0.13571527368096675,0.1172659683614326,0.1377042492287128,0.17635279786493252,high,0.058236127373776286,0.3660004886244285
2022-07-19,0.10117132521167854,0.13107533161354298,0.1719061224868679,0.1463389857173165,0.23429355650166042,0.13571527368096675,0.1172659683614326,0.1377042492287128,0.17635279786493252,medium,0.051405121897483204,0.40071362989673665
2022-07-20,0.16165423508525734,0.42891493891061533,0.18111548697371596,0.19162414696604682,0.25027573568036265,0.18247044549727162,0.14110855008387616,0.17991702363258713,0.16975379823717412,high,0.030725768303885334,0.3458079280789428
2022-07-21,0.14728430126870973,0.10117132521167854,0.16183309952491978,0.19162414696604682,0.24391352045516287,0.18247044549727162,0.14110855008387616,0.17991702363258713,0.16975379823717412,high,0.024595693484468654,0.33103406091145976
2022-07-22,0.019283704514175503,0.16165423508525734,0.16762527576392913,0.1956969816949407,0.23977510845882496,0.15528344127593915,0.11846908517448952,0.15717421254912733,0.18599329198218248,low,0.05503456796937178,0.317108512430174
2022-07-25,0.18781055335465632,0.14728430126870973,0.15615573659469625,0.1956969816949407,0.23525334514575458,0.15528344127593915,0.11846908517448952,0.15717421254912733,0.18599329198218248,high,0.05562641152770777,0.34473487764310823
2022-07-26,0.4122027526232574,0.019283704514175503,0.155724017723245,0.17139649990526576,0.22813548582743298,0.1296980267620388,0.1102592738173721,0.1346328700287656,0.18474142290715198,high,0.0451236989923285,0.40757312916239136
2022-07-27,0.19910370354198292,0.18781055335465632,0.15718748488012035,0.17139649990526576,0.22591905660474657,0.1296980267620388,0.1102592738173721,0.1346328700287656,0.18474142290715198,high,0.045189562222198054,0.3520555673721034
2022-07-28,0.23143035688319924,0.4122027526232574,0.15298244490891888,0.17062773475955392,0.2411881454076037,0.17943946764280758,0.14474935964889596,0.17894555079480867,0.17160390417165974,high,0.03503818358338114,0.36096836667171506
2022-07-29,0.047005018475430996,0.19910370354198292,0.15927634250477818,0.17062773475955392,0.2388722572462065,0.17943946764280758,0.14474935964889596,0.17894555079480867,0.17160390417165974,medium,0.010446034883472538,0.36188483612887007
2022-08-01,0.10473078909230758,0.23143035688319924,0.15505226606975245,0.18305406389063847,0.2384322934717717,0.16985607026862937,0.12994809031933954,0.17200120620116907,0.16634505972764682,medium,0.005774389821871214,0.37506881521953994
2022-08-02,0.24858772784707903,0.047005018475430996,0.1566012056711995,0.18305406389063847,0.23145524267492637,0.16985607026862937,0.12994809031933954,0.17200120620116907,0.16634505972764682,high,0.026247350322788694,0.2970018932106318
2022-08-03,0.01072767095791425,0.10473078909230758,0.15549945308166704,0.1775882658556109,0.22586577848589715,0.13854659078386153,0.11418158767748479,0.1439855613704566,0.18529037472024087,low,0.046449949843194276,0.34767344051254895
2022-08-04,0.026829928784981957,0.24858772784707903,0.15916721791235244,0.1775882658556109,0.22729315960615346,0.13854659078386153,0.11418158767748479,0.1439855613704566,0.18529037472024087,low,0.06085514838866504,0.36654935051997506
2022-08-05,0.0184301862500094,0.01072767095791425,0.1582921545514293,0.13380038772046818,0.22038456060934558,0.131670483944578,0.10312769069917485,0.1370345538004162,0.1468685243046304,low,1e-08,0.3289852215695769
2022-08-08,0.06303466392137598,0.026829928784981957,0.15707475874937107,0.13380038772046818,0.21377180353449868,0.131670483944578,0.10312769069917485,0.1370345538004162,0.1468685243046304,medium,0.008008693082638173,0.30474429440122697
2022-08-09,0.3334232891917234,0.0184301862500094,0.14710543164240722,0.10870226266180182,0.2073086135526485,0.1057711699085365,0.08489918732003454,0.11227745853936563,0.15558456710404361,high,0.021309367411477795,0.3577495411205604
2022-08-10,0.0,0.06303466392137598,0.14937706564480105,0.10870226266180182,0.20158534596858702,0.1057711699085365,0.08489918732003454,0.11227745853936563,0.15558456710404361,low,0.004441829144217715,0.33768648805573376
2022-08-11,0.2687420542268417,0.3334232891917234,0.15628983793737164,0.12801018756781593,0.21182237368428314,0.14056669054339663,0.10393957356395804,0.14153389025557495,0.11370227749112283,high,1e-08,0.24936282170882523
2022-08-12,0.06541717885809374,0.0,0.14990458730264183,0.12801018756781593,0.20536941085188282,0.14056669054339663,0.10393957356395804,0.14153389025557495,0.11370227749112283,medium,1e-08,0.32454521583729706
2022-08-15,0.03109094603139736,0.2687420542268417,0.15833085742625913,0.15387029444222974,0.20971250969227906,0.1425239764356691,0.10335981467497746,0.14338871525147864,0.0976395203601533,low,1e-08,0.3178040121408138
2022-08-16,0.11267640667272916,0.06541717885809374,0.15955202242468006,0.15387029444222974,0.20395426192049357,0.1425239764356691,0.10335981467497746,0.14338871525147864,0.0976395203601533,medium,1e-08,0.3100717512556384
2022-08-17,0.04613902088370697,0.03109094603139736,0.14717957530201048,0.15357832826083723,0.19788759262194516,0.1156896593571403,0.08490471104423904,0.11930897453608293,0.11205090687396127,medium,1e-08,0.2916316593371723
2022-08-18,0.21332180938358733,0.11267640667272916,0.1463432605319735,0.15357832826083723,0.19383417581047746,0.1156896593571403,0.08490471104423904,0.11930897453608293,0.11205090687396127,high,1e-08,0.2755536757425351
2022-08-19,0.3305462091149862,0.04613902088370697,0.12894435516711403,0.1136987851748665,0.1882687308192358,0.1003273441282089,0.08378025528593169,0.10414935190103018,0.14879406810778326,high,1e-08,0.29186841503487904
2022-08-22,0.03840767061582191,0.21332180938358733,0.13404210444765535,0.1136987851748665,0.18986516206389728,0.1003273441282089,0.08378025528593169,0.10414935190103018,0.14879406810778326,low,0.009953643230736657,0.30998510993929157
2022-08-23,0.050818513245635,0.3305462091149862,0.14171901235809756,0.14511626183534865,0.20110072292568787,0.1490238190749621,0.17974592962934122,0.14791665824543018,0.18417166797525042,medium,0.03686004913904942,0.3512450972909914
2022-08-24,0.22411133717355752,0.03840767061582191,0.1367700746011481,0.14511626183534865,0.195201228646974,0.1490238190749621,0.17974592962934122,0.14791665824543018,0.18417166797525042,high,0.05251790925962924,0.3567055939517442
2022-08-25,0.5373394421207651,0.050818513245635,0.13820347499803265,0.14229553075526075,0.18966354357830803,0.12066349353556333,0.1416233472914641,0.12264777432471874,0.1243803742057353,high,1e-08,0.28730289981858853
2022-08-26,0.10496319249613639,0.22411133717355752,0.1398535106261645,0.14229553075526075,0.19190486618088426,0.12066349353556333,0.1416233472914641,0.12264777432471874,0.1243803742057353,medium,1e-08,0.3151602720999681
2022-08-29,0.17427106465795789,0.5373394421207651,0.1455415419669603,0.21734830859987725,0.22790754609619276,0.2116542905113162,0.2621096650759072,0.20655032394389333,0.21463095266867346,high,0.0793904623252975,0.3926653457023294
2022-08-30,0.12079049919912276,0.10496319249613639,0.14126242782851275,0.21734830859987725,0.22245533237095438,0.2116542905113162,0.2621096650759072,0.20655032394389333,0.21463095266867346,medium,0.08429043698287837,0.4448271033916786
2022-08-31,0.04981457683157138,0.17427106465795789,0.13866427818191085,0.20266475358430644,0.21986226744231618,0.17803931893480043,0.22044006251266238,0.17855398946296888,0.25140093117977896,medium,0.11338572622718365,0.41255067785333366
2022-09-01,0.16738898988199208,0.12079049919912276,0.1420181636693514,0.20266475358430644,0.21520797459199875,0.17803931893480043,0.22044006251266238,0.17855398946296888,0.25140093117977896,high,0.10742627267005682,0.39622793803977
2022-09-02,0.059895966435965356,0.04981457683157138,0.1395219722029543,0.19470013286938084,0.20900835751760136,0.14576236051514838,0.17814535138099077,0.1501096637878128,0.24379137678498766,medium,0.11983242647699496,0.4045076923155936
2022-09-06,0.2851828844004608,0.16738898988199208,0.13583112047726853,0.19470013286938084,0.20674759572361645,0.14576236051514838,0.17814535138099077,0.1501096637878128,0.24379137678498766,high,0.11209108296590209,0.48768691348069404
2022-09-07,0.10376178804270732,0.059895966435965356,0.13806604299899813,0.11142189533791971,0.2009854368977118,0.12734969427484488,0.1557284324184597,0.13296877107431201,0.19361756713754483,medium,0.060227999562532476,0.3536263599632728
2022-09-08,0.24661461836106377,0.2851828844004608,0.14980935916333807,0.11142189533791971,0.2070052988393395,0.12734969427484488,0.1557284324184597,0.13296877107431201,0.19361756713754483,high,1e-08,0.40086610873461603
2022-09-09,0.17061249286359648,0.10376178804270732,0.15368806833573345,0.13331030272663022,0.20230203321316265,0.1355713312416554,0.13612789187465144,0.1395637093762842,0.16111867333603924,high,0.04237661124212647,0.33375558025736907
2022-09-12,0.6902613024016744,0.24661461836106377,0.1620326117193556,0.13331030272663022,0.20523077762122127,0.1355713312416554,0.13612789187465144,0.1395637093762842,0.16111867333603924,high,0.019518436498107545,0.27284787257433485
2022-09-13,0.06057409925750601,0.17061249286359648,0.15463212097716802,0.15278251848313948,0.20331996734531105,0.1413488864447639,0.12325263962183325,0.1440030666340906,0.24665010474745347,medium,0.11274133211242848,0.42497648711453445
2022-09-14,0.18022670754664027,0.6902613024016744,0.18600763472269868,0.15278251848313948,0.25970427125793644,0.1413488864447639,0.12325263962183325,0.1440030666340906,0.24665010474745347,high,0.11713063239476458,0.46589284980109263
2022-09-15,0.12110536859965913,0.06057409925750601,0.17654545495136523,0.251047775882239,0.2522294258985069,0.22997494273368688,0.27280154710546767,0.22517800350872674,0.24502377370819411,medium,0.11108236843875088,0.41906980309012204
2022-09-16,0.1231042240248365,0.18022670754664027,0.18176406989175373,0.251047775882239,0.2484982942769046,0.22997494273368688,0.27280154710546767,0.22517800350872674,0.24502377370819411,high,0.10499309709613941,0.40512781308239953
2022-09-19,0.18221624708227743,0.12110536859965913,0.18585563455394744,0.24610270046801286,0.24274741757892865,0.19266222115203951,0.23152227930485725,0.19480259814291184,0.22784516482902128,high,0.08403423308857258,0.4174903772809478
2022-09-20,0.2769098912621968,0.1231042240248365,0.18632962625177046,0.24610270046801286,0.23727622977266363,0.19266222115203951,0.23152227930485725,0.19480259814291184,0.22784516482902128,high,0.06894621756456593,0.4572954234051576
2022-09-21,0.13334549641336557,0.18221624708227743,0.19251495471534188,0.13194291758498453,0.23433773555333987,0.1673714813598937,0.19990817725622728,0.17261397818104515,0.26571770946039963,high,0.13231157484718506,0.40163940044506585
2022-09-22,0.26597105770666174,0.2769098912621968,0.19540532207346048,0.13194291758498453,0.23710771627836477,0.1673714813598937,0.19990817725622728,0.17261397818104515,0.26571770946039963,high,0.11475370361875156,0.41896192167737895
2022-09-23,0.15704436147862613,0.13334549641336557,0.18644165331429588,0.1528600854553984,0.23219329502903535,0.16075426332759357,0.19665652412187884,0.16627312260198446,0.2858560434877172,high,0.1376782851642558,0.5224268126235014
2022-09-26,0.04052327455753077,0.26597105770666174,0.1967854436366068,0.1528600854553984,0.2343572889698766,0.16075426332759357,0.19665652412187884,0.16627312260198446,0.2858560434877172,low,0.1537617477479961,0.4426344601160825
2022-09-27,0.3123499776478201,0.15704436147862613,0.20161389128356094,0.17444455688425706,0.23045111075463576,0.15738873832757252,0.19572355901706653,0.16262048005645727,0.2504190084092751,high,0.06469029773284844,0.4948940119059209
2022-09-28,0.33159864366985453,0.04052327455753077,0.19326897934646883,0.17444455688425706,0.22365102219309116,0.15738873832757252,0.19572355901706653,0.16262048005645727,0.2504190084092751,high,0.11484736272002632,0.48053514009457965
2022-09-29,0.24548069548591364,0.3123499776478201,0.1830421855067895,0.16597853198783377,0.22993986921917067,0.16170137159690784,0.16963368328522924,0.16532549707840236,0.2658873997915929,high,0.1419436871939688,0.42716766246587856
2022-09-30,0.4191097068426514,0.33159864366985453,0.1933437969237767,0.16597853198783377,0.23727086310408782,0.16170137159690784,0.16963368328522924,0.16532549707840236,0.2658873997915929,high,0.1270356014561223,0.4700351756309464
2022-10-03,0.4918985792414887,0.24548069548591364,0.19658059832504737,0.19060677138335813,0.23777144706807027,0.17870638852752396,0.20906213369865875,0.18101802589165267,0.2589008143203081,high,0.127133916857243,0.3937891572201108
2022-10-04,0.03696074700358802,0.4191097068426514,0.21014056230884418,0.19060677138335813,0.2523535657774177,0.17870638852752396,0.20906213369865875,0.18101802589165267,0.2589008143203081,low,0.13495710172268396,0.42318948368104614
2022-10-05,0.1637550807801418,0.4918985792414887,0.23023528969111312,0.2734144075665718,0.27272556823028266,0.24559376093131025,0.2117795301410275,0.2432987878072067,0.23527315522329076,high,0.10656627413913461,0.3813428210287267
2022-10-06,0.44280295010510873,0.03696074700358802,0.2243067331966402,0.2734144075665718,0.2645721966527898,0.24559376093131025,0.2117795301410275,0.2432987878072067,0.23527315522329076,high,0.08886539619976538,0.3741580440321224
2022-10-07,0.12120596220725517,0.1637550807801418,0.22902760203046643,0.24214099644417963,0.25962951295270764,0.19981113231546482,0.18104850939045378,0.2041567711881793,0.3250559534629991,medium,0.21248917176404664,0.5370538817178
2022-10-10,0.10053837966657736,0.44280295010510873,0.2361921504715868,0.24214099644417963,0.27409396584675816,0.19981113231546482,0.18104850939045378,0.2041567711881793,0.3250559534629991,medium,0.20041340347841682,0.5529727551500884
2022-10-11,0.052360630123106315,0.12120596220725517,0.23698506747906622,0.239986264703836,0.267397279536017,0.20630947527999738,0.2233406031049927,0.21075457189137833,0.2867380504059296,medium,0.1531878527937366,0.47083460009307815
2022-10-12,0.41894428720868154,0.10053837966657736,0.23034523844749868,0.239986264703836,0.2604183264369577,0.20630947527999738,0.2233406031049927,0.21075457189137833,0.2867380504059296,high,0.17500136303100172,0.44269851081661576
2022-10-13,0.36175684722082063,0.052360630123106315,0.2249701537774764,0.1878439312416598,0.2528104835539572,0.16574305513931575,0.1813761514961042,0.17444027531761488,0.2775998819723219,high,0.13370675827556255,0.44084428967398415
2022-10-14,0.40792718533101374,0.41894428720868154,0.21263756217779486,0.1878439312416598,0.2657239377741229,0.16574305513931575,0.1813761514961042,0.17444027531761488,0.2775998819723219,high,0.1465151353854897,0.4567540298723582
2022-10-17,0.18652105151246562,0.36175684722082063,0.22632768708521828,0.2050036364990276,0.27244217630624606,0.21321352707846253,0.22269127776636288,0.21669968360602637,0.298495203905233,high,0.15170937515200644,0.49745083434463216
2022-10-18,0.11249628732748147,0.40792718533101374,0.2366777088026898,0.2050036364990276,0.2824102164876116,0.21321352707846253,0.22269127776636288,0.21669968360602637,0.298495203905233,medium,0.1640331269600758,0.4453350228690329
2022-10-19,0.13311139791567672,0.18652105151246562,0.23965114893509007,0.24360586516927385,0.2775925155933132,0.2128923667191436,0.1957288572805994,0.21803809974569716,0.2938235878965326,high,0.16131709941114775,0.5058215161513335
2022-10-20,0.3857724895518262,0.11249628732748147,0.23916896999430123,0.24360586516927385,0.2705429232309846,0.2128923667191436,0.1957288572805994,0.21803809974569716,0.2938235878965326,high,0.1482372969321306,0.4302869096058715
2022-10-21,0.19424748870850286,0.13311139791567672,0.23693693139581942,0.21359632250738655,0.2643198508758818,0.1755321091553623,0.16962524955582142,0.18397987864751436,0.2519724825627131,high,0.09037653793647343,0.49966347954414475
2022-10-24,0.25349314715351334,0.3857724895518262,0.24188523131807527,0.21359632250738655,0.2731342332530404,0.1755321091553623,0.16962524955582142,0.18397987864751436,0.2519724825627131,high,0.09193506949548202,0.4563617898049359
2022-10-25,0.11959885756604761,0.19424748870850286,0.24465350369512695,0.18957348746532215,0.26905407639434925,0.18826510884721492,0.15875743108828022,0.1948999398320416,0.19835287424749026,medium,0.033986875972087535,0.35617714630413155
2022-10-26,0.08477107756578506,0.25349314715351334,0.24408632594271112,0.18957348746532215,0.2681458871625275,0.18826510884721492,0.15875743108828022,0.1948999398320416,0.19835287424749026,medium,0.060534921574962375,0.41035719433494733
2022-10-27,0.3776659946096343,0.11959885756604761,0.24238425758304843,0.1970357519111381,0.2616224703612333,0.16969013945976208,0.14430338467485798,0.17742581961094422,0.2226249193503039,high,0.08603343255641378,0.38651298683124047
2022-10-28,0.1146674180283774,0.08477107756578506,0.24439552135615095,0.1970357519111381,0.25450089609574933,0.16969013945976208,0.14430338467485798,0.17742581961094422,0.2226249193503039,medium,0.09669169629358061,0.3422311633178399
2022-10-31,0.06946298308053273,0.3776659946096343,0.2473644312180516,0.19382873114827937,0.26351918327855395,0.18372134250901484,0.14454267549111174,0.18870016633684972,0.18448518489714774,medium,0.026852906311204905,0.3492406455487281
2022-11-01,0.3983897192822057,0.1146674180283774,0.2375039209616208,0.19382873114827937,0.2570306117253079,0.18372134250901484,0.14454267549111174,0.18870016633684972,0.18448518489714774,high,0.0718667209435189,0.31067575453783736
2022-11-02,0.16345860457080863,0.06946298308053273,0.22950311585228533,0.16794565016363353,0.24978061895022927,0.1508961398427605,0.127362067209457,0.15841934986186484,0.23574696749027557,high,0.08354937795819747,0.394767192842801
2022-11-03,0.2284848731366142,0.3983897192822057,0.2285612982359014,0.16794565016363353,0.26109346650721715,0.1508961398427605,0.127362067209457,0.15841934986186484,0.23574696749027557,high,0.10546863503852767,0.39867074005440056
2022-11-04,0.15185169791394004,0.16345860457080863,0.21363220847814324,0.20587447542354345,0.2562864282050147,0.17379755501297736,0.19101487149099927,0.1788007081981746,0.2210436760137113,high,0.05433408854570432,0.38193295397534505
2022-11-07,0.08564443274094195,0.2284848731366142,0.22233785057509897,0.20587447542354345,0.25470392521571866,0.17379755501297736,0.19101487149099927,0.1788007081981746,0.2210436760137113,medium,0.07569750980202632,0.38584609239340695
2022-11-08,0.3270442888172249,0.15185169791394004,0.22179678771754432,0.18785932967907584,0.24973021530971679,0.16008473401442352,0.1610328388323276,0.16587302239038607,0.205681410671622,high,0.09318895337441546,0.3682448904858049
2022-11-09,0.872368587586732,0.08564443274094195,0.20556230965553676,0.18785932967907584,0.24302956146092664,0.16008473401442352,0.1610328388323276,0.16587302239038607,0.205681410671622,high,0.07444380911504092,0.34537258881203503
2022-11-10,0.1536411651786322,0.3270442888172249,0.2149185972287172,0.17239342568576643,0.24887154053875823,0.16736380888806554,0.1871838217366826,0.1714457001681908,0.21451197388074347,high,0.03381475984013736,0.38918251457795816
2022-11-11,0.13504055858935654,0.872368587586732,0.2500017884978151,0.17239342568576643,0.32230798659854976,0.16736380888806554,0.1871838217366826,0.1714457001681908,0.21451197388074347,high,0.06602190706640192,0.38937695384747617
2022-11-14,0.1353948559547509,0.1536411651786322,0.2546054491821572,0.3145318215851963,0.3147472452459992,0.28784451781003373,0.22272719075503428,0.28711445707579397,0.19048654162970932,high,0.05614511681963574,0.36235018960782966
2022-11-15,0.12110486784139007,0.13504055858935654,0.24170073424491517,0.3145318215851963,0.30694630773865966,0.28784451781003373,0.22272719075503428,0.28711445707579397,0.19048654162970932,medium,0.03397895605273412,0.3688856213583493
2022-11-16,0.04857042871701049,0.1353948559547509,0.2314115528237302,0.30801259025017635,0.29943777267651567,0.2317368487029285,0.18400914719455277,0.2385395708336215,0.2524915156862142,medium,0.12901349914844898,0.435924241053959
2022-11-17,0.07207739593241552,0.12110486784139007,0.21837417475602,0.30801259025017635,0.291827319255818,0.2317368487029285,0.18400914719455277,0.2385395708336215,0.2524915156862142,medium,0.12521636705030972,0.42232709121722933
2022-11-18,0.05772381435389677,0.04857042871701049,0.21210369190168119,0.13226223260633305,0.2831871084653046,0.1854889655679867,0.1539302736059161,0.19655326120036135,0.21672068752006388,medium,0.11800659516540209,0.3871017139415422
2022-11-21,0.21362293824580156,0.07207739593241552,0.21026646956554176,0.13226223260633305,0.2751271545252261,0.1854889655679867,0.1539302736059161,0.19655326120036135,0.21672068752006388,high,0.07935572113792741,0.36281078865838406
2022-11-22,0.10003594031191887,0.05772381435389677,0.20683976122182451,0.1146359351785956,0.26712015351210877,0.14870992689616686,0.12633357368822828,0.16162005337141966,0.1812937513579674,medium,0.0364419906710029,0.34636359457687155
2022-11-23,0.0035525017250284487,0.21362293824580156,0.1990147816170052,0.1146359351785956,0.2642159560137858,0.14870992689616686,0.12633357368822828,0.16162005337141966,0.1812937513579674,low,0.05457513727071716,0.31683255277055167
2022-11-25,0.25330741968100523,0.10003594031191887,0.19473243850806957,0.12474612167994807,0.2573361585335171,0.1373559713937874,0.11185585837857279,0.1482260465960156,0.12647064035812908,high,0.00816766824185282,0.3539319700742345
2022-11-28,0.02726395311214279,0.0035525017250284487,0.1833715000795021,0.12474612167994807,0.24949817994440474,0.1373559713937874,0.11185585837857279,0.1482260465960156,0.12647064035812908,low,1e-08,0.3469999740355617
2022-11-29,0.5000551164198386,0.25330741968100523,0.1894491619938183,0.14872051768097674,0.24972837287693858,0.13796518554387735,0.14132270331659064,0.14515079530569758,0.1531690423575564,high,0.0027215978409523005,0.31758186122577425
2022-11-30,0.011681831258774642,0.02726395311214279,0.18683520179138008,0.14872051768097674,0.2422127246759252,0.13796518554387735,0.14132270331659064,0.14515079530569758,0.1531690423575564,low,0.03334419273799517,0.3195123180452527
2022-12-01,0.018315138022558006,0.5000551164198386,0.1923983436918439,0.20634586946535974,0.26485900196651596,0.19707386814419273,0.15446317631848203,0.19776833559286494,0.14925179164577432,low,0.024544606419121824,0.3733779185568104
2022-12-02,0.2855693366263681,0.011681831258774642,0.18771718065686194,0.20634586946535974,0.256806272077281,0.19707386814419273,0.15446317631848203,0.19776833559286494,0.14925179164577432,high,0.02566394404784951,0.37075103706981777
2022-12-05,0.2288293052186665,0.018315138022558006,0.18539227860877217,0.2003985472415515,0.24902333294770548,0.15613491903337048,0.12413123546261329,0.16113682057632667,0.19319562569294002,high,0.05837623868524572,0.40547430023875897
2022-12-06,0.027004475447003736,0.2855693366263681,0.1802640793971432,0.2003985472415515,0.25136597600414057,0.15613491903337048,0.12413123546261329,0.16113682057632667,0.19319562569294002,low,0.07396478874317951,0.3433115225189892
2022-12-07,0.12435943476387386,0.2288293052186665,0.18323547488113673,0.21514101328528812,0.25007105733086105,0.16643045990608868,0.17569159246020363,0.17024444402999966,0.20552207195060987,high,0.09139362349971954,0.38019261264782456
2022-12-08,0.11858565853674813,0.027004475447003736,0.17407727498615444,0.21514101328528812,0.24254310172286977,0.16643045990608868,0.17569159246020363,0.17024444402999966,0.20552207195060987,medium,0.06678282362042248,0.3877137126918164
2022-12-09,0.22886571032848366,0.12435943476387386,0.17282762666115145,0.15600405241101162,0.2371190480805723,0.1388479083911857,0.14263462908274466,0.14451585529073474,0.15086038856379919,high,0.026254981697497414,0.36620328865751156
2022-12-12,0.12016609068445763,0.11858565853674813,0.17432495510641535,0.15600405241101162,0.23172326143379346,0.1388479083911857,0.14263462908274466,0.14451585529073474,0.15086038856379919,medium,1e-08,0.28550476136605335
2022-12-13,0.10149353058243094,0.22886571032848366,0.1698622924478362,0.15051513721496673,0.2315528028290589,0.13849874436605733,0.13201958371288397,0.14279353896302058,0.1690249092579069,medium,0.051146261639516424,0.3650176171751032
2022-12-14,0.3883177599166502,0.12016609068445763,0.13567126986136918,0.15051513721496673,0.2264201665690063,0.13849874436605733,0.13201958371288397,0.14279353896302058,0.1690249092579069,high,0.02234326199101169,0.47313693564274234
2022-12-15,0.18741551261033856,0.10149353058243094,0.13330092283426914,0.12131230101684926,0.22092573984122713,0.12138571626716077,0.11750838786220606,0.12613576719213887,0.22788952386358982,high,0.07519316454479795,0.3725804732301544
2022-12-16,0.13460769913918513,0.3883177599166502,0.14481352289460067,0.12131230101684926,0.2343653825395958,0.12138571626716077,0.11750838786220606,0.12613576719213887,0.22788952386358982,high,0.11068497236757747,0.3923474079342314
2022-12-19,0.021722216246464938,0.18741551261033856,0.14717809819712738,0.17200850997418907,0.2318166927617055,0.16046668955915797,0.19022120495903364,0.16229478772301262,0.24828904365619883,low,0.10451461893181824,0.4006036616372375
2022-12-20,0.23736026507715824,0.13460769913918513,0.14779186325611804,0.17200850997418907,0.22716028319327564,0.16046668955915797,0.19022120495903364,0.16229478772301262,0.24828904365619883,high,0.1336520233295054,0.42228507113924446
2022-12-21,0.22646700067410777,0.021722216246464938,0.14657148996200237,0.15895699494358037,0.22030433015613135,0.13410712358108304,0.1587769807485772,0.13840202918242747,0.1825812407280428,high,0.07313089216289345,0.3852668401289084
2022-12-22,0.0913164422022905,0.23736026507715824,0.15408434765039974,0.15895699494358037,0.221364748184211,0.13410712358108304,0.1587769807485772,0.13840202918242747,0.1825812407280428,medium,0.0486283964194457,0.3532050222126265
2022-12-23,0.06260146092811428,0.22646700067410777,0.1617544924831366,0.14737046102228157,0.22167419511075073,0.14732866661247293,0.16446883107589833,0.15002318301794546,0.20852623005266502,medium,0.05204966052749865,0.44668888604841256
2022-12-27,0.19728884743379393,0.0913164422022905,0.15619510629934066,0.14737046102228157,0.21608193679321808,0.14732866661247293,0.16446883107589833,0.15002318301794546,0.20852623005266502,high,0.0744466691170428,0.422743762307503
2022-12-28,0.28574777743811414,0.06260146092811428,0.15449353905462226,0.13203557419249823,0.21005964814411607,0.12304215582316917,0.1354791565125539,0.12744757157542674,0.21999752006934853,high,0.06253979670203345,0.3665338702648728
2022-12-29,0.0418167645629588,0.19728884743379393,0.16329973658683888,0.13203557419249823,0.2093153739958662,0.12304215582316917,0.1354791565125539,0.12744757157542674,0.21999752006934853,low,0.09600385976246309,0.4100994674859937
2022-12-30,0.06682929487758951,0.28574777743811414,0.1647742983030711,0.15476399876358202,0.21467011385429716,0.14741381933673167,0.14426669029067177,0.14892283876167933,0.14515169889845778,medium,0.0335729660927949,0.28807477902769296
2023-01-03,0.12255531799269939,0.0418167645629588,0.16543578973265366,0.15476399876358202,0.20838229488897256,0.14741381933673167,0.14426669029067177,0.14892283876167933,0.14515169889845778,medium,1e-08,0.30047762476745765
2023-01-04,0.18118085987636523,0.06682929487758951,0.1457437069352787,0.13046403718691452,0.20269622407196733,0.12124552543601362,0.12113183947824452,0.12491119407442677,0.16174244453973577,high,0.018342233939270428,0.3283069928080695
2023-01-05,0.36403166015888555,0.12255531799269939,0.1507834108777298,0.13046403718691452,0.19880091060140717,0.12124552543601362,0.12113183947824452,0.12491119407442677,0.16174244453973577,high,0.024208896710297412,0.30834663891578723
2023-01-06,0.00899804903975354,0.18118085987636523,0.15818639823472105,0.13388604617925773,0.19778797782404298,0.12040091014827987,0.12681239854769963,0.12311850928242386,0.16899937543457183,low,0.033336320908277504,0.35356461766129144
2023-01-09,0.11133029660214598,0.36403166015888555,0.16175286748619913,0.13388604617925773,0.2114805477988525,0.12040091014827987,0.12681239854769963,0.12311850928242386,0.16899937543457183,medium,0.040166301532127364,0.35883923687126823
2023-01-10,0.2007733002518772,0.00899804903975354,0.1517605376598849,0.14879789694790446,0.205049844341945,0.14279567107453875,0.12294221672982703,0.14445444175729125,0.1525868727279775,high,0.01850546109042356,0.3570479879264786
2023-01-11,0.05779726570141089,0.11133029660214598,0.15559352953057318,0.14879789694790446,0.20066484106905183,0.14279567107453875,0.12294221672982703,0.14445444175729125,0.1525868727279775,medium,0.022433785741481856,0.3537294158700727
2023-01-12,0.06158369328918982,0.2007733002518772,0.15906688705275515,0.15937025222555629,0.20067135027311095,0.13587634423615808,0.110948638334545,0.13808974117927333,0.16376467848295803,medium,0.051914300066638795,0.36618571359630536
2023-01-13,0.02907945087375245,0.05779726570141089,0.15630377828751255,0.15937025222555629,0.19507250653682887,0.13587634423615808,0.110948638334545,0.13808974117927333,0.16376467848295803,low,0.039931915861464946,0.38653225441922034
2023-01-17,0.2506265873444995,0.06158369328918982,0.1487000502402719,0.10228170645030922,0.18973043750256754,0.11350630449307397,0.0938639475862582,0.11715144883928826,0.12369621011698034,high,1e-08,0.272666981995304
2023-01-18,0.11556461144035692,0.02907945087375245,0.14455974843069438,0.10228170645030922,0.18408834142282854,0.11350630449307397,0.0938639475862582,0.11715144883928826,0.12369621011698034,medium,1e-08,0.2790377883753575
2023-01-19,0.2957301345121128,0.2506265873444995,0.15133852373806114,0.12569628207170677,0.18874328485531985,0.12365547374565207,0.13078760758893174,0.12518981448012376,0.17023814359801887,high,0.04744257320975735,0.41639633835560824
2023-01-20,0.19047093320470138,0.11556461144035692,0.1389406533527751,0.12569628207170677,0.1851699130213639,0.12365547374565207,0.13078760758893174,0.12518981448012376,0.17023814359801887,high,0.050585901497850756,0.34417537715278435
2023-01-23,0.017038801136813515,0.2957301345121128,0.1438640452574012,0.1424045191683854,0.19359235944259848,0.14173405756577148,0.12947546880589708,0.14200702779715424,0.13937905161836434,low,0.0056934694924641645,0.3153177418444631
2023-01-24,0.0059512996754381405,0.19047093320470138,0.14640328316947013,0.1424045191683854,0.19340649451409667,0.14173405756577148,0.12947546880589708,0.14200702779715424,0.13937905161836434,low,0.0027179005209022507,0.34441712858984264
2023-01-25,0.1744643805735521,0.017038801136813515,0.14619040066448596,0.151408899591311,0.18756099551257507,0.12717564351503996,0.11203840142016509,0.12909569503752302,0.12619720131237402,high,1e-08,0.2727592373863742
2023-01-26,0.036475030527107294,0.0059512996754381405,0.13567181132804415,0.151408899591311,0.18185297493711156,0.12717564351503996,0.11203840142016509,0.12909569503752302,0.12619720131237402,low,1e-08,0.29845362653513674
2023-01-27,0.19917366702100764,0.1744643805735521,0.133308055868928,0.13601736452384336,0.18141814525896757,0.11818056592320984,0.10010013615674213,0.1201062653946169,0.14247005007419306,high,0.006717266961352514,0.3091967196056893
2023-01-30,0.23340746043972838,0.036475030527107294,0.13081526442914693,0.13601736452384336,0.17611818899412074,0.11818056592320984,0.10010013615674213,0.1201062653946169,0.14247005007419306,high,0.00796920701480717,0.31236860347284323
2023-01-31,0.16871035657497024,0.19917366702100764,0.1370230919788239,0.10618973254631779,0.1775859467496525,0.11647580484914853,0.1168412050092717,0.11786576415796227,0.1439505701546186,high,0.020058164201079396,0.3198701138163893
2023-02-01,0.23108650558430038,0.23340746043972838,0.13866484711545726,0.10618973254631779,0.18142024398982487,0.11647580484914853,0.1168412050092717,0.11786576415796227,0.1439505701546186,high,1e-08,0.2834830381885204
2023-02-02,0.16873502849632696,0.16871035657497024,0.1333449643489507,0.13571441948058188,0.18068286498311661,0.1273441033743805,0.11104370934968791,0.12824558579445805,0.14251885500299616,high,1e-08,0.3118614232349176
2023-02-03,0.09701453758366516,0.23108650558430038,0.14194813439537535,0.13571441948058188,0.18409665456055005,0.1273441033743805,0.11104370934968791,0.12824558579445805,0.14251885500299616,medium,1e-08,0.2976239874229858
2023-02-06,0.2076181993294384,0.16873502849632696,0.14658021319622705,0.15258229704746776,0.1832112827247893,0.133457977865518,0.1223040709114994,0.1343982794866839,0.17177312154541513,high,0.040069097865664025,0.372948426671516
2023-02-07,0.17358405355393688,0.09701453758366516,0.14541926863218005,0.15258229704746776,0.1792124462774761,0.133457977865518,0.1223040709114994,0.1343982794866839,0.17177312154541513,high,0.04697524532710241,0.3831504634500522
2023-02-08,0.13762010730659502,0.2076181993294384,0.146620965880047,0.14025605294599608,0.1810425194485531,0.12992109980655267,0.11496871501466607,0.13120981249286284,0.18630853079669574,high,0.04545612905847822,0.376100600700093
2023-02-09,0.0370499171779613,0.17358405355393688,0.13796425648891297,0.14025605294599608,0.18060369773699514,0.12992109980655267,0.11496871501466607,0.13120981249286284,0.18630853079669574,low,0.05243690599293554,0.33636379644605824
2023-02-10,0.18634775558912717,0.13762010730659502,0.14381071368286033,0.1271912700836646,0.17831710948252857,0.12478596071570805,0.12654581361774014,0.12644296983301997,0.17514549353210318,high,0.0741304137074153,0.3056613792203041
2023-02-13,0.007304261400995023,0.0370499171779613,0.14043433279994283,0.1271912700836646,0.17312288648219062,0.12478596071570805,0.12654581361774014,0.12644296983301997,0.17514549353210318,low,0.05050956792683382,0.344303399077766
2023-02-14,0.0515489361417555,0.18634775558912717,0.13977862622436327,0.12623268063377502,0.1739447353479726,0.11899179354825248,0.11201477322678191,0.12051275905139906,0.1415911123653756,medium,0.01036439146901771,0.30161670610093
2023-02-15,0.21857283360363908,0.007304261400995023,0.13748348966525348,0.12623268063377502,0.1686551684118708,0.11899179354825248,0.11201477322678191,0.12051275905139906,0.1415911123653756,high,0.01804084189345381,0.24331621032894823
2023-02-16,0.039656316082860556,0.0515489361417555,0.1370273643403701,0.0972404807929018,0.1640040531546557,0.10072126693334307,0.09502131760608039,0.1025313360824278,0.1366273530069822,low,1e-08,0.29209012711489324
2023-02-17,0.3184582445815742,0.21857283360363908,0.1456406999190013,0.0972404807929018,0.16777942275337956,0.10072126693334307,0.09502131760608039,0.1025313360824278,0.1366273530069822,high,0.001845019627887778,0.2690285794860689
2023-02-21,0.02187706075936297,0.039656316082860556,0.13605114213438135,0.11017844318852169,0.1629579578351596,0.10519884194721632,0.11345592077331536,0.10637407048609555,0.14660636985705222,low,0.017313584494578295,0.3103109840421659
2023-02-22,0.08444125250376695,0.3184582445815742,0.1452735800044367,0.11017844318852169,0.1762013549125431,0.10519884194721632,0.11345592077331536,0.10637407048609555,0.14660636985705222,medium,0.015521623270220037,0.3347532875541076
2023-02-23,0.16957562670299317,0.02187706075936297,0.13282571301567533,0.13441016591817764,0.17091757888492087,0.12444219360050146,0.14760081461578375,0.12518471995605143,0.1457602322547607,high,1e-08,0.32188544304206396
2023-02-24,0.05406386095566306,0.08444125250376695,0.12800618207472378,0.13441016591817764,0.16699661419631973,0.12444219360050146,0.14760081461578375,0.12518471995605143,0.1457602322547607,medium,0.0010056905519479852,0.3020266285524854
2023-02-27,0.058669189348285876,0.16957562670299317,0.13493967414591376,0.12947473968376214,0.1671524770805242,0.1180704043617745,0.13956625914221624,0.11899619534978068,0.14560919626346383,medium,1e-08,0.34159011473198986
2023-02-28,0.06089541621430774,0.05406386095566306,0.13712660874956034,0.12947473968376214,0.1626005154425774,0.1180704043617745,0.13956625914221624,0.11899619534978068,0.14560919626346383,medium,0.028557828000420823,0.3177007576565334
2023-03-01,0.1234619422699641,0.058669189348285876,0.13186319096659369,0.08792715164222807,0.1583007150697287,0.10157289608456992,0.11805738806370251,0.10292737558571224,0.13830694346142583,high,0.01073307410817247,0.3612739926991769
2023-03-02,0.25459147668315624,0.06089541621430774,0.13297320849783006,0.08792715164222807,0.15420137648882065,0.10157289608456992,0.11805738806370251,0.10292737558571224,0.13830694346142583,high,0.02900512341963306,0.34178761326630797
2023-03-03,0.010999929841264383,0.1234619422699641,0.12953176646369172,0.09327481624035901,0.1525318055742097,0.09579252254660969,0.1042624454823844,0.09661749881613635,0.1071705456342817,low,1e-08,0.28449392706756504
2023-03-06,0.24333767349916985,0.25459147668315624,0.13049467629293846,0.09327481624035901,0.16049611773811667,0.09579252254660969,0.1042624454823844,0.09661749881613635,0.1071705456342817,high,1e-08,0.2477531275343265
2023-03-07,0.025907595280466624,0.010999929841264383,0.12332602053231546,0.1083952429058822,0.1556300854200682,0.10753071095418543,0.0993147139885029,0.10786831406246541,0.13216625837829565,low,1e-08,0.2937296863781889
2023-03-08,0.29288257390890154,0.24333767349916985,0.12388289180117316,0.1083952429058822,0.16223524117535493,0.10753071095418543,0.0993147139885029,0.10786831406246541,0.13216625837829565,high,0.02354785572179948,0.3463397496057013
2023-03-09,0.22906038059586345,0.025907595280466624,0.11739073574590679,0.12714008276832722,0.1574208667237766,0.11267722903039153,0.12057769323124544,0.11309481784034423,0.1697992151532282,high,0.02464111040052274,0.31677031365691966
2023-03-10,0.0226242312611208,0.29288257390890154,0.1262938283061448,0.12714008276832722,0.16864537245128108,0.11267722903039153,0.12057769323124544,0.11309481784034423,0.1697992151532282,low,0.03585780988378498,0.3155887676807597
2023-03-13,0.2624062361612853,0.22906038059586345,0.1272684729091641,0.14688486184600533,0.17286672735897082,0.1420590456923313,0.1698444493782855,0.14205936694904256,0.22392238499868986,high,0.08514724637304696,0.4029232805799399
2023-03-14,0.09928440128321847,0.0226242312611208,0.1204066628049452,0.14688486184600533,0.16769210611278668,0.1420590456923313,0.1698444493782855,0.14205936694904256,0.22392238499868986,medium,0.09175439281562822,0.35113274116561016
2023-03-15,0.2785184033963572,0.2624062361612853,0.1260787595710675,0.15012999760355128,0.17482798938376404,0.14193949116526722,0.14818414560967721,0.1426278104633673,0.21408119882823431,high,0.09593664801922219,0.4197251665891174
2023-03-16,0.18561068403578826,0.09928440128321847,0.12890759975767008,0.15012999760355128,0.17123778747677562,0.14193949116526722,0.14818414560967721,0.1426278104633673,0.21408119882823431,high,0.08320946749492518,0.4035387744952981
2023-03-17,0.1526406158172423,0.2785184033963572,0.13309717465799872,0.15200061766757658,0.17949202525508548,0.14698311452341864,0.138296471864997,0.1478335575456227,0.1904550462001229,high,0.06389877355599699,0.3608360726216012
2023-03-20,0.20844038655108912,0.18561068403578826,0.14120201205048935,0.15200061766757658,0.17986501456385537,0.14698311452341864,0.138296471864997,0.1478335575456227,0.1904550462001229,high,0.045335046103129606,0.4051932575915445
2023-03-21,0.27060364036011614,0.1526406158172423,0.14579708839937508,0.15593361006923342,0.17834878051737993,0.13890804857195954,0.13504407335096233,0.14054465504555533,0.15411931630011802,high,1e-08,0.3267300668952993
2023-03-22,0.04291416602953882,0.20844038655108912,0.1453365226242592,0.15593361006923342,0.18029596209024876,0.13890804857195954,0.13504407335096233,0.14054465504555533,0.15411931630011802,low,0.034612710038923154,0.29273611632841995
2023-03-23,0.10416961275929396,0.27060364036011614,0.15583412827322535,0.1671083562094255,0.1869486980961738,0.1522634499518116,0.15848681996532715,0.15348440048864978,0.19930861491648516,medium,0.06508418740399421,0.40852165745754204
2023-03-24,0.02968283878900298,0.04291416602953882,0.14330939742995102,0.1671083562094255,0.18155804668321293,0.1522634499518116,0.15848681996532715,0.15348440048864978,0.19930861491648516,low,0.06266988061969016,0.3715650401392479
2023-03-27,0.03563190418382144,0.10416961275929396,0.14704996797540243,0.1376881918352531,0.17786681351461708,0.12914155394855703,0.13205172007051016,0.13177577245024544,0.174489954363415,low,0.041113997438014145,0.3301693960032764
2023-03-28,0.23073304206291306,0.02968283878900298,0.14456094917018586,0.1376881918352531,0.17260148146515836,0.12914155394855703,0.13205172007051016,0.13177577245024544,0.174489954363415,high,0.0065594950324881374,0.33013156537449173
2023-03-29,0.09295006192644734,0.03563190418382144,0.13847259814658716,0.11386628796590736,0.16757080018748868,0.10814425253678885,0.11110659592686117,0.11143723236683951,0.13260874035286035,medium,0.006257390593078427,0.27506394815754803
2023-03-30,0.22374537987199716,0.23073304206291306,0.14650301546964398,0.11386628796590736,0.1720158100086242,0.10814425253678885,0.11110659592686117,0.11143723236683951,0.13260874035286035,high,0.0016872375588874063,0.3446130604403174
2023-03-31,0.0604915034027469,0.09295006192644734,0.1480612369504695,0.10939464113391119,0.1683224744354584,0.11437125234864481,0.1041797849344275,0.11648139850941507,0.08342251826845269,medium,1e-08,0.23847581973965046
2023-04-03,0.08807503949838574,0.22374537987199716,0.15546350802581904,0.10939464113391119,0.17215175798380583,0.11437125234864481,0.1041797849344275,0.11648139850941507,0.08342251826845269,medium,1e-08,0.21522098262461828
2023-04-04,0.0415644781499142,0.0604915034027469,0.15260121535003643,0.12774726523316116,0.16756374139215036,0.11521638180729638,0.0983492734654461,0.11698101059461535,0.11421784113436978,low,1e-08,0.344068695451954
2023-04-05,0.06192433305098669,0.08807503949838574,0.1450322863870923,0.12774726523316116,0.16388527614930468,0.11521638180729638,0.0983492734654461,0.11698101059461535,0.11421784113436978,medium,1e-08,0.3228719077550236
2023-04-06,0.016294136001774016,0.0415644781499142,0.14642158403748548,0.10790845197994876,0.15921851985511704,0.10055163574459627,0.091174908262142,0.10261229012982861,0.11179835304904738,low,1e-08,0.2753801794810968
2023-04-10,0.004266003745866052,0.06192433305098669,0.1381755231080226,0.10790845197994876,0.1551115154409614,0.10055163574459627,0.091174908262142,0.10261229012982861,0.11179835304904738,low,1e-08,0.25303236090085507
2023-04-11,0.06470763405039444,0.016294136001774016,0.13773854768626384,0.07233459440130013,0.15043914790083987,0.0877414707848159,0.08010343015660581,0.08937452248482203,0.10305138800671367,medium,1e-08,0.3138536887777739
2023-04-12,0.210853649860423,0.004266003745866052,0.12461961267885316,0.07233459440130013,0.1458599085257512,0.0877414707848159,0.08010343015660581,0.08937452248482203,0.10305138800671367,high,1e-08,0.2823525312034112
2023-04-13,0.03877345582500097,0.06470763405039444,0.11714903329042275,0.05950152882374774,0.14230190024906927,0.07871980915287494,0.07525839278064209,0.07933367876268821,0.08772314059475061,low,1e-08,0.24915648422418388
2023-04-14,0.056960593766506175,0.210853649860423,0.12570491595402739,0.05950152882374774,0.1473173332136922,0.07871980915287494,0.07525839278064209,0.07933367876268821,0.08772314059475061,medium,1e-08,0.24352137811730393
2023-04-17,0.010355818570796144,0.03877345582500097,0.11553978957510536,0.0897509867839088,0.1431448766735267,0.09117516785635459,0.0784670637558799,0.09073682330368078,0.08382185010893756,low,1e-08,0.2382105809533882
2023-04-18,0.002684802075277179,0.056960593766506175,0.11361598014252755,0.0897509867839088,0.13948368696496516,0.09117516785635459,0.0784670637558799,0.09073682330368078,0.08382185010893756,low,1e-08,0.2582121457650219
2023-04-19,0.08662595247070914,0.010355818570796144,0.10142677174136568,0.08820250093179811,0.13525824031191686,0.08054813086866171,0.07061440700602616,0.0798976354078227,0.09180875616965731,medium,1e-08,0.31510010982317627
2023-04-20,0.012333905684011347,0.002684802075277179,0.0931119589249788,0.08820250093179811,0.13113937840202947,0.08054813086866171,0.07061440700602616,0.0798976354078227,0.09180875616965731,low,1e-08,0.2946787377271023
2023-04-21,0.016558643144639264,0.08662595247070914,0.0901112924092273,0.05592640141880893,0.1289027839579033,0.07589691226235154,0.0726082006377481,0.07451051030524769,0.08554783777554435,low,1e-08,0.2998886613253743
2023-04-24,0.2519883802426202,0.012333905684011347,0.08119736146072376,0.05592640141880893,0.1250123976377437,0.07589691226235154,0.0726082006377481,0.07451051030524769,0.08554783777554435,high,1e-08,0.24758924933708687
2023-04-25,0.06724023217573842,0.016558643144639264,0.06964986158729301,0.04531668626852488,0.12127186363339432,0.06808736271378324,0.06580001733940352,0.06596227871801057,0.09690313253656282,medium,1e-08,0.2570295171634166
2023-04-26,0.31603054540362546,0.2519883802426202,0.07915323496061488,0.04531668626852488,0.13279435846905377,0.06808736271378324,0.06580001733940352,0.06596227871801057,0.09690313253656282,high,1e-08,0.2809337742789474
2023-04-27,0.13549129576476068,0.06724023217573842,0.07747462675227144,0.09355514522109358,0.12979813585763833,0.0946674812372256,0.11005599447030054,0.09252895564280514,0.08302761904836663,high,1e-08,0.21017999465808276
2023-04-28,0.016027674922018988,0.31603054540362546,0.09049043159839064,0.09355514522109358,0.14774715241072378,0.0946674812372256,0.11005599447030054,0.09252895564280514,0.08302761904836663,low,1e-08,0.2784395610272678
2023-05-01,0.1784175186522979,0.13549129576476068,0.09502949485206971,0.13688116026403088,0.14704061090878878,0.12505934720458486,0.11111630034940315,0.12360909142107165,0.09492253573054303,high,1e-08,0.30879195151557237
2023-05-02,0.10896287026303925,0.016027674922018988,0.08527015998202908,0.13688116026403088,0.14261520943731204,0.12505934720458486,0.11111630034940315,0.12360909142107165,0.09492253573054303,medium,1e-08,0.2942471428164625
2023-05-03,0.1124402613993409,0.1784175186522979,0.08915504437865863,0.12585903351829478,0.14501282958000666,0.11760001723844415,0.11743891891464382,0.11707960890781534,0.1581365795729162,medium,0.03395639320720959,0.34675124068894575
2023-05-04,0.2938801599437224,0.10896287026303925,0.08393765757825146,0.12585903351829478,0.14310615613588973,0.11760001723844415,0.11743891891464382,0.11707960890781534,0.1581365795729162,high,0.013888655783884247,0.34580120461018216
2023-05-05,0.004231120861244888,0.1124402613993409,0.08629896475991482,0.09565253131133118,0.14145380288830484,0.10854902285255237,0.11489591385734566,0.10862966321692506,0.13280981699915306,low,0.0017795057071399024,0.29641090071980697
2023-05-08,0.06961437263976292,0.2938801599437224,0.09565374296197558,0.09565253131133118,0.15488886517429995,0.10854902285255237,0.11489591385734566,0.10862966321692506,0.13280981699915306,medium,0.034107643923547065,0.29049567385787994
2023-05-09,0.07416839650670302,0.004231120861244888,0.09395677217612698,0.12521349944629476,0.15017390274181486,0.12146064504179988,0.10926794898127316,0.12178394532376512,0.11770669722657488,medium,1e-08,0.280421913137937
2023-05-10,0.027681518882362848,0.06961437263976292,0.09430631943016227,0.12521349944629476,0.14659412898717072,0.12146064504179988,0.10926794898127316,0.12178394532376512,0.11770669722657488,low,1e-08,0.2788977390580832
2023-05-11,0.020801375051101512,0.07416839650670302,0.09693696763493177,0.11338521144769896,0.14328470049771308,0.10592858652539076,0.0971388836497388,0.10682008337985427,0.11173801966726844,low,1e-08,0.3317388955581111
2023-05-12,0.054766835767470524,0.027681518882362848,0.09800130923204525,0.11338521144769896,0.1390850497435805,0.10592858652539076,0.0971388836497388,0.10682008337985427,0.11173801966726844,medium,1e-08,0.2839682885638826
2023-05-15,0.10608173586790176,0.020801375051101512,0.09600557018662284,0.05899723321339717,0.13494418783587825,0.09068248451774048,0.08487483347780093,0.09165098393194751,0.11812651983921366,medium,1e-08,0.2739247573617669
2023-05-16,0.19269900601649168,0.054766835767470524,0.08891071500057955,0.05899723321339717,0.13151920840258496,0.09068248451774048,0.08487483347780093,0.09165098393194751,0.11812651983921366,high,1e-08,0.2357614994573519
2023-05-17,0.15291968130767208,0.10608173586790176,0.09197018227525686,0.0663395990587533,0.1301332552777992,0.08629582028482816,0.08597278498093197,0.08641818416295372,0.09986663263276618,high,1e-08,0.2884811633115552
2023-05-18,0.02309694241353618,0.19269900601649168,0.09814011010480166,0.0663395990587533,0.1347091633729112,0.08629582028482816,0.08597278498093197,0.08641818416295372,0.09986663263276618,low,1e-08,0.23931382270236204
2023-05-19,0.006445877019384837,0.15291968130767208,0.10462028568375058,0.10017355647909537,0.135870640355841,0.10279176575184147,0.08732100338893903,0.10213147158061871,0.09037356295995455,low,1e-08,0.20766837941718355
2023-05-22,0.1781549568053582,0.02309694241353618,0.10554811024458051,0.10017355647909537,0.1318529073664861,0.10279176575184147,0.08732100338893903,0.10213147158061871,0.09037356295995455,high,1e-08,0.27066997374046403
2023-05-23,0.11500702934010765,0.006445877019384837,0.10190356136042941,0.09915693672892795,0.12784588687153137,0.08800822633181489,0.07699615988594252,0.08754229058610118,0.11653108812696017,medium,1e-08,0.27064471412817637
2023-05-24,0.1374718178612372,0.1781549568053582,0.10944088186594518,0.09915693672892795,0.1314087054217849,0.08800822633181489,0.07699615988594252,0.08754229058610118,0.11653108812696017,high,1e-08,0.3062889550231302
2023-05-25,0.2055852521678651,0.11500702934010765,0.11391580851119375,0.09894892872062931,0.13048275746952104,0.0971065265715413,0.10342878269806569,0.09619495475675556,0.09622336393446076,high,1e-08,0.27786048860619916
2023-05-26,0.006046838442043224,0.1374718178612372,0.10871051022113089,0.09894892872062931,0.13091262368237547,0.0971065265715413,0.10342878269806569,0.09619495475675556,0.09622336393446076,low,1e-08,0.2468985626699497
2023-05-30,0.08802737433865225,0.2055852521678651,0.11499892022077299,0.11374344615436105,0.1365494265516137,0.11055206276821544,0.09953322598253765,0.10933591247333087,0.10395346357796614,medium,1e-08,0.2794826992969433
2023-05-31,0.1508247148915485,0.006046838442043224,0.10090875172251926,0.11374344615436105,0.13239786627203898,0.11055206276821544,0.09953322598253765,0.10933591247333087,0.10395346357796614,high,1e-08,0.2842953177881854
2023-06-01,0.22956194828909915,0.08802737433865225,0.09875130074860525,0.10003618909299772,0.13016286879046124,0.09720549013164438,0.09226992169465345,0.09656692180820337,0.1089900475353218,high,1e-08,0.30121173574914645
2023-06-02,0.03041719324994074,0.1508247148915485,0.10487843892903839,0.10003618909299772,0.13149416619905263,0.09720549013164438,0.09226992169465345,0.09656692180820337,0.1089900475353218,low,1e-08,0.24387382053155693
2023-06-05,0.034565716761404186,0.22956194828909915,0.10720318573071119,0.11765981527117421,0.13933841568590571,0.11579055357843882,0.0946754849053704,0.11475131280109876,0.08638876920735603,low,1e-08,0.26206631550935466
2023-06-06,0.05488977127859008,0.03041719324994074,0.10363292768466126,0.11765981527117421,0.13529890901045366,0.11579055357843882,0.0946754849053704,0.11475131280109876,0.08638876920735603,medium,1e-08,0.24474593564134525
2023-06-07,0.09601891387811007,0.034565716761404186,0.10009317565566414,0.10261066467014522,0.1314501214117646,0.09863795462019895,0.0831835976523432,0.09845205212235865,0.10739322864982447,medium,1e-08,0.24246570946747772
2023-06-08,0.028484906578834984,0.05488977127859008,0.08922997617088539,0.10261066467014522,0.12815287579090273,0.09863795462019895,0.0831835976523432,0.09845205212235865,0.10739322864982447,low,1e-08,0.3128371825101234
2023-06-09,0.14400795080404044,0.09601891387811007,0.0934021485807429,0.09078776002284634,0.12645531981063413,0.09085045913112748,0.07836327821107894,0.0905614137474857,0.09435540748850889,high,1e-08,0.2611775165331228
2023-06-12,0.10465913217453147,0.028484906578834984,0.09153262739615525,0.09078776002284634,0.12280136167027408,0.09085045913112748,0.07836327821107894,0.0905614137474857,0.09435540748850889,medium,1e-08,0.24084726074229978
2023-06-13,0.018904194054756154,0.14400795080404044,0.09470715259148878,0.07362568432584359,0.12417592905259775,0.0905221094496291,0.075562815965722,0.08967279014401647,0.07849086912011573,low,1e-08,0.23987799505148108
2023-06-14,0.19680758413780244,0.10465913217453147,0.0982061350138601,0.07362568432584359,0.12309221629153813,0.0905221094496291,0.075562815965722,0.08967279014401647,0.07849086912011573,high,1e-08,0.2813608506775607
2023-06-15,0.05407241716009767,0.018904194054756154,0.09811989951402621,0.07915762408061702,0.11943213220084714,0.08401750138986054,0.07069728730934938,0.08293397100445633,0.08153141924435894,medium,1e-08,0.2304551472085095
2023-06-16,0.08235996259475135,0.19680758413780244,0.10457629716722311,0.07915762408061702,0.12542800987166974,0.08401750138986054,0.07069728730934938,0.08293397100445633,0.08153141924435894,medium,1e-08,0.26072448550280936
2023-06-20,0.08133704300150384,0.05407241716009767,0.10221223722595929,0.096407193866792,0.1223261382477096,0.09251569281127302,0.07594031189446586,0.09115072408662736,0.10892321906008924,medium,1e-08,0.3196613154481361
2023-06-21,0.057302731085889645,0.08235996259475135,0.09719682616133472,0.096407193866792,0.12030317061074669,0.09251569281127302,0.07594031189446586,0.09115072408662736,0.10892321906008924,medium,1e-08,0.34385700045179635
2023-06-22,0.12000966300945208,0.08133704300150384,0.09394306987469073,0.0852571967726806,0.11832761537913383,0.08690653866236625,0.08077585664489251,0.08542432290282309,0.10792489747656886,medium,1e-08,0.2695069318472078
2023-06-23,0.06486034769112407,0.057302731085889645,0.09549787845070679,0.0852571967726806,0.11557835120396727,0.08690653866236625,0.08077585664489251,0.08542432290282309,0.10792489747656886,medium,1e-08,0.2976329394190677
2023-06-26,0.17403632466265728,0.12000966300945208,0.10065986872298255,0.0734553588798985,0.11584900993942279,0.08571564412833234,0.08633989564381774,0.08386415251664323,0.10832979104150792,high,1e-08,0.32143830061929657
2023-06-27,0.00800810739980706,0.06486034769112407,0.09551011376324464,0.0734553588798985,0.11343784818068713,0.08571564412833234,0.08633989564381774,0.08386415251664323,0.10832979104150792,low,1e-08,0.24707800305664876
2023-06-28,0.06256713655864496,0.17403632466265728,0.09819326355063328,0.08676719179697569,0.11795497112880787,0.093311637825772,0.08584483360511486,0.09110823942022396,0.08181013052631277,medium,1e-08,0.26356416463517274
2023-06-29,0.187329718457006,0.00800810739980706,0.0923085494387501,0.08676719179697569,0.11437840918724841,0.093311637825772,0.08584483360511486,0.09110823942022396,0.08181013052631277,high,1e-08,0.2485365037579805
2023-06-30,0.018264430425182877,0.06256713655864496,0.08580772600196734,0.08141995451125618,0.11194799709482157,0.08317010827377994,0.07681983813484382,0.08116039983500732,0.060712526185237786,low,1e-08,0.2806906225571027
2023-07-03,0.02360842689090998,0.187329718457006,0.09404785691173839,0.08141995451125618,0.11783869574702752,0.08317010827377994,0.07681983813484382,0.08116039983500732,0.060712526185237786,low,1e-08,0.2333251698820761
2023-07-05,0.12430966039427764,0.018264430425182877,0.09087681400658068,0.09144242521445253,0.1143364162791727,0.08928971747644388,0.07617242693656924,0.0873585335430495,0.052896788639107434,high,1e-08,0.2273566135347843
2023-07-06,0.0400786311599919,0.02360842689090998,0.08509425546109711,0.09144242521445253,0.111004002592367,0.08928971747644388,0.07617242693656924,0.0873585335430495,0.052896788639107434,low,1e-08,0.20859511513017095
2023-07-07,0.040180074454965665,0.12430966039427764,0.08031006055678705,0.08061570587297846,0.11184698822979135,0.08672013941882574,0.08448879036656955,0.08459740780350597,0.09144560171172086,low,1e-08,0.29458499908285
2023-07-10,0.10110009252706191,0.0400786311599919,0.08074921682542574,0.08061570587297846,0.10888315595191984,0.08672013941882574,0.08448879036656955,0.08459740780350597,0.09144560171172086,medium,1e-08,0.2198078081435439
2023-07-11,0.1277229337480409,0.040180074454965665,0.0810044149024058,0.05794743238959258,0.10602393811795281,0.07787734405035401,0.07658654123262516,0.07561327033232944,0.07904901133107381,high,1e-08,0.28687351904721897
2023-07-12,0.12599504767221756,0.10110009252706191,0.08310488405006361,0.05794743238959258,0.10573497363377904,0.07787734405035401,0.07658654123262516,0.07561327033232944,0.07904901133107381,high,1e-08,0.26218177268935833
2023-07-13,0.009886031645646998,0.1277229337480409,0.0845459758623332,0.07591347341693126,0.10718153030577691,0.08402357624219722,0.07498665218603452,0.08148888040664559,0.06243474424130478,low,1e-08,0.21417405477047724
2023-07-14,0.055119861619806476,0.12599504767221756,0.08897825500294149,0.07591347341693126,0.10840245723525989,0.08402357624219722,0.07498665218603452,0.08148888040664559,0.06243474424130478,medium,1e-08,0.2055833451232607
2023-07-17,0.11795735323118951,0.009886031645646998,0.08288180413210543,0.07571369176742582,0.10512797528662735,0.08159721602017177,0.07129383706067006,0.07914148152003023,0.061282636974179155,medium,1e-08,0.22433056013501074
2023-07-18,0.035301339612301474,0.055119861619806476,0.08063001910689066,0.07571369176742582,0.10281570728878436,0.08159721602017177,0.07129383706067006,0.07914148152003023,0.061282636974179155,low,1e-08,0.23207041225253625
2023-07-19,0.10532305204489115,0.11795735323118951,0.08513243543309218,0.07824175845353504,0.10378651991590171,0.0819464251231516,0.06967676538178173,0.07937837543074827,0.07332909874006133,medium,1e-08,0.19372185568976982
2023-07-20,0.0,0.035301339612301474,0.07779124250011486,0.07824175845353504,0.10099561519186867,0.0819464251231516,0.06967676538178173,0.07937837543074827,0.07332909874006133,low,1e-08,0.2342686583644916
2023-07-21,0.0709176442747057,0.10532305204489115,0.08012081681306002,0.06435341611166452,0.10126047673316586,0.0799149087254201,0.07638264948074684,0.07714995692877703,0.08178673629425215,medium,1e-08,0.2438033217580599
2023-07-24,0.04333863096880124,0.0,0.07637718214966223,0.06435341611166452,0.0981756746823486,0.0799149087254201,0.07638264948074684,0.07714995692877703,0.08178673629425215,low,1e-08,0.25592924333011036
2023-07-25,0.00244152648579129,0.0709176442747057,0.07590357311662595,0.06540180240388344,0.09675698450004891,0.07447257629962617,0.07046239391829362,0.07140533822213364,0.06911022278098469,low,1e-08,0.2326529038595854
2023-07-26,0.10524917521401887,0.04333863096880124,0.07526884129312193,0.06540180240388344,0.09440812159250461,0.07447257629962617,0.07046239391829362,0.07140533822213364,0.06911022278098469,medium,1e-08,0.2211932710015034
2023-07-27,0.1554164335368965,0.00244152648579129,0.06992483508750098,0.05447921764407862,0.09153402362161558,0.06839623905058431,0.06528361284310574,0.06475542447491386,0.080239098152077,high,1e-08,0.30002813081462176
2023-07-28,0.0302264818483546,0.10524917521401887,0.0717606908839962,0.05447921764407862,0.09241435042532412,0.06839623905058431,0.06528361284310574,0.06475542447491386,0.080239098152077,low,1e-08,0.24511117485834572
2023-07-31,0.04542666417532285,0.1554164335368965,0.07091433219646161,0.07081651543512094,0.09735113509077459,0.08330691192050525,0.07683577183998319,0.07974576572027557,0.07432742894131472,medium,1e-08,0.23646940288176407
2023-08-01,0.22082666906588921,0.0302264818483546,0.07192425830775923,0.07081651543512094,0.0946753785603746,0.08330691192050525,0.07683577183998319,0.07974576572027557,0.07432742894131472,high,1e-08,0.250302841062739
2023-08-02,0.045495488025081854,0.04542666417532285,0.07114514592669914,0.06909620688599091,0.09246316334791428,0.07547569814546584,0.07183808676672328,0.07197991307251854,0.10624212206270986,medium,1e-08,0.28903557865652657
2023-08-03,0.07179401690367712,0.22082666906588921,0.07266773459073929,0.06909620688599091,0.10470117214228808,0.07547569814546584,0.07183808676672328,0.07197991307251854,0.10624212206270986,medium,1e-08,0.26263348009551774
2023-08-04,0.1385580491782802,0.045495488025081854,0.07390550993618925,0.09050243876205195,0.10212142618926413,0.09122881157281357,0.10259973741374441,0.08830591633919854,0.09968653863939378,high,1e-08,0.2592900482012944
2023-08-07,0.06903233409278968,0.07179401690367712,0.07609576402767865,0.09050243876205195,0.10056003877039572,0.09122881157281357,0.10259973741374441,0.08830591633919854,0.09968653863939378,medium,1e-08,0.26046910897154646
2023-08-08,0.10612381938267156,0.1385580491782802,0.07674341806331514,0.09000434034988333,0.10323508169793215,0.09179473879923102,0.09544523075613348,0.08916965147596215,0.10961878828103304,medium,1e-08,0.2745564215140889
2023-08-09,0.005699214567934129,0.06903233409278968,0.0780594954693514,0.09000434034988333,0.10150842800775665,0.09179473879923102,0.09544523075613348,0.08916965147596215,0.10961878828103304,low,1e-08,0.27100641338690135
2023-08-10,0.009256072113196989,0.10612381938267156,0.08105693842061076,0.0734622894624344,0.1017912530703474,0.08813242529880587,0.09579504420544999,0.08571675164880059,0.12031703350495404,low,1e-08,0.2793599334233744
2023-08-11,0.08762552517207225,0.005699214567934129,0.07672053487701404,0.0734622894624344,0.09870015457097878,0.08813242529880587,0.09579504420544999,0.08571675164880059,0.12031703350495404,medium,1e-08,0.26627046654552705
2023-08-14,0.18492000297134628,0.009256072113196989,0.07133567752997569,0.06819873839270886,0.09572020567180618,0.0775995604645453,0.0837741680363467,0.07508512206263844,0.09909404279174343,high,1e-08,0.2411805315337425
2023-08-15,0.11648929104275911,0.08762552517207225,0.06959160832542362,0.06819873839270886,0.09525392520585486,0.0775995604645453,0.0837741680363467,0.07508512206263844,0.09909404279174343,medium,1e-08,0.24139923599430582
2023-08-16,0.12096122420734919,0.18492000297134628,0.07754769793113722,0.07889987627955519,0.10286221901665646,0.09198118581993374,0.10401078218849796,0.08915815686541814,0.10817690431066722,medium,1e-08,0.26986667170279194
2023-08-17,0.00763917770272279,0.11648929104275911,0.08033721745036235,0.07889987627955519,0.10373033900757986,0.09198118581993374,0.10401078218849796,0.08915815686541814,0.10817690431066722,low,1e-08,0.29782459507016323
2023-08-18,0.10328440206300987,0.12096122420734919,0.08047375704018779,0.08831582435959426,0.10484408091301212,0.09332547822745656,0.10869438489990396,0.0908701516697226,0.11851421048132756,medium,1e-08,0.2832529876435373
2023-08-21,0.04299729112117421,0.00763917770272279,0.07921638604429784,0.08831582435959426,0.10166732929758214,0.09332547822745656,0.10869438489990396,0.0908701516697226,0.11851421048132756,low,1e-08,0.2745832890144235
2023-08-22,0.17680397010403048,0.10328440206300987,0.07912372013603051,0.08967324227329085,0.10176507828466323,0.08695849127607445,0.09529181973236206,0.08473657583558855,0.10723367915888662,high,1e-08,0.26836021183757386
2023-08-23,0.2200055765447729,0.04299729112117421,0.08107814245972025,0.08967324227329085,0.09922544689449454,0.08695849127607445,0.09529181973236206,0.08473657583558855,0.10723367915888662,high,1e-08,0.23874575745641066
2023-08-24,0.11191497071839195,0.17680397010403048,0.0858911572701441,0.0836875329479265,0.10550131081365881,0.09372397290819112,0.09057724822412731,0.09136004029398875,0.11944651859310661,medium,0.010866841587717658,0.25867964419873735
2023-08-25,0.10066518071945199,0.2200055765447729,0.09392147297814281,0.0836875329479265,0.11561506048540608,0.09372397290819112,0.09057724822412731,0.09136004029398875,0.11944651859310661,medium,1e-08,0.3070962368798757
2023-08-28,0.22946275656104784,0.11191497071839195,0.09889753862507922,0.10714861696895359,0.1153964008045111,0.10592814316594124,0.11169712818522408,0.10411647089870776,0.11522788824900128,high,1e-08,0.27066924476596643
2023-08-29,0.06538564125039936,0.10066518071945199,0.09868917523896253,0.10714861696895359,0.11456595600820536,0.10592814316594124,0.11169712818522408,0.10411647089870776,0.11522788824900128,medium,1e-08,0.31418351868840044
2023-08-30,0.023233823769588456,0.22946275656104784,0.10205491719460578,0.12470483522245114,0.12448705225213298,0.11677678382005166,0.10571636924476838,0.11533719370217158,0.09038801842922348,low,1e-08,0.30425743421425283
2023-08-31,0.02960829740685322,0.06538564125039936,0.10365306080378961,0.12470483522245114,0.12175270646939773,0.11677678382005166,0.10571636924476838,0.11533719370217158,0.09038801842922348,low,1e-08,0.27078851375223295
2023-09-01,0.06860650115593803,0.023233823769588456,0.10264429533080172,0.09925983520674204,0.1181807381711728,0.10062880084783116,0.09242248911674504,0.10002362211084108,0.08327726460972794,medium,1e-08,0.2424397050837104
2023-09-05,0.10671702382279113,0.02960829740685322,0.09395255116448188,0.09925983520674204,0.11480977632032154,0.10062880084783116,0.09242248911674504,0.10002362211084108,0.08327726460972794,medium,1e-08,0.21983125883208493
2023-09-06,0.04873794319748243,0.06860650115593803,0.09500305176133898,0.08898150079121729,0.11257361491242303,0.08962278079009253,0.0856965078773794,0.08902330319988855,0.10183606154211543,medium,1e-08,0.2684006098104492
2023-09-07,0.023907333632032787,0.10671702382279113,0.09659046116675324,0.08898150079121729,0.1122308381791704,0.08962278079009253,0.0856965078773794,0.08902330319988855,0.10183606154211543,low,1e-08,0.26297041271693566
2023-09-08,0.10440296314530063,0.04873794319748243,0.09250772907671699,0.06179376734963469,0.10946478247602032,0.08508851436037447,0.08688506713299336,0.08405863752776027,0.0929584996298391,medium,1e-08,0.31530072550451393
2023-09-11,0.08708177624402004,0.023907333632032787,0.09045659269213714,0.06179376734963469,0.10629148565362466,0.08508851436037447,0.08688506713299336,0.08405863752776027,0.0929584996298391,medium,1e-08,0.2258740991071763
2023-09-12,0.01851107542732289,0.10440296314530063,0.09037837195407482,0.06897625623370954,0.10617912153487877,0.08203455948509261,0.07982289906121355,0.08039658360304926,0.09093291164839824,low,1e-08,0.251909531837503
2023-09-13,0.13687295966244906,0.08708177624402004,0.09407757930298781,0.06897625623370954,0.10513115448882057,0.08203455948509261,0.07982289906121355,0.08039658360304926,0.09093291164839824,high,1e-08,0.24839285257557636
2023-09-14,0.19125746708338134,0.01851107542732289,0.09449826127181173,0.0637500886563172,0.10202923924205101,0.07723617584083661,0.07836625350757633,0.07509194250154319,0.060687160961064635,high,1e-08,0.21683977672204144
2023-09-15,0.009307941618903904,0.13687295966244906,0.0967367810213743,0.0637500886563172,0.10444816966274939,0.07723617584083661,0.07836625350757633,0.07509194250154319,0.060687160961064635,low,1e-08,0.26384314523889657
2023-09-18,0.032922039421263954,0.19125746708338134,0.09702484757192135,0.09365602312156363,0.11157786545750739,0.09732251589552143,0.10430579579126105,0.09515919894782598,0.09019357396258122,low,1e-08,0.253629485065739
2023-09-19,0.14593948157705183,0.009307941618903904,0.0921529680526552,0.09365602312156363,0.10820277779743577,0.09732251589552143,0.10430579579126105,0.09515919894782598,0.09019357396258122,high,1e-08,0.27989913759751056
2023-09-20,0.2623776551013064,0.032922039421263954,0.08815118692601497,0.08507092287240685,0.1052159792829763,0.08512733516537362,0.09121268365977987,0.08316469027151496,0.10141301503098431,high,1e-08,0.23786794604651332
2023-09-21,0.03569713691811483,0.14593948157705183,0.09443756437484811,0.08507092287240685,0.1080929141788021,0.08512733516537362,0.09121268365977987,0.08316469027151496,0.10141301503098431,low,1e-08,0.2474252014147658
2023-09-22,0.06675596013284127,0.2623776551013064,0.10166907587658885,0.11644784570259396,0.12293720121962079,0.11470765510022618,0.13676156994145844,0.11350465579902232,0.10815300545238501,medium,1e-08,0.25481512575815746
2023-09-25,0.23321727652134808,0.03569713691811483,0.1013372506855407,0.11644784570259396,0.11951233933004472,0.11470765510022618,0.13676156994145844,0.11350465579902232,0.10815300545238501,high,1e-08,0.257915005501744
2023-09-26,0.006336126314534593,0.06675596013284127,0.09633506841412301,0.10514106727318673,0.11701960856970434,0.09980406304811161,0.11605294439474866,0.09912048877979159,0.1378764408233293,low,1e-08,0.3088940984767124
2023-09-27,0.09203484414461091,0.23321727652134808,0.09693560023124005,0.10514106727318673,0.12702516028921398,0.09980406304811161,0.11605294439474866,0.09912048877979159,0.1378764408233293,medium,1e-08,0.28347761822727235
2023-09-28,0.03852783370812185,0.006336126314534593,0.09213656184924654,0.1169634008759557,0.12316524126355982,0.10541323685805651,0.12592250006162614,0.10539716273268064,0.1077286655009585,low,1e-08,0.32231103965256863
2023-09-29,0.00631241038697018,0.09203484414461091,0.09174427382311742,0.1169634008759557,0.12152251152927845,0.10541323685805651,0.12592250006162614,0.10539716273268064,0.1077286655009585,low,1e-08,0.3175128430005837
2023-10-02,0.21249669844670752,0.03852783370812185,0.08306541369343895,0.09053147583287939,0.11819780538611975,0.09477445731289971,0.10965741365165106,0.09453875908341462,0.11673731200282866,high,1e-08,0.3259223204067768
2023-10-03,0.11559728051300397,0.00631241038697018,0.08038026683601035,0.09053147583287939,0.11460745489584413,0.09477445731289971,0.10965741365165106,0.09453875908341462,0.11673731200282866,medium,1e-08,0.2524587535699993
2023-10-04,0.005982413516841015,0.21249669844670752,0.0889831247758794,0.0845947161933642,0.1227031678714361,0.10249079610695003,0.12183798311999994,0.10229811481348887,0.12414851638385864,low,1e-08,0.35733417655252225
2023-10-05,0.18847409498509915,0.11559728051300397,0.09289171491706806,0.0845947161933642,0.12228845913276039,0.10249079610695003,0.12183798311999994,0.10229811481348887,0.12414851638385864,high,0.013907853059650584,0.27670689723374325
2023-10-06,0.10163355971736177,0.005982413516841015,0.0900451654789273,0.08898177307902638,0.11857211543668313,0.09371380726632818,0.10632212150834448,0.09345671843734182,0.11165539044173912,medium,1e-08,0.27547322552560055
2023-10-09,0.08262352766699305,0.18847409498509915,0.09376139598630494,0.08898177307902638,0.123883553526727,0.09371380726632818,0.10632212150834448,0.09345671843734182,0.11165539044173912,medium,1e-08,0.2481416170803238
2023-10-10,0.06502459464523302,0.10163355971736177,0.09616574219175399,0.10875633853380416,0.12266242118918988,0.09977892194468775,0.09900525806365067,0.0992706175776033,0.11019139107553871,medium,1e-08,0.2702726556311841
2023-10-11,0.09677587323109647,0.08262352766699305,0.09883466010243401,0.10875633853380416,0.1206354186676652,0.09977892194468775,0.09900525806365067,0.0992706175776033,0.11019139107553871,medium,1e-08,0.32961585328161025
2023-10-12,0.0790697609031282,0.06502459464523302,0.09704473426152185,0.08846170997829195,0.11803991637332732,0.09092346142950745,0.08827551144245431,0.09066025044748728,0.1327839076139335,medium,0.010442669425343037,0.30477114499155333
2023-10-13,0.16702179466219813,0.09677587323109647,0.09748537503366168,0.08846170997829195,0.11687322501050126,0.09092346142950745,0.08827551144245431,0.09066025044748728,0.1327839076139335,high,1e-08,0.3460266114336372
2023-10-16,0.0007290016784937362,0.0790697609031282,0.1002380425552892,0.07742059966426273,0.11495612774554739,0.08660069319622928,0.08950193033892624,0.08629737741119987,0.11101545004810633,low,1e-08,0.2736826974539338
2023-10-17,0.21152679996595353,0.16702179466219813,0.10160844414618687,0.07742059966426273,0.1187257066578526,0.08660069319622928,0.08950193033892624,0.08629737741119987,0.11101545004810633,high,1e-08,0.28713785746619175
2023-10-18,0.13947883422818602,0.0007290016784937362,0.09294805935505562,0.08339262663403374,0.1151089818508048,0.08802851885444903,0.08407711727980756,0.08756420625698876,0.1276489873096743,high,0.024829603930313505,0.3160085413665589
2023-10-19,0.19506715457710908,0.21152679996595353,0.10213982564355789,0.08339262663403374,0.12304344056793669,0.08802851885444903,0.08407711727980756,0.08756420625698876,0.1276489873096743,high,0.01606393460157642,0.2801714663293009
2023-10-20,0.027514662592561055,0.13947883422818602,0.1069833163165998,0.10796110782735577,0.12409096535464166,0.10354619360043917,0.11489706933413467,0.10256479365090915,0.13827855764650215,low,1e-08,0.297264246909275
2023-10-23,0.1196856591608085,0.19506715457710908,0.10921639236205692,0.10796110782735577,0.12945163308887472,0.10354619360043917,0.11489706933413467,0.10256479365090915,0.13827855764650215,medium,1e-08,0.31250155141950164
2023-10-24,0.22783606050740782,0.027514662592561055,0.0985408017934776,0.10848431783880631,0.1256888427437734,0.10302960150468943,0.11818814676443165,0.10236934311958135,0.13688370268285335,high,0.009267455942610995,0.3389834878739204
2023-10-25,0.19009103074139624,0.1196856591608085,0.10235846189541825,0.10848431783880631,0.12533676036733313,0.10302960150468943,0.11818814676443165,0.10236934311958135,0.13688370268285335,high,0.03294900003092772,0.29127243352730403
2023-10-26,0.07195545413159812,0.22783606050740782,0.1096802846397167,0.11721445762748538,0.13372098383375625,0.11551116573486722,0.1329778500717583,0.1141639110953743,0.16100174857334662,medium,0.026972256111192694,0.2568309311118443
2023-10-27,0.18979393876237227,0.19009103074139624,0.10772000074062799,0.11721445762748538,0.13775521559824597,0.11551116573486722,0.1329778500717583,0.1141639110953743,0.16100174857334662,high,0.02587424629361308,0.33370882617265013
2023-10-30,0.09969695227549867,0.07195545413159812,0.11070269745958541,0.11230657250665763,0.13471660885653688,0.11215911385207224,0.13178872107163783,0.11146147678070085,0.13848710506179449,medium,0.020366237669725645,0.29365855131000335
2023-10-31,0.16929434630430137,0.18979393876237227,0.11514629266948367,0.11230657250665763,0.13863965944545936,0.11215911385207224,0.13178872107163783,0.11146147678070085,0.13848710506179449,high,0.015943999973613492,0.2985911444359999
2023-11-01,0.30422794644343737,0.09969695227549867,0.11792670714981898,0.12437370922171029,0.1366164953381002,0.11172868283096009,0.11752451069964223,0.1113416297086409,0.10553621834076019,high,1e-08,0.2702996804429177
2023-11-02,0.14482713114261278,0.16929434630430137,0.12533497696424312,0.12437370922171029,0.1387942986292783,0.11172868283096009,0.11752451069964223,0.1113416297086409,0.10553621834076019,high,1e-08,0.2619978327856845
2023-11-03,0.03651959046204161,0.30422794644343737,0.12950457914591265,0.13553021059585343,0.15382231468777588,0.13849355225524215,0.1190643470705253,0.1369047923457495,0.10302718621321601,low,1e-08,0.2936590985760332
2023-11-06,0.04517934446543767,0.14482713114261278,0.1308332087199858,0.13553021059585343,0.15329748889349368,0.13849355225524215,0.1190643470705253,0.1369047923457495,0.10302718621321601,medium,1e-08,0.2647777773572225
2023-11-07,0.011626540230363304,0.03651959046204161,0.1322212622174949,0.1330157493951655,0.14889638586694667,0.12206138215896684,0.10455722138217936,0.12197133774223387,0.08697425804333622,low,1e-08,0.2500392084808065
2023-11-08,0.12380335847396619,0.04517934446543767,0.1257078644666012,0.1330157493951655,0.1447839635137951,0.12206138215896684,0.10455722138217936,0.12197133774223387,0.08697425804333622,high,1e-08,0.24975475436495928
2023-11-09,0.24772120392650895,0.011626540230363304,0.12161663630810128,0.1192398172279697,0.14040214710460025,0.1034710108244955,0.09057963531423287,0.10444419346441836,0.10865593824720886,high,1e-08,0.2725695091440164
2023-11-10,0.015132099176040923,0.12380335847396619,0.12348844679932734,0.1192398172279697,0.13946194259027409,0.1034710108244955,0.09057963531423287,0.10444419346441836,0.10865593824720886,low,1e-08,0.2691509701605449
2023-11-13,0.3079754295662167,0.24772120392650895,0.1317928381302944,0.10530784676882964,0.14820459884118872,0.11969270695356751,0.10119565005925836,0.11920688363981208,0.09410786212855729,high,1e-08,0.26856564259752175
2023-11-14,0.03360933444053269,0.015132099176040923,0.12808175749142825,0.10530784676882964,0.14373748904216124,0.11969270695356751,0.10119565005925836,0.11920688363981208,0.09410786212855729,low,1e-08,0.27730126808813055
2023-11-15,0.019416107453396544,0.3079754295662167,0.13848656061247774,0.13938515478300367,0.15846693574296958,0.13609244936816461,0.10548416238382564,0.1347407063896099,0.07799985932514267,low,1e-08,0.2040461119569359
2023-11-16,0.019744291265333523,0.03360933444053269,0.1324223578751293,0.13938515478300367,0.15385980235926663,0.13609244936816461,0.10548416238382564,0.1347407063896099,0.07799985932514267,low,1e-08,0.2559015592804576
2023-11-17,0.12219690248793723,0.019416107453396544,0.13327177177398852,0.13700968288641532,0.14924840893232041,0.11405025593831282,0.09108173403845035,0.11440387544973146,0.042891833798148815,medium,1e-08,0.2643258903967426
2023-11-20,0.034597504348379535,0.019744291265333523,0.12455438501486943,0.13700968288641532,0.1447825007967248,0.11405025593831282,0.09108173403845035,0.11440387544973146,0.042891833798148815,low,1e-08,0.2732261107766326
2023-11-21,0.06128681900242724,0.12219690248793723,0.12376884266303993,0.11883028069259911,0.14352762508797803,0.1033192777772681,0.0833504021029489,0.10405133531622303,0.08594227882621959,medium,1e-08,0.23475046659942234
2023-11-22,0.0097693213200718,0.034597504348379535,0.11647476765264314,0.11883028069259911,0.13941301105714501,0.1033192777772681,0.0833504021029489,0.10405133531622303,0.08594227882621959,low,1e-08,0.2693196520483485
2023-11-24,0.028590677322319933,0.06128681900242724,0.11800986567127342,0.07129293616714227,0.1359970324819797,0.09079604350389343,0.07628556023960163,0.09186544928988051,0.08151039515436413,low,1e-08,0.3226686698408505
2023-11-27,0.015718328626440802,0.0097693213200718,0.11301366849669447,0.07129293616714227,0.13187572806098036,0.09079604350389343,0.07628556023960163,0.09186544928988051,0.08151039515436413,low,1e-08,0.24579906451510222
2023-11-28,0.011165420594207397,0.028590677322319933,0.10395706017009959,0.06915730989484309,0.12804991527643336,0.0794709819220707,0.07013591633012832,0.08057127832174321,0.07959025216776201,low,1e-08,0.2891719787449343
2023-11-29,0.06250571936386484,0.015718328626440802,0.09603102825578343,0.06915730989484309,0.12420868691622251,0.0794709819220707,0.07013591633012832,0.08057127832174321,0.07959025216776201,medium,1e-08,0.26963490991729017
2023-11-30,0.09391102391548728,0.011165420594207397,0.09326784491317476,0.04948926031400504,0.12045584264844852,0.07069545757911586,0.06480719103546095,0.07144459413407382,0.0671350635696395,medium,1e-08,0.20728280709905555
2023-12-01,0.08333221292471886,0.06250571936386484,0.08748201675869714,0.04948926031400504,0.11778561594545649,0.07069545757911586,0.06480719103546095,0.07144459413407382,0.0671350635696395,medium,1e-08,0.23819316377722766
2023-12-04,0.003126701774573953,0.09391102391548728,0.08721902001506027,0.05917492668228356,0.11649120597282377,0.07212357420850275,0.06426382349415402,0.07194536660260241,0.07839200474269559,low,1e-08,0.21739445018872508
2023-12-05,0.06397154480765115,0.08333221292471886,0.08331165031598833,0.05917492668228356,0.1147721415131674,0.07212357420850275,0.06426382349415402,0.07194536660260241,0.07839200474269559,medium,1e-08,0.2629852811065239
2023-12-06,0.12112903592033544,0.003126701774573953,0.06962523010376725,0.05968474267574254,0.11127835537653599,0.06893678109641257,0.06706896844790647,0.06837091351278751,0.0961062162862073,medium,1e-08,0.25390060491687755
2023-12-07,0.06824649075089348,0.06397154480765115,0.06594997617945082,0.05968474267574254,0.10902037215811032,0.06893678109641257,0.06706896844790647,0.06837091351278751,0.0961062162862073,medium,1e-08,0.3317189434451673
2023-12-08,0.061745380588959606,0.12112903592033544,0.06979586006391872,0.0699872026292488,0.10978456017738879,0.07485379949259191,0.07004664913417617,0.07359853536316607,0.07601570426938659,medium,1e-08,0.23523592380624175
2023-12-11,0.07250202157526386,0.06824649075089348,0.07084436671325763,0.0699872026292488,0.10774481743513627,0.07485379949259191,0.07004664913417617,0.07359853536316607,0.07601570426938659,medium,1e-08,0.30558694736596503
2023-12-12,0.21891011894891454,0.061745380588959606,0.07312249582046655,0.06541579562357112,0.10555168622304202,0.07204548966238888,0.0665060926204591,0.07080749170627394,0.06138375991502337,high,1e-08,0.21916291190045625
2023-12-13,0.050948969487468215,0.07250202157526386,0.07079061687052553,0.06541579562357112,0.10386568992986024,0.07204548966238888,0.0665060926204591,0.07080749170627394,0.06138375991502337,medium,1e-08,0.2981839043283426
2023-12-14,0.026138437457928435,0.21891011894891454,0.0694810220988167,0.09097473895002628,0.1140881021957294,0.09486271149843488,0.07538248272566081,0.09251869447892183,0.08326446071823451,low,1e-08,0.23681699534459313
2023-12-15,0.08929726542455123,0.050948969487468215,0.07110906165842702,0.09097473895002628,0.11131431717607534,0.09486271149843488,0.07538248272566081,0.09251869447892183,0.08326446071823451,medium,1e-08,0.32253339582678536
2023-12-18,0.09652971409283934,0.026138437457928435,0.05829828928986847,0.07849648824360286,0.10811298557822677,0.08307540602992268,0.06963134379348077,0.0817279071871245,0.10441587219091522,medium,1e-08,0.2738631173813763
2023-12-19,0.21997596665928512,0.08929726542455123,0.06082955888005113,0.07849648824360286,0.10707732107378183,0.08307540602992268,0.06963134379348077,0.0817279071871245,0.10441587219091522,high,1e-08,0.2311641214411341
2023-12-20,0.15051925737720706,0.09652971409283934,0.06433472281820762,0.08337621990735382,0.10647393422433594,0.0821948418319225,0.06834954842425203,0.08096173861134941,0.10723841270276613,high,1e-08,0.24160170964113165
2023-12-21,0.03190257987248245,0.21997596665928512,0.0734361626088418,0.08337621990735382,0.1164468217836663,0.0821948418319225,0.06834954842425203,0.08096173861134941,0.10723841270276613,low,1e-08,0.3196760412142654
2023-12-22,0.06703077761389192,0.15051925737720706,0.07472354237653588,0.0956585285544428,0.11876713929277358,0.10359587100326391,0.1034291500729876,0.10185595630538764,0.10173793096821304,medium,1e-08,0.27272450604612375
2023-12-26,0.028703263250783918,0.03190257987248245,0.07460104580944964,0.0956585285544428,0.11541387199722979,0.10359587100326391,0.1034291500729876,0.10185595630538764,0.10173793096821304,low,1e-08,0.32323717639225646
2023-12-27,0.005995213284810506,0.06703077761389192,0.07486213483724348,0.09453419778549099,0.1130960991691612,0.0908780505383052,0.08974638122331552,0.09005937361073707,0.08806539449827719,low,1e-08,0.22313119971572556
2023-12-28,0.045956392266472815,0.028703263250783918,0.07572276856136677,0.09453419778549099,0.10987591468433167,0.0908780505383052,0.08974638122331552,0.09005937361073707,0.08806539449827719,medium,1e-08,0.2659670944535922
2023-12-29,0.08883881410980728,0.005995213284810506,0.07469570201420725,0.06445481729114233,0.10653877315322925,0.07969848967863742,0.07925163357053007,0.07931894235034176,0.08126150642671937,medium,1e-08,0.2446105910869213
2024-01-02,0.12964170752036794,0.045956392266472815,0.07607015945239051,0.06445481729114233,0.1039047591465594,0.07969848967863742,0.07925163357053007,0.07931894235034176,0.08126150642671937,high,1e-08,0.212650892017851
2024-01-03,0.05113432232664077,0.08883881410980728,0.07960076824855415,0.05235905431954487,0.10306292800251925,0.07648566529736209,0.0803762525850196,0.07591692327331373,0.07830392283241741,medium,1e-08,0.21545043402118258
2024-01-04,0.02174234052888999,0.12964170752036794,0.08265240407384974,0.05235905431954487,0.10484782992734334,0.07648566529736209,0.0803762525850196,0.07591692327331373,0.07830392283241741,low,1e-08,0.27767908567692084
2024-01-05,0.2266227579305223,0.05113432232664077,0.08070800854708399,0.06561200872971373,0.10242249034871695,0.07807684773373012,0.08676188004400753,0.07723552790605225,0.08738967837502568,high,1e-08,0.24095214976030885
2024-01-08,0.0240826106705004,0.02174234052888999,0.07790846889272812,0.06561200872971373,0.0994450013815651,0.07807684773373012,0.08676188004400753,0.07723552790605225,0.08738967837502568,low,1e-08,0.29662524253755773
2024-01-09,0.08977813471012794,0.2266227579305223,0.08806738053618034,0.09252461478547676,0.11125386405206288,0.09633570915754516,0.08782408898132635,0.09479182498315905,0.07555370892825698,medium,1e-08,0.2407861725592582
2024-01-10,0.006994204621411304,0.0240826106705004,0.08625424716630985,0.09252461478547676,0.10802580829934302,0.09633570915754516,0.08782408898132635,0.09479182498315905,0.07555370892825698,low,1e-08,0.20705508884334736
2024-01-11,0.010996484051891539,0.08977813471012794,0.08482920620220952,0.08732786949638502,0.10701872523780413,0.0877645125865888,0.07994218090848183,0.08676686825604771,0.06913890824818822,low,1e-08,0.2283607251389155
2024-01-12,0.058277675079613886,0.006994204621411304,0.08204501137814214,0.08732786949638502,0.10377264684072729,0.0877645125865888,0.07994218090848183,0.08676686825604771,0.06913890824818822,medium,1e-08,0.195878104102677
2024-01-16,0.08824328367503942,0.010996484051891539,0.07973824335372995,0.08784681220878293,0.10064736389037073,0.07719746654825603,0.07197419786479585,0.0765090428874039,0.08199392342566447,medium,1e-08,0.2523040796861281
2024-01-17,0.14116987224083552,0.058277675079613886,0.07909168214938223,0.08784681220878293,0.09861985394106484,0.07719746654825603,0.07197419786479585,0.0765090428874039,0.08199392342566447,high,1e-08,0.225174346513594
2024-01-18,0.19789423496689293,0.08824328367503942,0.07315228054602425,0.05533574935627808,0.09802823921044768,0.07536472289711173,0.07648259195784834,0.0744771974731134,0.07860129860545187,high,1e-08,0.23480138107495732
2024-01-19,0.03356424401007612,0.14116987224083552,0.07725323067117733,0.05533574935627808,0.10113703333323722,0.07536472289711173,0.07648259195784834,0.0744771974731134,0.07860129860545187,low,1e-08,0.21585129579985665
2024-01-22,0.046297102950584465,0.19789423496689293,0.08506031237613025,0.08863437590317587,0.1093832950443044,0.09637216699984735,0.08204964526502942,0.09477988909018381,0.09577116397055396,medium,1e-08,0.23532221120656008
2024-01-23,0.017353533410786902,0.03356424401007612,0.08252699322092684,0.08863437590317587,0.10636924569264586,0.09637216699984735,0.08204964526502942,0.09477988909018381,0.09577116397055396,low,1e-08,0.25337725065190103
2024-01-24,0.08633962061734338,0.046297102950584465,0.0802436927144607,0.09197478642503473,0.10375045420607147,0.08503500147658946,0.07402827079435051,0.0840992042396264,0.09619205717545803,medium,1e-08,0.30594649184640893
2024-01-25,0.020167151040404948,0.017353533410786902,0.07103358211225624,0.09197478642503473,0.1006795711671366,0.08503500147658946,0.07402827079435051,0.0840992042396264,0.09619205717545803,low,1e-08,0.23480737307781752
2024-01-26,0.12571685307422426,0.08633962061734338,0.0681163258958988,0.07679981473758696,0.09987725112694792,0.07934311828958258,0.0695753098662948,0.07855976859650471,0.08340499711311275,high,1e-08,0.2351443076422852
2024-01-29,0.012279678769746933,0.020167151040404948,0.06758289731262256,0.07679981473758696,0.09696050852785419,0.07934311828958258,0.0695753098662948,0.07855976859650471,0.08340499711311275,low,1e-08,0.25066192491231054
2024-01-30,0.2590270999858725,0.12571685307422426,0.07025044619718311,0.05982595395762608,0.09892190571331734,0.07982678096694164,0.0687756638743674,0.07884065296163392,0.08350960142793262,high,1e-08,0.24586339648958552
2024-01-31,0.20776746768584434,0.012279678769746933,0.06950391962986326,0.05982595395762608,0.09595550143060308,0.07982678096694164,0.0687756638743674,0.07884065296163392,0.08350960142793262,high,1e-08,0.28588284500798083
2024-02-01,0.16711765956969196,0.2590270999858725,0.08100536902536606,0.0963777700063084,0.11260867227321364,0.103446167706019,0.11663410190889308,0.10159863245295812,0.0829689228765686,high,1e-08,0.25710902018764875
2024-02-02,0.05780369533869658,0.20776746768584434,0.08836041790806477,0.0963777700063084,0.12045708582139605,0.103446167706019,0.11663410190889308,0.10159863245295812,0.0829689228765686,medium,1e-08,0.21741724060172815
2024-02-05,0.04608956621959839,0.16711765956969196,0.09191854724715044,0.1258727869545828,0.12375384309794696,0.11485211218110011,0.10960244677059462,0.1133982991138629,0.10572072361115259,medium,1e-08,0.30895230903872795
2024-02-06,0.13239862244253248,0.05780369533869658,0.08865318305707447,0.1258727869545828,0.12081634364732748,0.11485211218110011,0.10960244677059462,0.1133982991138629,0.10572072361115259,high,1e-08,0.2599499566307676
2024-02-07,0.007010542201983742,0.04608956621959839,0.08842387596129982,0.12480715936785544,0.11767858108266442,0.09983879719595376,0.09653363793548927,0.099326284797012,0.10606785748892311,low,1e-08,0.30721040063101834
2024-02-08,0.09174711733212776,0.13239862244253248,0.09345370695737448,0.12480715936785544,0.11861330976063474,0.09983879719595376,0.09653363793548927,0.099326284797012,0.10606785748892311,medium,1e-08,0.28530072310930393
2024-02-09,0.006968173742484779,0.007010542201983742,0.08347133351516817,0.08404393461826086,0.115012690949077,0.09297998169573486,0.0872058745474186,0.09278218488889793,0.08397989885882978,low,1e-08,0.24692513523681472
2024-02-12,0.21863998978943047,0.09174711733212776,0.08654699290887852,0.08404393461826086,0.11375102613564564,0.09297998169573486,0.0872058745474186,0.09278218488889793,0.08397989885882978,high,1e-08,0.3179355141772706
2024-02-13,0.14426129062402604,0.006968173742484779,0.08278290377398563,0.06884199407494461,0.11029891892859114,0.08464024882309779,0.07900095832723274,0.08464940587531197,0.09503110470911617,high,1e-08,0.22354096055373862
2024-02-14,0.10952993296911137,0.21863998978943047,0.09240316673616832,0.06884199407494461,0.11959977898773184,0.08464024882309779,0.07900095832723274,0.08464940587531197,0.09503110470911617,medium,1e-08,0.2385564477576619
2024-02-15,0.0790537758659281,0.14426129062402604,0.09846065794399263,0.09707460462976446,0.1212210373830798,0.10276622613224226,0.10564820106358408,0.10204693611611618,0.08495367867321313,medium,1e-08,0.2272522553524198
2024-02-16,0.0873968617658262,0.10952993296911137,0.10079030602987887,0.09707460462976446,0.12055154865429688,0.10276622613224226,0.10564820106358408,0.10204693611611618,0.08495367867321313,medium,1e-08,0.2746592423081425
2024-02-20,0.014379565181524221,0.0790537758659281,0.10037260112946472,0.10355723969684426,0.11847229760029124,0.09584974985014028,0.09767938242154073,0.09548975957158645,0.10924682556364781,low,1e-08,0.24719719634690268
2024-02-21,0.3285304967956608,0.0873968617658262,0.09792837338060066,0.10355723969684426,0.11684107525849524,0.09584974985014028,0.09767938242154073,0.09548975957158645,0.10924682556364781,high,1e-08,0.275803984085412
2024-02-22,0.01094927515641545,0.014379565181524221,0.08958679748126573,0.08251436352569076,0.1133363709018259,0.0865496287448239,0.09019730974151272,0.08650125624932078,0.08423898648219828,low,1e-08,0.2729867263791466
2024-02-23,0.05814024462562676,0.3285304967956608,0.10299435442606503,0.08251436352569076,0.13619971450239057,0.0865496287448239,0.09019730974151272,0.08650125624932078,0.08423898648219828,medium,1e-08,0.22380805062578965
2024-02-26,0.029488841393625346,0.01094927515641545,0.10138763498087554,0.12211110648302555,0.1320777562433879,0.11439378673660903,0.09644129217794138,0.11368794686557696,0.08514563777054193,low,1e-08,0.2606748734895191
2024-02-27,0.020978531312691603,0.05814024462562676,0.10324157639973187,0.12211110648302555,0.1288436220980231,0.11439378673660903,0.09644129217794138,0.11368794686557696,0.08514563777054193,low,1e-08,0.24676248953176555
2024-02-28,0.05706918983613954,0.029488841393625346,0.10065745007138106,0.117597965763218,0.12512719018671442,0.09934698953262465,0.08698616138783066,0.09935410801353296,0.07865120779129342,medium,1e-08,0.23973697599753688
2024-02-29,0.14903130677390383,0.020978531312691603,0.10069433099284862,0.117597965763218,0.12142409492000805,0.09934698953262465,0.08698616138783066,0.09935410801353296,0.07865120779129342,high,1e-08,0.2505148557694138
2024-03-01,0.01702276926475141,0.05706918983613954,0.09757398266384479,0.052043897188230506,0.11855208021467921,0.0880309620440221,0.07863251772460798,0.08823974456601262,0.07906389315105503,low,1e-08,0.33016253296290876
2024-03-04,0.15865135195599356,0.14903130677390383,0.10378996575494283,0.052043897188230506,0.12059825788027917,0.0880309620440221,0.07863251772460798,0.08823974456601262,0.07906389315105503,high,1e-08,0.28077541278277507
2024-03-05,0.08043857595676811,0.01702276926475141,0.09278976890398277,0.07082281473054579,0.11699867476146589,0.08685801389338296,0.07576784081432147,0.08684336203472963,0.10208478362146586,medium,1e-08,0.23870306242668823
2024-03-06,0.157577887495789,0.15865135195599356,0.09055721818898955,0.07082281473054579,0.11990656191731455,0.08685801389338296,0.07576784081432147,0.08684336203472963,0.10208478362146586,high,1e-08,0.2486891329393195
2024-03-07,0.0952819087680147,0.08043857595676811,0.08661725984294757,0.08704394886876404,0.11791162133351447,0.08998967571774898,0.08835406352997109,0.08964241502388726,0.09467417968829382,medium,1e-08,0.2596198723104914
2024-03-08,0.013649842323258917,0.157577887495789,0.09115245039554268,0.08704394886876404,0.12065988917791344,0.08998967571774898,0.08835406352997109,0.08964241502388726,0.09467417968829382,low,1e-08,0.26698493532204937
2024-03-11,0.17076694628214487,0.0952819087680147,0.09338846596592525,0.0923485375420017,0.11928955886140809,0.0930366624191181,0.08988897863939392,0.09254621592512775,0.1185790616628241,high,1e-08,0.25499966791617085
2024-03-12,0.02488243017226998,0.013649842323258917,0.0879907941423219,0.0923485375420017,0.11570383750712582,0.0930366624191181,0.08988897863939392,0.09254621592512775,0.1185790616628241,low,0.013926514052238943,0.28351429947171203
2024-03-13,0.03138051298056589,0.17076694628214487,0.09543426705505649,0.09275760339293304,0.11972391711598225,0.09512251862991639,0.08573914100713642,0.09444999786429269,0.11101147777162063,low,1e-08,0.29979127445191833
2024-03-14,0.10900389274806523,0.02488243017226998,0.09239496309324478,0.09275760339293304,0.11623654962917467,0.09512251862991639,0.08573914100713642,0.09444999786429269,0.11101147777162063,medium,1e-08,0.29865340734620993
2024-03-15,0.09434362717795748,0.03138051298056589,0.09350461487679392,0.07945284571786698,0.1129573527363724,0.0838033685569048,0.07801510591012187,0.08350425681011708,0.10226261308480175,medium,1e-08,0.25855083793281625
2024-03-18,0.08821869556617755,0.10900389274806523,0.08852115592036823,0.07945284571786698,0.11272405529890506,0.0838033685569048,0.07801510591012187,0.08350425681011708,0.10226261308480175,medium,1e-08,0.24146693112413098
2024-03-19,0.14682672677320469,0.09434362717795748,0.0862521712182742,0.08272190407530647,0.111706548974509,0.08407025284636971,0.08141669068404973,0.08353675356857276,0.08753763036890015,high,1e-08,0.2697292711101067
2024-03-20,0.05246157454829284,0.08821869556617755,0.08528347860904993,0.08272190407530647,0.11043823700879414,0.08407025284636971,0.08141669068404973,0.08353675356857276,0.08753763036890015,medium,1e-08,0.24380782458222316
2024-03-21,0.030096643395039414,0.14682672677320469,0.08836406728665341,0.08160041282446948,0.11295261485990464,0.08862232864342903,0.07924663100237084,0.0877744906772996,0.07464407844806686,low,1e-08,0.2568131282114468
2024-03-22,0.04385732091414343,0.05246157454829284,0.08677609968585644,0.08160041282446948,0.11026299750919942,0.08862232864342903,0.07924663100237084,0.0877744906772996,0.07464407844806686,low,1e-08,0.2209993484340045
2024-03-25,0.029320806872452622,0.030096643395039414,0.08749051233192531,0.07894357847056724,0.1071578339607039,0.079689081256197,0.07309592372720945,0.07908502521064083,0.08510923760623768,low,1e-08,0.26425451233138897
2024-03-26,0.1334068456146807,0.04385732091414343,0.07455082251912906,0.07894357847056724,0.10444731290113102,0.079689081256197,0.07309592372720945,0.07908502521064083,0.08510923760623768,high,1e-08,0.24861649531141475
2024-03-27,0.0030343425549634196,0.029320806872452622,0.0753858921425853,0.06382406167904388,0.10151979750211217,0.07281404342937077,0.06976782711019276,0.07215895169963302,0.05759393649441977,low,1e-08,0.22663528222901394
2024-03-28,0.027619788561387575,0.1334068456146807,0.07880710127845139,0.06382406167904388,0.10370986604556591,0.07281404342937077,0.06976782711019276,0.07215895169963302,0.05759393649441977,low,1e-08,0.22311891460137567
2024-04-01,0.10092953562869807,0.0030343425549634196,0.07760462405851222,0.05990576468957421,0.1005531927407694,0.07473643708928902,0.0683417133465529,0.07388269430441555,0.05905828824508322,medium,1e-08,0.1804261038577569
2024-04-02,0.017438850096380683,0.027619788561387575,0.07790649938799839,0.05990576468957421,0.0977244036019209,0.07473643708928902,0.0683417133465529,0.07388269430441555,0.05905828824508322,low,1e-08,0.21437197895400617
2024-04-03,0.19376648980766267,0.10092953562869807,0.07990015146947832,0.06420900773677891,0.09791967006441321,0.07392044579276498,0.07460071000723839,0.07289070855779985,0.06902466661645931,high,1e-08,0.24544145961431454
2024-04-04,0.16584008511886847,0.017438850096380683,0.07391867616595454,0.06420900773677891,0.09503269378457695,0.07392044579276498,0.07460071000723839,0.07289070855779985,0.06902466661645931,high,1e-08,0.2566743849032284
2024-04-05,0.008880908892244138,0.19376648980766267,0.0819524816451778,0.07523224779741583,0.10364394468090726,0.08695954394283781,0.09886958370020812,0.08557764769872754,0.09073817539224527,low,1e-08,0.24012747129090922
2024-04-08,0.018361282563393786,0.16584008511886847,0.08227924224349029,0.07523224779741583,0.10838689617666815,0.08695954394283781,0.09886958370020812,0.08557764769872754,0.09073817539224527,low,1e-08,0.2521198868249069
2024-04-09,0.15895363926229877,0.008880908892244138,0.07902662101328464,0.09454059847906977,0.10510750848349641,0.08807452843775274,0.09063163352489335,0.08694724225919952,0.09090610323188547,high,1e-08,0.3174032896471572
2024-04-10,0.11980182975660701,0.018361282563393786,0.0726985935163576,0.09454059847906977,0.10200471185721834,0.08807452843775274,0.09063163352489335,0.08694724225919952,0.09090610323188547,medium,1e-08,0.2635580222659151
2024-04-11,0.21911655398872387,0.15895363926229877,0.0755927630842796,0.09673405349230578,0.10628564876169046,0.09013900386938042,0.09950435769947508,0.08903545290479276,0.09719575633655247,high,1e-08,0.23625668099633854
2024-04-12,0.19887841264022624,0.11980182975660701,0.08041785342215907,0.09673405349230578,0.1071447128397556,0.09013900386938042,0.09950435769947508,0.08903545290479276,0.09719575633655247,high,1e-08,0.252958457317598
2024-04-15,0.02895210164705963,0.21911655398872387,0.0826155628633672,0.09561514047275826,0.11692695999664265,0.1055187098664194,0.12040645438785254,0.10423814664925014,0.14769094600797028,low,0.037081234949290436,0.3004321721011324
2024-04-16,0.09394719029787671,0.19887841264022624,0.0905244711573652,0.09561514047275826,0.1233886401435353,0.1055187098664194,0.12040645438785254,0.10423814664925014,0.14769094600797028,medium,0.013278193606371641,0.30100990433722674
2024-04-17,0.03266638905962375,0.02895210164705963,0.09041408882402402,0.11878306109573526,0.11983974539721577,0.10483073689362102,0.12292991723036593,0.10404938930052433,0.1519141559192858,low,0.03203416257526774,0.31288751449296043
2024-04-18,0.1385586281569067,0.09394719029787671,0.08972969325810634,0.11878306109573526,0.11844591667148875,0.10483073689362102,0.12292991723036593,0.10404938930052433,0.1519141559192858,high,1e-08,0.3299504420545987
2024-04-19,0.1461926487637469,0.03266638905962375,0.08692618243454574,0.1064831993082279,0.1151160051601513,0.09428217365455939,0.110375271323845,0.09392657393705778,0.13366204015710617,high,1e-08,0.28724375394264745
2024-04-22,0.18837557228028165,0.1385586281569067,0.08921436118866978,0.1064831993082279,0.11665548667591036,0.09428217365455939,0.110375271323845,0.09392657393705778,0.13366204015710617,high,1e-08,0.35585293238255916
2024-04-23,0.00753415784216145,0.1461926487637469,0.08918553946096716,0.08114448426758138,0.11863528079981733,0.0989368371207666,0.10896296240630537,0.09840217004004399,0.11325583860545319,low,1e-08,0.29866262101205465
2024-04-24,0.06030679175035436,0.18837557228028165,0.09536344844878482,0.08114448426758138,0.12393139809321863,0.0989368371207666,0.10896296240630537,0.09840217004004399,0.11325583860545319,medium,1e-08,0.25651114977260686
2024-04-25,0.1503942648959102,0.00753415784216145,0.09433788092365401,0.09978444079612998,0.12017012007734236,0.0987814633757947,0.0991830833641946,0.09839558578167108,0.11399399841764661,high,1e-08,0.25113211891260195
2024-04-26,0.05622040707143854,0.06030679175035436,0.0950855841434818,0.09978444079612998,0.11744198926155817,0.0987814633757947,0.0991830833641946,0.09839558578167108,0.11399399841764661,medium,0.0015080893086086226,0.32357618396615534
2024-04-29,0.2514714840645647,0.1503942648959102,0.10058892314454804,0.09969361645880578,0.11967526764550852,0.0971616980559091,0.09314675748892715,0.09675348514873384,0.09254052661614875,high,1e-08,0.30388983438367706
2024-04-30,0.051549885808292575,0.05622040707143854,0.09708044866530975,0.09969361645880578,0.11684384260687145,0.0971616980559091,0.09314675748892715,0.09675348514873384,0.09254052661614875,medium,1e-08,0.3028645944539041
2024-05-01,0.14848272013729677,0.2514714840645647,0.10837304600665526,0.10310936922292631,0.12894808637466887,0.1111469322542861,0.12256775393815755,0.11041162301883761,0.1351651077412639,high,1e-08,0.35499361789452744
2024-05-02,0.19676923422399994,0.051549885808292575,0.10946077769969641,0.10310936922292631,0.12565586291342956,0.1111469322542861,0.12256775393815755,0.11041162301883761,0.1351651077412639,high,0.015009348308311982,0.2817694570591175
2024-05-03,0.16393084180694842,0.14848272013729677,0.1116222860864509,0.11508072674211027,0.1271410996578594,0.1052163226463321,0.10981807311951768,0.10477106345255273,0.10277111685178938,high,1e-08,0.2631174580239197
2024-05-06,0.017517407226931573,0.19676923422399994,0.11977366718316086,0.11508072674211027,0.13235579156615365,0.1052163226463321,0.10981807311951768,0.10477106345255273,0.10277111685178938,low,1e-08,0.2615393086782558
2024-05-07,0.0015363013554710206,0.16393084180694842,0.11841750136494658,0.13009728371671556,0.1344595533280139,0.11352889450114113,0.10416111340126988,0.11308358914756794,0.07952583232302339,low,1e-08,0.234567228992888
2024-05-08,0.09146681050504837,0.017517407226931573,0.11167556146076763,0.13009728371671556,0.13043397090350395,0.11352889450114113,0.10416111340126988,0.11308358914756794,0.07952583232302339,medium,1e-08,0.24130871985384147
2024-05-09,0.020448967084063595,0.0015363013554710206,0.11134171566364158,0.1082702512883219,0.126460986604676,0.09797594974202076,0.09158113799641653,0.09795772112824283,0.05929811893225033,low,1e-08,0.292815873937667
2024-05-10,0.0021323028519367954,0.09146681050504837,0.11466469420644407,0.1082702512883219,0.12463871353028456,0.09797594974202076,0.09158113799641653,0.09795772112824283,0.05929811893225033,low,1e-08,0.2222495005608095
2024-05-13,0.07283436976721513,0.020448967084063595,0.10836902728925155,0.07910492149052745,0.12094548355000109,0.08878464630250699,0.08264214611711777,0.08882144194482648,0.05713915199784758,medium,1e-08,0.22106773817213474
2024-05-14,0.196573500590032,0.0021323028519367954,0.10302041242994836,0.07910492149052745,0.11726216011400316,0.08878464630250699,0.08264214611711777,0.08882144194482648,0.05713915199784758,high,1e-08,0.2042095075385302
2024-05-15,0.03266250940563586,0.07283436976721513,0.09637122223806159,0.056854361126878784,0.11508118902796073,0.08101535439787717,0.07557043760503884,0.08094944504114267,0.07102814474786862,low,1e-08,0.22610963499119066
2024-05-16,0.022821727406305458,0.196573500590032,0.09626645350850732,0.056854361126878784,0.12152171712108513,0.08101535439787717,0.07557043760503884,0.08094944504114267,0.07102814474786862,low,1e-08,0.18942838247297808
2024-05-17,0.018288158649834522,0.03266250940563586,0.0964351084066244,0.08255102404185091,0.11809100913860465,0.08874634047306565,0.0768369043223937,0.08835382882037206,0.0708357573798935,low,1e-08,0.20234304252083538
2024-05-20,0.03893464233126378,0.022821727406305458,0.09320213282064391,0.08255102404185091,0.11462987013654002,0.08874634047306565,0.0768369043223937,0.08835382882037206,0.0708357573798935,low,1e-08,0.31829815868364214
2024-05-21,0.045709213088351984,0.018288158649834522,0.09254857689292621,0.0827605623621148,0.11122802751409788,0.07882743194464299,0.07053253206784735,0.07852125789462497,0.06156216914601931,medium,1e-08,0.2134694967151429
2024-05-22,0.11595173338170431,0.03893464233126378,0.08802021390085152,0.0827605623621148,0.10826046388596396,0.07882743194464299,0.07053253206784735,0.07852125789462497,0.06156216914601931,medium,1e-08,0.2436789968482063
2024-05-23,0.10503195475912688,0.045709213088351984,0.0834527850065154,0.043842513389713636,0.10555789069522582,0.07271612270900547,0.06801725305737889,0.07227294939189224,0.08326188505759699,medium,1e-08,0.24416831871891453
2024-05-24,0.011095702036908349,0.11595173338170431,0.08016079232930734,0.043842513389713636,0.10621020882757475,0.07271612270900547,0.06801725305737889,0.07227294939189224,0.08326188505759699,low,1e-08,0.24623042238583992
2024-05-28,0.1111642583850285,0.10503195475912688,0.08459251037098758,0.06653128264422445,0.10613988243293192,0.07852535775268461,0.07669864498279651,0.07777562931408577,0.08288162980602143,medium,1e-08,0.3104394380284542
2024-05-29,0.10530491600610853,0.011095702036908349,0.08235564265674004,0.06653128264422445,0.1029423189972206,0.07852535775268461,0.07669864498279651,0.07777562931408577,0.08288162980602143,medium,1e-08,0.21361729743094154
2024-05-30,0.14458623586364766,0.1111642583850285,0.08057246054260905,0.07325948727042533,0.10345406380916893,0.07733288887536134,0.081160385814016,0.07648026096729806,0.09116958770873021,high,1e-08,0.24326813732099267
2024-05-31,0.012944042817172725,0.10530491600610853,0.08280357458509405,0.07325948727042533,0.10356604771650271,0.07733288887536134,0.081160385814016,0.07648026096729806,0.09116958770873021,low,1e-08,0.2617954136200263
2024-06-03,0.017747360199130015,0.14458623586364766,0.07794515421232509,0.0806509647612937,0.10647385332236738,0.08520440212925715,0.08498596790950559,0.08417345435704814,0.0879679554725269,low,1e-08,0.2584571507771126
2024-06-04,0.18866739505828675,0.012944042817172725,0.07619034316727419,0.0806509647612937,0.10327891096202259,0.08520440212925715,0.08498596790950559,0.08417345435704814,0.0879679554725269,high,1e-08,0.24360696778127564
2024-06-05,0.0002951443860460929,0.017747360199130015,0.07024782680644842,0.07599222544597924,0.10022694034127534,0.07577199918016662,0.07640205916989877,0.07495783892215603,0.08612893840729172,low,1e-08,0.26876402770075136
2024-06-06,0.019297975381747486,0.18866739505828675,0.06987956138982511,0.07599222544597924,0.10760314286045707,0.07577199918016662,0.07640205916989877,0.07495783892215603,0.08612893840729172,low,1e-08,0.29362865880498645
2024-06-07,0.04904336124596502,0.0002951443860460929,0.062441575143420455,0.08176362094178229,0.1043251426974992,0.08371928411566529,0.07587765611152758,0.08286179209560594,0.07863788558885049,medium,1e-08,0.24373371861314128
2024-06-10,0.03823672232258334,0.019297975381747486,0.06252251005954845,0.08176362094178229,0.1012573749716653,0.08371928411566529,0.07587765611152758,0.08286179209560594,0.07863788558885049,low,1e-08,0.24098621061651032
2024-06-11,0.13037303772224354,0.04904336124596502,0.06468192187275272,0.06984312624664998,0.09890494276789921,0.07608328323215752,0.07048210341681328,0.07536353771693356,0.08274307689957794,high,1e-08,0.2402732338490674
2024-06-12,0.03196384725263611,0.03823672232258334,0.0622623724099134,0.06984312624664998,0.0963482187574041,0.07608328323215752,0.07048210341681328,0.07536353771693356,0.08274307689957794,low,1e-08,0.22232597792313594
2024-06-13,0.009660451629687955,0.13037303772224354,0.06725892107528521,0.055261235349484086,0.09872096150340438,0.07857128738368271,0.06963635135780531,0.07770455618875063,0.08011764316846473,low,1e-08,0.2566117658089253
2024-06-14,0.12634146802810792,0.03196384725263611,0.0686149003662261,0.055261235349484086,0.09603322236402694,0.07857128738368271,0.06963635135780531,0.07770455618875063,0.08011764316846473,high,1e-08,0.25387583767910815
2024-06-17,0.04033426372178705,0.009660451629687955,0.06574335863270213,0.05860564620462857,0.09313772849550764,0.07120901217425749,0.06514428395124461,0.07035811765478596,0.08655915296403577,low,1e-08,0.24257790709875238
2024-06-18,0.04312359492542065,0.12634146802810792,0.06255099351625103,0.05860564620462857,0.09545621128954662,0.07120901217425749,0.06514428395124461,0.07035811765478596,0.08655915296403577,low,1e-08,0.2917493227546552
2024-06-20,0.021279420899196686,0.04033426372178705,0.06289970962153063,0.06712384477394803,0.09307408955841584,0.0735666528172162,0.06515642113315827,0.07258749855649997,0.07941784356815842,low,1e-08,0.2354994677983294
2024-06-21,0.05160572741055289,0.04312359492542065,0.06382252178149041,0.06712384477394803,0.0908548162986302,0.0735666528172162,0.06515642113315827,0.07258749855649997,0.07941784356815842,medium,1e-08,0.2751688796616584
2024-06-24,0.0611321526325162,0.021279420899196686,0.06395848824737052,0.05524078237009199,0.08824109366506447,0.06801588789418238,0.06370583318287336,0.06700118602067455,0.08383282467050099,medium,1e-08,0.21060941252325163
2024-06-25,0.019811978313612127,0.05160572741055289,0.06453444666006548,0.05524078237009199,0.08648173356627754,0.06801588789418238,0.06370583318287336,0.06700118602067455,0.08383282467050099,low,1e-08,0.3113906328929337
2024-06-26,0.025026533409631138,0.0611321526325162,0.0652354893666184,0.044132854633248245,0.08517378253500318,0.0663528082690064,0.06377447297480766,0.0652067546152506,0.07135627897969984,low,1e-08,0.28130625737863707
2024-06-27,0.062469662155657635,0.019811978313612127,0.060865500499886926,0.044132854633248245,0.08272151900517033,0.0663528082690064,0.06377447297480766,0.0652067546152506,0.07135627897969984,medium,1e-08,0.25099829168224796
2024-06-28,0.03266978673177873,0.025026533409631138,0.05722889043854622,0.040089962722596975,0.08043542979683513,0.06195424115216837,0.060659054164809115,0.06061835651881262,0.08004530196113532,low,1e-08,0.24188211026763554
2024-07-01,0.10683131712545407,0.062469662155657635,0.05956407044394391,0.040089962722596975,0.07947209816027268,0.06195424115216837,0.060659054164809115,0.06061835651881262,0.08004530196113532,medium,1e-08,0.2876308655688213
2024-07-02,0.07084389161947265,0.03266978673177873,0.05599613991425074,0.041981935182304676,0.07746550471495199,0.061023447216915466,0.06207347727312041,0.05947026731422612,0.07371451113446517,medium,1e-08,0.2565683189112847
2024-07-03,0.09153987855438185,0.10683131712545407,0.0560655217833119,0.041981935182304676,0.07953380397430564,0.061023447216915466,0.06207347727312041,0.05947026731422612,0.07371451113446517,medium,1e-08,0.20622483169994923
2024-07-05,0.018314665992961277,0.07084389161947265,0.0527135970449403,0.052949553099908474,0.07903935624063099,0.06692354393213819,0.06295835021533465,0.06541728798711142,0.07720320903501723,low,1e-08,0.2970241395047855
2024-07-08,0.01543764132381626,0.09153987855438185,0.05628613503299527,0.052949553099908474,0.0798445966035425,0.06692354393213819,0.06295835021533465,0.06541728798711142,0.07720320903501723,low,1e-08,0.28642434455326976
2024-07-09,0.15708313535408486,0.018314665992961277,0.0563119216599876,0.05828284079789098,0.07754208953724105,0.0663117399669897,0.06173788236502707,0.06483518777512298,0.07172714869386082,high,1e-08,0.22409135684482545
2024-07-10,0.1368762348609927,0.01543764132381626,0.04843784194478439,0.05828284079789098,0.07527488530042398,0.0663117399669897,0.06173788236502707,0.06483518777512298,0.07172714869386082,high,1e-08,0.23658587074185075
2024-07-11,0.10012560186049188,0.15708313535408486,0.055564568806967966,0.06332646775207043,0.08250355471331312,0.0760670831342722,0.06547543739135221,0.0745640196220083,0.08412533969952912,medium,1e-08,0.273188191612048
2024-07-12,0.04365858136877983,0.1368762348609927,0.06090903514693366,0.06332646775207043,0.08673253465739365,0.0760670831342722,0.06547543739135221,0.0745640196220083,0.08412533969952912,low,1e-08,0.25355110466105985
2024-07-15,0.0941406501126943,0.10012560186049188,0.06323095517486671,0.07585642923797377,0.08759388553367053,0.08203796000692787,0.07872667666921587,0.08077084698579534,0.08717304036261209,medium,1e-08,0.25939977760832533
2024-07-16,0.2225809712584506,0.04365858136877983,0.06347740331333017,0.07585642923797377,0.08559609663729235,0.08203796000692787,0.07872667666921587,0.08077084698579534,0.08717304036261209,high,1e-08,0.2492144519241546
2024-07-17,0.12199440426311763,0.0941406501126943,0.06183047660380522,0.0809313707383648,0.08613267657623727,0.07839273543717745,0.07357925164123608,0.07731600493756569,0.10840251485851726,medium,1e-08,0.2750645275213755
2024-07-18,0.10541633494669564,0.2225809712584506,0.07049489133134224,0.0809313707383648,0.09973086293478467,0.07839273543717745,0.07357925164123608,0.07731600493756569,0.10840251485851726,medium,1e-08,0.25843974944735904
2024-07-19,0.1636667956734674,0.12199440426311763,0.07560098008740722,0.09434780825590343,0.10120488328487208,0.09633289146631584,0.10896211010820539,0.09555150883611284,0.11993775190960386,high,1e-08,0.30949438508685956
2024-07-22,0.02489950450171969,0.10541633494669564,0.07464983767461576,0.09434780825590343,0.10146250005335933,0.09633289146631584,0.10896211010820539,0.09555150883611284,0.11993775190960386,low,1e-08,0.27404272074049085
2024-07-23,0.3597592624746026,0.1636667956734674,0.0802558618542376,0.10539540843101275,0.10622697295138601,0.09908291625156335,0.10440806445031656,0.09862739129220556,0.11412229644998823,high,1e-08,0.303579872117052
2024-07-24,0.08271059262146857,0.02489950450171969,0.07942749410770573,0.10539540843101275,0.10317130761474091,0.09908291625156335,0.10440806445031656,0.09862739129220556,0.11412229644998823,medium,0.008272864601491993,0.2910215125448733
2024-07-25,0.177788076201075,0.3597592624746026,0.09481294145204236,0.13131638376414934,0.13330890145903826,0.13169301102447167,0.15839212879006948,0.13151728962655118,0.14314172847777765,high,1e-08,0.3043258586863596
2024-07-26,0.009332529832453784,0.08271059262146857,0.09622679896162945,0.13131638376414934,0.13082602930468504,0.13169301102447167,0.15839212879006948,0.13151728962655118,0.14314172847777765,low,0.028821207404340392,0.3162759401715967
2024-07-29,0.08042761606879041,0.177788076201075,0.10152934094201846,0.14081531104538011,0.134108310515677,0.12399499579973824,0.13913185090241803,0.1240871544445114,0.11898173113103923,medium,1e-08,0.29196841799685624
2024-07-30,0.25803354653301513,0.009332529832453784,0.10105300237469308,0.14081531104538011,0.13004292514086074,0.12399499579973824,0.13913185090241803,0.1240871544445114,0.11898173113103923,high,1e-08,0.26920986725913676
2024-07-31,0.22479934096980214,0.08042761606879041,0.10357123340465488,0.1368856817382595,0.12761116221565627,0.10874204384824138,0.12215310636050021,0.10877956182729823,0.10651085300013352,high,1e-08,0.28870249374134005
2024-08-01,0.2955541191622094,0.25803354653301513,0.11246050087635294,0.1368856817382595,0.13893311652335832,0.10874204384824138,0.12215310636050021,0.10877956182729823,0.10651085300013352,high,1e-08,0.24717782927503426
2024-08-02,0.46232621392922013,0.22479934096980214,0.12119366243262673,0.13144203700553508,0.14552096356507166,0.12958362541790217,0.13761712392945677,0.12964937573589644,0.17919109736782385,high,0.04305178279125279,0.39187169613758455
2024-08-05,0.14635542402198817,0.2955541191622094,0.12977197161611562,0.13144203700553508,0.15857775388722553,0.12958362541790217,0.13761712392945677,0.12964937573589644,0.17919109736782385,high,0.04922552491533538,0.3173517704023405
2024-08-06,0.10610420201493545,0.46232621392922013,0.14756662263019507,0.20309710093171926,0.19095240629908297,0.18557146862877547,0.22402413716933456,0.1855911899762234,0.24678734637065966,medium,0.11161781002825333,0.39242511988429235
2024-08-07,0.3669769228444742,0.14635542402198817,0.15005823833326806,0.20309710093171926,0.18857424742409767,0.18557146862877547,0.22402413716933456,0.1855911899762234,0.24678734637065966,high,0.133725076716476,0.48059559039686894
2024-08-08,0.07000078935701813,0.10610420201493545,0.15404867178881235,0.2025029453148678,0.1846675880743139,0.16258648946291848,0.191871929871838,0.16295587033334066,0.20729480173818499,medium,0.08881525529561499,0.3520908602980287
2024-08-09,0.00833953194287772,0.3669769228444742,0.17002773003975136,0.2025029453148678,0.20034049693982836,0.16258648946291848,0.191871929871838,0.16295587033334066,0.20729480173818499,low,0.08919974179610095,0.4302688096761988
2024-08-12,0.26106486227493786,0.07000078935701813,0.16606944158533923,0.20693598524588866,0.19499267284154007,0.16659333114057578,0.17215944508725564,0.16717368691168857,0.15378935543248687,high,0.03854866908484173,0.30663452701669935
2024-08-13,0.050079655182992094,0.00833953194287772,0.16022686417997034,0.20693598524588866,0.1890634464452507,0.16659333114057578,0.17215944508725564,0.16717368691168857,0.15378935543248687,medium,0.018415392906705255,0.29869908888708463
2024-08-14,0.27209480990875784,0.26106486227493786,0.1675422851078997,0.16344238929462496,0.1941380419024791,0.15788902084976597,0.15224702911753762,0.1585886351080412,0.11678453846346173,high,1e-08,0.2528956703719896
2024-08-15,0.03559210442092462,0.050079655182992094,0.16783415209945482,0.16344238929462496,0.18862312389179609,0.15788902084976597,0.15224702911753762,0.1585886351080412,0.11678453846346173,low,1e-08,0.3121964804423629
2024-08-16,0.15178204073517024,0.27209480990875784,0.17592297754473044,0.14309761263180343,0.19464351268268576,0.15357676920154642,0.13790443728162213,0.15435797760336656,0.07549652972088303,high,1e-08,0.29462394258794566
2024-08-19,0.02581552509689492,0.03559210442092462,0.16742348359757017,0.14309761263180343,0.18891516371512945,0.15357676920154642,0.13790443728162213,0.15435797760336656,0.07549652972088303,low,1e-08,0.24087877411049796
2024-08-20,0.054553587522568614,0.15178204073517024,0.16877746707357255,0.1514402551941842,0.18689534507313788,0.13723283577683018,0.12227497156522886,0.13802293323713102,0.07493783679285738,medium,1e-08,0.2365694038661071
2024-08-21,0.12459231446361603,0.02581552509689492,0.16515924844403615,0.1514402551941842,0.18131206327646415,0.13723283577683018,0.12227497156522886,0.13802293323713102,0.07493783679285738,high,1e-08,0.24020583813813332
2024-08-22,0.16867513444005408,0.054553587522568614,0.16019955716444986,0.12877854025276145,0.1762957346814987,0.11836156084293468,0.10636698736722858,0.11917497532826127,0.10447545548678583,high,1e-08,0.2506574624144823
2024-08-23,0.03783957318956046,0.12459231446361603,0.16473104852635426,0.12877854025276145,0.1736282511352345,0.11836156084293468,0.10636698736722858,0.11917497532826127,0.10447545548678583,low,1e-08,0.26719067139814795
2024-08-26,0.02179196844957576,0.16867513444005408,0.15604540634296568,0.11017540374485336,0.17333505552958833,0.1160651141747637,0.10506796504269002,0.11678633155777246,0.11142821187602939,low,1e-08,0.2667697901344065
2024-08-27,0.09215373982527311,0.03783957318956046,0.15400581455060622,0.11017540374485336,0.1683099788630158,0.1160651141747637,0.10506796504269002,0.11678633155777246,0.11142821187602939,medium,1e-08,0.28036814080950884
2024-08-28,0.0014193491668947544,0.02179196844957576,0.14691508238008352,0.10034446439821791,0.16326986077997108,0.1008646685321814,0.09384476286249868,0.10138012295437794,0.10733331196400013,low,0.006983901848578584,0.2775508732746061
2024-08-29,0.15153962871205212,0.09215373982527311,0.15067968283430255,0.10034446439821791,0.159897352381431,0.1008646685321814,0.09384476286249868,0.10138012295437794,0.10733331196400013,high,1e-08,0.2979652243268173
2024-08-30,0.3266779268532853,0.0014193491668947544,0.1470883979751255,0.09455349751421314,0.15502662472555956,0.09075815638214392,0.08846294921220689,0.09113622148731362,0.07921827348520366,high,1e-08,0.24139095307541777
2024-09-03,0.032496740006047235,0.15153962871205212,0.1422477653468999,0.09455349751421314,0.15481961973723712,0.09075815638214392,0.08846294921220689,0.09113622148731362,0.07921827348520366,low,1e-08,0.23060639978304842
2024-09-04,0.038609221947993044,0.3266779268532853,0.1468786101597855,0.13428391877936574,0.17010019356202205,0.1260683930831851,0.13987591639188404,0.12619236277914547,0.12157627148293504,low,1e-08,0.26421369572341596
2024-09-05,0.2671687046486234,0.032496740006047235,0.13492145656177812,0.13428391877936574,0.165110246761091,0.1260683930831851,0.13987591639188404,0.12619236277914547,0.12157627148293504,high,1e-08,0.263335988380267
2024-09-06,0.1777323346050396,0.038609221947993044,0.11566159328990416,0.1290875397603721,0.16035944091803148,0.1092757946883868,0.12230117673485383,0.10944335120195416,0.1432623978058174,high,1e-08,0.2829811015874904
2024-09-09,0.0691459586829554,0.2671687046486234,0.12115310604566032,0.1290875397603721,0.16868606426930594,0.1092757946883868,0.12230117673485383,0.10944335120195416,0.1432623978058174,medium,1e-08,0.2956693366344962
2024-09-10,0.16285934895275792,0.1777323346050396,0.12440893025430143,0.1537901909672147,0.16924247678345342,0.1256509490540147,0.13830824634444064,0.1259288506671127,0.1203955703915323,high,0.011705190060269013,0.30405244392321085
2024-09-11,0.13371369508017453,0.0691459586829554,0.11087115915605054,0.1537901909672147,0.16495849419493683,0.1256509490540147,0.13830824634444064,0.1259288506671127,0.1203955703915323,high,1e-08,0.2848520778134293
2024-09-12,0.08290839526898067,0.16285934895275792,0.11509200277403875,0.12651044991850527,0.16483329933941232,0.11814512622924267,0.12335435408114072,0.11838930756388334,0.12827209720307348,medium,1e-08,0.3027065800939234
2024-09-13,0.02344332853946097,0.13371369508017453,0.12079082837118861,0.12651044991850527,0.16313361613097702,0.11814512622924267,0.12335435408114072,0.11838930756388334,0.12827209720307348,low,1e-08,0.33354368532579326
2024-09-16,0.0064858326772388565,0.08290839526898067,0.11269280714364509,0.10796778988648473,0.15946237872807328,0.109785833665155,0.11054083018565139,0.1100209746490788,0.10505873361441131,low,1e-08,0.26034903479755284
2024-09-17,0.04707951068190013,0.02344332853946097,0.11148206502348455,0.10796778988648473,0.15471111981696437,0.109785833665155,0.11054083018565139,0.1100209746490788,0.10505873361441131,medium,1e-08,0.26168462192130143
2024-09-18,0.27088684282827086,0.0064858326772388565,0.09940892969477919,0.08902749823563393,0.15000640893258188,0.09571602017613087,0.09763905919107001,0.09586753048772256,0.09872968506935523,high,1e-08,0.31330510052070254
2024-09-19,0.027441246031122628,0.04707951068190013,0.09993108452482352,0.08902749823563393,0.14589309845623566,0.09571602017613087,0.09763905919107001,0.09586753048772256,0.09872968506935523,low,1e-08,0.2734605769495728
2024-09-20,0.03966761608015301,0.27088684282827086,0.10534493916541897,0.1008135952818209,0.15623856535305014,0.11234254660535521,0.0985714446547036,0.11239968010657059,0.09075951276315755,low,1e-08,0.24259742565792333
2024-09-23,0.04542397945223766,0.027441246031122628,0.10541883557152025,0.1008135952818209,0.15162796992767857,0.11234254660535521,0.0985714446547036,0.11239968010657059,0.09075951276315755,medium,1e-08,0.30413191748169977
2024-09-24,0.035010476393046754,0.03966761608015301,0.10474220050595591,0.10366304395231332,0.14732952852179565,0.0986503441183466,0.08884077846577171,0.09863221729031055,0.0861156883041162,low,1e-08,0.297590909055151
2024-09-25,0.0629349578048547,0.04542397945223766,0.10114363982362051,0.10366304395231332,0.14327397129466315,0.0986503441183466,0.08884077846577171,0.09863221729031055,0.0861156883041162,medium,1e-08,0.22519947184301398
2024-09-26,0.02302035481345909,0.035010476393046754,0.09506797354875655,0.10255299035983534,0.13917373677151665,0.08811557546066182,0.08142784446294897,0.08795762764440417,0.08438365895585276,low,1e-08,0.2547055523773537
2024-09-27,0.0636127791923726,0.0629349578048547,0.09620867284945174,0.10255299035983534,0.13581169979557908,0.08811557546066182,0.08142784446294897,0.08795762764440417,0.08438365895585276,medium,1e-08,0.24446646334705466
2024-09-30,0.14221069399384104,0.02302035481345909,0.09626450859326462,0.05521465875946065,0.1317950110490791,0.0802082936748812,0.07533519716420811,0.07989716812869616,0.0884896960855853,high,1e-08,0.23916489482107423
2024-10-01,0.006698605172318126,0.0636127791923726,0.09496719220086006,0.05521465875946065,0.12872654963827748,0.0802082936748812,0.07533519716420811,0.07989716812869616,0.0884896960855853,low,1e-08,0.3159460460383505
2024-10-02,0.029024870167815162,0.14221069399384104,0.10136679878390308,0.0730449935529206,0.12957517507625432,0.08322207181936765,0.0854064799222624,0.08282234729934367,0.09735617316724143,low,1e-08,0.28816842878398496
2024-10-03,0.14426117347416662,0.006698605172318126,0.09478311589573334,0.0730449935529206,0.12563850808949745,0.08322207181936765,0.0854064799222624,0.08282234729934367,0.09735617316724143,high,1e-08,0.2178540562851616
2024-10-04,0.14351624846632513,0.029024870167815162,0.08125343150093924,0.06663120564861758,0.1220183560672448,0.07504103338660603,0.07828624380142517,0.07447760735995256,0.08070597863311457,high,1e-08,0.2921811993841494
2024-10-07,0.1501355679469437,0.14426117347416662,0.0863336330222174,0.06663120564861758,0.12346597764015957,0.07504103338660603,0.07828624380142517,0.07447760735995256,0.08070597863311457,high,1e-08,0.3012353123105472
2024-10-08,0.10995589796595236,0.14351624846632513,0.09110213422759612,0.08895329299665375,0.12475989576379437,0.08601481522544872,0.08912022883181583,0.08554589666999439,0.08335962701621966,medium,1e-08,0.27194844805223195
2024-10-09,0.027783067444872474,0.1501355679469437,0.08578244619570159,0.08895329299665375,0.12642614848716363,0.08601481522544872,0.08912022883181583,0.08554589666999439,0.08335962701621966,low,1e-08,0.23607627873476622
2024-10-10,0.09506252001248097,0.10995589796595236,0.08270169907574308,0.09353374542260742,0.12549890330146468,0.09002634222118173,0.08516940175833125,0.08963066445551371,0.09904963154406823,medium,1e-08,0.2602903411658461
2024-10-11,0.12982375712731542,0.027783067444872474,0.08082156765583022,0.09353374542260742,0.12186586961195058,0.09002634222118173,0.08516940175833125,0.08963066445551371,0.09904963154406823,high,1e-08,0.2823844780654153
2024-10-14,0.12333903103838044,0.09506252001248097,0.07773989361309036,0.08701183340460007,0.12042601765552045,0.08430553315445403,0.07976314338319018,0.08388804192855119,0.09947875203403059,high,1e-08,0.32198024732411024
2024-10-15,0.0689985131152613,0.12982375712731542,0.07756307825159678,0.08701183340460007,0.12101046508275551,0.08430553315445403,0.07976314338319018,0.08388804192855119,0.09947875203403059,medium,1e-08,0.29835035451253133
2024-10-16,0.0013617693579306889,0.12333903103838044,0.07940083442293312,0.08097108620208654,0.12115144115783888,0.08806561717734021,0.08517557223134557,0.08773958827265209,0.09908785209223031,low,1e-08,0.2881311182543062
2024-10-17,0.061062665070628144,0.0689985131152613,0.08147152463092405,0.08097108620208654,0.11867037996766941,0.08806561717734021,0.08517557223134557,0.08773958827265209,0.09908785209223031,medium,1e-08,0.28127949283343684
2024-10-18,0.026069194252730996,0.0013617693579306889,0.08123861266186459,0.07914462560812827,0.11505568565576332,0.08066983070286803,0.07913062780736348,0.08027440518040815,0.06891089245525625,low,1e-08,0.24484814520652862
2024-10-21,0.008432517305023132,0.061062665070628144,0.08187421058862494,0.07914462560812827,0.1125489275717295,0.08066983070286803,0.07913062780736348,0.08027440518040815,0.06891089245525625,low,1e-08,0.24466329851697166
2024-10-22,0.14505213358272767,0.026069194252730996,0.07074613565337314,0.05970615901072271,0.1093069147173811,0.07482684632148018,0.07452609600282298,0.07428495181986766,0.06906081914366097,high,1e-08,0.20828569560801705
2024-10-23,0.034333935691500526,0.008432517305023132,0.06988210252945952,0.05970615901072271,0.10599711293057386,0.07482684632148018,0.07452609600282298,0.07428495181986766,0.06906081914366097,low,1e-08,0.22495116781052957
2024-10-24,0.005479258313305964,0.14505213358272767,0.07467230787048564,0.059220890350729104,0.108736709349023,0.07817333200730456,0.08333887603608679,0.07770028665725252,0.078647545463441,low,1e-08,0.20338936865464435
2024-10-25,0.04907145339391984,0.034333935691500526,0.07416821497227032,0.059220890350729104,0.10575906954419917,0.07817333200730456,0.08333887603608679,0.07770028665725252,0.078647545463441,medium,1e-08,0.3117831867199371
2024-10-28,0.025691186725548962,0.005479258313305964,0.07282588687773665,0.06002924247237148,0.10254600567405493,0.0716502043728485,0.0773852929088773,0.07103738517738996,0.06929944258945872,low,1e-08,0.21545210755999517
2024-10-29,0.04802744919588775,0.04907145339391984,0.07219572758633051,0.06002924247237148,0.10014600708571764,0.0716502043728485,0.0773852929088773,0.07103738517738996,0.06929944258945872,medium,1e-08,0.25137954186157
2024-10-30,0.31118727381841355,0.025691186725548962,0.07231712903688005,0.06140787692858394,0.09729887766887073,0.06730473133254884,0.07255898392619545,0.06653837925022373,0.0672917371227072,high,1e-08,0.23203051428491694
2024-10-31,0.06699757782565749,0.04802744919588775,0.07160870494613074,0.06140787692858394,0.09506547981502209,0.06730473133254884,0.07255898392619545,0.06653837925022373,0.0672917371227072,medium,1e-08,0.22570139443448556
2024-11-01,0.034192212254092844,0.31118727381841355,0.0792894585745204,0.10063386917648741,0.11960539238890916,0.10295215560790572,0.11915061304438489,0.10272101230061186,0.08588158646024721,low,1e-08,0.2557801398588974
2024-11-04,0.19195339716457616,0.06699757782565749,0.08203032096785401,0.10063386917648741,0.11711722085698985,0.10295215560790572,0.11915061304438489,0.10272101230061186,0.08588158646024721,high,1e-08,0.2255557597971177
2024-11-05,0.3947271827365594,0.034192212254092844,0.08226520015359391,0.10789986579896121,0.11385782036697689,0.09304218664033383,0.10757160052711591,0.09265998036379439,0.08691781587262591,high,1e-08,0.2332934363615539
2024-11-06,0.12274433028920567,0.19195339716457616,0.08443302850315798,0.10789986579896121,0.11998563857469335,0.09304218664033383,0.10757160052711591,0.09265998036379439,0.08691781587262591,medium,1e-08,0.22766083426745481
2024-11-07,0.06876261920032162,0.3947271827365594,0.09585170733362315,0.16330868703437454,0.15126577003339126,0.14012943113949103,0.11420352766922419,0.14035750594941265,0.09807138258807414,medium,1e-08,0.2544353314628554
2024-11-08,0.01512729374899806,0.12274433028920567,0.09460665107645326,0.16330868703437454,0.14970779348402624,0.14012943113949103,0.11420352766922419,0.14035750594941265,0.09807138258807414,low,1e-08,0.30375893240505303
2024-11-11,0.04931332613952581,0.06876261920032162,0.09273422931437914,0.14854738837675685,0.14612110009174517,0.1261494811979082,0.10402338226656063,0.1263375996628072,0.10999143061750052,medium,1e-08,0.22356788944641875
2024-11-12,0.007713004282026605,0.01512729374899806,0.09215896687365756,0.14854738837675685,0.14171811260199102,0.1261494811979082,0.10402338226656063,0.1263375996628072,0.10999143061750052,low,1e-08,0.27127169329178613
2024-11-13,0.10207500934476038,0.04931332613952581,0.09007945806125052,0.13793999132794113,0.13793074451042073,0.11085048665522396,0.09549246651198205,0.11099213205334484,0.11465572363844917,medium,1e-08,0.24528234647960734
2024-11-14,0.20333030961585905,0.007713004282026605,0.08452896929555556,0.13793999132794113,0.13374216347296874,0.11085048665522396,0.09549246651198205,0.11099213205334484,0.11465572363844917,high,1e-08,0.2757410778734612
2024-11-15,0.06504223436076073,0.10207500934476038,0.08356242285493648,0.06298849448912247,0.13205645294709553,0.10116148895514994,0.09308914534323075,0.10123832017092602,0.11023418783003414,medium,1e-08,0.27546460703432285
2024-11-18,0.058030672173063784,0.20333030961585905,0.08966841360496365,0.06298849448912247,0.13737963913032825,0.10116148895514994,0.09308914534323075,0.10123832017092602,0.11023418783003414,medium,1e-08,0.2904498364634867
2024-11-19,0.005379939130866273,0.06504223436076073,0.09256298019600137,0.09269419614608339,0.1341439706724192,0.10343383788838471,0.10466462658170268,0.10346149833825757,0.11204218443377871,low,1e-08,0.3008725368726603
2024-11-20,0.08521642239463294,0.058030672173063784,0.09242516233702118,0.09269419614608339,0.13083188491521688,0.10343383788838471,0.10466462658170268,0.10346149833825757,0.11204218443377871,medium,1e-08,0.2519348867958616
2024-11-21,0.04920285260081934,0.005379939130866273,0.0914847416496637,0.09411757755736608,0.12685306385162143,0.09262957413452384,0.09498386624620891,0.0926339782336685,0.09219902519699531,medium,1e-08,0.2355620098181134
2024-11-22,0.05384709172654259,0.08521642239463294,0.09497491915373688,0.09411757755736608,0.12474737728215116,0.09262957413452384,0.09498386624620891,0.0926339782336685,0.09219902519699531,medium,1e-08,0.30420874290046657
2024-11-25,0.08288678932745774,0.04920285260081934,0.09061813365455922,0.06461105267418522,0.12154607724107068,0.08630471415733457,0.08756750158349634,0.08618904467960199,0.08835481512973643,medium,1e-08,0.2517827354336665
2024-11-26,0.04809907108395414,0.05384709172654259,0.09150509529251566,0.06461105267418522,0.11857914030880465,0.08630471415733457,0.08756750158349634,0.08618904467960199,0.08835481512973643,medium,1e-08,0.24341065435954654
2024-11-27,0.09861182619374807,0.08288678932745774,0.09502361942952256,0.0663753988445092,0.11674572778518935,0.08175807528149157,0.08141450831233324,0.08146835629144736,0.09728415437407545,medium,1e-08,0.25800046990468134
2024-11-29,0.028452863679591666,0.04809907108395414,0.09497942023361504,0.0663753988445092,0.11380071307806588,0.08175807528149157,0.08141450831233324,0.08146835629144736,0.09728415437407545,low,1e-08,0.24723257517797176
2024-12-02,0.00736558836645516,0.09861182619374807,0.09829399475489682,0.07052912516919915,0.11294699506922552,0.07952405076232948,0.07798708275058928,0.07905237994636762,0.07960308634408522,low,1e-08,0.26135916487965766
2024-12-03,0.09857275996630714,0.028452863679591666,0.09740424086779244,0.07052912516919915,0.10972773669656985,0.07952405076232948,0.07798708275058928,0.07905237994636762,0.07960308634408522,medium,1e-08,0.23037137396786514
2024-12-04,0.026124718882216746,0.00736558836645516,0.0835941642563398,0.06402350048290145,0.10640028544152359,0.07275086404130605,0.07264294180508528,0.07203900237189999,0.07335467940631754,low,1e-08,0.23226418696688933
2024-12-05,0.030093926201120846,0.09857275996630714,0.08502939980818751,0.06402350048290145,0.10594694350455774,0.07275086404130605,0.07264294180508528,0.07203900237189999,0.07335467940631754,low,1e-08,0.28574087322046554
2024-12-06,0.08174778308181767,0.026124718882216746,0.0846626955640113,0.06499949616916317,0.10291850953002071,0.07184854465751932,0.07039097993065246,0.07096035139321437,0.034990295407315825,medium,1e-08,0.17501458477437137
2024-12-09,0.049355732007607386,0.030093926201120846,0.07730544688385425,0.06499949616916317,0.10005511027079035,0.07184854465751932,0.07039097993065246,0.07096035139321437,0.034990295407315825,medium,1e-08,0.20769737300661936
2024-12-10,0.12271884686258722,0.08174778308181767,0.06307911053591146,0.051115816876433316,0.09905213570715944,0.07056838597190628,0.07241491704521831,0.06947057653805559,0.06984161365717412,medium,1e-08,0.25188574399780217
2024-12-11,0.08179326472613212,0.049355732007607386,0.059743265159475166,0.051115816876433316,0.09679258933296991,0.07056838597190628,0.07241491704521831,0.06947057653805559,0.06984161365717412,medium,1e-08,0.20472287994728663
2024-12-12,0.003154655636410365,0.12271884686258722,0.06219582096230542,0.05685931745542397,0.09854071215143057,0.07473359474395724,0.07255490803458638,0.07356562643834275,0.07213387165136037,low,1e-08,0.2928290899258434
2024-12-13,0.06778552684240897,0.08179326472613212,0.06522609237035698,0.05685931745542397,0.09761692437024422,0.07473359474395724,0.07255490803458638,0.07356562643834275,0.07213387165136037,medium,1e-08,0.2771896866233973
2024-12-16,0.0654021879343451,0.003154655636410365,0.06312797098385173,0.06305405256081029,0.09464627409056671,0.07173552501416224,0.07312089458844072,0.07048044122660105,0.05397840400270784,medium,1e-08,0.22854231344088474
2024-12-17,0.47311706126514164,0.06778552684240897,0.06585854019114185,0.06305405256081029,0.09325306872286432,0.07173552501416224,0.07312089458844072,0.07048044122660105,0.05397840400270784,high,1e-08,0.22760561753364092
2024-12-18,0.004873463113287094,0.0654021879343451,0.06419159376339569,0.06168439587042681,0.091820550574767,0.07090788888382638,0.07301065262958048,0.06956388089761248,0.1308954770523807,low,0.011356166712946479,0.3005462418308048
2024-12-19,0.19066696110786438,0.47311706126514164,0.07645462792927216,0.06168439587042681,0.14613534109513682,0.07090788888382638,0.07301065262958048,0.06956388089761248,0.1308954770523807,high,5.963742343172601e-05,0.29603056312455817
2024-12-20,0.09506335548387021,0.004873463113287094,0.07371968378165973,0.15056269159465088,0.14168849875884582,0.13484270201008544,0.1640834296999923,0.13375290191373063,0.15071638644942692,medium,1e-08,0.31395621731539547
2024-12-23,0.17644286973791565,0.19066696110786438,0.07974860600596885,0.15056269159465088,0.14509419782744518,0.13484270201008544,0.1640834296999923,0.13375290191373063,0.15071638644942692,high,1e-08,0.29682601834217653
2024-12-24,0.0010560303316680423,0.09506335548387021,0.08382512493110539,0.16091328349895662,0.14258825043442244,0.12714308337692945,0.14346865688113924,0.1269723370754849,0.1451498983258013,low,0.011658432418710124,0.2909540822561518
2024-12-26,0.1671032315851717,0.17644286973791565,0.08797178162852734,0.16091328349895662,0.14484284514298132,0.12714308337692945,0.14346865688113924,0.1269723370754849,0.1451498983258013,high,0.0035261222281906535,0.2817002331742134
2024-12-27,0.18115203743774352,0.0010560303316680423,0.08578328970720227,0.10140962410883607,0.14043058681701265,0.11766000607716787,0.12641450560483733,0.11799502746546514,0.1513913328946871,high,0.011839472209733165,0.3149420047725155
2024-12-30,0.05775393391803436,0.1671032315851717,0.09093129606441268,0.10140962410883607,0.1421721285319902,0.11766000607716787,0.12641450560483733,0.11799502746546514,0.1513913328946871,medium,0.01725097683194192,0.3113865249023545
2024-12-31,0.03900268698857543,0.18115203743774352,0.09539789825124384,0.11030242067022202,0.14480712317945024,0.12040253757752029,0.136908701147539,0.12081739139267539,0.146865622940905,low,0.020373601772291604,0.2814111141045773
2025-01-02,0.1984847928158565,0.05775393391803436,0.09583675565279295,0.11030242067022202,0.14110665385118623,0.12040253757752029,0.136908701147539,0.12081739139267539,0.146865622940905,high,1e-08,0.30881904730209353
2025-01-03,0.09144940922257948,0.03900268698857543,0.0931272493252851,0.09729999751036207,0.13714115017365688,0.10568805005428353,0.12094441323622522,0.1062683806016054,0.12318709574756456,medium,1e-08,0.32199834704306246
2025-01-06,0.17944566226763398,0.1984847928158565,0.10085597337693351,0.09729999751036207,0.1415733242720729,0.10568805005428353,0.12094441323622522,0.1062683806016054,0.12318709574756456,high,1e-08,0.3012233818828775
2025-01-07,0.02319001490609195,0.09144940922257948,0.10467796523403008,0.10720976386368443,0.139076257655821,0.10769605340510263,0.11052683538451619,0.10810627502286901,0.13176365990066854,low,1e-08,0.29247997543127446
2025-01-08,0.24236376112356176,0.17944566226763398,0.10835400624772676,0.10720976386368443,0.14182283969564136,0.10769605340510263,0.11052683538451619,0.10810627502286901,0.13176365990066854,high,1e-08,0.2837757959900273
2025-01-10,0.024614173527287436,0.02319001490609195,0.10822061061244835,0.10799788461319128,0.13761962576339226,0.10437575612851872,0.11291290730932854,0.10469569686612155,0.14272141783453002,low,0.02275692528881627,0.3666245405012669
2025-01-13,0.02184389019721872,0.24236376112356176,0.1178692394725593,0.10799788461319128,0.14603843081154463,0.10437575612851872,0.11291290730932854,0.10469569686612155,0.14272141783453002,low,0.03151620960155281,0.3509464258021865
2025-01-14,0.28875692987072854,0.024614173527287436,0.11527225722008065,0.11767248049818153,0.14171782290795432,0.1094146353786018,0.12467848577521562,0.10967916692685345,0.119984066309885,high,1e-08,0.2826783454690144
2025-01-15,0.030529439971877764,0.02184389019721872,0.11402171895597206,0.11767248049818153,0.13750466967460037,0.1094146353786018,0.12467848577521562,0.10967916692685345,0.119984066309885,low,1e-08,0.30864995249736277
2025-01-16,0.1593793062921862,0.28875692987072854,0.12156890454725122,0.1297676933737306,0.15091691755493764,0.12275832202606521,0.11745364595684646,0.1230128563700375,0.09347123654766154,high,1e-08,0.267229431058305
2025-01-17,0.14530534202637188,0.030529439971877764,0.11923873069478512,0.1297676933737306,0.1465103540584303,0.12275832202606521,0.11745364595684646,0.1230128563700375,0.09347123654766154,high,1e-08,0.27411348974428873
2025-01-21,0.08923966853759942,0.1593793062921862,0.12633985117913857,0.12160483545161103,0.14731419691257772,0.11485057187235063,0.10733361552581995,0.1152295438587901,0.04301314860885902,medium,1e-08,0.23303898824035923
2025-01-22,0.08664340490664782,0.14530534202637188,0.129863479142046,0.12160483545161103,0.14719443875555188,0.11485057187235063,0.10733361552581995,0.1152295438587901,0.04301314860885902,medium,1e-08,0.20574010168125847
2025-01-23,0.04634210561893723,0.08923966853759942,0.13094700098764844,0.13391329735129756,0.14437469909568726,0.10900041939362301,0.09929527303869765,0.1093175611914089,0.06694843343088293,medium,1e-08,0.20524249443440992
2025-01-24,0.22455075077674005,0.08664340490664782,0.11338001660771692,0.13391329735129756,0.14157625256892858,0.10900041939362301,0.09929527303869765,0.1093175611914089,0.06694843343088293,high,1e-08,0.2417690074931744
2025-01-27,0.1363992417665078,0.04634210561893723,0.11526495490342827,0.09710802300283701,0.13773184315605885,0.0992658138954337,0.09240632423167842,0.09907373794668077,0.10425503298403957,high,1e-08,0.2601453816509081
2025-01-28,0.07116414263320675,0.22455075077674005,0.11680512716110442,0.09710802300283701,0.1444203564684672,0.0992658138954337,0.09240632423167842,0.09907373794668077,0.10425503298403957,medium,1e-08,0.23790395264251224
2025-01-29,0.08519972839313063,0.1363992417665078,0.11868403108304251,0.10635891116909402,0.14395169394626478,0.10884060375555658,0.10864928300456857,0.10927787804736844,0.11541134119191065,medium,1e-08,0.3368699490408401
2025-01-30,0.0844833325573696,0.07116414263320675,0.11389863439646483,0.10635891116909402,0.1406507194805711,0.10884060375555658,0.10864928300456857,0.10927787804736844,0.11541134119191065,medium,1e-08,0.37126351187917267
2025-01-31,0.10682823313546161,0.08519972839313063,0.11772334794471312,0.10542266291188382,0.13795364083660117,0.10041633106631176,0.10288153720620694,0.10020608184527795,0.12096490945197004,medium,1e-08,0.34125806829897687
2025-02-03,0.10648974291607087,0.0844833325573696,0.11396789798890396,0.10542266291188382,0.1353424567815638,0.10041633106631176,0.10288153720620694,0.10020608184527795,0.12096490945197004,medium,0.0022088818337825363,0.27542947793097716
2025-02-04,0.06436483409927275,0.10682823313546161,0.11058954324789115,0.08632468814226123,0.1338030719187716,0.09600525605055685,0.10271219623453037,0.0954619754436308,0.11284222557949643,medium,1e-08,0.2763928974573248
2025-02-05,0.05517203544221249,0.10648974291607087,0.11280480729325643,0.08632468814226123,0.13232335490149055,0.09600525605055685,0.10271219623453037,0.0954619754436308,0.11284222557949643,medium,1e-08,0.2948863559201245
2025-02-06,0.14530540292952768,0.06436483409927275,0.11395763216192449,0.08296580629024411,0.12925738644023513,0.09152747564472405,0.09766507705130527,0.09068153988804822,0.09882851180491425,high,1e-08,0.2749509192229997
2025-02-07,0.1078051966594235,0.05517203544221249,0.10744341591766794,0.08296580629024411,0.1260462646891564,0.09152747564472405,0.09766507705130527,0.09068153988804822,0.09882851180491425,medium,1e-08,0.3191216706519211
2025-02-10,0.012076321825448762,0.14530540292952768,0.10989141563162014,0.08573394508294828,0.12728401627382083,0.09135873122870515,0.09902862055143888,0.0906243080238316,0.09261756252391093,low,1e-08,0.26637575703455435
2025-02-11,0.05114123268390403,0.1078051966594235,0.10663503083124692,0.08573394508294828,0.1262000997482698,0.09135873122870515,0.09902862055143888,0.0906243080238316,0.09261756252391093,medium,1e-08,0.31186030757755007
2025-02-12,0.16759619895595676,0.012076321825448762,0.10612986296394497,0.08161127955054016,0.12239128857404337,0.08689063316996941,0.09446287302430176,0.0857833103677733,0.08988977565442785,high,1e-08,0.2619813370474974
2025-02-13,0.000780266283564484,0.05114123268390403,0.09743792985305144,0.08161127955054016,0.11932214969783116,0.08689063316996941,0.09446287302430176,0.0857833103677733,0.08988977565442785,low,1e-08,0.29730155830702526
2025-02-14,0.046603855677878225,0.16759619895595676,0.10393711282708186,0.08963307449818868,0.12275511410230536,0.08983875746377791,0.09116199941400087,0.08898608402308884,0.06131496661829047,medium,1e-08,0.2434676328147202
2025-02-18,0.037381958460285324,0.000780266283564484,0.10297967537646122,0.08963307449818868,0.11901565226852392,0.08983875746377791,0.09116199941400087,0.08898608402308884,0.06131496661829047,low,1e-08,0.21935919522020836
2025-02-19,0.06604053096702807,0.046603855677878225,0.09197271745860439,0.0708621239042908,0.11595325401924148,0.08341485402806265,0.08747865413376645,0.08192790295729795,0.0591616669852964,medium,1e-08,0.2545132577811947
2025-02-20,0.27152208992450316,0.037381958460285324,0.0922841955717138,0.0708621239042908,0.11279313959497397,0.08341485402806265,0.08747865413376645,0.08192790295729795,0.0591616669852964,high,1e-08,0.215180421120013
2025-02-21,0.07223499949099242,0.06604053096702807,0.08804152396602481,0.07133223800482644,0.11054698504769014,0.07953824678719028,0.08544277246037928,0.07758973786484216,0.08280444953232816,medium,1e-08,0.21978270015376772
2025-02-24,0.07894641959253605,0.27152208992450316,0.09377864887048531,0.07133223800482644,0.12613822762336713,0.07953824678719028,0.08544277246037928,0.07758973786484216,0.08280444953232816,medium,1e-08,0.23787340542722968
2025-02-25,0.00801267129953607,0.07223499949099242,0.09300570936836682,0.10034666477793878,0.12356890801886346,0.09451630628861943,0.10218578402475245,0.09443003451255243,0.10879036564158247,low,1e-08,0.2518807662046634
2025-02-26,0.2533861418103571,0.07894641959253605,0.09265584639954355,0.10034666477793878,0.12135514310166141,0.09451630628861943,0.10218578402475245,0.09443003451255243,0.10879036564158247,high,1e-08,0.2697864990338172
2025-02-27,0.247731354657488,0.00801267129953607,0.09091359938502533,0.10318645641152581,0.11767454561574692,0.08869339861391883,0.09898824214882812,0.08780170160956387,0.13188395691407345,high,0.003483560385872375,0.34578849129913136
2025-02-28,0.2781210106945443,0.2533861418103571,0.09222429897746244,0.10318645641152581,0.12987968654263243,0.08869339861391883,0.09898824214882812,0.08780170160956387,0.13188395691407345,high,0.008119726196262302,0.29066978474836697
2025-03-03,0.18790485822823597,0.247731354657488,0.09728484956341611,0.11678392954558295,0.13978146673523553,0.11029253511074767,0.10931688151460209,0.1120465106377722,0.1796881043665812,high,0.06721598989151781,0.3428238512172103
2025-03-04,0.17061616598451673,0.2781210106945443,0.10669197992984056,0.11678392954558295,0.15168257886613026,0.11029253511074767,0.10931688151460209,0.1120465106377722,0.1796881043665812,high,0.013107982206494609,0.3553219747925019
2025-03-05,0.2817900222974745,0.18790485822823597,0.11136039492234531,0.15315496282580002,0.15409621212845384,0.1222295222563781,0.1273443403745012,0.12471978705149991,0.2153906812039192,high,0.06683963367036215,0.41106465214595367
2025-03-06,0.08897444173754043,0.17061616598451673,0.11527552371448838,0.15315496282580002,0.15513702524707815,0.1222295222563781,0.1273443403745012,0.12471978705149991,0.2153906812039192,medium,0.09510665553210138,0.39748481344342956
2025-03-07,0.4228263411760136,0.2817900222974745,0.1232283323127617,0.16439701362184742,0.1654925490961647,0.1311344624618232,0.13647480120158725,0.1339525047835232,0.21147703340848528,high,0.07810107648308444,0.3727924316457388
2025-03-10,0.13196061713995844,0.08897444173754043,0.12243218225919211,0.16439701362184742,0.16192437696318648,0.1311344624618232,0.13647480120158725,0.1339525047835232,0.21147703340848528,high,0.07453424223918416,0.37502060838452295
2025-03-11,0.08423713156851007,0.4228263411760136,0.13872588712631673,0.1765196827159059,0.18807780440859798,0.1517778459122826,0.161332677416091,0.15537759554746253,0.2289387427159571,medium,0.10389143461473077,0.36959553011075846
2025-03-12,0.21161557127147895,0.13196061713995844,0.14221627720348698,0.1765196827159059,0.18519093160586136,0.1517778459122826,0.161332677416091,0.15537759554746253,0.2289387427159571,high,0.064277733982241,0.4188445951435428
2025-03-13,0.3278993322820459,0.08423713156851007,0.13944044668707709,0.16907174163342106,0.1807309988358318,0.13892661250398555,0.15410449298988632,0.14112309493470196,0.21040866308179484,high,0.08786886525185048,0.33549432014301445
2025-03-14,0.12241350490438709,0.21161557127147895,0.14415910007853416,0.16907174163342106,0.18273133640418346,0.13892661250398555,0.15410449298988632,0.14112309493470196,0.21040866308179484,medium,0.08766106635870881,0.38844305611545077
2025-03-17,0.1715787714496468,0.3278993322820459,0.15851469146292493,0.18038681614101637,0.19452088616001115,0.15028442496304484,0.1520259150112473,0.15318285786842162,0.17305121061770334,high,0.009066372339407824,0.33567862598417875
2025-03-18,0.1728876092362953,0.12241350490438709,0.16175434020021962,0.18038681614101637,0.19096380969782217,0.15028442496304484,0.1520259150112473,0.15318285786842162,0.17305121061770334,high,0.048888640301926294,0.36195337101286335
2025-03-19,0.045904200279754136,0.1715787714496468,0.16193536622266008,0.14718329967346844,0.18985653137613645,0.14086441586669435,0.14722431754679144,0.1431188609693144,0.1692959017816994,medium,0.03272958259034585,0.3742215072848006
2025-03-20,0.005235583393127136,0.1728876092362953,0.16975842726596602,0.14718329967346844,0.1888813910406574,0.14086441586669435,0.14722431754679144,0.1431188609693144,0.1692959017816994,low,0.012450343827388818,0.460283812498738
2025-03-21,0.2842895003670805,0.045904200279754136,0.16972662474786948,0.15240534113044285,0.18347217997496496,0.13152331390199645,0.13873323244131533,0.1331866188149552,0.1773768854266288,high,0.05790330448463046,0.3659914161054178
2025-03-24,0.03816044097533785,0.005235583393127136,0.16826542588118046,0.15240534113044285,0.177887501121602,0.13152331390199645,0.13873323244131533,0.1331866188149552,0.1773768854266288,low,0.03951814143199266,0.31293335829945806
2025-03-25,0.18951527642554722,0.2842895003670805,0.17818583358118284,0.12321356431910505,0.18599611951088799,0.1330404611474413,0.13209889613449532,0.1352533437837092,0.1336561944841727,high,0.005034914969434869,0.2740655987211396
2025-03-26,0.0421587575609777,0.03816044097533785,0.16757848590167534,0.12321356431910505,0.18057202507600106,0.1330404611474413,0.13209889613449532,0.1352533437837092,0.1336561944841727,low,1e-08,0.2913631860732379
2025-03-27,0.3196853815500817,0.18951527642554722,0.17290940758051873,0.12719074119153417,0.18112107349936996,0.12733911674466356,0.13187899944449652,0.12854632030732502,0.1456135075322423,high,0.026061144821711305,0.34448511001074306
2025-03-28,0.10656372265284088,0.0421587575609777,0.1712372411245388,0.12719074119153417,0.17590677735657442,0.12733911674466356,0.13187899944449652,0.12854632030732502,0.1456135075322423,medium,0.011533242890013512,0.3533623121954545
2025-03-31,0.044837051430809655,0.3196853815500817,0.18540418249956359,0.13960882812947792,0.18766599918841503,0.13346417214523762,0.14190053256925184,0.1359905241673749,0.15639560762584553,low,0.03796182634819152,0.3197836157197487
2025-04-01,0.10045903023680415,0.10656372265284088,0.17873043617422193,0.13960882812947792,0.18381176576987915,0.13346417214523762,0.14190053256925184,0.1359905241673749,0.15639560762584553,medium,0.021410484179314015,0.3936892246072153
2025-04-02,0.7823102856644811,0.044837051430809655,0.16950796784573657,0.14724572436811006,0.17855021980433125,0.12435050514808856,0.13549063927560687,0.12497730342195722,0.16769349904183295,high,0.03921339368412848,0.33180584910135347
2025-04-03,0.9293380305658214,0.10045903023680415,0.16143242327947568,0.14724572436811006,0.17485105415184563,0.12435050514808856,0.13549063927560687,0.12497730342195722,0.16769349904183295,high,0.023929744853861977,0.3434459051035484
2025-04-04,0.028275563887803418,0.7823102856644811,0.18845085179930499,0.18164186660356002,0.2558497227927314,0.1915973912844896,0.20681765250797704,0.2052261121691566,0.17909527814945428,low,0.0685922657045936,0.32586130199748
2025-04-07,0.2486398151281809,0.9293380305658214,0.2229382092802734,0.18164186660356002,0.3366774217515752,0.1915973912844896,0.20681765250797704,0.2052261121691566,0.17909527814945428,high,0.044513243694071385,0.43068157975815075
2025-04-08,1.6671304970051621,0.028275563887803418,0.21141482480710652,0.3444572112520081,0.3264943423538012,0.2569536141549883,0.27301172132724116,0.26903057708875877,0.37224160461323563,high,0.25947668706593036,0.535618332591548
2025-04-09,0.69560496691032,0.2486398151281809,0.21867234177940834,0.3444572112520081,0.32235376174897856,0.2569536141549883,0.27301172132724116,0.26903057708875877,0.37224160461323563,high,0.22386199476140192,0.5095303362806984
2025-04-10,0.2832441690561296,1.6671304970051621,0.2752316215898242,0.4731715535265394,0.5142340678072341,0.4670944935622408,0.278694321899335,0.46166980846993977,0.555761814255573,high,0.4311759382573145,0.6965481588143938
2025-04-11,0.1540055361267433,0.69560496691032,0.30085181930665883,0.4731715535265394,0.5268799219019255,0.4670944935622408,0.278694321899335,0.46166980846993977,0.555761814255573,high,0.416300027518023,0.7337962072892289
2025-04-14,0.04446147457136187,0.2832441690561296,0.3098975937379143,0.5352448141615997,0.5155190981287058,0.4381467998648277,0.30407566375901157,0.4372949764720166,0.38260136869771355,low,0.24373968574684854,0.5256522288323249
2025-04-15,0.35285908030083707,0.1540055361267433,0.30727895577678993,0.5352448141615997,0.5012358790158274,0.4381467998648277,0.30407566375901157,0.4372949764720166,0.38260136869771355,high,0.2576679409544542,0.5468039646021798
2025-04-16,0.022649895255208923,0.04446147457136187,0.29439541678994063,0.4907092886170434,0.4860882341625506,0.38265131804980773,0.28666536834859113,0.38408413245516204,0.24329102629341767,low,0.09533125035338656,0.39408359428719764
2025-04-17,0.37785525409237536,0.35285908030083707,0.30487021567159744,0.4907092886170434,0.47914031028586584,0.38265131804980773,0.28666536834859113,0.38408413245516204,0.24329102629341767,high,0.05666694726821793,0.40747575534503816
2025-04-21,0.4130181402389608,0.022649895255208923,0.298100721299123,0.2963761839546858,0.4645768954540141,0.34306180401220376,0.2809002179538317,0.3462030255405227,0.2254262125632537,high,0.11138629177993821,0.3817547005006071
2025-04-22,0.24598114672937235,0.37785525409237536,0.3074174324289448,0.2963761839546858,0.45983504201509195,0.34306180401220376,0.2809002179538317,0.3462030255405227,0.2254262125632537,high,0.09145266314885836,0.3905065688897859
2025-04-23,0.33414282723678285,0.4130181402389608,0.3241044296998179,0.3286987667098969,0.457161250504794,0.32535938735118103,0.27737753788726477,0.32932546251042455,0.207827631369168,high,0.11801439781590632,0.397565956988103
2025-04-24,0.11469931539624605,0.24598114672937235,0.33504740985146536,0.3286987667098969,0.4473108850655195,0.32535938735118103,0.27737753788726477,0.32932546251042455,0.207827631369168,medium,0.08184212884081687,0.43560630680077844
2025-04-25,0.006052982402432246,0.33414282723678285,0.3373134701637246,0.33539761107921096,0.44133988258918994,0.2998041632479285,0.2618762663372176,0.3048850869798951,0.16969283684102543,low,0.0479710305983565,0.29664486368535814
2025-04-28,0.09999892838522553,0.11469931539624605,0.3407925099101295,0.33539761107921096,0.42881627117350807,0.2998041632479285,0.2618762663372176,0.3048850869798951,0.16969283684102543,medium,0.04568805595306191,0.3323293369372821
2025-04-29,0.006300974483796316,0.006052982402432246,0.33245331472726064,0.3258734215450307,0.41575544382908614,0.2624775653767869,0.24755785998826993,0.26959029538350293,0.16686362386655623,low,0.007854008266159541,0.33107178342158483
2025-04-30,0.1124995195448733,0.09999892838522553,0.3350824134010901,0.3258734215450307,0.4038334073226245,0.2624775653767869,0.24755785998826993,0.26959029538350293,0.16686362386655623,medium,0.03264243500907677,0.29739240952863066
2025-05-01,0.23564678027435687,0.006300974483796316,0.3208376676253498,0.2867780637671349,0.39153405695338866,0.22733317991370533,0.2332431622968923,0.2353668975336207,0.17624382620978943,high,0.04421938835884757,0.38071033902430473
2025-05-02,0.09103255098780423,0.1124995195448733,0.32110747657498767,0.2867780637671349,0.38060524326785916,0.22733317991370533,0.2332431622968923,0.2353668975336207,0.17624382620978943,medium,0.03765303376747588,0.3135740778543624
2025-05-05,0.13268424380196672,0.23564678027435687,0.32978064606787616,0.2684433820433877,0.3734976498373549,0.20445888836583617,0.21948341685898073,0.21256757332007528,0.11636616897084841,high,1e-08,0.3360517644268031
2025-05-06,0.06676100242330131,0.09103255098780423,0.32935216973837617,0.2684433820433877,0.3628052925307823,0.20445888836583617,0.21948341685898073,0.21256757332007528,0.11636616897084841,medium,0.014198569298202974,0.2822761565098575
2025-05-07,0.110608498868255,0.13268424380196672,0.29982371329008006,0.2518422980067743,0.35325108065545063,0.17759420140670112,0.2093328683966146,0.18636161143494745,0.10224745982826351,medium,1e-08,0.3244493538391118
2025-05-08,0.02022422294792683,0.06676100242330131,0.2606156665563291,0.2518422980067743,0.3428798161336752,0.17759420140670112,0.2093328683966146,0.18636161143494745,0.10224745982826351,low,1e-08,0.24820089286883648
2025-05-09,0.5246111848210621,0.110608498868255,0.2643580726918042,0.23147692573274606,0.3335365476442791,0.15185715202611258,0.14782594988822775,0.1605306845114708,0.09126749613688968,high,1e-08,0.2932597620596278
2025-05-12,0.1048343025140697,0.02022422294792683,0.25397554577452,0.23147692573274606,0.323413623784199,0.15185715202611258,0.14782594988822775,0.1605306845114708,0.09126749613688968,medium,1e-08,0.275511553250388
2025-05-13,0.02028689607225361,0.5246111848210621,0.20204284976615175,0.19496642138559614,0.33887107200325517,0.19109643439761184,0.18704938914513686,0.19344698940286134,0.0941916165801942,low,1e-08,0.2546619635535825
2025-05-14,0.07753653183222414,0.1048343025140697,0.17518963774814036,0.19496642138559614,0.3295496944213632,0.19109643439761184,0.18704938914513686,0.19344698940286134,0.0941916165801942,medium,1e-08,0.33035392046109585
2025-05-15,0.10055037491544029,0.02028689607225361,0.16323703443069146,0.17633946503513576,0.319548923510557,0.16800040753839865,0.17315196576140787,0.17012890505434897,0.060208376789817844,medium,1e-08,0.2420685398678903
2025-05-16,0.017363760386695844,0.07753653183222414,0.1597611705991224,0.17633946503513576,0.31039577714889205,0.16800040753839865,0.17315196576140787,0.17012890505434897,0.060208376789817844,low,1e-08,0.23509605221922716
2025-05-19,0.053373775665581276,0.10055037491544029,0.16231066606930777,0.17482690351217758,0.3019460694185154,0.14900799979731663,0.16242565687455107,0.15062813218088844,0.09746199470201476,medium,1e-08,0.22308433231227726
2025-05-20,0.2674980803152429,0.017363760386695844,0.14706087880048319,0.17482690351217758,0.2927784710622341,0.14900799979731663,0.16242565687455107,0.15062813218088844,0.09746199470201476,high,1e-08,0.2608686208124503
2025-05-21,0.006266510179590979,0.053373775665581276,0.14845741881913652,0.10926969391012838,0.2841601744196661,0.13005644626651508,0.15049059522784927,0.13109629468989836,0.13460652379699978,low,1e-08,0.2884523240233619
2025-05-22,0.10835591446948188,0.2674980803152429,0.14344118364744865,0.10926969391012838,0.2831880961851726,0.13005644626651508,0.15049059522784927,0.13109629468989836,0.13460652379699978,medium,0.01672787617860931,0.2908404369584253
2025-05-23,0.3300416182918825,0.006266510179590979,0.12495247319020457,0.1187609575195879,0.2745653366700055,0.12864460305532682,0.1485750277781083,0.13075027140466172,0.12286658342123795,high,0.003268113124082107,0.2394480505605852
2025-05-27,0.0918406076267352,0.10835591446948188,0.118696780814755,0.1187609575195879,0.26752087190853296,0.12864460305532682,0.1485750277781083,0.13075027140466172,0.12286658342123795,medium,1e-08,0.2690977941821455
2025-05-28,0.0626610851972834,0.3300416182918825,0.11851036222635042,0.13640179765109825,0.2716781553246103,0.14194798214797646,0.1397736509420349,0.1434522294195069,0.12624313760134953,medium,1e-08,0.2921531251403586
2025-05-29,0.01775329066776182,0.0918406076267352,0.11747133005500904,0.13640179765109825,0.2643606640714593,0.14194798214797646,0.1397736509420349,0.1434522294195069,0.12624313760134953,low,0.0044074324040242075,0.282142280031621
2025-05-30,0.08941953340693234,0.0626610851972834,0.12004442563659318,0.1264716110130844,0.2567663368934699,0.12761448578089707,0.12266606516403677,0.12869971307665865,0.1201047428742682,medium,1e-08,0.30951339052010823
2025-06-02,0.09052415301197637,0.01775329066776182,0.11630598755852666,0.1264716110130844,0.2489821789119885,0.12761448578089707,0.12266606516403677,0.12869971307665865,0.1201047428742682,medium,1e-08,0.3560521420263957
2025-06-03,0.004261414238261877,0.08941953340693234,0.12008410387321465,0.12542293327534634,0.24238883857987062,0.11485458411598524,0.10730756209387318,0.11574074174097317,0.1013839799138683,low,1e-08,0.2549945298269163
2025-06-04,0.07671783039891031,0.09052415301197637,0.11908522357626478,0.12542293327534634,0.2360484811658927,0.11485458411598524,0.10730756209387318,0.11574074174097317,0.1013839799138683,medium,1e-08,0.29262497101389867
2025-06-05,0.16301500155088025,0.004261414238261877,0.10856770693826047,0.09094289310438039,0.2288598739669318,0.1039683468256121,0.09569447078728009,0.10443472655869279,0.10907250363538826,high,1e-08,0.26638029453811396
2025-06-06,0.014307422297686915,0.07671783039891031,0.10791703782058347,0.09094289310438039,0.2226822151126966,0.1039683468256121,0.09569447078728009,0.10443472655869279,0.10907250363538826,low,1e-08,0.33042354766180065
2025-06-09,0.09000313638608558,0.16301500155088025,0.10929570862735226,0.10177286218901933,0.21955992402003935,0.10238867403814401,0.08990756615718017,0.10290849064381966,0.07942626476624358,medium,1e-08,0.24327415519385923
2025-06-10,0.04527274060573193,0.014307422297686915,0.10691145498527889,0.10177286218901933,0.21290009103218482,0.10238867403814401,0.08990756615718017,0.10290849064381966,0.07942626476624358,medium,1e-08,0.24414246398344552
2025-06-11,0.0630888834420814,0.09000313638608558,0.10597484759972574,0.0985312451611153,0.20758828413323754,0.09400287015490631,0.08303527364626387,0.09445863452533171,0.10384238497187478,medium,1e-08,0.33437218505671185
2025-06-12,0.17747639700314943,0.04527274060573193,0.10711341658417141,0.0985312451611153,0.20156958904888428,0.09400287015490631,0.08303527364626387,0.09445863452533171,0.10384238497187478,high,1e-08,0.25707164275607874
2025-06-13,0.15103152966777036,0.0630888834420814,0.08613513015785411,0.07952677140184698,0.19603901068005322,0.08717685589337808,0.07921305496951368,0.08737803930763034,0.09772347966782957,high,1e-08,0.2363402336459974
2025-06-16,0.13564981230756248,0.17747639700314943,0.08943704354372138,0.07952677140184698,0.19497509680854722,0.08717685589337808,0.07921305496951368,0.08737803930763034,0.09772347966782957,high,1e-08,0.2533593739356216
2025-06-17,0.002391268711606272,0.15103152966777036,0.09537998143442668,0.09123705880729449,0.19262139665727535,0.09652241212966446,0.09242177782200511,0.09663483893649917,0.07854109804818307,low,1e-08,0.2382326329759709
2025-06-18,0.03728021381922463,0.13564981230756248,0.09802149418330569,0.09123705880729449,0.189686253054701,0.09652241212966446,0.09242177782200511,0.09663483893649917,0.07854109804818307,low,1e-08,0.22162411495090567
2025-06-20,0.15679848151764006,0.002391268711606272,0.09355971662858598,0.0934824743464139,0.18390857840791222,0.09277173380135507,0.09523441601897797,0.09269099758331621,0.08096064983544148,high,1e-08,0.206422068479249
2025-06-23,0.17536900606239877,0.03728021381922463,0.09446500996642819,0.0934824743464139,0.17853966550837513,0.09277173380135507,0.09523441601897797,0.09269099758331621,0.08096064983544148,high,1e-08,0.25713966046033154
2025-06-24,0.008895512736572849,0.15679848151764006,0.0991661329597036,0.09321096094904456,0.17731038677591954,0.09312297770672036,0.08930044503168885,0.09294358679913725,0.06054144000531797,low,1e-08,0.2240734443245875
2025-06-25,0.12419865516243393,0.17536900606239877,0.0949784477663925,0.09321096094904456,0.17719450375321305,0.09312297770672036,0.08930044503168885,0.09294358679913725,0.06054144000531797,high,1e-08,0.22544204213086166
2025-06-26,0.0788698216705243,0.008895512736572849,0.09509794788261892,0.08739527339772243,0.17181026290515178,0.09336391165014458,0.08377821627555693,0.09310937489662208,0.07871969635986446,medium,1e-08,0.22030606096614072
2025-06-27,0.07589929334268115,0.12419865516243393,0.09581807245957132,0.08739527339772243,0.1693315056621613,0.09336391165014458,0.08377821627555693,0.09310937489662208,0.07871969635986446,medium,1e-08,0.27843320870076055
2025-06-30,0.005136668749813332,0.0788698216705243,0.08440117261314593,0.08478309913504789,0.16530576580218276,0.09127999773019507,0.07931781044901844,0.09094121410424913,0.0822421664060428,low,1e-08,0.24435045355771426
2025-07-01,0.0719651157094164,0.07589929334268115,0.08367656741841621,0.08478309913504789,0.16134459581527494,0.09127999773019507,0.07931781044901844,0.09094121410424913,0.0822421664060428,medium,1e-08,0.2028222530023097
2025-07-02,0.12511311092662777,0.005136668749813332,0.08106182121625848,0.06707311855738049,0.15643444954618368,0.0847426861094389,0.07587729812696223,0.08435314941744233,0.08620840910800787,high,1e-08,0.2419269189831053
2025-07-03,0.11830021725344428,0.0719651157094164,0.08352599508178822,0.06707311855738049,0.15268978832021682,0.0847426861094389,0.07587729812696223,0.08435314941744233,0.08620840910800787,medium,1e-08,0.2876129812132364
2025-07-07,0.008693151993416554,0.12511311092662777,0.08514843042359256,0.06984966814292791,0.1511771100444131,0.0853840776032313,0.0733606490804443,0.0848701145474449,0.08556706825397423,low,1e-08,0.23344847172411243
2025-07-08,0.09519349878788676,0.11830021725344428,0.08641097879820474,0.06984966814292791,0.1494086475724564,0.0853840776032313,0.0733606490804443,0.0848701145474449,0.08556706825397423,medium,1e-08,0.22376901866867469
2025-07-09,0.04476947099738927,0.008693151993416554,0.08661242142343904,0.07198802376995662,0.14487270821227677,0.08288348985067555,0.07935855515732798,0.08235868163386649,0.07805957909415373,low,1e-08,0.23393674402289288
2025-07-10,0.05580250668421389,0.09519349878788676,0.08745222453202889,0.07198802376995662,0.14238161265543625,0.08288348985067555,0.07935855515732798,0.08235868163386649,0.07805957909415373,medium,1e-08,0.2678491706899815
2025-07-11,0.03029041893424115,0.04476947099738927,0.08207742768868838,0.07226496463950245,0.1384789895147422,0.0800982095063542,0.07577381426131644,0.07947533040763151,0.07946861061408364,low,1e-08,0.2259811690906374
2025-07-14,0.06783598114670991,0.05580250668421389,0.08396356788807596,0.07226496463950245,0.13495436224863996,0.0800982095063542,0.07577381426131644,0.07947533040763151,0.07946861061408364,medium,1e-08,0.22906906570797095
2025-07-15,0.05307151370970508,0.03029041893424115,0.08124935345844668,0.059578809780190894,0.1310533084866369,0.07558492741259995,0.07483788339547418,0.07487651236519156,0.08155593766102442,medium,1e-08,0.2712036284205204
2025-07-16,0.09714706668795538,0.06783598114670991,0.08227495530121841,0.059578809780190894,0.12814279029919792,0.07558492741259995,0.07483788339547418,0.07487651236519156,0.08155593766102442,medium,1e-08,0.21973722599668222
2025-07-17,0.011626694375996189,0.05307151370970508,0.08181962031338312,0.058552283368732506,0.1249173140816385,0.0734130366987361,0.07493592230409675,0.07254449354522867,0.07864028991405585,low,1e-08,0.23413606801769452
2025-07-18,0.03010084758342213,0.09714706668795538,0.07816828711723793,0.058552283368732506,0.12342742154761606,0.0734130366987361,0.07493592230409675,0.07254449354522867,0.07864028991405585,low,1e-08,0.2821811525377902
2025-07-21,0.0022719780314549532,0.011626694375996189,0.07183170369488456,0.05708789193403313,0.1197012092162235,0.07241438065335563,0.07237352270193367,0.07146262332370752,0.07511475502988725,low,1e-08,0.22605707992494056
2025-07-22,0.1350514746684686,0.03010084758342213,0.06703402348015092,0.05708789193403313,0.11628860812681081,0.07241438065335563,0.07237352270193367,0.07146262332370752,0.07511475502988725,high,1e-08,0.20686915517182405
2025-07-23,0.005256837078674511,0.0022719780314549532,0.06702860117650768,0.052331387850975096,0.11274736214349866,0.06832358738797373,0.07015027907952226,0.0671918049441929,0.07647903368547557,low,1e-08,0.21572217669280658
2025-07-24,0.06705947159561769,0.1350514746684686,0.07147274939692784,0.052331387850975096,0.11420850957221132,0.06832358738797373,0.07015027907952226,0.0671918049441929,0.07647903368547557,medium,1e-08,0.3122750991883812
2025-07-25,0.003986091230096634,0.005256837078674511,0.06458449283152033,0.05523441112349841,0.11073674502778125,0.07198405901920718,0.06850759686847312,0.07083626088492355,0.07220143089188683,low,1e-08,0.2299535425521605
2025-07-28,0.04187137348251751,0.06705947159561769,0.05966133217393937,0.05523441112349841,0.10861255664621827,0.07198405901920718,0.06850759686847312,0.07083626088492355,0.07220143089188683,low,1e-08,0.2088033137059784
2025-07-29,0.01999126004119012,0.003986091230096634,0.059438176650917725,0.05395135984534397,0.10530830712223976,0.06932018357950578,0.06703920913413881,0.06800012593482797,0.06945832321040345,low,1e-08,0.270862895315632
2025-07-30,0.05954887500669394,0.04187137348251751,0.05569602748364879,0.05395135984534397,0.10261404334229114,0.06932018357950578,0.06703920913413881,0.06800012593482797,0.06945832321040345,medium,1e-08,0.2839311839574808
2025-07-31,0.2601905957570729,0.01999126004119012,0.053019729227769964,0.04033459053994186,0.09960844545655984,0.06631567145524131,0.06744035166578254,0.06476926755424,0.09552382362209748,high,1e-08,0.3027723652191687
2025-08-01,0.24129114155287987,0.05954887500669394,0.052276528394316,0.04033459053994186,0.09766931950602441,0.06631567145524131,0.06744035166578254,0.06476926755424,0.09552382362209748,high,1e-08,0.2314577864507748
2025-08-04,0.08048321638751013,0.2601905957570729,0.0638698887128278,0.07646934106255707,0.11414415001054115,0.09216855841089082,0.10824309112641564,0.0909659013534062,0.08852307077464594,medium,1e-08,0.2550007012809248
2025-08-05,0.12159208638426426,0.24129114155287987,0.07156652625116705,0.07646934106255707,0.12546090491561385,0.09216855841089082,0.10824309112641564,0.0909659013534062,0.08852307077464594,medium,1e-08,0.3013371753968219
2025-08-06,0.013295325834851133,0.08048321638751013,0.06953789468120715,0.09754923281932222,0.12322607366022316,0.10238048279420939,0.10237953035198094,0.10164987880955949,0.08128382869281249,low,1e-08,0.2174123164340972
2025-08-07,0.123781083690926,0.12159208638426426,0.06968752509624443,0.09754923281932222,0.12312864591234877,0.10238048279420939,0.10237953035198094,0.10164987880955949,0.08128382869281249,high,1e-08,0.2403164702723237
2025-08-08,0.03139093821180158,0.013295325834851133,0.06989671481630964,0.10008597872288758,0.11942206487454209,0.09572728730949671,0.09384701815147449,0.09515201071524593,0.0771922584106432,low,1e-08,0.2530916597690198
2025-08-11,0.1690002911256001,0.123781083690926,0.07119615049372051,0.10008597872288758,0.1196880829696398,0.09572728730949671,0.09384701815147449,0.09515201071524593,0.0771922584106432,high,1e-08,0.26576334144609676
2025-08-12,0.05434078123082638,0.03139093821180158,0.07058803536710288,0.07094442294726076,0.1162963732571208,0.0911733557440926,0.0874784862987245,0.09064970690202526,0.08424468187578538,medium,1e-08,0.21984020909098986
2025-08-13,0.0014757808441395986,0.1690002911256001,0.07573338920534772,0.07094442294726076,0.12011253702601676,0.0911733557440926,0.0874784862987245,0.09064970690202526,0.08424468187578538,low,1e-08,0.24323037113855822
2025-08-14,0.03716682779609369,0.05434078123082638,0.07682658749155613,0.077296632432796,0.11721166958994854,0.09230168850261429,0.0818867291558431,0.09185570337176983,0.07737845113122278,low,1e-08,0.22516058713751388
2025-08-15,0.0034517551121198494,0.0014757808441395986,0.0738102147505302,0.077296632432796,0.11364150489379073,0.09230168850261429,0.0818867291558431,0.09185570337176983,0.07737845113122278,low,1e-08,0.25000898654405407
2025-08-18,0.08612278059960213,0.03716682779609369,0.07308727448172969,0.07131546582570317,0.11055501129193288,0.08416129914871756,0.07792229420961594,0.08356700591637457,0.0725860204864967,medium,1e-08,0.22805183928341688
2025-08-19,0.04217989499634983,0.0034517551121198494,0.06882839668282809,0.07131546582570317,0.10719039493935585,0.08416129914871756,0.07792229420961594,0.08356700591637457,0.0725860204864967,low,1e-08,0.2752143302202453
2025-08-20,0.06368417318794538,0.08612278059960213,0.07221458242026471,0.059025046106110014,0.1060444337130064,0.08015077791377616,0.07861279785672733,0.07944933185887064,0.08779307355341057,medium,1e-08,0.26990990125559755
2025-08-21,0.24378145530688758,0.04217989499634983,0.07276363002994325,0.059025046106110014,0.10333172416414846,0.08015077791377616,0.07861279785672733,0.07944933185887064,0.08779307355341057,high,1e-08,0.23958955271024232
2025-08-22,0.06986468814320489,0.06368417318794538,0.07555509344614736,0.06153364260156894,0.10139102001898126,0.0763533075887953,0.07759115760458371,0.07541969192825317,0.07092753375570249,medium,1e-08,0.2551715908692008
2025-08-25,0.06646561422253654,0.24378145530688758,0.08049736529334822,0.06153364260156894,0.11501780071429261,0.0763533075887953,0.07759115760458371,0.07541969192825317,0.07092753375570249,medium,1e-08,0.23288095811689105
2025-08-26,0.036170277018925806,0.06986468814320489,0.08343408579628141,0.09022631552188796,0.11281938349080092,0.09130625673684728,0.07671828062671841,0.09091711313783646,0.07218483356482605,low,1e-08,0.2280722799250184
2025-08-27,0.056217390549132294,0.06646561422253654,0.08340709227932318,0.09022631552188796,0.11058743674671406,0.09130625673684728,0.07671828062671841,0.09091711313783646,0.07218483356482605,medium,1e-08,0.22743516168279138
2025-08-28,0.09467051053499848,0.036170277018925806,0.08487000981517906,0.0894809125797018,0.10758393761437403,0.08481119012925951,0.07270631507921425,0.08422720829135823,0.073167487703022,medium,1e-08,0.23958246336449712
2025-08-29,0.11763328029434925,0.056217390549132294,0.08552210150002518,0.0894809125797018,0.10521154458834797,0.08481119012925951,0.07270631507921425,0.08422720829135823,0.073167487703022,medium,1e-08,0.23678588472564202
2025-09-02,0.08603130892360773,0.09467051053499848,0.08891661288610739,0.07097519951355638,0.10460904024836196,0.08213333920097524,0.07547316436605418,0.08144313179837977,0.07485339301489921,medium,1e-08,0.24817341781505173
2025-09-03,0.13267050195811636,0.11763328029434925,0.09155681312645535,0.07097519951355638,0.10543587407306367,0.08213333920097524,0.07547316436605418,0.08144313179837977,0.07485339301489921,high,1e-08,0.2393937578049927
2025-09-04,0.04597643290570153,0.08603130892360773,0.08364048190675238,0.07234357385994435,0.10437338404001491,0.082730907545677,0.07983918120150825,0.0820481996461546,0.052021746391418294,medium,1e-08,0.19850954410780017
2025-09-05,0.03899790352816663,0.13267050195811636,0.07870318010699041,0.07234357385994435,0.10628387847456304,0.082730907545677,0.07983918120150825,0.0820481996461546,0.052021746391418294,low,1e-08,0.20483710467433358
2025-09-08,0.0366990938444297,0.04597643290570153,0.07713468994872638,0.07413468330191285,0.1036596208614709,0.08249095241840779,0.07673455331016221,0.08175464481232489,0.060791014805514534,low,1e-08,0.3135093786164268
2025-09-09,0.045889386491611846,0.03899790352816663,0.07338040890981284,0.07413468330191285,0.10095468372537647,0.08249095241840779,0.07673455331016221,0.08175464481232489,0.060791014805514534,medium,1e-08,0.23174325633527548
2025-09-10,0.1319228734768674,0.0366990938444297,0.07444421654661187,0.06507389149684234,0.09829113228295562,0.07714881050537221,0.0725825087448781,0.07619351364378796,0.07045812422969928,high,1e-08,0.19042133169849942
2025-09-11,0.00531330112346585,0.045889386491611846,0.07090368485573396,0.06507389149684234,0.09595742822675138,0.07714881050537221,0.0725825087448781,0.07619351364378796,0.07045812422969928,low,1e-08,0.284769204950855
2025-09-12,0.08451512458635943,0.1319228734768674,0.07547331827687333,0.06202010908450447,0.09848643065296979,0.07909367558179152,0.06920288898687725,0.07819484027036996,0.051280820794307486,medium,1e-08,0.20858481378143484
2025-09-15,0.021855907900339783,0.00531330112346585,0.06803300054950358,0.06202010908450447,0.09549500652665673,0.07909367558179152,0.06920288898687725,0.07819484027036996,0.051280820794307486,low,1e-08,0.24669276277320865
2025-09-16,0.019723048825040865,0.08451512458635943,0.06940456161111873,0.06149700096189852,0.09487205527585828,0.07612159340866703,0.06640932303931739,0.07509896256391743,0.05042400933811268,low,1e-08,0.19663727139961304
2025-09-17,0.07417128483841391,0.021855907900339783,0.07033093102276418,0.06149700096189852,0.09213753471055358,0.07612159340866703,0.06640932303931739,0.07509896256391743,0.05042400933811268,medium,1e-08,0.2198712545285738
2025-09-18,0.07862593232490514,0.019723048825040865,0.06953803197862542,0.060791272953548206,0.0894611966367735,0.07129449825249694,0.06474551243059802,0.07005476793171521,0.06492922621233238,medium,1e-08,0.2055269995699573
2025-09-19,0.07510242320548566,0.07417128483841391,0.07275255605709333,0.060791272953548206,0.08861822685620219,0.07129449825249694,0.06474551243059802,0.07005476793171521,0.06492922621233238,medium,1e-08,0.22899719550304268
2025-09-22,0.0864124841650078,0.07862593232490514,0.07241179022642528,0.057833202232005713,0.08805067266811031,0.07161634129249998,0.06287542116533305,0.07039043652246732,0.09624728871082291,medium,1e-08,0.2571868483352532
2025-09-23,0.05050686527147772,0.07510242320548566,0.073908268781386,0.057833202232005713,0.08732793446628896,0.07161634129249998,0.06287542116533305,0.07039043652246732,0.09624728871082291,medium,1e-08,0.2598656857334429
2025-09-24,0.07323700217230894,0.0864124841650078,0.07494137382579792,0.0613986267990102,0.08727327824158787,0.07237021539204981,0.06768925730305182,0.07117007472127358,0.0873455939281925,medium,1e-08,0.22558894148160769
2025-09-25,0.09094734732151982,0.05050686527147772,0.06615616518782476,0.0613986267990102,0.08551423387778592,0.07237021539204981,0.06768925730305182,0.07117007472127358,0.0873455939281925,medium,1e-08,0.2568786873173861
2025-09-26,0.044613184177306205,0.07323700217230894,0.06630945218914767,0.0559112003646033,0.08482772337622646,0.07099763583816507,0.07109928682412041,0.06974021733438197,0.07729984824791983,low,1e-08,0.2422414190093451
2025-09-29,0.05979715599915681,0.09094734732151982,0.06742225823910145,0.0559112003646033,0.08520729600856519,0.07099763583816507,0.07109928682412041,0.06974021733438197,0.07729984824791983,medium,1e-08,0.2143921651701067
2025-09-30,0.05409348765723526,0.044613184177306205,0.06780602674630055,0.05591797890162097,0.08333118544489854,0.07057957551661254,0.06780654082396372,0.06932950361769047,0.0664890451856747,medium,1e-08,0.2241843407046608
2025-10-01,0.018282854902267512,0.05979715599915681,0.06796874335766531,0.05591797890162097,0.08210958087536555,0.07057957551661254,0.06780654082396372,0.06932950361769047,0.0664890451856747,low,1e-08,0.21885293192610508
2025-10-02,0.0002344246077527847,0.05409348765723526,0.06612433322685789,0.053354604827384036,0.0807033493707164,0.06893595881679374,0.06516774961010426,0.06758036326369114,0.07409249314823739,low,1e-08,0.2049557578297875
2025-10-03,0.05692961904779699,0.018282854902267512,0.06160840479994509,0.053354604827384036,0.07837285582824859,0.06893595881679374,0.06516774961010426,0.06758036326369114,0.07409249314823739,medium,1e-08,0.24371941255290783
2025-10-06,0.0588546149024655,0.0002344246077527847,0.057708546421951674,0.04244964406393881,0.07598532461027402,0.06512382716737816,0.06290551137647919,0.06347841178299946,0.07915332693537658,medium,1e-08,0.242295076111685
2025-10-07,0.0946605224345521,0.05692961904779699,0.05426577901693717,0.04244964406393881,0.07497867879775309,0.06512382716737816,0.06290551137647919,0.06347841178299946,0.07915332693537658,medium,1e-08,0.262413360417704
2025-10-08,0.045988582305195584,0.0588546149024655,0.05485115092588099,0.04109778840484557,0.0741102292502208,0.06478544916491148,0.06414157330737356,0.06309352257122713,0.06915483238625189,medium,1e-08,0.22595027629125589
2025-10-09,0.4290534665954672,0.0946605224345521,0.057381269967080324,0.04109778840484557,0.0755011482376527,0.06478544916491148,0.06414157330737356,0.06309352257122713,0.06915483238625189,high,1e-08,0.2513238821496318
2025-10-10,0.2435796344197804,0.045988582305195584,0.05780351944256967,0.04756398282747599,0.07406277718421224,0.06612503068833647,0.06397672614474469,0.06458548642869559,0.16346146079307405,high,0.038862575096845306,0.30275589623745175
2025-10-13,0.019393168787483615,0.4290534665954672,0.07522006853819947,0.04756398282747599,0.12728468053241618,0.06612503068833647,0.06397672614474469,0.06458548642869559,0.16346146079307405,low,0.014773493712017013,0.31850130245497354
2025-10-14,0.07047671699933937,0.2435796344197804,0.08029537585378642,0.12740610106937697,0.13707358900455377,0.12949094488516452,0.14712865434205863,0.13012489168141564,0.16303460787888777,medium,0.050378648159696955,0.3246514596401114
2025-10-15,0.10810953428459205,0.019393168787483615,0.0809353698385145,0.12740610106937697,0.13298264689113068,0.12949094488516452,0.14712865434205863,0.13012489168141564,0.16303460787888777,medium,0.049048385193460296,0.309570958074412
2025-10-16,0.0901084746994632,0.07047671699933937,0.08029726040274086,0.12688628592275097,0.13008204860802733,0.11534577706534847,0.1303218144777322,0.11567529756151294,0.18010601418837582,medium,0.05520858405505052,0.316459516509992
2025-10-17,0.16510242854546375,0.10810953428459205,0.08421787978384324,0.12688628592275097,0.12886938849878737,0.11534577706534847,0.1303218144777322,0.11567529756151294,0.18010601418837582,high,0.04742319401357318,0.36326156875505333
2025-10-20,0.00023805285020259815,0.0901084746994632,0.0874172173235897,0.09544621453585012,0.12687810042433698,0.10765452423188374,0.12107745184475195,0.10796509288717547,0.14817512985655334,low,0.02476981793835183,0.3133195418023298
2025-10-21,0.08252864489928596,0.16510242854546375,0.0915504511284556,0.09544621453585012,0.1294901461113835,0.10765452423188374,0.12107745184475195,0.10796509288717547,0.14817512985655334,medium,0.03981561145981792,0.2982993624423976
2025-10-22,0.09413410435040956,0.00023805285020259815,0.08798736569778731,0.08764705945660646,0.12554536814912834,0.10302739005180973,0.10904134295488849,0.10325200493731067,0.1253076828350991,medium,1e-08,0.2896037419424068
2025-10-23,0.12973554428907264,0.08252864489928596,0.08832492122932369,0.08764705945660646,0.12338800480440919,0.10302739005180973,0.10904134295488849,0.10325200493731067,0.1253076828350991,high,1e-08,0.28554077509143394
2025-10-24,0.1872828723168528,0.09413410435040956,0.08867590396502377,0.08687559739305906,0.1218310203599533,0.09707112128574907,0.10211361779810646,0.0970048494169004,0.08378958477991413,high,1e-08,0.25069571221257037
2025-10-27,0.04216267632952216,0.12973554428907264,0.09227720755673263,0.08687559739305906,0.12231969734163597,0.09707112128574907,0.10211361779810646,0.0970048494169004,0.08378958477991413,low,1e-08,0.22370739985356997
2025-10-28,0.007624489597901538,0.1872828723168528,0.097461110745121,0.09494472691186862,0.12715688857501783,0.10255524940042794,0.09343394699695354,0.10266952873264158,0.08115076552309385,low,1e-08,0.3125756669138853
2025-10-29,0.1745901380353737,0.04216267632952216,0.09524362570003019,0.09494472691186862,0.12371500850693425,0.10255524940042794,0.09343394699695354,0.10266952873264158,0.08115076552309385,high,1e-08,0.25258176173406977
2025-10-30,0.05207284035876178,0.007624489597901538,0.09356232140096633,0.09391544207685161,0.1199606898136897,0.09277310547347077,0.0860014349332191,0.09248743400284763,0.08750995493612776,medium,1e-08,0.31716837725636515
2025-10-31,0.029791483940640587,0.1745901380353737,0.09878018422079439,0.09391544207685161,0.12391947406479076,0.09277310547347077,0.0860014349332191,0.09248743400284763,0.08750995493612776,low,1e-08,0.24520525045511388
2025-11-03,0.18816911306092232,0.05207284035876178,0.0986883366163183,0.09765888922598821,0.12081957097890406,0.09356169926352512,0.09611903484298888,0.0932752491453302,0.1027914939899332,high,1e-08,0.29249953593243205
2025-11-04,0.055011348067811196,0.029791483940640587,0.09921145611806255,0.09765888922598821,0.11736600256700394,0.09356169926352512,0.09611903484298888,0.0932752491453302,0.1027914939899332,medium,1e-08,0.27830699707184325
2025-11-05,0.17032288448555963,0.18816911306092232,0.10775394195684297,0.09916685083262879,0.12277112344379906,0.09644622943983998,0.1073008244788428,0.09605067988867766,0.10315782891448709,high,1e-08,0.23093923378985115
2025-11-06,0.015628573345084242,0.055011348067811196,0.10766674782138907,0.09916685083262879,0.11979131325571012,0.09644622943983998,0.1073008244788428,0.09605067988867766,0.10315782891448709,low,1e-08,0.29206538692566125
2025-11-07,0.2477127228483653,0.17032288448555963,0.11273348734789336,0.10126162193177414,0.12340808039348511,0.09708331804851732,0.11185608300189745,0.0966888863416015,0.13458260443269163,high,1e-08,0.2988622563752969
2025-11-10,0.036339124958813904,0.015628573345084242,0.1091411260256448,0.10126162193177414,0.11970979987581949,0.09708331804851732,0.11185608300189745,0.0966888863416015,0.13458260443269163,low,0.009811211359950351,0.280349922363474
2025-11-11,0.008832554054811814,0.2477127228483653,0.11831040514124344,0.11788369525216807,0.13096681105832614,0.10578110867555537,0.10200828862695466,0.10563681890229042,0.09992220019266718,low,1e-08,0.255248126061667
2025-11-12,0.26342192437223183,0.036339124958813904,0.10045975324866828,0.11788369525216807,0.12728864514569393,0.10578110867555537,0.10200828862695466,0.10563681890229042,0.09992220019266718,high,1e-08,0.2485677640997683
2025-11-13,0.002596848824677881,0.008832554054811814,0.08978943141389699,0.09359138829996035,0.12342988322409074,0.09549299464904232,0.09348834784786897,0.09518704402476773,0.11699119828121508,low,1e-08,0.29136012839089337
2025-11-14,0.14789523242944663,0.26342192437223183,0.1008816475768401,0.09359138829996035,0.13595700247779852,0.09549299464904232,0.09348834784786897,0.09518704402476773,0.11699119828121508,high,1e-08,0.2841204960566095
2025-11-17,0.13330555368892918,0.002596848824677881,0.09779619902344638,0.1083134693685698,0.1318167392587615,0.10406090902310168,0.11691422230563996,0.10401961013160003,0.14549635656459303,high,0.02366065136726771,0.3092009707497067
2025-11-18,0.06132639535398133,0.14789523242944663,0.0996046398482125,0.1083134693685698,0.1328363413016377,0.10406090902310168,0.11691422230563996,0.10401961013160003,0.14549635656459303,medium,0.025770026644765454,0.3813037155234409
2025-11-19,0.24196459357268713,0.13330555368892918,0.10156814343864276,0.10369704340382709,0.13286454077307303,0.10400032601480566,0.12243037141502204,0.10398886865224621,0.15766697331834928,high,1e-08,0.2987874485795779
2025-11-20,0.1581295125013981,0.06132639535398133,0.09685105102084811,0.10369704340382709,0.12968987095828255,0.10400032601480566,0.12243037141502204,0.10398886865224621,0.15766697331834928,high,0.0394993302946601,0.2992209466749142
2025-11-21,0.23364905614006456,0.24196459357268713,0.10783862105368834,0.10328185954609802,0.1390075780092336,0.11039094994986183,0.1348028533880626,0.11054838512991845,0.18545879328251322,high,0.04457379399803628,0.34326072008650615
2025-11-24,0.14931402801782315,0.1581295125013981,0.1112750241265116,0.10328185954609802,0.14022844541243895,0.11039094994986183,0.1348028533880626,0.11054838512991845,0.18545879328251322,high,0.04599847765408016,0.3243436820913449
2025-11-25,0.10959085585037494,0.23364905614006456,0.11761661284422319,0.12040096507738533,0.1475116564029114,0.11829949564969208,0.12125324449682987,0.11876237719280036,0.14584900577743848,medium,1e-08,0.30123886425444846
2025-11-26,0.08664951436028251,0.14931402801782315,0.11850654392280278,0.12040096507738533,0.14762041927193265,0.11829949564969208,0.12125324449682987,0.11876237719280036,0.14584900577743848,medium,1e-08,0.3159897683492063
2025-11-28,0.07247372589602734,0.10959085585037494,0.11497508862887194,0.12291893435778581,0.14561898995673941,0.11340710275218975,0.1098120283915773,0.11393142743735783,0.09533601442129425,medium,1e-08,0.25082732016674625
2025-12-01,0.02940291069208698,0.08664951436028251,0.11699721763027014,0.12291893435778581,0.1427693423750074,0.11340710275218975,0.1098120283915773,0.11393142743735783,0.09533601442129425,low,1e-08,0.24405111330620602
2025-12-02,0.05496973457358533,0.07247372589602734,0.11994491018927586,0.10886009028490339,0.13955374044279756,0.10471910347086939,0.10269161450900269,0.10512159333650704,0.09215857877148816,medium,1e-08,0.2913479789389902
2025-12-03,0.011605156667418265,0.02940291069208698,0.11334549076458102,0.10886009028490339,0.13549392441254027,0.10471910347086939,0.10269161450900269,0.10512159333650704,0.09215857877148816,low,1e-08,0.24853150469980745
2025-12-04,0.0301542125520848,0.05496973457358533,0.11347716777434572,0.08400339481549358,0.13205448740082226,0.0956649150592883,0.09414014506178216,0.09579573813036892,0.08006939537462379,low,1e-08,0.24961951604045612
2025-12-05,0.04769142703951461,0.011605156667418265,0.1126505165346538,0.08400339481549358,0.12806312960336713,0.0956649150592883,0.09414014506178216,0.09579573813036892,0.08006939537462379,medium,1e-08,0.23577620177357578
2025-12-08,0.013702001567864804,0.0301542125520848,0.10546802105697937,0.07107413390160837,0.12438131630618185,0.08733704506065493,0.08691330710053498,0.08705605353331834,0.08932584682261183,low,1e-08,0.29779201819578277
2025-12-09,0.10528399068109479,0.04769142703951461,0.10513529737387498,0.07107413390160837,0.12115666497588513,0.08733704506065493,0.08691330710053498,0.08705605353331834,0.08932584682261183,medium,1e-08,0.298454234400857
2025-12-10,0.036939156402730634,0.013702001567864804,0.09801616633216158,0.06609601463754941,0.11751368393005168,0.08096139923024591,0.08232969067271308,0.08023987229190627,0.08635347716470143,low,1e-08,0.2852250796432022
2025-12-11,0.17068362922301075,0.10528399068109479,0.1020914125747075,0.06609601463754941,0.116816013790009,0.08096139923024591,0.08232969067271308,0.08023987229190627,0.08635347716470143,high,1e-08,0.23911887876019752
2025-12-12,0.023983172880653388,0.036939156402730634,0.09251079591808775,0.06920159704951837,0.11361818643890176,0.07904441347730957,0.0772618514124774,0.07807026734060697,0.11194264199693799,low,1e-08,0.40474047017457476
2025-12-15,0.04337387966956365,0.17068362922301075,0.09861736429373305,0.06920159704951837,0.11782410971176242,0.07904441347730957,0.0772618514124774,0.07807026734060697,0.11194264199693799,low,1e-08,0.32117820615947
2025-12-16,0.1746770538685958,0.023983172880653388,0.09930602878581678,0.08388376755802802,0.11438566839640646,0.08278758646644628,0.08958269491427398,0.08187586280005064,0.11830503571236534,high,0.0031186927009628075,0.2809083993852653
2025-12-17,0.11987368840505573,0.04337387966956365,0.08930384493569549,0.08388376755802802,0.11140876928087164,0.08278758646644628,0.08958269491427398,0.08187586280005064,0.11830503571236534,medium,1e-08,0.32264378719600423
2025-12-18,0.14387773656013247,0.1746770538685958,0.09712567243769175,0.08701822288365882,0.11618056390468467,0.08754072440945451,0.10109646381799299,0.0867395444597188,0.1074707799475654,high,1e-08,0.27651212568215955
2025-12-19,0.09889647397894039,0.11987368840505573,0.09585196589112854,0.08701822288365882,0.1164054556013928,0.08754072440945451,0.10109646381799299,0.0867395444597188,0.1074707799475654,medium,1e-08,0.26345418099863865
2025-12-22,0.07255372096818159,0.14387773656013247,0.09633251965800142,0.08827089333943026,0.11823393959773892,0.09113460634721192,0.09274469503546721,0.09041515458069868,0.06980217549075968,medium,1e-08,0.2519188727557062
2025-12-23,0.05584049121114003,0.09889647397894039,0.09804025050459048,0.08827089333943026,0.11716372885138857,0.09113460634721192,0.09274469503546721,0.09041515458069868,0.06980217549075968,medium,1e-08,0.2789714570633323
2025-12-24,0.0016099137271137706,0.07255372096818159,0.09033975629529475,0.08845531504288001,0.11497626512650219,0.08779573378687769,0.08584615139616542,0.08700735571928848,0.06800197482221075,low,1e-08,0.2719717496593293
2025-12-26,0.05657084400577201,0.05584049121114003,0.08569025532755575,0.08845531504288001,0.11230965531696474,0.08779573378687769,0.08584615139616542,0.08700735571928848,0.06800197482221075,medium,1e-08,0.2894605826711402
2025-12-29,0.01938437321677768,0.0016099137271137706,0.07514302158151254,0.06827889285138274,0.10888896484999305,0.08152464092531216,0.08017255458998439,0.08043677437315076,0.07587926760890679,low,1e-08,0.23093990947768592
2025-12-30,0.11761371085069926,0.05657084400577201,0.07092742230823748,0.06827889285138274,0.10647729283574205,0.08152464092531216,0.08017255458998439,0.08043677437315076,0.07587926760890679,medium,1e-08,0.23239825533034206
2025-12-31,0.02909860366808209,0.01938437321677768,0.06682712764307397,0.0512977988227639,0.10334270313743056,0.07670064129130162,0.07759053632432539,0.07524346160322136,0.07022067246602409,low,1e-08,0.17812837952423083
2026-01-02,0.10572602916413051,0.11761371085069926,0.06823459111991109,0.0512977988227639,0.10425406722545816,0.07670064129130162,0.07759053632432539,0.07524346160322136,0.07022067246602409,medium,1e-08,0.2331413067850124
2026-01-05,0.09440860923895537,0.02909860366808209,0.0662629946550045,0.055409884608592606,0.10132906604322993,0.0764918572435529,0.0812710799278816,0.07490661774187123,0.07256119339140661,medium,1e-08,0.19255771077100559
2026-01-06,0.05116920275438767,0.10572602916413051,0.06973222731282465,0.055409884608592606,0.10159825019285783,0.0764918572435529,0.0812710799278816,0.07490661774187123,0.07256119339140661,medium,1e-08,0.21184211347900575
2026-01-07,0.0016117813588783867,0.09440860923895537,0.07152490343397784,0.064831407479262,0.10118127942273476,0.07840188857062438,0.07640325601287734,0.07686362335034799,0.0772602809086045,low,1e-08,0.2210769264129637
2026-01-08,0.10498355585813743,0.05116920275438767,0.07332326916520372,0.064831407479262,0.0988963571923426,0.07840188857062438,0.07640325601287734,0.07686362335034799,0.0772602809086045,medium,1e-08,0.2384026228826524
2026-01-09,0.024930181388769554,0.0016117813588783867,0.07202588592914888,0.06039137452453177,0.0958843885536609,0.07381456398835498,0.07390432098587793,0.07191994083992244,0.07685592145700294,low,1e-08,0.2840486943282061
2026-01-12,0.031740683296783916,0.10498355585813743,0.07463007360272265,0.06039137452453177,0.09645454800188519,0.07381456398835498,0.07390432098587793,0.07191994083992244,0.07685592145700294,low,1e-08,0.23880336280636424
2026-01-13,0.078026973844686,0.024930181388769554,0.07514044541276378,0.061010935521792466,0.09371532359799924,0.07332596913831543,0.070457953509735,0.07137226493050575,0.09074216090870929,medium,1e-08,0.264463793195386
2026-01-14,0.04322968835956656,0.031740683296783916,0.07179756780438601,0.061010935521792466,0.09119241428442308,0.07332596913831543,0.070457953509735,0.07137226493050575,0.09074216090870929,low,1e-08,0.2627575031652693
2026-01-15,0.013300837259510716,0.078026973844686,0.07366519586992942,0.057635398980291505,0.0904565396004186,0.07174381253755327,0.07253765766604196,0.06960777241987189,0.08970059980204605,low,1e-08,0.2472307567515355
2026-01-16,0.3231539551027815,0.04322968835956656,0.06787183492159105,0.057635398980291505,0.08833782191356707,0.07174381253755327,0.07253765766604196,0.06960777241987189,0.08970059980204605,high,1e-08,0.24748003399994095
2026-01-20,0.18320895258025022,0.013300837259510716,0.06738627421153912,0.04920573674795096,0.08570864174583182,0.06828571173167175,0.06925069861283056,0.06577527977536803,0.10630070081246104,high,1e-08,0.32041567836302903
2026-01-21,0.08291620603611874,0.3231539551027815,0.08010355036759448,0.04920573674795096,0.11476463617175221,0.06828571173167175,0.06925069861283056,0.06577527977536803,0.10630070081246104,medium,1e-08,0.3266087810442779
2026-01-22,0.005758957769531602,0.18320895258025022,0.08049136394539695,0.10227842834560066,0.11997748801766822,0.10532506681622714,0.11677009355343007,0.10513590204304649,0.09387219962484472,low,1e-08,0.33362879653023836
2026-01-23,0.0806130854603235,0.08291620603611874,0.07881147838317254,0.10227842834560066,0.11808229167226296,0.10532506681622714,0.11677009355343007,0.10513590204304649,0.09387219962484472,medium,1e-08,0.2484031455907524
2026-01-26,0.06324824179314871,0.005758957769531602,0.07253335207450887,0.10066265125467623,0.11449371985333717,0.09641084617181503,0.10570891326577464,0.09588294463182472,0.08194419609824116,medium,1e-08,0.3324748353200523
2026-01-27,0.001598085177398414,0.0806130854603235,0.07170228896002627,0.10066265125467623,0.11274835407024437,0.09641084617181503,0.10570891326577464,0.09588294463182472,0.08194419609824116,low,1e-08,0.20113225438358354
2026-01-28,0.03150109479609267,0.06324824179314871,0.07127931263388841,0.07596263198704578,0.11040597932273288,0.09055438779925012,0.09665779361047108,0.08986543544172951,0.07859119507321534,low,1e-08,0.2838660198266465
2026-01-29,0.04734699380590299,0.001598085177398414,0.0688137487232638,0.07596263198704578,0.10704328417314683,0.09055438779925012,0.09665779361047108,0.08986543544172951,0.07859119507321534,medium,1e-08,0.25080160279357344
2026-01-30,0.07891792725419705,0.03150109479609267,0.07017243877185374,0.057813770802566396,0.10406876545717177,0.083191680310634,0.08959222632478897,0.08202669823923008,0.1323571766205266,medium,0.003800847998971061,0.42780460673419474
2026-02-02,0.13422525715258168,0.04734699380590299,0.06975317285367788,0.057813770802566396,0.10156275762552143,0.083191680310634,0.08959222632478897,0.08202669823923008,0.1323571766205266,high,1e-08,0.27092988260341894
2026-02-03,0.07689487279581772,0.07891792725419705,0.0724592434917424,0.059258567482127815,0.10034827585382976,0.07970396406127363,0.08429921227481148,0.07824281635604365,0.14903032411535427,medium,0.01951085176266538,0.2799401302055214
2026-02-04,0.19826008233155018,0.13422525715258168,0.0732143137781916,0.059258567482127815,0.10269651921212683,0.07970396406127363,0.08429921227481148,0.07824281635604365,0.14903032411535427,high,0.04379632392562839,0.3489541002969508
2026-02-05,0.304547859033561,0.07689487279581772,0.07538687146581595,0.07030976525278475,0.1013338533883254,0.08170666469061183,0.09172203880349786,0.08030992005985806,0.14364277029776995,high,1e-08,0.3086840617139422
2026-02-06,0.07654421164963954,0.19826008233155018,0.07959296479160777,0.07030976525278475,0.10959407131200946,0.08170666469061183,0.09172203880349786,0.08030992005985806,0.14364277029776995,medium,0.00031101383517336884,0.3737589019830745
2026-02-09,0.041863624023993316,0.304547859033561,0.08914474887318073,0.11159184104047679,0.12982747299879505,0.11349398567356121,0.10423233176624316,0.11318473394540646,0.10333510929523926,low,1e-08,0.22498393287687532
2026-02-10,0.003667944967050026,0.07654421164963954,0.09029815836841946,0.11159184104047679,0.12726116202817564,0.11349398567356121,0.10423233176624316,0.11318473394540646,0.10333510929523926,low,1e-08,0.2573423339183563
2026-02-11,0.24524327545764937,0.041863624023993316,0.09212778758047015,0.110238916021272,0.1238096641627834,0.10308300075747039,0.09584436274262273,0.10283279953216008,0.08410426532027587,high,1e-08,0.28697424687772083
2026-02-12,0.011183360513328638,0.003667944967050026,0.08752253253996617,0.110238916021272,0.12004128536845986,0.10308300075747039,0.09584436274262273,0.10283279953216008,0.08410426532027587,low,1e-08,0.32751327791750695
2026-02-13,0.025612986181676917,0.24524327545764937,0.09753676408855161,0.11578426590313429,0.13097317065250078,0.10958510101096422,0.11825308104020776,0.10965048220454517,0.13545639136025286,low,5.429118310932462e-05,0.34972977880584144
2026-02-17,0.07997193759786063,0.011183360513328638,0.09660234032566728,0.11578426590313429,0.12701274423484127,0.10958510101096422,0.11825308104020776,0.10965048220454517,0.13545639136025286,medium,0.0009914575107215148,0.289018862745536
2026-02-18,0.04186796583423139,0.025612986181676917,0.09421988634098505,0.09391108735233067,0.12330314055144685,0.09822191058880994,0.10655088755460576,0.09816487370812214,0.1393498382480017,low,0.016930680035101675,0.3006391856520686
2026-02-19,0.11480229130868179,0.07997193759786063,0.09588998857908933,0.09391108735233067,0.12114113772723217,0.09822191058880994,0.10655088755460576,0.09816487370812214,0.1393498382480017,medium,1e-08,0.3044942501937782
2026-02-20,0.1620995957039387,0.04186796583423139,0.09718849442339482,0.09615511875920561,0.11789758406618485,0.09120137947870406,0.09803717907049074,0.09090039902800873,0.11190131461164064,high,1e-08,0.3562930583327964
2026-02-23,0.11538311322002334,0.11480229130868179,0.08771796425093574,0.09615511875920561,0.11771416174066712,0.09120137947870406,0.09803717907049074,0.09090039902800873,0.11190131461164064,medium,1e-08,0.29532868973265186
2026-02-24,0.13395463668420451,0.1620995957039387,0.08675844802928522,0.08148637139193401,0.12083792110712716,0.09478027585814881,0.10363545294721506,0.09442021208689057,0.09979708451895847,high,1e-08,0.24362497180839676
2026-02-25,0.08817457917245304,0.11538311322002334,0.0882342165376445,0.08148637139193401,0.12051759521258061,0.09478027585814881,0.10363545294721506,0.09442021208689057,0.09979708451895847,medium,1e-08,0.2739412397638028
2026-02-26,0.07622848603143892,0.13395463668420451,0.09406129285194781,0.09109249095242279,0.12136577767981327,0.09500825005862683,0.09483939448080385,0.09456914204871054,0.09410142759482418,medium,1e-08,0.22879891052368675
2026-02-27,0.009025908352779227,0.08817457917245304,0.09440499711159007,0.09109249095242279,0.11963426874040171,0.09500825005862683,0.09483939448080385,0.09456914204871054,0.09410142759482418,low,1e-08,0.2570220619138125
2026-03-02,0.13992328558214231,0.07622848603143892,0.09499500821333054,0.09129977832548032,0.11748303573957533,0.09027780775617932,0.09435474376812363,0.08969425768341314,0.10747819537391792,high,1e-08,0.27655930218074265
2026-03-03,0.1119995479508321,0.009025908352779227,0.0953326365394842,0.09129977832548032,0.11392548392123127,0.09027780775617932,0.09435474376812363,0.08969425768341314,0.10747819537391792,medium,1e-08,0.24208460832771964
2026-03-04,0.08850906227249113,0.13992328558214231,0.1002609179388501,0.0860723775817443,0.11565027662903199,0.08879966373713695,0.09767364384663835,0.08807483939117156,0.12279711269777038,medium,1e-08,0.2723403582598818
2026-03-05,0.208069318787798,0.1119995479508321,0.10319967039998325,0.0860723775817443,0.11543448886611303,0.08879966373713695,0.09767364384663835,0.08807483939117156,0.12279711269777038,high,1e-08,0.2874087496146017
2026-03-06,0.13906108597924044,0.08850906227249113,0.10363563108263296,0.0855163175001597,0.11399844381769107,0.08741661955419966,0.09414667612965215,0.08660865080283399,0.1368312001810311,high,0.0002974416554356671,0.2817409336356288
2026-03-09,0.025512348701533558,0.208069318787798,0.10699217933877915,0.0855163175001597,0.1217106279933394,0.08741661955419966,0.09414667612965215,0.08660865080283399,0.1368312001810311,low,1e-08,0.3063826974956081
2026-03-10,0.01992509378234318,0.13906108597924044,0.10981791630166202,0.10396121138743046,0.12282079419448733,0.0974785320626204,0.10651183088694219,0.09685041557833497,0.15518539392372183,low,0.017611038568751958,0.36192263288599164
2026-03-11,0.24105359027740356,0.025512348701533558,0.10196574659120673,0.10396121138743046,0.11924304354362504,0.0974785320626204,0.10651183088694219,0.09685041557833497,0.15518539392372183,high,1e-08,0.3691348856263907
2026-03-12,0.08985145279834053,0.01992509378234318,0.08902834817069682,0.08592370172699615,0.11571339502956497,0.08888142935786263,0.0977408137661125,0.08819371287441152,0.14476076241094707,medium,1e-08,0.34501820613594747
2026-03-13,0.1615527411419123,0.24105359027740356,0.09650604719923156,0.08592370172699615,0.12677785455295276,0.08888142935786263,0.0977408137661125,0.08819371287441152,0.14476076241094707,high,1e-08,0.3097936175676027
2026-03-16,0.04175876397638554,0.08985145279834053,0.09868731214352007,0.0946090455112388,0.12487058883077716,0.09875625618737338,0.1178271436522474,0.09829908038070127,0.11072371586915956,low,1e-08,0.273168581688363
2026-03-17,0.22150725346262162,0.1615527411419123,0.105863893787832,0.0946090455112388,0.12736978216153252,0.09875625618737338,0.1178271436522474,0.09829908038070127,0.11072371586915956,high,1e-08,0.27974121623000014
2026-03-18,0.03912019241763517,0.04175876397638554,0.0966145978114109,0.09403702797634596,0.12391249083742044,0.0966705022510459,0.1069313950189893,0.09629985731089169,0.1059546414191286,low,1e-08,0.3110662251170336
2026-03-19,0.22757338685883716,0.22150725346262162,0.10617477476365149,0.09403702797634596,0.13182175413259767,0.0966705022510459,0.1069313950189893,0.09629985731089169,0.1059546414191286,high,1e-08,0.26721473194762074
2026-03-20,0.16668263810098602,0.03912019241763517,0.10678873868346778,0.09636572359854993,0.12816465869391175,0.10035863937330165,0.1178730187267843,0.1001399946922163,0.11951777544446635,high,0.006829347547494072,0.2822074252209872
2026-03-23,0.0532883377986351,0.22757338685883716,0.11349789546805762,0.09636572359854993,0.13619099727303344,0.10035863937330165,0.1178730187267843,0.1001399946922163,0.11951777544446635,medium,1e-08,0.29213384412849713
2026-03-24,0.08846480574775997,0.16668263810098602,0.11917128966200101,0.11141782280497232,0.13821032734419034,0.11014749816740126,0.1261037825717721,0.11016564555337913,0.12944307455068024,medium,1e-08,0.30066032824603056
2026-03-25,0.2834987746221755,0.0532883377986351,0.1163752008660898,0.11141782280497232,0.1346341254148941,0.11014749816740126,0.1261037825717721,0.11016564555337913,0.12944307455068024,high,0.006400434721478564,0.26625168340158745
2026-03-26,0.2706902591277942,0.08846480574775997,0.11302816495899076,0.10077459504134582,0.13231903934815567,0.10186530073753368,0.11510440766109288,0.1018610984388681,0.1314562585696154,high,0.0065328486889701465,0.2843216368103859
2026-03-27,0.053075819902835004,0.2834987746221755,0.12066978593181585,0.10077459504134582,0.1458770776932214,0.10186530073753368,0.11510440766109288,0.1018610984388681,0.1314562585696154,medium,0.004788018648074821,0.29464489491522805
2026-03-30,0.4614390151669918,0.2706902591277942,0.1268850414974336,0.128783068838785,0.1562040571551701,0.12703936350734166,0.1585848916060962,0.12758933906033376,0.136058516677031,high,1e-08,0.2764561874324257
2026-03-31,0.1196059045904997,0.053075819902835004,0.12528964334881457,0.128783068838785,0.1520024591344923,0.12703936350734166,0.1585848916060962,0.12758933906033376,0.136058516677031,medium,0.013567286741360518,0.32025478225723025
2026-04-01,0.014294588392213915,0.4614390151669918,0.14279921285497607,0.16571613966683862,0.18572565953861633,0.15685417847006863,0.1429803776642022,0.15792903921961507,0.07952792507519893,low,1e-08,0.25505716079417606
2026-04-02,0.07503558169377392,0.1196059045904997,0.147825576320327,0.16571613966683862,0.1824355056428586,0.15685417847006863,0.1429803776642022,0.15792903921961507,0.07952792507519893,medium,1e-08,0.26395796038350106
2026-04-06,0.006985959855090029,0.014294588392213915,0.14211518099351206,0.15799938188583232,0.17691243882625587,0.140192849285328,0.1280829322752998,0.14159009238713774,0.09621732505541158,low,1e-08,0.2668392134383383
2026-04-07,0.40431664545952,0.07503558169377392,0.1404350007091003,0.15799938188583232,0.17250492938456538,0.140192849285328,0.1280829322752998,0.14159009238713774,0.09621732505541158,high,1e-08,0.32391044045043715
2026-04-08,0.09158148317734925,0.006985959855090029,0.13672940514467302,0.14663829870876635,0.16725848809660232,0.12502920134948425,0.11543692044883747,0.1264271544756056,0.08174788611331868,medium,1e-08,0.264998077671854
2026-04-09,0.01050543998403915,0.40431664545952,0.14564973817520582,0.14663829870876635,0.19001366981793164,0.12502920134948425,0.11543692044883747,0.1264271544756056,0.08174788611331868,low,1e-08,0.24656007145774583
2026-04-10,0.15513200550116077,0.09158148317734925,0.1434915744114835,0.14368622412332183,0.18558586454327564,0.14315416388834493,0.10515986436525428,0.14487749810051612,0.06849417046548775,high,1e-08,0.229639973585419
2026-04-13,0.19342898535449365,0.01050543998403915,0.14280944219705194,0.14368622412332183,0.1799505715115516,0.14315416388834493,0.10515986436525428,0.14487749810051612,0.06849417046548775,high,1e-08,0.2530027918665044
2026-04-14,0.12526566009043316,0.15513200550116077,0.14895521091154365,0.14752122967821174,0.17855876355962688,0.13169673044940075,0.09625642676700998,0.13345471141804752,0.06403086905207969,high,1e-08,0.3211276225983321
2026-04-15,0.0390086126831978,0.19342898535449365,0.14679045614232045,0.14752122967821174,0.1794857221726071,0.13169673044940075,0.09625642676700998,0.13345471141804752,0.06403086905207969,low,1e-08,0.20220181935430806
2026-04-16,0.19185430367042403,0.12526566009043316,0.14840019283741557,0.1248570838502373,0.17670230935634795,0.12753915697621931,0.08894406331496564,0.12928054353848217,0.07186620058186316,high,1e-08,0.22753765142249682
2026-04-17,0.03174373829876153,0.0390086126831978,0.14283000518020128,0.1248570838502373,0.17158550077370335,0.12753915697621931,0.08894406331496564,0.12928054353848217,0.07186620058186316,low,1e-08,0.2521567888151896
2026-04-20,0.10392959586087486,0.19185430367042403,0.1496525297117485,0.1319154976042221,0.17286865956971093,0.12220577227305325,0.08289417119892413,0.12384783629260779,0.08003884781398524,medium,1e-08,0.24591302219995223
2026-04-21,0.16075632861647454,0.03174373829876153,0.1410269153861185,0.1319154976042221,0.16778265389787378,0.12220577227305325,0.08289417119892413,0.12384783629260779,0.08003884781398524,high,1e-08,0.22999540689897902
2026-04-22,0.061604582868778575,0.10392959586087486,0.1439727973608112,0.11799449344813633,0.16465126621384107,0.1118095289259072,0.0846577407924902,0.11327143310399293,0.05647207349348532,medium,1e-08,0.2190355533076682
2026-04-23,0.12301629142538535,0.16075632861647454,0.1409356583497947,0.11799449344813633,0.16442017190505176,0.1118095289259072,0.0846577407924902,0.11327143310399293,0.05647207349348532,medium,1e-08,0.21535008773214445
2026-04-24,0.02734870515716411,0.061604582868778575,0.1361593831119671,0.11917428391669523,0.16012389213154837,0.10713588735870261,0.08154971200497863,0.10839663748660831,0.06618182560295811,low,1e-08,0.1915774680231659
2026-04-27,0.07724454136239474,0.12301629142538535,0.13932883554954667,0.11917428391669523,0.15814316823321112,0.10713588735870261,0.08154971200497863,0.10839663748660831,0.06618182560295811,medium,1e-08,0.23129853910922385
2026-04-28,0.0024532638123009065,0.02734870515716411,0.13655083097724685,0.11322282859692946,0.15347176632766646,0.10021162170300887,0.0765709143135809,0.1012147036854312,0.05408294323881985,low,1e-08,0.21068179979240811
2026-04-29,0.15794543886077797,0.07724454136239474,0.12717563855634773,0.11322282859692946,0.1499945706562975,0.10021162170300887,0.0765709143135809,0.1012147036854312,0.05408294323881985,high,1e-08,0.21898354536436354
2026-04-30,0.04395831925139753,0.0024532638123009065,0.11498304786018894,0.09332516493729431,0.14542637334054978,0.09214931395966282,0.07594439898045303,0.09280605831479835,0.06136623560436458,low,1e-08,0.22548843540915048
2026-05-01,0.0581543493848828,0.15794543886077797,0.11974984872191362,0.09332516493729431,0.1462077493111131,0.09214931395966282,0.07594439898045303,0.09280605831479835,0.06136623560436458,medium,1e-08,0.2304040496880578
2026-05-04,0.12734825293693278,0.04395831925139753,0.10077345345302297,0.08429206181363211,0.1421620330151074,0.09144545619786597,0.07211178792312867,0.09184385373101514,0.06471035310139257,high,1e-08,0.22710731591134134
2026-05-05,0.22064676080830908,0.0581543493848828,0.09798020094367675,0.08429206181363211,0.13856535178128734,0.09144545619786597,0.07211178792312867,0.09184385373101514,0.06471035310139257,high,1e-08,0.2546597518630315
2026-05-06,0.048672910439147836,0.12734825293693278,0.1031190038775276,0.08871820835386546,0.13791805524651563,0.08965521005370193,0.0710540229569293,0.0897015025293687,0.08980623397863415,medium,1e-08,0.34462319180376166
2026-05-07,0.1310610958036892,0.22064676080830908,0.10973769383727922,0.08871820835386546,0.14422623252555006,0.08965521005370193,0.0710540229569293,0.0897015025293687,0.08980623397863415,high,1e-08,0.19477212457736862
2026-05-08,0.03615555045104932,0.048672910439147836,0.11163255522746365,0.10087454999016775,0.14033986216410585,0.09581635547003116,0.0700818256336262,0.09584659101975093,0.06805538058150899,low,1e-08,0.25216761820080985
2026-05-11,0.02404892681140848,0.1310610958036892,0.09921184842492589,0.10087454999016775,0.13980050410317427,0.09581635547003116,0.0700818256336262,0.09584659101975093,0.06805538058150899,low,1e-08,0.22934007316899777
2026-05-12,0.0888154591711107,0.03615555045104932,0.09669248784645772,0.09305644809585063,0.13583064278857201,0.09204304708739056,0.06737915006941705,0.09189309278636237,0.08176358449013878,medium,1e-08,0.23809689470441553
2026-05-13,0.12531743323711855,0.02404892681140848,0.09730810088406541,0.09305644809585063,0.13182437848130396,0.09204304708739056,0.06737915006941705,0.09189309278636237,0.08176358449013878,high,1e-08,0.24582238888039296
2026-05-14,0.19096004124860028,0.0888154591711107,0.09429371241451769,0.07282570435900135,0.1296468198743404,0.08672129696989947,0.06549057939644438,0.08627888673058053,0.08366430172503894,high,1e-08,0.22341313910292676
2026-05-15,0.011166694302085205,0.12531743323711855,0.09119773277281883,0.07282570435900135,0.12939114178994737,0.08672129696989947,0.06549057939644438,0.08627888673058053,0.08366430172503894,low,1e-08,0.23889049921529515
2026-05-18,0.10573786466032008,0.19096004124860028,0.09418384100728096,0.08341922401619495,0.1338860999525489,0.09534522804868828,0.08768771352819751,0.09494366070214662,0.1061407798507637,medium,1e-08,0.2636254053930651
2026-05-19,0.16269828463047312,0.011166694302085205,0.09291829926268493,0.08341922401619495,0.12983620526868403,0.09534522804868828,0.08768771352819751,0.09494366070214662,0.1061407798507637,high,1e-08,0.28013680733380936
2026-05-20,0.03148069003725888,0.10573786466032008,0.08900391567131657,0.08441841682089068,0.12851779467464025,0.09029159890579122,0.08764992966215736,0.08979693191392585,0.07854845941502397,low,1e-08,0.2332144019904417
2026-05-21,0.062411490748225315,0.16269828463047312,0.09495639505003073,0.08441841682089068,0.1308207095396326,0.09029159890579122,0.08764992966215736,0.08979693191392585,0.07854845941502397,medium,1e-08,0.22128351060773754
2026-05-22,0.10538464429954172,0.03148069003725888,0.09166326296713909,0.08781501073082032,0.1270695738266996,0.09023457885695384,0.08179124892769682,0.08978150036812943,0.08414099918145558,medium,1e-08,0.24189311084172924
2026-05-26,0.002749521657677475,0.062411490748225315,0.08719304306403686,0.08781501073082032,0.12414341564333595,0.09023457885695384,0.08179124892769682,0.08978150036812943,0.08414099918145558,low,1e-08,0.2683850562949539
2026-05-27,0.08757258784786842,0.10538464429954172,0.08918304585634428,0.0792212752736548,0.12309852876450991,0.0873566920449428,0.07708293574989439,0.08679591746045201,0.07782882740768088,medium,1e-08,0.21817997831083105
2026-05-28,0.03954963327142988,0.002749521657677475,0.08371637450326665,0.0792212752736548,0.11935035194379791,0.0873566920449428,0.07708293574989439,0.08679591746045201,0.07782882740768088,low,1e-08,0.2612562025286921
2026-05-29,0.04322843735847586,0.08757258784786842,0.08645382371648047,0.06701543085703857,0.11768591082667575,0.08302124637607716,0.07314426211594303,0.0823044232762538,0.07148825466165747,low,1e-08,0.19587974646804948
2026-06-01,0.02155615873849487,0.03954963327142988,0.0847404188032548,0.06701543085703857,0.11451124661007013,0.08302124637607716,0.07314426211594303,0.0823044232762538,0.07148825466165747,low,1e-08,0.23510418033016617
2026-06-02,0.1113938115049727,0.04322843735847586,0.08659383578262637,0.06655222887390462,0.11152657948654257,0.07805595258910139,0.06991088983142159,0.07705742973612809,0.07451033435832863,medium,1e-08,0.23668301394854274
2026-06-03,0.05998479177295732,0.02155615873849487,0.08039432304979534,0.06655222887390462,0.10825787423935296,0.07805595258910139,0.06991088983142159,0.07705742973612809,0.07451033435832863,medium,1e-08,0.2369042524792683
2026-06-04,0.4097115175265578,0.1113938115049727,0.08345957269768511,0.06536683347831855,0.10844858767743577,0.07751792855860928,0.07544703783472897,0.07632222056522768,0.08235154105593914,high,1e-08,0.2400498141416518
2026-06-05,0.035943539126531546,0.05998479177295732,0.08354277462441578,0.06536683347831855,0.10616647735382082,0.07751792855860928,0.07544703783472897,0.07632222056522768,0.08235154105593914,low,1e-08,0.2471070017075195
2026-06-08,0.046599675526130535,0.4097115175265578,0.09637746846939872,0.11586127918710667,0.14375970685324554,0.11909279413880766,0.14511702547895816,0.11874823555757755,0.13140412222635064,medium,1e-08,0.34075392481094946
2026-06-09,0.2502702760331515,0.035943539126531546,0.08798186748386339,0.11586127918710667,0.13965800512665094,0.11909279413880766,0.14511702547895816,0.11874823555757755,0.13140412222635064,high,0.0030016834215682154,0.2519060338855233
2026-06-10,0.269816460942631,0.046599675526130535,0.0878876295332717,0.11664255134324893,0.1358837322042148,0.10768457271331104,0.13111867515698167,0.10737559438637755,0.20560969177063418,high,0.07316116373117515,0.3478951591326357
2026-06-11,0.08585329988612155,0.2502702760331515,0.0933062286346109,0.11664255134324893,0.14530876787387795,0.10768457271331104,0.13111867515698167,0.10737559438637755,0.20560969177063418,medium,0.08244346135052004,0.3667362244493214
